compound,score,supporting_contexts,contexts,supporting_signatures,signatures,consistency,permutation_p,permutation_fdr,naive_overlap,interpretation,rank
vemurafenib,-0.09869224159703839,1,1,1,1,1.0,0.009900990099009901,0.10770671661760771,8.0,Computational reversal candidate for further investigation.,1
MLN-8054,-0.08029694809325538,1,1,1,1,1.0,0.009900990099009901,0.10770671661760771,6.0,Computational reversal candidate for further investigation.,2
selumetinib,-0.06864965617505027,12,13,12,13,0.9230769230769231,0.009900990099009901,0.10770671661760771,7.3076923076923075,Computational reversal candidate for further investigation.,3
PF-431396,-0.06325980775114481,1,1,1,1,1.0,0.009900990099009901,0.10770671661760771,6.0,Computational reversal candidate for further investigation.,4
ponatinib,-0.06241135944331321,1,1,1,1,1.0,0.009900990099009901,0.10770671661760771,7.0,Computational reversal candidate for further investigation.,5
PLX-4720,-0.05992784936011687,4,4,4,4,1.0,0.009900990099009901,0.10770671661760771,6.5,Computational reversal candidate for further investigation.,6
CP-724714,-0.0584234396354842,2,2,2,2,1.0,0.009900990099009901,0.10770671661760771,5.5,Computational reversal candidate for further investigation.,7
RAF 265,-0.057989072230665566,1,1,1,1,1.0,0.009900990099009901,0.10770671661760771,6.0,Computational reversal candidate for further investigation.,8
mocetinostat,-0.05732305424704702,5,5,5,5,1.0,0.009900990099009901,0.10770671661760771,5.8,Computational reversal candidate for further investigation.,9
gefitinib,-0.05655795005794046,4,4,4,4,1.0,0.009900990099009901,0.10770671661760771,5.75,Computational reversal candidate for further investigation.,10
AZD-8330,-0.056430541565950745,14,14,14,14,1.0,0.009900990099009901,0.10770671661760771,5.928571428571429,Computational reversal candidate for further investigation.,11
NU-7441,-0.05550659906917404,2,2,2,2,1.0,0.009900990099009901,0.10770671661760771,6.0,Computational reversal candidate for further investigation.,12
XMD16-144,-0.055354728913061396,3,3,3,3,1.0,0.009900990099009901,0.10770671661760771,6.0,Computational reversal candidate for further investigation.,13
regorafenib,-0.05534654545282866,1,1,1,1,1.0,0.009900990099009901,0.10770671661760771,6.0,Computational reversal candidate for further investigation.,14
JNK-9L,-0.05530482472096056,2,2,2,2,1.0,0.009900990099009901,0.10770671661760771,8.0,Computational reversal candidate for further investigation.,15
palbociclib,-0.054822142991324166,2,2,2,2,1.0,0.009900990099009901,0.10770671661760771,5.0,Computational reversal candidate for further investigation.,16
lapatinib,-0.05472521567394094,3,3,3,3,1.0,0.009900990099009901,0.10770671661760771,5.0,Computational reversal candidate for further investigation.,17
SB590885,-0.054547414276496814,3,3,3,3,1.0,0.009900990099009901,0.10770671661760771,5.666666666666667,Computational reversal candidate for further investigation.,18
PD-184352,-0.05425555221105457,8,8,8,8,1.0,0.009900990099009901,0.10770671661760771,5.625,Computational reversal candidate for further investigation.,19
GDC-0879,-0.05368415300768361,1,1,1,1,1.0,0.009900990099009901,0.10770671661760771,7.0,Computational reversal candidate for further investigation.,20
PHA-665752,-0.05343641712935556,1,1,1,1,1.0,0.009900990099009901,0.10770671661760771,6.0,Computational reversal candidate for further investigation.,21
WZ-3105,-0.05242141155993986,4,4,4,4,1.0,0.009900990099009901,0.10770671661760771,6.5,Computational reversal candidate for further investigation.,22
AS-605240,-0.05191661317016185,11,12,11,12,0.9166666666666666,0.009900990099009901,0.10770671661760771,5.416666666666667,Computational reversal candidate for further investigation.,23
linifanib,-0.05053882735446947,5,5,5,5,1.0,0.009900990099009901,0.10770671661760771,6.2,Computational reversal candidate for further investigation.,24
PI-103,-0.04992297166392648,11,11,11,11,1.0,0.009900990099009901,0.10770671661760771,6.090909090909091,Computational reversal candidate for further investigation.,25
trametinib,-0.048658188216321785,15,16,15,16,0.9375,0.009900990099009901,0.10770671661760771,5.375,Computational reversal candidate for further investigation.,26
TG-101348,-0.0485848849259017,2,2,2,2,1.0,0.009900990099009901,0.10770671661760771,5.5,Computational reversal candidate for further investigation.,27
ag 592,-0.048137077359029515,1,1,1,1,1.0,0.009900990099009901,0.10770671661760771,5.0,Computational reversal candidate for further investigation.,28
BMS-345541,-0.047434361939491416,3,3,3,3,1.0,0.009900990099009901,0.10770671661760771,6.333333333333333,Computational reversal candidate for further investigation.,29
XMD11-85H,-0.046605309445111584,1,1,1,1,1.0,0.009900990099009901,0.10770671661760771,5.0,Computational reversal candidate for further investigation.,30
KIN001-127,-0.0464674704218065,1,1,1,1,1.0,0.009900990099009901,0.10770671661760771,5.0,Computational reversal candidate for further investigation.,31
NVP-BEZ235,-0.04527454364420899,13,14,13,14,0.9285714285714286,0.009900990099009901,0.10770671661760771,5.714285714285714,Computational reversal candidate for further investigation.,32
GW-5074,-0.04504048332292192,1,1,1,1,1.0,0.009900990099009901,0.10770671661760771,5.0,Computational reversal candidate for further investigation.,33
WZ-4-145,-0.04474500632085563,3,3,3,3,1.0,0.009900990099009901,0.10770671661760771,6.666666666666667,Computational reversal candidate for further investigation.,34
pha 665752,-0.04423348980339024,1,1,1,1,1.0,0.009900990099009901,0.10770671661760771,6.0,Computational reversal candidate for further investigation.,35
HG-5-113-01,-0.0440670897378994,3,3,3,3,1.0,0.009900990099009901,0.10770671661760771,5.666666666666667,Computational reversal candidate for further investigation.,36
imatinib,-0.043743870599310085,1,1,1,1,1.0,0.009900990099009901,0.10770671661760771,5.0,Computational reversal candidate for further investigation.,37
EX-527,-0.043686533433490854,1,1,1,1,1.0,0.009900990099009901,0.10770671661760771,6.0,Computational reversal candidate for further investigation.,38
e3380,-0.04357162635774517,1,1,1,1,1.0,0.009900990099009901,0.10770671661760771,6.0,Computational reversal candidate for further investigation.,39
Y-39983,-0.04338571176122656,1,1,1,1,1.0,0.009900990099009901,0.10770671661760771,5.0,Computational reversal candidate for further investigation.,40
BMS-387032,-0.04303592764634116,11,13,11,13,0.8461538461538461,0.009900990099009901,0.10770671661760771,5.6923076923076925,Computational reversal candidate for further investigation.,41
TGX-221,-0.04228972175804529,1,1,1,1,1.0,0.0297029702970297,0.20792079207920788,6.0,Computational reversal candidate for further investigation.,42
GSK-2126458,-0.04228847860072014,18,19,18,19,0.9473684210526315,0.009900990099009901,0.10770671661760771,6.052631578947368,Computational reversal candidate for further investigation.,43
GDC-0980,-0.04097626059073327,9,9,9,9,1.0,0.009900990099009901,0.10770671661760771,5.888888888888889,Computational reversal candidate for further investigation.,44
(+)-JQ1,-0.04037925794787909,2,2,2,2,1.0,0.009900990099009901,0.10770671661760771,6.0,Computational reversal candidate for further investigation.,45
GSK-690693,-0.0403632081938782,2,2,2,2,1.0,0.009900990099009901,0.10770671661760771,5.5,Computational reversal candidate for further investigation.,46
betamethasone,-0.0399162164996056,1,1,1,1,1.0,0.009900990099009901,0.10770671661760771,5.0,Computational reversal candidate for further investigation.,47
JWE-035,-0.039883739605996775,1,1,1,1,1.0,0.009900990099009901,0.10770671661760771,5.0,Computational reversal candidate for further investigation.,48
PD-0325901,-0.03856934029440928,23,24,49,51,0.9583333333333334,0.009900990099009901,0.10770671661760771,5.882352941176471,Computational reversal candidate for further investigation.,49
irinotecan hydrochloride trihydrate,-0.03788254461447653,1,1,1,1,1.0,0.04950495049504951,0.2729553777295538,9.0,Computational reversal candidate for further investigation.,50
dasatinib,-0.03782957912493372,11,12,12,13,0.9166666666666666,0.009900990099009901,0.10770671661760771,5.384615384615385,Computational reversal candidate for further investigation.,51
pracinostat,-0.03778604849957023,5,6,5,6,0.8333333333333334,0.009900990099009901,0.10770671661760771,6.333333333333333,Computational reversal candidate for further investigation.,52
stk397047,-0.03752121468278384,1,1,1,1,1.0,0.019801980198019802,0.16604785478547854,6.0,Computational reversal candidate for further investigation.,53
a8674,-0.037354128346164986,1,1,1,1,1.0,0.0297029702970297,0.20792079207920788,5.0,Computational reversal candidate for further investigation.,54
BI-2536,-0.03702392950549266,8,9,8,9,0.8888888888888888,0.009900990099009901,0.10770671661760771,6.444444444444445,Computational reversal candidate for further investigation.,55
WYE-125132,-0.03682621210538457,8,8,8,8,1.0,0.009900990099009901,0.10770671661760771,5.375,Computational reversal candidate for further investigation.,56
canertinib,-0.036808466254866175,7,7,7,7,1.0,0.019801980198019802,0.16604785478547854,5.428571428571429,Computational reversal candidate for further investigation.,57
foretinib,-0.03599200978624249,1,1,1,1,1.0,0.039603960396039604,0.24714099316908436,5.0,Computational reversal candidate for further investigation.,58
dinaciclib,-0.0358355091857016,5,5,5,5,1.0,0.019801980198019802,0.16604785478547854,5.8,Computational reversal candidate for further investigation.,59
bisacodyl,-0.03575681107010151,1,1,1,1,1.0,0.04950495049504951,0.2729553777295538,6.0,Computational reversal candidate for further investigation.,60
BRD-K73261812,-0.03570768119398099,1,1,1,1,1.0,0.019801980198019802,0.16604785478547854,6.0,Computational reversal candidate for further investigation.,61
s1014,-0.035066305248572884,1,1,1,1,1.0,0.019801980198019802,0.16604785478547854,5.0,Computational reversal candidate for further investigation.,62
tanespimycin,-0.03506554015673357,2,2,3,3,1.0,0.009900990099009901,0.10770671661760771,7.0,Computational reversal candidate for further investigation.,63
dovitinib,-0.03464817675062679,1,1,1,1,1.0,0.0594059405940594,0.30076592564916865,5.0,Computational reversal candidate for further investigation.,64
BRD-K74797618,-0.03373255474719877,1,1,1,1,1.0,0.0297029702970297,0.20792079207920788,6.0,Computational reversal candidate for further investigation.,65
prima-1 met,-0.03367654605779075,1,1,1,1,1.0,0.009900990099009901,0.10770671661760771,5.0,Computational reversal candidate for further investigation.,66
BRD-K28100108,-0.033626291783916754,1,1,1,1,1.0,0.009900990099009901,0.10770671661760771,5.0,Computational reversal candidate for further investigation.,67
HG-9-91-01,-0.03335131897744634,1,1,1,1,1.0,0.009900990099009901,0.10770671661760771,5.0,Computational reversal candidate for further investigation.,68
BRD-K13810148,-0.03287831322525883,1,1,1,1,1.0,0.009900990099009901,0.10770671661760771,6.0,Computational reversal candidate for further investigation.,69
cyclopiazonic acid,-0.03255407285345526,1,1,1,1,1.0,0.1188118811881188,0.43873194658915426,5.0,Computational reversal candidate for further investigation.,70
BRD-A57107094,-0.032502024600163715,1,1,1,1,1.0,0.04950495049504951,0.2729553777295538,5.0,Computational reversal candidate for further investigation.,71
ncgc00182357-01,-0.03210519420983554,1,1,1,1,1.0,0.0297029702970297,0.20792079207920788,5.0,Computational reversal candidate for further investigation.,72
XMD-892,-0.03208011700829656,2,2,2,2,1.0,0.009900990099009901,0.10770671661760771,6.0,Computational reversal candidate for further investigation.,73
BRD-K03122949,-0.031464440922745765,1,1,1,1,1.0,0.009900990099009901,0.10770671661760771,6.0,Computational reversal candidate for further investigation.,74
ei-155,-0.031172639494113058,1,1,1,1,1.0,0.04950495049504951,0.2729553777295538,5.0,Computational reversal candidate for further investigation.,75
XMD-1150,-0.031105777716167262,4,4,4,4,1.0,0.009900990099009901,0.10770671661760771,5.5,Computational reversal candidate for further investigation.,76
LDN-193189,-0.031009043683628855,6,6,6,6,1.0,0.019801980198019802,0.16604785478547854,6.666666666666667,Computational reversal candidate for further investigation.,77
torin-2,-0.030433814010330552,14,16,14,16,0.875,0.009900990099009901,0.10770671661760771,5.6875,Computational reversal candidate for further investigation.,78
chelerythrine chloride,-0.030370181068884283,2,2,2,2,1.0,0.009900990099009901,0.10770671661760771,6.5,Computational reversal candidate for further investigation.,79
AZD-7762,-0.030361429357733404,6,7,6,7,0.8571428571428571,0.019801980198019802,0.16604785478547854,5.142857142857143,Computational reversal candidate for further investigation.,80
hy-13001,-0.030120714597096473,1,1,1,1,1.0,0.039603960396039604,0.24714099316908436,5.0,Computational reversal candidate for further investigation.,81
BRD-K39944607,-0.02989218525148508,2,2,2,2,1.0,0.009900990099009901,0.10770671661760771,5.0,Computational reversal candidate for further investigation.,82
puromycin hydrochloride,-0.029661603020193654,4,4,4,4,1.0,0.019801980198019802,0.16604785478547854,6.5,Computational reversal candidate for further investigation.,83
s1040,-0.02965607827966247,1,1,1,1,1.0,0.009900990099009901,0.10770671661760771,5.0,Computational reversal candidate for further investigation.,84
erlotinib,-0.029625537888869756,2,3,2,3,0.6666666666666666,0.039603960396039604,0.24714099316908436,6.333333333333333,Computational reversal candidate for further investigation.,85
TPCA-1,-0.029291910368467435,1,1,1,1,1.0,0.009900990099009901,0.10770671661760771,5.0,Computational reversal candidate for further investigation.,86
cyclosporin a,-0.029244573107917213,1,1,1,1,1.0,0.07920792079207921,0.34466149317634465,5.0,Computational reversal candidate for further investigation.,87
cgp 71683 hydrochloride,-0.029071245748622826,2,2,2,2,1.0,0.06930693069306931,0.32437255353442324,8.0,Computational reversal candidate for further investigation.,88
BIX-01294,-0.02906855223493584,1,1,1,1,1.0,0.04950495049504951,0.2729553777295538,8.0,Computational reversal candidate for further investigation.,89
PIK-93,-0.02849776278471907,2,2,2,2,1.0,0.039603960396039604,0.24714099316908436,6.0,Computational reversal candidate for further investigation.,90
BX-912,-0.02849432417674854,1,1,1,1,1.0,0.039603960396039604,0.24714099316908436,5.0,Computational reversal candidate for further investigation.,91
pkc-412,-0.02837383481636787,1,1,1,1,1.0,0.019801980198019802,0.16604785478547854,5.0,Computational reversal candidate for further investigation.,92
spb02303,-0.028197448661217338,1,1,1,1,1.0,0.04950495049504951,0.2729553777295538,5.0,Computational reversal candidate for further investigation.,93
BRD-K03857568,-0.02782075640985973,1,1,1,1,1.0,0.06930693069306931,0.32437255353442324,5.0,Computational reversal candidate for further investigation.,94
NVP-AUY922,-0.027818255986302515,12,14,12,14,0.8571428571428571,0.009900990099009901,0.10770671661760771,5.714285714285714,Computational reversal candidate for further investigation.,95
BRD-K19166598,-0.02756482690902729,1,1,1,1,1.0,0.10891089108910891,0.4174917491749175,7.0,Computational reversal candidate for further investigation.,96
BRD-K19724398,-0.027470050323367638,2,2,2,2,1.0,0.019801980198019802,0.16604785478547854,7.5,Computational reversal candidate for further investigation.,97
PF-562271,-0.02743518642134903,4,7,4,7,0.5714285714285714,0.009900990099009901,0.10770671661760771,5.142857142857143,Computational reversal candidate for further investigation.,98
BRD-K79222491,-0.027283373102185718,1,1,1,1,1.0,0.09900990099009901,0.3907008347893613,7.0,Computational reversal candidate for further investigation.,99
s1030,-0.026985653440197682,3,3,3,3,1.0,0.0297029702970297,0.20792079207920788,6.333333333333333,Computational reversal candidate for further investigation.,100
entinostat,-0.02681206330437985,2,4,2,4,0.5,0.019801980198019802,0.16604785478547854,5.75,Computational reversal candidate for further investigation.,101
quinacrine dihydrochloride dihydrate,-0.026717128105993942,3,5,3,6,0.6,0.009900990099009901,0.10770671661760771,6.333333333333333,Computational reversal candidate for further investigation.,102
GDC-0941,-0.02659807845807361,4,5,4,5,0.8,0.019801980198019802,0.16604785478547854,5.4,Computational reversal candidate for further investigation.,103
BRD-A31107743,-0.02655757815229469,3,3,3,3,1.0,0.06930693069306931,0.32437255353442324,5.333333333333333,Computational reversal candidate for further investigation.,104
BRD-K56411643,-0.02642347604647137,2,2,2,2,1.0,0.0297029702970297,0.20792079207920788,5.0,Computational reversal candidate for further investigation.,105
ncgc00167098-01,-0.026278724805369462,1,1,1,1,1.0,0.0297029702970297,0.20792079207920788,5.0,Computational reversal candidate for further investigation.,106
vu0418934-2,-0.026191484597167185,1,1,1,1,1.0,0.039603960396039604,0.24714099316908436,5.0,Computational reversal candidate for further investigation.,107
PFI-1,-0.025960039317306616,3,3,3,3,1.0,0.019801980198019802,0.16604785478547854,5.0,Computational reversal candidate for further investigation.,108
I-BET151,-0.025913293588615386,7,8,7,8,0.875,0.009900990099009901,0.10770671661760771,5.625,Computational reversal candidate for further investigation.,109
stock1s-53863,-0.025493505257086983,1,1,1,1,1.0,0.06930693069306931,0.32437255353442324,6.0,Computational reversal candidate for further investigation.,110
brefeldin a,-0.025388358337658,6,7,6,7,0.8571428571428571,0.0297029702970297,0.20792079207920788,6.0,Computational reversal candidate for further investigation.,111
BRD-K17140735,-0.02529465720860405,3,3,3,3,1.0,0.0594059405940594,0.30076592564916865,6.666666666666667,Computational reversal candidate for further investigation.,112
sarmentogenin,-0.025258088749958784,1,1,1,1,1.0,0.12871287128712872,0.45049504950495056,5.0,Computational reversal candidate for further investigation.,113
pelitinib,-0.025193073891949885,3,4,3,4,0.75,0.0594059405940594,0.30076592564916865,5.25,Computational reversal candidate for further investigation.,114
domperidone,-0.02506469036731188,1,1,1,1,1.0,0.04950495049504951,0.2729553777295538,5.0,Computational reversal candidate for further investigation.,115
menadione,-0.02488871451676135,1,1,1,1,1.0,0.07920792079207921,0.34466149317634465,5.0,Computational reversal candidate for further investigation.,116
NVP-TAE684,-0.024857344858030317,3,4,3,4,0.75,0.0297029702970297,0.20792079207920788,5.25,Computational reversal candidate for further investigation.,117
pac 1,-0.024849625408559926,2,2,2,2,1.0,0.0594059405940594,0.30076592564916865,6.0,Computational reversal candidate for further investigation.,118
BRD-K82837433,-0.024780055148006942,1,1,1,1,1.0,0.0594059405940594,0.30076592564916865,5.0,Computational reversal candidate for further investigation.,119
ncgc00241357-01,-0.024495779018342764,1,1,1,1,1.0,0.0891089108910891,0.3755637343839096,5.0,Computational reversal candidate for further investigation.,120
BRD-K74486276,-0.02423031198482048,2,2,2,2,1.0,0.019801980198019802,0.16604785478547854,5.0,Computational reversal candidate for further investigation.,121
daunorubicin,-0.024155734360942607,1,1,1,1,1.0,0.12871287128712872,0.45049504950495056,5.0,Computational reversal candidate for further investigation.,122
ZSTK-474,-0.02414179229003826,4,4,4,4,1.0,0.019801980198019802,0.16604785478547854,5.5,Computational reversal candidate for further investigation.,123
BRD-U82589721,-0.02411587161232702,1,1,1,1,1.0,0.0594059405940594,0.30076592564916865,5.0,Computational reversal candidate for further investigation.,124
chlorambucil,-0.024087518992009577,1,1,1,1,1.0,0.09900990099009901,0.3907008347893613,7.0,Computational reversal candidate for further investigation.,125
BRD-U86922168,-0.024087382171986464,1,1,1,1,1.0,0.09900990099009901,0.3907008347893613,6.0,Computational reversal candidate for further investigation.,126
ei-232,-0.023881553654817665,2,2,2,2,1.0,0.019801980198019802,0.16604785478547854,5.5,Computational reversal candidate for further investigation.,127
BRD-K07877311,-0.023818544379276774,2,2,2,2,1.0,0.039603960396039604,0.24714099316908436,6.0,Computational reversal candidate for further investigation.,128
mitoxantrone,-0.023682100170044653,24,26,30,32,0.9230769230769231,0.009900990099009901,0.10770671661760771,6.0,Computational reversal candidate for further investigation.,129
ku 0060648 trihydrochloride,-0.023669425279978985,8,9,8,9,0.8888888888888888,0.009900990099009901,0.10770671661760771,6.222222222222222,Computational reversal candidate for further investigation.,130
BRD-K64606589,-0.023647788161489377,2,2,2,2,1.0,0.07920792079207921,0.34466149317634465,5.5,Computational reversal candidate for further investigation.,131
BRD-K75081836,-0.023632189057766567,2,3,2,3,0.6666666666666666,0.019801980198019802,0.16604785478547854,5.333333333333333,Computational reversal candidate for further investigation.,132
A443654,-0.023520695974171217,8,10,8,10,0.8,0.039603960396039604,0.24714099316908436,5.8,Computational reversal candidate for further investigation.,133
ursolic acid,-0.023488603061877153,2,2,2,2,1.0,0.06930693069306931,0.32437255353442324,7.5,Computational reversal candidate for further investigation.,134
ncgc00241071-01,-0.023449097394290783,1,1,1,1,1.0,0.019801980198019802,0.16604785478547854,5.0,Computational reversal candidate for further investigation.,135
BRD-K64517075,-0.02341548008520312,2,2,2,2,1.0,0.04950495049504951,0.2729553777295538,6.0,Computational reversal candidate for further investigation.,136
cc-100,-0.02339638497641206,1,1,1,1,1.0,0.06930693069306931,0.32437255353442324,6.0,Computational reversal candidate for further investigation.,137
BRD-K36055864 (cycloheximide),-0.02331013683032817,1,1,1,1,1.0,0.09900990099009901,0.3907008347893613,5.0,Computational reversal candidate for further investigation.,138
suloctidil,-0.023210407516479868,2,2,2,2,1.0,0.0297029702970297,0.20792079207920788,5.5,Computational reversal candidate for further investigation.,139
TWS-119,-0.023084271751757,1,2,1,2,0.5,0.009900990099009901,0.10770671661760771,5.5,Computational reversal candidate for further investigation.,140
BRD-K38615104,-0.022902989465109172,2,2,2,2,1.0,0.0297029702970297,0.20792079207920788,6.5,Computational reversal candidate for further investigation.,141
benzethonium chloride,-0.022838489644761775,1,1,1,1,1.0,0.06930693069306931,0.32437255353442324,5.0,Computational reversal candidate for further investigation.,142
MK-1775,-0.022744622448839038,2,3,2,3,0.6666666666666666,0.0297029702970297,0.20792079207920788,5.666666666666667,Computational reversal candidate for further investigation.,143
norethynodrel,-0.022280565326794077,1,1,1,1,1.0,0.06930693069306931,0.32437255353442324,6.0,Computational reversal candidate for further investigation.,144
BRD-K82580504,-0.022097922345705148,1,1,1,1,1.0,0.019801980198019802,0.16604785478547854,5.0,Computational reversal candidate for further investigation.,145
BRD-K18724229,-0.021845175454316617,2,2,2,2,1.0,0.07920792079207921,0.34466149317634465,6.0,Computational reversal candidate for further investigation.,146
h7270,-0.021718199418173448,2,2,2,2,1.0,0.07920792079207921,0.34466149317634465,5.5,Computational reversal candidate for further investigation.,147
dichlorobenzamil,-0.02169757478009239,1,1,1,1,1.0,0.1188118811881188,0.43873194658915426,6.0,Computational reversal candidate for further investigation.,148
s1018,-0.02156364899804148,1,1,1,1,1.0,0.04950495049504951,0.2729553777295538,5.0,Computational reversal candidate for further investigation.,149
ncgc00183412-01,-0.021400021326374023,1,1,1,1,1.0,0.0297029702970297,0.20792079207920788,5.0,Computational reversal candidate for further investigation.,150
ncgc00182371-01,-0.021269918351665924,1,1,1,1,1.0,0.18811881188118812,0.5567486895748398,5.0,Computational reversal candidate for further investigation.,151
methyl benzethonium chloride,-0.021190850521057347,1,1,1,1,1.0,0.09900990099009901,0.3907008347893613,6.0,Computational reversal candidate for further investigation.,152
mycophenolic acid,-0.021135463358234585,1,1,1,1,1.0,0.04950495049504951,0.2729553777295538,5.0,Computational reversal candidate for further investigation.,153
helveticoside,-0.021106267423813448,2,2,2,2,1.0,0.0297029702970297,0.20792079207920788,5.0,Computational reversal candidate for further investigation.,154
QL-X-138,-0.021091166277023066,10,10,10,10,1.0,0.0297029702970297,0.20792079207920788,6.6,Computational reversal candidate for further investigation.,155
bi 2536,-0.02105680368263009,2,2,2,2,1.0,0.09900990099009901,0.3907008347893613,5.0,Computational reversal candidate for further investigation.,156
torin-1,-0.020976430657484807,12,14,12,14,0.8571428571428571,0.0297029702970297,0.20792079207920788,5.571428571428571,Computational reversal candidate for further investigation.,157
arp 101,-0.020857427206087263,4,4,4,4,1.0,0.09900990099009901,0.3907008347893613,5.75,Computational reversal candidate for further investigation.,158
ncgc00183255-01,-0.02064345445401224,2,2,2,2,1.0,0.04950495049504951,0.2729553777295538,6.5,Computational reversal candidate for further investigation.,159
puromycin dihydrochloride,-0.02059029270777659,1,1,1,1,1.0,0.13861386138613863,0.4688410017472336,6.0,Computational reversal candidate for further investigation.,160
pimozide,-0.020514835862158964,1,1,1,1,1.0,0.15841584158415842,0.5100990099009901,7.0,Computational reversal candidate for further investigation.,161
KIN001-265,-0.020477910592376608,1,1,1,1,1.0,0.06930693069306931,0.32437255353442324,5.0,Computational reversal candidate for further investigation.,162
sorafenib,-0.020464116841475047,1,1,1,1,1.0,0.12871287128712872,0.45049504950495056,6.0,Computational reversal candidate for further investigation.,163
gw 5074,-0.020289996769553564,1,1,1,1,1.0,0.0891089108910891,0.3755637343839096,5.0,Computational reversal candidate for further investigation.,164
AZD4547,-0.020282324366828867,2,2,2,2,1.0,0.04950495049504951,0.2729553777295538,5.5,Computational reversal candidate for further investigation.,165
AZD-8055,-0.02014444900251282,2,3,2,3,0.6666666666666666,0.04950495049504951,0.2729553777295538,6.0,Computational reversal candidate for further investigation.,166
radicicol,-0.02011732761138934,18,27,21,32,0.6666666666666666,0.009900990099009901,0.10770671661760771,5.78125,Computational reversal candidate for further investigation.,167
BRD-K10906552,-0.02008503750952355,1,1,1,1,1.0,0.0891089108910891,0.3755637343839096,5.0,Computational reversal candidate for further investigation.,168
BRD-K77877933,-0.020030724688196958,1,1,1,1,1.0,0.18811881188118812,0.5567486895748398,5.0,Computational reversal candidate for further investigation.,169
BRD-K16533489,-0.019905240266549537,1,1,1,1,1.0,0.1188118811881188,0.43873194658915426,5.0,Computational reversal candidate for further investigation.,170
fluprostenol,-0.01971917973336875,1,1,1,1,1.0,0.07920792079207921,0.34466149317634465,5.0,Computational reversal candidate for further investigation.,171
vu0418939-2,-0.019600296584208584,4,4,4,4,1.0,0.039603960396039604,0.24714099316908436,5.5,Computational reversal candidate for further investigation.,172
BRD-K47635719 (dexamethasone acetate),-0.019499110381682144,1,1,1,1,1.0,0.1188118811881188,0.43873194658915426,5.0,Computational reversal candidate for further investigation.,173
gtp 14564,-0.019454174072260445,1,1,1,1,1.0,0.04950495049504951,0.2729553777295538,5.0,Computational reversal candidate for further investigation.,174
tivantinib,-0.019379446850565592,1,1,1,1,1.0,0.039603960396039604,0.24714099316908436,6.0,Computational reversal candidate for further investigation.,175
GSK-1070916,-0.01934501029158152,1,1,1,1,1.0,0.09900990099009901,0.3907008347893613,5.0,Computational reversal candidate for further investigation.,176
alvocidib,-0.019101271876838972,8,12,8,12,0.6666666666666666,0.009900990099009901,0.10770671661760771,5.583333333333333,Computational reversal candidate for further investigation.,177
AT7867,-0.01904066453460168,1,1,1,1,1.0,0.04950495049504951,0.2729553777295538,5.0,Computational reversal candidate for further investigation.,178
OSI-027,-0.01897584767110863,4,4,4,4,1.0,0.0594059405940594,0.30076592564916865,5.25,Computational reversal candidate for further investigation.,179
sb 218078,-0.018953676242700127,2,2,2,2,1.0,0.0297029702970297,0.20792079207920788,6.5,Computational reversal candidate for further investigation.,180
BRD-A41250203,-0.018727639368817668,1,1,1,1,1.0,0.24752475247524752,0.6325632563256325,5.0,Computational reversal candidate for further investigation.,181
BRD-K12105018,-0.01867926097521864,1,1,1,1,1.0,0.07920792079207921,0.34466149317634465,5.0,Computational reversal candidate for further investigation.,182
INK-128,-0.018605420722468027,3,3,3,3,1.0,0.0297029702970297,0.20792079207920788,5.666666666666667,Computational reversal candidate for further investigation.,183
olaparib,-0.0185839245681725,1,1,1,1,1.0,0.22772277227722773,0.6070093764343322,5.0,Computational reversal candidate for further investigation.,184
ag 9,-0.018495538420589586,1,1,1,1,1.0,0.09900990099009901,0.3907008347893613,6.0,Computational reversal candidate for further investigation.,185
BRD-K07023879,-0.018110093086985093,1,1,1,1,1.0,0.1782178217821782,0.539343408025013,7.0,Computational reversal candidate for further investigation.,186
BRD-A62809825,-0.018091463814557486,4,5,4,5,0.8,0.06930693069306931,0.32437255353442324,6.2,Computational reversal candidate for further investigation.,187
BRD-K32896438,-0.018078597039597705,2,3,2,3,0.6666666666666666,0.06930693069306931,0.32437255353442324,6.0,Computational reversal candidate for further investigation.,188
digitoxin,-0.017918983355662867,1,2,1,2,0.5,0.2079207920792079,0.5791565315701119,7.5,Computational reversal candidate for further investigation.,189
methylstat,-0.01789701436502826,2,2,2,2,1.0,0.0594059405940594,0.30076592564916865,5.0,Computational reversal candidate for further investigation.,190
BRD-A43155244,-0.017839774506247692,1,1,1,1,1.0,0.21782178217821782,0.5903923725705904,5.0,Computational reversal candidate for further investigation.,191
BRD-K52075040,-0.01781256901012547,3,4,3,4,0.75,0.019801980198019802,0.16604785478547854,5.75,Computational reversal candidate for further investigation.,192
necrostatin-1,-0.017799400026360847,1,1,1,1,1.0,0.07920792079207921,0.34466149317634465,5.0,Computational reversal candidate for further investigation.,193
vinblastine sulfate,-0.017767142851226908,1,2,1,3,0.5,0.04950495049504951,0.2729553777295538,6.0,Computational reversal candidate for further investigation.,194
BRD-K61776140,-0.01757274285235515,2,2,2,2,1.0,0.0594059405940594,0.30076592564916865,6.5,Computational reversal candidate for further investigation.,195
trifluoperazine dihydrochloride,-0.017560577854343378,1,1,1,1,1.0,0.1188118811881188,0.43873194658915426,5.0,Computational reversal candidate for further investigation.,196
clobetasol propionate,-0.017553628231861945,1,1,1,1,1.0,0.1188118811881188,0.43873194658915426,5.0,Computational reversal candidate for further investigation.,197
CGP-60474,-0.017339944001364634,23,31,27,36,0.7419354838709677,0.019801980198019802,0.16604785478547854,5.75,Computational reversal candidate for further investigation.,198
PHA-793887,-0.017287843889022478,5,7,5,7,0.7142857142857143,0.019801980198019802,0.16604785478547854,6.142857142857143,Computational reversal candidate for further investigation.,199
vinorelbine,-0.01720735439590035,1,1,1,1,1.0,0.12871287128712872,0.45049504950495056,6.0,Computational reversal candidate for further investigation.,200
s1085,-0.017000140563610003,1,1,1,1,1.0,0.2079207920792079,0.5791565315701119,6.0,Computational reversal candidate for further investigation.,201
BRD-A94793051,-0.016989133204589724,1,1,1,1,1.0,0.0594059405940594,0.30076592564916865,5.0,Computational reversal candidate for further investigation.,202
azacitidine,-0.016921684944190545,3,4,3,4,0.75,0.039603960396039604,0.24714099316908436,6.25,Computational reversal candidate for further investigation.,203
saracatinib,-0.01690837699951319,3,3,3,3,1.0,0.06930693069306931,0.32437255353442324,5.666666666666667,Computational reversal candidate for further investigation.,204
BRD-K74761218,-0.016889958399919972,1,2,1,2,0.5,0.18811881188118812,0.5567486895748398,5.0,Computational reversal candidate for further investigation.,205
neratinib,-0.016835033011299943,5,5,5,5,1.0,0.13861386138613863,0.4688410017472336,5.2,Computational reversal candidate for further investigation.,206
BRD-K01834163,-0.01680768268932271,1,1,1,1,1.0,0.13861386138613863,0.4688410017472336,5.0,Computational reversal candidate for further investigation.,207
narciclasine,-0.016800468828042175,11,11,11,11,1.0,0.1782178217821782,0.539343408025013,6.090909090909091,Computational reversal candidate for further investigation.,208
BRD-A94377914,-0.016676731988659477,2,4,2,4,0.5,0.09900990099009901,0.3907008347893613,5.75,Computational reversal candidate for further investigation.,209
BRD-U88878891,-0.01650819343360677,1,1,1,1,1.0,0.1188118811881188,0.43873194658915426,5.0,Computational reversal candidate for further investigation.,210
sb 225002,-0.0163831498787788,1,1,1,1,1.0,0.0594059405940594,0.30076592564916865,6.0,Computational reversal candidate for further investigation.,211
BRD-K01614657,-0.01630640030949665,3,4,3,4,0.75,0.04950495049504951,0.2729553777295538,5.0,Computational reversal candidate for further investigation.,212
cam-9-026 brd-k91442916,-0.01616469521951738,1,1,1,1,1.0,0.0891089108910891,0.3755637343839096,6.0,Computational reversal candidate for further investigation.,213
akt inhibitor iv,-0.016152560307004446,5,7,5,7,0.7142857142857143,0.0891089108910891,0.3755637343839096,6.0,Computational reversal candidate for further investigation.,214
chaetocin,-0.016055438723711683,7,8,7,8,0.875,0.039603960396039604,0.24714099316908436,5.75,Computational reversal candidate for further investigation.,215
BRD-K87909389,-0.015964374893102592,2,3,2,3,0.6666666666666666,0.07920792079207921,0.34466149317634465,5.333333333333333,Computational reversal candidate for further investigation.,216
BRD-K05649647,-0.015802379051141676,3,4,3,4,0.75,0.12871287128712872,0.45049504950495056,5.25,Computational reversal candidate for further investigation.,217
BRD-K99582188,-0.015780057683381567,1,1,1,1,1.0,0.1485148514851485,0.4919936438088253,5.0,Computational reversal candidate for further investigation.,218
taxifolin-(+/-),-0.015743663779207,1,1,1,1,1.0,0.12871287128712872,0.45049504950495056,9.0,Computational reversal candidate for further investigation.,219
ntncb hydrochloride,-0.015577983476168955,1,1,1,1,1.0,0.18811881188118812,0.5567486895748398,5.0,Computational reversal candidate for further investigation.,220
pifithrin- ?,-0.015547697791567465,2,2,2,2,1.0,0.13861386138613863,0.4688410017472336,5.0,Computational reversal candidate for further investigation.,221
AZ-628,-0.015544955386858956,3,5,3,5,0.6,0.1782178217821782,0.539343408025013,6.6,Computational reversal candidate for further investigation.,222
paroxetine hydrochloride,-0.015441915236718534,1,1,1,1,1.0,0.2871287128712871,0.6758439001794916,7.0,Computational reversal candidate for further investigation.,223
cay10594,-0.01529693511501648,1,1,1,1,1.0,0.22772277227722773,0.6070093764343322,8.0,Computational reversal candidate for further investigation.,224
mitomycin c,-0.015285951264367556,3,4,3,4,0.75,0.039603960396039604,0.24714099316908436,5.25,Computational reversal candidate for further investigation.,225
periplocymarin,-0.015196383053715066,1,1,1,1,1.0,0.2079207920792079,0.5791565315701119,6.0,Computational reversal candidate for further investigation.,226
AZD-5438,-0.015092546314638198,5,9,5,9,0.5555555555555556,0.0297029702970297,0.20792079207920788,5.888888888888889,Computational reversal candidate for further investigation.,227
BRD-K23478508 (digoxin),-0.014781617011243007,3,4,3,4,0.75,0.10891089108910891,0.4174917491749175,5.25,Computational reversal candidate for further investigation.,228
ym-155,-0.014747751300067034,5,6,5,6,0.8333333333333334,0.09900990099009901,0.3907008347893613,5.333333333333333,Computational reversal candidate for further investigation.,229
BRD-K14939371,-0.014583070642393616,1,1,1,1,1.0,0.16831683168316833,0.5251746104843044,5.0,Computational reversal candidate for further investigation.,230
cucurbitacin i,-0.014522761400900145,2,2,2,2,1.0,0.10891089108910891,0.4174917491749175,6.5,Computational reversal candidate for further investigation.,231
hy-11066,-0.014284436831780108,2,2,2,2,1.0,0.06930693069306931,0.32437255353442324,6.0,Computational reversal candidate for further investigation.,232
DCC-2036,-0.014126529028510564,1,1,1,1,1.0,0.21782178217821782,0.5903923725705904,6.0,Computational reversal candidate for further investigation.,233
s1122,-0.014023396221692921,3,3,3,3,1.0,0.16831683168316833,0.5251746104843044,6.333333333333333,Computational reversal candidate for further investigation.,234
bl-010,-0.013982043897816099,1,1,1,1,1.0,0.15841584158415842,0.5100990099009901,5.0,Computational reversal candidate for further investigation.,235
st056792,-0.013975635993945764,2,3,2,3,0.6666666666666666,0.27722772277227725,0.6721937253966361,6.666666666666667,Computational reversal candidate for further investigation.,236
p0030,-0.013891144825567204,1,1,1,1,1.0,0.18811881188118812,0.5567486895748398,5.0,Computational reversal candidate for further investigation.,237
BRD-K03736784,-0.013872251004505239,1,1,1,1,1.0,0.19801980198019803,0.5693069306930694,5.0,Computational reversal candidate for further investigation.,238
mevastatin,-0.013807535713169585,2,2,2,2,1.0,0.12871287128712872,0.45049504950495056,6.5,Computational reversal candidate for further investigation.,239
importazole,-0.013761571074824858,3,5,3,5,0.6,0.15841584158415842,0.5100990099009901,6.0,Computational reversal candidate for further investigation.,240
BRD-K18726304,-0.013755289877436103,2,2,2,2,1.0,0.10891089108910891,0.4174917491749175,6.5,Computational reversal candidate for further investigation.,241
BRD-K55722623,-0.013652807507040104,1,1,1,1,1.0,0.1485148514851485,0.4919936438088253,5.0,Computational reversal candidate for further investigation.,242
tw 37,-0.013632487013764865,1,1,1,1,1.0,0.3465346534653465,0.7264593646864687,6.0,Computational reversal candidate for further investigation.,243
JNK-IN-5A,-0.01355032102839669,4,5,4,5,0.8,0.07920792079207921,0.34466149317634465,5.2,Computational reversal candidate for further investigation.,244
everolimus,-0.013457220106227984,1,1,1,1,1.0,0.12871287128712872,0.45049504950495056,5.0,Computational reversal candidate for further investigation.,245
dl-pdmp,-0.013276201756331645,3,5,3,5,0.6,0.0891089108910891,0.3755637343839096,7.0,Computational reversal candidate for further investigation.,246
GSK-461364,-0.013217912536605926,1,1,1,1,1.0,0.13861386138613863,0.4688410017472336,5.0,Computational reversal candidate for further investigation.,247
bl-009,-0.013206827855347122,1,1,1,1,1.0,0.21782178217821782,0.5903923725705904,6.0,Computational reversal candidate for further investigation.,248
km 00927,-0.013155207964557249,2,3,2,3,0.6666666666666666,0.16831683168316833,0.5251746104843044,7.333333333333333,Computational reversal candidate for further investigation.,249
temsirolimus [ci779],-0.013074053116339319,2,2,2,2,1.0,0.039603960396039604,0.24714099316908436,5.0,Computational reversal candidate for further investigation.,250
BRD-K95196255,-0.012943000145310973,1,1,1,1,1.0,0.2871287128712871,0.6758439001794916,7.0,Computational reversal candidate for further investigation.,251
ryuvidine,-0.012892424186393716,1,1,1,1,1.0,0.1782178217821782,0.539343408025013,5.0,Computational reversal candidate for further investigation.,252
digitoxigenin,-0.01286081763205535,2,3,2,3,0.6666666666666666,0.15841584158415842,0.5100990099009901,6.333333333333333,Computational reversal candidate for further investigation.,253
v4877,-0.012752619197747016,2,2,2,2,1.0,0.21782178217821782,0.5903923725705904,5.0,Computational reversal candidate for further investigation.,254
cycloheximide,-0.012713578894091648,4,4,4,4,1.0,0.07920792079207921,0.34466149317634465,5.5,Computational reversal candidate for further investigation.,255
BRD-K53308430,-0.012635226443112001,2,3,2,3,0.6666666666666666,0.2871287128712871,0.6758439001794916,6.666666666666667,Computational reversal candidate for further investigation.,256
celastrol,-0.012580117901377964,9,13,9,13,0.6923076923076923,0.10891089108910891,0.4174917491749175,5.461538461538462,Computational reversal candidate for further investigation.,257
ei-195,-0.012400029652447731,1,1,1,1,1.0,0.19801980198019803,0.5693069306930694,6.0,Computational reversal candidate for further investigation.,258
thm-i-94,-0.012181634346467489,3,4,3,4,0.75,0.2079207920792079,0.5791565315701119,6.5,Computational reversal candidate for further investigation.,259
BRD-A15010982,-0.01208611435718511,1,2,1,2,0.5,0.1485148514851485,0.4919936438088253,5.5,Computational reversal candidate for further investigation.,260
JW-7-24-1,-0.012055812751438511,5,6,5,6,0.8333333333333334,0.09900990099009901,0.3907008347893613,5.833333333333333,Computational reversal candidate for further investigation.,261
cymarin,-0.0120456607556257,3,4,3,4,0.75,0.13861386138613863,0.4688410017472336,6.25,Computational reversal candidate for further investigation.,262
tws119,-0.011993866852612327,2,2,2,2,1.0,0.0594059405940594,0.30076592564916865,6.0,Computational reversal candidate for further investigation.,263
BRD-K98731749,-0.011973906895799774,1,1,1,1,1.0,0.24752475247524752,0.6325632563256325,6.0,Computational reversal candidate for further investigation.,264
BRD-K96076993,-0.011912205902582521,2,2,2,2,1.0,0.25742574257425743,0.6475866336633664,6.0,Computational reversal candidate for further investigation.,265
KIN001-055,-0.011870147168456881,1,1,1,1,1.0,0.12871287128712872,0.45049504950495056,6.0,Computational reversal candidate for further investigation.,266
terfenadine,-0.0118551326663353,1,1,1,1,1.0,0.2871287128712871,0.6758439001794916,8.0,Computational reversal candidate for further investigation.,267
ncgc00182393-01,-0.011850350512676062,2,2,2,2,1.0,0.27722772277227725,0.6721937253966361,8.5,Computational reversal candidate for further investigation.,268
ouabain,-0.01180619243552791,3,4,4,5,0.75,0.12871287128712872,0.45049504950495056,5.2,Computational reversal candidate for further investigation.,269
ncgc00182913-03,-0.011773395825922663,1,1,1,1,1.0,0.10891089108910891,0.4174917491749175,5.0,Computational reversal candidate for further investigation.,270
np-001236,-0.011724487009902272,1,1,1,1,1.0,0.24752475247524752,0.6325632563256325,5.0,Computational reversal candidate for further investigation.,271
BRD-K03829970,-0.011474513078449246,2,3,2,3,0.6666666666666666,0.1782178217821782,0.539343408025013,5.666666666666667,Computational reversal candidate for further investigation.,272
AT-7519,-0.011366440655381723,4,8,4,8,0.5,0.07920792079207921,0.34466149317634465,5.75,Computational reversal candidate for further investigation.,273
BRD-K80348542,-0.011265076861612072,1,1,1,1,1.0,0.2079207920792079,0.5791565315701119,5.0,Computational reversal candidate for further investigation.,274
belinostat,-0.01120894368632852,3,4,3,4,0.75,0.15841584158415842,0.5100990099009901,5.5,Computational reversal candidate for further investigation.,275
trichostatin a,-0.01077374668759763,16,19,62,67,0.8421052631578947,0.12871287128712872,0.45049504950495056,6.223880597014926,Computational reversal candidate for further investigation.,276
nsc 3852,-0.010616427551670552,3,5,3,5,0.6,0.1188118811881188,0.43873194658915426,5.0,Computational reversal candidate for further investigation.,277
rf 01079,-0.010600911309743723,1,1,1,1,1.0,0.2079207920792079,0.5791565315701119,7.0,Computational reversal candidate for further investigation.,278
chelidonine (+),-0.01050834352427629,2,2,2,2,1.0,0.12871287128712872,0.45049504950495056,5.5,Computational reversal candidate for further investigation.,279
ei-346,-0.010392337296182254,1,1,1,1,1.0,0.1782178217821782,0.539343408025013,5.0,Computational reversal candidate for further investigation.,280
QL-XII-47,-0.010387804902691197,12,18,12,18,0.6666666666666666,0.19801980198019803,0.5693069306930694,6.388888888888889,Computational reversal candidate for further investigation.,281
oxindole i,-0.01026199697352742,1,1,1,1,1.0,0.2871287128712871,0.6758439001794916,6.0,Computational reversal candidate for further investigation.,282
mln4924,-0.010260611247819875,4,4,4,4,1.0,0.1485148514851485,0.4919936438088253,6.25,Computational reversal candidate for further investigation.,283
nutlin-3,-0.010238672129290464,1,2,1,2,0.5,0.16831683168316833,0.5251746104843044,7.5,Computational reversal candidate for further investigation.,284
BRD-K89546934,-0.010180626603561943,1,1,1,1,1.0,0.18811881188118812,0.5567486895748398,6.0,Computational reversal candidate for further investigation.,285
BRD-K98824517,-0.010172517435442525,1,1,1,1,1.0,0.2871287128712871,0.6758439001794916,5.0,Computational reversal candidate for further investigation.,286
s1169,-0.010144839751314787,1,2,1,2,0.5,0.1485148514851485,0.4919936438088253,6.0,Computational reversal candidate for further investigation.,287
"ingenol 3, 20-dibenzoate",-0.010085937223118025,5,9,5,9,0.5555555555555556,0.3564356435643564,0.733838089691322,5.666666666666667,Computational reversal candidate for further investigation.,288
imodium,-0.010082841871765323,1,1,1,1,1.0,0.2871287128712871,0.6758439001794916,6.0,Computational reversal candidate for further investigation.,289
withaferin-a,-0.009913217241944062,10,11,11,13,0.9090909090909091,0.19801980198019803,0.5693069306930694,5.769230769230769,Computational reversal candidate for further investigation.,290
7b-cis,-0.009899740820924551,3,4,3,4,0.75,0.0594059405940594,0.30076592564916865,5.5,Computational reversal candidate for further investigation.,291
emetine,-0.009877793116429938,2,2,2,2,1.0,0.27722772277227725,0.6721937253966361,5.5,Computational reversal candidate for further investigation.,292
BRD-A58924247,-0.00980193509213283,1,1,1,1,1.0,0.297029702970297,0.6910662164482344,5.0,Computational reversal candidate for further investigation.,293
t5323840,-0.009682796240190392,1,1,1,1,1.0,0.25742574257425743,0.6475866336633664,5.0,Computational reversal candidate for further investigation.,294
s1019,-0.009678027454202634,1,1,1,1,1.0,0.22772277227722773,0.6070093764343322,6.0,Computational reversal candidate for further investigation.,295
AZ20,-0.009436227316659124,3,4,3,4,0.75,0.1782178217821782,0.539343408025013,6.25,Computational reversal candidate for further investigation.,296
MK-2206,-0.009256388608134472,2,3,2,3,0.6666666666666666,0.2376237623762376,0.619052196481784,5.333333333333333,Computational reversal candidate for further investigation.,297
vu0365121-1,-0.009184346342227402,1,1,1,1,1.0,0.15841584158415842,0.5100990099009901,5.0,Computational reversal candidate for further investigation.,298
selamectin,-0.009177633487090109,2,2,2,2,1.0,0.2079207920792079,0.5791565315701119,5.0,Computational reversal candidate for further investigation.,299
forskolin,-0.009143539760997932,1,1,1,1,1.0,0.15841584158415842,0.5100990099009901,5.0,Computational reversal candidate for further investigation.,300
teniposide,-0.00909571007008126,9,12,9,12,0.75,0.09900990099009901,0.3907008347893613,5.416666666666667,Computational reversal candidate for further investigation.,301
BRD-K71303366,-0.009077675107942529,1,2,1,2,0.5,0.1782178217821782,0.539343408025013,5.5,Computational reversal candidate for further investigation.,302
s1003,-0.009061214381643742,1,1,1,1,1.0,0.3564356435643564,0.733838089691322,7.0,Computational reversal candidate for further investigation.,303
fostamatinib,-0.009012009840934629,1,2,1,2,0.5,0.16831683168316833,0.5251746104843044,5.5,Computational reversal candidate for further investigation.,304
BRD-K56196992,-0.008986421403493459,2,2,2,2,1.0,0.21782178217821782,0.5903923725705904,5.5,Computational reversal candidate for further investigation.,305
cinobufagin,-0.008882304171554684,2,3,2,3,0.6666666666666666,0.27722772277227725,0.6721937253966361,5.666666666666667,Computational reversal candidate for further investigation.,306
geldanamycin,-0.008870500045877971,35,56,48,73,0.625,0.07920792079207921,0.34466149317634465,5.712328767123288,Computational reversal candidate for further investigation.,307
BRD-K84203638,-0.00886758442192813,4,5,4,5,0.8,0.2376237623762376,0.619052196481784,6.0,Computational reversal candidate for further investigation.,308
ncgc00165188-01,-0.008738900579918754,3,3,3,3,1.0,0.16831683168316833,0.5251746104843044,5.333333333333333,Computational reversal candidate for further investigation.,309
exemestane,-0.008715745347353629,1,1,1,1,1.0,0.2376237623762376,0.619052196481784,7.0,Computational reversal candidate for further investigation.,310
fenbendazole,-0.008591496740397239,1,2,1,2,0.5,0.3069306930693069,0.6999410989257566,5.5,Computational reversal candidate for further investigation.,311
nsc 632839 hydrochloride,-0.008508231673841177,3,6,3,6,0.5,0.2376237623762376,0.619052196481784,6.0,Computational reversal candidate for further investigation.,312
methylene blue,-0.008493095970562563,5,5,5,5,1.0,0.25742574257425743,0.6475866336633664,5.2,Computational reversal candidate for further investigation.,313
BRD-K33164466,-0.008462234359184221,1,1,1,1,1.0,0.2376237623762376,0.619052196481784,6.0,Computational reversal candidate for further investigation.,314
BRD-K68202742 (trichostatin a),-0.008411663405129938,5,6,6,7,0.8333333333333334,0.19801980198019803,0.5693069306930694,5.571428571428571,Computational reversal candidate for further investigation.,315
cvf-csc-7 brd-a32595718,-0.008200381027789964,1,1,1,1,1.0,0.33663366336633666,0.7264593646864687,5.0,Computational reversal candidate for further investigation.,316
oxymetazoline hydrochloride,-0.008083724924588295,1,1,1,1,1.0,0.2079207920792079,0.5791565315701119,5.0,Computational reversal candidate for further investigation.,317
malonoben,-0.008078574114243786,4,4,4,4,1.0,0.19801980198019803,0.5693069306930694,6.0,Computational reversal candidate for further investigation.,318
syk inhibitor,-0.008041921144619938,1,1,1,1,1.0,0.38613861386138615,0.7544698644621745,8.0,Computational reversal candidate for further investigation.,319
pi 103 hydrochloride,-0.007932413272489208,4,6,4,6,0.6666666666666666,0.13861386138613863,0.4688410017472336,5.166666666666667,Computational reversal candidate for further investigation.,320
pyrvinium pamoate,-0.007914691986423129,1,1,1,1,1.0,0.3465346534653465,0.7264593646864687,6.0,Computational reversal candidate for further investigation.,321
vu0418946-2,-0.007911342966916462,4,4,6,6,1.0,0.3465346534653465,0.7264593646864687,7.166666666666667,Computational reversal candidate for further investigation.,322
ku-0063794,-0.007866382609601149,2,3,2,3,0.6666666666666666,0.22772277227722773,0.6070093764343322,6.0,Computational reversal candidate for further investigation.,323
zardaverine,-0.007821149212716086,1,1,1,1,1.0,0.26732673267326734,0.6641914191419143,5.0,Computational reversal candidate for further investigation.,324
BRD-K97764662,-0.007780159404635061,1,1,2,2,1.0,0.27722772277227725,0.6721937253966361,6.5,Computational reversal candidate for further investigation.,325
oxymetholone,-0.0075588715339522695,1,1,1,1,1.0,0.21782178217821782,0.5903923725705904,10.0,Computational reversal candidate for further investigation.,326
ncgc00165199-01,-0.007502347092995695,1,1,1,1,1.0,0.3069306930693069,0.6999410989257566,6.0,Computational reversal candidate for further investigation.,327
BRD-K77681376,-0.007440306837951509,2,2,2,2,1.0,0.22772277227722773,0.6070093764343322,5.5,Computational reversal candidate for further investigation.,328
BRD-A43640821,-0.007427277102943559,1,1,1,1,1.0,0.297029702970297,0.6910662164482344,7.0,Computational reversal candidate for further investigation.,329
t5212475,-0.0074160403022600924,1,1,1,1,1.0,0.13861386138613863,0.4688410017472336,5.0,Computational reversal candidate for further investigation.,330
dg-041,-0.007266826487254778,4,6,4,6,0.6666666666666666,0.24752475247524752,0.6325632563256325,5.666666666666667,Computational reversal candidate for further investigation.,331
pd 198306,-0.0072329465229882765,1,1,1,1,1.0,0.27722772277227725,0.6721937253966361,5.0,Computational reversal candidate for further investigation.,332
bendroflumethiazide,-0.007223749999586412,1,1,1,1,1.0,0.16831683168316833,0.5251746104843044,7.0,Computational reversal candidate for further investigation.,333
testosterone propionate,-0.007101316079288412,1,1,1,1,1.0,0.25742574257425743,0.6475866336633664,6.0,Computational reversal candidate for further investigation.,334
BRD-A68061604,-0.007078740849030158,1,1,1,1,1.0,0.24752475247524752,0.6325632563256325,5.0,Computational reversal candidate for further investigation.,335
BRD-K91145395,-0.006989907413989157,5,5,5,5,1.0,0.4158415841584158,0.7766878776044658,5.4,Computational reversal candidate for further investigation.,336
rhizocarpic acid,-0.006969861963559271,1,1,1,1,1.0,0.3564356435643564,0.733838089691322,5.0,Computational reversal candidate for further investigation.,337
curcubitacin i,-0.006945983568909339,2,3,2,3,0.6666666666666666,0.2376237623762376,0.619052196481784,7.333333333333333,Computational reversal candidate for further investigation.,338
d-64131,-0.006826578750388982,1,2,1,2,0.5,0.21782178217821782,0.5903923725705904,5.0,Computational reversal candidate for further investigation.,339
BRD-K07005393,-0.0066487680776059765,1,2,1,2,0.5,0.38613861386138615,0.7544698644621745,5.0,Computational reversal candidate for further investigation.,340
BRD-K50140147,-0.006575999981580091,1,1,1,1,1.0,0.33663366336633666,0.7264593646864687,5.0,Computational reversal candidate for further investigation.,341
"15-deoxy-?12,14-prostaglandin j2",-0.00656318835477219,2,3,2,3,0.6666666666666666,0.24752475247524752,0.6325632563256325,5.666666666666667,Computational reversal candidate for further investigation.,342
GSK-1059615,-0.006538296746797009,12,19,17,28,0.631578947368421,0.19801980198019803,0.5693069306930694,5.357142857142857,Computational reversal candidate for further investigation.,343
1495-0136,-0.00645728309608397,1,1,1,1,1.0,0.21782178217821782,0.5903923725705904,6.0,Computational reversal candidate for further investigation.,344
BRD-K90543092,-0.006452400954019541,1,1,1,1,1.0,0.16831683168316833,0.5251746104843044,6.0,Computational reversal candidate for further investigation.,345
BRD-K52522949,-0.006410288063528672,1,2,1,2,0.5,0.36633663366336633,0.7446994699469947,5.5,Computational reversal candidate for further investigation.,346
QL-XI-92,-0.006387419473021736,2,2,2,2,1.0,0.19801980198019803,0.5693069306930694,5.0,Computational reversal candidate for further investigation.,347
BRD-A47816767,-0.006259685254075871,1,2,1,2,0.5,0.3465346534653465,0.7264593646864687,5.0,Computational reversal candidate for further investigation.,348
BRD-K86899078,-0.006168980015598633,1,2,1,2,0.5,0.39603960396039606,0.7572728769313987,6.0,Computational reversal candidate for further investigation.,349
BRD-A75409952 (wortmannin),-0.006143556830431391,1,1,1,1,1.0,0.3564356435643564,0.733838089691322,7.0,Computational reversal candidate for further investigation.,350
BRD-A75931230,-0.006119995208112741,2,3,2,3,0.6666666666666666,0.26732673267326734,0.6641914191419143,6.666666666666667,Computational reversal candidate for further investigation.,351
s1017,-0.006103062683654423,1,1,1,1,1.0,0.3465346534653465,0.7264593646864687,5.0,Computational reversal candidate for further investigation.,352
BRD-U29336476,-0.0060195237592961465,1,2,1,2,0.5,0.36633663366336633,0.7446994699469947,5.5,Computational reversal candidate for further investigation.,353
cct 018159,-0.0059720471615860434,1,1,1,1,1.0,0.4158415841584158,0.7766878776044658,6.0,Computational reversal candidate for further investigation.,354
hy-10518,-0.005965180512067046,1,1,1,1,1.0,0.2871287128712871,0.6758439001794916,5.0,Computational reversal candidate for further investigation.,355
px12,-0.005937413033587486,2,3,2,3,0.6666666666666666,0.31683168316831684,0.7084708470847084,6.333333333333333,Computational reversal candidate for further investigation.,356
homoharringtonine,-0.005936220369323953,3,3,4,4,1.0,0.3465346534653465,0.7264593646864687,5.0,Computational reversal candidate for further investigation.,357
BRD-K31706415,-0.0059290944667277625,1,1,1,1,1.0,0.32673267326732675,0.7225818735719727,7.0,Computational reversal candidate for further investigation.,358
mebendazole,-0.005848035663865512,1,1,1,1,1.0,0.33663366336633666,0.7264593646864687,5.0,Computational reversal candidate for further investigation.,359
BRD-K55127335,-0.00581148809555741,1,1,1,1,1.0,0.33663366336633666,0.7264593646864687,5.0,Computational reversal candidate for further investigation.,360
etoposide,-0.005749442860871506,3,3,3,3,1.0,0.297029702970297,0.6910662164482344,7.0,Computational reversal candidate for further investigation.,361
anisomycin,-0.005693294713310228,3,3,3,3,1.0,0.3069306930693069,0.6999410989257566,5.333333333333333,Computational reversal candidate for further investigation.,362
salermide,-0.005569481408857041,2,3,2,3,0.6666666666666666,0.39603960396039606,0.7572728769313987,7.333333333333333,Computational reversal candidate for further investigation.,363
ncgc00183696-01,-0.00553707885357506,2,3,2,3,0.6666666666666666,0.33663366336633666,0.7264593646864687,5.0,Computational reversal candidate for further investigation.,364
phorbol-12-myristate-13-acetate (pma),-0.005523332789992186,5,8,5,8,0.625,0.49504950495049505,0.8644573784927299,5.5,Computational reversal candidate for further investigation.,365
penfluridol,-0.005482455155411284,1,2,1,2,0.5,0.37623762376237624,0.7534111620117235,5.5,Computational reversal candidate for further investigation.,366
BRD-K04534322,-0.005288346837604789,1,1,1,1,1.0,0.3564356435643564,0.733838089691322,10.0,Computational reversal candidate for further investigation.,367
4-demethoxydaunorubicin hydrochloride (65),-0.005281034334298178,3,6,3,6,0.5,0.25742574257425743,0.6475866336633664,5.666666666666667,Computational reversal candidate for further investigation.,368
BRD-K59962020,-0.0052331821597478,1,1,1,1,1.0,0.37623762376237624,0.7534111620117235,5.0,Computational reversal candidate for further investigation.,369
CGK-733,-0.005126827042963195,2,4,2,4,0.5,0.26732673267326734,0.6641914191419143,5.75,Computational reversal candidate for further investigation.,370
abt-751,-0.005047862153816689,1,2,1,2,0.5,0.33663366336633666,0.7264593646864687,6.0,Computational reversal candidate for further investigation.,371
BRD-K40175214,-0.0050402364914196775,3,3,3,3,1.0,0.2376237623762376,0.619052196481784,5.0,Computational reversal candidate for further investigation.,372
hdac6 inhibitor isox,-0.004904943179947578,5,8,5,8,0.625,0.33663366336633666,0.7264593646864687,6.625,Computational reversal candidate for further investigation.,373
ei-263,-0.004870421258324574,2,2,2,2,1.0,0.2871287128712871,0.6758439001794916,6.0,Computational reversal candidate for further investigation.,374
bntx maleate,-0.004843386311054219,3,3,3,3,1.0,0.38613861386138615,0.7544698644621745,5.666666666666667,Computational reversal candidate for further investigation.,375
AZD-6482,-0.004793935846854282,1,1,1,1,1.0,0.42574257425742573,0.7824720828247208,5.0,Computational reversal candidate for further investigation.,376
lasalocid sodium salt,-0.004773387051585071,1,1,1,1,1.0,0.46534653465346537,0.8306074509890014,5.0,Computational reversal candidate for further investigation.,377
mestanolone,-0.00476626798162119,1,1,1,1,1.0,0.297029702970297,0.6910662164482344,8.0,Computational reversal candidate for further investigation.,378
BRD-K60219430,-0.004763226091386335,2,2,2,2,1.0,0.27722772277227725,0.6721937253966361,5.5,Computational reversal candidate for further investigation.,379
gr 159897,-0.00474729558992225,1,1,1,1,1.0,0.43564356435643564,0.7934232337260875,5.0,Computational reversal candidate for further investigation.,380
ncgc00185684-02,-0.004615801896944017,1,2,1,2,0.5,0.37623762376237624,0.7534111620117235,7.0,Computational reversal candidate for further investigation.,381
BRD-A18763547,-0.00458948686962347,1,2,1,2,0.5,0.32673267326732675,0.7225818735719727,7.0,Computational reversal candidate for further investigation.,382
ncgc00242279-01,-0.004575715616812498,1,1,1,1,1.0,0.36633663366336633,0.7446994699469947,5.0,Computational reversal candidate for further investigation.,383
BRD-K77547920,-0.004547435838858162,3,4,3,4,0.75,0.43564356435643564,0.7934232337260875,5.25,Computational reversal candidate for further investigation.,384
linsitinib,-0.004544308033814743,1,2,1,2,0.5,0.37623762376237624,0.7534111620117235,5.0,Computational reversal candidate for further investigation.,385
BRD-A51777634,-0.004443613779652766,2,2,2,2,1.0,0.36633663366336633,0.7446994699469947,7.0,Computational reversal candidate for further investigation.,386
bjm-ctd2-9,-0.004382604807855887,5,7,5,7,0.7142857142857143,0.3069306930693069,0.6999410989257566,6.571428571428571,Computational reversal candidate for further investigation.,387
BRD-K52321331,-0.004378629508098393,1,1,1,1,1.0,0.48514851485148514,0.8527173678066495,7.0,Computational reversal candidate for further investigation.,388
bx-795,-0.00432458228394024,1,2,1,2,0.5,0.2079207920792079,0.5791565315701119,5.5,Computational reversal candidate for further investigation.,389
gw 7647,-0.004284373317449273,1,1,1,1,1.0,0.4752475247524752,0.837142795242325,6.0,Computational reversal candidate for further investigation.,390
maprotiline hydrochloride,-0.004280437997402109,1,1,1,1,1.0,0.2871287128712871,0.6758439001794916,6.0,Computational reversal candidate for further investigation.,391
iopanoic acid,-0.0042255631072821535,1,2,1,2,0.5,0.31683168316831684,0.7084708470847084,6.5,Computational reversal candidate for further investigation.,392
pik-90,-0.004202888436416001,1,1,1,1,1.0,0.3564356435643564,0.733838089691322,5.0,Computational reversal candidate for further investigation.,393
BRD-K04853698,-0.004135131936997396,3,4,3,4,0.75,0.40594059405940597,0.7635097621911725,5.0,Computational reversal candidate for further investigation.,394
camptothecin,-0.00410180672545039,2,3,2,3,0.6666666666666666,0.31683168316831684,0.7084708470847084,6.666666666666667,Computational reversal candidate for further investigation.,395
k784-3188,-0.0040072967989481425,1,1,1,1,1.0,0.4752475247524752,0.837142795242325,5.0,Computational reversal candidate for further investigation.,396
BRD-A41451487,-0.003994658189989651,1,1,1,1,1.0,0.40594059405940597,0.7635097621911725,7.0,Computational reversal candidate for further investigation.,397
at-mlpcn csc-006,-0.003970894871451977,1,1,1,1,1.0,0.42574257425742573,0.7824720828247208,7.0,Computational reversal candidate for further investigation.,398
s1011,-0.003948302499223445,1,1,1,1,1.0,0.5247524752475248,0.8837358631260617,6.0,Computational reversal candidate for further investigation.,399
s1053,-0.003938540071508434,5,6,5,7,0.8333333333333334,0.39603960396039606,0.7572728769313987,5.571428571428571,Computational reversal candidate for further investigation.,400
ki 8751,-0.0038608372582762396,1,1,1,1,1.0,0.45544554455445546,0.8183787128712872,5.0,Computational reversal candidate for further investigation.,401
BRD-K45399554,-0.0038155535192207083,1,2,1,2,0.5,0.26732673267326734,0.6641914191419143,6.5,Computational reversal candidate for further investigation.,402
t7765,-0.00371332768286327,3,3,3,3,1.0,0.37623762376237624,0.7534111620117235,5.333333333333333,Computational reversal candidate for further investigation.,403
piplartine,-0.0035923710851546832,6,8,6,8,0.75,0.504950495049505,0.8685580096471186,5.75,Computational reversal candidate for further investigation.,404
pnu 74654,-0.0034570361149378935,2,3,2,3,0.6666666666666666,0.37623762376237624,0.7534111620117235,5.333333333333333,Computational reversal candidate for further investigation.,405
BRD-K76938712,-0.0034544721462853763,1,1,1,1,1.0,0.27722772277227725,0.6721937253966361,6.0,Computational reversal candidate for further investigation.,406
pz0004,-0.003438691038386307,1,1,1,1,1.0,0.39603960396039606,0.7572728769313987,6.0,Computational reversal candidate for further investigation.,407
amsacrine,-0.0033473828528984115,4,6,4,6,0.6666666666666666,0.3465346534653465,0.7264593646864687,6.166666666666667,Computational reversal candidate for further investigation.,408
rhodomyrtoxin b,-0.003346316016113778,2,3,2,3,0.6666666666666666,0.31683168316831684,0.7084708470847084,6.0,Computational reversal candidate for further investigation.,409
BRD-K80786583,-0.0033386116470101495,1,1,1,1,1.0,0.504950495049505,0.8685580096471186,6.0,Computational reversal candidate for further investigation.,410
imd 0354,-0.0032641404082368094,4,7,6,10,0.5714285714285714,0.3465346534653465,0.7264593646864687,6.1,Computational reversal candidate for further investigation.,411
1541b,-0.003242680457557082,1,1,1,1,1.0,0.3069306930693069,0.6999410989257566,5.0,Computational reversal candidate for further investigation.,412
u0126,-0.0032110015764486794,1,1,1,1,1.0,0.31683168316831684,0.7084708470847084,5.0,Computational reversal candidate for further investigation.,413
pyrimethamine,-0.0032061382961348465,1,1,1,1,1.0,0.33663366336633666,0.7264593646864687,5.0,Computational reversal candidate for further investigation.,414
BRD-K81795824,-0.0031580046746931675,2,3,2,3,0.6666666666666666,0.42574257425742573,0.7824720828247208,6.333333333333333,Computational reversal candidate for further investigation.,415
BRD-K50387473,-0.0031420012889174405,1,1,1,1,1.0,0.38613861386138615,0.7544698644621745,6.0,Computational reversal candidate for further investigation.,416
PF-3758309,-0.003075080966525548,2,3,2,3,0.6666666666666666,0.4752475247524752,0.837142795242325,5.0,Computational reversal candidate for further investigation.,417
BRD-K49865102,-0.002814312591188208,1,1,1,1,1.0,0.3465346534653465,0.7264593646864687,6.0,Computational reversal candidate for further investigation.,418
BRD-A68739437,-0.002791649564669112,1,1,1,1,1.0,0.33663366336633666,0.7264593646864687,5.0,Computational reversal candidate for further investigation.,419
ncgc00188536-01,-0.0027898004427821307,1,1,1,1,1.0,0.5841584158415841,0.9202495592024955,5.0,Computational reversal candidate for further investigation.,420
st4029573,-0.0027415034702226726,1,1,1,1,1.0,0.4752475247524752,0.837142795242325,5.0,Computational reversal candidate for further investigation.,421
gr-109,-0.0027103424664228493,1,1,1,1,1.0,0.38613861386138615,0.7544698644621745,5.0,Computational reversal candidate for further investigation.,422
vorinostat,-0.0026812539163877016,21,31,78,89,0.6774193548387096,0.42574257425742573,0.7824720828247208,6.359550561797753,Computational reversal candidate for further investigation.,423
digoxin,-0.002634386529356257,5,8,7,10,0.625,0.31683168316831684,0.7084708470847084,5.4,Computational reversal candidate for further investigation.,424
BRD-K68174511,-0.0026017754226634517,1,2,1,2,0.5,0.39603960396039606,0.7572728769313987,6.5,Computational reversal candidate for further investigation.,425
BRD-K07403598,-0.0024299155855314657,1,2,1,2,0.5,0.504950495049505,0.8685580096471186,5.5,Computational reversal candidate for further investigation.,426
antimycin a,-0.0022925836179735334,1,1,1,1,1.0,0.40594059405940597,0.7635097621911725,5.0,Computational reversal candidate for further investigation.,427
s-250,-0.0022512144689868594,1,1,1,1,1.0,0.38613861386138615,0.7544698644621745,5.0,Computational reversal candidate for further investigation.,428
rs 17053 hydrochloride,-0.002230579677357647,1,2,1,2,0.5,0.36633663366336633,0.7446994699469947,7.0,Computational reversal candidate for further investigation.,429
BRD-K00313977,-0.002125079826053688,2,2,2,2,1.0,0.40594059405940597,0.7635097621911725,7.0,Computational reversal candidate for further investigation.,430
ag14361,-0.0019787969797703925,2,4,2,4,0.5,0.39603960396039606,0.7572728769313987,5.25,Computational reversal candidate for further investigation.,431
np-009169,-0.001961010536173792,1,1,1,1,1.0,0.40594059405940597,0.7635097621911725,5.0,Computational reversal candidate for further investigation.,432
gw 441756,-0.0019500501869607854,1,1,1,1,1.0,0.6138613861386139,0.9264367396149209,6.0,Computational reversal candidate for further investigation.,433
BRD-K71935468,-0.0018989641683634737,1,1,1,1,1.0,0.49504950495049505,0.8644573784927299,6.0,Computational reversal candidate for further investigation.,434
BRD-K89558221,-0.001889007101451073,1,1,1,1,1.0,0.5346534653465347,0.889248015710662,5.0,Computational reversal candidate for further investigation.,435
ei-293,-0.0018512562725563268,1,2,1,2,0.5,0.45544554455445546,0.8183787128712872,6.5,Computational reversal candidate for further investigation.,436
luteolin,-0.0018218740250494324,1,1,1,1,1.0,0.5247524752475248,0.8837358631260617,5.0,Computational reversal candidate for further investigation.,437
rapamycin,-0.0017730915550127797,1,1,1,1,1.0,0.43564356435643564,0.7934232337260875,5.0,Computational reversal candidate for further investigation.,438
triclosan,-0.0017550785811310315,1,1,1,1,1.0,0.31683168316831684,0.7084708470847084,5.0,Computational reversal candidate for further investigation.,439
bithionate sodium,-0.0017038695358932822,1,1,1,1,1.0,0.3465346534653465,0.7264593646864687,5.0,Computational reversal candidate for further investigation.,440
ct-200783,-0.0016906096089276757,2,4,2,4,0.5,0.44554455445544555,0.8078003746320578,5.5,Computational reversal candidate for further investigation.,441
mw-a1-12,-0.0015489412768566139,1,1,1,1,1.0,0.5445544554455446,0.8909884890928118,7.0,Computational reversal candidate for further investigation.,442
gr-231,-0.0015279114877480432,1,2,1,2,0.5,0.3069306930693069,0.6999410989257566,5.0,Computational reversal candidate for further investigation.,443
niclosamide,-0.0014535989567065295,6,7,8,11,0.8571428571428571,0.39603960396039606,0.7572728769313987,6.909090909090909,Computational reversal candidate for further investigation.,444
curcumin,-0.0014471876871924045,3,3,3,3,1.0,0.43564356435643564,0.7934232337260875,5.333333333333333,Computational reversal candidate for further investigation.,445
tyrphostin ag 1478,-0.001439909368205166,5,10,5,10,0.5,0.38613861386138615,0.7544698644621745,6.3,Computational reversal candidate for further investigation.,446
s1205,-0.001337576023328079,2,3,2,3,0.6666666666666666,0.32673267326732675,0.7225818735719727,5.0,Computational reversal candidate for further investigation.,447
epirubicin hydrochloride,-0.0012918485402920862,1,1,1,1,1.0,0.3069306930693069,0.6999410989257566,6.0,Computational reversal candidate for further investigation.,448
nsc 95397,-0.0012361352394519723,1,1,1,1,1.0,0.5643564356435643,0.9014026402640263,5.0,Computational reversal candidate for further investigation.,449
BRD-A49848186,-0.0010698451690743706,1,1,1,1,1.0,0.5445544554455446,0.8909884890928118,6.0,Computational reversal candidate for further investigation.,450
BRD-A59145032,-0.0010246253622673103,1,1,1,1,1.0,0.5841584158415841,0.9202495592024955,5.0,Computational reversal candidate for further investigation.,451
BRD-K91701654,-0.0009267707651447227,1,2,1,2,0.5,0.4752475247524752,0.837142795242325,5.5,Computational reversal candidate for further investigation.,452
vu0365114-2,-0.0008807066195210163,1,2,1,2,0.5,0.4158415841584158,0.7766878776044658,6.5,Computational reversal candidate for further investigation.,453
BRD-K55612480,-0.0007934040268428189,1,1,1,1,1.0,0.5247524752475248,0.8837358631260617,6.0,Computational reversal candidate for further investigation.,454
cgk 733,-0.0007145376195991484,1,1,1,1,1.0,0.42574257425742573,0.7824720828247208,5.0,Computational reversal candidate for further investigation.,455
BRD-K63068307,-0.0006966701420800417,1,2,1,2,0.5,0.46534653465346537,0.8306074509890014,5.5,Computational reversal candidate for further investigation.,456
chemistry 2804,-0.0005924396741970872,5,9,5,9,0.5555555555555556,0.6138613861386139,0.9264367396149209,6.777777777777778,Computational reversal candidate for further investigation.,457
rottlerin,-0.0005772004299956423,1,1,1,1,1.0,0.3564356435643564,0.733838089691322,5.0,Computational reversal candidate for further investigation.,458
mls-0437446.0001,-0.0005666238905749112,1,1,1,1,1.0,0.6435643564356436,0.9385313531353136,5.0,Computational reversal candidate for further investigation.,459
BRD-K10846167,-0.00040736969598136226,1,1,1,1,1.0,0.40594059405940597,0.7635097621911725,6.0,Computational reversal candidate for further investigation.,460
ic 261,-0.00040159479376563733,1,1,1,1,1.0,0.42574257425742573,0.7824720828247208,5.0,Computational reversal candidate for further investigation.,461
s1222,-0.00038975746918434254,1,1,1,1,1.0,0.3465346534653465,0.7264593646864687,5.0,Computational reversal candidate for further investigation.,462
BRD-U68942961,-0.0003183554426966625,1,1,1,1,1.0,0.38613861386138615,0.7544698644621745,7.0,Computational reversal candidate for further investigation.,463
BRD-K94841585,-0.00028526567737679597,1,1,1,1,1.0,0.32673267326732675,0.7225818735719727,6.0,Computational reversal candidate for further investigation.,464
hli 373,-0.00023619073295507494,1,1,1,1,1.0,0.38613861386138615,0.7544698644621745,5.0,Computational reversal candidate for further investigation.,465
flucytosine,-0.00019583156773304595,1,1,1,1,1.0,0.38613861386138615,0.7544698644621745,5.0,Computational reversal candidate for further investigation.,466
vu0410183-2,-0.0001472899283335976,3,5,4,7,0.6,0.45544554455445546,0.8183787128712872,6.142857142857143,Computational reversal candidate for further investigation.,467
manumycin a,-9.191112015493079e-05,3,6,3,7,0.5,0.6633663366336634,0.9418164038626086,5.714285714285714,Computational reversal candidate for further investigation.,468
ski ii,3.060098520188924e-05,2,4,2,4,0.5,0.6633663366336634,0.9418164038626086,5.75,No aggregate reversal under this configuration.,469
BRD-K17953061,5.2034779771362345e-05,2,4,2,4,0.5,0.39603960396039606,0.7572728769313987,5.5,No aggregate reversal under this configuration.,470
(s)-(-)-bay k 8644,0.00014402125618745258,0,1,0,1,0.0,0.594059405940594,0.9249861156328398,5.0,No aggregate reversal under this configuration.,471
bufalin,0.0002821127442056426,1,3,1,3,0.3333333333333333,0.504950495049505,0.8685580096471186,6.0,No aggregate reversal under this configuration.,472
afatinib,0.00032263609330804126,4,8,4,8,0.5,0.5247524752475248,0.8837358631260617,5.625,No aggregate reversal under this configuration.,473
topotecan hcl,0.00034686477779741903,1,2,1,2,0.5,0.5841584158415841,0.9202495592024955,5.0,No aggregate reversal under this configuration.,474
BRD-K41859756,0.00035651144392321536,3,7,3,7,0.42857142857142855,0.6633663366336634,0.9418164038626086,5.571428571428571,No aggregate reversal under this configuration.,475
KIN001-220,0.0003664924198111914,0,1,0,1,0.0,0.6138613861386139,0.9264367396149209,5.0,No aggregate reversal under this configuration.,476
vu0365117-1,0.00040618508360559195,0,1,0,1,0.0,0.5346534653465347,0.889248015710662,5.0,No aggregate reversal under this configuration.,477
BRD-K38625260,0.0004137474829423553,0,1,0,1,0.0,0.44554455445544555,0.8078003746320578,6.0,No aggregate reversal under this configuration.,478
triciribine,0.00045961168903675687,0,1,0,1,0.0,0.6336633663366337,0.9325393234021757,5.0,No aggregate reversal under this configuration.,479
naproxol,0.0005442269494901463,1,2,1,2,0.5,0.39603960396039606,0.7572728769313987,7.5,No aggregate reversal under this configuration.,480
bisindolylmaleimide iv,0.0005446421988647056,0,1,0,1,0.0,0.7425742574257426,0.9676398949799133,5.0,No aggregate reversal under this configuration.,481
s1362,0.0005494167982437025,0,1,0,1,0.0,0.5346534653465347,0.889248015710662,5.0,No aggregate reversal under this configuration.,482
BRD-K08448573,0.0007776541011844827,1,2,1,2,0.5,0.5346534653465347,0.889248015710662,6.0,No aggregate reversal under this configuration.,483
daunorubicin hydrochloride,0.0008345691480807355,1,2,1,2,0.5,0.45544554455445546,0.8183787128712872,5.5,No aggregate reversal under this configuration.,484
BRD-K86574132,0.000894246499718936,2,4,2,4,0.5,0.5544554455445545,0.8944621917101531,7.25,No aggregate reversal under this configuration.,485
BRD-K45818044,0.0008945539258204812,0,1,0,1,0.0,0.5445544554455446,0.8909884890928118,5.0,No aggregate reversal under this configuration.,486
akt inhibitor x,0.0009506669229441553,0,1,0,1,0.0,0.5544554455445545,0.8944621917101531,5.0,No aggregate reversal under this configuration.,487
BRD-K86761848,0.000990941742849868,0,1,0,1,0.0,0.5643564356435643,0.9014026402640263,6.0,No aggregate reversal under this configuration.,488
scriptaid,0.0010395636885794984,2,5,2,5,0.4,0.504950495049505,0.8685580096471186,6.4,No aggregate reversal under this configuration.,489
olvanil,0.0010471370960349804,0,1,0,1,0.0,0.594059405940594,0.9249861156328398,5.0,No aggregate reversal under this configuration.,490
tg101348,0.0011202658473714175,2,5,2,5,0.4,0.5247524752475248,0.8837358631260617,7.8,No aggregate reversal under this configuration.,491
zm 336372,0.0011268188722791958,1,3,1,3,0.3333333333333333,0.6138613861386139,0.9264367396149209,5.666666666666667,No aggregate reversal under this configuration.,492
idarubicin hcl,0.0011459860215589186,0,1,0,1,0.0,0.5445544554455446,0.8909884890928118,5.0,No aggregate reversal under this configuration.,493
BRD-K92317137,0.001185267364160995,7,15,7,16,0.4666666666666667,0.7821782178217822,0.9762069230178831,6.0625,No aggregate reversal under this configuration.,494
BRD-A20697603,0.0011855627979039315,0,3,0,3,0.0,0.6237623762376238,0.9264367396149209,6.0,No aggregate reversal under this configuration.,495
arachidonyl trifluoro-methyl ketone,0.0012990243346049026,2,6,2,6,0.3333333333333333,0.7326732673267327,0.9668884921279013,5.5,No aggregate reversal under this configuration.,496
bcl-2 inhibitor,0.001335338088090862,0,1,0,1,0.0,0.7029702970297029,0.9548442365035172,5.0,No aggregate reversal under this configuration.,497
BRD-K08316444,0.0013418676641355856,1,2,1,2,0.5,0.49504950495049505,0.8644573784927299,5.0,No aggregate reversal under this configuration.,498
C646,0.0013490486253414698,0,1,0,1,0.0,0.6138613861386139,0.9264367396149209,6.0,No aggregate reversal under this configuration.,499
methylandrostenediol,0.001481493940555587,0,1,0,1,0.0,0.42574257425742573,0.7824720828247208,6.0,No aggregate reversal under this configuration.,500
wortmannin,0.0015130562308990846,6,14,11,30,0.42857142857142855,0.6138613861386139,0.9264367396149209,5.933333333333334,No aggregate reversal under this configuration.,501
skf 96365 hydrochloride,0.0015390803127201002,1,2,1,2,0.5,0.6435643564356436,0.9385313531353136,5.5,No aggregate reversal under this configuration.,502
dorsomorphin dihydrochloride,0.0016023382935072814,2,4,3,5,0.5,0.5445544554455446,0.8909884890928118,5.8,No aggregate reversal under this configuration.,503
vx-680,0.0016240141529733128,1,3,1,3,0.3333333333333333,0.5643564356435643,0.9014026402640263,7.0,No aggregate reversal under this configuration.,504
hts 10859,0.0016428596635901785,0,1,0,1,0.0,0.504950495049505,0.8685580096471186,8.0,No aggregate reversal under this configuration.,505
lonidamine,0.001651933591792578,1,3,1,3,0.3333333333333333,0.5544554455445545,0.8944621917101531,5.333333333333333,No aggregate reversal under this configuration.,506
estradiol,0.0016701736367763752,0,1,0,1,0.0,0.504950495049505,0.8685580096471186,5.0,No aggregate reversal under this configuration.,507
UNC0638,0.0017237812330397912,1,2,1,2,0.5,0.6237623762376238,0.9264367396149209,5.0,No aggregate reversal under this configuration.,508
l-6307,0.0017630827183567318,1,2,1,2,0.5,0.5346534653465347,0.889248015710662,5.0,No aggregate reversal under this configuration.,509
BRD-K52080565,0.0018170375622150242,0,1,0,1,0.0,0.40594059405940597,0.7635097621911725,5.0,No aggregate reversal under this configuration.,510
nintedanib,0.0018580778516347138,1,2,1,2,0.5,0.6237623762376238,0.9264367396149209,5.5,No aggregate reversal under this configuration.,511
ncgc00183371-01,0.0018653048605506714,1,2,1,2,0.5,0.6039603960396039,0.9264367396149209,5.5,No aggregate reversal under this configuration.,512
BRD-K05153001,0.0018726523077075268,1,2,1,2,0.5,0.5544554455445545,0.8944621917101531,6.0,No aggregate reversal under this configuration.,513
BRD-K71726959,0.0018853126894498983,0,1,0,1,0.0,0.5445544554455446,0.8909884890928118,5.0,No aggregate reversal under this configuration.,514
s1170,0.0018995943353506458,1,2,1,2,0.5,0.5148514851485149,0.8837003103295406,5.0,No aggregate reversal under this configuration.,515
BRD-A36630025,0.0019243987396352327,5,10,5,10,0.5,0.594059405940594,0.9249861156328398,5.8,No aggregate reversal under this configuration.,516
arg-a1-22 brd-k91349888,0.0019335273915198573,0,1,0,1,0.0,0.6732673267326733,0.9491772294567462,5.0,No aggregate reversal under this configuration.,517
HG-6-64-01,0.001935259607421985,0,1,0,1,0.0,0.6435643564356436,0.9385313531353136,5.0,No aggregate reversal under this configuration.,518
BRD-U33728988,0.002005647523554978,0,1,0,1,0.0,0.6435643564356436,0.9385313531353136,5.0,No aggregate reversal under this configuration.,519
artesunate,0.0020105855778676605,0,1,0,1,0.0,0.5742574257425742,0.9117894037924502,5.0,No aggregate reversal under this configuration.,520
BRD-K28907958,0.002162258222274094,4,8,4,8,0.5,0.7128712871287128,0.9548442365035172,5.75,No aggregate reversal under this configuration.,521
BRD-K33720394,0.002340914643308884,0,1,0,1,0.0,0.7128712871287128,0.9548442365035172,6.0,No aggregate reversal under this configuration.,522
BRD-K85123403,0.002366147174889837,0,1,0,1,0.0,0.6039603960396039,0.9264367396149209,5.0,No aggregate reversal under this configuration.,523
BRD-K62970326,0.002369119005911146,0,1,0,1,0.0,0.7029702970297029,0.9548442365035172,5.0,No aggregate reversal under this configuration.,524
BRD-K88198340,0.002395661689893495,0,1,0,1,0.0,0.46534653465346537,0.8306074509890014,6.0,No aggregate reversal under this configuration.,525
BRD-K43620258,0.0024089331411733927,2,5,2,5,0.4,0.6633663366336634,0.9418164038626086,5.8,No aggregate reversal under this configuration.,526
a-275,0.002496694459745463,0,1,0,1,0.0,0.5346534653465347,0.889248015710662,6.0,No aggregate reversal under this configuration.,527
BRD-K85818861,0.002507818182473604,0,1,0,1,0.0,0.6633663366336634,0.9418164038626086,7.0,No aggregate reversal under this configuration.,528
mk-0591,0.0025432814391767207,2,4,2,4,0.5,0.5445544554455446,0.8909884890928118,6.75,No aggregate reversal under this configuration.,529
le 135,0.0026216973710820636,1,2,1,2,0.5,0.6039603960396039,0.9264367396149209,5.5,No aggregate reversal under this configuration.,530
cyclosporine,0.0026291887844128708,1,3,1,3,0.3333333333333333,0.5643564356435643,0.9014026402640263,5.666666666666667,No aggregate reversal under this configuration.,531
BRD-K49010888,0.0027378048040081785,1,3,1,3,0.3333333333333333,0.6336633663366337,0.9325393234021757,5.666666666666667,No aggregate reversal under this configuration.,532
nocodazole,0.002754505320381219,1,2,1,2,0.5,0.5544554455445545,0.8944621917101531,5.5,No aggregate reversal under this configuration.,533
pi 828,0.0027674757811275317,1,3,1,3,0.3333333333333333,0.6039603960396039,0.9264367396149209,6.666666666666667,No aggregate reversal under this configuration.,534
ikk 16,0.0028755967836885344,1,3,1,3,0.3333333333333333,0.4752475247524752,0.837142795242325,5.666666666666667,No aggregate reversal under this configuration.,535
LY2603618,0.003151092588710119,0,1,0,1,0.0,0.7029702970297029,0.9548442365035172,7.0,No aggregate reversal under this configuration.,536
tgx-115,0.0031763678982349177,2,4,2,4,0.5,0.6435643564356436,0.9385313531353136,5.0,No aggregate reversal under this configuration.,537
digoxigenin,0.003234299379302282,1,2,1,2,0.5,0.594059405940594,0.9249861156328398,6.0,No aggregate reversal under this configuration.,538
BRD-K53903639,0.0032457174739278175,1,2,1,2,0.5,0.6633663366336634,0.9418164038626086,6.0,No aggregate reversal under this configuration.,539
ncgc00185090-03,0.0032536213567793794,1,2,1,2,0.5,0.5247524752475248,0.8837358631260617,8.5,No aggregate reversal under this configuration.,540
nnc 05-2090 hydrochloride,0.0033057473558665007,0,1,0,1,0.0,0.6237623762376238,0.9264367396149209,5.0,No aggregate reversal under this configuration.,541
BRD-K60870698,0.0033258534518189123,0,1,0,1,0.0,0.6237623762376238,0.9264367396149209,7.0,No aggregate reversal under this configuration.,542
BRD-U25771771,0.003420236856585389,0,2,0,2,0.0,0.5544554455445545,0.8944621917101531,6.0,No aggregate reversal under this configuration.,543
nan-190 hydrobromide,0.0034319656764273676,0,1,0,1,0.0,0.6237623762376238,0.9264367396149209,6.0,No aggregate reversal under this configuration.,544
doxorubicin,0.0034561801595090974,2,4,2,4,0.5,0.5544554455445545,0.8944621917101531,5.25,No aggregate reversal under this configuration.,545
tpca-1,0.0035638396086979753,1,4,1,4,0.25,0.6336633663366337,0.9325393234021757,5.5,No aggregate reversal under this configuration.,546
s-8599,0.0036018581423799484,1,2,1,2,0.5,0.7524752475247525,0.9676398949799133,6.0,No aggregate reversal under this configuration.,547
prestw-550,0.0036194843909875957,0,1,0,1,0.0,0.5742574257425742,0.9117894037924502,6.0,No aggregate reversal under this configuration.,548
tpl2,0.003640197430907986,0,1,0,1,0.0,0.6534653465346535,0.9418164038626086,5.0,No aggregate reversal under this configuration.,549
gemcitabine,0.003664531061171884,1,2,1,2,0.5,0.6534653465346535,0.9418164038626086,5.0,No aggregate reversal under this configuration.,550
cccp,0.003690150708142909,2,4,2,4,0.5,0.6237623762376238,0.9264367396149209,5.5,No aggregate reversal under this configuration.,551
BRD-K65050353,0.0037934520093350597,0,1,0,1,0.0,0.7029702970297029,0.9548442365035172,5.0,No aggregate reversal under this configuration.,552
k784-3187,0.003892604562254506,0,1,0,1,0.0,0.5247524752475248,0.8837358631260617,5.0,No aggregate reversal under this configuration.,553
sirolimus,0.003943557209156909,2,6,2,6,0.3333333333333333,0.7326732673267327,0.9668884921279013,5.833333333333333,No aggregate reversal under this configuration.,554
1391-0741,0.004150355241937472,1,2,1,2,0.5,0.6039603960396039,0.9264367396149209,5.5,No aggregate reversal under this configuration.,555
pp-30,0.004162714271161841,0,1,0,1,0.0,0.7029702970297029,0.9548442365035172,5.0,No aggregate reversal under this configuration.,556
hy-10459,0.004190504081090189,1,3,1,3,0.3333333333333333,0.5247524752475248,0.8837358631260617,5.333333333333333,No aggregate reversal under this configuration.,557
cercosporin,0.004266159386395026,0,1,0,1,0.0,0.6138613861386139,0.9264367396149209,5.0,No aggregate reversal under this configuration.,558
ivermectin,0.004276797780457505,1,2,1,2,0.5,0.6336633663366337,0.9325393234021757,5.0,No aggregate reversal under this configuration.,559
ncgc00165289-01,0.00441727067129892,1,2,1,2,0.5,0.6633663366336634,0.9418164038626086,5.0,No aggregate reversal under this configuration.,560
BRD-K70161581,0.004459199960090675,0,1,0,1,0.0,0.5742574257425742,0.9117894037924502,6.0,No aggregate reversal under this configuration.,561
BRD-K56343971,0.0044775852331991545,0,2,0,2,0.0,0.5247524752475248,0.8837358631260617,10.5,No aggregate reversal under this configuration.,562
mw-ras12,0.00450806298738819,1,2,1,2,0.5,0.6831683168316832,0.9498281434361053,7.0,No aggregate reversal under this configuration.,563
BRD-K12184916,0.004516166187130921,2,7,2,7,0.2857142857142857,0.6633663366336634,0.9418164038626086,6.285714285714286,No aggregate reversal under this configuration.,564
valdecoxib,0.004642275789140823,2,4,2,4,0.5,0.7425742574257426,0.9676398949799133,5.5,No aggregate reversal under this configuration.,565
toremifene,0.004685278402921263,0,1,0,1,0.0,0.6237623762376238,0.9264367396149209,6.0,No aggregate reversal under this configuration.,566
jak3 inhibitor vi,0.004703458929335904,1,4,1,4,0.25,0.6732673267326733,0.9491772294567462,5.75,No aggregate reversal under this configuration.,567
mg-132,0.004735677394781547,1,4,1,4,0.25,0.7128712871287128,0.9548442365035172,6.25,No aggregate reversal under this configuration.,568
BRD-K25737009,0.004866086419603305,1,3,1,3,0.3333333333333333,0.6831683168316832,0.9498281434361053,5.0,No aggregate reversal under this configuration.,569
BRD-K53610452,0.004869898851226817,0,1,0,1,0.0,0.7623762376237624,0.9695306023493344,6.0,No aggregate reversal under this configuration.,570
BRD-K54256913,0.004923633147288905,0,3,0,3,0.0,0.693069306930693,0.9548442365035172,5.666666666666667,No aggregate reversal under this configuration.,571
BRD-K55116708,0.005183173603693626,0,1,0,1,0.0,0.6831683168316832,0.9498281434361053,5.0,No aggregate reversal under this configuration.,572
BRD-A52193669,0.005261701849727619,0,1,0,1,0.0,0.693069306930693,0.9548442365035172,7.0,No aggregate reversal under this configuration.,573
brivanib,0.005379485620911765,0,1,0,1,0.0,0.7524752475247525,0.9676398949799133,5.0,No aggregate reversal under this configuration.,574
levonorgestrel,0.005391892839562397,0,1,0,1,0.0,0.5643564356435643,0.9014026402640263,6.0,No aggregate reversal under this configuration.,575
testosterone,0.005391892839562397,0,1,0,1,0.0,0.5445544554455446,0.8909884890928118,6.0,No aggregate reversal under this configuration.,576
CH5424802,0.0054310055348996324,0,1,0,1,0.0,0.594059405940594,0.9249861156328398,7.0,No aggregate reversal under this configuration.,577
BRD-K89692698,0.005450619928953413,0,1,0,1,0.0,0.7524752475247525,0.9676398949799133,5.0,No aggregate reversal under this configuration.,578
parthenolide,0.005531325204048011,3,7,3,7,0.42857142857142855,0.7524752475247525,0.9676398949799133,5.142857142857143,No aggregate reversal under this configuration.,579
azd8055,0.005578199002192952,0,7,0,7,0.0,0.6633663366336634,0.9418164038626086,5.428571428571429,No aggregate reversal under this configuration.,580
clobenpropit dihydrobromide,0.005607907363756849,0,1,0,1,0.0,0.6039603960396039,0.9264367396149209,6.0,No aggregate reversal under this configuration.,581
CHIR-99021,0.005613915591512119,1,2,1,2,0.5,0.693069306930693,0.9548442365035172,5.0,No aggregate reversal under this configuration.,582
ag-879,0.005710304119952296,1,2,1,2,0.5,0.594059405940594,0.9249861156328398,6.5,No aggregate reversal under this configuration.,583
tegaserod,0.005765263432457568,0,1,0,1,0.0,0.801980198019802,0.9811459869391195,5.0,No aggregate reversal under this configuration.,584
BRD-K72238567,0.0059194155966868795,1,3,1,3,0.3333333333333333,0.6237623762376238,0.9264367396149209,6.333333333333333,No aggregate reversal under this configuration.,585
r406,0.006009485919453749,0,1,0,1,0.0,0.693069306930693,0.9548442365035172,5.0,No aggregate reversal under this configuration.,586
pf 750,0.006021871532916284,1,3,1,3,0.3333333333333333,0.8415841584158416,0.9904608881940826,6.0,No aggregate reversal under this configuration.,587
purvalanol a,0.006176793404287912,1,2,1,2,0.5,0.6534653465346535,0.9418164038626086,5.0,No aggregate reversal under this configuration.,588
thapsigargin,0.006383319000871751,0,2,0,2,0.0,0.6633663366336634,0.9418164038626086,6.0,No aggregate reversal under this configuration.,589
BRD-K37194137,0.006396061406746294,0,1,0,1,0.0,0.6831683168316832,0.9498281434361053,5.0,No aggregate reversal under this configuration.,590
s1042,0.006403354187769379,1,3,1,3,0.3333333333333333,0.7821782178217822,0.9762069230178831,6.0,No aggregate reversal under this configuration.,591
ncgc00186101-01,0.006404448735304549,0,1,0,1,0.0,0.6237623762376238,0.9264367396149209,5.0,No aggregate reversal under this configuration.,592
BRD-K28366633,0.006466953457271813,1,2,1,2,0.5,0.7128712871287128,0.9548442365035172,5.0,No aggregate reversal under this configuration.,593
ei-332,0.006652356590456444,0,2,0,2,0.0,0.801980198019802,0.9811459869391195,5.5,No aggregate reversal under this configuration.,594
akti-1/2,0.00667736942474337,1,4,1,4,0.25,0.8415841584158416,0.9904608881940826,6.0,No aggregate reversal under this configuration.,595
BRD-K78385490,0.006684628115911402,1,2,1,2,0.5,0.7425742574257426,0.9676398949799133,8.0,No aggregate reversal under this configuration.,596
s1057,0.006762464948781347,1,3,1,3,0.3333333333333333,0.7326732673267327,0.9668884921279013,7.0,No aggregate reversal under this configuration.,597
np-009265,0.006765546548349127,0,1,0,1,0.0,0.7722772277227723,0.9729001069120997,5.0,No aggregate reversal under this configuration.,598
BRD-K11663430,0.006801628803584838,0,1,0,1,0.0,0.7227722772277227,0.9632974886892661,5.0,No aggregate reversal under this configuration.,599
tacrolimus,0.006831212032438425,0,1,0,1,0.0,0.8217821782178217,0.9888410365700248,5.0,No aggregate reversal under this configuration.,600
pivmecillinam hydrochloride,0.006846524216798303,0,1,0,1,0.0,0.7920792079207921,0.9764529286006702,5.0,No aggregate reversal under this configuration.,601
BRD-K20492338,0.006915188324097305,0,1,0,1,0.0,0.7326732673267327,0.9668884921279013,5.0,No aggregate reversal under this configuration.,602
BRD-K10705233,0.00692778244633125,1,2,1,2,0.5,0.6138613861386139,0.9264367396149209,9.5,No aggregate reversal under this configuration.,603
azacyclonol,0.006999762005422811,0,1,0,1,0.0,0.8118811881188119,0.9813278625159814,5.0,No aggregate reversal under this configuration.,604
BRD-K26664453,0.007014020716883453,0,2,0,2,0.0,0.6237623762376238,0.9264367396149209,6.5,No aggregate reversal under this configuration.,605
BRD-K58288048,0.007106859806564309,1,2,1,2,0.5,0.7128712871287128,0.9548442365035172,5.5,No aggregate reversal under this configuration.,606
kuc104488 kuc104488n,0.0071522433406192385,0,1,0,1,0.0,0.7821782178217822,0.9762069230178831,6.0,No aggregate reversal under this configuration.,607
rottlerin ncgc00025228-11,0.007178767845308871,2,7,2,7,0.2857142857142857,0.7128712871287128,0.9548442365035172,5.857142857142857,No aggregate reversal under this configuration.,608
pkcbeta inhibitor,0.007262561502226251,0,1,0,1,0.0,0.6831683168316832,0.9498281434361053,5.0,No aggregate reversal under this configuration.,609
ncgc00185094-01,0.007311285014450195,1,2,1,2,0.5,0.7326732673267327,0.9668884921279013,7.0,No aggregate reversal under this configuration.,610
KW-2449,0.007355462909554819,1,2,1,2,0.5,0.7920792079207921,0.9764529286006702,5.0,No aggregate reversal under this configuration.,611
BRD-K61717269,0.007377757551544179,1,3,1,3,0.3333333333333333,0.7524752475247525,0.9676398949799133,6.0,No aggregate reversal under this configuration.,612
s1367,0.007409327764684738,1,2,1,2,0.5,0.7623762376237624,0.9695306023493344,5.5,No aggregate reversal under this configuration.,613
cot-10b,0.00741638295467628,1,7,1,7,0.14285714285714285,0.7623762376237624,0.9695306023493344,5.714285714285714,No aggregate reversal under this configuration.,614
BRD-K08463963,0.0075375430363526594,0,1,0,1,0.0,0.8811881188118812,1.0,6.0,No aggregate reversal under this configuration.,615
fccp,0.007538622249705526,1,3,1,3,0.3333333333333333,0.6336633663366337,0.9325393234021757,5.666666666666667,No aggregate reversal under this configuration.,616
hy-10044,0.007712142510063532,1,4,1,4,0.25,0.7623762376237624,0.9695306023493344,5.25,No aggregate reversal under this configuration.,617
BRD-K67870070,0.00784053232610972,0,1,0,1,0.0,0.7326732673267327,0.9668884921279013,6.0,No aggregate reversal under this configuration.,618
hy-50767,0.007911866058086914,1,2,1,2,0.5,0.6831683168316832,0.9498281434361053,5.5,No aggregate reversal under this configuration.,619
KIN001-244,0.0079149155507112,0,1,0,1,0.0,0.8514851485148515,0.9919617142611511,5.0,No aggregate reversal under this configuration.,620
BRD-K35424586,0.00820247394401888,0,1,0,1,0.0,0.6732673267326733,0.9491772294567462,7.0,No aggregate reversal under this configuration.,621
NVP-BGJ398,0.008236851449288375,0,1,0,1,0.0,0.8118811881188119,0.9813278625159814,5.0,No aggregate reversal under this configuration.,622
moclobemide,0.008329728649961114,0,1,0,1,0.0,0.5841584158415841,0.9202495592024955,5.0,No aggregate reversal under this configuration.,623
paroxetine,0.008329728649961114,0,1,0,1,0.0,0.7821782178217822,0.9762069230178831,5.0,No aggregate reversal under this configuration.,624
bms-536924,0.008356694478716507,1,4,1,4,0.25,0.7128712871287128,0.9548442365035172,7.0,No aggregate reversal under this configuration.,625
BRD-K49371609,0.008365215180182347,2,7,2,7,0.2857142857142857,0.7920792079207921,0.9764529286006702,6.142857142857143,No aggregate reversal under this configuration.,626
api-2,0.008523927330364025,0,2,0,2,0.0,0.7524752475247525,0.9676398949799133,6.5,No aggregate reversal under this configuration.,627
psb 36,0.00872886235390865,0,1,0,1,0.0,0.7425742574257426,0.9676398949799133,5.0,No aggregate reversal under this configuration.,628
BRD-K49861754,0.008745755088223655,0,1,0,1,0.0,0.8118811881188119,0.9813278625159814,5.0,No aggregate reversal under this configuration.,629
doxorubicin hydrochloride,0.008847250747256459,1,3,1,3,0.3333333333333333,0.8118811881188119,0.9813278625159814,5.0,No aggregate reversal under this configuration.,630
ifenprodil tartrate,0.008879438410375997,0,1,0,1,0.0,0.7128712871287128,0.9548442365035172,5.0,No aggregate reversal under this configuration.,631
scoulerine,0.008886022989669916,0,1,0,1,0.0,0.7524752475247525,0.9676398949799133,5.0,No aggregate reversal under this configuration.,632
hy-10159,0.008969673844927459,0,2,0,2,0.0,0.7029702970297029,0.9548442365035172,6.0,No aggregate reversal under this configuration.,633
BRD-K15563106,0.008985081543256921,1,2,1,2,0.5,0.6534653465346535,0.9418164038626086,5.5,No aggregate reversal under this configuration.,634
BRD-K69852452,0.0090202001020002,1,3,1,3,0.3333333333333333,0.8910891089108911,1.0,5.333333333333333,No aggregate reversal under this configuration.,635
BRD-K08307026,0.009341454204083093,1,4,1,4,0.25,0.8712871287128713,0.9991255535809991,5.25,No aggregate reversal under this configuration.,636
BRD-K02562327,0.009420258975951303,0,1,0,1,0.0,0.8217821782178217,0.9888410365700248,5.0,No aggregate reversal under this configuration.,637
perhexiline maleate,0.00942846034250257,0,3,0,3,0.0,0.7524752475247525,0.9676398949799133,7.0,No aggregate reversal under this configuration.,638
s1266,0.009620970774607704,0,1,0,1,0.0,0.8316831683168316,0.9889290258420228,6.0,No aggregate reversal under this configuration.,639
isoliquiritigenin,0.00965058448520995,0,1,0,1,0.0,0.8118811881188119,0.9813278625159814,5.0,No aggregate reversal under this configuration.,640
mln2238,0.00976760402204255,2,6,2,6,0.3333333333333333,0.900990099009901,1.0,7.833333333333333,No aggregate reversal under this configuration.,641
bay 11-7821,0.009902439406871705,0,1,0,1,0.0,0.8316831683168316,0.9889290258420228,5.0,No aggregate reversal under this configuration.,642
BRD-K34363599,0.009907244705170095,0,2,0,2,0.0,0.8712871287128713,0.9991255535809991,5.5,No aggregate reversal under this configuration.,643
BRD-K77480336,0.009911973610532426,0,1,0,1,0.0,0.801980198019802,0.9811459869391195,5.0,No aggregate reversal under this configuration.,644
sch 58261,0.00998072860303353,0,1,0,1,0.0,0.8118811881188119,0.9813278625159814,5.0,No aggregate reversal under this configuration.,645
pp-110,0.010050387636998719,2,5,2,5,0.4,0.7128712871287128,0.9548442365035172,7.0,No aggregate reversal under this configuration.,646
thiostrepton,0.01028447971656063,1,2,1,2,0.5,0.7920792079207921,0.9764529286006702,8.0,No aggregate reversal under this configuration.,647
nilotinib,0.01030000001603162,0,1,0,1,0.0,0.7920792079207921,0.9764529286006702,6.0,No aggregate reversal under this configuration.,648
emetine dihydrochloride hydrate (74),0.010352758190166577,1,4,1,4,0.25,0.801980198019802,0.9811459869391195,5.5,No aggregate reversal under this configuration.,649
niguldipine,0.010352903130543437,0,2,0,2,0.0,0.7425742574257426,0.9676398949799133,7.0,No aggregate reversal under this configuration.,650
ei-215,0.010458071306036338,1,2,1,2,0.5,0.8811881188118812,1.0,6.0,No aggregate reversal under this configuration.,651
BRD-K94325918,0.010560027922826261,1,4,1,4,0.25,0.8613861386138614,0.9948577354148614,6.25,No aggregate reversal under this configuration.,652
BRD-K81473043,0.01056533798901656,1,4,1,4,0.25,0.9207920792079208,1.0,6.25,No aggregate reversal under this configuration.,653
azacytidine-5,0.01089094526535479,0,1,0,1,0.0,0.7524752475247525,0.9676398949799133,7.0,No aggregate reversal under this configuration.,654
BRD-K90735586,0.010936501325250078,0,1,0,1,0.0,0.8811881188118812,1.0,5.0,No aggregate reversal under this configuration.,655
BRD-K31342827,0.010937352582202329,0,4,0,4,0.0,0.8415841584158416,0.9904608881940826,5.25,No aggregate reversal under this configuration.,656
zk 164015,0.010977077677837949,0,1,0,1,0.0,0.6831683168316832,0.9498281434361053,5.0,No aggregate reversal under this configuration.,657
BRD-A80960055,0.011273254225376665,0,1,0,1,0.0,0.8514851485148515,0.9919617142611511,5.0,No aggregate reversal under this configuration.,658
bibr1532,0.011393799764801893,0,1,0,1,0.0,0.8217821782178217,0.9888410365700248,7.0,No aggregate reversal under this configuration.,659
ro 31-8220 mesylate,0.011459580721682024,1,5,1,5,0.2,0.8514851485148515,0.9919617142611511,5.4,No aggregate reversal under this configuration.,660
hki-272,0.01147275441864753,0,2,0,2,0.0,0.8712871287128713,0.9991255535809991,5.5,No aggregate reversal under this configuration.,661
BRD-U00779237,0.011482984761680887,0,2,0,2,0.0,0.7227722772277227,0.9632974886892661,5.0,No aggregate reversal under this configuration.,662
parbendazole,0.011514412309912911,0,2,0,2,0.0,0.7722772277227723,0.9729001069120997,5.0,No aggregate reversal under this configuration.,663
evista,0.011550107396660559,0,1,0,1,0.0,0.7623762376237624,0.9695306023493344,5.0,No aggregate reversal under this configuration.,664
thioridazine hydrochloride,0.011563441502510433,0,2,0,2,0.0,0.7029702970297029,0.9548442365035172,7.0,No aggregate reversal under this configuration.,665
simvastatin,0.011568943972416965,0,1,0,1,0.0,0.7623762376237624,0.9695306023493344,6.0,No aggregate reversal under this configuration.,666
z-leu3-vs,0.011613903782450174,0,2,0,2,0.0,0.8712871287128713,0.9991255535809991,6.0,No aggregate reversal under this configuration.,667
paclitaxel,0.011616758419713734,0,1,0,1,0.0,0.7821782178217822,0.9762069230178831,5.0,No aggregate reversal under this configuration.,668
er 27319 maleate,0.011626500639097752,1,3,1,3,0.3333333333333333,0.8118811881188119,0.9813278625159814,5.333333333333333,No aggregate reversal under this configuration.,669
BRD-K02113016,0.011641077382927013,0,1,0,1,0.0,0.7722772277227723,0.9729001069120997,5.0,No aggregate reversal under this configuration.,670
vu0365118-1,0.01168175811000351,0,1,0,1,0.0,0.8613861386138614,0.9948577354148614,5.0,No aggregate reversal under this configuration.,671
gw 843682x,0.011702291681368384,0,2,0,2,0.0,0.8811881188118812,1.0,7.5,No aggregate reversal under this configuration.,672
BRD-K19220233,0.011703301779112288,0,2,0,2,0.0,0.7623762376237624,0.9695306023493344,6.0,No aggregate reversal under this configuration.,673
s1022,0.011722674367363113,0,1,0,1,0.0,0.801980198019802,0.9811459869391195,5.0,No aggregate reversal under this configuration.,674
BRD-K06666320,0.011734929417091157,1,4,1,4,0.25,0.8811881188118812,1.0,6.25,No aggregate reversal under this configuration.,675
BRD-K65955264,0.011820413349070831,0,1,0,1,0.0,0.6831683168316832,0.9498281434361053,10.0,No aggregate reversal under this configuration.,676
lovastatin,0.011890369740650346,0,1,0,1,0.0,0.7722772277227723,0.9729001069120997,7.0,No aggregate reversal under this configuration.,677
zileuton,0.012183471088081035,0,1,0,1,0.0,0.6534653465346535,0.9418164038626086,5.0,No aggregate reversal under this configuration.,678
b4313,0.012221155522907121,0,1,0,1,0.0,0.7722772277227723,0.9729001069120997,5.0,No aggregate reversal under this configuration.,679
ei-156,0.012266436394196964,1,2,1,2,0.5,0.7227722772277227,0.9632974886892661,6.5,No aggregate reversal under this configuration.,680
oxibendazole,0.012330673235272382,0,1,0,1,0.0,0.8316831683168316,0.9889290258420228,5.0,No aggregate reversal under this configuration.,681
BS-181,0.012356714589398268,0,1,0,1,0.0,0.9306930693069307,1.0,5.0,No aggregate reversal under this configuration.,682
BRD-K61175124,0.012624941456365694,0,1,0,1,0.0,0.900990099009901,1.0,5.0,No aggregate reversal under this configuration.,683
BRD-K50234570,0.012775207591763118,2,5,2,6,0.4,0.9504950495049505,1.0,6.0,No aggregate reversal under this configuration.,684
etodolac,0.012781040915391735,0,1,0,1,0.0,0.7722772277227723,0.9729001069120997,5.0,No aggregate reversal under this configuration.,685
ncgc00238548-02,0.01279220589191524,0,1,0,1,0.0,0.9405940594059405,1.0,5.0,No aggregate reversal under this configuration.,686
a-1065,0.01281330044801477,1,2,1,2,0.5,0.8316831683168316,0.9889290258420228,5.5,No aggregate reversal under this configuration.,687
BRD-K68548958,0.013174244866250361,0,6,0,6,0.0,0.9504950495049505,1.0,5.5,No aggregate reversal under this configuration.,688
BRD-K55844427,0.01328378577162838,0,1,0,1,0.0,0.8910891089108911,1.0,7.0,No aggregate reversal under this configuration.,689
ro 28-1675 ?,0.013525219949634164,1,9,1,9,0.1111111111111111,0.8910891089108911,1.0,7.0,No aggregate reversal under this configuration.,690
BRD-K15916856,0.013599931336322292,0,1,0,1,0.0,0.8316831683168316,0.9889290258420228,5.0,No aggregate reversal under this configuration.,691
BRD-K53414658,0.013612079931516575,0,1,0,1,0.0,0.7029702970297029,0.9548442365035172,5.0,No aggregate reversal under this configuration.,692
BRD-K00007652,0.01374593819971743,0,1,0,1,0.0,0.8613861386138614,0.9948577354148614,5.0,No aggregate reversal under this configuration.,693
kf 38789,0.01374593819971743,0,1,0,1,0.0,0.8415841584158416,0.9904608881940826,5.0,No aggregate reversal under this configuration.,694
dactinomycin,0.014045150401390658,0,2,0,2,0.0,0.8415841584158416,0.9904608881940826,6.5,No aggregate reversal under this configuration.,695
BRD-K01896723,0.014220075933481704,0,1,0,1,0.0,0.693069306930693,0.9548442365035172,5.0,No aggregate reversal under this configuration.,696
BRD-K37798499,0.014434212707573656,0,2,0,2,0.0,0.9702970297029703,1.0,6.0,No aggregate reversal under this configuration.,697
SAR-245408,0.01445906029567894,0,1,0,1,0.0,0.8910891089108911,1.0,6.0,No aggregate reversal under this configuration.,698
chr 2797,0.014477393208062227,1,4,1,4,0.25,0.8514851485148515,0.9919617142611511,6.75,No aggregate reversal under this configuration.,699
cyt997,0.014496179296181912,0,2,0,2,0.0,0.8910891089108911,1.0,5.5,No aggregate reversal under this configuration.,700
NVP-BGT226,0.014659405384521122,3,7,3,7,0.42857142857142855,0.9702970297029703,1.0,5.285714285714286,No aggregate reversal under this configuration.,701
BRD-K03176945,0.014794632490134553,0,1,0,1,0.0,0.8910891089108911,1.0,5.0,No aggregate reversal under this configuration.,702
WH-4-025,0.014951251218750457,0,1,0,1,0.0,0.9207920792079208,1.0,5.0,No aggregate reversal under this configuration.,703
11k-629s,0.015049271484277486,0,2,0,2,0.0,0.9603960396039604,1.0,5.0,No aggregate reversal under this configuration.,704
carbazol-9-yl-p-tolyl-methanone,0.015064753887931711,1,2,1,2,0.5,0.9108910891089109,1.0,5.5,No aggregate reversal under this configuration.,705
t542500,0.015087728339877256,2,5,2,5,0.4,0.9504950495049505,1.0,5.0,No aggregate reversal under this configuration.,706
mk-2206,0.01529855955569503,0,1,0,1,0.0,0.6732673267326733,0.9491772294567462,8.0,No aggregate reversal under this configuration.,707
aminopurvalanol a,0.015557740181180911,0,3,0,3,0.0,0.8118811881188119,0.9813278625159814,6.0,No aggregate reversal under this configuration.,708
CX-5461,0.0157783509716813,1,2,1,2,0.5,0.9603960396039604,1.0,7.0,No aggregate reversal under this configuration.,709
"clomiphene citrate (z,e)",0.015807242288505816,0,1,0,1,0.0,0.8910891089108911,1.0,6.0,No aggregate reversal under this configuration.,710
vincristine sulfate,0.015810514362369278,1,3,1,3,0.3333333333333333,0.9603960396039604,1.0,5.0,No aggregate reversal under this configuration.,711
BRD-K58479490,0.01589539485448706,0,2,0,2,0.0,0.9306930693069307,1.0,5.5,No aggregate reversal under this configuration.,712
SGI-1776,0.015920180946404704,0,1,0,1,0.0,0.8514851485148515,0.9919617142611511,5.0,No aggregate reversal under this configuration.,713
KIN001-043,0.015989727299405163,1,4,1,4,0.25,0.9405940594059405,1.0,6.0,No aggregate reversal under this configuration.,714
BRD-A40431293,0.016037054442243813,1,2,1,2,0.5,0.8811881188118812,1.0,6.5,No aggregate reversal under this configuration.,715
I-BET,0.016097944647849943,2,5,2,5,0.4,0.9702970297029703,1.0,6.0,No aggregate reversal under this configuration.,716
BRD-K53780220,0.016534277127457815,0,2,0,2,0.0,0.9207920792079208,1.0,5.0,No aggregate reversal under this configuration.,717
podofilox,0.01654052204693332,0,1,0,1,0.0,0.7920792079207921,0.9764529286006702,6.0,No aggregate reversal under this configuration.,718
BRD-K37865504,0.016700232654004846,1,3,1,3,0.3333333333333333,0.9108910891089109,1.0,5.0,No aggregate reversal under this configuration.,719
brazilin,0.016867134262698355,0,1,0,1,0.0,0.7920792079207921,0.9764529286006702,8.0,No aggregate reversal under this configuration.,720
mirtazapine,0.017007736676015104,0,1,0,1,0.0,0.8415841584158416,0.9904608881940826,8.0,No aggregate reversal under this configuration.,721
norgestrel,0.01710511761582182,0,1,0,1,0.0,0.7524752475247525,0.9676398949799133,5.0,No aggregate reversal under this configuration.,722
BRD-A60245366,0.01712379739509798,0,2,0,2,0.0,0.900990099009901,1.0,5.0,No aggregate reversal under this configuration.,723
ac-1121,0.017228464789475772,0,1,0,1,0.0,0.9405940594059405,1.0,5.0,No aggregate reversal under this configuration.,724
homosalate,0.0172834760504243,0,1,0,1,0.0,0.7821782178217822,0.9762069230178831,7.0,No aggregate reversal under this configuration.,725
sib 1893,0.0172834760504243,0,3,0,3,0.0,0.9207920792079208,1.0,7.333333333333333,No aggregate reversal under this configuration.,726
BRD-K32501161,0.017518921891793767,0,1,0,1,0.0,0.9207920792079208,1.0,5.0,No aggregate reversal under this configuration.,727
BRD-A68065211,0.017597720708650524,0,1,0,1,0.0,0.7425742574257426,0.9676398949799133,7.0,No aggregate reversal under this configuration.,728
nisoldipine,0.017670268662319445,0,1,0,1,0.0,0.900990099009901,1.0,6.0,No aggregate reversal under this configuration.,729
BRD-K85853281,0.017768229373194118,0,1,0,1,0.0,0.8712871287128713,0.9991255535809991,5.0,No aggregate reversal under this configuration.,730
BRD-K57080016,0.01792911630294014,1,4,1,4,0.25,0.8316831683168316,0.9889290258420228,6.5,No aggregate reversal under this configuration.,731
bms-754807,0.018042271660310538,0,4,0,4,0.0,0.8613861386138614,0.9948577354148614,6.5,No aggregate reversal under this configuration.,732
SB-203580,0.01813180477582594,0,1,0,1,0.0,0.9702970297029703,1.0,5.0,No aggregate reversal under this configuration.,733
BRD-K19295594,0.018146238369691134,0,2,0,2,0.0,0.8514851485148515,0.9919617142611511,7.5,No aggregate reversal under this configuration.,734
vu0418947-2,0.018572933335890978,1,3,1,3,0.3333333333333333,0.9702970297029703,1.0,6.0,No aggregate reversal under this configuration.,735
BRD-K87343924 (wortmannin),0.018692112348360726,0,1,0,1,0.0,0.9801980198019802,1.0,5.0,No aggregate reversal under this configuration.,736
hy-11001,0.01886222438808126,1,4,1,4,0.25,0.9504950495049505,1.0,6.25,No aggregate reversal under this configuration.,737
WZ-4002,0.019031302587547334,0,1,0,1,0.0,0.9801980198019802,1.0,5.0,No aggregate reversal under this configuration.,738
BRD-K68007270,0.019090634717890017,0,1,0,1,0.0,0.9306930693069307,1.0,6.0,No aggregate reversal under this configuration.,739
m-3m3fbs,0.01960435580649926,0,1,0,1,0.0,0.8415841584158416,0.9904608881940826,5.0,No aggregate reversal under this configuration.,740
12k-613s,0.019816177548344367,0,1,0,1,0.0,0.9603960396039604,1.0,6.0,No aggregate reversal under this configuration.,741
as605240,0.019933632260662144,1,4,1,4,0.25,0.9207920792079208,1.0,8.0,No aggregate reversal under this configuration.,742
hy-11009,0.02016019084453167,1,3,1,3,0.3333333333333333,0.9801980198019802,1.0,5.0,No aggregate reversal under this configuration.,743
BRD-K66792149,0.020261362544869634,1,3,1,3,0.3333333333333333,0.9405940594059405,1.0,5.666666666666667,No aggregate reversal under this configuration.,744
BRD-K92158425,0.02027206349762361,0,1,0,1,0.0,0.8811881188118812,1.0,5.0,No aggregate reversal under this configuration.,745
5-azacytidine,0.020293547361375792,0,1,0,1,0.0,0.8613861386138614,0.9948577354148614,5.0,No aggregate reversal under this configuration.,746
hy-10161,0.020386176592870512,0,1,0,1,0.0,0.9306930693069307,1.0,8.0,No aggregate reversal under this configuration.,747
SYK-inhibitor,0.020655129021371767,0,1,0,1,0.0,0.9504950495049505,1.0,6.0,No aggregate reversal under this configuration.,748
BRD-K09485525,0.02076488707602549,0,1,0,1,0.0,0.7920792079207921,0.9764529286006702,6.0,No aggregate reversal under this configuration.,749
BRD-A11929187,0.020892608236022653,0,1,0,1,0.0,0.9900990099009901,1.0,5.0,No aggregate reversal under this configuration.,750
BRD-U43867373,0.021299822032074398,0,1,0,1,0.0,0.9801980198019802,1.0,5.0,No aggregate reversal under this configuration.,751
l-cis-diltiazem,0.02138149233959161,0,1,0,1,0.0,0.9702970297029703,1.0,6.0,No aggregate reversal under this configuration.,752
dacomitinib,0.02139383404329708,0,2,0,2,0.0,0.9801980198019802,1.0,6.0,No aggregate reversal under this configuration.,753
b675700.cdx,0.02151179195581263,2,8,2,8,0.25,1.0,1.0,6.0,No aggregate reversal under this configuration.,754
ncgc00180994-01,0.02163133136437545,0,1,0,1,0.0,0.9306930693069307,1.0,5.0,No aggregate reversal under this configuration.,755
BRD-K86472598,0.02163487953027079,0,1,0,1,0.0,0.9702970297029703,1.0,5.0,No aggregate reversal under this configuration.,756
s1475,0.02191269969217336,0,1,0,1,0.0,0.9603960396039604,1.0,6.0,No aggregate reversal under this configuration.,757
BRD-K64642496,0.022216353383205587,0,4,0,4,0.0,0.9306930693069307,1.0,7.5,No aggregate reversal under this configuration.,758
megestrol acetate,0.02237007498398726,0,1,0,1,0.0,0.9603960396039604,1.0,6.0,No aggregate reversal under this configuration.,759
calpeptin,0.022574880219156337,0,1,0,1,0.0,0.9801980198019802,1.0,5.0,No aggregate reversal under this configuration.,760
thiazolopyrimidine,0.022749641804164805,0,1,0,1,0.0,0.8316831683168316,0.9889290258420228,7.0,No aggregate reversal under this configuration.,761
yk 4-279,0.022784846764594763,0,1,0,1,0.0,0.8316831683168316,0.9889290258420228,5.0,No aggregate reversal under this configuration.,762
pd 407824,0.022854745154126478,0,2,0,2,0.0,0.9900990099009901,1.0,6.0,No aggregate reversal under this configuration.,763
tyrphostin-AG-1478,0.02310553595089993,0,1,0,1,0.0,0.9702970297029703,1.0,5.0,No aggregate reversal under this configuration.,764
proscillaridin a,0.023138379933302474,2,5,2,5,0.4,0.9900990099009901,1.0,5.8,No aggregate reversal under this configuration.,765
BRD-A37735495,0.0233129553656391,0,1,0,1,0.0,0.8613861386138614,0.9948577354148614,5.0,No aggregate reversal under this configuration.,766
c3393m50,0.023450099094753943,0,2,0,2,0.0,0.9603960396039604,1.0,5.0,No aggregate reversal under this configuration.,767
16-hydroxytriptolide,0.023498115554731986,0,4,0,4,0.0,0.9900990099009901,1.0,6.0,No aggregate reversal under this configuration.,768
BRD-K14788918,0.023505597335579387,0,1,0,1,0.0,0.9702970297029703,1.0,6.0,No aggregate reversal under this configuration.,769
clomid,0.023941926316487592,0,1,0,1,0.0,0.9900990099009901,1.0,5.0,No aggregate reversal under this configuration.,770
sildenafil citrate,0.024433952108990832,0,1,0,1,0.0,0.9801980198019802,1.0,5.0,No aggregate reversal under this configuration.,771
tipifarnib-p2,0.02454741647374353,0,1,0,1,0.0,0.9702970297029703,1.0,5.0,No aggregate reversal under this configuration.,772
triflupromazine hydrochloride,0.024600458178721203,0,1,0,1,0.0,0.9702970297029703,1.0,5.0,No aggregate reversal under this configuration.,773
itavastatin ca,0.02523926057758523,0,1,0,1,0.0,0.9603960396039604,1.0,6.0,No aggregate reversal under this configuration.,774
vu0420364-1,0.025540239205044037,0,1,0,1,0.0,0.9702970297029703,1.0,5.0,No aggregate reversal under this configuration.,775
BRD-K68191783,0.025741531358397837,0,1,0,1,0.0,0.9603960396039604,1.0,5.0,No aggregate reversal under this configuration.,776
s1216,0.02590249737905959,0,2,0,2,0.0,0.9801980198019802,1.0,5.0,No aggregate reversal under this configuration.,777
BRD-K24031526,0.025945346842103537,0,1,0,1,0.0,0.9603960396039604,1.0,5.0,No aggregate reversal under this configuration.,778
triptolide,0.026093072372543977,0,1,0,1,0.0,0.9207920792079208,1.0,5.0,No aggregate reversal under this configuration.,779
BRD-A11702965,0.026258687384873802,0,1,0,1,0.0,0.9702970297029703,1.0,7.0,No aggregate reversal under this configuration.,780
"androsta-1,4-dien-3,17-dione",0.027414837378200687,0,1,0,1,0.0,0.9306930693069307,1.0,5.0,No aggregate reversal under this configuration.,781
BRD-K19540840,0.027593271045903197,0,1,0,1,0.0,0.9900990099009901,1.0,5.0,No aggregate reversal under this configuration.,782
hy-50940,0.027647162346015074,0,2,0,2,0.0,0.9900990099009901,1.0,6.0,No aggregate reversal under this configuration.,783
devazepide,0.02829295532650379,0,2,0,2,0.0,0.9603960396039604,1.0,5.5,No aggregate reversal under this configuration.,784
ncgc00183226-01,0.02834868510012256,0,2,0,2,0.0,1.0,1.0,6.0,No aggregate reversal under this configuration.,785
diphenyleneiodonium chloride,0.028355331718735898,0,1,0,1,0.0,0.8514851485148515,0.9919617142611511,7.0,No aggregate reversal under this configuration.,786
BRD-K82732294,0.028753139623488102,0,1,0,1,0.0,0.9900990099009901,1.0,8.0,No aggregate reversal under this configuration.,787
ALW-II-49-7,0.03107210567674769,0,1,0,1,0.0,1.0,1.0,6.0,No aggregate reversal under this configuration.,788
niguldipine hydrochloride,0.031235419374382824,1,3,1,3,0.3333333333333333,0.9603960396039604,1.0,7.333333333333333,No aggregate reversal under this configuration.,789
BRD-K06009608,0.032191318303315355,0,1,0,1,0.0,0.9603960396039604,1.0,9.0,No aggregate reversal under this configuration.,790
BRD-K43226598,0.03335981879152116,0,1,0,1,0.0,1.0,1.0,5.0,No aggregate reversal under this configuration.,791
BRD-A93393712,0.03456747487410797,0,1,0,1,0.0,0.9801980198019802,1.0,7.0,No aggregate reversal under this configuration.,792
BRD-K34508425,0.034862539039843696,0,1,0,1,0.0,1.0,1.0,5.0,No aggregate reversal under this configuration.,793
hycanthone,0.035288472087994606,0,1,0,1,0.0,0.9702970297029703,1.0,5.0,No aggregate reversal under this configuration.,794
GW-843682X,0.03926812194304707,0,1,0,1,0.0,1.0,1.0,5.0,No aggregate reversal under this configuration.,795
PF-477736,0.04008562554624594,0,1,0,1,0.0,1.0,1.0,7.0,No aggregate reversal under this configuration.,796
s1249,0.04031561565551982,1,3,1,3,0.3333333333333333,1.0,1.0,6.333333333333333,No aggregate reversal under this configuration.,797
GDC-0068,0.04062103898216512,0,1,0,1,0.0,1.0,1.0,5.0,No aggregate reversal under this configuration.,798
thioguanosine,0.04075393494207725,0,1,0,1,0.0,1.0,1.0,6.0,No aggregate reversal under this configuration.,799
carbamazepine,0.04209612538799504,0,1,0,1,0.0,1.0,1.0,5.0,No aggregate reversal under this configuration.,800
BRD-K39687892,0.043000720064150406,0,1,0,1,0.0,0.9900990099009901,1.0,6.0,No aggregate reversal under this configuration.,801
ncgc00185087-01,0.044841123924619794,0,1,0,1,0.0,0.9900990099009901,1.0,7.0,No aggregate reversal under this configuration.,802
BRD-K28115298,0.04633563367337518,0,1,0,1,0.0,1.0,1.0,5.0,No aggregate reversal under this configuration.,803
HG-5-88-01,0.0745669617737459,0,1,0,1,0.0,1.0,1.0,6.0,No aggregate reversal under this configuration.,804
ABT-737,0.08517860442069539,0,1,0,1,0.0,1.0,1.0,8.0,No aggregate reversal under this configuration.,805
