compound,score,supporting_contexts,contexts,supporting_signatures,signatures,consistency,permutation_p,permutation_fdr,naive_overlap,interpretation,rank
CX-5461,-0.05019066271792301,3,3,3,3,1.0,0.009900990099009901,0.16987604272238246,7.0,Computational reversal candidate for further investigation.,1
ncgc00181801-01,-0.04738486357001342,1,1,1,1,1.0,0.009900990099009901,0.16987604272238246,7.0,Computational reversal candidate for further investigation.,2
MGCD-265,-0.04253304465787448,1,1,1,1,1.0,0.009900990099009901,0.16987604272238246,6.0,Computational reversal candidate for further investigation.,3
GSK-2334470,-0.04043238830880074,3,3,3,3,1.0,0.009900990099009901,0.16987604272238246,5.333333333333333,Computational reversal candidate for further investigation.,4
JNK-IN-5A,-0.040256278782891605,7,8,7,8,0.875,0.009900990099009901,0.16987604272238246,8.0,Computational reversal candidate for further investigation.,5
hydrocortisone hemisuccinate,-0.03853373295392057,1,1,1,1,1.0,0.009900990099009901,0.16987604272238246,7.0,Computational reversal candidate for further investigation.,6
cp 94253 hydrochloride,-0.037784942525999156,1,1,1,1,1.0,0.009900990099009901,0.16987604272238246,7.0,Computational reversal candidate for further investigation.,7
BRD-K20000640,-0.03688470256535806,1,1,1,1,1.0,0.0297029702970297,0.23882941799715027,6.0,Computational reversal candidate for further investigation.,8
BRD-K03015355,-0.036704597361729076,1,1,1,1,1.0,0.009900990099009901,0.16987604272238246,6.0,Computational reversal candidate for further investigation.,9
CH5424802,-0.036389539261162104,1,1,1,1,1.0,0.009900990099009901,0.16987604272238246,6.0,Computational reversal candidate for further investigation.,10
THZ-2-98-01,-0.034091746894941224,1,1,1,1,1.0,0.019801980198019802,0.21574257425742574,7.0,Computational reversal candidate for further investigation.,11
disulfiram,-0.033975364039234526,1,1,1,1,1.0,0.019801980198019802,0.21574257425742574,12.0,Computational reversal candidate for further investigation.,12
BRD-K55612480,-0.03331079730006192,1,1,1,1,1.0,0.0297029702970297,0.23882941799715027,6.0,Computational reversal candidate for further investigation.,13
granisetron,-0.032937637813596425,1,1,1,1,1.0,0.019801980198019802,0.21574257425742574,6.0,Computational reversal candidate for further investigation.,14
ON-01910,-0.032849203937213675,4,6,4,6,0.6666666666666666,0.009900990099009901,0.16987604272238246,8.666666666666666,Computational reversal candidate for further investigation.,15
CC-401,-0.032675174909122646,2,2,2,2,1.0,0.009900990099009901,0.16987604272238246,7.5,Computational reversal candidate for further investigation.,16
glipizide,-0.032425996168465754,1,1,1,1,1.0,0.019801980198019802,0.21574257425742574,5.0,Computational reversal candidate for further investigation.,17
tivantinib,-0.03178782975417607,5,7,5,7,0.7142857142857143,0.009900990099009901,0.16987604272238246,6.428571428571429,Computational reversal candidate for further investigation.,18
PF-431396,-0.03138150818999097,12,13,12,13,0.9230769230769231,0.009900990099009901,0.16987604272238246,7.230769230769231,Computational reversal candidate for further investigation.,19
cy 208-243,-0.031162113138596133,1,1,1,1,1.0,0.009900990099009901,0.16987604272238246,5.0,Computational reversal candidate for further investigation.,20
1495-0136,-0.030759078144768484,1,1,1,1,1.0,0.009900990099009901,0.16987604272238246,6.0,Computational reversal candidate for further investigation.,21
BRD-K94544211,-0.03054763415750669,1,1,1,1,1.0,0.009900990099009901,0.16987604272238246,4.0,Computational reversal candidate for further investigation.,22
BRD-K32536677,-0.03045848540092086,1,1,1,1,1.0,0.009900990099009901,0.16987604272238246,6.0,Computational reversal candidate for further investigation.,23
BRD-K97701319,-0.030351461272389486,1,1,1,1,1.0,0.039603960396039604,0.266348857107933,5.0,Computational reversal candidate for further investigation.,24
GSK1059615,-0.029904225780540132,2,2,2,2,1.0,0.009900990099009901,0.16987604272238246,8.5,Computational reversal candidate for further investigation.,25
osi-906,-0.029883733739879934,1,1,1,1,1.0,0.009900990099009901,0.16987604272238246,6.0,Computational reversal candidate for further investigation.,26
sorafenib,-0.029496004463616377,6,7,6,7,0.8571428571428571,0.009900990099009901,0.16987604272238246,5.714285714285714,Computational reversal candidate for further investigation.,27
HG-14-8-02,-0.02919019107356455,5,6,5,6,0.8333333333333334,0.009900990099009901,0.16987604272238246,6.333333333333333,Computational reversal candidate for further investigation.,28
aminocaproic acid,-0.02900872972130777,1,1,1,1,1.0,0.009900990099009901,0.16987604272238246,6.0,Computational reversal candidate for further investigation.,29
PF-562271,-0.028944785008811577,17,21,17,21,0.8095238095238095,0.009900990099009901,0.16987604272238246,6.428571428571429,Computational reversal candidate for further investigation.,30
ncgc00238427-01,-0.028795949768484357,1,1,1,1,1.0,0.009900990099009901,0.16987604272238246,4.0,Computational reversal candidate for further investigation.,31
gamma-linolenic acid (18:3 n-6),-0.028279644877680348,1,1,1,1,1.0,0.009900990099009901,0.16987604272238246,7.0,Computational reversal candidate for further investigation.,32
chlorthalidone,-0.028249919934605485,1,1,1,1,1.0,0.019801980198019802,0.21574257425742574,7.0,Computational reversal candidate for further investigation.,33
diclofenac sodium,-0.028134505773423888,1,1,1,1,1.0,0.0297029702970297,0.23882941799715027,6.0,Computational reversal candidate for further investigation.,34
syrosingopine,-0.02757980231345674,2,3,2,3,0.6666666666666666,0.009900990099009901,0.16987604272238246,4.666666666666667,Computational reversal candidate for further investigation.,35
z2777,-0.027466814651679078,1,1,1,1,1.0,0.019801980198019802,0.21574257425742574,6.0,Computational reversal candidate for further investigation.,36
"2,5-dideoxyadenosine",-0.027233581902537128,1,1,1,1,1.0,0.009900990099009901,0.16987604272238246,6.0,Computational reversal candidate for further investigation.,37
BRD-K12168891,-0.027168452881887947,1,1,1,1,1.0,0.009900990099009901,0.16987604272238246,4.0,Computational reversal candidate for further investigation.,38
am580,-0.027092392886627018,1,1,1,1,1.0,0.0594059405940594,0.2996424642464246,6.0,Computational reversal candidate for further investigation.,39
MLN-8054,-0.027027265970836236,2,3,2,3,0.6666666666666666,0.009900990099009901,0.16987604272238246,5.666666666666667,Computational reversal candidate for further investigation.,40
rg-14620,-0.026994690386305725,1,1,1,1,1.0,0.039603960396039604,0.266348857107933,4.0,Computational reversal candidate for further investigation.,41
BRD-K15318909,-0.026809401577975463,1,1,1,1,1.0,0.009900990099009901,0.16987604272238246,5.0,Computational reversal candidate for further investigation.,42
garcinol,-0.026689695295533923,1,1,1,1,1.0,0.019801980198019802,0.21574257425742574,5.0,Computational reversal candidate for further investigation.,43
r(-)-n-allylnorapomorphine,-0.02653328924733495,1,1,1,1,1.0,0.009900990099009901,0.16987604272238246,6.0,Computational reversal candidate for further investigation.,44
BRD-K14236372,-0.02633297553336517,1,1,1,1,1.0,0.009900990099009901,0.16987604272238246,6.0,Computational reversal candidate for further investigation.,45
BRD-K65366129,-0.026233822480822466,1,1,1,1,1.0,0.04950495049504951,0.2907581863307625,5.0,Computational reversal candidate for further investigation.,46
celastrol,-0.02594065048340348,17,19,17,19,0.8947368421052632,0.009900990099009901,0.16987604272238246,6.947368421052632,Computational reversal candidate for further investigation.,47
mosapride,-0.025852566393610586,1,1,1,1,1.0,0.019801980198019802,0.21574257425742574,4.0,Computational reversal candidate for further investigation.,48
podophyllotoxin,-0.025846418670594354,1,1,1,1,1.0,0.04950495049504951,0.2907581863307625,6.0,Computational reversal candidate for further investigation.,49
npc 15199,-0.025774511453913546,1,1,1,1,1.0,0.019801980198019802,0.21574257425742574,4.0,Computational reversal candidate for further investigation.,50
arg-a1-22 brd-k91349888,-0.025623790851259702,1,1,1,1,1.0,0.009900990099009901,0.16987604272238246,3.0,Computational reversal candidate for further investigation.,51
BMS-345541,-0.02557013735131638,13,15,13,15,0.8666666666666667,0.009900990099009901,0.16987604272238246,6.0,Computational reversal candidate for further investigation.,52
metaxalone,-0.02518703838372526,1,1,1,1,1.0,0.0297029702970297,0.23882941799715027,5.0,Computational reversal candidate for further investigation.,53
clozapine,-0.0246287676397451,1,1,1,1,1.0,0.019801980198019802,0.21574257425742574,4.0,Computational reversal candidate for further investigation.,54
BRD-A00420644,-0.0245748053649028,2,2,2,2,1.0,0.009900990099009901,0.16987604272238246,4.5,Computational reversal candidate for further investigation.,55
niridazole,-0.024319968816978906,1,1,1,1,1.0,0.019801980198019802,0.21574257425742574,4.0,Computational reversal candidate for further investigation.,56
prednisolone,-0.024019163133159237,3,3,3,3,1.0,0.019801980198019802,0.21574257425742574,6.333333333333333,Computational reversal candidate for further investigation.,57
BRD-K85123403,-0.023828958078124914,1,1,1,1,1.0,0.0594059405940594,0.2996424642464246,5.0,Computational reversal candidate for further investigation.,58
withaferin-a,-0.023789280328328707,26,35,34,44,0.7428571428571429,0.009900990099009901,0.16987604272238246,6.295454545454546,Computational reversal candidate for further investigation.,59
BRD-K56196992,-0.02372095956084623,1,2,1,2,0.5,0.009900990099009901,0.16987604272238246,5.5,Computational reversal candidate for further investigation.,60
calycanthine,-0.023624357439141815,1,1,1,1,1.0,0.009900990099009901,0.16987604272238246,4.0,Computational reversal candidate for further investigation.,61
cv 1808,-0.02352710279095373,1,1,1,1,1.0,0.009900990099009901,0.16987604272238246,4.0,Computational reversal candidate for further investigation.,62
"brl 37344, sodium salt",-0.02326108604707059,1,1,1,1,1.0,0.0297029702970297,0.23882941799715027,4.0,Computational reversal candidate for further investigation.,63
vu0420363-1,-0.023117228339780492,1,1,1,1,1.0,0.019801980198019802,0.21574257425742574,4.0,Computational reversal candidate for further investigation.,64
BRD-K37852224,-0.023040837214282527,1,1,1,1,1.0,0.009900990099009901,0.16987604272238246,3.0,Computational reversal candidate for further investigation.,65
carbacyclin,-0.023024467878306098,1,1,1,1,1.0,0.019801980198019802,0.21574257425742574,4.0,Computational reversal candidate for further investigation.,66
HY-11007,-0.02291823779453997,2,2,2,2,1.0,0.009900990099009901,0.16987604272238246,4.0,Computational reversal candidate for further investigation.,67
mls-0146291.0001,-0.022866292351577187,1,1,1,1,1.0,0.019801980198019802,0.21574257425742574,8.0,Computational reversal candidate for further investigation.,68
enrofloxacin,-0.02277067779335521,2,2,2,2,1.0,0.009900990099009901,0.16987604272238246,4.5,Computational reversal candidate for further investigation.,69
AZD-6482,-0.02251197153429229,3,3,3,3,1.0,0.009900990099009901,0.16987604272238246,4.333333333333333,Computational reversal candidate for further investigation.,70
dovitinib,-0.022472834869171735,12,13,12,13,0.9230769230769231,0.009900990099009901,0.16987604272238246,5.153846153846154,Computational reversal candidate for further investigation.,71
LDN-193189,-0.022326546192325235,14,16,14,16,0.875,0.009900990099009901,0.16987604272238246,6.8125,Computational reversal candidate for further investigation.,72
h 89 dihydrochloride,-0.02227341267292574,1,1,1,1,1.0,0.04950495049504951,0.2907581863307625,4.0,Computational reversal candidate for further investigation.,73
bl-081,-0.02222605821848299,1,1,1,1,1.0,0.039603960396039604,0.266348857107933,4.0,Computational reversal candidate for further investigation.,74
norcyclobenzaprine,-0.02221291376738631,1,1,1,1,1.0,0.039603960396039604,0.266348857107933,4.0,Computational reversal candidate for further investigation.,75
BRD-K70415218,-0.02216047544184297,1,1,1,1,1.0,0.0297029702970297,0.23882941799715027,4.0,Computational reversal candidate for further investigation.,76
hts 10859,-0.022077161917107235,3,3,3,3,1.0,0.019801980198019802,0.21574257425742574,5.0,Computational reversal candidate for further investigation.,77
kuc104135 kuc104135n,-0.02200259071419768,2,3,2,3,0.6666666666666666,0.009900990099009901,0.16987604272238246,5.333333333333333,Computational reversal candidate for further investigation.,78
sulconazole nitrate,-0.02200090119728885,1,1,1,1,1.0,0.0297029702970297,0.23882941799715027,4.0,Computational reversal candidate for further investigation.,79
BRD-K28120860,-0.021981686889414792,1,1,1,1,1.0,0.039603960396039604,0.266348857107933,3.0,Computational reversal candidate for further investigation.,80
AZ-628,-0.021880471910015676,7,7,7,7,1.0,0.039603960396039604,0.266348857107933,4.285714285714286,Computational reversal candidate for further investigation.,81
cilostamide,-0.021850197091263176,1,1,1,1,1.0,0.06930693069306931,0.31074033329258854,3.0,Computational reversal candidate for further investigation.,82
BRD-K39345836,-0.021811319690989366,2,2,2,2,1.0,0.009900990099009901,0.16987604272238246,4.0,Computational reversal candidate for further investigation.,83
BMS-387032,-0.021706146382898528,36,48,36,48,0.75,0.009900990099009901,0.16987604272238246,7.354166666666667,Computational reversal candidate for further investigation.,84
tomoxetine hydrochloride,-0.021646705981963943,1,1,1,1,1.0,0.039603960396039604,0.266348857107933,5.0,Computational reversal candidate for further investigation.,85
linifanib,-0.021514077559800636,15,18,15,18,0.8333333333333334,0.009900990099009901,0.16987604272238246,8.0,Computational reversal candidate for further investigation.,86
amcinonide,-0.021447394992021755,3,3,3,3,1.0,0.009900990099009901,0.16987604272238246,5.333333333333333,Computational reversal candidate for further investigation.,87
chlorprothixene hydrochloride,-0.021410505559920485,1,1,1,1,1.0,0.07920792079207921,0.31843922399620034,4.0,Computational reversal candidate for further investigation.,88
dinaciclib,-0.02140296274156071,22,23,22,23,0.9565217391304348,0.019801980198019802,0.21574257425742574,7.0,Computational reversal candidate for further investigation.,89
nnc 711,-0.02128916567997466,1,1,1,1,1.0,0.07920792079207921,0.31843922399620034,4.0,Computational reversal candidate for further investigation.,90
s1043,-0.021192893740209526,1,1,1,1,1.0,0.009900990099009901,0.16987604272238246,3.0,Computational reversal candidate for further investigation.,91
WZ-3105,-0.021186120135254203,26,31,26,31,0.8387096774193549,0.009900990099009901,0.16987604272238246,6.903225806451613,Computational reversal candidate for further investigation.,92
BRD-A17718497,-0.02115745341967907,1,1,1,1,1.0,0.019801980198019802,0.21574257425742574,3.0,Computational reversal candidate for further investigation.,93
SAR-245408,-0.02114781657296466,3,4,3,4,0.75,0.009900990099009901,0.16987604272238246,5.0,Computational reversal candidate for further investigation.,94
BRD-K14749055,-0.02113531454770616,1,1,1,1,1.0,0.06930693069306931,0.31074033329258854,5.0,Computational reversal candidate for further investigation.,95
alprostadil,-0.021106984369735307,2,2,2,2,1.0,0.009900990099009901,0.16987604272238246,4.0,Computational reversal candidate for further investigation.,96
pentobarbital,-0.0210735914916627,1,1,1,1,1.0,0.0594059405940594,0.2996424642464246,6.0,Computational reversal candidate for further investigation.,97
foretinib,-0.021019129583648495,15,18,15,18,0.8333333333333334,0.009900990099009901,0.16987604272238246,4.722222222222222,Computational reversal candidate for further investigation.,98
triamcinolone acetonide,-0.02096268391496648,3,3,3,3,1.0,0.009900990099009901,0.16987604272238246,6.333333333333333,Computational reversal candidate for further investigation.,99
BRD-K15107389,-0.020913866252360906,1,1,1,1,1.0,0.0594059405940594,0.2996424642464246,4.0,Computational reversal candidate for further investigation.,100
BRD-K71554540,-0.020898263269462876,1,1,1,1,1.0,0.039603960396039604,0.266348857107933,3.0,Computational reversal candidate for further investigation.,101
BRD-K99502566,-0.02086774421164888,1,1,1,1,1.0,0.019801980198019802,0.21574257425742574,4.0,Computational reversal candidate for further investigation.,102
mk 212,-0.020843322952821344,1,1,1,1,1.0,0.06930693069306931,0.31074033329258854,3.0,Computational reversal candidate for further investigation.,103
GW-843682X,-0.02083215955370349,2,3,2,3,0.6666666666666666,0.009900990099009901,0.16987604272238246,4.333333333333333,Computational reversal candidate for further investigation.,104
ranitidine hydrochloride,-0.02082836193062063,1,1,1,1,1.0,0.039603960396039604,0.266348857107933,5.0,Computational reversal candidate for further investigation.,105
miochol,-0.020821123130078827,1,1,1,1,1.0,0.039603960396039604,0.266348857107933,3.0,Computational reversal candidate for further investigation.,106
triacsin-c,-0.020787523937724182,1,1,1,1,1.0,0.019801980198019802,0.21574257425742574,5.0,Computational reversal candidate for further investigation.,107
nintedanib,-0.020766731977231962,3,5,3,5,0.6,0.009900990099009901,0.16987604272238246,5.4,Computational reversal candidate for further investigation.,108
BRD-K58347372,-0.020701835702123143,1,1,1,1,1.0,0.0297029702970297,0.23882941799715027,4.0,Computational reversal candidate for further investigation.,109
belinostat,-0.020693530275578364,16,19,16,19,0.8421052631578947,0.009900990099009901,0.16987604272238246,6.0,Computational reversal candidate for further investigation.,110
JNK-9L,-0.020678903747754954,30,35,30,35,0.8571428571428571,0.009900990099009901,0.16987604272238246,7.771428571428571,Computational reversal candidate for further investigation.,111
BRD-K75081836,-0.02062150147498034,7,7,7,7,1.0,0.009900990099009901,0.16987604272238246,4.142857142857143,Computational reversal candidate for further investigation.,112
BRD-K89626439,-0.02060221998693922,2,2,2,2,1.0,0.009900990099009901,0.16987604272238246,5.0,Computational reversal candidate for further investigation.,113
ruxolitinib,-0.020588515759385972,3,4,3,4,0.75,0.009900990099009901,0.16987604272238246,3.5,Computational reversal candidate for further investigation.,114
hydrocortisone phosphate triethylamine,-0.020577513350476705,1,1,1,1,1.0,0.06930693069306931,0.31074033329258854,5.0,Computational reversal candidate for further investigation.,115
ly 320135,-0.02036504009086417,1,1,1,1,1.0,0.009900990099009901,0.16987604272238246,3.0,Computational reversal candidate for further investigation.,116
felamidin,-0.02034944226713582,1,1,1,1,1.0,0.12871287128712872,0.3826266664865668,6.0,Computational reversal candidate for further investigation.,117
BRD-K89209981,-0.02026623225837422,1,1,1,1,1.0,0.09900990099009901,0.34629626686585196,4.0,Computational reversal candidate for further investigation.,118
AZ20,-0.020259629576235623,5,6,5,6,0.8333333333333334,0.019801980198019802,0.21574257425742574,5.333333333333333,Computational reversal candidate for further investigation.,119
methoprene acid,-0.02007226441793119,1,1,1,1,1.0,0.04950495049504951,0.2907581863307625,7.0,Computational reversal candidate for further investigation.,120
hydrocortisone acetate,-0.020064865167288178,3,3,3,3,1.0,0.0297029702970297,0.23882941799715027,5.333333333333333,Computational reversal candidate for further investigation.,121
BRD-A01317026,-0.020057634783225305,1,1,1,1,1.0,0.039603960396039604,0.266348857107933,6.0,Computational reversal candidate for further investigation.,122
g5797,-0.019948607357872183,1,1,1,1,1.0,0.0297029702970297,0.23882941799715027,4.0,Computational reversal candidate for further investigation.,123
BRD-K81814927,-0.019945749173274484,7,8,7,8,0.875,0.009900990099009901,0.16987604272238246,6.25,Computational reversal candidate for further investigation.,124
cabergoline,-0.019920330849757632,1,1,1,1,1.0,0.07920792079207921,0.31843922399620034,8.0,Computational reversal candidate for further investigation.,125
brl 54443,-0.019919758703108505,1,1,1,1,1.0,0.07920792079207921,0.31843922399620034,5.0,Computational reversal candidate for further investigation.,126
s1095,-0.01990428089676067,4,4,4,4,1.0,0.009900990099009901,0.16987604272238246,4.5,Computational reversal candidate for further investigation.,127
norgestimate,-0.019901742981732286,1,1,1,1,1.0,0.0891089108910891,0.3313452505660122,7.0,Computational reversal candidate for further investigation.,128
BRD-K23149109,-0.019890493586097818,2,2,2,2,1.0,0.009900990099009901,0.16987604272238246,3.5,Computational reversal candidate for further investigation.,129
brompheniramine maleate,-0.01987275776260481,1,1,1,1,1.0,0.0594059405940594,0.2996424642464246,5.0,Computational reversal candidate for further investigation.,130
BRD-A95696820,-0.01984193172115195,1,1,1,1,1.0,0.0297029702970297,0.23882941799715027,3.0,Computational reversal candidate for further investigation.,131
BRD-K98834634,-0.019778643711557138,1,1,1,1,1.0,0.06930693069306931,0.31074033329258854,3.0,Computational reversal candidate for further investigation.,132
jas07 007,-0.019763230151445953,1,1,1,1,1.0,0.039603960396039604,0.266348857107933,3.0,Computational reversal candidate for further investigation.,133
JWE-035,-0.01971894635532841,10,11,10,11,0.9090909090909091,0.009900990099009901,0.16987604272238246,5.818181818181818,Computational reversal candidate for further investigation.,134
SB-203580,-0.019708447384660675,2,2,2,2,1.0,0.009900990099009901,0.16987604272238246,3.0,Computational reversal candidate for further investigation.,135
np-000732,-0.019678399116462353,1,1,1,1,1.0,0.06930693069306931,0.31074033329258854,7.0,Computational reversal candidate for further investigation.,136
2-chloro-7-methoxyphenothiazine,-0.01958163525553752,1,1,1,1,1.0,0.0891089108910891,0.3313452505660122,3.0,Computational reversal candidate for further investigation.,137
daunorubicin,-0.019566595535982008,13,13,15,15,1.0,0.009900990099009901,0.16987604272238246,5.6,Computational reversal candidate for further investigation.,138
AZD-1480,-0.019421194611914494,1,1,1,1,1.0,0.039603960396039604,0.266348857107933,5.0,Computational reversal candidate for further investigation.,139
BRD-U29336476,-0.019357360934899523,6,8,6,8,0.75,0.009900990099009901,0.16987604272238246,5.75,Computational reversal candidate for further investigation.,140
BRD-K45044657,-0.019357225293706815,1,1,1,1,1.0,0.0594059405940594,0.2996424642464246,3.0,Computational reversal candidate for further investigation.,141
azacyclonol,-0.01935154159053186,1,1,1,1,1.0,0.1485148514851485,0.40808809758655556,9.0,Computational reversal candidate for further investigation.,142
bucladesine,-0.019307419592611414,2,2,2,2,1.0,0.0297029702970297,0.23882941799715027,6.5,Computational reversal candidate for further investigation.,143
BRD-K74486276,-0.01928904321267071,2,2,2,2,1.0,0.009900990099009901,0.16987604272238246,3.0,Computational reversal candidate for further investigation.,144
BRD-K22631935,-0.019237575193893013,1,1,1,1,1.0,0.10891089108910891,0.3579439391902991,5.0,Computational reversal candidate for further investigation.,145
tamoxifen citrate,-0.019194328585774974,2,3,2,3,0.6666666666666666,0.009900990099009901,0.16987604272238246,3.0,Computational reversal candidate for further investigation.,146
vemurafenib,-0.019194001965750516,8,9,8,9,0.8888888888888888,0.0297029702970297,0.23882941799715027,5.0,Computational reversal candidate for further investigation.,147
BRD-A84102390,-0.019015145021433467,1,1,1,1,1.0,0.04950495049504951,0.2907581863307625,7.0,Computational reversal candidate for further investigation.,148
"betamethasone 17,21-dipropionate",-0.01899756531253629,2,3,2,3,0.6666666666666666,0.0297029702970297,0.23882941799715027,6.666666666666667,Computational reversal candidate for further investigation.,149
BRD-K88329126,-0.018978386110901142,1,1,1,1,1.0,0.06930693069306931,0.31074033329258854,3.0,Computational reversal candidate for further investigation.,150
chloroguanide hydrochloride,-0.01896667358496001,1,1,1,1,1.0,0.04950495049504951,0.2907581863307625,4.0,Computational reversal candidate for further investigation.,151
BRD-K85592362,-0.018961668274099088,1,1,1,1,1.0,0.009900990099009901,0.16987604272238246,3.0,Computational reversal candidate for further investigation.,152
BRD-K79779816,-0.018786389889724954,1,1,1,1,1.0,0.019801980198019802,0.21574257425742574,3.0,Computational reversal candidate for further investigation.,153
sch 58261,-0.018739254733475756,2,2,2,2,1.0,0.0297029702970297,0.23882941799715027,6.0,Computational reversal candidate for further investigation.,154
piperacetazine,-0.018730526667051047,1,1,1,1,1.0,0.0297029702970297,0.23882941799715027,5.0,Computational reversal candidate for further investigation.,155
BRD-K24051260,-0.018730446094531693,1,1,1,1,1.0,0.06930693069306931,0.31074033329258854,3.0,Computational reversal candidate for further investigation.,156
mls-0390857.0001,-0.018677569112498897,1,1,1,1,1.0,0.019801980198019802,0.21574257425742574,3.0,Computational reversal candidate for further investigation.,157
phccc,-0.018480878894092667,1,1,1,1,1.0,0.019801980198019802,0.21574257425742574,5.0,Computational reversal candidate for further investigation.,158
azacytidine-5,-0.018444305221208362,1,2,1,2,0.5,0.04950495049504951,0.2907581863307625,7.5,Computational reversal candidate for further investigation.,159
racepinephrine hcl,-0.018420569486349174,1,1,1,1,1.0,0.0594059405940594,0.2996424642464246,3.0,Computational reversal candidate for further investigation.,160
KW-2449,-0.018391601240399614,3,5,3,5,0.6,0.009900990099009901,0.16987604272238246,3.4,Computational reversal candidate for further investigation.,161
stock4s-23872,-0.01837023260791964,2,2,2,2,1.0,0.0297029702970297,0.23882941799715027,5.0,Computational reversal candidate for further investigation.,162
e6 berbamine,-0.018369922279875682,2,2,2,2,1.0,0.009900990099009901,0.16987604272238246,3.5,Computational reversal candidate for further investigation.,163
GSK-461364,-0.018307097835719384,7,9,7,9,0.7777777777777778,0.009900990099009901,0.16987604272238246,5.333333333333333,Computational reversal candidate for further investigation.,164
AZD-8330,-0.01829251171032133,31,35,31,35,0.8857142857142857,0.0297029702970297,0.23882941799715027,5.3428571428571425,Computational reversal candidate for further investigation.,165
vu0415556-1,-0.01825749542933125,1,1,1,1,1.0,0.09900990099009901,0.34629626686585196,4.0,Computational reversal candidate for further investigation.,166
BRD-K14880289,-0.018254715880109594,1,1,1,1,1.0,0.04950495049504951,0.2907581863307625,3.0,Computational reversal candidate for further investigation.,167
BRD-K41220170,-0.018234244148878084,1,1,1,1,1.0,0.0891089108910891,0.3313452505660122,7.0,Computational reversal candidate for further investigation.,168
BRD-K34711351,-0.01819266037358595,1,1,1,1,1.0,0.0891089108910891,0.3313452505660122,3.0,Computational reversal candidate for further investigation.,169
BRD-K27169919,-0.018177104038849902,2,2,2,2,1.0,0.019801980198019802,0.21574257425742574,3.5,Computational reversal candidate for further investigation.,170
BRD-K53461563,-0.018174430521629172,1,1,1,1,1.0,0.04950495049504951,0.2907581863307625,3.0,Computational reversal candidate for further investigation.,171
BRD-K45031696,-0.018084551899188273,1,1,1,1,1.0,0.019801980198019802,0.21574257425742574,3.0,Computational reversal candidate for further investigation.,172
s1297,-0.018083711167621058,1,1,1,1,1.0,0.06930693069306931,0.31074033329258854,4.0,Computational reversal candidate for further investigation.,173
ZSTK-474,-0.018009960240325203,31,32,31,32,0.96875,0.009900990099009901,0.16987604272238246,5.34375,Computational reversal candidate for further investigation.,174
BRD-K58479490,-0.018009638014951958,2,2,2,2,1.0,0.04950495049504951,0.2907581863307625,5.0,Computational reversal candidate for further investigation.,175
HG-5-113-01,-0.01797235605608799,8,10,8,10,0.8,0.009900990099009901,0.16987604272238246,5.8,Computational reversal candidate for further investigation.,176
cogentin,-0.017946710545305354,1,1,1,1,1.0,0.009900990099009901,0.16987604272238246,4.0,Computational reversal candidate for further investigation.,177
clobetasol,-0.017934115564216292,1,1,1,1,1.0,0.0594059405940594,0.2996424642464246,3.0,Computational reversal candidate for further investigation.,178
BRD-K60895275,-0.017795892905209956,3,4,3,4,0.75,0.0297029702970297,0.23882941799715027,5.0,Computational reversal candidate for further investigation.,179
CGP-60474,-0.017743593834591564,75,94,156,185,0.7978723404255319,0.019801980198019802,0.21574257425742574,6.756756756756757,Computational reversal candidate for further investigation.,180
taxol,-0.017670791184125945,1,1,1,1,1.0,0.019801980198019802,0.21574257425742574,4.0,Computational reversal candidate for further investigation.,181
picotamide monohydrate,-0.01764040993476438,1,1,1,1,1.0,0.0297029702970297,0.23882941799715027,4.0,Computational reversal candidate for further investigation.,182
a2478,-0.017615563885033932,2,2,2,2,1.0,0.009900990099009901,0.16987604272238246,3.5,Computational reversal candidate for further investigation.,183
GSK-2126458,-0.017600653695793764,69,73,69,73,0.9452054794520548,0.009900990099009901,0.16987604272238246,5.328767123287672,Computational reversal candidate for further investigation.,184
BRD-K38340366,-0.017571790750858532,2,2,2,2,1.0,0.009900990099009901,0.16987604272238246,3.5,Computational reversal candidate for further investigation.,185
BRD-K88710727,-0.017566775156584308,1,1,1,1,1.0,0.0594059405940594,0.2996424642464246,4.0,Computational reversal candidate for further investigation.,186
TPCA-1,-0.017560930546531732,2,3,2,3,0.6666666666666666,0.0297029702970297,0.23882941799715027,4.0,Computational reversal candidate for further investigation.,187
BRD-K26304855,-0.017555230651809854,7,9,7,9,0.7777777777777778,0.009900990099009901,0.16987604272238246,6.222222222222222,Computational reversal candidate for further investigation.,188
jte 907,-0.017554922612776656,2,2,2,2,1.0,0.019801980198019802,0.21574257425742574,4.0,Computational reversal candidate for further investigation.,189
methysergide maleate,-0.017524896975778873,1,1,1,1,1.0,0.019801980198019802,0.21574257425742574,4.0,Computational reversal candidate for further investigation.,190
ncgc00166395-02,-0.017499191975387223,1,1,1,1,1.0,0.09900990099009901,0.34629626686585196,8.0,Computational reversal candidate for further investigation.,191
jtc 801,-0.01746755358925211,2,3,2,3,0.6666666666666666,0.06930693069306931,0.31074033329258854,4.0,Computational reversal candidate for further investigation.,192
gr 103691,-0.017460070202241197,1,1,1,1,1.0,0.06930693069306931,0.31074033329258854,3.0,Computational reversal candidate for further investigation.,193
eplerenone,-0.017453815220413987,1,1,1,1,1.0,0.0297029702970297,0.23882941799715027,4.0,Computational reversal candidate for further investigation.,194
naringenine,-0.01740800171125689,1,1,1,1,1.0,0.16831683168316833,0.4309781154378658,7.0,Computational reversal candidate for further investigation.,195
BRD-K38625260,-0.017355019464809524,1,1,1,1,1.0,0.0594059405940594,0.2996424642464246,3.0,Computational reversal candidate for further investigation.,196
estradiol benzoate,-0.017333802058064784,1,1,1,1,1.0,0.0594059405940594,0.2996424642464246,3.0,Computational reversal candidate for further investigation.,197
coumestrol,-0.017323359951719065,1,1,1,1,1.0,0.0594059405940594,0.2996424642464246,4.0,Computational reversal candidate for further investigation.,198
uzi/1930680,-0.017313212608250084,2,2,2,2,1.0,0.019801980198019802,0.21574257425742574,6.0,Computational reversal candidate for further investigation.,199
s1130,-0.01725418302927477,4,5,4,5,0.8,0.009900990099009901,0.16987604272238246,3.8,Computational reversal candidate for further investigation.,200
BRD-K79235952,-0.01724787526043389,1,1,1,1,1.0,0.0297029702970297,0.23882941799715027,3.0,Computational reversal candidate for further investigation.,201
splitomicin,-0.017216812556665285,1,1,1,1,1.0,0.009900990099009901,0.16987604272238246,5.0,Computational reversal candidate for further investigation.,202
BRD-K87387614,-0.017215790000531167,1,1,1,1,1.0,0.0297029702970297,0.23882941799715027,3.0,Computational reversal candidate for further investigation.,203
CGK-733,-0.01718130597024387,4,5,4,5,0.8,0.0594059405940594,0.2996424642464246,5.0,Computational reversal candidate for further investigation.,204
BX-912,-0.01716022412393435,5,8,5,8,0.625,0.009900990099009901,0.16987604272238246,4.375,Computational reversal candidate for further investigation.,205
sb 258585 hydrochloride,-0.01715813791889682,1,1,1,1,1.0,0.019801980198019802,0.21574257425742574,3.0,Computational reversal candidate for further investigation.,206
brinzolamide,-0.017146296452697617,1,1,1,1,1.0,0.07920792079207921,0.31843922399620034,5.0,Computational reversal candidate for further investigation.,207
A443654,-0.017120574950808282,27,37,27,37,0.7297297297297297,0.009900990099009901,0.16987604272238246,6.378378378378378,Computational reversal candidate for further investigation.,208
BRD-K65983740,-0.01711274440486577,1,1,1,1,1.0,0.0594059405940594,0.2996424642464246,4.0,Computational reversal candidate for further investigation.,209
BRD-K31851742,-0.017104603815191216,1,1,1,1,1.0,0.12871287128712872,0.3826266664865668,7.0,Computational reversal candidate for further investigation.,210
ebpc,-0.01705094570649883,1,1,1,1,1.0,0.039603960396039604,0.266348857107933,3.0,Computational reversal candidate for further investigation.,211
BRD-K52321331,-0.017042132562038893,4,5,4,5,0.8,0.039603960396039604,0.266348857107933,4.2,Computational reversal candidate for further investigation.,212
BRD-K62300190,-0.01703916662484916,2,2,2,2,1.0,0.0297029702970297,0.23882941799715027,4.0,Computational reversal candidate for further investigation.,213
BRD-K66555411,-0.01703784162226689,1,1,1,1,1.0,0.10891089108910891,0.3579439391902991,3.0,Computational reversal candidate for further investigation.,214
azd-7545-a,-0.017037632264665648,2,2,2,2,1.0,0.0297029702970297,0.23882941799715027,4.0,Computational reversal candidate for further investigation.,215
BRD-K45542213,-0.01700932370480648,1,1,1,1,1.0,0.06930693069306931,0.31074033329258854,6.0,Computational reversal candidate for further investigation.,216
kb-r7943 mesylate,-0.016955956351257545,2,2,2,2,1.0,0.009900990099009901,0.16987604272238246,3.5,Computational reversal candidate for further investigation.,217
GSK-3-inhibitor-II,-0.01694349099386644,1,1,1,1,1.0,0.009900990099009901,0.16987604272238246,5.0,Computational reversal candidate for further investigation.,218
trapidil,-0.016936446005382313,1,1,1,1,1.0,0.0297029702970297,0.23882941799715027,3.0,Computational reversal candidate for further investigation.,219
BRD-K77830450 (forskolin),-0.01692381708600341,1,1,1,1,1.0,0.0594059405940594,0.2996424642464246,3.0,Computational reversal candidate for further investigation.,220
palbociclib,-0.016904856999713877,42,46,42,46,0.9130434782608695,0.009900990099009901,0.16987604272238246,4.434782608695652,Computational reversal candidate for further investigation.,221
HG-6-64-01,-0.01689459895235247,17,22,17,22,0.7727272727272727,0.009900990099009901,0.16987604272238246,4.863636363636363,Computational reversal candidate for further investigation.,222
nnc 05-2090 hydrochloride,-0.016883453343804807,2,2,2,2,1.0,0.039603960396039604,0.266348857107933,3.5,Computational reversal candidate for further investigation.,223
dactinomycin,-0.01686839296815915,12,12,13,13,1.0,0.009900990099009901,0.16987604272238246,5.538461538461538,Computational reversal candidate for further investigation.,224
thiophene-2-carboxylic acid benzothiazol-2-ylamide mls-0446110.0001,-0.016852726742690716,1,1,1,1,1.0,0.0594059405940594,0.2996424642464246,4.0,Computational reversal candidate for further investigation.,225
clomid,-0.01684842609072982,1,1,1,1,1.0,0.06930693069306931,0.31074033329258854,4.0,Computational reversal candidate for further investigation.,226
BRD-A54077041,-0.016841639381020342,1,1,1,1,1.0,0.019801980198019802,0.21574257425742574,6.0,Computational reversal candidate for further investigation.,227
pyrrolidinedithiocarbamate ammonium,-0.016803575514684286,1,1,1,1,1.0,0.06930693069306931,0.31074033329258854,3.0,Computational reversal candidate for further investigation.,228
pha 665752,-0.016782432521729805,1,1,1,1,1.0,0.0594059405940594,0.2996424642464246,5.0,Computational reversal candidate for further investigation.,229
ranolazine,-0.01678043263141892,1,1,1,1,1.0,0.019801980198019802,0.21574257425742574,3.0,Computational reversal candidate for further investigation.,230
torasemide,-0.01678043263141892,1,1,1,1,1.0,0.04950495049504951,0.2907581863307625,3.0,Computational reversal candidate for further investigation.,231
ppt,-0.016757344605524763,1,1,1,1,1.0,0.0891089108910891,0.3313452505660122,4.0,Computational reversal candidate for further investigation.,232
BRD-K16541732,-0.01675413276956304,1,1,1,1,1.0,0.10891089108910891,0.3579439391902991,4.0,Computational reversal candidate for further investigation.,233
BRD-A19248578,-0.016695186090532936,1,1,1,1,1.0,0.07920792079207921,0.31843922399620034,3.0,Computational reversal candidate for further investigation.,234
BRD-K98676510,-0.01668897770634828,3,3,3,3,1.0,0.0594059405940594,0.2996424642464246,4.333333333333333,Computational reversal candidate for further investigation.,235
deoxyandirobin lactone,-0.016683830273826614,1,1,1,1,1.0,0.07920792079207921,0.31843922399620034,5.0,Computational reversal candidate for further investigation.,236
olvanil,-0.016666984797646563,2,2,2,2,1.0,0.0594059405940594,0.2996424642464246,4.0,Computational reversal candidate for further investigation.,237
amitriptyline hydrochloride,-0.016652251413789607,2,2,2,2,1.0,0.0297029702970297,0.23882941799715027,3.5,Computational reversal candidate for further investigation.,238
isoreserpine,-0.0166221323104857,1,1,1,1,1.0,0.15841584158415842,0.4199368841993688,6.0,Computational reversal candidate for further investigation.,239
caffeic acid phenethyl ester,-0.01660678604427871,3,3,3,3,1.0,0.0297029702970297,0.23882941799715027,4.333333333333333,Computational reversal candidate for further investigation.,240
pazopanib,-0.016590671036146865,1,1,1,1,1.0,0.09900990099009901,0.34629626686585196,5.0,Computational reversal candidate for further investigation.,241
kuc104131 kuc104131n,-0.01658744417357767,1,1,1,1,1.0,0.019801980198019802,0.21574257425742574,3.0,Computational reversal candidate for further investigation.,242
BRD-K45435259,-0.016544658738579066,1,1,1,1,1.0,0.04950495049504951,0.2907581863307625,3.0,Computational reversal candidate for further investigation.,243
BRD-K79554012,-0.01654264760385229,1,1,1,1,1.0,0.0594059405940594,0.2996424642464246,4.0,Computational reversal candidate for further investigation.,244
BRD-K95138506,-0.016541038241657542,3,3,3,3,1.0,0.019801980198019802,0.21574257425742574,5.666666666666667,Computational reversal candidate for further investigation.,245
lapatinib,-0.016500098358261987,5,5,5,5,1.0,0.04950495049504951,0.2907581863307625,5.2,Computational reversal candidate for further investigation.,246
ei-232,-0.016480961966400077,1,1,1,1,1.0,0.12871287128712872,0.3826266664865668,5.0,Computational reversal candidate for further investigation.,247
ncgc00184834-01,-0.016479061128605987,2,2,2,2,1.0,0.0891089108910891,0.3313452505660122,5.0,Computational reversal candidate for further investigation.,248
dihydroergocristine mesylate,-0.01646252654105973,1,1,1,1,1.0,0.019801980198019802,0.21574257425742574,3.0,Computational reversal candidate for further investigation.,249
BRD-A59145032,-0.016409777588259095,3,3,3,3,1.0,0.039603960396039604,0.266348857107933,3.6666666666666665,Computational reversal candidate for further investigation.,250
OSI-027,-0.01640635940103198,26,30,26,30,0.8666666666666667,0.009900990099009901,0.16987604272238246,4.933333333333334,Computational reversal candidate for further investigation.,251
BRD-K24031526,-0.016405394258107102,1,1,1,1,1.0,0.07920792079207921,0.31843922399620034,3.0,Computational reversal candidate for further investigation.,252
jak3 inhibitor ii,-0.01637524923177036,1,1,1,1,1.0,0.07920792079207921,0.31843922399620034,3.0,Computational reversal candidate for further investigation.,253
p8624,-0.01636256874622826,8,8,8,8,1.0,0.009900990099009901,0.16987604272238246,5.875,Computational reversal candidate for further investigation.,254
BRD-A25170757,-0.016299435136830825,1,1,1,1,1.0,0.07920792079207921,0.31843922399620034,3.0,Computational reversal candidate for further investigation.,255
candesartan,-0.01628746285297246,1,1,1,1,1.0,0.04950495049504951,0.2907581863307625,3.0,Computational reversal candidate for further investigation.,256
d 4476,-0.01626061372165015,2,2,2,2,1.0,0.019801980198019802,0.21574257425742574,5.5,Computational reversal candidate for further investigation.,257
BRD-K74761218,-0.016238599655205375,7,7,7,7,1.0,0.019801980198019802,0.21574257425742574,5.142857142857143,Computational reversal candidate for further investigation.,258
maprotiline hydrochloride,-0.01623819693662406,2,2,2,2,1.0,0.0297029702970297,0.23882941799715027,3.5,Computational reversal candidate for further investigation.,259
ncgc00188537-01,-0.016219681153888676,1,1,1,1,1.0,0.0594059405940594,0.2996424642464246,3.0,Computational reversal candidate for further investigation.,260
p233,-0.016219681153888676,1,1,1,1,1.0,0.06930693069306931,0.31074033329258854,3.0,Computational reversal candidate for further investigation.,261
vx-680,-0.016219681153888676,9,9,9,9,1.0,0.009900990099009901,0.16987604272238246,4.777777777777778,Computational reversal candidate for further investigation.,262
gw 9508,-0.016212846813809394,1,1,1,1,1.0,0.06930693069306931,0.31074033329258854,4.0,Computational reversal candidate for further investigation.,263
BRD-K33720394,-0.016197820530884432,2,2,2,2,1.0,0.0891089108910891,0.3313452505660122,4.5,Computational reversal candidate for further investigation.,264
hexylcaine hydrochloride,-0.016182966445470195,1,1,1,1,1.0,0.0297029702970297,0.23882941799715027,7.0,Computational reversal candidate for further investigation.,265
stk249718,-0.016162727592164368,4,5,4,5,0.8,0.019801980198019802,0.21574257425742574,4.0,Computational reversal candidate for further investigation.,266
f9428,-0.016156286453797516,1,1,1,1,1.0,0.06930693069306931,0.31074033329258854,4.0,Computational reversal candidate for further investigation.,267
BRD-K58191509,-0.01607536724775053,1,1,1,1,1.0,0.009900990099009901,0.16987604272238246,3.0,Computational reversal candidate for further investigation.,268
BMS509744,-0.01605640726515953,3,4,3,4,0.75,0.039603960396039604,0.266348857107933,4.5,Computational reversal candidate for further investigation.,269
crizotinib,-0.01604473045788343,11,11,11,11,1.0,0.009900990099009901,0.16987604272238246,4.090909090909091,Computational reversal candidate for further investigation.,270
PIK-93,-0.016012825489899737,9,11,9,11,0.8181818181818182,0.019801980198019802,0.21574257425742574,3.909090909090909,Computational reversal candidate for further investigation.,271
dau 5884 hydrochloride,-0.016008746125826326,1,1,1,1,1.0,0.0594059405940594,0.2996424642464246,4.0,Computational reversal candidate for further investigation.,272
BRD-K19540840,-0.016000217103765098,4,4,5,5,1.0,0.009900990099009901,0.16987604272238246,4.6,Computational reversal candidate for further investigation.,273
BRD-K10649245,-0.015979848138899994,1,1,1,1,1.0,0.039603960396039604,0.266348857107933,4.0,Computational reversal candidate for further investigation.,274
PI-103,-0.015964371796400086,33,37,33,37,0.8918918918918919,0.019801980198019802,0.21574257425742574,4.621621621621622,Computational reversal candidate for further investigation.,275
levocetirizine,-0.01596070310219528,1,1,1,1,1.0,0.0594059405940594,0.2996424642464246,3.0,Computational reversal candidate for further investigation.,276
BRD-K23657553,-0.015945346675375456,1,1,1,1,1.0,0.09900990099009901,0.34629626686585196,3.0,Computational reversal candidate for further investigation.,277
megestrol acetate,-0.015938836428808757,2,2,2,2,1.0,0.019801980198019802,0.21574257425742574,4.0,Computational reversal candidate for further investigation.,278
hdac6 inhibitor isox,-0.015920712653038637,31,33,31,33,0.9393939393939394,0.009900990099009901,0.16987604272238246,5.03030303030303,Computational reversal candidate for further investigation.,279
BRD-K64857848,-0.0158936264045551,6,6,6,6,1.0,0.009900990099009901,0.16987604272238246,4.666666666666667,Computational reversal candidate for further investigation.,280
fluocinolone acetonide,-0.015873795836196844,4,4,4,4,1.0,0.019801980198019802,0.21574257425742574,4.75,Computational reversal candidate for further investigation.,281
flurandrenolide,-0.015872296628789827,2,3,2,3,0.6666666666666666,0.019801980198019802,0.21574257425742574,5.333333333333333,Computational reversal candidate for further investigation.,282
"ly-165,163",-0.01585492437643505,1,1,1,1,1.0,0.019801980198019802,0.21574257425742574,3.0,Computational reversal candidate for further investigation.,283
gw 441756,-0.015838508964892896,1,1,1,1,1.0,0.16831683168316833,0.4309781154378658,6.0,Computational reversal candidate for further investigation.,284
AZD4547,-0.015808577732400277,3,4,3,4,0.75,0.039603960396039604,0.266348857107933,5.75,Computational reversal candidate for further investigation.,285
BRD-K48654774,-0.015803760298147004,2,2,2,2,1.0,0.019801980198019802,0.21574257425742574,4.0,Computational reversal candidate for further investigation.,286
WYE-125132,-0.01579826645008845,48,54,48,54,0.8888888888888888,0.009900990099009901,0.16987604272238246,4.722222222222222,Computational reversal candidate for further investigation.,287
ritodrine hydrochloride,-0.015794954529159116,3,3,3,3,1.0,0.0297029702970297,0.23882941799715027,5.666666666666667,Computational reversal candidate for further investigation.,288
ly 288513,-0.015789061649378974,1,1,1,1,1.0,0.10891089108910891,0.3579439391902991,4.0,Computational reversal candidate for further investigation.,289
lobelanidine hydrochloride,-0.01578873244122274,1,1,1,1,1.0,0.10891089108910891,0.3579439391902991,4.0,Computational reversal candidate for further investigation.,290
PLX-4720,-0.015778362208646986,6,8,6,8,0.75,0.0297029702970297,0.23882941799715027,5.375,Computational reversal candidate for further investigation.,291
sibutramine hcl,-0.01577381912515289,1,1,1,1,1.0,0.10891089108910891,0.3579439391902991,3.0,Computational reversal candidate for further investigation.,292
BIX-02189,-0.01577115395151546,1,1,1,1,1.0,0.1188118811881188,0.37358021516437356,3.0,Computational reversal candidate for further investigation.,293
YM-201636,-0.01573686346181869,9,9,9,9,1.0,0.009900990099009901,0.16987604272238246,5.111111111111111,Computational reversal candidate for further investigation.,294
GDC-0068,-0.015729582103219123,3,3,3,3,1.0,0.0297029702970297,0.23882941799715027,4.333333333333333,Computational reversal candidate for further investigation.,295
BRD-K16940042,-0.015726089314446374,1,1,1,1,1.0,0.0594059405940594,0.2996424642464246,4.0,Computational reversal candidate for further investigation.,296
NVP-TAE684,-0.0156949345729899,24,29,24,29,0.8275862068965517,0.019801980198019802,0.21574257425742574,4.275862068965517,Computational reversal candidate for further investigation.,297
kuc103875 kuc103875n,-0.015676120879414772,1,1,1,1,1.0,0.07920792079207921,0.31843922399620034,3.0,Computational reversal candidate for further investigation.,298
propyl-beta-carboline-3-carboxylate,-0.015635591929942776,1,1,1,1,1.0,0.18811881188118812,0.4595413577232163,8.0,Computational reversal candidate for further investigation.,299
pd 166793,-0.015613872256778568,3,3,3,3,1.0,0.019801980198019802,0.21574257425742574,4.0,Computational reversal candidate for further investigation.,300
BRD-K65050353,-0.01559133532693518,1,1,1,1,1.0,0.0594059405940594,0.2996424642464246,3.0,Computational reversal candidate for further investigation.,301
fu jmbii105b,-0.01559133532693518,1,1,1,1,1.0,0.0594059405940594,0.2996424642464246,3.0,Computational reversal candidate for further investigation.,302
s1017,-0.01559133532693518,3,3,3,3,1.0,0.019801980198019802,0.21574257425742574,4.0,Computational reversal candidate for further investigation.,303
BRD-U74615290,-0.015566716627345137,2,2,2,2,1.0,0.0297029702970297,0.23882941799715027,4.0,Computational reversal candidate for further investigation.,304
s1142,-0.015536222179633092,5,5,5,5,1.0,0.009900990099009901,0.16987604272238246,3.4,Computational reversal candidate for further investigation.,305
mitomycin c,-0.015513847233082604,10,13,11,14,0.7692307692307693,0.009900990099009901,0.16987604272238246,5.0,Computational reversal candidate for further investigation.,306
xylazine,-0.015513595640550404,1,1,1,1,1.0,0.039603960396039604,0.266348857107933,8.0,Computational reversal candidate for further investigation.,307
r-96544 hydrochloride,-0.01548113578808209,1,1,1,1,1.0,0.0594059405940594,0.2996424642464246,4.0,Computational reversal candidate for further investigation.,308
doxorubicin,-0.015470691570159454,12,14,14,16,0.8571428571428571,0.009900990099009901,0.16987604272238246,5.3125,Computational reversal candidate for further investigation.,309
ketotifen fumarate,-0.015371635393055149,1,1,1,1,1.0,0.0594059405940594,0.2996424642464246,4.0,Computational reversal candidate for further investigation.,310
r(+)-skf-81297,-0.01532696889256734,1,1,1,1,1.0,0.019801980198019802,0.21574257425742574,4.0,Computational reversal candidate for further investigation.,311
tranilast,-0.015242092857983017,2,2,2,2,1.0,0.07920792079207921,0.31843922399620034,5.5,Computational reversal candidate for further investigation.,312
BRD-K33680967,-0.015235281043606622,1,1,1,1,1.0,0.04950495049504951,0.2907581863307625,3.0,Computational reversal candidate for further investigation.,313
NPK76-II-72-1,-0.015225574130087603,2,2,2,2,1.0,0.009900990099009901,0.16987604272238246,5.5,Computational reversal candidate for further investigation.,314
s1014,-0.015223726797234122,3,3,3,3,1.0,0.039603960396039604,0.266348857107933,4.0,Computational reversal candidate for further investigation.,315
GDC-0941,-0.015202559639064092,30,31,30,31,0.967741935483871,0.009900990099009901,0.16987604272238246,4.387096774193548,Computational reversal candidate for further investigation.,316
BRD-K69852452,-0.015166588612887208,10,13,16,20,0.7692307692307693,0.039603960396039604,0.266348857107933,4.8,Computational reversal candidate for further investigation.,317
BRD-K52522949,-0.015150821396002146,9,9,9,9,1.0,0.0297029702970297,0.23882941799715027,4.222222222222222,Computational reversal candidate for further investigation.,318
triamcinolone diacetate,-0.015143513681981177,1,1,1,1,1.0,0.1188118811881188,0.37358021516437356,6.0,Computational reversal candidate for further investigation.,319
diphenyleneiodonium chloride,-0.01512383006026735,4,5,4,5,0.8,0.019801980198019802,0.21574257425742574,6.0,Computational reversal candidate for further investigation.,320
prednicarbate,-0.015107422364847078,2,2,2,2,1.0,0.019801980198019802,0.21574257425742574,4.5,Computational reversal candidate for further investigation.,321
BRD-K81441552,-0.015090712998984204,1,1,1,1,1.0,0.039603960396039604,0.266348857107933,5.0,Computational reversal candidate for further investigation.,322
CP-724714,-0.015075975888453733,3,5,3,5,0.6,0.009900990099009901,0.16987604272238246,4.0,Computational reversal candidate for further investigation.,323
vigabatrin,-0.014950863672868714,1,1,1,1,1.0,0.06930693069306931,0.31074033329258854,4.0,Computational reversal candidate for further investigation.,324
o-2050,-0.014937366257152085,1,1,1,1,1.0,0.04950495049504951,0.2907581863307625,4.0,Computational reversal candidate for further investigation.,325
spironolactone,-0.01493208679403819,1,2,1,2,0.5,0.019801980198019802,0.21574257425742574,4.5,Computational reversal candidate for further investigation.,326
glimepiride,-0.014931863038336497,1,1,1,1,1.0,0.13861386138613863,0.39585793441729494,4.0,Computational reversal candidate for further investigation.,327
mdl 73005ef hydrochloride,-0.014880610300819892,1,1,1,1,1.0,0.039603960396039604,0.266348857107933,3.0,Computational reversal candidate for further investigation.,328
cgs 15943,-0.014870378278786674,2,2,2,2,1.0,0.0297029702970297,0.23882941799715027,3.0,Computational reversal candidate for further investigation.,329
PD-173074,-0.014805591040421538,4,5,4,5,0.8,0.0297029702970297,0.23882941799715027,4.4,Computational reversal candidate for further investigation.,330
ifenprodil tartrate,-0.01480017334273935,1,1,1,1,1.0,0.07920792079207921,0.31843922399620034,5.0,Computational reversal candidate for further investigation.,331
pentetic acid,-0.014788842482995255,1,1,1,1,1.0,0.07920792079207921,0.31843922399620034,4.0,Computational reversal candidate for further investigation.,332
BRD-K02113016,-0.014785327262138468,3,3,3,3,1.0,0.019801980198019802,0.21574257425742574,3.6666666666666665,Computational reversal candidate for further investigation.,333
ketanserin tartrate hydrate,-0.014766246877592842,1,1,1,1,1.0,0.12871287128712872,0.3826266664865668,5.0,Computational reversal candidate for further investigation.,334
u-0126,-0.014755336404241063,4,4,4,4,1.0,0.009900990099009901,0.16987604272238246,4.0,Computational reversal candidate for further investigation.,335
triflupromazine hydrochloride,-0.014716344923388771,1,1,1,1,1.0,0.06930693069306931,0.31074033329258854,3.0,Computational reversal candidate for further investigation.,336
medrysone,-0.014674987442139959,5,5,6,6,1.0,0.019801980198019802,0.21574257425742574,4.5,Computational reversal candidate for further investigation.,337
baeomycesic acid,-0.01460378336881265,1,1,1,1,1.0,0.04950495049504951,0.2907581863307625,3.0,Computational reversal candidate for further investigation.,338
pheniramine maleate,-0.01460378336881265,1,1,1,1,1.0,0.07920792079207921,0.31843922399620034,3.0,Computational reversal candidate for further investigation.,339
fipronil,-0.014519821799031132,1,1,1,1,1.0,0.16831683168316833,0.4309781154378658,5.0,Computational reversal candidate for further investigation.,340
BRD-K42644990,-0.014463202435609408,1,1,1,1,1.0,0.06930693069306931,0.31074033329258854,6.0,Computational reversal candidate for further investigation.,341
BRD-K45114207,-0.01445305502949254,1,1,1,1,1.0,0.12871287128712872,0.3826266664865668,4.0,Computational reversal candidate for further investigation.,342
BRD-K06666320,-0.014425969327523007,6,6,6,6,1.0,0.04950495049504951,0.2907581863307625,6.166666666666667,Computational reversal candidate for further investigation.,343
"nf-kb activation inhibitor ii, jsh-23",-0.014418094261490131,2,2,2,2,1.0,0.0297029702970297,0.23882941799715027,3.0,Computational reversal candidate for further investigation.,344
methyl 7-desoxypurpurogallin-7-carboxylate trimethyl ether,-0.014377362046137553,1,1,1,1,1.0,0.12871287128712872,0.3826266664865668,5.0,Computational reversal candidate for further investigation.,345
DCC-2036,-0.014369772770687711,10,11,10,11,0.9090909090909091,0.009900990099009901,0.16987604272238246,5.545454545454546,Computational reversal candidate for further investigation.,346
BRD-A25088322,-0.014288668853130678,1,1,1,1,1.0,0.12871287128712872,0.3826266664865668,3.0,Computational reversal candidate for further investigation.,347
cgs 21680 hydrochloride,-0.014285508648056285,1,1,1,1,1.0,0.16831683168316833,0.4309781154378658,4.0,Computational reversal candidate for further investigation.,348
pracinostat,-0.014263749936922483,19,22,19,22,0.8636363636363636,0.019801980198019802,0.21574257425742574,6.181818181818182,Computational reversal candidate for further investigation.,349
BRD-K69569876,-0.014253684178474035,1,1,1,1,1.0,0.06930693069306931,0.31074033329258854,3.0,Computational reversal candidate for further investigation.,350
BRD-K83972459,-0.014248674661838401,7,9,7,9,0.7777777777777778,0.019801980198019802,0.21574257425742574,4.0,Computational reversal candidate for further investigation.,351
ketoprofen,-0.014236595969094986,1,1,1,1,1.0,0.06930693069306931,0.31074033329258854,5.0,Computational reversal candidate for further investigation.,352
BYL719,-0.014216793170679374,7,9,7,9,0.7777777777777778,0.009900990099009901,0.16987604272238246,3.6666666666666665,Computational reversal candidate for further investigation.,353
VE821,-0.014183349950378066,1,1,1,1,1.0,0.0594059405940594,0.2996424642464246,3.0,Computational reversal candidate for further investigation.,354
km 00927,-0.014176453142952858,10,11,10,11,0.9090909090909091,0.039603960396039604,0.266348857107933,4.7272727272727275,Computational reversal candidate for further investigation.,355
PD-184352,-0.014166085269246863,20,23,20,23,0.8695652173913043,0.0297029702970297,0.23882941799715027,4.6521739130434785,Computational reversal candidate for further investigation.,356
sericetin dimethyl ether,-0.014124362968963718,2,2,2,2,1.0,0.0594059405940594,0.2996424642464246,5.5,Computational reversal candidate for further investigation.,357
BRD-K52678950,-0.01406699754482946,1,1,1,1,1.0,0.1485148514851485,0.40808809758655556,3.0,Computational reversal candidate for further investigation.,358
wiskostatin,-0.014064409809225503,2,2,2,2,1.0,0.0297029702970297,0.23882941799715027,3.5,Computational reversal candidate for further investigation.,359
mls-0216981,-0.014064387286999252,1,1,1,1,1.0,0.06930693069306931,0.31074033329258854,4.0,Computational reversal candidate for further investigation.,360
gr 46611,-0.01406156079319442,1,1,1,1,1.0,0.13861386138613863,0.39585793441729494,5.0,Computational reversal candidate for further investigation.,361
TAK-715,-0.01400961427447466,1,1,1,1,1.0,0.07920792079207921,0.31843922399620034,4.0,Computational reversal candidate for further investigation.,362
NVP-BEZ235,-0.01400817532379293,48,60,48,60,0.8,0.019801980198019802,0.21574257425742574,4.516666666666667,Computational reversal candidate for further investigation.,363
sulfaguanidine,-0.01399649595616373,1,1,1,1,1.0,0.09900990099009901,0.34629626686585196,5.0,Computational reversal candidate for further investigation.,364
BRD-A42737819,-0.013967002041657788,2,2,2,2,1.0,0.039603960396039604,0.266348857107933,3.5,Computational reversal candidate for further investigation.,365
BRD-K53308430,-0.013951072517403854,3,3,3,3,1.0,0.1188118811881188,0.37358021516437356,4.333333333333333,Computational reversal candidate for further investigation.,366
"tamoxifen, 4-hydroxy-, (z)-",-0.013899672830033759,1,1,1,1,1.0,0.0594059405940594,0.2996424642464246,3.0,Computational reversal candidate for further investigation.,367
BRD-K38615104,-0.013879058181772902,7,9,7,9,0.7777777777777778,0.009900990099009901,0.16987604272238246,6.333333333333333,Computational reversal candidate for further investigation.,368
KIN001-265,-0.013855685454070173,5,6,5,6,0.8333333333333334,0.06930693069306931,0.31074033329258854,5.166666666666667,Computational reversal candidate for further investigation.,369
BRD-K37694030 (doxepin hydrochloride),-0.01384404337487885,1,1,1,1,1.0,0.04950495049504951,0.2907581863307625,6.0,Computational reversal candidate for further investigation.,370
procaterol hydrochloride,-0.013738549869013156,1,1,1,1,1.0,0.07920792079207921,0.31843922399620034,3.0,Computational reversal candidate for further investigation.,371
BRD-K44540157,-0.013737779481581325,1,1,1,1,1.0,0.07920792079207921,0.31843922399620034,4.0,Computational reversal candidate for further investigation.,372
hemado,-0.013710954410904932,2,2,2,2,1.0,0.0297029702970297,0.23882941799715027,4.0,Computational reversal candidate for further investigation.,373
BRD-A85712510,-0.013701337362942356,1,1,1,1,1.0,0.0891089108910891,0.3313452505660122,3.0,Computational reversal candidate for further investigation.,374
way 170523,-0.013624457033049991,5,5,5,5,1.0,0.0297029702970297,0.23882941799715027,3.4,Computational reversal candidate for further investigation.,375
hy-10459,-0.013616696406458517,10,11,10,11,0.9090909090909091,0.04950495049504951,0.2907581863307625,5.909090909090909,Computational reversal candidate for further investigation.,376
BRD-K11663430,-0.013616479996235435,6,7,6,7,0.8571428571428571,0.019801980198019802,0.21574257425742574,4.571428571428571,Computational reversal candidate for further investigation.,377
flubendazole,-0.013572211373664869,1,2,1,2,0.5,0.06930693069306931,0.31074033329258854,5.5,Computational reversal candidate for further investigation.,378
(-)-cotinine,-0.013518788047725366,1,1,1,1,1.0,0.10891089108910891,0.3579439391902991,4.0,Computational reversal candidate for further investigation.,379
hispidin,-0.013515234162606894,1,1,1,1,1.0,0.09900990099009901,0.34629626686585196,3.0,Computational reversal candidate for further investigation.,380
beclomethasone dipropionate,-0.013504228954848995,2,2,2,2,1.0,0.0594059405940594,0.2996424642464246,5.0,Computational reversal candidate for further investigation.,381
corticosterone,-0.013485965287383522,1,1,1,1,1.0,0.09900990099009901,0.34629626686585196,4.0,Computational reversal candidate for further investigation.,382
lylamine hydrochloride,-0.01347612497283284,4,5,4,5,0.8,0.039603960396039604,0.266348857107933,3.8,Computational reversal candidate for further investigation.,383
BRD-K06436323,-0.013466869973121135,1,1,1,1,1.0,0.06930693069306931,0.31074033329258854,4.0,Computational reversal candidate for further investigation.,384
fenobam,-0.01345768104900459,2,2,2,2,1.0,0.09900990099009901,0.34629626686585196,5.0,Computational reversal candidate for further investigation.,385
hts 12526,-0.013450601341005959,1,1,1,1,1.0,0.0297029702970297,0.23882941799715027,3.0,Computational reversal candidate for further investigation.,386
bas 00535043,-0.013406553310319754,2,2,2,2,1.0,0.019801980198019802,0.21574257425742574,3.5,Computational reversal candidate for further investigation.,387
d3943,-0.013398396514013441,1,1,1,1,1.0,0.039603960396039604,0.266348857107933,5.0,Computational reversal candidate for further investigation.,388
BRD-K02641134,-0.013396486819853028,1,1,1,1,1.0,0.07920792079207921,0.31843922399620034,3.0,Computational reversal candidate for further investigation.,389
RAF 265,-0.013342627981354983,6,7,6,7,0.8571428571428571,0.019801980198019802,0.21574257425742574,4.428571428571429,Computational reversal candidate for further investigation.,390
ntncb hydrochloride,-0.013326606714292895,1,1,1,1,1.0,0.07920792079207921,0.31843922399620034,3.0,Computational reversal candidate for further investigation.,391
ag 82,-0.013281450588064434,1,1,1,1,1.0,0.10891089108910891,0.3579439391902991,5.0,Computational reversal candidate for further investigation.,392
westcort,-0.013268951997961246,1,1,1,1,1.0,0.10891089108910891,0.3579439391902991,6.0,Computational reversal candidate for further investigation.,393
n- (2-aminoethyl)-4-chlorobenzamide (ro-16-6491),-0.01318646039199713,1,1,1,1,1.0,0.15841584158415842,0.4199368841993688,5.0,Computational reversal candidate for further investigation.,394
piretanide,-0.01316681923779573,2,2,2,2,1.0,0.1485148514851485,0.40808809758655556,4.5,Computational reversal candidate for further investigation.,395
solanine alpha,-0.013150802392110595,1,1,1,1,1.0,0.13861386138613863,0.39585793441729494,3.0,Computational reversal candidate for further investigation.,396
u 18666a,-0.013150390207262868,1,1,1,1,1.0,0.06930693069306931,0.31074033329258854,3.0,Computational reversal candidate for further investigation.,397
QL-X-138,-0.013139032532671915,17,21,17,21,0.8095238095238095,0.009900990099009901,0.16987604272238246,4.238095238095238,Computational reversal candidate for further investigation.,398
8-{[2-oxo-2-(1-pyrrolidinyl)ethyl]thio}quinoline,-0.01307014534383018,2,2,2,2,1.0,0.0594059405940594,0.2996424642464246,5.0,Computational reversal candidate for further investigation.,399
ncgc00188488-01,-0.013042086547003241,2,2,2,2,1.0,0.0297029702970297,0.23882941799715027,3.5,Computational reversal candidate for further investigation.,400
BRD-K62310379 (fluticasone propionate),-0.013041525047412999,5,5,5,5,1.0,0.039603960396039604,0.266348857107933,4.0,Computational reversal candidate for further investigation.,401
BRD-K90999434,-0.013038441318283913,6,6,6,6,1.0,0.039603960396039604,0.266348857107933,3.5,Computational reversal candidate for further investigation.,402
s1252,-0.012989999850530698,1,1,1,1,1.0,0.07920792079207921,0.31843922399620034,3.0,Computational reversal candidate for further investigation.,403
BRD-A94377914,-0.012903034269206096,6,7,6,7,0.8571428571428571,0.04950495049504951,0.2907581863307625,5.285714285714286,Computational reversal candidate for further investigation.,404
methyltestosterone,-0.012898556518534865,2,2,2,2,1.0,0.0891089108910891,0.3313452505660122,4.5,Computational reversal candidate for further investigation.,405
ei-156,-0.012897264184801034,9,10,9,10,0.9,0.04950495049504951,0.2907581863307625,5.9,Computational reversal candidate for further investigation.,406
BRD-K83670234,-0.012855698955121984,10,10,10,10,1.0,0.009900990099009901,0.16987604272238246,5.5,Computational reversal candidate for further investigation.,407
BRD-K71726959,-0.012850258095725983,10,12,10,12,0.8333333333333334,0.009900990099009901,0.16987604272238246,3.9166666666666665,Computational reversal candidate for further investigation.,408
gsk-3 inhibitor ii,-0.012830362193682587,1,1,1,1,1.0,0.16831683168316833,0.4309781154378658,4.0,Computational reversal candidate for further investigation.,409
fit,-0.012819699371100432,3,3,3,3,1.0,0.06930693069306931,0.31074033329258854,4.333333333333333,Computational reversal candidate for further investigation.,410
BRD-K00859168,-0.012800063664262982,1,1,1,1,1.0,0.0594059405940594,0.2996424642464246,4.0,Computational reversal candidate for further investigation.,411
pd 102807,-0.012737753888994341,2,2,2,2,1.0,0.039603960396039604,0.266348857107933,4.5,Computational reversal candidate for further investigation.,412
BRD-K89059493,-0.012729986680827105,1,1,1,1,1.0,0.10891089108910891,0.3579439391902991,3.0,Computational reversal candidate for further investigation.,413
BRD-K02646507,-0.012721273621036502,1,1,1,1,1.0,0.13861386138613863,0.39585793441729494,4.0,Computational reversal candidate for further investigation.,414
BRD-A82238138 (budesonide),-0.01270821837837888,2,3,2,3,0.6666666666666666,0.06930693069306931,0.31074033329258854,4.0,Computational reversal candidate for further investigation.,415
quetiapine,-0.0126982608873394,1,1,1,1,1.0,0.0297029702970297,0.23882941799715027,3.0,Computational reversal candidate for further investigation.,416
selumetinib,-0.01266590357382957,18,20,18,20,0.9,0.09900990099009901,0.34629626686585196,5.05,Computational reversal candidate for further investigation.,417
methiothepin maleate,-0.01266455710846013,1,1,1,1,1.0,0.10891089108910891,0.3579439391902991,4.0,Computational reversal candidate for further investigation.,418
sb 200646 hydrochloride,-0.0126427539662387,1,2,1,2,0.5,0.09900990099009901,0.34629626686585196,4.0,Computational reversal candidate for further investigation.,419
gefitinib,-0.012636031010213204,10,13,10,13,0.7692307692307693,0.04950495049504951,0.2907581863307625,4.6923076923076925,Computational reversal candidate for further investigation.,420
ncgc00183371-01,-0.012614698434649903,5,6,5,6,0.8333333333333334,0.039603960396039604,0.266348857107933,4.5,Computational reversal candidate for further investigation.,421
BRD-K16533489,-0.012603919524483836,2,3,2,3,0.6666666666666666,0.06930693069306931,0.31074033329258854,3.6666666666666665,Computational reversal candidate for further investigation.,422
GSK-690693,-0.012557399324624496,4,5,4,5,0.8,0.04950495049504951,0.2907581863307625,4.2,Computational reversal candidate for further investigation.,423
BRD-A11702965,-0.01254383637160501,8,9,8,9,0.8888888888888888,0.0297029702970297,0.23882941799715027,5.555555555555555,Computational reversal candidate for further investigation.,424
"camptothecine (s,+)",-0.012528111589912834,2,2,2,2,1.0,0.07920792079207921,0.31843922399620034,4.5,Computational reversal candidate for further investigation.,425
topotecan hcl,-0.012525960802089028,3,5,3,5,0.6,0.009900990099009901,0.16987604272238246,4.2,Computational reversal candidate for further investigation.,426
BRD-K60757524,-0.01251997872142433,1,1,1,1,1.0,0.18811881188118812,0.4595413577232163,6.0,Computational reversal candidate for further investigation.,427
hy-10180,-0.012507081666744808,1,1,1,1,1.0,0.0594059405940594,0.2996424642464246,4.0,Computational reversal candidate for further investigation.,428
BRD-K14027855,-0.012501331769710468,5,6,5,6,0.8333333333333334,0.0297029702970297,0.23882941799715027,4.333333333333333,Computational reversal candidate for further investigation.,429
ncgc00242296-02,-0.012463948974235087,1,1,1,1,1.0,0.10891089108910891,0.3579439391902991,4.0,Computational reversal candidate for further investigation.,430
vorinostat,-0.012437047840887571,84,97,257,278,0.865979381443299,0.009900990099009901,0.16987604272238246,5.169064748201439,Computational reversal candidate for further investigation.,431
s1018,-0.012425083763865525,4,4,4,4,1.0,0.019801980198019802,0.21574257425742574,3.75,Computational reversal candidate for further investigation.,432
BRD-K00366212,-0.01241677222612414,1,1,1,1,1.0,0.12871287128712872,0.3826266664865668,4.0,Computational reversal candidate for further investigation.,433
prenylamine lactate,-0.012402174529171795,1,1,1,1,1.0,0.07920792079207921,0.31843922399620034,3.0,Computational reversal candidate for further investigation.,434
BRD-K35024477,-0.01239356431132588,1,1,1,1,1.0,0.06930693069306931,0.31074033329258854,3.0,Computational reversal candidate for further investigation.,435
ncgc00241357-01,-0.01239356431132588,3,3,3,3,1.0,0.10891089108910891,0.3579439391902991,4.0,Computational reversal candidate for further investigation.,436
methotrimeprazine maleat salt,-0.012381630135630522,1,1,1,1,1.0,0.1485148514851485,0.40808809758655556,3.0,Computational reversal candidate for further investigation.,437
mocetinostat,-0.012378589910236645,12,14,12,14,0.8571428571428571,0.039603960396039604,0.266348857107933,6.285714285714286,Computational reversal candidate for further investigation.,438
BRD-K88556033,-0.012342163868169415,1,1,1,1,1.0,0.0297029702970297,0.23882941799715027,3.0,Computational reversal candidate for further investigation.,439
NVP-BGT226,-0.012324626334856174,19,22,19,22,0.8636363636363636,0.09900990099009901,0.34629626686585196,4.454545454545454,Computational reversal candidate for further investigation.,440
hy-10518,-0.012321116550540771,11,13,11,13,0.8461538461538461,0.009900990099009901,0.16987604272238246,4.6923076923076925,Computational reversal candidate for further investigation.,441
ag 9,-0.012317328119336503,1,1,1,1,1.0,0.2376237623762376,0.5091270188965799,4.0,Computational reversal candidate for further investigation.,442
jfd02227,-0.012308566981072345,1,1,1,1,1.0,0.24752475247524752,0.5196112096758809,6.0,Computational reversal candidate for further investigation.,443
scriptaid,-0.012301382531598473,10,12,10,12,0.8333333333333334,0.0297029702970297,0.23882941799715027,5.666666666666667,Computational reversal candidate for further investigation.,444
dexamethasone acetate,-0.01228993625010262,5,5,5,5,1.0,0.009900990099009901,0.16987604272238246,4.2,Computational reversal candidate for further investigation.,445
BRD-K07790824,-0.012270853669319192,1,1,1,1,1.0,0.09900990099009901,0.34629626686585196,6.0,Computational reversal candidate for further investigation.,446
darinaparsin,-0.012252526678577357,1,1,1,1,1.0,0.0891089108910891,0.3313452505660122,4.0,Computational reversal candidate for further investigation.,447
entinostat,-0.012249574211502922,8,11,8,11,0.7272727272727273,0.019801980198019802,0.21574257425742574,5.181818181818182,Computational reversal candidate for further investigation.,448
sunitinib,-0.012242733658930222,6,9,6,9,0.6666666666666666,0.0297029702970297,0.23882941799715027,7.222222222222222,Computational reversal candidate for further investigation.,449
chaetocin,-0.01223521353871013,16,19,16,19,0.8421052631578947,0.009900990099009901,0.16987604272238246,5.0,Computational reversal candidate for further investigation.,450
BRD-A80574334,-0.012233210146167586,1,1,1,1,1.0,0.13861386138613863,0.39585793441729494,3.0,Computational reversal candidate for further investigation.,451
x0379,-0.012217390611157664,2,2,2,2,1.0,0.07920792079207921,0.31843922399620034,4.0,Computational reversal candidate for further investigation.,452
BRD-K00824317 (flurandrenolide),-0.01221118968628051,1,1,1,1,1.0,0.10891089108910891,0.3579439391902991,6.0,Computational reversal candidate for further investigation.,453
st001903,-0.012205446650902584,1,1,1,1,1.0,0.06930693069306931,0.31074033329258854,3.0,Computational reversal candidate for further investigation.,454
daunorubicin hydrochloride,-0.012194978698245639,12,14,18,21,0.8571428571428571,0.019801980198019802,0.21574257425742574,5.476190476190476,Computational reversal candidate for further investigation.,455
tianeptine,-0.012133420264356442,1,1,1,1,1.0,0.12871287128712872,0.3826266664865668,3.0,Computational reversal candidate for further investigation.,456
trichostatin a,-0.012125250139545162,43,49,206,215,0.8775510204081632,0.0297029702970297,0.23882941799715027,5.283720930232558,Computational reversal candidate for further investigation.,457
BRD-K45878950,-0.012105395207837204,1,1,1,1,1.0,0.07920792079207921,0.31843922399620034,3.0,Computational reversal candidate for further investigation.,458
ei-332,-0.012103966475856723,4,4,4,4,1.0,0.009900990099009901,0.16987604272238246,4.75,Computational reversal candidate for further investigation.,459
BRD-K65955264,-0.012097594666599302,2,2,2,2,1.0,0.04950495049504951,0.2907581863307625,3.5,Computational reversal candidate for further investigation.,460
PD-0325901,-0.012050563658845881,44,57,101,129,0.7719298245614035,0.04950495049504951,0.2907581863307625,4.992248062015504,Computational reversal candidate for further investigation.,461
BRD-K35483542,-0.011989868247644668,1,1,1,1,1.0,0.12871287128712872,0.3826266664865668,3.0,Computational reversal candidate for further investigation.,462
hydrocortisone,-0.01196595319035464,2,2,2,2,1.0,0.07920792079207921,0.31843922399620034,5.0,Computational reversal candidate for further investigation.,463
BRD-K16331660,-0.011965646963867616,1,1,1,1,1.0,0.16831683168316833,0.4309781154378658,4.0,Computational reversal candidate for further investigation.,464
dm-55-3 brd-k81592585,-0.011956087757581878,2,2,2,2,1.0,0.04950495049504951,0.2907581863307625,3.0,Computational reversal candidate for further investigation.,465
s1053,-0.011939292347710502,7,8,10,12,0.875,0.0297029702970297,0.23882941799715027,4.0,Computational reversal candidate for further investigation.,466
BRD-K41925105,-0.01193794927568867,2,3,2,3,0.6666666666666666,0.06930693069306931,0.31074033329258854,4.333333333333333,Computational reversal candidate for further investigation.,467
TGX-221,-0.011929709376315104,3,3,3,3,1.0,0.0297029702970297,0.23882941799715027,4.0,Computational reversal candidate for further investigation.,468
fenofibrate,-0.011925892555571766,1,1,1,1,1.0,0.15841584158415842,0.4199368841993688,3.0,Computational reversal candidate for further investigation.,469
erlotinib,-0.011881774445782003,7,8,7,8,0.875,0.0594059405940594,0.2996424642464246,4.25,Computational reversal candidate for further investigation.,470
ptb1,-0.011878586818533828,1,1,1,1,1.0,0.22772277227722773,0.5027435874286517,5.0,Computational reversal candidate for further investigation.,471
BRD-K61496577 (flumethasone),-0.011873181732650078,1,1,1,1,1.0,0.13861386138613863,0.39585793441729494,7.0,Computational reversal candidate for further investigation.,472
ncgc00185837-02,-0.011871998609900316,1,1,1,1,1.0,0.1485148514851485,0.40808809758655556,3.0,Computational reversal candidate for further investigation.,473
s1172,-0.011871998609900316,1,1,1,1,1.0,0.0594059405940594,0.2996424642464246,3.0,Computational reversal candidate for further investigation.,474
idarubicin hcl,-0.011857235549197475,4,6,4,6,0.6666666666666666,0.0297029702970297,0.23882941799715027,3.8333333333333335,Computational reversal candidate for further investigation.,475
AZD-8055,-0.011853670420318808,35,42,35,42,0.8333333333333334,0.039603960396039604,0.266348857107933,4.857142857142857,Computational reversal candidate for further investigation.,476
ursolic acid,-0.011845467684779513,7,10,7,10,0.7,0.04950495049504951,0.2907581863307625,3.9,Computational reversal candidate for further investigation.,477
ncgc00188536-01,-0.011830696476085405,5,6,5,6,0.8333333333333334,0.0891089108910891,0.3313452505660122,4.166666666666667,Computational reversal candidate for further investigation.,478
BRD-K23282736,-0.011820695185265642,1,1,1,1,1.0,0.10891089108910891,0.3579439391902991,3.0,Computational reversal candidate for further investigation.,479
thalidomide,-0.011819865410518857,1,1,1,1,1.0,0.09900990099009901,0.34629626686585196,4.0,Computational reversal candidate for further investigation.,480
BRD-K71303366,-0.011817497547322241,2,2,2,2,1.0,0.12871287128712872,0.3826266664865668,3.0,Computational reversal candidate for further investigation.,481
c-1,-0.011804842686877925,1,1,1,1,1.0,0.10891089108910891,0.3579439391902991,3.0,Computational reversal candidate for further investigation.,482
BRD-K74623475,-0.011798178692578667,2,2,2,2,1.0,0.039603960396039604,0.266348857107933,3.5,Computational reversal candidate for further investigation.,483
s1107,-0.011794580183190004,5,6,5,6,0.8333333333333334,0.019801980198019802,0.21574257425742574,3.8333333333333335,Computational reversal candidate for further investigation.,484
BRD-A43155244,-0.011775819952783205,5,8,5,8,0.625,0.039603960396039604,0.266348857107933,4.375,Computational reversal candidate for further investigation.,485
BRD-K54256913,-0.011763094200204487,7,9,7,9,0.7777777777777778,0.019801980198019802,0.21574257425742574,4.111111111111111,Computational reversal candidate for further investigation.,486
cd 01333,-0.011754428352723638,1,1,1,1,1.0,0.12871287128712872,0.3826266664865668,4.0,Computational reversal candidate for further investigation.,487
s1085,-0.011715330634076527,7,9,7,9,0.7777777777777778,0.039603960396039604,0.266348857107933,4.555555555555555,Computational reversal candidate for further investigation.,488
WZ-4-145,-0.01170694747287972,20,27,20,27,0.7407407407407407,0.0594059405940594,0.2996424642464246,4.814814814814815,Computational reversal candidate for further investigation.,489
gr-103,-0.01169424412141901,2,2,2,2,1.0,0.12871287128712872,0.3826266664865668,4.5,Computational reversal candidate for further investigation.,490
mitoxantrone,-0.01168195964802943,49,63,84,105,0.7777777777777778,0.0297029702970297,0.23882941799715027,5.371428571428571,Computational reversal candidate for further investigation.,491
nsc 3852,-0.01164407870207769,7,9,7,9,0.7777777777777778,0.0594059405940594,0.2996424642464246,4.444444444444445,Computational reversal candidate for further investigation.,492
thiostrepton,-0.011596735718737258,1,1,1,1,1.0,0.21782178217821782,0.49235857195678073,4.0,Computational reversal candidate for further investigation.,493
BRD-U43867373,-0.011577608480112175,4,4,4,4,1.0,0.019801980198019802,0.21574257425742574,4.25,Computational reversal candidate for further investigation.,494
BRD-K34968258,-0.011551106639381768,1,1,1,1,1.0,0.2376237623762376,0.5091270188965799,3.0,Computational reversal candidate for further investigation.,495
triamcinolone,-0.011538070672729835,4,4,4,4,1.0,0.0297029702970297,0.23882941799715027,4.5,Computational reversal candidate for further investigation.,496
BRD-A51777634,-0.0115367697572726,3,5,3,5,0.6,0.07920792079207921,0.31843922399620034,4.0,Computational reversal candidate for further investigation.,497
s1030,-0.011532208661654867,9,11,9,11,0.8181818181818182,0.039603960396039604,0.266348857107933,4.181818181818182,Computational reversal candidate for further investigation.,498
CP466722,-0.011531415039959289,2,3,2,3,0.6666666666666666,0.04950495049504951,0.2907581863307625,5.0,Computational reversal candidate for further investigation.,499
BRD-K68437527,-0.011517116147921145,2,2,2,2,1.0,0.039603960396039604,0.266348857107933,4.0,Computational reversal candidate for further investigation.,500
brl 15572 hydrochloride,-0.011511349519517888,1,1,1,1,1.0,0.07920792079207921,0.31843922399620034,4.0,Computational reversal candidate for further investigation.,501
BRD-K82857306,-0.011510277353655982,1,1,1,1,1.0,0.12871287128712872,0.3826266664865668,3.0,Computational reversal candidate for further investigation.,502
mycophenolate mofetil,-0.011496817126821768,2,3,2,3,0.6666666666666666,0.0891089108910891,0.3313452505660122,4.0,Computational reversal candidate for further investigation.,503
thiotepa,-0.011496817126821768,1,1,1,1,1.0,0.0594059405940594,0.2996424642464246,3.0,Computational reversal candidate for further investigation.,504
flunisolide,-0.011496477440054206,3,3,4,4,1.0,0.0297029702970297,0.23882941799715027,4.5,Computational reversal candidate for further investigation.,505
isoxsuprine hydrochloride,-0.011476214485494744,1,1,1,1,1.0,0.12871287128712872,0.3826266664865668,6.0,Computational reversal candidate for further investigation.,506
flavokawain b,-0.011451851598317683,4,4,4,4,1.0,0.019801980198019802,0.21574257425742574,4.0,Computational reversal candidate for further investigation.,507
ponatinib,-0.011426263761527364,5,6,5,6,0.8333333333333334,0.04950495049504951,0.2907581863307625,5.0,Computational reversal candidate for further investigation.,508
palda,-0.011419994635008535,4,5,4,5,0.8,0.1188118811881188,0.37358021516437356,4.8,Computational reversal candidate for further investigation.,509
linopirdine dihydrochloride,-0.011418910788239232,1,1,1,1,1.0,0.1485148514851485,0.40808809758655556,3.0,Computational reversal candidate for further investigation.,510
BRD-K91145395,-0.011408334431885317,8,9,8,9,0.8888888888888888,0.13861386138613863,0.39585793441729494,5.111111111111111,Computational reversal candidate for further investigation.,511
u0126,-0.011390827026017455,3,3,3,3,1.0,0.039603960396039604,0.266348857107933,3.6666666666666665,Computational reversal candidate for further investigation.,512
bay 36-7620,-0.011382461137888003,1,1,1,1,1.0,0.1782178217821782,0.44585147378113243,4.0,Computational reversal candidate for further investigation.,513
etanidazole,-0.011369934101570979,1,1,1,1,1.0,0.15841584158415842,0.4199368841993688,3.0,Computational reversal candidate for further investigation.,514
SB-525334,-0.011368729800326645,4,4,4,4,1.0,0.019801980198019802,0.21574257425742574,4.25,Computational reversal candidate for further investigation.,515
nnc 26-9100,-0.011367606488955694,2,2,2,2,1.0,0.0891089108910891,0.3313452505660122,4.5,Computational reversal candidate for further investigation.,516
GSK-J4,-0.011352403409715767,1,1,1,1,1.0,0.1485148514851485,0.40808809758655556,4.0,Computational reversal candidate for further investigation.,517
torin-1,-0.011308552400942643,42,53,42,53,0.7924528301886793,0.0594059405940594,0.2996424642464246,4.773584905660377,Computational reversal candidate for further investigation.,518
mycophenolic acid,-0.011253971739650714,5,5,5,5,1.0,0.0297029702970297,0.23882941799715027,3.6,Computational reversal candidate for further investigation.,519
ncgc00180994-01,-0.011253971739650714,1,1,1,1,1.0,0.13861386138613863,0.39585793441729494,3.0,Computational reversal candidate for further investigation.,520
ncgc00183691-01,-0.01124809178761432,1,1,1,1,1.0,0.0594059405940594,0.2996424642464246,3.0,Computational reversal candidate for further investigation.,521
GDC-0980,-0.011242349247012349,35,40,35,40,0.875,0.039603960396039604,0.266348857107933,4.975,Computational reversal candidate for further investigation.,522
tpl2,-0.011236504871965237,2,2,2,2,1.0,0.0891089108910891,0.3313452505660122,4.5,Computational reversal candidate for further investigation.,523
ei-231,-0.011230676463667558,2,2,2,2,1.0,0.10891089108910891,0.3579439391902991,5.5,Computational reversal candidate for further investigation.,524
BRD-K62818989,-0.011213962951192088,1,1,1,1,1.0,0.10891089108910891,0.3579439391902991,3.0,Computational reversal candidate for further investigation.,525
butein,-0.01120686532249042,4,6,4,6,0.6666666666666666,0.06930693069306931,0.31074033329258854,4.333333333333333,Computational reversal candidate for further investigation.,526
fluticasone propionate,-0.011188068807666252,4,5,4,5,0.8,0.04950495049504951,0.2907581863307625,4.4,Computational reversal candidate for further investigation.,527
BRD-K16618170,-0.011174247493235763,1,1,1,1,1.0,0.13861386138613863,0.39585793441729494,4.0,Computational reversal candidate for further investigation.,528
carbamazepine,-0.011167018628688232,2,2,2,2,1.0,0.07920792079207921,0.31843922399620034,5.5,Computational reversal candidate for further investigation.,529
importazole,-0.011148646961733979,19,21,19,21,0.9047619047619048,0.04950495049504951,0.2907581863307625,5.809523809523809,Computational reversal candidate for further investigation.,530
s1122,-0.01112675689737289,8,9,8,9,0.8888888888888888,0.0594059405940594,0.2996424642464246,5.555555555555555,Computational reversal candidate for further investigation.,531
yc-1,-0.011113445628322472,2,2,2,2,1.0,0.10891089108910891,0.3579439391902991,5.0,Computational reversal candidate for further investigation.,532
gr-237,-0.011053489006959913,4,4,4,4,1.0,0.009900990099009901,0.16987604272238246,4.0,Computational reversal candidate for further investigation.,533
PHA-665752,-0.011042311153118002,2,4,2,4,0.5,0.06930693069306931,0.31074033329258854,6.5,Computational reversal candidate for further investigation.,534
h7270,-0.010967401006396638,8,11,8,11,0.7272727272727273,0.039603960396039604,0.266348857107933,4.181818181818182,Computational reversal candidate for further investigation.,535
BRD-K87573634,-0.010957215493855421,1,1,1,1,1.0,0.1188118811881188,0.37358021516437356,3.0,Computational reversal candidate for further investigation.,536
pelitinib,-0.010953684323853286,18,23,18,23,0.782608695652174,0.039603960396039604,0.266348857107933,5.434782608695652,Computational reversal candidate for further investigation.,537
BRD-A27640568,-0.01095068383204144,5,5,5,5,1.0,0.0891089108910891,0.3313452505660122,5.4,Computational reversal candidate for further investigation.,538
phenformin hydrochloride,-0.010938174372539456,1,1,1,1,1.0,0.1782178217821782,0.44585147378113243,3.0,Computational reversal candidate for further investigation.,539
vesamicol,-0.010938174372539456,2,3,2,3,0.6666666666666666,0.0891089108910891,0.3313452505660122,4.333333333333333,Computational reversal candidate for further investigation.,540
AKT-inhibitor-1-2,-0.010923596727470352,4,6,4,6,0.6666666666666666,0.0594059405940594,0.2996424642464246,3.6666666666666665,Computational reversal candidate for further investigation.,541
BRD-K00317371,-0.010901389959318088,3,3,3,3,1.0,0.06930693069306931,0.31074033329258854,6.666666666666667,Computational reversal candidate for further investigation.,542
loxapine succinate,-0.01089870765812995,1,1,1,1,1.0,0.06930693069306931,0.31074033329258854,3.0,Computational reversal candidate for further investigation.,543
ro 31-8220 mesylate,-0.010868732056177492,10,12,12,15,0.8333333333333334,0.039603960396039604,0.266348857107933,4.866666666666666,Computational reversal candidate for further investigation.,544
perphenazine,-0.010860642931817616,2,2,2,2,1.0,0.0594059405940594,0.2996424642464246,3.0,Computational reversal candidate for further investigation.,545
BRD-K37043259,-0.01081192244524375,1,2,1,2,0.5,0.12871287128712872,0.3826266664865668,3.5,Computational reversal candidate for further investigation.,546
BRD-K31342827,-0.010732457262304184,9,12,9,12,0.75,0.019801980198019802,0.21574257425742574,4.416666666666667,Computational reversal candidate for further investigation.,547
BRD-U64289953,-0.010719703581249036,2,2,2,2,1.0,0.06930693069306931,0.31074033329258854,3.5,Computational reversal candidate for further investigation.,548
BRD-U31801276,-0.010650606402532542,1,1,1,1,1.0,0.1782178217821782,0.44585147378113243,4.0,Computational reversal candidate for further investigation.,549
mls-0437446.0001,-0.010632752607849334,1,1,1,1,1.0,0.22772277227722773,0.5027435874286517,6.0,Computational reversal candidate for further investigation.,550
dorsomorphin dihydrochloride,-0.010617058596255731,17,24,21,29,0.7083333333333334,0.04950495049504951,0.2907581863307625,5.103448275862069,Computational reversal candidate for further investigation.,551
bml-257,-0.010568972822189136,1,1,1,1,1.0,0.22772277227722773,0.5027435874286517,3.0,Computational reversal candidate for further investigation.,552
BRD-K74949371,-0.010556644608969823,1,1,1,1,1.0,0.06930693069306931,0.31074033329258854,3.0,Computational reversal candidate for further investigation.,553
ncgc00183690-01,-0.010535675211698813,1,1,1,1,1.0,0.24752475247524752,0.5196112096758809,8.0,Computational reversal candidate for further investigation.,554
bosutinib,-0.010526248342275151,3,5,3,5,0.6,0.039603960396039604,0.266348857107933,5.6,Computational reversal candidate for further investigation.,555
BRD-K22630935,-0.01050827181614455,1,1,1,1,1.0,0.1485148514851485,0.40808809758655556,3.0,Computational reversal candidate for further investigation.,556
desoxymetasone,-0.010487056841582555,1,1,1,1,1.0,0.0891089108910891,0.3313452505660122,4.0,Computational reversal candidate for further investigation.,557
reserpine,-0.01048318433588354,1,1,2,2,1.0,0.1485148514851485,0.40808809758655556,4.0,Computational reversal candidate for further investigation.,558
PHA-793887,-0.010482196604934716,32,42,32,42,0.7619047619047619,0.0297029702970297,0.23882941799715027,5.595238095238095,Computational reversal candidate for further investigation.,559
sulindac,-0.010477204860121943,1,1,1,1,1.0,0.12871287128712872,0.3826266664865668,4.0,Computational reversal candidate for further investigation.,560
BRD-K91134378,-0.01046737028719607,1,1,1,1,1.0,0.07920792079207921,0.31843922399620034,3.0,Computational reversal candidate for further investigation.,561
BRD-A36630025,-0.010461717587624302,28,31,28,31,0.9032258064516129,0.009900990099009901,0.16987604272238246,5.129032258064516,Computational reversal candidate for further investigation.,562
cycloheximide,-0.010450288669393659,6,8,8,11,0.75,0.04950495049504951,0.2907581863307625,4.7272727272727275,Computational reversal candidate for further investigation.,563
cabozantinib,-0.010450256709386145,1,1,1,1,1.0,0.2079207920792079,0.4845555143749669,4.0,Computational reversal candidate for further investigation.,564
saquinavir mesylate,-0.010444655784253316,1,1,1,1,1.0,0.19801980198019803,0.47053996566505074,3.0,Computational reversal candidate for further investigation.,565
saracatinib,-0.010404040542035212,8,13,8,13,0.6153846153846154,0.04950495049504951,0.2907581863307625,4.538461538461538,Computational reversal candidate for further investigation.,566
BRD-K87909389,-0.010378824547574331,14,16,23,26,0.875,0.0297029702970297,0.23882941799715027,6.346153846153846,Computational reversal candidate for further investigation.,567
BRD-K18861610,-0.010375203964250544,2,2,2,2,1.0,0.0297029702970297,0.23882941799715027,3.0,Computational reversal candidate for further investigation.,568
sertraline hydrochloride,-0.010375083461271067,3,3,3,3,1.0,0.10891089108910891,0.3579439391902991,3.0,Computational reversal candidate for further investigation.,569
BRD-K70748405,-0.010364500892235763,1,1,1,1,1.0,0.07920792079207921,0.31843922399620034,3.0,Computational reversal candidate for further investigation.,570
gmx-1778,-0.010355381462479562,1,1,1,1,1.0,0.07920792079207921,0.31843922399620034,3.0,Computational reversal candidate for further investigation.,571
penicillin g potassium,-0.010330691126101152,1,2,1,2,0.5,0.09900990099009901,0.34629626686585196,4.0,Computational reversal candidate for further investigation.,572
ftt,-0.01031797799030202,2,2,2,2,1.0,0.15841584158415842,0.4199368841993688,3.0,Computational reversal candidate for further investigation.,573
benzamil hydrochloride,-0.010309566493712964,3,3,3,3,1.0,0.019801980198019802,0.21574257425742574,3.6666666666666665,Computational reversal candidate for further investigation.,574
BRD-K29143967,-0.010295593517265705,1,1,1,1,1.0,0.21782178217821782,0.49235857195678073,4.0,Computational reversal candidate for further investigation.,575
n-desmethylclozapine,-0.010286962956046754,2,2,2,2,1.0,0.0594059405940594,0.2996424642464246,3.0,Computational reversal candidate for further investigation.,576
eicosatrienoic acid (20:3 n-3),-0.01028492543485337,1,1,1,1,1.0,0.09900990099009901,0.34629626686585196,5.0,Computational reversal candidate for further investigation.,577
BRD-K96083840,-0.010263557914750572,1,1,1,1,1.0,0.07920792079207921,0.31843922399620034,4.0,Computational reversal candidate for further investigation.,578
trametinib,-0.01025620926929727,30,34,30,34,0.8823529411764706,0.07920792079207921,0.31843922399620034,5.647058823529412,Computational reversal candidate for further investigation.,579
pf3845,-0.010250012618724675,1,1,1,1,1.0,0.1485148514851485,0.40808809758655556,3.0,Computational reversal candidate for further investigation.,580
BRD-A75931230,-0.010243672748398287,3,4,3,5,0.75,0.0594059405940594,0.2996424642464246,3.8,Computational reversal candidate for further investigation.,581
amiloride hydrochloride dihydrate,-0.010242421740161742,1,1,1,1,1.0,0.16831683168316833,0.4309781154378658,3.0,Computational reversal candidate for further investigation.,582
fluorometholone,-0.010235517027633345,2,2,2,2,1.0,0.1188118811881188,0.37358021516437356,4.0,Computational reversal candidate for further investigation.,583
aristolochic acid,-0.010232734139431626,1,1,1,1,1.0,0.13861386138613863,0.39585793441729494,5.0,Computational reversal candidate for further investigation.,584
BRD-K01436366,-0.010231770511267687,8,8,8,8,1.0,0.04950495049504951,0.2907581863307625,3.75,Computational reversal candidate for further investigation.,585
mls-0454415.0001,-0.010213599585627614,1,1,1,1,1.0,0.13861386138613863,0.39585793441729494,4.0,Computational reversal candidate for further investigation.,586
fluocinonide,-0.010204961901404413,4,4,4,4,1.0,0.07920792079207921,0.31843922399620034,4.0,Computational reversal candidate for further investigation.,587
fludrocortisone acetate,-0.010190395912941224,4,4,4,4,1.0,0.0297029702970297,0.23882941799715027,5.0,Computational reversal candidate for further investigation.,588
NVP-TAE226,-0.010183318837352105,11,12,11,12,0.9166666666666666,0.07920792079207921,0.31843922399620034,4.666666666666667,Computational reversal candidate for further investigation.,589
BRD-K01614657,-0.01017910869788862,3,4,3,4,0.75,0.1782178217821782,0.44585147378113243,5.0,Computational reversal candidate for further investigation.,590
BRD-K50204028,-0.010148524916004268,2,2,2,2,1.0,0.06930693069306931,0.31074033329258854,3.5,Computational reversal candidate for further investigation.,591
BRD-K30993697,-0.010134581034922912,2,2,2,2,1.0,0.1188118811881188,0.37358021516437356,4.5,Computational reversal candidate for further investigation.,592
BRD-K01896723,-0.010105913492558887,7,7,7,7,1.0,0.07920792079207921,0.31843922399620034,5.857142857142857,Computational reversal candidate for further investigation.,593
BRD-K31856043,-0.010092352131192684,1,1,1,1,1.0,0.1188118811881188,0.37358021516437356,3.0,Computational reversal candidate for further investigation.,594
nsc 663284,-0.010092352131192684,4,5,4,5,0.8,0.10891089108910891,0.3579439391902991,4.8,Computational reversal candidate for further investigation.,595
lfm-a12,-0.010083662818015909,1,1,1,1,1.0,0.1188118811881188,0.37358021516437356,3.0,Computational reversal candidate for further investigation.,596
BRD-K93215584,-0.010066983158414906,1,1,1,1,1.0,0.16831683168316833,0.4309781154378658,3.0,Computational reversal candidate for further investigation.,597
ei-293,-0.01005673391386631,7,10,7,10,0.7,0.039603960396039604,0.266348857107933,6.5,Computational reversal candidate for further investigation.,598
s1483,-0.010038361639085435,1,1,1,1,1.0,0.06930693069306931,0.31074033329258854,3.0,Computational reversal candidate for further investigation.,599
BRD-K95196255,-0.010028653348863104,4,6,4,6,0.6666666666666666,0.13861386138613863,0.39585793441729494,5.333333333333333,Computational reversal candidate for further investigation.,600
doxorubicin hydrochloride,-0.01002802108393502,12,12,20,20,1.0,0.0297029702970297,0.23882941799715027,6.15,Computational reversal candidate for further investigation.,601
BRD-K00007652,-0.009992381920048261,1,1,1,1,1.0,0.18811881188118812,0.4595413577232163,4.0,Computational reversal candidate for further investigation.,602
BRD-K23644387,-0.009985648886427804,1,1,1,1,1.0,0.12871287128712872,0.3826266664865668,3.0,Computational reversal candidate for further investigation.,603
sulpiride,-0.009957405130923615,3,4,3,4,0.75,0.07920792079207921,0.31843922399620034,4.75,Computational reversal candidate for further investigation.,604
flutamide,-0.00995739270259696,1,2,1,2,0.5,0.07920792079207921,0.31843922399620034,3.0,Computational reversal candidate for further investigation.,605
odq,-0.009946169934174184,2,2,2,2,1.0,0.09900990099009901,0.34629626686585196,3.0,Computational reversal candidate for further investigation.,606
vinpocetine,-0.00990508681292646,1,1,1,1,1.0,0.25742574257425743,0.5276864469137412,3.0,Computational reversal candidate for further investigation.,607
torin-2,-0.009886197323572841,43,53,43,53,0.8113207547169812,0.039603960396039604,0.266348857107933,5.226415094339623,Computational reversal candidate for further investigation.,608
"r(-)-2,10,11-trihydroxy-n-propyl-noraporphine",-0.009863861309911851,1,1,1,1,1.0,0.15841584158415842,0.4199368841993688,5.0,Computational reversal candidate for further investigation.,609
benzo[a]pyrene,-0.00981532150219809,1,1,1,1,1.0,0.13861386138613863,0.39585793441729494,3.0,Computational reversal candidate for further investigation.,610
naloxone benzoylhydrazone,-0.009814779344931723,2,2,2,2,1.0,0.0297029702970297,0.23882941799715027,4.0,Computational reversal candidate for further investigation.,611
fostamatinib,-0.009807199131000966,3,4,3,4,0.75,0.04950495049504951,0.2907581863307625,4.25,Computational reversal candidate for further investigation.,612
"ici 192,605",-0.009794567234838777,1,1,1,1,1.0,0.2376237623762376,0.5091270188965799,6.0,Computational reversal candidate for further investigation.,613
sutent,-0.009755148836645949,6,7,6,7,0.8571428571428571,0.06930693069306931,0.31074033329258854,4.571428571428571,Computational reversal candidate for further investigation.,614
l-6307,-0.00974839472348797,9,10,9,10,0.9,0.0297029702970297,0.23882941799715027,4.6,Computational reversal candidate for further investigation.,615
BRD-K88551539,-0.009729987628143921,2,2,2,2,1.0,0.09900990099009901,0.34629626686585196,6.5,Computational reversal candidate for further investigation.,616
np-004527,-0.009684527007236148,1,1,1,1,1.0,0.13861386138613863,0.39585793441729494,3.0,Computational reversal candidate for further investigation.,617
INK-128,-0.009670254405846863,14,20,14,20,0.7,0.07920792079207921,0.31843922399620034,4.3,Computational reversal candidate for further investigation.,618
BRD-K05593511,-0.009641393122112181,1,1,1,1,1.0,0.1485148514851485,0.40808809758655556,3.0,Computational reversal candidate for further investigation.,619
coumarinic acid methyl ether,-0.009618573099458239,1,1,1,1,1.0,0.13861386138613863,0.39585793441729494,3.0,Computational reversal candidate for further investigation.,620
phenamil,-0.009612906935400744,1,1,1,1,1.0,0.0891089108910891,0.3313452505660122,3.0,Computational reversal candidate for further investigation.,621
losartan,-0.009600854631612987,1,1,1,1,1.0,0.2079207920792079,0.4845555143749669,4.0,Computational reversal candidate for further investigation.,622
BRD-K10846167,-0.009584500343932576,6,7,6,7,0.8571428571428571,0.0891089108910891,0.3313452505660122,5.714285714285714,Computational reversal candidate for further investigation.,623
neratinib,-0.009562084735722183,15,19,15,19,0.7894736842105263,0.09900990099009901,0.34629626686585196,5.052631578947368,Computational reversal candidate for further investigation.,624
ei-148,-0.009554684421716891,1,1,1,1,1.0,0.1188118811881188,0.37358021516437356,3.0,Computational reversal candidate for further investigation.,625
sildenafil citrate,-0.009504509691899907,1,1,1,1,1.0,0.1188118811881188,0.37358021516437356,4.0,Computational reversal candidate for further investigation.,626
bumetanide,-0.009470208259633033,2,2,2,2,1.0,0.12871287128712872,0.3826266664865668,4.5,Computational reversal candidate for further investigation.,627
thm-i-94,-0.009465410099943138,10,13,10,13,0.7692307692307693,0.10891089108910891,0.3579439391902991,4.461538461538462,Computational reversal candidate for further investigation.,628
BRD-K68588778,-0.009462715964271645,1,1,1,1,1.0,0.04950495049504951,0.2907581863307625,3.0,Computational reversal candidate for further investigation.,629
nelfinavir,-0.009462715964271645,1,1,1,1,1.0,0.16831683168316833,0.4309781154378658,3.0,Computational reversal candidate for further investigation.,630
trazodone hydrochloride,-0.009460301412403616,1,1,1,1,1.0,0.12871287128712872,0.3826266664865668,5.0,Computational reversal candidate for further investigation.,631
s1175,-0.009455511908573029,2,3,2,3,0.6666666666666666,0.09900990099009901,0.34629626686585196,5.666666666666667,Computational reversal candidate for further investigation.,632
BRD-K50140147,-0.009451479260288019,9,10,12,13,0.9,0.039603960396039604,0.266348857107933,4.923076923076923,Computational reversal candidate for further investigation.,633
BRD-K14788918,-0.009433128374814102,2,3,2,3,0.6666666666666666,0.1188118811881188,0.37358021516437356,3.6666666666666665,Computational reversal candidate for further investigation.,634
zileuton,-0.00942108063316727,1,1,1,1,1.0,0.19801980198019803,0.47053996566505074,6.0,Computational reversal candidate for further investigation.,635
BRD-U73238814,-0.009419912450020818,1,2,1,2,0.5,0.06930693069306931,0.31074033329258854,3.5,Computational reversal candidate for further investigation.,636
BRD-K50387473,-0.009415247471201791,5,7,5,7,0.7142857142857143,0.0594059405940594,0.2996424642464246,3.4285714285714284,Computational reversal candidate for further investigation.,637
tipifarnib-p2,-0.009411747626529215,1,1,1,1,1.0,0.0891089108910891,0.3313452505660122,3.0,Computational reversal candidate for further investigation.,638
BRD-K49371609,-0.009409719554696189,22,30,22,30,0.7333333333333333,0.039603960396039604,0.266348857107933,5.333333333333333,Computational reversal candidate for further investigation.,639
mitoxantrone dihydrochloride,-0.009397186118943926,11,13,19,21,0.8461538461538461,0.07920792079207921,0.31843922399620034,6.238095238095238,Computational reversal candidate for further investigation.,640
mestanolone,-0.009396344414165918,1,1,1,1,1.0,0.25742574257425743,0.5276864469137412,9.0,Computational reversal candidate for further investigation.,641
BRD-K86682249,-0.009393380661276188,2,2,2,2,1.0,0.07920792079207921,0.31843922399620034,3.5,Computational reversal candidate for further investigation.,642
MK-2206,-0.009388328762189556,7,10,7,10,0.7,0.13861386138613863,0.39585793441729494,4.5,Computational reversal candidate for further investigation.,643
MK-1775,-0.009379952401877587,7,9,7,9,0.7777777777777778,0.07920792079207921,0.31843922399620034,6.222222222222222,Computational reversal candidate for further investigation.,644
s1205,-0.009373024103114247,9,13,9,13,0.6923076923076923,0.0297029702970297,0.23882941799715027,5.769230769230769,Computational reversal candidate for further investigation.,645
vandetanib,-0.009334522387695315,3,4,3,4,0.75,0.07920792079207921,0.31843922399620034,5.0,Computational reversal candidate for further investigation.,646
sb 221284,-0.009325712001916595,1,1,1,1,1.0,0.19801980198019803,0.47053996566505074,5.0,Computational reversal candidate for further investigation.,647
lasalocid sodium salt,-0.009311839034545837,2,3,2,3,0.6666666666666666,0.12871287128712872,0.3826266664865668,4.333333333333333,Computational reversal candidate for further investigation.,648
16-hydroxytriptolide,-0.009310233619718812,24,33,24,33,0.7272727272727273,0.009900990099009901,0.16987604272238246,4.878787878787879,Computational reversal candidate for further investigation.,649
fluspirilen,-0.00930645452590248,4,5,4,5,0.8,0.0297029702970297,0.23882941799715027,3.2,Computational reversal candidate for further investigation.,650
BRD-K73945663,-0.00930490025190132,1,1,1,1,1.0,0.1485148514851485,0.40808809758655556,3.0,Computational reversal candidate for further investigation.,651
dubinidine,-0.009303765017689637,1,1,1,1,1.0,0.2376237623762376,0.5091270188965799,5.0,Computational reversal candidate for further investigation.,652
ncgc00181233-01,-0.009295489875123342,1,1,1,1,1.0,0.22772277227722773,0.5027435874286517,5.0,Computational reversal candidate for further investigation.,653
leoidin dimethyl ether,-0.009290998255316915,1,1,1,1,1.0,0.18811881188118812,0.4595413577232163,6.0,Computational reversal candidate for further investigation.,654
lasalocid sodium,-0.009280117977016044,1,2,1,2,0.5,0.09900990099009901,0.34629626686585196,4.5,Computational reversal candidate for further investigation.,655
dasatinib,-0.00925856161255769,30,43,51,72,0.6976744186046512,0.009900990099009901,0.16987604272238246,4.694444444444445,Computational reversal candidate for further investigation.,656
afatinib,-0.0092571661828914,11,16,11,16,0.6875,0.10891089108910891,0.3579439391902991,5.625,Computational reversal candidate for further investigation.,657
hy-50940,-0.009256339669372126,11,12,11,12,0.9166666666666666,0.039603960396039604,0.266348857107933,5.333333333333333,Computational reversal candidate for further investigation.,658
rimexolone,-0.00925217025541012,1,1,1,1,1.0,0.21782178217821782,0.49235857195678073,7.0,Computational reversal candidate for further investigation.,659
BRD-K26818574,-0.009236574477179318,1,1,1,1,1.0,0.15841584158415842,0.4199368841993688,3.0,Computational reversal candidate for further investigation.,660
nortriptyline hydrochloride,-0.009222564712772083,3,3,3,3,1.0,0.1188118811881188,0.37358021516437356,3.3333333333333335,Computational reversal candidate for further investigation.,661
pd 160170,-0.009217180559018276,1,1,1,1,1.0,0.2376237623762376,0.5091270188965799,6.0,Computational reversal candidate for further investigation.,662
nrb 04155,-0.00920269744730294,1,1,1,1,1.0,0.15841584158415842,0.4199368841993688,3.0,Computational reversal candidate for further investigation.,663
BRD-K91047982,-0.009193357560806682,1,1,1,1,1.0,0.15841584158415842,0.4199368841993688,4.0,Computational reversal candidate for further investigation.,664
trifluoperazine dihydrochloride,-0.009183069678128975,3,4,3,4,0.75,0.0594059405940594,0.2996424642464246,4.25,Computational reversal candidate for further investigation.,665
pterostilbene,-0.009169517260679107,1,1,1,1,1.0,0.1485148514851485,0.40808809758655556,4.0,Computational reversal candidate for further investigation.,666
BRD-U51951544,-0.00916210514036667,9,9,9,9,1.0,0.04950495049504951,0.2907581863307625,6.0,Computational reversal candidate for further investigation.,667
HG-5-88-01,-0.009142260119270586,5,7,5,7,0.7142857142857143,0.1188118811881188,0.37358021516437356,5.428571428571429,Computational reversal candidate for further investigation.,668
BRD-K51443908,-0.009137604238748738,1,1,1,1,1.0,0.1188118811881188,0.37358021516437356,4.0,Computational reversal candidate for further investigation.,669
budesonide,-0.009135699668060208,4,6,5,7,0.6666666666666666,0.0594059405940594,0.2996424642464246,4.714285714285714,Computational reversal candidate for further investigation.,670
ncgc00010428-03,-0.009124198830981669,2,2,2,2,1.0,0.09900990099009901,0.34629626686585196,3.5,Computational reversal candidate for further investigation.,671
alaproclate,-0.009104752361733498,1,2,1,2,0.5,0.06930693069306931,0.31074033329258854,3.0,Computational reversal candidate for further investigation.,672
BRD-K72615639,-0.009090045755195161,2,2,2,2,1.0,0.19801980198019803,0.47053996566505074,3.0,Computational reversal candidate for further investigation.,673
BRD-K09299610,-0.00908008772787233,1,1,1,1,1.0,0.19801980198019803,0.47053996566505074,3.0,Computational reversal candidate for further investigation.,674
kenpaullone,-0.009073584565050329,3,3,3,3,1.0,0.10891089108910891,0.3579439391902991,4.666666666666667,Computational reversal candidate for further investigation.,675
BRD-K58674774,-0.009038276270982332,1,1,1,1,1.0,0.16831683168316833,0.4309781154378658,4.0,Computational reversal candidate for further investigation.,676
endo-iwr 1,-0.009030802863207678,1,1,1,1,1.0,0.19801980198019803,0.47053996566505074,3.0,Computational reversal candidate for further investigation.,677
loratadine,-0.009026187881773983,1,1,1,1,1.0,0.0891089108910891,0.3313452505660122,3.0,Computational reversal candidate for further investigation.,678
n-chlorophenyl-n-hexylpiperazine,-0.009002389311505234,1,1,1,1,1.0,0.19801980198019803,0.47053996566505074,3.0,Computational reversal candidate for further investigation.,679
hy-70044,-0.008969726295727166,3,4,3,4,0.75,0.04950495049504951,0.2907581863307625,5.0,Computational reversal candidate for further investigation.,680
tacrolimus,-0.008954777078933314,1,1,1,1,1.0,0.13861386138613863,0.39585793441729494,4.0,Computational reversal candidate for further investigation.,681
LY2603618,-0.008954238367081303,5,5,5,5,1.0,0.12871287128712872,0.3826266664865668,3.2,Computational reversal candidate for further investigation.,682
BRD-A77467113,-0.008933963415795795,3,3,3,3,1.0,0.0891089108910891,0.3313452505660122,4.0,Computational reversal candidate for further investigation.,683
bl-052,-0.008933963415795795,1,1,1,1,1.0,0.07920792079207921,0.31843922399620034,3.0,Computational reversal candidate for further investigation.,684
s1170,-0.008923508862533526,4,6,4,6,0.6666666666666666,0.04950495049504951,0.2907581863307625,4.666666666666667,Computational reversal candidate for further investigation.,685
PF-477736,-0.008923490759361299,14,17,14,17,0.8235294117647058,0.04950495049504951,0.2907581863307625,5.176470588235294,Computational reversal candidate for further investigation.,686
BRD-K48716658,-0.008899501077197704,1,1,1,1,1.0,0.1188118811881188,0.37358021516437356,4.0,Computational reversal candidate for further investigation.,687
BRD-K57080016,-0.008857049939467006,11,15,11,15,0.7333333333333333,0.019801980198019802,0.21574257425742574,4.533333333333333,Computational reversal candidate for further investigation.,688
pipamperone,-0.008856182605866542,1,1,1,1,1.0,0.21782178217821782,0.49235857195678073,5.0,Computational reversal candidate for further investigation.,689
mephentermine sulfate,-0.00885605707721326,1,1,1,1,1.0,0.1485148514851485,0.40808809758655556,3.0,Computational reversal candidate for further investigation.,690
sb 431542,-0.008850648552213406,1,1,1,1,1.0,0.12871287128712872,0.3826266664865668,5.0,Computational reversal candidate for further investigation.,691
BRD-K77681376,-0.008838109725125314,6,7,6,7,0.8571428571428571,0.0594059405940594,0.2996424642464246,4.857142857142857,Computational reversal candidate for further investigation.,692
erastin,-0.008831113293726114,1,1,1,1,1.0,0.19801980198019803,0.47053996566505074,5.0,Computational reversal candidate for further investigation.,693
clocortolone pivalate,-0.008826758668291326,2,2,2,2,1.0,0.10891089108910891,0.3579439391902991,4.5,Computational reversal candidate for further investigation.,694
ncgc00182913-03,-0.008821243922485386,1,1,1,1,1.0,0.2376237623762376,0.5091270188965799,3.0,Computational reversal candidate for further investigation.,695
dm163 brd-k06180729,-0.008819704630484081,1,1,1,1,1.0,0.15841584158415842,0.4199368841993688,3.0,Computational reversal candidate for further investigation.,696
mdl 72222,-0.008816816237351616,1,1,1,1,1.0,0.2376237623762376,0.5091270188965799,5.0,Computational reversal candidate for further investigation.,697
BRD-K27170250,-0.008812968599255828,1,1,1,1,1.0,0.22772277227722773,0.5027435874286517,3.0,Computational reversal candidate for further investigation.,698
stk397047,-0.00879035288059268,5,5,5,5,1.0,0.09900990099009901,0.34629626686585196,3.8,Computational reversal candidate for further investigation.,699
icariin,-0.008784888824476918,1,1,1,1,1.0,0.1485148514851485,0.40808809758655556,3.0,Computational reversal candidate for further investigation.,700
naproxen,-0.008784445157255849,1,1,1,1,1.0,0.12871287128712872,0.3826266664865668,3.0,Computational reversal candidate for further investigation.,701
BRD-K53414658,-0.008776697730139333,3,5,3,5,0.6,0.1188118811881188,0.37358021516437356,4.2,Computational reversal candidate for further investigation.,702
BRD-K55502647,-0.008776159622312688,1,1,1,1,1.0,0.12871287128712872,0.3826266664865668,3.0,Computational reversal candidate for further investigation.,703
BRD-K95895342,-0.008765952388584564,1,1,1,1,1.0,0.13861386138613863,0.39585793441729494,5.0,Computational reversal candidate for further investigation.,704
pac 1,-0.008755701812048643,13,16,16,19,0.8125,0.04950495049504951,0.2907581863307625,3.9473684210526314,Computational reversal candidate for further investigation.,705
cyclopiazonic acid,-0.008734657898839876,1,2,1,2,0.5,0.16831683168316833,0.4309781154378658,5.0,Computational reversal candidate for further investigation.,706
BRD-K87343924 (wortmannin),-0.008725955879259915,2,2,2,2,1.0,0.10891089108910891,0.3579439391902991,3.0,Computational reversal candidate for further investigation.,707
hy-11009,-0.008719724202775374,7,8,7,8,0.875,0.0891089108910891,0.3313452505660122,5.25,Computational reversal candidate for further investigation.,708
bulleyaconitine a,-0.008660015633674627,2,2,2,2,1.0,0.07920792079207921,0.31843922399620034,3.0,Computational reversal candidate for further investigation.,709
a8674,-0.008640919532038983,2,3,4,5,0.6666666666666666,0.1485148514851485,0.40808809758655556,4.0,Computational reversal candidate for further investigation.,710
BRD-K65904652,-0.008637391465216835,1,1,1,1,1.0,0.297029702970297,0.5672460322281132,4.0,Computational reversal candidate for further investigation.,711
ncgc00183247-01,-0.008629827396057131,1,1,1,1,1.0,0.18811881188118812,0.4595413577232163,3.0,Computational reversal candidate for further investigation.,712
curcumin,-0.00861399203508987,33,37,33,37,0.8918918918918919,0.0594059405940594,0.2996424642464246,5.513513513513513,Computational reversal candidate for further investigation.,713
ku 0060648 trihydrochloride,-0.008589642500817228,21,31,21,31,0.6774193548387096,0.09900990099009901,0.34629626686585196,5.451612903225806,Computational reversal candidate for further investigation.,714
np-010155,-0.008589277115658454,1,1,1,1,1.0,0.26732673267326734,0.5393564356435644,5.0,Computational reversal candidate for further investigation.,715
thiethylperazine dimalate,-0.008584209553533114,1,1,1,1,1.0,0.2376237623762376,0.5091270188965799,4.0,Computational reversal candidate for further investigation.,716
pp-30,-0.008577180152494937,5,7,5,7,0.7142857142857143,0.07920792079207921,0.31843922399620034,4.0,Computational reversal candidate for further investigation.,717
6-diazo-5-oxo-l-norleucine,-0.008566240155610905,3,5,3,5,0.6,0.09900990099009901,0.34629626686585196,3.8,Computational reversal candidate for further investigation.,718
rosuvastatin calcium,-0.008559097619912503,1,1,1,1,1.0,0.13861386138613863,0.39585793441729494,3.0,Computational reversal candidate for further investigation.,719
BRD-A60245366,-0.008525994904819374,8,11,8,11,0.7272727272727273,0.0297029702970297,0.23882941799715027,5.7272727272727275,Computational reversal candidate for further investigation.,720
gant 58,-0.008499525553368172,2,3,2,3,0.6666666666666666,0.07920792079207921,0.31843922399620034,4.0,Computational reversal candidate for further investigation.,721
BRD-K39687892,-0.008475786447626532,1,1,1,1,1.0,0.19801980198019803,0.47053996566505074,3.0,Computational reversal candidate for further investigation.,722
ncgc00241077-01,-0.008467079752639519,3,3,3,3,1.0,0.16831683168316833,0.4309781154378658,4.0,Computational reversal candidate for further investigation.,723
dibutyrylcyclic amp,-0.008457876798258098,1,1,1,1,1.0,0.2079207920792079,0.4845555143749669,5.0,Computational reversal candidate for further investigation.,724
BRD-K17953061,-0.008448071685711916,8,10,8,10,0.8,0.07920792079207921,0.31843922399620034,5.9,Computational reversal candidate for further investigation.,725
penfluridol,-0.008437276236706369,7,8,7,8,0.875,0.0891089108910891,0.3313452505660122,4.625,Computational reversal candidate for further investigation.,726
cortisone,-0.008435235783478613,1,1,1,1,1.0,0.2079207920792079,0.4845555143749669,5.0,Computational reversal candidate for further investigation.,727
BRD-K89451433,-0.008431245604936907,1,1,1,1,1.0,0.10891089108910891,0.3579439391902991,3.0,Computational reversal candidate for further investigation.,728
BRD-K89784888,-0.008428994012412963,1,1,1,1,1.0,0.2079207920792079,0.4845555143749669,3.0,Computational reversal candidate for further investigation.,729
BRD-K23673040,-0.008396889705936203,3,3,3,3,1.0,0.1188118811881188,0.37358021516437356,3.6666666666666665,Computational reversal candidate for further investigation.,730
flufenamic acid,-0.00839599049682313,3,4,3,4,0.75,0.0594059405940594,0.2996424642464246,4.5,Computational reversal candidate for further investigation.,731
gr 159897,-0.008376722646484322,1,2,1,2,0.5,0.1188118811881188,0.37358021516437356,3.5,Computational reversal candidate for further investigation.,732
pp 1,-0.008370903666661331,4,6,4,6,0.6666666666666666,0.06930693069306931,0.31074033329258854,4.666666666666667,Computational reversal candidate for further investigation.,733
s1003,-0.00837020093056768,8,8,8,8,1.0,0.12871287128712872,0.3826266664865668,5.0,Computational reversal candidate for further investigation.,734
BRD-K68191783,-0.008361202787674035,1,1,1,1,1.0,0.25742574257425743,0.5276864469137412,3.0,Computational reversal candidate for further investigation.,735
piroxicam,-0.00835536246414387,2,3,2,3,0.6666666666666666,0.1485148514851485,0.40808809758655556,4.333333333333333,Computational reversal candidate for further investigation.,736
KIN001-127,-0.008352935870867176,4,5,4,5,0.8,0.19801980198019803,0.47053996566505074,5.6,Computational reversal candidate for further investigation.,737
ei-155,-0.008346903679158836,2,2,2,2,1.0,0.21782178217821782,0.49235857195678073,5.5,Computational reversal candidate for further investigation.,738
tyrphostin 47,-0.008334491375787699,1,1,1,1,1.0,0.22772277227722773,0.5027435874286517,3.0,Computational reversal candidate for further investigation.,739
ncgc00165199-01,-0.008308511192366782,3,4,3,4,0.75,0.1485148514851485,0.40808809758655556,4.25,Computational reversal candidate for further investigation.,740
BRD-K19220233,-0.008307890432885422,8,12,8,12,0.6666666666666666,0.06930693069306931,0.31074033329258854,5.166666666666667,Computational reversal candidate for further investigation.,741
BRD-K74126469,-0.00830675938664476,1,1,1,1,1.0,0.1782178217821782,0.44585147378113243,3.0,Computational reversal candidate for further investigation.,742
buparlisib,-0.008297485855929598,15,17,15,17,0.8823529411764706,0.07920792079207921,0.31843922399620034,5.9411764705882355,Computational reversal candidate for further investigation.,743
BRD-K28916077,-0.008285955236362486,1,1,1,1,1.0,0.16831683168316833,0.4309781154378658,6.0,Computational reversal candidate for further investigation.,744
epitestosterone,-0.008283698759367616,1,1,1,1,1.0,0.0891089108910891,0.3313452505660122,4.0,Computational reversal candidate for further investigation.,745
linezolid,-0.008261913474916463,2,2,2,2,1.0,0.07920792079207921,0.31843922399620034,4.5,Computational reversal candidate for further investigation.,746
"clomiphene citrate (z,e)",-0.008261913185594195,1,1,1,1,1.0,0.27722772277227725,0.5471731955804277,6.0,Computational reversal candidate for further investigation.,747
BRD-K81538844,-0.008254325844973518,1,1,1,1,1.0,0.27722772277227725,0.5471731955804277,3.0,Computational reversal candidate for further investigation.,748
"stat3 inhibitor vi, s31-201",-0.008239399330705752,1,1,1,1,1.0,0.1782178217821782,0.44585147378113243,3.0,Computational reversal candidate for further investigation.,749
g3420,-0.008229076922475344,1,1,1,1,1.0,0.0891089108910891,0.3313452505660122,4.0,Computational reversal candidate for further investigation.,750
BRD-K36055864 (cycloheximide),-0.008226806740086383,3,5,3,5,0.6,0.2079207920792079,0.4845555143749669,4.2,Computational reversal candidate for further investigation.,751
quinacrine dihydrochloride dihydrate,-0.008217731134234171,17,22,21,27,0.7727272727272727,0.04950495049504951,0.2907581863307625,5.2592592592592595,Computational reversal candidate for further investigation.,752
pik-90,-0.008214617008115068,5,7,5,7,0.7142857142857143,0.0594059405940594,0.2996424642464246,4.571428571428571,Computational reversal candidate for further investigation.,753
s(+)-terguride,-0.008202944726846434,1,1,1,1,1.0,0.2079207920792079,0.4845555143749669,3.0,Computational reversal candidate for further investigation.,754
gemcitabine,-0.008196168059026458,6,8,6,8,0.75,0.12871287128712872,0.3826266664865668,4.875,Computational reversal candidate for further investigation.,755
levcromakalim,-0.00819082590568974,1,1,1,1,1.0,0.18811881188118812,0.4595413577232163,3.0,Computational reversal candidate for further investigation.,756
BRD-K45735142,-0.008170307551045766,1,1,1,1,1.0,0.21782178217821782,0.49235857195678073,5.0,Computational reversal candidate for further investigation.,757
dienestrol,-0.00816980557806514,1,1,1,1,1.0,0.15841584158415842,0.4199368841993688,3.0,Computational reversal candidate for further investigation.,758
gr-235,-0.008164222381040167,1,1,1,1,1.0,0.1188118811881188,0.37358021516437356,5.0,Computational reversal candidate for further investigation.,759
BRD-K00627859,-0.008160547208387364,4,4,4,4,1.0,0.0594059405940594,0.2996424642464246,3.5,Computational reversal candidate for further investigation.,760
tiotidine,-0.008152930228088941,1,1,1,1,1.0,0.27722772277227725,0.5471731955804277,3.0,Computational reversal candidate for further investigation.,761
t018500,-0.00814166782354933,2,3,2,3,0.6666666666666666,0.06930693069306931,0.31074033329258854,3.6666666666666665,Computational reversal candidate for further investigation.,762
salmeterol,-0.00812955111063932,1,2,1,2,0.5,0.1485148514851485,0.40808809758655556,3.5,Computational reversal candidate for further investigation.,763
ei-328,-0.00810389620268533,1,1,1,1,1.0,0.3069306930693069,0.5775492056977719,6.0,Computational reversal candidate for further investigation.,764
GW-5074,-0.008102820851792777,2,2,2,2,1.0,0.0891089108910891,0.3313452505660122,4.5,Computational reversal candidate for further investigation.,765
rho kinase inhibitor iii [rockout],-0.00810263522847411,3,3,3,3,1.0,0.0891089108910891,0.3313452505660122,5.0,Computational reversal candidate for further investigation.,766
tw 37,-0.008093030675156463,12,18,12,18,0.6666666666666666,0.0891089108910891,0.3313452505660122,3.9444444444444446,Computational reversal candidate for further investigation.,767
ei-247,-0.008081871266350685,2,2,2,2,1.0,0.10891089108910891,0.3579439391902991,6.5,Computational reversal candidate for further investigation.,768
BRD-K04853698,-0.008068441459206991,15,19,15,19,0.7894736842105263,0.12871287128712872,0.3826266664865668,5.0,Computational reversal candidate for further investigation.,769
stock4s-72743,-0.008066219128227775,1,1,1,1,1.0,0.07920792079207921,0.31843922399620034,4.0,Computational reversal candidate for further investigation.,770
canertinib,-0.008065259363107915,19,26,19,26,0.7307692307692307,0.1188118811881188,0.37358021516437356,4.6923076923076925,Computational reversal candidate for further investigation.,771
BRD-K08307026,-0.008047585715883552,8,9,8,9,0.8888888888888888,0.10891089108910891,0.3579439391902991,3.5555555555555554,Computational reversal candidate for further investigation.,772
BRD-K37724988,-0.008041085255410647,1,1,1,1,1.0,0.1485148514851485,0.40808809758655556,4.0,Computational reversal candidate for further investigation.,773
OTSSP167,-0.00803531242810875,10,11,10,11,0.9090909090909091,0.0891089108910891,0.3313452505660122,6.090909090909091,Computational reversal candidate for further investigation.,774
le 135,-0.008019001397871883,5,8,5,8,0.625,0.0891089108910891,0.3313452505660122,4.0,Computational reversal candidate for further investigation.,775
AT-7519,-0.007994452373573763,38,53,38,53,0.7169811320754716,0.0594059405940594,0.2996424642464246,5.60377358490566,Computational reversal candidate for further investigation.,776
NU-7441,-0.007985557303976723,8,11,8,11,0.7272727272727273,0.09900990099009901,0.34629626686585196,5.2727272727272725,Computational reversal candidate for further investigation.,777
BX-795,-0.00796824151017412,3,4,3,4,0.75,0.12871287128712872,0.3826266664865668,4.75,Computational reversal candidate for further investigation.,778
BRD-K63239300,-0.007967435398284494,1,1,1,1,1.0,0.21782178217821782,0.49235857195678073,3.0,Computational reversal candidate for further investigation.,779
su11652,-0.007964074455009545,9,11,9,11,0.8181818181818182,0.13861386138613863,0.39585793441729494,4.7272727272727275,Computational reversal candidate for further investigation.,780
pp 2,-0.007954486154251632,4,4,4,4,1.0,0.07920792079207921,0.31843922399620034,3.25,Computational reversal candidate for further investigation.,781
jak3 inhibitor v,-0.007952364805413,1,1,1,1,1.0,0.25742574257425743,0.5276864469137412,9.0,Computational reversal candidate for further investigation.,782
estradiol valerate,-0.007939456338783261,3,4,3,4,0.75,0.16831683168316833,0.4309781154378658,4.75,Computational reversal candidate for further investigation.,783
dexamethasone,-0.007935633958129905,5,6,7,8,0.8333333333333334,0.039603960396039604,0.266348857107933,5.25,Computational reversal candidate for further investigation.,784
luteolin,-0.007926426698432344,2,2,2,2,1.0,0.16831683168316833,0.4309781154378658,3.5,Computational reversal candidate for further investigation.,785
hts 10765,-0.007925525010361967,1,1,1,1,1.0,0.21782178217821782,0.49235857195678073,3.0,Computational reversal candidate for further investigation.,786
BRD-K56343971,-0.00792186831476437,8,13,9,15,0.6153846153846154,0.0297029702970297,0.23882941799715027,4.666666666666667,Computational reversal candidate for further investigation.,787
tozasertib,-0.007919085966145134,6,8,6,8,0.75,0.09900990099009901,0.34629626686585196,4.125,Computational reversal candidate for further investigation.,788
ciglitazone,-0.007912275290896652,2,2,2,2,1.0,0.18811881188118812,0.4595413577232163,4.0,Computational reversal candidate for further investigation.,789
epirubicin hydrochloride,-0.007909551967304753,10,13,16,20,0.7692307692307693,0.0594059405940594,0.2996424642464246,4.85,Computational reversal candidate for further investigation.,790
3-deoxydenosine,-0.007907877930711169,1,1,1,1,1.0,0.18811881188118812,0.4595413577232163,3.0,Computational reversal candidate for further investigation.,791
SB-216763,-0.007894973928653614,1,1,1,1,1.0,0.12871287128712872,0.3826266664865668,3.0,Computational reversal candidate for further investigation.,792
BRD-A47816767,-0.007872811264409793,4,7,4,7,0.5714285714285714,0.0891089108910891,0.3313452505660122,4.142857142857143,Computational reversal candidate for further investigation.,793
bi 2536,-0.00787230516532443,26,32,26,32,0.8125,0.13861386138613863,0.39585793441729494,5.40625,Computational reversal candidate for further investigation.,794
nifuroxazide,-0.007870594118883764,1,1,1,1,1.0,0.2079207920792079,0.4845555143749669,3.0,Computational reversal candidate for further investigation.,795
bml-259,-0.007866840189888952,4,5,4,5,0.8,0.09900990099009901,0.34629626686585196,4.0,Computational reversal candidate for further investigation.,796
BRD-K56596360,-0.007850577259863935,1,1,1,1,1.0,0.10891089108910891,0.3579439391902991,3.0,Computational reversal candidate for further investigation.,797
cyclosporin a,-0.007849397812563004,1,1,1,1,1.0,0.2376237623762376,0.5091270188965799,4.0,Computational reversal candidate for further investigation.,798
BRD-K24861700,-0.007844954362157765,1,1,1,1,1.0,0.19801980198019803,0.47053996566505074,3.0,Computational reversal candidate for further investigation.,799
BRD-K42419294,-0.00782538887275261,2,2,2,2,1.0,0.04950495049504951,0.2907581863307625,3.0,Computational reversal candidate for further investigation.,800
BRD-K12762134,-0.007803564281220246,1,2,1,2,0.5,0.07920792079207921,0.31843922399620034,3.5,Computational reversal candidate for further investigation.,801
decitabine,-0.007771186455738355,3,3,3,3,1.0,0.0594059405940594,0.2996424642464246,3.3333333333333335,Computational reversal candidate for further investigation.,802
menadione,-0.007766616657506123,13,18,15,20,0.7222222222222222,0.0297029702970297,0.23882941799715027,4.6,Computational reversal candidate for further investigation.,803
BRD-A14985772,-0.007763693837670264,1,1,1,1,1.0,0.13861386138613863,0.39585793441729494,3.0,Computational reversal candidate for further investigation.,804
chlormadinone acetate,-0.007761302938090181,1,1,1,1,1.0,0.22772277227722773,0.5027435874286517,3.0,Computational reversal candidate for further investigation.,805
BRD-K30849099,-0.007754161669143125,1,2,1,2,0.5,0.15841584158415842,0.4199368841993688,5.0,Computational reversal candidate for further investigation.,806
akti-1/2,-0.007711765367545292,6,6,6,6,1.0,0.06930693069306931,0.31074033329258854,4.5,Computational reversal candidate for further investigation.,807
dnqx disodium salt,-0.007682933579744332,1,1,1,1,1.0,0.21782178217821782,0.49235857195678073,3.0,Computational reversal candidate for further investigation.,808
gw 583340 dihydrochloride,-0.007671611703901103,1,1,1,1,1.0,0.16831683168316833,0.4309781154378658,3.0,Computational reversal candidate for further investigation.,809
cyclopenthiazide,-0.007668636523369834,1,1,1,1,1.0,0.27722772277227725,0.5471731955804277,3.0,Computational reversal candidate for further investigation.,810
su 4312,-0.007661067479989259,2,2,2,2,1.0,0.21782178217821782,0.49235857195678073,5.5,Computational reversal candidate for further investigation.,811
s1104,-0.007654556075886918,2,3,2,3,0.6666666666666666,0.15841584158415842,0.4199368841993688,3.3333333333333335,Computational reversal candidate for further investigation.,812
BRD-K84203638,-0.007633864426257933,6,7,6,7,0.8571428571428571,0.21782178217821782,0.49235857195678073,6.714285714285714,Computational reversal candidate for further investigation.,813
BRD-K10010115,-0.007610168879817334,1,1,1,1,1.0,0.15841584158415842,0.4199368841993688,3.0,Computational reversal candidate for further investigation.,814
BRD-K02458594,-0.007590194162475685,1,1,1,1,1.0,0.24752475247524752,0.5196112096758809,3.0,Computational reversal candidate for further investigation.,815
azathioprine,-0.007551167642436018,1,1,1,1,1.0,0.3564356435643564,0.6144566988344404,6.0,Computational reversal candidate for further investigation.,816
nsc 95397,-0.007551167030439866,5,7,5,7,0.7142857142857143,0.1188118811881188,0.37358021516437356,4.857142857142857,Computational reversal candidate for further investigation.,817
ssr 69071,-0.007537305719484798,3,4,3,4,0.75,0.09900990099009901,0.34629626686585196,4.5,Computational reversal candidate for further investigation.,818
BRD-K61717269,-0.00752620019054618,7,8,7,8,0.875,0.10891089108910891,0.3579439391902991,3.5,Computational reversal candidate for further investigation.,819
ncgc00183696-01,-0.007521422460220227,4,5,4,5,0.8,0.2079207920792079,0.4845555143749669,4.0,Computational reversal candidate for further investigation.,820
dabrafenib,-0.007514549433578325,12,14,12,14,0.8571428571428571,0.04950495049504951,0.2907581863307625,4.571428571428571,Computational reversal candidate for further investigation.,821
bu 239 hydrochloride,-0.007502912151768933,1,1,1,1,1.0,0.25742574257425743,0.5276864469137412,4.0,Computational reversal candidate for further investigation.,822
lde225 (nvp-lde225),-0.007478897174961423,4,4,4,4,1.0,0.12871287128712872,0.3826266664865668,4.5,Computational reversal candidate for further investigation.,823
sertraline,-0.007455638906527672,1,1,1,1,1.0,0.12871287128712872,0.3826266664865668,3.0,Computational reversal candidate for further investigation.,824
BRD-K53610452,-0.007424059605419286,1,1,1,1,1.0,0.16831683168316833,0.4309781154378658,4.0,Computational reversal candidate for further investigation.,825
BRD-K66359319,-0.007422995690405713,1,1,1,1,1.0,0.22772277227722773,0.5027435874286517,3.0,Computational reversal candidate for further investigation.,826
p5172,-0.007419239888930056,3,3,3,3,1.0,0.1188118811881188,0.37358021516437356,3.3333333333333335,Computational reversal candidate for further investigation.,827
cgp 37157,-0.007396419866276112,1,1,1,1,1.0,0.24752475247524752,0.5196112096758809,3.0,Computational reversal candidate for further investigation.,828
oxymetazoline hydrochloride,-0.007396419866276112,1,1,1,1,1.0,0.3069306930693069,0.5775492056977719,3.0,Computational reversal candidate for further investigation.,829
dibenzyline,-0.007376398851151109,3,4,3,4,0.75,0.0891089108910891,0.3313452505660122,3.75,Computational reversal candidate for further investigation.,830
11k-629s,-0.007372442947474038,1,1,1,1,1.0,0.25742574257425743,0.5276864469137412,4.0,Computational reversal candidate for further investigation.,831
amg 9810,-0.007369976961471682,2,2,2,2,1.0,0.15841584158415842,0.4199368841993688,3.0,Computational reversal candidate for further investigation.,832
BRD-K85853281,-0.007365837452872746,3,4,3,4,0.75,0.12871287128712872,0.3826266664865668,6.25,Computational reversal candidate for further investigation.,833
chlorpromazine,-0.007325633393434389,2,2,2,2,1.0,0.04950495049504951,0.2907581863307625,3.5,Computational reversal candidate for further investigation.,834
vu0424182-2,-0.007311343264752381,1,1,1,1,1.0,0.2079207920792079,0.4845555143749669,4.0,Computational reversal candidate for further investigation.,835
cdc,-0.007309411023029609,2,3,2,3,0.6666666666666666,0.1188118811881188,0.37358021516437356,3.3333333333333335,Computational reversal candidate for further investigation.,836
BRD-K56411643,-0.007306551447006741,9,14,9,14,0.6428571428571429,0.13861386138613863,0.39585793441729494,4.642857142857143,Computational reversal candidate for further investigation.,837
dy131,-0.007286685201813027,1,1,1,1,1.0,0.19801980198019803,0.47053996566505074,5.0,Computational reversal candidate for further investigation.,838
BRD-K42543304,-0.007284118848320875,1,1,1,1,1.0,0.26732673267326734,0.5393564356435644,6.0,Computational reversal candidate for further investigation.,839
hy-50767,-0.007283159167989658,1,2,1,2,0.5,0.1188118811881188,0.37358021516437356,3.0,Computational reversal candidate for further investigation.,840
3-methyladenine,-0.00727997209585129,1,1,1,1,1.0,0.37623762376237624,0.6345369831100758,6.0,Computational reversal candidate for further investigation.,841
nylidrin hydrochloride,-0.007279458049884959,1,1,1,1,1.0,0.24752475247524752,0.5196112096758809,3.0,Computational reversal candidate for further investigation.,842
cgp 54626 hydrochloride,-0.007277151514899762,1,1,1,1,1.0,0.18811881188118812,0.4595413577232163,5.0,Computational reversal candidate for further investigation.,843
BRD-K68202742 (trichostatin a),-0.007274894913580802,11,16,15,20,0.6875,0.1188118811881188,0.37358021516437356,4.8,Computational reversal candidate for further investigation.,844
BRD-K70161581,-0.007268914840366382,4,6,4,6,0.6666666666666666,0.10891089108910891,0.3579439391902991,5.333333333333333,Computational reversal candidate for further investigation.,845
bp 554 maleate,-0.007267045519183851,1,1,1,1,1.0,0.32673267326732675,0.5942825501247955,4.0,Computational reversal candidate for further investigation.,846
s(-)-timolol,-0.00725905008193406,1,2,1,2,0.5,0.16831683168316833,0.4309781154378658,4.5,Computational reversal candidate for further investigation.,847
ryuvidine,-0.007239764267028755,3,5,3,5,0.6,0.09900990099009901,0.34629626686585196,4.6,Computational reversal candidate for further investigation.,848
colforsin,-0.007232537892639594,4,5,4,5,0.8,0.039603960396039604,0.266348857107933,4.2,Computational reversal candidate for further investigation.,849
citalopram hydrobromide,-0.007225830295530667,2,2,2,2,1.0,0.10891089108910891,0.3579439391902991,3.0,Computational reversal candidate for further investigation.,850
c3930,-0.007221536182602985,2,2,2,2,1.0,0.21782178217821782,0.49235857195678073,3.0,Computational reversal candidate for further investigation.,851
BRD-K97764662,-0.00722057948827415,2,3,3,4,0.6666666666666666,0.0594059405940594,0.2996424642464246,4.5,Computational reversal candidate for further investigation.,852
BRD-K90735586,-0.007217488130884987,1,1,1,1,1.0,0.2376237623762376,0.5091270188965799,3.0,Computational reversal candidate for further investigation.,853
docetaxel,-0.007198639875025225,1,1,1,1,1.0,0.18811881188118812,0.4595413577232163,3.0,Computational reversal candidate for further investigation.,854
selinidin,-0.007198639875025225,1,1,1,1,1.0,0.26732673267326734,0.5393564356435644,3.0,Computational reversal candidate for further investigation.,855
BRD-K69496360,-0.007187970562343809,1,1,1,1,1.0,0.2079207920792079,0.4845555143749669,7.0,Computational reversal candidate for further investigation.,856
mls-0390945.0001,-0.007148079226833368,1,1,1,1,1.0,0.0891089108910891,0.3313452505660122,3.0,Computational reversal candidate for further investigation.,857
BRD-K06750613,-0.007145752681278827,3,5,3,5,0.6,0.1188118811881188,0.37358021516437356,5.4,Computational reversal candidate for further investigation.,858
methoxsalen,-0.0071443575981604635,1,1,1,1,1.0,0.2871287128712871,0.5571268613949552,6.0,Computational reversal candidate for further investigation.,859
zd 2079 hydrochloride,-0.007135286899236731,1,1,1,1,1.0,0.297029702970297,0.5672460322281132,5.0,Computational reversal candidate for further investigation.,860
ncgc00182609-01,-0.007127627370464986,2,2,2,2,1.0,0.297029702970297,0.5672460322281132,7.5,Computational reversal candidate for further investigation.,861
"ym 298198, desmethyl-",-0.007106901641931239,1,1,1,1,1.0,0.15841584158415842,0.4199368841993688,3.0,Computational reversal candidate for further investigation.,862
phenothiazine,-0.0070906937937937,1,1,1,1,1.0,0.2376237623762376,0.5091270188965799,4.0,Computational reversal candidate for further investigation.,863
s1120,-0.007085490640637161,6,7,6,7,0.8571428571428571,0.15841584158415842,0.4199368841993688,3.2857142857142856,Computational reversal candidate for further investigation.,864
ncgc00186101-01,-0.00707854240979552,1,1,1,1,1.0,0.12871287128712872,0.3826266664865668,4.0,Computational reversal candidate for further investigation.,865
nimodipine,-0.00707854240979552,1,1,1,1,1.0,0.297029702970297,0.5672460322281132,4.0,Computational reversal candidate for further investigation.,866
bisacodyl,-0.007069562974798499,2,3,4,5,0.6666666666666666,0.19801980198019803,0.47053996566505074,3.8,Computational reversal candidate for further investigation.,867
temefos,-0.007065228540489778,1,1,1,1,1.0,0.0891089108910891,0.3313452505660122,5.0,Computational reversal candidate for further investigation.,868
hli 373,-0.0070583013503167525,9,12,9,12,0.75,0.06930693069306931,0.31074033329258854,4.166666666666667,Computational reversal candidate for further investigation.,869
BRD-A31312900,-0.007043399763771872,1,1,1,1,1.0,0.16831683168316833,0.4309781154378658,3.0,Computational reversal candidate for further investigation.,870
t542500,-0.006995703701075206,8,11,8,11,0.7272727272727273,0.0891089108910891,0.3313452505660122,4.909090909090909,Computational reversal candidate for further investigation.,871
immepip dihydrobromide,-0.0069835293567301225,1,1,1,1,1.0,0.25742574257425743,0.5276864469137412,5.0,Computational reversal candidate for further investigation.,872
BRD-K53780220,-0.006970281320175456,4,5,4,5,0.8,0.10891089108910891,0.3579439391902991,4.2,Computational reversal candidate for further investigation.,873
BRD-K08448573,-0.006965062408800993,2,2,2,2,1.0,0.18811881188118812,0.4595413577232163,3.0,Computational reversal candidate for further investigation.,874
BRD-K18726304,-0.006944623059104963,5,7,5,7,0.7142857142857143,0.12871287128712872,0.3826266664865668,3.7142857142857144,Computational reversal candidate for further investigation.,875
pentylenetetrazole,-0.0069397960696382785,1,1,1,1,1.0,0.2376237623762376,0.5091270188965799,5.0,Computational reversal candidate for further investigation.,876
calyculin a,-0.006931282407429168,5,7,5,7,0.7142857142857143,0.12871287128712872,0.3826266664865668,4.714285714285714,Computational reversal candidate for further investigation.,877
BRD-K58288048,-0.006919244883839937,2,3,2,3,0.6666666666666666,0.2376237623762376,0.5091270188965799,5.0,Computational reversal candidate for further investigation.,878
quercetin,-0.006911264028043559,2,3,2,3,0.6666666666666666,0.0891089108910891,0.3313452505660122,3.6666666666666665,Computational reversal candidate for further investigation.,879
pd 00735,-0.006886156136267543,1,1,1,1,1.0,0.12871287128712872,0.3826266664865668,5.0,Computational reversal candidate for further investigation.,880
BRD-A47832959,-0.006875317184613865,1,1,1,1,1.0,0.1782178217821782,0.44585147378113243,3.0,Computational reversal candidate for further investigation.,881
simvastatin,-0.006868142079151349,4,4,5,5,1.0,0.10891089108910891,0.3579439391902991,3.4,Computational reversal candidate for further investigation.,882
riboflavine,-0.006849967216535827,1,1,1,1,1.0,0.297029702970297,0.5672460322281132,4.0,Computational reversal candidate for further investigation.,883
aminopurvalanol a,-0.00684873973712122,6,10,6,10,0.6,0.06930693069306931,0.31074033329258854,4.2,Computational reversal candidate for further investigation.,884
racecadotril,-0.006836993074925734,1,1,1,1,1.0,0.16831683168316833,0.4309781154378658,3.0,Computational reversal candidate for further investigation.,885
anagrelide hydrochloride,-0.006823008550574602,2,2,2,2,1.0,0.19801980198019803,0.47053996566505074,3.5,Computational reversal candidate for further investigation.,886
dichlorobenzamil,-0.006821357992003972,3,4,3,4,0.75,0.10891089108910891,0.3579439391902991,3.5,Computational reversal candidate for further investigation.,887
benazepril hydrochloride,-0.006819521871620953,2,2,2,2,1.0,0.18811881188118812,0.4595413577232163,3.5,Computational reversal candidate for further investigation.,888
ipratropium bromide,-0.006804411784655941,1,1,1,1,1.0,0.15841584158415842,0.4199368841993688,3.0,Computational reversal candidate for further investigation.,889
amperozide,-0.006761491701659163,2,2,2,2,1.0,0.19801980198019803,0.47053996566505074,3.0,Computational reversal candidate for further investigation.,890
BRD-K53423944,-0.006753894666173968,3,4,3,4,0.75,0.1485148514851485,0.40808809758655556,4.0,Computational reversal candidate for further investigation.,891
BRD-A93393712,-0.006750073580279473,1,2,1,2,0.5,0.2079207920792079,0.4845555143749669,4.0,Computational reversal candidate for further investigation.,892
BRD-K18059480,-0.006749956425342692,1,1,1,1,1.0,0.1485148514851485,0.40808809758655556,4.0,Computational reversal candidate for further investigation.,893
BRD-K25690923,-0.006746289578703654,1,1,1,1,1.0,0.2376237623762376,0.5091270188965799,9.0,Computational reversal candidate for further investigation.,894
ncgc00183255-01,-0.0067304612876618085,4,4,4,4,1.0,0.16831683168316833,0.4309781154378658,4.5,Computational reversal candidate for further investigation.,895
paclitaxel,-0.006728563091806943,4,6,4,6,0.6666666666666666,0.0891089108910891,0.3313452505660122,3.3333333333333335,Computational reversal candidate for further investigation.,896
prednisolone hemisuccinate,-0.0067247699693020815,2,2,2,2,1.0,0.19801980198019803,0.47053996566505074,4.5,Computational reversal candidate for further investigation.,897
BRD-K25536815,-0.006720542240352439,1,1,1,1,1.0,0.2376237623762376,0.5091270188965799,3.0,Computational reversal candidate for further investigation.,898
ossk 645683,-0.006720542240352439,2,3,2,3,0.6666666666666666,0.09900990099009901,0.34629626686585196,3.3333333333333335,Computational reversal candidate for further investigation.,899
JW-7-24-1,-0.006694231264101378,18,27,18,27,0.6666666666666666,0.09900990099009901,0.34629626686585196,4.851851851851852,Computational reversal candidate for further investigation.,900
GSK-1059615,-0.006679502276839848,28,40,51,70,0.7,0.06930693069306931,0.31074033329258854,4.8428571428571425,Computational reversal candidate for further investigation.,901
BRD-A50774520,-0.006679448866254231,3,4,3,4,0.75,0.15841584158415842,0.4199368841993688,4.75,Computational reversal candidate for further investigation.,902
ncgc00242335-01,-0.006677249004334192,2,2,2,2,1.0,0.297029702970297,0.5672460322281132,4.0,Computational reversal candidate for further investigation.,903
donepezil hydrochloride,-0.0066768045699000245,2,2,2,2,1.0,0.27722772277227725,0.5471731955804277,6.0,Computational reversal candidate for further investigation.,904
UNC0638,-0.00667478385545865,1,1,1,1,1.0,0.31683168316831684,0.59006516036219,3.0,Computational reversal candidate for further investigation.,905
cefixime,-0.006642481252206908,2,2,2,2,1.0,0.13861386138613863,0.39585793441729494,3.5,Computational reversal candidate for further investigation.,906
BRD-K88278225,-0.006616473379226919,2,3,2,3,0.6666666666666666,0.1485148514851485,0.40808809758655556,4.333333333333333,Computational reversal candidate for further investigation.,907
pd 407824,-0.006608537856016656,4,4,4,4,1.0,0.2079207920792079,0.4845555143749669,3.75,Computational reversal candidate for further investigation.,908
BRD-K85818861,-0.0066034520267876234,2,2,2,2,1.0,0.24752475247524752,0.5196112096758809,3.5,Computational reversal candidate for further investigation.,909
jte 013,-0.006602008513973333,1,2,1,2,0.5,0.19801980198019803,0.47053996566505074,3.0,Computational reversal candidate for further investigation.,910
ossk 647368,-0.0065887333345145405,1,2,1,2,0.5,0.25742574257425743,0.5276864469137412,4.5,Computational reversal candidate for further investigation.,911
alvocidib,-0.0065839518405073575,37,55,37,55,0.6727272727272727,0.10891089108910891,0.3579439391902991,5.945454545454545,Computational reversal candidate for further investigation.,912
BRD-A10330754,-0.0065786295699298185,1,1,1,1,1.0,0.22772277227722773,0.5027435874286517,3.0,Computational reversal candidate for further investigation.,913
AZD-7762,-0.006573994499180221,20,28,20,28,0.7142857142857143,0.06930693069306931,0.31074033329258854,4.285714285714286,Computational reversal candidate for further investigation.,914
imatinib,-0.006545008959180484,1,2,1,2,0.5,0.1485148514851485,0.40808809758655556,3.5,Computational reversal candidate for further investigation.,915
linsitinib,-0.00654335971377182,7,7,7,7,1.0,0.0891089108910891,0.3313452505660122,4.571428571428571,Computational reversal candidate for further investigation.,916
hinokitiol,-0.0065381641292259615,2,3,2,3,0.6666666666666666,0.25742574257425743,0.5276864469137412,5.333333333333333,Computational reversal candidate for further investigation.,917
bml-st330,-0.006516278401654665,1,1,1,1,1.0,0.21782178217821782,0.49235857195678073,4.0,Computational reversal candidate for further investigation.,918
chlorambucil,-0.0064753877303870295,1,1,1,1,1.0,0.3465346534653465,0.6050472835745112,4.0,Computational reversal candidate for further investigation.,919
BRD-K49010888,-0.006472743362834562,3,3,3,3,1.0,0.2376237623762376,0.5091270188965799,4.666666666666667,Computational reversal candidate for further investigation.,920
gr-239,-0.006437161014784264,3,3,3,3,1.0,0.06930693069306931,0.31074033329258854,3.3333333333333335,Computational reversal candidate for further investigation.,921
BRD-K07023879,-0.0064325597405725556,2,3,2,3,0.6666666666666666,0.1782178217821782,0.44585147378113243,3.6666666666666665,Computational reversal candidate for further investigation.,922
amoxicillin crystalline,-0.006431601844689458,1,1,1,1,1.0,0.19801980198019803,0.47053996566505074,3.0,Computational reversal candidate for further investigation.,923
BRD-A80960055,-0.006422015605988983,4,5,4,5,0.8,0.09900990099009901,0.34629626686585196,4.8,Computational reversal candidate for further investigation.,924
tg101348,-0.006420397757236119,24,35,24,35,0.6857142857142857,0.07920792079207921,0.31843922399620034,5.228571428571429,Computational reversal candidate for further investigation.,925
er 27319 maleate,-0.006417749971496783,9,12,9,12,0.75,0.10891089108910891,0.3579439391902991,5.583333333333333,Computational reversal candidate for further investigation.,926
hy-10159,-0.006390398530614118,2,3,2,3,0.6666666666666666,0.21782178217821782,0.49235857195678073,4.333333333333333,Computational reversal candidate for further investigation.,927
immethridine dihydrobromide,-0.006371371085547542,1,1,1,1,1.0,0.2871287128712871,0.5571268613949552,3.0,Computational reversal candidate for further investigation.,928
isradipine,-0.006368947274947953,1,1,1,1,1.0,0.18811881188118812,0.4595413577232163,4.0,Computational reversal candidate for further investigation.,929
tyrphostin ag 1478,-0.006365923022755124,16,24,16,24,0.6666666666666666,0.0594059405940594,0.2996424642464246,4.291666666666667,Computational reversal candidate for further investigation.,930
(-)-JQ1,-0.0063504156470741615,2,2,2,2,1.0,0.16831683168316833,0.4309781154378658,5.0,Computational reversal candidate for further investigation.,931
bms 299897,-0.006343081980458793,1,1,1,1,1.0,0.2376237623762376,0.5091270188965799,3.0,Computational reversal candidate for further investigation.,932
k3644,-0.006340466247761158,1,1,1,1,1.0,0.21782178217821782,0.49235857195678073,5.0,Computational reversal candidate for further investigation.,933
vitexin,-0.006340272914647553,1,1,1,1,1.0,0.25742574257425743,0.5276864469137412,3.0,Computational reversal candidate for further investigation.,934
BRD-U00779237,-0.006333577965810466,7,9,7,9,0.7777777777777778,0.13861386138613863,0.39585793441729494,6.111111111111111,Computational reversal candidate for further investigation.,935
BRD-K80786583,-0.006303948620555957,1,2,1,2,0.5,0.21782178217821782,0.49235857195678073,3.0,Computational reversal candidate for further investigation.,936
hy-70061,-0.006303385773926421,1,1,1,1,1.0,0.24752475247524752,0.5196112096758809,4.0,Computational reversal candidate for further investigation.,937
cinanserin hydrochloride,-0.0062685914463999,1,1,1,1,1.0,0.3069306930693069,0.5775492056977719,7.0,Computational reversal candidate for further investigation.,938
BRD-A52193669,-0.006255108995530015,4,6,4,6,0.6666666666666666,0.16831683168316833,0.4309781154378658,4.666666666666667,Computational reversal candidate for further investigation.,939
tremulacin,-0.006254909096433635,1,2,1,2,0.5,0.1782178217821782,0.44585147378113243,4.0,Computational reversal candidate for further investigation.,940
BRD-K81473043,-0.00625368553879431,5,9,5,9,0.5555555555555556,0.13861386138613863,0.39585793441729494,5.333333333333333,Computational reversal candidate for further investigation.,941
BRD-K28366633,-0.006252885533861917,4,5,4,5,0.8,0.16831683168316833,0.4309781154378658,4.4,Computational reversal candidate for further investigation.,942
naltrexone hydrochloride,-0.006244102469515586,2,3,2,3,0.6666666666666666,0.0891089108910891,0.3313452505660122,5.0,Computational reversal candidate for further investigation.,943
methylstat,-0.0062437225772045595,2,3,2,3,0.6666666666666666,0.3465346534653465,0.6050472835745112,5.0,Computational reversal candidate for further investigation.,944
ncgc00185090-03,-0.0062322794444537016,3,5,3,5,0.6,0.1485148514851485,0.40808809758655556,4.6,Computational reversal candidate for further investigation.,945
BRD-K35573744,-0.006230098771512835,1,1,1,1,1.0,0.18811881188118812,0.4595413577232163,3.0,Computational reversal candidate for further investigation.,946
BRD-A81282034,-0.006206101097724034,1,2,1,2,0.5,0.25742574257425743,0.5276864469137412,4.0,Computational reversal candidate for further investigation.,947
BRD-K63511615,-0.00620191268729004,1,1,1,1,1.0,0.1485148514851485,0.40808809758655556,5.0,Computational reversal candidate for further investigation.,948
rosiglitazone hydrochloride,-0.0061674955318615525,3,3,3,3,1.0,0.21782178217821782,0.49235857195678073,3.6666666666666665,Computational reversal candidate for further investigation.,949
betamethasone,-0.00613940909300967,6,6,10,10,1.0,0.0891089108910891,0.3313452505660122,4.3,Computational reversal candidate for further investigation.,950
regorafenib,-0.006131755088813437,4,7,4,7,0.5714285714285714,0.09900990099009901,0.34629626686585196,5.0,Computational reversal candidate for further investigation.,951
ozagrel hydrochloride,-0.006121480361710114,1,1,2,2,1.0,0.12871287128712872,0.3826266664865668,5.0,Computational reversal candidate for further investigation.,952
rs 39604 hydrochloride,-0.006094398900561394,1,2,1,2,0.5,0.26732673267326734,0.5393564356435644,3.0,Computational reversal candidate for further investigation.,953
BRD-K98824517,-0.006074539794248734,3,4,3,4,0.75,0.27722772277227725,0.5471731955804277,3.5,Computational reversal candidate for further investigation.,954
BRD-K49094915,-0.006070815477250513,2,2,2,2,1.0,0.19801980198019803,0.47053996566505074,3.5,Computational reversal candidate for further investigation.,955
lomatin,-0.0060649035478406435,1,1,1,1,1.0,0.25742574257425743,0.5276864469137412,5.0,Computational reversal candidate for further investigation.,956
t7765,-0.006062179972056905,4,4,4,4,1.0,0.15841584158415842,0.4199368841993688,3.0,Computational reversal candidate for further investigation.,957
BRD-K75128590,-0.006056684624747779,1,1,1,1,1.0,0.36633663366336633,0.624606826879871,7.0,Computational reversal candidate for further investigation.,958
arvanil,-0.0060561694254423655,1,2,1,2,0.5,0.2376237623762376,0.5091270188965799,5.5,Computational reversal candidate for further investigation.,959
BRD-U32049204,-0.006041181118337225,1,1,1,1,1.0,0.2871287128712871,0.5571268613949552,3.0,Computational reversal candidate for further investigation.,960
ncgc00165289-01,-0.00601062405433423,9,11,9,11,0.8181818181818182,0.09900990099009901,0.34629626686585196,4.636363636363637,Computational reversal candidate for further investigation.,961
dicyclomine hydrochloride,-0.00600626875699853,1,1,1,1,1.0,0.297029702970297,0.5672460322281132,6.0,Computational reversal candidate for further investigation.,962
hki-272,-0.005994254150934715,6,10,6,10,0.6,0.0891089108910891,0.3313452505660122,4.3,Computational reversal candidate for further investigation.,963
pz0004,-0.00599298949254128,2,2,2,2,1.0,0.21782178217821782,0.49235857195678073,5.0,Computational reversal candidate for further investigation.,964
cephalexin monohydrate,-0.005966970597633954,1,1,1,1,1.0,0.1485148514851485,0.40808809758655556,3.0,Computational reversal candidate for further investigation.,965
mebendazole,-0.005940751200461548,4,6,5,7,0.6666666666666666,0.10891089108910891,0.3579439391902991,3.7142857142857144,Computational reversal candidate for further investigation.,966
amlodipine besylate,-0.005940622840238041,2,4,2,4,0.5,0.09900990099009901,0.34629626686585196,3.25,Computational reversal candidate for further investigation.,967
cot-10b,-0.005914838893874221,24,31,24,31,0.7741935483870968,0.06930693069306931,0.31074033329258854,4.451612903225806,Computational reversal candidate for further investigation.,968
QL-XII-47,-0.005904899611231685,19,28,19,28,0.6785714285714286,0.13861386138613863,0.39585793441729494,5.464285714285714,Computational reversal candidate for further investigation.,969
KU-60019,-0.005877467404399279,1,1,1,1,1.0,0.37623762376237624,0.6345369831100758,5.0,Computational reversal candidate for further investigation.,970
gw 1929,-0.005857166943752697,1,2,1,2,0.5,0.16831683168316833,0.4309781154378658,3.0,Computational reversal candidate for further investigation.,971
arachidonamide,-0.005855979209928446,1,1,1,1,1.0,0.21782178217821782,0.49235857195678073,3.0,Computational reversal candidate for further investigation.,972
cay10618,-0.005847818963347757,4,7,4,7,0.5714285714285714,0.1782178217821782,0.44585147378113243,3.7142857142857144,Computational reversal candidate for further investigation.,973
BRD-K18595892,-0.005842978341147144,3,3,3,3,1.0,0.15841584158415842,0.4199368841993688,3.3333333333333335,Computational reversal candidate for further investigation.,974
BRD-A49848186,-0.005831107902439474,3,4,3,4,0.75,0.24752475247524752,0.5196112096758809,6.0,Computational reversal candidate for further investigation.,975
BRD-K64517075,-0.00582764331862154,5,7,5,7,0.7142857142857143,0.18811881188118812,0.4595413577232163,3.857142857142857,Computational reversal candidate for further investigation.,976
PF 573228,-0.005824241896916072,3,3,3,3,1.0,0.22772277227722773,0.5027435874286517,4.333333333333333,Computational reversal candidate for further investigation.,977
remacemide hydrochloride,-0.005823589756092788,1,1,1,1,1.0,0.25742574257425743,0.5276864469137412,4.0,Computational reversal candidate for further investigation.,978
fenbufen,-0.005817194785087508,1,1,1,1,1.0,0.2871287128712871,0.5571268613949552,6.0,Computational reversal candidate for further investigation.,979
ncgc00238548-02,-0.005808116803493069,1,1,1,1,1.0,0.22772277227722773,0.5027435874286517,4.0,Computational reversal candidate for further investigation.,980
mdm2 inhibitor,-0.005788891149422926,3,3,3,3,1.0,0.1782178217821782,0.44585147378113243,3.3333333333333335,Computational reversal candidate for further investigation.,981
BRD-K64606589,-0.005767154939578039,8,10,8,10,0.8,0.18811881188118812,0.4595413577232163,4.6,Computational reversal candidate for further investigation.,982
BRD-K03829970,-0.005758259149331264,5,6,5,6,0.8333333333333334,0.2079207920792079,0.4845555143749669,4.166666666666667,Computational reversal candidate for further investigation.,983
bw-b 70c,-0.0057352408499328576,1,1,1,1,1.0,0.32673267326732675,0.5942825501247955,4.0,Computational reversal candidate for further investigation.,984
16beta-bromoandrosterone,-0.005723446057083892,1,1,1,1,1.0,0.3069306930693069,0.5775492056977719,4.0,Computational reversal candidate for further investigation.,985
kuc104487 kuc104487n,-0.005704079092055101,1,1,1,1,1.0,0.2079207920792079,0.4845555143749669,3.0,Computational reversal candidate for further investigation.,986
"l-690,488",-0.005697146633111312,7,12,7,12,0.5833333333333334,0.07920792079207921,0.31843922399620034,3.8333333333333335,Computational reversal candidate for further investigation.,987
iodophenpropit dihydrobromide,-0.005693680541425412,2,2,2,2,1.0,0.2376237623762376,0.5091270188965799,4.0,Computational reversal candidate for further investigation.,988
BRD-K28907958,-0.005685071885116928,10,18,10,18,0.5555555555555556,0.13861386138613863,0.39585793441729494,4.888888888888889,Computational reversal candidate for further investigation.,989
mdl-28170,-0.0056795577302299685,1,1,1,1,1.0,0.22772277227722773,0.5027435874286517,5.0,Computational reversal candidate for further investigation.,990
BRD-K42489623,-0.005649133957143495,2,3,2,3,0.6666666666666666,0.27722772277227725,0.5471731955804277,3.6666666666666665,Computational reversal candidate for further investigation.,991
orphenadrine hydrochloride,-0.005642387850218874,1,1,1,1,1.0,0.16831683168316833,0.4309781154378658,3.0,Computational reversal candidate for further investigation.,992
ag 957,-0.005638656201281487,6,9,6,9,0.6666666666666666,0.1485148514851485,0.40808809758655556,4.555555555555555,Computational reversal candidate for further investigation.,993
BRD-K78596368,-0.005633146944633059,1,1,1,1,1.0,0.26732673267326734,0.5393564356435644,3.0,Computational reversal candidate for further investigation.,994
arp 101,-0.005622074643235884,9,12,12,16,0.75,0.15841584158415842,0.4199368841993688,4.9375,Computational reversal candidate for further investigation.,995
ncgc00167097-01,-0.005616883973964682,2,2,2,2,1.0,0.3465346534653465,0.6050472835745112,3.0,Computational reversal candidate for further investigation.,996
obaa,-0.005614449970722039,2,3,2,3,0.6666666666666666,0.12871287128712872,0.3826266664865668,3.6666666666666665,Computational reversal candidate for further investigation.,997
BRD-K92317137,-0.005610812328413244,29,39,37,49,0.7435897435897436,0.24752475247524752,0.5196112096758809,5.244897959183674,Computational reversal candidate for further investigation.,998
bl-095,-0.005610788035659704,1,1,1,1,1.0,0.3069306930693069,0.5775492056977719,4.0,Computational reversal candidate for further investigation.,999
skatole,-0.005610788035659704,1,1,1,1,1.0,0.33663366336633666,0.6007573730346009,4.0,Computational reversal candidate for further investigation.,1000
rs 504393,-0.005603728572808145,1,1,1,1,1.0,0.33663366336633666,0.6007573730346009,3.0,Computational reversal candidate for further investigation.,1001
NVP-AEW541,-0.005597966138020632,7,8,7,8,0.875,0.16831683168316833,0.4309781154378658,4.5,Computational reversal candidate for further investigation.,1002
eo 1428,-0.005576397536071706,1,1,1,1,1.0,0.2376237623762376,0.5091270188965799,5.0,Computational reversal candidate for further investigation.,1003
CYT387,-0.005539195248926022,4,7,4,7,0.5714285714285714,0.0891089108910891,0.3313452505660122,3.5714285714285716,Computational reversal candidate for further investigation.,1004
BRD-K78633253,-0.005535378537227587,1,2,1,2,0.5,0.2376237623762376,0.5091270188965799,3.5,Computational reversal candidate for further investigation.,1005
flucloxacillin sodium,-0.005504943409349518,1,1,1,1,1.0,0.1782178217821782,0.44585147378113243,3.0,Computational reversal candidate for further investigation.,1006
QL-XI-92,-0.005463330356105849,3,4,3,4,0.75,0.2079207920792079,0.4845555143749669,4.0,Computational reversal candidate for further investigation.,1007
tws119,-0.005443744309396447,3,4,3,4,0.75,0.1782178217821782,0.44585147378113243,3.25,Computational reversal candidate for further investigation.,1008
chelerythrine chloride,-0.005439519148703954,3,3,3,3,1.0,0.1188118811881188,0.37358021516437356,3.6666666666666665,Computational reversal candidate for further investigation.,1009
dihydroergocristine,-0.00543333655745487,1,1,1,1,1.0,0.25742574257425743,0.5276864469137412,5.0,Computational reversal candidate for further investigation.,1010
BRD-K48950795,-0.005433007674439251,3,3,3,3,1.0,0.2376237623762376,0.5091270188965799,3.6666666666666665,Computational reversal candidate for further investigation.,1011
sirolimus,-0.005392262062598128,19,27,20,28,0.7037037037037037,0.0594059405940594,0.2996424642464246,4.142857142857143,Computational reversal candidate for further investigation.,1012
BRD-K67870070,-0.005388954026540264,2,2,2,2,1.0,0.22772277227722773,0.5027435874286517,3.0,Computational reversal candidate for further investigation.,1013
bibu 1361 dihydrochloride,-0.005369318169421867,2,3,2,3,0.6666666666666666,0.18811881188118812,0.4595413577232163,4.666666666666667,Computational reversal candidate for further investigation.,1014
pivmecillinam hydrochloride,-0.0053139887762138705,2,2,2,2,1.0,0.22772277227722773,0.5027435874286517,5.5,Computational reversal candidate for further investigation.,1015
BRD-K29622226,-0.005304844547587612,1,1,1,1,1.0,0.19801980198019803,0.47053996566505074,4.0,Computational reversal candidate for further investigation.,1016
np-004102,-0.005297604531559744,1,1,1,1,1.0,0.25742574257425743,0.5276864469137412,3.0,Computational reversal candidate for further investigation.,1017
1541b,-0.0052964059055984405,1,1,1,1,1.0,0.1782178217821782,0.44585147378113243,3.0,Computational reversal candidate for further investigation.,1018
BRD-U25771771,-0.005265624395081646,2,3,2,3,0.6666666666666666,0.33663366336633666,0.6007573730346009,5.666666666666667,Computational reversal candidate for further investigation.,1019
4-demethoxydaunorubicin hydrochloride (65),-0.005261665523648019,11,15,11,15,0.7333333333333333,0.09900990099009901,0.34629626686585196,3.6666666666666665,Computational reversal candidate for further investigation.,1020
BRD-K23478508 (digoxin),-0.005182159364433815,4,5,4,5,0.8,0.24752475247524752,0.5196112096758809,4.8,Computational reversal candidate for further investigation.,1021
ly 303511,-0.0051770727347830925,1,1,1,1,1.0,0.19801980198019803,0.47053996566505074,3.0,Computational reversal candidate for further investigation.,1022
ticlopidine hydrochloride,-0.005170208028677864,1,1,1,1,1.0,0.15841584158415842,0.4199368841993688,3.0,Computational reversal candidate for further investigation.,1023
np-001236,-0.00510794864059221,6,9,6,9,0.6666666666666666,0.1485148514851485,0.40808809758655556,4.0,Computational reversal candidate for further investigation.,1024
tizanidine hcl,-0.0051005094703661085,2,2,2,2,1.0,0.24752475247524752,0.5196112096758809,5.0,Computational reversal candidate for further investigation.,1025
mls-0412059,-0.005094500349687486,1,1,1,1,1.0,0.25742574257425743,0.5276864469137412,3.0,Computational reversal candidate for further investigation.,1026
calcitriol,-0.005092341560960701,1,1,1,1,1.0,0.1188118811881188,0.37358021516437356,3.0,Computational reversal candidate for further investigation.,1027
retinoic acid,-0.005078395820229136,3,4,3,4,0.75,0.0891089108910891,0.3313452505660122,3.25,Computational reversal candidate for further investigation.,1028
BRD-K17140735,-0.005061122599646188,13,20,13,20,0.65,0.16831683168316833,0.4309781154378658,4.15,Computational reversal candidate for further investigation.,1029
sid 26681509,-0.005033695252951064,5,6,5,6,0.8333333333333334,0.2376237623762376,0.5091270188965799,3.8333333333333335,Computational reversal candidate for further investigation.,1030
flumethasone,-0.005014974036548498,3,4,3,4,0.75,0.13861386138613863,0.39585793441729494,4.25,Computational reversal candidate for further investigation.,1031
norgestrel,-0.004992716995163626,1,1,1,1,1.0,0.2871287128712871,0.5571268613949552,4.0,Computational reversal candidate for further investigation.,1032
r406,-0.004942261078489027,5,6,5,6,0.8333333333333334,0.15841584158415842,0.4199368841993688,3.8333333333333335,Computational reversal candidate for further investigation.,1033
BRD-A41250203,-0.0049364233618348335,4,6,4,6,0.6666666666666666,0.1782178217821782,0.44585147378113243,4.833333333333333,Computational reversal candidate for further investigation.,1034
BRD-K80346834,-0.004927326785176163,2,3,2,3,0.6666666666666666,0.22772277227722773,0.5027435874286517,4.0,Computational reversal candidate for further investigation.,1035
BRD-K79222491,-0.004920079496652657,6,8,6,8,0.75,0.18811881188118812,0.4595413577232163,5.25,Computational reversal candidate for further investigation.,1036
BRD-K02562327,-0.004917836213706816,1,1,1,1,1.0,0.32673267326732675,0.5942825501247955,3.0,Computational reversal candidate for further investigation.,1037
cercosporin,-0.004896359948925709,7,9,7,9,0.7777777777777778,0.1782178217821782,0.44585147378113243,4.333333333333333,Computational reversal candidate for further investigation.,1038
fluvastatin,-0.004878687551576163,2,2,2,2,1.0,0.2079207920792079,0.4845555143749669,3.5,Computational reversal candidate for further investigation.,1039
t5212475,-0.004866427453477079,8,11,9,14,0.7272727272727273,0.16831683168316833,0.4309781154378658,4.285714285714286,Computational reversal candidate for further investigation.,1040
hypericin,-0.004839724396696528,1,2,1,2,0.5,0.27722772277227725,0.5471731955804277,4.0,Computational reversal candidate for further investigation.,1041
gitoxigenin,-0.004830138311522039,4,7,4,7,0.5714285714285714,0.21782178217821782,0.49235857195678073,4.285714285714286,Computational reversal candidate for further investigation.,1042
BIX-01294,-0.004829797507362217,3,4,3,4,0.75,0.37623762376237624,0.6345369831100758,5.5,Computational reversal candidate for further investigation.,1043
NVP-AUY922,-0.004821740239459652,29,48,29,48,0.6041666666666666,0.21782178217821782,0.49235857195678073,4.583333333333333,Computational reversal candidate for further investigation.,1044
m-3m3fbs,-0.004813989698389629,5,9,5,9,0.5555555555555556,0.2871287128712871,0.5571268613949552,5.0,Computational reversal candidate for further investigation.,1045
BRD-K88198340,-0.004776118377606586,5,5,5,5,1.0,0.26732673267326734,0.5393564356435644,4.6,Computational reversal candidate for further investigation.,1046
estropipate,-0.004774632430619277,1,1,1,1,1.0,0.18811881188118812,0.4595413577232163,3.0,Computational reversal candidate for further investigation.,1047
BRD-K55116708,-0.004765227058253636,3,4,3,4,0.75,0.297029702970297,0.5672460322281132,3.75,Computational reversal candidate for further investigation.,1048
s1364,-0.004761783501936073,1,2,1,2,0.5,0.22772277227722773,0.5027435874286517,5.0,Computational reversal candidate for further investigation.,1049
a-275,-0.004742989593173725,2,3,2,3,0.6666666666666666,0.31683168316831684,0.59006516036219,4.0,Computational reversal candidate for further investigation.,1050
gr-231,-0.004741559103824928,3,4,3,4,0.75,0.15841584158415842,0.4199368841993688,4.75,Computational reversal candidate for further investigation.,1051
duloxetine hydrochloride,-0.004730324475208964,1,1,1,1,1.0,0.2871287128712871,0.5571268613949552,4.0,Computational reversal candidate for further investigation.,1052
btb06091sc,-0.004688043980257285,2,3,2,3,0.6666666666666666,0.31683168316831684,0.59006516036219,5.0,Computational reversal candidate for further investigation.,1053
mls-0435534.0001,-0.004677123354439099,1,1,1,1,1.0,0.25742574257425743,0.5276864469137412,4.0,Computational reversal candidate for further investigation.,1054
BRD-K36038115,-0.004655848417052013,1,2,1,2,0.5,0.25742574257425743,0.5276864469137412,4.0,Computational reversal candidate for further investigation.,1055
danazol,-0.004643345075998305,3,3,5,5,1.0,0.2376237623762376,0.5091270188965799,4.8,Computational reversal candidate for further investigation.,1056
BRD-K27630941,-0.0046366495542568015,1,1,1,1,1.0,0.3465346534653465,0.6050472835745112,5.0,Computational reversal candidate for further investigation.,1057
mls-0091944.0001,-0.004600929791104875,1,1,1,1,1.0,0.13861386138613863,0.39585793441729494,3.0,Computational reversal candidate for further investigation.,1058
urapidil hydrochloride,-0.004593481934784422,1,1,1,1,1.0,0.33663366336633666,0.6007573730346009,3.0,Computational reversal candidate for further investigation.,1059
p0030,-0.004569227097591503,4,5,4,5,0.8,0.2079207920792079,0.4845555143749669,4.2,Computational reversal candidate for further investigation.,1060
oxaprozin,-0.004558659354730742,1,1,1,1,1.0,0.4158415841584158,0.6731937681138099,4.0,Computational reversal candidate for further investigation.,1061
BRD-K35638681,-0.0045525029894233114,1,1,1,1,1.0,0.32673267326732675,0.5942825501247955,3.0,Computational reversal candidate for further investigation.,1062
zk 93423,-0.004547181170546991,1,1,1,1,1.0,0.22772277227722773,0.5027435874286517,4.0,Computational reversal candidate for further investigation.,1063
"mdl 11,939",-0.0045471701675339335,1,1,1,1,1.0,0.1782178217821782,0.44585147378113243,3.0,Computational reversal candidate for further investigation.,1064
pit,-0.00454499799735059,1,1,1,1,1.0,0.27722772277227725,0.5471731955804277,4.0,Computational reversal candidate for further investigation.,1065
h5902,-0.004539927682236352,1,2,1,2,0.5,0.18811881188118812,0.4595413577232163,4.0,Computational reversal candidate for further investigation.,1066
BRD-K03857568,-0.004530126017566008,1,1,1,1,1.0,0.33663366336633666,0.6007573730346009,4.0,Computational reversal candidate for further investigation.,1067
BRD-U86222656,-0.004521232817172431,1,2,1,2,0.5,0.3564356435643564,0.6144566988344404,5.0,Computational reversal candidate for further investigation.,1068
BRD-K28610502,-0.004519945180225927,1,1,1,1,1.0,0.3069306930693069,0.5775492056977719,3.0,Computational reversal candidate for further investigation.,1069
ncgc00183237-01,-0.004516844989536776,1,1,1,1,1.0,0.26732673267326734,0.5393564356435644,3.0,Computational reversal candidate for further investigation.,1070
thioridazine hydrochloride,-0.004516820319968418,4,7,5,9,0.5714285714285714,0.1782178217821782,0.44585147378113243,4.777777777777778,Computational reversal candidate for further investigation.,1071
ossk 645668,-0.004515688698769546,1,1,1,1,1.0,0.22772277227722773,0.5027435874286517,4.0,Computational reversal candidate for further investigation.,1072
fenretinide,-0.004506962288675353,4,5,4,5,0.8,0.26732673267326734,0.5393564356435644,4.4,Computational reversal candidate for further investigation.,1073
np-002491,-0.004506211372994542,2,3,2,3,0.6666666666666666,0.24752475247524752,0.5196112096758809,4.0,Computational reversal candidate for further investigation.,1074
BRD-K82971429,-0.004504511542106401,1,1,1,1,1.0,0.19801980198019803,0.47053996566505074,4.0,Computational reversal candidate for further investigation.,1075
ezetimibe,-0.004498790954378341,1,2,1,2,0.5,0.1485148514851485,0.40808809758655556,4.0,Computational reversal candidate for further investigation.,1076
AS-605240,-0.004492560308481006,12,20,12,20,0.6,0.297029702970297,0.5672460322281132,4.75,Computational reversal candidate for further investigation.,1077
BRD-K70714754,-0.004492303659244948,1,2,1,2,0.5,0.297029702970297,0.5672460322281132,4.0,Computational reversal candidate for further investigation.,1078
ag14361,-0.004491542690752735,17,27,17,27,0.6296296296296297,0.12871287128712872,0.3826266664865668,4.592592592592593,Computational reversal candidate for further investigation.,1079
ncgc00183226-01,-0.004452451390960374,2,3,2,3,0.6666666666666666,0.21782178217821782,0.49235857195678073,4.0,Computational reversal candidate for further investigation.,1080
BRD-A95445494,-0.004451837399927454,1,1,1,1,1.0,0.3564356435643564,0.6144566988344404,4.0,Computational reversal candidate for further investigation.,1081
"haematoxylone, tetramethyl-",-0.0044337621209785665,1,1,1,1,1.0,0.32673267326732675,0.5942825501247955,3.0,Computational reversal candidate for further investigation.,1082
sb 216763,-0.004431002095067422,3,5,3,5,0.6,0.21782178217821782,0.49235857195678073,3.4,Computational reversal candidate for further investigation.,1083
XMD-1499,-0.004430873833854971,2,3,2,3,0.6666666666666666,0.3564356435643564,0.6144566988344404,3.3333333333333335,Computational reversal candidate for further investigation.,1084
pinacidil,-0.0044214761033007,1,1,1,1,1.0,0.32673267326732675,0.5942825501247955,3.0,Computational reversal candidate for further investigation.,1085
s1475,-0.0044207687380936915,1,2,1,2,0.5,0.21782178217821782,0.49235857195678073,4.0,Computational reversal candidate for further investigation.,1086
KIN001-220,-0.004394987732549487,2,3,2,3,0.6666666666666666,0.3069306930693069,0.5775492056977719,5.0,Computational reversal candidate for further investigation.,1087
akt inhibitor x,-0.004380572112872706,2,3,2,3,0.6666666666666666,0.3465346534653465,0.6050472835745112,5.0,Computational reversal candidate for further investigation.,1088
herniarin,-0.004292174028498413,2,2,2,2,1.0,0.37623762376237624,0.6345369831100758,4.0,Computational reversal candidate for further investigation.,1089
ciclopirox ethanolamine,-0.004276987556821996,1,2,1,2,0.5,0.2871287128712871,0.5571268613949552,4.5,Computational reversal candidate for further investigation.,1090
phorbol-12-myristate-13-acetate (pma),-0.0042698209611610975,17,25,17,25,0.68,0.25742574257425743,0.5276864469137412,5.24,Computational reversal candidate for further investigation.,1091
calcipotriol,-0.00425605757216236,1,2,1,2,0.5,0.21782178217821782,0.49235857195678073,3.0,Computational reversal candidate for further investigation.,1092
cay10594,-0.0042500734672953795,7,10,7,10,0.7,0.1782178217821782,0.44585147378113243,4.2,Computational reversal candidate for further investigation.,1093
resveratrol,-0.004245258855994294,2,3,2,3,0.6666666666666666,0.2376237623762376,0.5091270188965799,5.333333333333333,Computational reversal candidate for further investigation.,1094
pj 34 hydrochloride,-0.00424142904390298,1,2,1,2,0.5,0.36633663366336633,0.624606826879871,6.5,Computational reversal candidate for further investigation.,1095
siguazodan,-0.00423439936847202,1,2,1,2,0.5,0.32673267326732675,0.5942825501247955,5.0,Computational reversal candidate for further investigation.,1096
exemestane,-0.00422144640497702,2,3,3,4,0.6666666666666666,0.22772277227722773,0.5027435874286517,3.5,Computational reversal candidate for further investigation.,1097
rg-13022,-0.004219504566370724,1,1,1,1,1.0,0.1188118811881188,0.37358021516437356,3.0,Computational reversal candidate for further investigation.,1098
ei-215,-0.004215592310241489,4,7,4,7,0.5714285714285714,0.2376237623762376,0.5091270188965799,4.428571428571429,Computational reversal candidate for further investigation.,1099
dioxybenzone,-0.004201824766830396,1,1,1,1,1.0,0.2871287128712871,0.5571268613949552,4.0,Computational reversal candidate for further investigation.,1100
r2146,-0.004195547327159649,4,7,4,7,0.5714285714285714,0.32673267326732675,0.5942825501247955,4.428571428571429,Computational reversal candidate for further investigation.,1101
ncgc00181736-02,-0.004176433853002752,1,1,1,1,1.0,0.297029702970297,0.5672460322281132,7.0,Computational reversal candidate for further investigation.,1102
BRD-K82580504,-0.004160092924085927,1,1,1,1,1.0,0.36633663366336633,0.624606826879871,3.0,Computational reversal candidate for further investigation.,1103
BRD-K86472598,-0.004158418395380774,5,7,5,7,0.7142857142857143,0.22772277227722773,0.5027435874286517,5.285714285714286,Computational reversal candidate for further investigation.,1104
toltrazuril,-0.004132227257081356,1,1,1,1,1.0,0.27722772277227725,0.5471731955804277,3.0,Computational reversal candidate for further investigation.,1105
BRD-A54632525,-0.0041222142496098015,1,1,1,1,1.0,0.3465346534653465,0.6050472835745112,3.0,Computational reversal candidate for further investigation.,1106
AZD-5438,-0.004121022893728823,21,36,21,36,0.5833333333333334,0.1782178217821782,0.44585147378113243,5.388888888888889,Computational reversal candidate for further investigation.,1107
"l-690,330",-0.004115374217325217,2,4,2,4,0.5,0.21782178217821782,0.49235857195678073,4.0,Computational reversal candidate for further investigation.,1108
brimonidine,-0.0041131032756607155,1,1,1,1,1.0,0.24752475247524752,0.5196112096758809,3.0,Computational reversal candidate for further investigation.,1109
hoechst  33342 (cell permeable) (bisbenzimide),-0.00410593907594725,1,1,1,1,1.0,0.27722772277227725,0.5471731955804277,5.0,Computational reversal candidate for further investigation.,1110
danthron,-0.004105912764368157,1,1,1,1,1.0,0.2871287128712871,0.5571268613949552,3.0,Computational reversal candidate for further investigation.,1111
BI-2536,-0.0040898806074273816,39,68,42,74,0.5735294117647058,0.15841584158415842,0.4199368841993688,5.864864864864865,Computational reversal candidate for further investigation.,1112
b4313,-0.004067080477796913,4,7,4,7,0.5714285714285714,0.32673267326732675,0.5942825501247955,4.0,Computational reversal candidate for further investigation.,1113
np-001821,-0.004048276114381733,2,4,2,4,0.5,0.27722772277227725,0.5471731955804277,4.5,Computational reversal candidate for further investigation.,1114
amsacrine,-0.0040466099883463445,4,7,4,7,0.5714285714285714,0.24752475247524752,0.5196112096758809,5.142857142857143,Computational reversal candidate for further investigation.,1115
apoptosis activator 2,-0.004042722183604292,1,1,1,1,1.0,0.27722772277227725,0.5471731955804277,3.0,Computational reversal candidate for further investigation.,1116
cinobufagin,-0.004036709889214945,4,7,4,7,0.5714285714285714,0.32673267326732675,0.5942825501247955,4.857142857142857,Computational reversal candidate for further investigation.,1117
mw-a1-12,-0.004032052119223362,8,13,8,13,0.6153846153846154,0.26732673267326734,0.5393564356435644,4.846153846153846,Computational reversal candidate for further investigation.,1118
vu0410183-2,-0.004014911977078069,6,9,8,11,0.6666666666666666,0.3465346534653465,0.6050472835745112,4.0,Computational reversal candidate for further investigation.,1119
alclometazone dipropionate,-0.00400901268358039,2,3,2,3,0.6666666666666666,0.2871287128712871,0.5571268613949552,6.333333333333333,Computational reversal candidate for further investigation.,1120
BRD-K51556300,-0.003981258495766272,2,3,2,3,0.6666666666666666,0.33663366336633666,0.6007573730346009,3.6666666666666665,Computational reversal candidate for further investigation.,1121
BRD-K55127335,-0.003967850099024614,1,2,1,2,0.5,0.33663366336633666,0.6007573730346009,3.0,Computational reversal candidate for further investigation.,1122
BRD-K00944562,-0.003967055010890041,1,1,1,1,1.0,0.38613861386138615,0.6442542416569376,6.0,Computational reversal candidate for further investigation.,1123
evista,-0.003965681492956705,1,1,1,1,1.0,0.2871287128712871,0.5571268613949552,5.0,Computational reversal candidate for further investigation.,1124
v2264,-0.003948065111348375,1,2,1,2,0.5,0.32673267326732675,0.5942825501247955,5.0,Computational reversal candidate for further investigation.,1125
pdgf receptor tyrosine kinase inhibitor i,-0.003941718941026954,1,1,1,1,1.0,0.3465346534653465,0.6050472835745112,4.0,Computational reversal candidate for further investigation.,1126
lovastatin,-0.003938988477022964,1,2,1,2,0.5,0.32673267326732675,0.5942825501247955,3.0,Computational reversal candidate for further investigation.,1127
SB590885,-0.003936769790005398,10,13,10,13,0.7692307692307693,0.31683168316831684,0.59006516036219,4.0,Computational reversal candidate for further investigation.,1128
BRD-K88832793,-0.0039221012650267105,1,1,1,1,1.0,0.31683168316831684,0.59006516036219,4.0,Computational reversal candidate for further investigation.,1129
betamethasone acetate,-0.0038994356495991433,2,3,2,3,0.6666666666666666,0.25742574257425743,0.5276864469137412,6.333333333333333,Computational reversal candidate for further investigation.,1130
BRD-K00430421,-0.0038762179098408246,1,1,1,1,1.0,0.27722772277227725,0.5471731955804277,4.0,Computational reversal candidate for further investigation.,1131
BRD-K83336168,-0.0038735947902422078,4,5,4,5,0.8,0.24752475247524752,0.5196112096758809,3.8,Computational reversal candidate for further investigation.,1132
BRD-K34387287,-0.0038459320872494215,2,2,2,2,1.0,0.24752475247524752,0.5196112096758809,3.0,Computational reversal candidate for further investigation.,1133
BRD-K35133769,-0.0038401924624866446,1,1,1,1,1.0,0.31683168316831684,0.59006516036219,3.0,Computational reversal candidate for further investigation.,1134
"15-deoxy-?12,14-prostaglandin j2",-0.003834408269945371,7,12,7,12,0.5833333333333334,0.26732673267326734,0.5393564356435644,5.333333333333333,Computational reversal candidate for further investigation.,1135
piceatannol,-0.0038338254053599608,1,1,1,1,1.0,0.39603960396039606,0.6532704746629092,3.0,Computational reversal candidate for further investigation.,1136
phenolphthalein,-0.003773599689804304,1,2,1,2,0.5,0.36633663366336633,0.624606826879871,3.0,Computational reversal candidate for further investigation.,1137
BRD-K96076993,-0.003763084126180843,4,6,4,6,0.6666666666666666,0.3069306930693069,0.5775492056977719,5.333333333333333,Computational reversal candidate for further investigation.,1138
BRD-K82837433,-0.0037563069902912913,1,2,1,2,0.5,0.3564356435643564,0.6144566988344404,3.5,Computational reversal candidate for further investigation.,1139
BRD-K45818044,-0.0037434323042174608,1,1,1,1,1.0,0.24752475247524752,0.5196112096758809,3.0,Computational reversal candidate for further investigation.,1140
genistin,-0.003740724812446485,1,1,1,1,1.0,0.31683168316831684,0.59006516036219,3.0,Computational reversal candidate for further investigation.,1141
v4877,-0.003736483944744835,5,9,5,9,0.5555555555555556,0.3465346534653465,0.6050472835745112,5.111111111111111,Computational reversal candidate for further investigation.,1142
v-ama37,-0.0037318373301879725,1,1,1,1,1.0,0.44554455445544555,0.7024902924445846,4.0,Computational reversal candidate for further investigation.,1143
tubocurarine chloride pentahydrate (+),-0.003731460020359097,1,1,1,1,1.0,0.43564356435643564,0.6934019917696663,5.0,Computational reversal candidate for further investigation.,1144
protriptyline hydrochloride,-0.0037214703914631507,1,2,1,2,0.5,0.2376237623762376,0.5091270188965799,3.0,Computational reversal candidate for further investigation.,1145
BRD-K11795542,-0.0037174924290679094,2,3,2,3,0.6666666666666666,0.27722772277227725,0.5471731955804277,6.333333333333333,Computational reversal candidate for further investigation.,1146
vu0418934-2,-0.003712599487143869,4,7,4,7,0.5714285714285714,0.3465346534653465,0.6050472835745112,4.285714285714286,Computational reversal candidate for further investigation.,1147
mek1/2 inhibitor,-0.0037058146802357392,1,2,1,2,0.5,0.297029702970297,0.5672460322281132,4.0,Computational reversal candidate for further investigation.,1148
chloramphenicol,-0.0036883302777080754,1,1,1,1,1.0,0.3564356435643564,0.6144566988344404,5.0,Computational reversal candidate for further investigation.,1149
nizatidine,-0.0036544184545227987,1,2,1,2,0.5,0.38613861386138615,0.6442542416569376,3.5,Computational reversal candidate for further investigation.,1150
BRD-K35424586,-0.0036287589251082523,2,3,2,3,0.6666666666666666,0.37623762376237624,0.6345369831100758,3.3333333333333335,Computational reversal candidate for further investigation.,1151
BRD-K97534490,-0.003627853885556324,2,3,2,3,0.6666666666666666,0.21782178217821782,0.49235857195678073,4.333333333333333,Computational reversal candidate for further investigation.,1152
BRD-K63979920,-0.0036221745411234695,1,1,1,1,1.0,0.40594059405940597,0.665071093575523,3.0,Computational reversal candidate for further investigation.,1153
nadolol,-0.0036198224282094696,1,2,1,2,0.5,0.22772277227722773,0.5027435874286517,5.0,Computational reversal candidate for further investigation.,1154
strophanthidin,-0.0036134415514444546,6,8,6,8,0.75,0.3069306930693069,0.5775492056977719,5.875,Computational reversal candidate for further investigation.,1155
dup 697,-0.0036123924075467193,1,1,1,1,1.0,0.4752475247524752,0.7318476017213028,7.0,Computational reversal candidate for further investigation.,1156
metergoline,-0.0035671673580238293,2,2,2,2,1.0,0.2871287128712871,0.5571268613949552,4.5,Computational reversal candidate for further investigation.,1157
BRD-K09854848,-0.003565433648527016,5,8,5,8,0.625,0.3465346534653465,0.6050472835745112,4.25,Computational reversal candidate for further investigation.,1158
BRD-K88542532,-0.003563716539744935,1,1,1,1,1.0,0.3564356435643564,0.6144566988344404,4.0,Computational reversal candidate for further investigation.,1159
ym-155,-0.00355291875722534,9,15,9,15,0.6,0.2376237623762376,0.5091270188965799,4.8,Computational reversal candidate for further investigation.,1160
tropisetron hcl,-0.003551460936138006,1,2,1,2,0.5,0.31683168316831684,0.59006516036219,4.0,Computational reversal candidate for further investigation.,1161
ag 592,-0.003539357292403156,5,8,5,8,0.625,0.27722772277227725,0.5471731955804277,4.625,Computational reversal candidate for further investigation.,1162
bapta-am,-0.0035326110708000062,3,3,3,3,1.0,0.22772277227722773,0.5027435874286517,4.0,Computational reversal candidate for further investigation.,1163
BRD-K76698671,-0.0035177403807691455,1,2,1,2,0.5,0.33663366336633666,0.6007573730346009,3.0,Computational reversal candidate for further investigation.,1164
geldanamycin,-0.003505188060327585,47,82,107,158,0.573170731707317,0.18811881188118812,0.4595413577232163,4.708860759493671,Computational reversal candidate for further investigation.,1165
pepstatin a,-0.003500603991558272,1,1,1,1,1.0,0.31683168316831684,0.59006516036219,4.0,Computational reversal candidate for further investigation.,1166
promazine hydrochloride,-0.0034863447693490564,2,4,2,4,0.5,0.26732673267326734,0.5393564356435644,4.5,Computational reversal candidate for further investigation.,1167
triptolide,-0.0034787283193258925,4,6,4,6,0.6666666666666666,0.19801980198019803,0.47053996566505074,4.666666666666667,Computational reversal candidate for further investigation.,1168
brefeldin a,-0.003395292217697089,5,8,5,8,0.625,0.2871287128712871,0.5571268613949552,4.875,Computational reversal candidate for further investigation.,1169
dapt,-0.0033645569786541554,1,1,1,1,1.0,0.33663366336633666,0.6007573730346009,5.0,Computational reversal candidate for further investigation.,1170
st019365,-0.0033627179640822458,1,2,1,2,0.5,0.32673267326732675,0.5942825501247955,3.0,Computational reversal candidate for further investigation.,1171
hy-11001,-0.003355271437562428,6,8,6,8,0.75,0.15841584158415842,0.4199368841993688,5.5,Computational reversal candidate for further investigation.,1172
rocilinostat,-0.003347462038807471,4,7,4,7,0.5714285714285714,0.26732673267326734,0.5393564356435644,4.857142857142857,Computational reversal candidate for further investigation.,1173
vindesine,-0.003337656693418783,1,1,1,1,1.0,0.4158415841584158,0.6731937681138099,3.0,Computational reversal candidate for further investigation.,1174
"hydrastine (1r, 9s)",-0.0033252259435004707,1,1,1,1,1.0,0.38613861386138615,0.6442542416569376,3.0,Computational reversal candidate for further investigation.,1175
bromhexine hydrochloride,-0.0033149198124064264,1,1,1,1,1.0,0.3465346534653465,0.6050472835745112,3.0,Computational reversal candidate for further investigation.,1176
gr 79236,-0.0033149198124064264,1,1,1,1,1.0,0.297029702970297,0.5672460322281132,3.0,Computational reversal candidate for further investigation.,1177
BRD-K78524708,-0.003301914344319882,1,1,1,1,1.0,0.44554455445544555,0.7024902924445846,3.0,Computational reversal candidate for further investigation.,1178
ncgc00167398-02,-0.00329080060299714,5,9,5,9,0.5555555555555556,0.4158415841584158,0.6731937681138099,3.888888888888889,Computational reversal candidate for further investigation.,1179
cgk 733,-0.003284055836921011,5,9,5,9,0.5555555555555556,0.297029702970297,0.5672460322281132,4.333333333333333,Computational reversal candidate for further investigation.,1180
etoposide,-0.003267385440835247,3,5,3,5,0.6,0.37623762376237624,0.6345369831100758,3.6,Computational reversal candidate for further investigation.,1181
BRD-K96405393,-0.0032473072028953763,1,1,1,1,1.0,0.2871287128712871,0.5571268613949552,4.0,Computational reversal candidate for further investigation.,1182
BRD-K86899078,-0.0032449142438250866,1,1,1,1,1.0,0.44554455445544555,0.7024902924445846,4.0,Computational reversal candidate for further investigation.,1183
BRD-K35389996,-0.003204549956820302,1,1,1,1,1.0,0.3564356435643564,0.6144566988344404,3.0,Computational reversal candidate for further investigation.,1184
ei-263,-0.003203886415408119,2,4,2,4,0.5,0.3069306930693069,0.5775492056977719,3.75,Computational reversal candidate for further investigation.,1185
quizartinib,-0.0031926433462107547,2,3,2,3,0.6666666666666666,0.32673267326732675,0.5942825501247955,5.0,Computational reversal candidate for further investigation.,1186
uk 356618,-0.0031926343525184447,2,3,2,3,0.6666666666666666,0.39603960396039606,0.6532704746629092,5.0,Computational reversal candidate for further investigation.,1187
mometasone furoate,-0.003169853488985926,2,2,2,2,1.0,0.2871287128712871,0.5571268613949552,3.5,Computational reversal candidate for further investigation.,1188
BRD-K31754360,-0.003168523838099506,1,1,1,1,1.0,0.3465346534653465,0.6050472835745112,6.0,Computational reversal candidate for further investigation.,1189
tivozanib,-0.0031658429927757217,4,4,4,4,1.0,0.27722772277227725,0.5471731955804277,3.5,Computational reversal candidate for further investigation.,1190
BRD-K56653679,-0.0031582099858607398,8,12,8,12,0.6666666666666666,0.24752475247524752,0.5196112096758809,4.5,Computational reversal candidate for further investigation.,1191
sch 442416,-0.003153973807373425,1,1,1,1,1.0,0.4752475247524752,0.7318476017213028,4.0,Computational reversal candidate for further investigation.,1192
BRD-K04923131,-0.0031324951736530823,5,6,5,6,0.8333333333333334,0.15841584158415842,0.4199368841993688,3.6666666666666665,Computational reversal candidate for further investigation.,1193
BRD-K05114711,-0.003130796591562545,1,1,1,1,1.0,0.26732673267326734,0.5393564356435644,4.0,Computational reversal candidate for further investigation.,1194
ncgc00183401-01,-0.003127644885000275,2,2,2,2,1.0,0.27722772277227725,0.5471731955804277,3.5,Computational reversal candidate for further investigation.,1195
BRD-K64985742,-0.00311713982115554,1,1,1,1,1.0,0.15841584158415842,0.4199368841993688,3.0,Computational reversal candidate for further investigation.,1196
BRD-A12633378,-0.003109024434439924,1,1,1,1,1.0,0.27722772277227725,0.5471731955804277,4.0,Computational reversal candidate for further investigation.,1197
biperiden hydrochloride,-0.0031043188557087383,2,4,2,4,0.5,0.297029702970297,0.5672460322281132,3.75,Computational reversal candidate for further investigation.,1198
nsc 632839 hydrochloride,-0.003097649305933944,8,14,8,14,0.5714285714285714,0.3069306930693069,0.5775492056977719,4.642857142857143,Computational reversal candidate for further investigation.,1199
BRD-K03122949,-0.003078896694696463,1,1,1,1,1.0,0.26732673267326734,0.5393564356435644,3.0,Computational reversal candidate for further investigation.,1200
tripelennamine citrate,-0.0030751545885854123,1,1,1,1,1.0,0.4752475247524752,0.7318476017213028,6.0,Computational reversal candidate for further investigation.,1201
ZM-447439,-0.0030741223132776316,2,3,2,3,0.6666666666666666,0.38613861386138615,0.6442542416569376,3.3333333333333335,Computational reversal candidate for further investigation.,1202
(e)-capsaicin,-0.0030516428291180297,2,3,2,3,0.6666666666666666,0.31683168316831684,0.59006516036219,3.6666666666666665,Computational reversal candidate for further investigation.,1203
XMD16-144,-0.003050551925178321,16,30,16,30,0.5333333333333333,0.19801980198019803,0.47053996566505074,5.233333333333333,Computational reversal candidate for further investigation.,1204
delta1-hydrocortisone 21-hemisuccinate,-0.0030430067421843053,1,1,1,1,1.0,0.42574257425742573,0.683131862523513,7.0,Computational reversal candidate for further investigation.,1205
manumycin a,-0.0030326345902553257,19,31,22,37,0.6129032258064516,0.27722772277227725,0.5471731955804277,4.216216216216216,Computational reversal candidate for further investigation.,1206
spb02303,-0.0030283763237833926,4,5,4,5,0.8,0.36633663366336633,0.624606826879871,4.0,Computational reversal candidate for further investigation.,1207
ki 8751,-0.003020706152492495,2,3,2,3,0.6666666666666666,0.43564356435643564,0.6934019917696663,3.6666666666666665,Computational reversal candidate for further investigation.,1208
levonorgestrel,-0.002975301781021067,1,1,1,1,1.0,0.37623762376237624,0.6345369831100758,5.0,Computational reversal candidate for further investigation.,1209
TG-101348,-0.0029516945355250817,10,18,10,18,0.5555555555555556,0.21782178217821782,0.49235857195678073,5.777777777777778,Computational reversal candidate for further investigation.,1210
pi 828,-0.0029516369699171888,4,7,4,7,0.5714285714285714,0.3069306930693069,0.5775492056977719,5.571428571428571,Computational reversal candidate for further investigation.,1211
BRD-K50234570,-0.0029507905513904975,4,7,6,10,0.5714285714285714,0.3069306930693069,0.5775492056977719,5.4,Computational reversal candidate for further investigation.,1212
fexaramine,-0.002943473681162604,1,1,1,1,1.0,0.3465346534653465,0.6050472835745112,6.0,Computational reversal candidate for further investigation.,1213
BRD-K66792149,-0.002931071242425951,6,10,6,10,0.6,0.24752475247524752,0.5196112096758809,3.6,Computational reversal candidate for further investigation.,1214
BRD-K92158425,-0.0029168660981134225,4,5,4,5,0.8,0.32673267326732675,0.5942825501247955,5.4,Computational reversal candidate for further investigation.,1215
forskolin,-0.002912479781434908,5,9,5,9,0.5555555555555556,0.2376237623762376,0.5091270188965799,3.3333333333333335,Computational reversal candidate for further investigation.,1216
isoflupredone acetate,-0.00290276444893543,2,2,2,2,1.0,0.39603960396039606,0.6532704746629092,6.0,Computational reversal candidate for further investigation.,1217
BRD-K05197617,-0.002859225577056403,1,1,1,1,1.0,0.32673267326732675,0.5942825501247955,3.0,Computational reversal candidate for further investigation.,1218
gw 843682x,-0.0028591591601867883,3,6,3,6,0.5,0.2376237623762376,0.5091270188965799,4.0,Computational reversal candidate for further investigation.,1219
BRD-K88569143,-0.002845520450753445,1,2,1,2,0.5,0.40594059405940597,0.665071093575523,3.5,Computational reversal candidate for further investigation.,1220
hy-11066,-0.0028269044768814682,3,5,3,5,0.6,0.27722772277227725,0.5471731955804277,3.6,Computational reversal candidate for further investigation.,1221
vu0418939-2,-0.002822700547872435,3,6,3,6,0.5,0.3465346534653465,0.6050472835745112,4.5,Computational reversal candidate for further investigation.,1222
dihydro-beta-tubaic acid,-0.002806467555684848,1,1,1,1,1.0,0.38613861386138615,0.6442542416569376,6.0,Computational reversal candidate for further investigation.,1223
ro 90-7501,-0.002803794050576798,1,2,1,2,0.5,0.21782178217821782,0.49235857195678073,3.0,Computational reversal candidate for further investigation.,1224
amiodarone hydrochloride,-0.0027951414475508637,3,5,3,5,0.6,0.32673267326732675,0.5942825501247955,3.6,Computational reversal candidate for further investigation.,1225
BRD-A30395175,-0.0027927210553472448,1,1,1,1,1.0,0.3564356435643564,0.6144566988344404,3.0,Computational reversal candidate for further investigation.,1226
bay 11-7821,-0.002789206238575569,6,10,6,10,0.6,0.3069306930693069,0.5775492056977719,5.0,Computational reversal candidate for further investigation.,1227
gw 4064,-0.0027673907166167917,1,1,1,1,1.0,0.43564356435643564,0.6934019917696663,4.0,Computational reversal candidate for further investigation.,1228
BRD-K13810148,-0.0027667421448996487,2,3,2,3,0.6666666666666666,0.42574257425742573,0.683131862523513,6.0,Computational reversal candidate for further investigation.,1229
ikk 16,-0.002763300088007351,5,8,5,8,0.625,0.31683168316831684,0.59006516036219,4.5,Computational reversal candidate for further investigation.,1230
cucurbitacin i,-0.002762771681748192,3,6,3,6,0.5,0.2871287128712871,0.5571268613949552,5.0,Computational reversal candidate for further investigation.,1231
rs 67333 hydrochloride,-0.002728068777103518,1,1,1,1,1.0,0.45544554455445546,0.7114092054366727,4.0,Computational reversal candidate for further investigation.,1232
s6005,-0.0027226000227887123,1,1,1,1,1.0,0.5148514851485149,0.7774507180447774,3.0,Computational reversal candidate for further investigation.,1233
k784-3187,-0.002716709937006521,9,13,13,18,0.6923076923076923,0.2871287128712871,0.5571268613949552,4.666666666666667,Computational reversal candidate for further investigation.,1234
SYK-inhibitor,-0.0027127774608954863,3,5,3,5,0.6,0.297029702970297,0.5672460322281132,4.2,Computational reversal candidate for further investigation.,1235
anisomycin,-0.0027116059070484057,8,12,8,12,0.6666666666666666,0.42574257425742573,0.683131862523513,4.833333333333333,Computational reversal candidate for further investigation.,1236
BRD-K37798499,-0.002696848771910349,3,3,3,3,1.0,0.4158415841584158,0.6731937681138099,3.6666666666666665,Computational reversal candidate for further investigation.,1237
AS-601245,-0.0026918749245381703,13,21,13,21,0.6190476190476191,0.25742574257425743,0.5276864469137412,5.857142857142857,Computational reversal candidate for further investigation.,1238
s1367,-0.0026824097992231843,2,4,2,4,0.5,0.32673267326732675,0.5942825501247955,4.75,Computational reversal candidate for further investigation.,1239
emd 386088 hydrochloride,-0.0026736901389550916,1,1,1,1,1.0,0.45544554455445546,0.7114092054366727,4.0,Computational reversal candidate for further investigation.,1240
BRD-K00313977,-0.002671205554256915,2,4,2,4,0.5,0.25742574257425743,0.5276864469137412,4.5,Computational reversal candidate for further investigation.,1241
papaverine hydrochloride,-0.0026184861519096122,1,2,1,2,0.5,0.3465346534653465,0.6050472835745112,3.5,Computational reversal candidate for further investigation.,1242
peitc,-0.002615672091994015,2,4,2,4,0.5,0.32673267326732675,0.5942825501247955,4.25,Computational reversal candidate for further investigation.,1243
BRD-K81795824,-0.0026072663338669103,4,7,4,7,0.5714285714285714,0.42574257425742573,0.683131862523513,4.571428571428571,Computational reversal candidate for further investigation.,1244
skf 96365 hydrochloride,-0.0025935156242966563,2,3,2,3,0.6666666666666666,0.33663366336633666,0.6007573730346009,5.666666666666667,Computational reversal candidate for further investigation.,1245
syk inhibitor,-0.0025841021394485885,2,3,2,3,0.6666666666666666,0.22772277227722773,0.5027435874286517,3.6666666666666665,Computational reversal candidate for further investigation.,1246
st056792,-0.002575039866179118,4,6,4,6,0.6666666666666666,0.3465346534653465,0.6050472835745112,3.8333333333333335,Computational reversal candidate for further investigation.,1247
BRD-K03176945,-0.002558752764306148,1,2,1,2,0.5,0.37623762376237624,0.6345369831100758,3.5,Computational reversal candidate for further investigation.,1248
diflorasone diacetate,-0.00255557465545152,2,3,2,3,0.6666666666666666,0.3465346534653465,0.6050472835745112,6.333333333333333,Computational reversal candidate for further investigation.,1249
suloctidil,-0.0025448662018088,3,6,3,6,0.5,0.3465346534653465,0.6050472835745112,4.0,Computational reversal candidate for further investigation.,1250
BRD-K60870698,-0.002540368069967835,5,10,5,10,0.5,0.45544554455445546,0.7114092054366727,5.3,Computational reversal candidate for further investigation.,1251
zd 7155 hydrochloride,-0.002538799635316137,1,1,1,1,1.0,0.3564356435643564,0.6144566988344404,5.0,Computational reversal candidate for further investigation.,1252
BRD-K78930611,-0.002535152091489811,2,2,2,2,1.0,0.33663366336633666,0.6007573730346009,3.0,Computational reversal candidate for further investigation.,1253
BRD-K77987635,-0.002534517468723808,1,1,1,1,1.0,0.39603960396039606,0.6532704746629092,4.0,Computational reversal candidate for further investigation.,1254
radicicol,-0.0025281729037333104,23,44,33,65,0.5227272727272727,0.3465346534653465,0.6050472835745112,5.7384615384615385,Computational reversal candidate for further investigation.,1255
nu7026,-0.0025015892890974875,1,1,1,1,1.0,0.26732673267326734,0.5393564356435644,4.0,Computational reversal candidate for further investigation.,1256
BRD-K84450674,-0.0024856479183048173,2,3,2,3,0.6666666666666666,0.42574257425742573,0.683131862523513,3.3333333333333335,Computational reversal candidate for further investigation.,1257
BRD-K78373679,-0.002475268934820309,2,3,2,3,0.6666666666666666,0.33663366336633666,0.6007573730346009,3.3333333333333335,Computational reversal candidate for further investigation.,1258
temsirolimus [ci779],-0.0024473519435071547,5,8,5,8,0.625,0.3465346534653465,0.6050472835745112,4.5,Computational reversal candidate for further investigation.,1259
clobetasol propionate,-0.002446649504165455,4,6,5,8,0.6666666666666666,0.24752475247524752,0.5196112096758809,5.625,Computational reversal candidate for further investigation.,1260
fluvoxamine maleate,-0.00244185616409817,1,1,1,1,1.0,0.39603960396039606,0.6532704746629092,4.0,Computational reversal candidate for further investigation.,1261
teniposide,-0.002436283413748223,11,19,11,19,0.5789473684210527,0.32673267326732675,0.5942825501247955,3.8947368421052633,Computational reversal candidate for further investigation.,1262
trimeprazine tartrate,-0.0024333266284471255,1,2,1,2,0.5,0.33663366336633666,0.6007573730346009,6.0,Computational reversal candidate for further investigation.,1263
mdl 29951,-0.0024178917030399727,1,1,1,1,1.0,0.25742574257425743,0.5276864469137412,4.0,Computational reversal candidate for further investigation.,1264
purvalanol a,-0.0023959565381906117,5,10,5,10,0.5,0.33663366336633666,0.6007573730346009,4.2,Computational reversal candidate for further investigation.,1265
curcubitacin i,-0.002372514136637845,15,28,15,28,0.5357142857142857,0.27722772277227725,0.5471731955804277,4.571428571428571,Computational reversal candidate for further investigation.,1266
gp 2a,-0.0023705689720467755,1,1,1,1,1.0,0.45544554455445546,0.7114092054366727,4.0,Computational reversal candidate for further investigation.,1267
A66,-0.0023613573007311857,2,2,2,2,1.0,0.33663366336633666,0.6007573730346009,4.5,Computational reversal candidate for further investigation.,1268
cosmosiin,-0.0023512791440412264,2,2,2,2,1.0,0.33663366336633666,0.6007573730346009,4.0,Computational reversal candidate for further investigation.,1269
cgp 57380,-0.0023420236998988276,1,2,1,2,0.5,0.32673267326732675,0.5942825501247955,3.5,Computational reversal candidate for further investigation.,1270
ru 24969,-0.002336647312193754,1,1,1,1,1.0,0.42574257425742573,0.683131862523513,3.0,Computational reversal candidate for further investigation.,1271
st4066738,-0.002311440230912329,1,1,1,1,1.0,0.45544554455445546,0.7114092054366727,4.0,Computational reversal candidate for further investigation.,1272
BRD-K67470788,-0.0022685319743573303,1,2,1,2,0.5,0.38613861386138615,0.6442542416569376,4.5,Computational reversal candidate for further investigation.,1273
cyt997,-0.002265422093946393,6,10,6,10,0.6,0.25742574257425743,0.5276864469137412,4.0,Computational reversal candidate for further investigation.,1274
Y-39983,-0.002259379178366742,3,3,3,3,1.0,0.31683168316831684,0.59006516036219,3.6666666666666665,Computational reversal candidate for further investigation.,1275
mls-0327420.0002,-0.0022183381402737425,1,1,1,1,1.0,0.42574257425742573,0.683131862523513,5.0,Computational reversal candidate for further investigation.,1276
vinblastine sulfate,-0.0022126124349514755,5,6,5,6,0.8333333333333334,0.4158415841584158,0.6731937681138099,4.0,Computational reversal candidate for further investigation.,1277
fenoldopam hydrochloride,-0.0022094323561138475,1,1,1,1,1.0,0.3465346534653465,0.6050472835745112,3.0,Computational reversal candidate for further investigation.,1278
valdecoxib,-0.0021996337934866244,4,8,4,8,0.5,0.3069306930693069,0.5775492056977719,3.75,Computational reversal candidate for further investigation.,1279
BRD-A25337146,-0.0021780415846287026,3,5,3,5,0.6,0.297029702970297,0.5672460322281132,4.6,Computational reversal candidate for further investigation.,1280
ethacrynic acid,-0.0021692894425394474,1,1,1,1,1.0,0.40594059405940597,0.665071093575523,3.0,Computational reversal candidate for further investigation.,1281
1483-0018,-0.002161681260651653,2,4,2,4,0.5,0.37623762376237624,0.6345369831100758,3.5,Computational reversal candidate for further investigation.,1282
BRD-K77480336,-0.002155891645105475,1,1,1,1,1.0,0.38613861386138615,0.6442542416569376,3.0,Computational reversal candidate for further investigation.,1283
s1064,-0.002152497698642067,1,1,1,1,1.0,0.3564356435643564,0.6144566988344404,3.0,Computational reversal candidate for further investigation.,1284
BRD-K56515112 (medrysone),-0.0021474695812417027,1,2,1,2,0.5,0.3465346534653465,0.6050472835745112,3.5,Computational reversal candidate for further investigation.,1285
BRD-U86922168,-0.00214481169173653,6,10,6,10,0.6,0.44554455445544555,0.7024902924445846,3.9,Computational reversal candidate for further investigation.,1286
norethynodrel,-0.0021399710563606445,1,1,1,1,1.0,0.37623762376237624,0.6345369831100758,3.0,Computational reversal candidate for further investigation.,1287
s1140,-0.0021396368660638876,1,1,1,1,1.0,0.45544554455445546,0.7114092054366727,3.0,Computational reversal candidate for further investigation.,1288
bjm-ctd2-9,-0.002100071332693307,12,23,12,23,0.5217391304347826,0.3564356435643564,0.6144566988344404,5.086956521739131,Computational reversal candidate for further investigation.,1289
salermide,-0.0020869795621846305,9,17,9,17,0.5294117647058824,0.3465346534653465,0.6050472835745112,4.470588235294118,Computational reversal candidate for further investigation.,1290
bl-077,-0.002062856822050578,2,2,2,2,1.0,0.33663366336633666,0.6007573730346009,3.0,Computational reversal candidate for further investigation.,1291
sarmentogenin,-0.0020472749155140127,4,5,4,5,0.8,0.45544554455445546,0.7114092054366727,6.4,Computational reversal candidate for further investigation.,1292
ag 494,-0.0020218861881577356,4,4,4,4,1.0,0.19801980198019803,0.47053996566505074,3.75,Computational reversal candidate for further investigation.,1293
s1527,-0.001987149755769962,1,2,1,2,0.5,0.39603960396039606,0.6532704746629092,4.0,Computational reversal candidate for further investigation.,1294
bibx 1382 dihydrochloride,-0.001965923689635089,3,3,3,3,1.0,0.33663366336633666,0.6007573730346009,3.6666666666666665,Computational reversal candidate for further investigation.,1295
gr-108,-0.001939107815804775,1,1,1,1,1.0,0.27722772277227725,0.5471731955804277,4.0,Computational reversal candidate for further investigation.,1296
piplartine,-0.0019238830314578905,19,33,22,36,0.5757575757575758,0.39603960396039606,0.6532704746629092,5.694444444444445,Computational reversal candidate for further investigation.,1297
BRD-K72238567,-0.0019197113124845605,8,10,8,10,0.8,0.33663366336633666,0.6007573730346009,5.6,Computational reversal candidate for further investigation.,1298
I-BET,-0.001919259781559047,11,17,11,17,0.6470588235294118,0.33663366336633666,0.6007573730346009,5.176470588235294,Computational reversal candidate for further investigation.,1299
"2,4-dideoxy-dc-45-a2",-0.0019155153935828146,2,4,2,4,0.5,0.39603960396039606,0.6532704746629092,3.25,Computational reversal candidate for further investigation.,1300
ncgc00182393-01,-0.0019093483881329125,3,6,3,6,0.5,0.44554455445544555,0.7024902924445846,4.0,Computational reversal candidate for further investigation.,1301
wortmannin,-0.0019070046627741913,17,28,57,90,0.6071428571428571,0.26732673267326734,0.5393564356435644,4.7,Computational reversal candidate for further investigation.,1302
BRD-A11087911,-0.001886603634565921,2,2,2,2,1.0,0.32673267326732675,0.5942825501247955,3.5,Computational reversal candidate for further investigation.,1303
sb 415286,-0.0018832739321715452,1,1,1,1,1.0,0.36633663366336633,0.624606826879871,4.0,Computational reversal candidate for further investigation.,1304
catechin pentabenzoate,-0.0018766493678613353,1,1,1,1,1.0,0.32673267326732675,0.5942825501247955,3.0,Computational reversal candidate for further investigation.,1305
pq 401,-0.0018602227201631547,1,2,1,2,0.5,0.4158415841584158,0.6731937681138099,3.0,Computational reversal candidate for further investigation.,1306
ncgc00188530-01,-0.001833684791890314,1,2,1,2,0.5,0.5445544554455446,0.8082998354331346,3.5,Computational reversal candidate for further investigation.,1307
salsolinol hydrobromide,-0.0018079262887714023,1,1,1,1,1.0,0.37623762376237624,0.6345369831100758,4.0,Computational reversal candidate for further investigation.,1308
BRD-K34508425,-0.0017973390181756218,1,1,1,1,1.0,0.40594059405940597,0.665071093575523,3.0,Computational reversal candidate for further investigation.,1309
t5715534,-0.0017958466085646065,1,1,1,1,1.0,0.3465346534653465,0.6050472835745112,3.0,Computational reversal candidate for further investigation.,1310
BRD-K80334323 (norethynodrel),-0.0017787874180864765,1,2,1,2,0.5,0.4752475247524752,0.7318476017213028,5.5,Computational reversal candidate for further investigation.,1311
cccp,-0.0017701853825889072,3,5,3,5,0.6,0.38613861386138615,0.6442542416569376,4.2,Computational reversal candidate for further investigation.,1312
mefexamide hydrochloride,-0.0017680011827689692,1,1,1,1,1.0,0.37623762376237624,0.6345369831100758,3.0,Computational reversal candidate for further investigation.,1313
"l-701,324",-0.0017655227277471337,1,1,1,1,1.0,0.3564356435643564,0.6144566988344404,6.0,Computational reversal candidate for further investigation.,1314
s1019,-0.001761601160333099,1,2,1,2,0.5,0.4158415841584158,0.6731937681138099,4.0,Computational reversal candidate for further investigation.,1315
BRD-K08316444,-0.001756709723368069,3,5,3,5,0.6,0.27722772277227725,0.5471731955804277,4.2,Computational reversal candidate for further investigation.,1316
BRD-K51791390,-0.0017560042229333049,1,1,1,1,1.0,0.10891089108910891,0.3579439391902991,4.0,Computational reversal candidate for further investigation.,1317
brazilin,-0.001751559010548705,4,6,5,7,0.6666666666666666,0.3564356435643564,0.6144566988344404,4.0,Computational reversal candidate for further investigation.,1318
rg 108,-0.0017405010696094868,2,2,2,2,1.0,0.5148514851485149,0.7774507180447774,5.0,Computational reversal candidate for further investigation.,1319
ncgc00182364-01,-0.0017391527467975165,1,2,1,2,0.5,0.36633663366336633,0.624606826879871,3.5,Computational reversal candidate for further investigation.,1320
mw-ras12,-0.0017238645546778487,12,20,13,23,0.6,0.40594059405940597,0.665071093575523,5.478260869565218,Computational reversal candidate for further investigation.,1321
ncgc00167098-01,-0.0017210469393678764,1,2,1,2,0.5,0.43564356435643564,0.6934019917696663,3.5,Computational reversal candidate for further investigation.,1322
calpeptin,-0.001717601046593846,2,3,2,3,0.6666666666666666,0.32673267326732675,0.5942825501247955,3.6666666666666665,Computational reversal candidate for further investigation.,1323
kemadrin,-0.0017079611477800304,1,1,1,1,1.0,0.32673267326732675,0.5942825501247955,3.0,Computational reversal candidate for further investigation.,1324
mibefradil dihydrochloride,-0.0016897180920503701,2,4,2,4,0.5,0.32673267326732675,0.5942825501247955,4.25,Computational reversal candidate for further investigation.,1325
blebbistatin,-0.00163300207557109,1,1,1,1,1.0,0.44554455445544555,0.7024902924445846,4.0,Computational reversal candidate for further investigation.,1326
BRD-K34966483,-0.0016254009088247697,1,1,1,1,1.0,0.4752475247524752,0.7318476017213028,3.0,Computational reversal candidate for further investigation.,1327
jak3 inhibitor vi,-0.001621464530922323,6,9,6,9,0.6666666666666666,0.4158415841584158,0.6731937681138099,4.444444444444445,Computational reversal candidate for further investigation.,1328
metoclopramide monohydrochloride,-0.0015998806203055636,1,1,1,1,1.0,0.4158415841584158,0.6731937681138099,3.0,Computational reversal candidate for further investigation.,1329
BRD-K32501161,-0.0015971034982268273,3,3,3,3,1.0,0.24752475247524752,0.5196112096758809,4.0,Computational reversal candidate for further investigation.,1330
s1040,-0.001539156825457598,3,5,3,5,0.6,0.3465346534653465,0.6050472835745112,4.2,Computational reversal candidate for further investigation.,1331
BRD-K83151319,-0.001517577529546261,1,1,1,1,1.0,0.38613861386138615,0.6442542416569376,4.0,Computational reversal candidate for further investigation.,1332
CG-930,-0.0015029923949420685,1,1,1,1,1.0,0.33663366336633666,0.6007573730346009,5.0,Computational reversal candidate for further investigation.,1333
BRD-A72837804,-0.0015007713964620166,1,1,1,1,1.0,0.43564356435643564,0.6934019917696663,9.0,Computational reversal candidate for further investigation.,1334
doxylamine succinate,-0.0014991497554198274,1,1,1,1,1.0,0.39603960396039606,0.6532704746629092,3.0,Computational reversal candidate for further investigation.,1335
BRD-K99616396,-0.0014890114981427173,1,1,1,1,1.0,0.44554455445544555,0.7024902924445846,4.0,Computational reversal candidate for further investigation.,1336
BRD-K55844427,-0.0014846138728603683,1,2,1,2,0.5,0.4158415841584158,0.6731937681138099,3.5,Computational reversal candidate for further investigation.,1337
ro 08-2750,-0.001463524776757501,1,1,1,1,1.0,0.39603960396039606,0.6532704746629092,3.0,Computational reversal candidate for further investigation.,1338
np-002257,-0.0014289969418100987,1,1,1,1,1.0,0.32673267326732675,0.5942825501247955,5.0,Computational reversal candidate for further investigation.,1339
BRD-K07403598,-0.0014094381481413315,1,2,1,2,0.5,0.504950495049505,0.7667506123434643,4.0,Computational reversal candidate for further investigation.,1340
ml 3163,-0.001403330153198181,1,1,1,1,1.0,0.44554455445544555,0.7024902924445846,6.0,Computational reversal candidate for further investigation.,1341
PHA-767491,-0.0013893866974370572,3,5,3,5,0.6,0.42574257425742573,0.683131862523513,4.6,Computational reversal candidate for further investigation.,1342
"ingenol 3, 20-dibenzoate",-0.0013872532311769857,12,22,12,22,0.5454545454545454,0.39603960396039606,0.6532704746629092,4.7727272727272725,Computational reversal candidate for further investigation.,1343
dcebio,-0.0013625040120118998,1,1,1,1,1.0,0.38613861386138615,0.6442542416569376,4.0,Computational reversal candidate for further investigation.,1344
bntx maleate,-0.0013536558199412048,6,10,6,10,0.6,0.4752475247524752,0.7318476017213028,4.1,Computational reversal candidate for further investigation.,1345
tolazamide,-0.0013268182186499116,2,2,3,3,1.0,0.38613861386138615,0.6442542416569376,3.6666666666666665,Computational reversal candidate for further investigation.,1346
nilotinib,-0.0013248141661999458,2,4,2,4,0.5,0.37623762376237624,0.6345369831100758,6.25,Computational reversal candidate for further investigation.,1347
methylene blue,-0.0013235050357315952,5,10,5,10,0.5,0.40594059405940597,0.665071093575523,3.8,Computational reversal candidate for further investigation.,1348
BRD-K35716340,-0.0013206615591975393,4,8,4,8,0.5,0.39603960396039606,0.6532704746629092,4.375,Computational reversal candidate for further investigation.,1349
BRD-K64642496,-0.0013117672202482224,11,18,11,18,0.6111111111111112,0.38613861386138615,0.6442542416569376,4.277777777777778,Computational reversal candidate for further investigation.,1350
ski ii,-0.0013044825077141511,7,11,7,11,0.6363636363636364,0.36633663366336633,0.624606826879871,3.8181818181818183,Computational reversal candidate for further investigation.,1351
b675700.cdx,-0.0013040035717733667,16,30,16,30,0.5333333333333333,0.38613861386138615,0.6442542416569376,5.1,Computational reversal candidate for further investigation.,1352
gr 32191 hydrochloride,-0.0012479882351475596,1,1,1,1,1.0,0.45544554455445546,0.7114092054366727,6.0,Computational reversal candidate for further investigation.,1353
ncgc00242557-01,-0.0012414250594620698,1,1,1,1,1.0,0.46534653465346537,0.72324543438652,6.0,Computational reversal candidate for further investigation.,1354
BRD-K33045404,-0.0012314501063767835,1,1,1,1,1.0,0.4752475247524752,0.7318476017213028,5.0,Computational reversal candidate for further investigation.,1355
y27632,-0.001194913667470706,1,2,1,2,0.5,0.39603960396039606,0.6532704746629092,4.5,Computational reversal candidate for further investigation.,1356
bms-536924,-0.0011916137599701686,11,19,11,19,0.5789473684210527,0.2871287128712871,0.5571268613949552,4.7894736842105265,Computational reversal candidate for further investigation.,1357
PF-3758309,-0.0011646867052548756,14,26,14,26,0.5384615384615384,0.3564356435643564,0.6144566988344404,5.0,Computational reversal candidate for further investigation.,1358
nomegestrol acetate,-0.0011563439349207057,1,1,1,1,1.0,0.37623762376237624,0.6345369831100758,3.0,Computational reversal candidate for further investigation.,1359
ketorolac tromethamine,-0.001111371798079941,1,2,1,2,0.5,0.3564356435643564,0.6144566988344404,5.0,Computational reversal candidate for further investigation.,1360
s1042,-0.001092766579224299,3,5,3,5,0.6,0.33663366336633666,0.6007573730346009,5.0,Computational reversal candidate for further investigation.,1361
s1169,-0.001045034717719568,1,1,1,1,1.0,0.44554455445544555,0.7024902924445846,6.0,Computational reversal candidate for further investigation.,1362
np-010914,-0.0010429495678787176,1,2,1,2,0.5,0.43564356435643564,0.6934019917696663,4.5,Computational reversal candidate for further investigation.,1363
BRD-K78385490,-0.0010406368013396068,1,2,1,2,0.5,0.5445544554455446,0.8082998354331346,4.5,Computational reversal candidate for further investigation.,1364
am 404,-0.0010279083069499968,1,1,1,1,1.0,0.46534653465346537,0.72324543438652,4.0,Computational reversal candidate for further investigation.,1365
t5323840,-0.0010278848828295896,4,8,4,10,0.5,0.5148514851485149,0.7774507180447774,4.0,Computational reversal candidate for further investigation.,1366
BRD-K40373196,-0.001025089611321662,2,3,2,3,0.6666666666666666,0.4752475247524752,0.7318476017213028,5.0,Computational reversal candidate for further investigation.,1367
cyclopamine,-0.0009722312260283901,1,1,1,1,1.0,0.39603960396039606,0.6532704746629092,4.0,Computational reversal candidate for further investigation.,1368
rf 01079,-0.0009394773276602385,1,1,1,1,1.0,0.42574257425742573,0.683131862523513,6.0,Computational reversal candidate for further investigation.,1369
ei-346,-0.0009313723761306871,4,6,4,6,0.6666666666666666,0.38613861386138615,0.6442542416569376,4.0,Computational reversal candidate for further investigation.,1370
hts 13363,-0.0009244659785334047,1,1,1,1,1.0,0.39603960396039606,0.6532704746629092,7.0,Computational reversal candidate for further investigation.,1371
BRD-K77547920,-0.0009154425264221041,6,9,6,9,0.6666666666666666,0.4752475247524752,0.7318476017213028,4.888888888888889,Computational reversal candidate for further investigation.,1372
e3380,-0.0009150908542263306,5,7,5,7,0.7142857142857143,0.4158415841584158,0.6731937681138099,4.857142857142857,Computational reversal candidate for further investigation.,1373
BRD-K05452595,-0.0009116192474424526,1,1,1,1,1.0,0.36633663366336633,0.624606826879871,3.0,Computational reversal candidate for further investigation.,1374
ncgc00184830-01,-0.0008952810454743924,3,6,3,6,0.5,0.46534653465346537,0.72324543438652,4.166666666666667,Computational reversal candidate for further investigation.,1375
zm 336372,-0.0008864336816002422,6,11,6,11,0.5454545454545454,0.3069306930693069,0.5775492056977719,3.727272727272727,Computational reversal candidate for further investigation.,1376
apo866,-0.000869576374293698,1,1,1,1,1.0,0.4752475247524752,0.7318476017213028,5.0,Computational reversal candidate for further investigation.,1377
paroxetine hydrochloride,-0.0008463495476136894,3,5,3,6,0.6,0.3465346534653465,0.6050472835745112,4.166666666666667,Computational reversal candidate for further investigation.,1378
ag 18,-0.0008399499294299943,1,1,1,1,1.0,0.42574257425742573,0.683131862523513,3.0,Computational reversal candidate for further investigation.,1379
l 161982,-0.000837527621110043,2,3,2,3,0.6666666666666666,0.36633663366336633,0.624606826879871,3.6666666666666665,Computational reversal candidate for further investigation.,1380
C646,-0.000814385987858224,2,4,2,4,0.5,0.5544554455445545,0.8146718920037654,4.0,Computational reversal candidate for further investigation.,1381
capsazepine,-0.0007836419323472999,1,1,1,1,1.0,0.32673267326732675,0.5942825501247955,4.0,Computational reversal candidate for further investigation.,1382
prestw-550,-0.0007609934483462817,2,3,2,3,0.6666666666666666,0.5643564356435643,0.8220138190289616,4.333333333333333,Computational reversal candidate for further investigation.,1383
BRD-K63068307,-0.0007254390029116228,4,6,4,6,0.6666666666666666,0.48514851485148514,0.743416746737965,4.0,Computational reversal candidate for further investigation.,1384
BRD-A40431293,-0.0007227031555445528,7,9,7,9,0.7777777777777778,0.49504950495049505,0.7559305334878268,5.0,Computational reversal candidate for further investigation.,1385
s1362,-0.0007147789382400877,2,4,2,4,0.5,0.36633663366336633,0.624606826879871,4.0,Computational reversal candidate for further investigation.,1386
BRD-K59962020,-0.0007090131641440665,3,4,3,4,0.75,0.44554455445544555,0.7024902924445846,3.25,Computational reversal candidate for further investigation.,1387
ncgc00187945-01,-0.0007018183382325794,1,2,1,2,0.5,0.42574257425742573,0.683131862523513,3.0,Computational reversal candidate for further investigation.,1388
8-cpt-2-me-camp,-0.0006948495014783042,1,1,1,1,1.0,0.4158415841584158,0.6731937681138099,3.0,Computational reversal candidate for further investigation.,1389
BRD-K13665914,-0.0006914022390850736,1,2,1,2,0.5,0.44554455445544555,0.7024902924445846,4.0,Computational reversal candidate for further investigation.,1390
parthenolide,-0.0006913454492089507,27,52,31,60,0.5192307692307693,0.36633663366336633,0.624606826879871,4.633333333333334,Computational reversal candidate for further investigation.,1391
ver155008,-0.0006807217198106525,1,2,1,2,0.5,0.4158415841584158,0.6731937681138099,3.0,Computational reversal candidate for further investigation.,1392
endecaphyllin x,-0.0006393277038175132,1,1,1,1,1.0,0.3069306930693069,0.5775492056977719,3.0,Computational reversal candidate for further investigation.,1393
mead acid (20:3 n-9),-0.000638202404562839,1,1,1,1,1.0,0.43564356435643564,0.6934019917696663,8.0,Computational reversal candidate for further investigation.,1394
BRD-K39944607,-0.0005952353682100934,4,7,4,7,0.5714285714285714,0.36633663366336633,0.624606826879871,5.285714285714286,Computational reversal candidate for further investigation.,1395
camptothecin,-0.0005892173997579797,5,7,5,7,0.7142857142857143,0.46534653465346537,0.72324543438652,5.142857142857143,Computational reversal candidate for further investigation.,1396
rottlerin ncgc00025228-11,-0.0005360786240032056,9,17,9,17,0.5294117647058824,0.297029702970297,0.5672460322281132,4.529411764705882,Computational reversal candidate for further investigation.,1397
vu0418946-2,-0.0005322541275303684,5,9,8,12,0.5555555555555556,0.5346534653465347,0.8012447737208385,4.333333333333333,Computational reversal candidate for further investigation.,1398
BRD-K33720404,-0.0005296437785557474,2,3,2,3,0.6666666666666666,0.43564356435643564,0.6934019917696663,4.333333333333333,Computational reversal candidate for further investigation.,1399
selamectin,-0.0004914019405055986,3,5,3,5,0.6,0.33663366336633666,0.6007573730346009,4.4,Computational reversal candidate for further investigation.,1400
vu0365118-1,-0.0004842686954443613,1,1,1,1,1.0,0.25742574257425743,0.5276864469137412,3.0,Computational reversal candidate for further investigation.,1401
leucine enkephalin,-0.0004791614276412363,1,1,1,1,1.0,0.26732673267326734,0.5393564356435644,3.0,Computational reversal candidate for further investigation.,1402
yk 4-279,-0.0004429017812332182,3,4,3,4,0.75,0.5148514851485149,0.7774507180447774,4.25,Computational reversal candidate for further investigation.,1403
mln2238,-0.0003893361323577824,11,21,11,21,0.5238095238095238,0.40594059405940597,0.665071093575523,4.714285714285714,Computational reversal candidate for further investigation.,1404
BRD-U44618005,-0.00038925564237896407,2,3,2,3,0.6666666666666666,0.43564356435643564,0.6934019917696663,3.6666666666666665,Computational reversal candidate for further investigation.,1405
BRD-K05549170,-0.0003870772655039465,1,1,1,1,1.0,0.504950495049505,0.7667506123434643,3.0,Computational reversal candidate for further investigation.,1406
BRD-K62970326,-0.0003826409721625593,1,2,1,2,0.5,0.46534653465346537,0.72324543438652,4.0,Computational reversal candidate for further investigation.,1407
way 213613,-0.000376363666689767,1,2,1,2,0.5,0.504950495049505,0.7667506123434643,3.5,Computational reversal candidate for further investigation.,1408
BRD-K07005393,-0.0003639111155701795,1,2,1,2,0.5,0.4752475247524752,0.7318476017213028,3.5,Computational reversal candidate for further investigation.,1409
vu0413247-1,-0.0003602183879762499,1,1,1,1,1.0,0.40594059405940597,0.665071093575523,6.0,Computational reversal candidate for further investigation.,1410
cgp 53353,-0.000358917362626466,1,2,1,2,0.5,0.48514851485148514,0.743416746737965,3.5,Computational reversal candidate for further investigation.,1411
BRD-K82384352,-0.00034311024229579344,1,1,1,1,1.0,0.504950495049505,0.7667506123434643,4.0,Computational reversal candidate for further investigation.,1412
h-8,-0.00033696864112849924,1,1,1,1,1.0,0.5247524752475248,0.7880328349857729,8.0,Computational reversal candidate for further investigation.,1413
emetine hydrochloride,-0.0002926832661539502,4,7,4,7,0.5714285714285714,0.49504950495049505,0.7559305334878268,4.0,Computational reversal candidate for further investigation.,1414
c8273,-0.0002910828515834351,1,2,1,2,0.5,0.5247524752475248,0.7880328349857729,3.5,Computational reversal candidate for further investigation.,1415
BRD-K67090983,-0.00029106678436569694,1,1,1,1,1.0,0.48514851485148514,0.743416746737965,4.0,Computational reversal candidate for further investigation.,1416
(+)-JQ1,-0.00027237217085127486,12,21,12,21,0.5714285714285714,0.4158415841584158,0.6731937681138099,4.761904761904762,Computational reversal candidate for further investigation.,1417
ncgc00167094-01,-0.00026426593696748154,1,2,1,2,0.5,0.40594059405940597,0.665071093575523,5.0,Computational reversal candidate for further investigation.,1418
t5247673,-0.00026193301829481987,1,2,1,2,0.5,0.43564356435643564,0.6934019917696663,4.0,Computational reversal candidate for further investigation.,1419
"vegf receptor 3 kinase inhibitor, maz51",-0.00025266419590978285,1,1,1,1,1.0,0.4752475247524752,0.7318476017213028,3.0,Computational reversal candidate for further investigation.,1420
chemistry 2804,-0.00019977220046654524,17,33,17,33,0.5151515151515151,0.5148514851485149,0.7774507180447774,5.848484848484849,Computational reversal candidate for further investigation.,1421
rhizocarpic acid,-0.000182251829853534,1,2,1,2,0.5,0.5247524752475248,0.7880328349857729,5.0,Computational reversal candidate for further investigation.,1422
malonoben,-0.00011461526916720262,4,7,4,7,0.5714285714285714,0.36633663366336633,0.624606826879871,5.0,Computational reversal candidate for further investigation.,1423
mevastatin,-8.815081904837898e-05,2,3,2,3,0.6666666666666666,0.5445544554455446,0.8082998354331346,4.0,Computational reversal candidate for further investigation.,1424
t3205,-8.727730928936861e-05,1,1,1,1,1.0,0.42574257425742573,0.683131862523513,4.0,Computational reversal candidate for further investigation.,1425
BRD-A41451487,-6.354531163771078e-05,3,5,3,5,0.6,0.49504950495049505,0.7559305334878268,6.4,Computational reversal candidate for further investigation.,1426
sew 05685,-4.6477026587484014e-05,1,2,1,2,0.5,0.49504950495049505,0.7559305334878268,3.5,Computational reversal candidate for further investigation.,1427
BRD-K83816656,-4.162914423137473e-05,1,1,1,1,1.0,0.4158415841584158,0.6731937681138099,3.0,Computational reversal candidate for further investigation.,1428
k784-3188,-4.162914423137473e-05,6,11,6,13,0.5454545454545454,0.45544554455445546,0.7114092054366727,4.3076923076923075,Computational reversal candidate for further investigation.,1429
ncgc00182362-01,-4.162914423137473e-05,4,7,4,7,0.5714285714285714,0.45544554455445546,0.7114092054366727,3.857142857142857,Computational reversal candidate for further investigation.,1430
cyproheptadine hydrochloride,-3.299904794013464e-05,1,2,1,2,0.5,0.45544554455445546,0.7114092054366727,4.0,Computational reversal candidate for further investigation.,1431
BRD-A31107743,-3.183612271375098e-05,4,7,4,7,0.5714285714285714,0.43564356435643564,0.6934019917696663,4.857142857142857,Computational reversal candidate for further investigation.,1432
emetine,1.3149367790257944e-05,5,12,5,12,0.4166666666666667,0.49504950495049505,0.7559305334878268,4.5,No aggregate reversal under this configuration.,1433
BRD-A05565054,3.122308594594343e-05,0,1,0,1,0.0,0.6831683168316832,0.8967613026362877,3.0,No aggregate reversal under this configuration.,1434
BRD-K88708949,5.218137808517091e-05,1,2,1,2,0.5,0.5544554455445545,0.8146718920037654,5.0,No aggregate reversal under this configuration.,1435
erythromycin,5.397918970552126e-05,0,1,0,1,0.0,0.48514851485148514,0.743416746737965,3.0,No aggregate reversal under this configuration.,1436
benzoxiquine,5.817034099815221e-05,0,1,0,1,0.0,0.5247524752475248,0.7880328349857729,3.0,No aggregate reversal under this configuration.,1437
chloroxine,8.265959382799818e-05,2,4,2,5,0.5,0.5841584158415841,0.8330374267793271,3.8,No aggregate reversal under this configuration.,1438
GSK-1070916,0.00010490716305120665,4,9,4,9,0.4444444444444444,0.5247524752475248,0.7880328349857729,4.888888888888889,No aggregate reversal under this configuration.,1439
cyclosporine,0.00010758535108520073,7,16,7,16,0.4375,0.45544554455445546,0.7114092054366727,4.25,No aggregate reversal under this configuration.,1440
np-009265,0.00011203995327531153,0,1,0,1,0.0,0.6039603960396039,0.8452342344060996,3.0,No aggregate reversal under this configuration.,1441
rifabutin,0.00013545397147328008,0,1,0,1,0.0,0.6039603960396039,0.8452342344060996,5.0,No aggregate reversal under this configuration.,1442
gr 127935 hydrochloride,0.00013726538598470527,2,4,2,4,0.5,0.5544554455445545,0.8146718920037654,4.25,No aggregate reversal under this configuration.,1443
BRD-K07061353,0.00016181887551111693,2,4,2,4,0.5,0.48514851485148514,0.743416746737965,3.75,No aggregate reversal under this configuration.,1444
np-006304,0.000187244719693972,1,2,1,2,0.5,0.46534653465346537,0.72324543438652,4.5,No aggregate reversal under this configuration.,1445
akt inhibitor iv,0.0002013545126386255,10,20,10,20,0.5,0.5742574257425742,0.8254003500613913,5.15,No aggregate reversal under this configuration.,1446
sb 408124,0.00021644995019585306,0,1,0,1,0.0,0.6336633663366337,0.8683977831745439,3.0,No aggregate reversal under this configuration.,1447
BRD-K15716662,0.0002184938758385815,2,4,2,4,0.5,0.6138613861386139,0.8519770448382418,3.5,No aggregate reversal under this configuration.,1448
pkc-412,0.0002549562971651473,3,6,3,6,0.5,0.5742574257425742,0.8254003500613913,5.333333333333333,No aggregate reversal under this configuration.,1449
BRD-A76641868,0.0002621690246020691,0,1,0,1,0.0,0.7227722772277227,0.9129975606256276,3.0,No aggregate reversal under this configuration.,1450
BRD-K79459005,0.0002623206436307311,0,1,0,1,0.0,0.5742574257425742,0.8254003500613913,3.0,No aggregate reversal under this configuration.,1451
s1011,0.00028940382941398946,3,7,3,7,0.42857142857142855,0.6138613861386139,0.8519770448382418,4.0,No aggregate reversal under this configuration.,1452
stock1s-53863,0.000291986515797725,2,4,3,6,0.5,0.594059405940594,0.838377879238701,5.166666666666667,No aggregate reversal under this configuration.,1453
auranofin,0.00031790103333044755,8,17,8,17,0.47058823529411764,0.594059405940594,0.838377879238701,3.764705882352941,No aggregate reversal under this configuration.,1454
BRD-K74447990,0.0003231620595989669,0,1,0,1,0.0,0.7227722772277227,0.9129975606256276,3.0,No aggregate reversal under this configuration.,1455
periplocymarin,0.0003528512381255188,3,8,3,8,0.375,0.594059405940594,0.838377879238701,4.75,No aggregate reversal under this configuration.,1456
BRD-K15563106,0.00036472381326237754,6,13,6,13,0.46153846153846156,0.5544554455445545,0.8146718920037654,4.384615384615385,No aggregate reversal under this configuration.,1457
cct 018159,0.00037497237382125683,2,4,2,4,0.5,0.4752475247524752,0.7318476017213028,3.75,No aggregate reversal under this configuration.,1458
valyltryptophan,0.0003837591273917651,0,1,0,1,0.0,0.44554455445544555,0.7024902924445846,3.0,No aggregate reversal under this configuration.,1459
BRD-K49865102,0.00038599126697193547,1,3,2,4,0.3333333333333333,0.5445544554455446,0.8082998354331346,3.75,No aggregate reversal under this configuration.,1460
hy-10992,0.0004052961404192373,3,6,3,6,0.5,0.5445544554455446,0.8082998354331346,4.333333333333333,No aggregate reversal under this configuration.,1461
src kinase inhibitor ii,0.0004280066009482719,0,1,0,1,0.0,0.5544554455445545,0.8146718920037654,6.0,No aggregate reversal under this configuration.,1462
BRD-K63326650,0.00042950130398701925,0,1,0,1,0.0,0.6732673267326733,0.8950881665347744,3.0,No aggregate reversal under this configuration.,1463
KU-55933,0.0004347964141130801,1,2,1,2,0.5,0.504950495049505,0.7667506123434643,4.0,No aggregate reversal under this configuration.,1464
puromycin hydrochloride,0.0004515845475460067,4,10,4,10,0.4,0.6039603960396039,0.8452342344060996,4.7,No aggregate reversal under this configuration.,1465
BRD-K09485525,0.00045312163964186455,0,1,0,1,0.0,0.5148514851485149,0.7774507180447774,3.0,No aggregate reversal under this configuration.,1466
BRD-K19181733,0.00045312163964186455,0,1,0,1,0.0,0.5445544554455446,0.8082998354331346,3.0,No aggregate reversal under this configuration.,1467
dg-041,0.0004549992286645042,7,16,7,16,0.4375,0.594059405940594,0.838377879238701,4.8125,No aggregate reversal under this configuration.,1468
a112550.cdx,0.00045709928094871816,2,5,2,5,0.4,0.5643564356435643,0.8220138190289616,5.0,No aggregate reversal under this configuration.,1469
pp-110,0.0004598559849458908,10,21,10,21,0.47619047619047616,0.48514851485148514,0.743416746737965,5.619047619047619,No aggregate reversal under this configuration.,1470
pi 103 hydrochloride,0.0004720249773907002,5,10,5,10,0.5,0.5445544554455446,0.8082998354331346,4.4,No aggregate reversal under this configuration.,1471
"reichstein/c,aeos substance/c-*s",0.0004729665151652551,0,1,0,1,0.0,0.5841584158415841,0.8330374267793271,3.0,No aggregate reversal under this configuration.,1472
idoxuridine,0.0004790777821048727,0,1,0,1,0.0,0.693069306930693,0.8994627872554973,5.0,No aggregate reversal under this configuration.,1473
hy-50878,0.0004916498596997912,4,9,4,9,0.4444444444444444,0.7128712871287128,0.9094534746214669,3.7777777777777777,No aggregate reversal under this configuration.,1474
bibr1532,0.000502683839099868,2,5,2,5,0.4,0.6138613861386139,0.8519770448382418,4.0,No aggregate reversal under this configuration.,1475
ncgc00182378-01,0.0005502804204153616,1,3,1,3,0.3333333333333333,0.6138613861386139,0.8519770448382418,3.6666666666666665,No aggregate reversal under this configuration.,1476
BRD-K53903639,0.000552953590576952,9,21,9,21,0.42857142857142855,0.7029702970297029,0.905302764318985,4.380952380952381,No aggregate reversal under this configuration.,1477
s1057,0.0005687721012649985,1,2,1,2,0.5,0.5445544554455446,0.8082998354331346,4.0,No aggregate reversal under this configuration.,1478
BRD-A30455275,0.0005970581151083865,0,1,0,1,0.0,0.5544554455445545,0.8146718920037654,4.0,No aggregate reversal under this configuration.,1479
s1249,0.0006275672935600399,6,13,6,13,0.46153846153846156,0.594059405940594,0.838377879238701,6.153846153846154,No aggregate reversal under this configuration.,1480
a-1065,0.0006371904005456723,2,4,2,4,0.5,0.5742574257425742,0.8254003500613913,4.0,No aggregate reversal under this configuration.,1481
BRD-A58924247,0.0006500207422752554,2,7,2,7,0.2857142857142857,0.5544554455445545,0.8146718920037654,4.428571428571429,No aggregate reversal under this configuration.,1482
thapsigargin,0.0006540151414706468,1,3,1,3,0.3333333333333333,0.504950495049505,0.7667506123434643,5.0,No aggregate reversal under this configuration.,1483
BRD-K37865504,0.0006568951171960053,7,14,8,16,0.5,0.594059405940594,0.838377879238701,4.1875,No aggregate reversal under this configuration.,1484
erythrosine sodium,0.0006681285285093964,1,2,1,2,0.5,0.4158415841584158,0.6731937681138099,3.0,No aggregate reversal under this configuration.,1485
chr 2797,0.0007052525344735635,7,15,7,15,0.4666666666666667,0.5742574257425742,0.8254003500613913,5.2,No aggregate reversal under this configuration.,1486
kuc104495 kuc104495n,0.0007442032793572159,1,3,1,3,0.3333333333333333,0.5148514851485149,0.7774507180447774,5.666666666666667,No aggregate reversal under this configuration.,1487
cyclo [arg-gly-asp-d-phe-val],0.0007644380108114829,0,1,0,1,0.0,0.5445544554455446,0.8082998354331346,4.0,No aggregate reversal under this configuration.,1488
nifedipine,0.0007644875205902813,1,3,1,3,0.3333333333333333,0.7524752475247525,0.9268759549782,3.6666666666666665,No aggregate reversal under this configuration.,1489
BRD-K66254772,0.0007726639859819253,3,6,3,6,0.5,0.5445544554455446,0.8082998354331346,5.333333333333333,No aggregate reversal under this configuration.,1490
oxindole i,0.0007745033832508722,1,3,1,3,0.3333333333333333,0.6138613861386139,0.8519770448382418,4.0,No aggregate reversal under this configuration.,1491
prima-1 met,0.0007853487193741574,0,1,0,1,0.0,0.5742574257425742,0.8254003500613913,4.0,No aggregate reversal under this configuration.,1492
hy-11006,0.000789070289728697,1,2,1,2,0.5,0.5247524752475248,0.7880328349857729,4.5,No aggregate reversal under this configuration.,1493
BRD-A63583287,0.0007949900561750667,2,8,2,8,0.25,0.5841584158415841,0.8330374267793271,4.0,No aggregate reversal under this configuration.,1494
BRD-K14316227,0.000821370721726486,0,1,0,1,0.0,0.6039603960396039,0.8452342344060996,3.0,No aggregate reversal under this configuration.,1495
BRD-K58547240,0.0008337129088599178,0,1,0,1,0.0,0.7326732673267327,0.9180535074784074,3.0,No aggregate reversal under this configuration.,1496
h-9 dihydrochloride,0.0008337129088599178,0,1,0,1,0.0,0.6534653465346535,0.8833132692921898,3.0,No aggregate reversal under this configuration.,1497
s1148,0.0008470291982948719,0,1,0,1,0.0,0.6039603960396039,0.8452342344060996,3.0,No aggregate reversal under this configuration.,1498
purmorphamine,0.0008871354184477446,1,2,1,2,0.5,0.5643564356435643,0.8220138190289616,3.5,No aggregate reversal under this configuration.,1499
BRD-K85318537 (obaa),0.0008896975122318043,1,2,1,2,0.5,0.6039603960396039,0.8452342344060996,3.5,No aggregate reversal under this configuration.,1500
s1216,0.0008935291402555421,6,13,6,13,0.46153846153846156,0.5643564356435643,0.8220138190289616,5.0,No aggregate reversal under this configuration.,1501
arcyriaflavin a,0.0009009413035891596,0,1,0,1,0.0,0.5643564356435643,0.8220138190289616,4.0,No aggregate reversal under this configuration.,1502
BRD-K89224880,0.0009024074574514904,3,6,3,6,0.5,0.6138613861386139,0.8519770448382418,4.166666666666667,No aggregate reversal under this configuration.,1503
at-mlpcn csc-006,0.0009099994632463244,2,4,2,4,0.5,0.5148514851485149,0.7774507180447774,4.5,No aggregate reversal under this configuration.,1504
BRD-A61825514,0.0009210832383424608,1,2,1,2,0.5,0.5742574257425742,0.8254003500613913,5.0,No aggregate reversal under this configuration.,1505
mt-21,0.0009229872306336716,0,1,0,1,0.0,0.8316831683168316,0.9619095667528536,3.0,No aggregate reversal under this configuration.,1506
rilmenidine hemifumarate,0.0009464641738589062,0,1,0,1,0.0,0.594059405940594,0.838377879238701,3.0,No aggregate reversal under this configuration.,1507
iopanoic acid,0.00095444881599464,1,3,1,3,0.3333333333333333,0.6336633663366337,0.8683977831745439,6.0,No aggregate reversal under this configuration.,1508
mesoridazine besylate,0.0009544797024111165,0,1,0,1,0.0,0.5841584158415841,0.8330374267793271,3.0,No aggregate reversal under this configuration.,1509
halcinonide,0.0009820784064032842,0,2,0,2,0.0,0.48514851485148514,0.743416746737965,4.5,No aggregate reversal under this configuration.,1510
BRD-K22832646,0.001007619259875422,0,1,0,1,0.0,0.5742574257425742,0.8254003500613913,4.0,No aggregate reversal under this configuration.,1511
dihydro-7-desacetyldeoxygedunin,0.0010152540300638118,0,1,0,1,0.0,0.693069306930693,0.8994627872554973,4.0,No aggregate reversal under this configuration.,1512
BRD-K88868628,0.0010389670754147257,1,3,1,3,0.3333333333333333,0.6039603960396039,0.8452342344060996,6.0,No aggregate reversal under this configuration.,1513
BRD-K25737009,0.0010446236152917964,10,21,10,21,0.47619047619047616,0.6237623762376238,0.8618758515039837,4.619047619047619,No aggregate reversal under this configuration.,1514
sb 366791,0.0010457728583359426,1,2,1,2,0.5,0.5544554455445545,0.8146718920037654,5.5,No aggregate reversal under this configuration.,1515
hy-11005,0.0010494488886856174,3,6,3,6,0.5,0.7722772277227723,0.9380111924235902,3.6666666666666665,No aggregate reversal under this configuration.,1516
p1075,0.0010502926139821017,0,1,0,1,0.0,0.6732673267326733,0.8950881665347744,3.0,No aggregate reversal under this configuration.,1517
px12,0.0010586885513455086,7,15,7,15,0.4666666666666667,0.594059405940594,0.838377879238701,4.466666666666667,No aggregate reversal under this configuration.,1518
bendroflumethiazide,0.0010653143431642977,0,1,0,1,0.0,0.44554455445544555,0.7024902924445846,5.0,No aggregate reversal under this configuration.,1519
ncgc00167107-01,0.001065373654041555,1,2,1,2,0.5,0.5544554455445545,0.8146718920037654,4.0,No aggregate reversal under this configuration.,1520
ncgc00182382-01,0.001072027927517565,1,2,1,2,0.5,0.5742574257425742,0.8254003500613913,3.5,No aggregate reversal under this configuration.,1521
cytarabine,0.0010801881589534807,0,2,0,2,0.0,0.6039603960396039,0.8452342344060996,4.0,No aggregate reversal under this configuration.,1522
l-sulforophane,0.0010923306218824443,2,4,2,4,0.5,0.6633663366336634,0.8917182279609824,4.25,No aggregate reversal under this configuration.,1523
BRD-A98444709,0.00110499666443935,1,2,1,2,0.5,0.5643564356435643,0.8220138190289616,4.5,No aggregate reversal under this configuration.,1524
tl hras26 brd-k01877528,0.0011131846576812859,5,11,5,11,0.45454545454545453,0.6831683168316832,0.8967613026362877,5.090909090909091,No aggregate reversal under this configuration.,1525
raclopride,0.0011398757258785763,0,1,0,1,0.0,0.6435643564356436,0.8748139317986696,3.0,No aggregate reversal under this configuration.,1526
bl-010,0.0011435975205899424,0,1,0,1,0.0,0.5544554455445545,0.8146718920037654,3.0,No aggregate reversal under this configuration.,1527
beclomethasone,0.0011818310360206174,0,1,0,1,0.0,0.5445544554455446,0.8082998354331346,3.0,No aggregate reversal under this configuration.,1528
artesunate,0.0012111320607784992,2,4,3,5,0.5,0.504950495049505,0.7667506123434643,4.0,No aggregate reversal under this configuration.,1529
m9948,0.0012163059468864304,1,2,1,2,0.5,0.5742574257425742,0.8254003500613913,5.5,No aggregate reversal under this configuration.,1530
np-009169,0.0012622286601284539,2,4,2,4,0.5,0.594059405940594,0.838377879238701,5.0,No aggregate reversal under this configuration.,1531
BRD-K37194137,0.001283150427652529,0,1,0,1,0.0,0.6039603960396039,0.8452342344060996,3.0,No aggregate reversal under this configuration.,1532
arachidonyl trifluoro-methyl ketone,0.0012865588462075486,11,23,11,23,0.4782608695652174,0.7227722772277227,0.9129975606256276,5.260869565217392,No aggregate reversal under this configuration.,1533
ncgc00165208-01,0.001295559646800931,2,4,2,4,0.5,0.6138613861386139,0.8519770448382418,3.75,No aggregate reversal under this configuration.,1534
brivanib,0.001316231849626392,2,5,2,5,0.4,0.7128712871287128,0.9094534746214669,3.8,No aggregate reversal under this configuration.,1535
homoharringtonine,0.0013171477736420465,5,11,7,15,0.45454545454545453,0.5742574257425742,0.8254003500613913,5.2,No aggregate reversal under this configuration.,1536
inhibitor bec hydrochloride,0.0013175556296784437,1,5,1,5,0.2,0.6435643564356436,0.8748139317986696,4.0,No aggregate reversal under this configuration.,1537
jlk 6,0.001342956618376333,1,3,1,3,0.3333333333333333,0.6237623762376238,0.8618758515039837,5.666666666666667,No aggregate reversal under this configuration.,1538
dequalinium dichloride,0.0013484526356642894,1,2,1,2,0.5,0.5742574257425742,0.8254003500613913,3.0,No aggregate reversal under this configuration.,1539
aicar,0.0013642758883633172,0,1,0,1,0.0,0.594059405940594,0.838377879238701,3.0,No aggregate reversal under this configuration.,1540
su 5416,0.0013642758883633172,0,1,0,1,0.0,0.6336633663366337,0.8683977831745439,3.0,No aggregate reversal under this configuration.,1541
bms 182874 hydrochloride,0.0013841444171908404,0,1,0,1,0.0,0.6633663366336634,0.8917182279609824,5.0,No aggregate reversal under this configuration.,1542
tremorine dihydrochloride,0.0014012574006946757,0,1,0,1,0.0,0.7722772277227723,0.9380111924235902,4.0,No aggregate reversal under this configuration.,1543
BRD-K37340241,0.0014065850187924946,0,1,0,1,0.0,0.5742574257425742,0.8254003500613913,3.0,No aggregate reversal under this configuration.,1544
irinotecan hydrochloride trihydrate,0.0014434363467482995,2,5,2,5,0.4,0.6138613861386139,0.8519770448382418,4.2,No aggregate reversal under this configuration.,1545
BRD-K06009608,0.0014674768476810995,0,1,0,1,0.0,0.5742574257425742,0.8254003500613913,3.0,No aggregate reversal under this configuration.,1546
BRD-K63954456,0.001476933909787506,0,1,0,1,0.0,0.7722772277227723,0.9380111924235902,3.0,No aggregate reversal under this configuration.,1547
BRD-K31706415,0.0014776208380896808,1,3,1,3,0.3333333333333333,0.6732673267326733,0.8950881665347744,3.3333333333333335,No aggregate reversal under this configuration.,1548
s1005,0.0014796977431932087,1,3,1,3,0.3333333333333333,0.6435643564356436,0.8748139317986696,3.3333333333333335,No aggregate reversal under this configuration.,1549
ncgc00229600-01,0.0014893423579732928,0,1,0,1,0.0,0.6534653465346535,0.8833132692921898,3.0,No aggregate reversal under this configuration.,1550
bcl-2 inhibitor,0.0015308762219070284,1,2,1,2,0.5,0.6633663366336634,0.8917182279609824,4.0,No aggregate reversal under this configuration.,1551
eriodyctol,0.0015599980991851618,0,1,0,1,0.0,0.7029702970297029,0.905302764318985,3.0,No aggregate reversal under this configuration.,1552
HG-14-10-04,0.0016045265352866147,3,6,3,6,0.5,0.6831683168316832,0.8967613026362877,4.333333333333333,No aggregate reversal under this configuration.,1553
lawsone,0.0016205633753245633,1,2,1,2,0.5,0.594059405940594,0.838377879238701,3.0,No aggregate reversal under this configuration.,1554
etomidate,0.0016233419152172574,0,1,0,1,0.0,0.5841584158415841,0.8330374267793271,4.0,No aggregate reversal under this configuration.,1555
trimipramine maleate salt,0.001623354764756643,0,1,0,1,0.0,0.5346534653465347,0.8012447737208385,3.0,No aggregate reversal under this configuration.,1556
BRD-K52075040,0.001677313362970073,7,22,7,22,0.3181818181818182,0.7623762376237624,0.9332684392034709,4.636363636363637,No aggregate reversal under this configuration.,1557
gw 5074,0.0016886366613083669,0,1,0,1,0.0,0.693069306930693,0.8994627872554973,5.0,No aggregate reversal under this configuration.,1558
BRD-K11072542,0.0017052469027537855,1,2,1,2,0.5,0.5247524752475248,0.7880328349857729,3.0,No aggregate reversal under this configuration.,1559
1391-0741,0.0017213817211215853,1,2,1,2,0.5,0.5742574257425742,0.8254003500613913,4.0,No aggregate reversal under this configuration.,1560
ethisterone,0.0017403397538971665,0,1,0,1,0.0,0.5643564356435643,0.8220138190289616,4.0,No aggregate reversal under this configuration.,1561
BRD-K16180117,0.0017486480679526212,0,1,0,1,0.0,0.5742574257425742,0.8254003500613913,3.0,No aggregate reversal under this configuration.,1562
BRD-K47764688,0.0017486480679526212,0,1,0,1,0.0,0.6138613861386139,0.8519770448382418,3.0,No aggregate reversal under this configuration.,1563
hy-50877,0.0017486480679526212,0,1,0,1,0.0,0.5346534653465347,0.8012447737208385,3.0,No aggregate reversal under this configuration.,1564
BRD-K18724229,0.0017532302613444614,1,3,1,3,0.3333333333333333,0.6138613861386139,0.8519770448382418,4.0,No aggregate reversal under this configuration.,1565
BRD-K58214070,0.001758423670054484,2,4,2,4,0.5,0.7326732673267327,0.9180535074784074,3.75,No aggregate reversal under this configuration.,1566
albendazole,0.0017604877672078266,0,1,0,1,0.0,0.5643564356435643,0.8220138190289616,3.0,No aggregate reversal under this configuration.,1567
ku-0063794,0.0017604877672078266,4,11,4,11,0.36363636363636365,0.6435643564356436,0.8748139317986696,4.7272727272727275,No aggregate reversal under this configuration.,1568
pd 198306,0.001783831334112326,1,5,1,5,0.2,0.6237623762376238,0.8618758515039837,3.8,No aggregate reversal under this configuration.,1569
BRD-K55722623,0.001785171923281965,1,5,1,5,0.2,0.7722772277227723,0.9380111924235902,3.4,No aggregate reversal under this configuration.,1570
chelidonine (+),0.0017969752106822144,1,2,1,2,0.5,0.5841584158415841,0.8330374267793271,5.0,No aggregate reversal under this configuration.,1571
19-norethindrone,0.0018042531093147764,0,1,0,1,0.0,0.5247524752475248,0.7880328349857729,3.0,No aggregate reversal under this configuration.,1572
BRD-K90543092,0.0018042531093147764,0,1,0,1,0.0,0.5742574257425742,0.8254003500613913,3.0,No aggregate reversal under this configuration.,1573
"ici-162,846",0.0018128597434806252,0,1,0,1,0.0,0.6237623762376238,0.8618758515039837,7.0,No aggregate reversal under this configuration.,1574
pifithrin- ?,0.001838094733920186,10,22,11,24,0.45454545454545453,0.7920792079207921,0.9436525937995659,4.041666666666667,No aggregate reversal under this configuration.,1575
at-csc-18 brd-k01121114,0.0018477221657212908,0,2,0,2,0.0,0.6435643564356436,0.8748139317986696,3.5,No aggregate reversal under this configuration.,1576
BRD-K64525051,0.001850332534802223,0,1,0,1,0.0,0.5841584158415841,0.8330374267793271,6.0,No aggregate reversal under this configuration.,1577
methotrexate,0.0018515357508003464,0,1,0,1,0.0,0.6633663366336634,0.8917182279609824,3.0,No aggregate reversal under this configuration.,1578
vu0418947-2,0.001863002425137185,3,6,3,6,0.5,0.6435643564356436,0.8748139317986696,4.0,No aggregate reversal under this configuration.,1579
meloxicam sodium,0.001871183191744081,0,1,0,1,0.0,0.5643564356435643,0.8220138190289616,3.0,No aggregate reversal under this configuration.,1580
fr 122047 hydrochloride,0.0018728244302753426,0,1,0,1,0.0,0.6039603960396039,0.8452342344060996,5.0,No aggregate reversal under this configuration.,1581
BRD-A18763547,0.0018786265566598033,3,6,3,6,0.5,0.5544554455445545,0.8146718920037654,6.166666666666667,No aggregate reversal under this configuration.,1582
baccatin iii,0.0018973885845084784,1,2,1,2,0.5,0.6732673267326733,0.8950881665347744,4.0,No aggregate reversal under this configuration.,1583
BRD-K87964538,0.0019059949473795093,0,1,0,1,0.0,0.7128712871287128,0.9094534746214669,3.0,No aggregate reversal under this configuration.,1584
bmy 45778,0.0019089701279107786,0,1,0,1,0.0,0.6039603960396039,0.8452342344060996,3.0,No aggregate reversal under this configuration.,1585
BRD-K00028814,0.0019100060257477708,0,1,0,1,0.0,0.5742574257425742,0.8254003500613913,3.0,No aggregate reversal under this configuration.,1586
BRD-K72264770,0.0019317833177896356,0,1,0,1,0.0,0.7128712871287128,0.9094534746214669,3.0,No aggregate reversal under this configuration.,1587
moclobemide,0.0019379403718278254,0,1,0,1,0.0,0.46534653465346537,0.72324543438652,5.0,No aggregate reversal under this configuration.,1588
BRD-K69159985,0.0019637479283714145,0,1,0,1,0.0,0.5742574257425742,0.8254003500613913,3.0,No aggregate reversal under this configuration.,1589
metoprolol tartrate,0.001965923689635089,0,1,0,1,0.0,0.6336633663366337,0.8683977831745439,3.0,No aggregate reversal under this configuration.,1590
ncgc00238536-01,0.0019864049789595816,1,2,1,2,0.5,0.5841584158415841,0.8330374267793271,5.0,No aggregate reversal under this configuration.,1591
ly 364947,0.0020060570588005915,0,1,0,1,0.0,0.7326732673267327,0.9180535074784074,3.0,No aggregate reversal under this configuration.,1592
irbesartan,0.0020178760887272613,1,4,1,4,0.25,0.5841584158415841,0.8330374267793271,4.75,No aggregate reversal under this configuration.,1593
mln4924,0.002020704508536782,5,13,5,13,0.38461538461538464,0.7425742574257426,0.9235555404855554,4.615384615384615,No aggregate reversal under this configuration.,1594
XMD-1150,0.002024229118192537,9,19,9,19,0.47368421052631576,0.693069306930693,0.8994627872554973,6.315789473684211,No aggregate reversal under this configuration.,1595
BRD-K68548958,0.0020534613315730016,9,20,9,20,0.45,0.7524752475247525,0.9268759549782,4.55,No aggregate reversal under this configuration.,1596
memantine hydrochloride,0.002074393198663909,0,2,0,2,0.0,0.5544554455445545,0.8146718920037654,4.0,No aggregate reversal under this configuration.,1597
BRD-K15519488,0.0021453200674642616,0,1,0,1,0.0,0.5742574257425742,0.8254003500613913,4.0,No aggregate reversal under this configuration.,1598
"cp 55,940",0.00215677694981472,0,1,0,1,0.0,0.5544554455445545,0.8146718920037654,4.0,No aggregate reversal under this configuration.,1599
parbendazole,0.002163478957307249,1,3,1,3,0.3333333333333333,0.5841584158415841,0.8330374267793271,4.666666666666667,No aggregate reversal under this configuration.,1600
bg fa 0953,0.0022066924012713145,2,4,2,4,0.5,0.6336633663366337,0.8683977831745439,3.75,No aggregate reversal under this configuration.,1601
KIN001-043,0.0022066962947143234,3,7,3,7,0.42857142857142855,0.6534653465346535,0.8833132692921898,5.571428571428571,No aggregate reversal under this configuration.,1602
riluzole hydrochloride,0.0022094323561138475,0,1,0,1,0.0,0.6435643564356436,0.8748139317986696,3.0,No aggregate reversal under this configuration.,1603
BRD-A18411371,0.0022286363422752854,2,5,2,5,0.4,0.7029702970297029,0.905302764318985,4.4,No aggregate reversal under this configuration.,1604
terfenadine,0.0022454911136824737,1,3,1,4,0.3333333333333333,0.7128712871287128,0.9094534746214669,4.25,No aggregate reversal under this configuration.,1605
securinine,0.0022731934116933744,1,2,1,2,0.5,0.6534653465346535,0.8833132692921898,3.0,No aggregate reversal under this configuration.,1606
ritanserin,0.002288585936280161,0,1,0,1,0.0,0.6831683168316832,0.8967613026362877,3.0,No aggregate reversal under this configuration.,1607
mls-0091943.0001,0.0022889972294056656,0,1,0,1,0.0,0.5841584158415841,0.8330374267793271,4.0,No aggregate reversal under this configuration.,1608
WH-4-025,0.0022953999716649165,8,20,8,20,0.4,0.6732673267326733,0.8950881665347744,4.9,No aggregate reversal under this configuration.,1609
atorvastatin,0.0023135205818949393,2,4,2,4,0.5,0.6732673267326733,0.8950881665347744,4.75,No aggregate reversal under this configuration.,1610
ct-200783,0.002313838446609819,10,22,10,22,0.45454545454545453,0.6831683168316832,0.8967613026362877,4.7727272727272725,No aggregate reversal under this configuration.,1611
BRD-K10906552,0.002321533696187974,0,1,0,1,0.0,0.5445544554455446,0.8082998354331346,5.0,No aggregate reversal under this configuration.,1612
prostaglandin a1,0.0023512578456600696,2,6,2,6,0.3333333333333333,0.7524752475247525,0.9268759549782,6.0,No aggregate reversal under this configuration.,1613
niclosamide,0.0023853484427626085,8,20,8,24,0.4,0.693069306930693,0.8994627872554973,4.375,No aggregate reversal under this configuration.,1614
diphenylcyclopropenone,0.0023910520970210096,1,2,1,2,0.5,0.6039603960396039,0.8452342344060996,4.0,No aggregate reversal under this configuration.,1615
digoxin,0.0024001973355854992,6,15,10,24,0.4,0.7128712871287128,0.9094534746214669,5.208333333333333,No aggregate reversal under this configuration.,1616
BRD-K07395346,0.0024011563898631598,0,1,0,1,0.0,0.5643564356435643,0.8220138190289616,3.0,No aggregate reversal under this configuration.,1617
BRD-K51998148,0.002403748124442976,1,2,1,2,0.5,0.7029702970297029,0.905302764318985,3.0,No aggregate reversal under this configuration.,1618
BRD-K43620258,0.002405287395936515,11,26,11,26,0.4230769230769231,0.7425742574257426,0.9235555404855554,4.8076923076923075,No aggregate reversal under this configuration.,1619
k784-3131,0.0024061282854601095,4,12,7,18,0.3333333333333333,0.7227722772277227,0.9129975606256276,4.222222222222222,No aggregate reversal under this configuration.,1620
cerivastatin na,0.0024143678316237496,0,1,0,1,0.0,0.594059405940594,0.838377879238701,5.0,No aggregate reversal under this configuration.,1621
BRD-K06020002,0.0024825194838831686,0,1,0,1,0.0,0.7425742574257426,0.9235555404855554,3.0,No aggregate reversal under this configuration.,1622
7b-cis,0.0024848658858223228,9,19,9,19,0.47368421052631576,0.8217821782178217,0.9555300780878514,3.9473684210526314,No aggregate reversal under this configuration.,1623
cgp 71683 hydrochloride,0.0025097079387375928,2,5,2,5,0.4,0.594059405940594,0.838377879238701,4.8,No aggregate reversal under this configuration.,1624
zk 756326,0.0025373159548642754,0,1,0,1,0.0,0.693069306930693,0.8994627872554973,3.0,No aggregate reversal under this configuration.,1625
ncgc00182608-01,0.002556677254192314,0,1,0,1,0.0,0.45544554455445546,0.7114092054366727,3.0,No aggregate reversal under this configuration.,1626
BRD-K12184916,0.0025597204713842477,5,13,5,13,0.38461538461538464,0.7326732673267327,0.9180535074784074,3.923076923076923,No aggregate reversal under this configuration.,1627
BRD-K26300881,0.0025597204713842477,0,1,0,1,0.0,0.6633663366336634,0.8917182279609824,3.0,No aggregate reversal under this configuration.,1628
verteporfin,0.0025811166682963914,1,2,1,2,0.5,0.6336633663366337,0.8683977831745439,5.0,No aggregate reversal under this configuration.,1629
nafadotride,0.0026034338763220206,0,1,0,1,0.0,0.6732673267326733,0.8950881665347744,5.0,No aggregate reversal under this configuration.,1630
"r(-)-2,10,11-trihydroxyaporphine",0.002625292862340824,0,1,0,1,0.0,0.6138613861386139,0.8519770448382418,4.0,No aggregate reversal under this configuration.,1631
BRD-K62169556,0.0026299855096439603,1,3,1,3,0.3333333333333333,0.693069306930693,0.8994627872554973,3.0,No aggregate reversal under this configuration.,1632
narciclasine,0.0026460381332450893,9,28,9,28,0.32142857142857145,0.693069306930693,0.8994627872554973,5.392857142857143,No aggregate reversal under this configuration.,1633
flucytosine,0.0026768791379783025,0,1,0,1,0.0,0.5445544554455446,0.8082998354331346,3.0,No aggregate reversal under this configuration.,1634
thiocolchicoside,0.002690960974780812,0,2,0,2,0.0,0.6831683168316832,0.8967613026362877,3.5,No aggregate reversal under this configuration.,1635
t 0901317,0.0026937260608329546,0,1,0,1,0.0,0.6336633663366337,0.8683977831745439,3.0,No aggregate reversal under this configuration.,1636
serdemetan,0.0027076889672675367,0,1,0,1,0.0,0.6831683168316832,0.8967613026362877,3.0,No aggregate reversal under this configuration.,1637
aloisine,0.0027116055697613767,0,1,0,1,0.0,0.7128712871287128,0.9094534746214669,5.0,No aggregate reversal under this configuration.,1638
rhodomyrtoxin b,0.0027137918048613097,1,5,1,5,0.2,0.594059405940594,0.838377879238701,4.8,No aggregate reversal under this configuration.,1639
fccp,0.002773129963496785,3,9,3,9,0.3333333333333333,0.693069306930693,0.8994627872554973,4.444444444444445,No aggregate reversal under this configuration.,1640
kuc104488 kuc104488n,0.0027808246213430338,0,1,0,1,0.0,0.5544554455445545,0.8146718920037654,3.0,No aggregate reversal under this configuration.,1641
mifepristone,0.002836040464311361,1,2,1,2,0.5,0.5643564356435643,0.8220138190289616,4.5,No aggregate reversal under this configuration.,1642
ncgc00229596-01,0.0028361559468412195,1,2,1,2,0.5,0.6435643564356436,0.8748139317986696,3.0,No aggregate reversal under this configuration.,1643
oxibendazole,0.002845586031958432,2,4,2,4,0.5,0.693069306930693,0.8994627872554973,4.5,No aggregate reversal under this configuration.,1644
nitrofurazone,0.002862597934610532,0,1,0,1,0.0,0.6435643564356436,0.8748139317986696,4.0,No aggregate reversal under this configuration.,1645
s1266,0.0028797110449379467,1,4,1,4,0.25,0.7623762376237624,0.9332684392034709,4.5,No aggregate reversal under this configuration.,1646
ALW-II-38-3,0.0028983669719505377,1,3,1,3,0.3333333333333333,0.6534653465346535,0.8833132692921898,3.6666666666666665,No aggregate reversal under this configuration.,1647
tretinoin,0.0029026587642819405,0,1,0,1,0.0,0.7128712871287128,0.9094534746214669,3.0,No aggregate reversal under this configuration.,1648
quinine hemisulfate salt monohydrate,0.002914617107314904,1,2,1,2,0.5,0.5544554455445545,0.8146718920037654,5.5,No aggregate reversal under this configuration.,1649
trequinsin hydrochloride,0.00293487719543187,1,2,1,2,0.5,0.7227722772277227,0.9129975606256276,3.0,No aggregate reversal under this configuration.,1650
ncgc00183412-01,0.0029497492916159855,1,2,1,2,0.5,0.7524752475247525,0.9268759549782,4.5,No aggregate reversal under this configuration.,1651
BRD-K77547509,0.0029504049375392288,1,3,1,3,0.3333333333333333,0.7326732673267327,0.9180535074784074,4.666666666666667,No aggregate reversal under this configuration.,1652
BRD-U68942961,0.0029679325011915192,1,3,1,3,0.3333333333333333,0.6732673267326733,0.8950881665347744,3.6666666666666665,No aggregate reversal under this configuration.,1653
iproniazide phosphate,0.00297195242922914,1,2,1,2,0.5,0.7821782178217822,0.9416388600185985,3.5,No aggregate reversal under this configuration.,1654
hydrocortisone valerate,0.0030187711389934825,0,2,0,2,0.0,0.6534653465346535,0.8833132692921898,7.0,No aggregate reversal under this configuration.,1655
BRD-K94325918,0.0030200679933609174,7,17,7,17,0.4117647058823529,0.7821782178217822,0.9416388600185985,4.470588235294118,No aggregate reversal under this configuration.,1656
ncgc00188535-01,0.003024448958972146,2,4,2,4,0.5,0.801980198019802,0.9466494320071228,3.5,No aggregate reversal under this configuration.,1657
gr-207,0.003055630717703299,0,1,0,1,0.0,0.6336633663366337,0.8683977831745439,4.0,No aggregate reversal under this configuration.,1658
rizatriptan benzoate,0.0030733525839276377,0,1,0,1,0.0,0.504950495049505,0.7667506123434643,5.0,No aggregate reversal under this configuration.,1659
mk-0591,0.0030910238826701393,3,11,3,11,0.2727272727272727,0.6831683168316832,0.8967613026362877,4.7272727272727275,No aggregate reversal under this configuration.,1660
BRD-K06765193,0.0031347713710232605,1,5,1,6,0.2,0.7326732673267327,0.9180535074784074,4.0,No aggregate reversal under this configuration.,1661
ter14687,0.0031472251219597553,1,2,1,2,0.5,0.801980198019802,0.9466494320071228,3.0,No aggregate reversal under this configuration.,1662
rlm-1-127,0.0031692833349911027,0,1,0,1,0.0,0.7425742574257426,0.9235555404855554,3.0,No aggregate reversal under this configuration.,1663
chlorphensin carbamate,0.0031833112085205032,0,1,0,1,0.0,0.7425742574257426,0.9235555404855554,4.0,No aggregate reversal under this configuration.,1664
BRD-K99633092,0.0031958513417888607,1,2,1,2,0.5,0.6732673267326733,0.8950881665347744,4.0,No aggregate reversal under this configuration.,1665
gr-109,0.0032042311269605047,1,3,1,3,0.3333333333333333,0.7425742574257426,0.9235555404855554,3.3333333333333335,No aggregate reversal under this configuration.,1666
ncgc00182390-01,0.0032348843753153174,0,1,0,1,0.0,0.5445544554455446,0.8082998354331346,5.0,No aggregate reversal under this configuration.,1667
BRD-K04534322,0.003239518392517557,0,1,0,1,0.0,0.6732673267326733,0.8950881665347744,6.0,No aggregate reversal under this configuration.,1668
BRD-K47448802,0.00325483954038724,0,1,0,1,0.0,0.6336633663366337,0.8683977831745439,3.0,No aggregate reversal under this configuration.,1669
BRD-K05153001,0.0032929808859457847,2,4,2,4,0.5,0.6435643564356436,0.8748139317986696,4.0,No aggregate reversal under this configuration.,1670
na-tosyl-phe chloromethyl ketone,0.0033079785611848504,1,2,1,2,0.5,0.7722772277227723,0.9380111924235902,3.5,No aggregate reversal under this configuration.,1671
as605240,0.0033203133391239946,5,11,5,11,0.45454545454545453,0.7623762376237624,0.9332684392034709,4.545454545454546,No aggregate reversal under this configuration.,1672
mk-2206,0.0033489615733264654,0,5,0,5,0.0,0.7227722772277227,0.9129975606256276,5.0,No aggregate reversal under this configuration.,1673
BRD-K51189903,0.003355951691129624,1,2,1,2,0.5,0.8118811881188119,0.9511231768338124,3.0,No aggregate reversal under this configuration.,1674
ncgc00241726-01,0.003388864956545541,0,1,0,1,0.0,0.6138613861386139,0.8519770448382418,4.0,No aggregate reversal under this configuration.,1675
pd 158780,0.0033933038820324925,1,3,1,3,0.3333333333333333,0.7227722772277227,0.9129975606256276,3.6666666666666665,No aggregate reversal under this configuration.,1676
BRD-K54822214,0.0034085176591220788,0,1,0,1,0.0,0.7524752475247525,0.9268759549782,3.0,No aggregate reversal under this configuration.,1677
minoxidil,0.003435128953848252,0,1,0,1,0.0,0.693069306930693,0.8994627872554973,5.0,No aggregate reversal under this configuration.,1678
BRD-A81541225,0.003474083333043302,0,2,0,2,0.0,0.7029702970297029,0.905302764318985,5.0,No aggregate reversal under this configuration.,1679
dcpib,0.0035180171711314454,0,1,0,1,0.0,0.6534653465346535,0.8833132692921898,3.0,No aggregate reversal under this configuration.,1680
gsk-3b inhibitor viii,0.0035221764877782437,1,4,1,4,0.25,0.7326732673267327,0.9180535074784074,4.75,No aggregate reversal under this configuration.,1681
BRD-K05331696,0.0035256102250616587,1,2,1,2,0.5,0.7326732673267327,0.9180535074784074,3.0,No aggregate reversal under this configuration.,1682
helveticoside,0.003531899945551587,2,4,2,4,0.5,0.7623762376237624,0.9332684392034709,3.75,No aggregate reversal under this configuration.,1683
bas 02859604,0.0035461220805531306,0,1,0,1,0.0,0.6336633663366337,0.8683977831745439,4.0,No aggregate reversal under this configuration.,1684
pyrvinium pamoate,0.003550335167997319,0,1,0,1,0.0,0.6336633663366337,0.8683977831745439,4.0,No aggregate reversal under this configuration.,1685
BRD-K41859756,0.0035744799564873227,3,14,3,14,0.21428571428571427,0.7524752475247525,0.9268759549782,4.785714285714286,No aggregate reversal under this configuration.,1686
ncgc00165188-01,0.0035970077881009926,1,3,1,3,0.3333333333333333,0.7029702970297029,0.905302764318985,3.6666666666666665,No aggregate reversal under this configuration.,1687
mls-0390982,0.003602352726822299,0,1,0,1,0.0,0.7128712871287128,0.9094534746214669,4.0,No aggregate reversal under this configuration.,1688
sq 22536,0.0036062976503729665,0,1,0,1,0.0,0.5643564356435643,0.8220138190289616,3.0,No aggregate reversal under this configuration.,1689
thiothixene,0.003645493855021531,1,4,1,4,0.25,0.8514851485148515,0.969882978888584,3.0,No aggregate reversal under this configuration.,1690
BRD-K10114046,0.0036603318533198832,0,1,0,1,0.0,0.7227722772277227,0.9129975606256276,3.0,No aggregate reversal under this configuration.,1691
ncgc00183260-01,0.003669162096521553,0,1,0,1,0.0,0.6732673267326733,0.8950881665347744,3.0,No aggregate reversal under this configuration.,1692
"chrysene-1,4-quinone",0.0036697241411857476,0,2,0,2,0.0,0.6831683168316832,0.8967613026362877,4.5,No aggregate reversal under this configuration.,1693
ouabain,0.003674294289164863,4,15,6,20,0.26666666666666666,0.7128712871287128,0.9094534746214669,5.0,No aggregate reversal under this configuration.,1694
bvt 948,0.0036825160009623928,0,1,0,1,0.0,0.5643564356435643,0.8220138190289616,4.0,No aggregate reversal under this configuration.,1695
sb 218078,0.0036961925164926677,0,4,0,4,0.0,0.7425742574257426,0.9235555404855554,5.0,No aggregate reversal under this configuration.,1696
BRD-K85660637,0.0037035071621444606,0,1,0,1,0.0,0.6831683168316832,0.8967613026362877,5.0,No aggregate reversal under this configuration.,1697
GDC-0879,0.0037106456385264898,1,4,1,4,0.25,0.8118811881188119,0.9511231768338124,4.25,No aggregate reversal under this configuration.,1698
rhc 80267,0.003720855906120895,0,1,0,1,0.0,0.801980198019802,0.9466494320071228,3.0,No aggregate reversal under this configuration.,1699
BRD-K71935468,0.0037251891166150096,2,5,2,5,0.4,0.6831683168316832,0.8967613026362877,3.6,No aggregate reversal under this configuration.,1700
ncgc00188740-01,0.0037542468831392763,0,4,0,4,0.0,0.8118811881188119,0.9511231768338124,3.75,No aggregate reversal under this configuration.,1701
abt-751,0.003754731447642057,3,6,3,6,0.5,0.6633663366336634,0.8917182279609824,5.166666666666667,No aggregate reversal under this configuration.,1702
tgx-115,0.0037547699842437367,2,10,2,10,0.2,0.8316831683168316,0.9619095667528536,4.8,No aggregate reversal under this configuration.,1703
pkcbeta inhibitor,0.0037643574345136606,0,4,0,4,0.0,0.693069306930693,0.8994627872554973,3.75,No aggregate reversal under this configuration.,1704
skf 86002 dihydrochloride,0.0037654617389901264,0,1,0,1,0.0,0.7128712871287128,0.9094534746214669,3.0,No aggregate reversal under this configuration.,1705
BRD-A68930007 (ouabain),0.003772453311933183,1,2,1,2,0.5,0.7326732673267327,0.9180535074784074,4.0,No aggregate reversal under this configuration.,1706
BRD-K58853583,0.003776826886628534,1,3,1,3,0.3333333333333333,0.7524752475247525,0.9268759549782,3.6666666666666665,No aggregate reversal under this configuration.,1707
NVP-BGJ398,0.0037819354367301062,0,1,0,1,0.0,0.6237623762376238,0.8618758515039837,7.0,No aggregate reversal under this configuration.,1708
ebt or (erichrome black t),0.00379490568022294,0,1,0,1,0.0,0.6237623762376238,0.8618758515039837,4.0,No aggregate reversal under this configuration.,1709
cvf-csc-7 brd-a32595718,0.0038061059829694512,1,3,1,3,0.3333333333333333,0.6435643564356436,0.8748139317986696,4.333333333333333,No aggregate reversal under this configuration.,1710
BRD-K51683034,0.003833252172804436,1,2,1,2,0.5,0.801980198019802,0.9466494320071228,3.5,No aggregate reversal under this configuration.,1711
BRD-A32214171,0.0038508160076276975,0,2,0,2,0.0,0.8118811881188119,0.9511231768338124,3.5,No aggregate reversal under this configuration.,1712
imodium,0.0038724689279171975,2,4,2,4,0.5,0.7821782178217822,0.9416388600185985,4.5,No aggregate reversal under this configuration.,1713
dl-pdmp,0.00388558612790504,3,10,3,10,0.3,0.7128712871287128,0.9094534746214669,4.7,No aggregate reversal under this configuration.,1714
BRD-K56593336,0.00389823017228828,1,3,1,3,0.3333333333333333,0.8118811881188119,0.9511231768338124,3.6666666666666665,No aggregate reversal under this configuration.,1715
salubrinal,0.003934209959551616,0,1,0,1,0.0,0.6732673267326733,0.8950881665347744,5.0,No aggregate reversal under this configuration.,1716
psh 025,0.003939520523034479,0,1,0,1,0.0,0.693069306930693,0.8994627872554973,3.0,No aggregate reversal under this configuration.,1717
BRD-A83124583,0.00394835575560543,2,4,2,4,0.5,0.7821782178217822,0.9416388600185985,5.25,No aggregate reversal under this configuration.,1718
kn-93,0.003952590871634401,0,1,0,1,0.0,0.7326732673267327,0.9180535074784074,3.0,No aggregate reversal under this configuration.,1719
norketamine hydrochloride,0.003952590871634401,0,1,0,1,0.0,0.594059405940594,0.838377879238701,3.0,No aggregate reversal under this configuration.,1720
cymarin,0.003953938242209587,3,10,3,10,0.3,0.7722772277227723,0.9380111924235902,5.9,No aggregate reversal under this configuration.,1721
cc-100,0.003954441316763887,1,3,1,3,0.3333333333333333,0.7029702970297029,0.905302764318985,3.0,No aggregate reversal under this configuration.,1722
s1481,0.003978337585010746,0,1,0,1,0.0,0.693069306930693,0.8994627872554973,3.0,No aggregate reversal under this configuration.,1723
pimozide,0.003982776944338471,2,6,2,6,0.3333333333333333,0.8415841584158416,0.9677107552443899,4.666666666666667,No aggregate reversal under this configuration.,1724
BRD-K02174945,0.003987374550517522,0,1,0,1,0.0,0.6732673267326733,0.8950881665347744,3.0,No aggregate reversal under this configuration.,1725
gbr 13069 dihydrochloride,0.003995376306633006,0,1,0,1,0.0,0.6039603960396039,0.8452342344060996,3.0,No aggregate reversal under this configuration.,1726
perhexiline maleate,0.004004561535234794,3,15,3,15,0.2,0.7920792079207921,0.9436525937995659,4.8,No aggregate reversal under this configuration.,1727
fananserin,0.004006700181251963,0,1,0,1,0.0,0.7722772277227723,0.9380111924235902,4.0,No aggregate reversal under this configuration.,1728
niguldipine,0.0040547292237146405,2,4,2,4,0.5,0.693069306930693,0.8994627872554973,4.25,No aggregate reversal under this configuration.,1729
BRD-K83509924,0.00406849142819934,0,1,0,1,0.0,0.7029702970297029,0.905302764318985,3.0,No aggregate reversal under this configuration.,1730
BRD-K19166598,0.004077835681891546,1,2,1,2,0.5,0.6732673267326733,0.8950881665347744,3.5,No aggregate reversal under this configuration.,1731
unc0321,0.004081200711107893,0,1,0,1,0.0,0.5841584158415841,0.8330374267793271,8.0,No aggregate reversal under this configuration.,1732
ch 55,0.00411749880957272,3,9,3,9,0.3333333333333333,0.8910891089108911,0.9811435918730833,4.0,No aggregate reversal under this configuration.,1733
oxybenzone,0.004167047445925349,0,2,0,2,0.0,0.7524752475247525,0.9268759549782,4.0,No aggregate reversal under this configuration.,1734
ncgc00182615-01,0.004178807196391305,0,1,0,1,0.0,0.6138613861386139,0.8519770448382418,5.0,No aggregate reversal under this configuration.,1735
pz0013,0.004200553031803357,0,1,0,1,0.0,0.7821782178217822,0.9416388600185985,3.0,No aggregate reversal under this configuration.,1736
BRD-K68174511,0.0042423005304867804,3,9,3,9,0.3333333333333333,0.8217821782178217,0.9555300780878514,4.555555555555555,No aggregate reversal under this configuration.,1737
norethindrone,0.004264529283018431,0,2,0,3,0.0,0.7524752475247525,0.9268759549782,4.666666666666667,No aggregate reversal under this configuration.,1738
cjd-pla-20-1,0.0043212652776907,0,1,0,1,0.0,0.8118811881188119,0.9511231768338124,3.0,No aggregate reversal under this configuration.,1739
arctigenin,0.004326920285452938,0,1,0,1,0.0,0.6534653465346535,0.8833132692921898,4.0,No aggregate reversal under this configuration.,1740
ivermectin,0.004338045721286165,1,2,1,2,0.5,0.594059405940594,0.838377879238701,3.5,No aggregate reversal under this configuration.,1741
s1485,0.00437311764704953,0,2,0,2,0.0,0.7425742574257426,0.9235555404855554,3.0,No aggregate reversal under this configuration.,1742
BRD-K31491153,0.004376452935697148,1,2,1,2,0.5,0.6732673267326733,0.8950881665347744,4.5,No aggregate reversal under this configuration.,1743
fenbendazole,0.004389034420093631,0,1,0,1,0.0,0.6831683168316832,0.8967613026362877,5.0,No aggregate reversal under this configuration.,1744
BRD-K20492338,0.004418303350904844,0,1,0,1,0.0,0.693069306930693,0.8994627872554973,4.0,No aggregate reversal under this configuration.,1745
BRD-K10705233,0.004418528793893092,2,8,2,8,0.25,0.7623762376237624,0.9332684392034709,4.625,No aggregate reversal under this configuration.,1746
clobenpropit dihydrobromide,0.004436074847384402,0,1,0,1,0.0,0.6435643564356436,0.8748139317986696,3.0,No aggregate reversal under this configuration.,1747
devazepide,0.004451648429289866,1,3,1,3,0.3333333333333333,0.693069306930693,0.8994627872554973,4.0,No aggregate reversal under this configuration.,1748
AT7867,0.004477561542878337,1,5,1,5,0.2,0.900990099009901,0.9850764805532234,4.8,No aggregate reversal under this configuration.,1749
dc-45-a2,0.004493708514033098,1,2,1,2,0.5,0.7227722772277227,0.9129975606256276,3.5,No aggregate reversal under this configuration.,1750
BRD-K32827536,0.004493772781980947,0,1,0,1,0.0,0.7425742574257426,0.9235555404855554,3.0,No aggregate reversal under this configuration.,1751
BRD-K42499654,0.004524655753282865,1,3,1,3,0.3333333333333333,0.8415841584158416,0.9677107552443899,4.333333333333333,No aggregate reversal under this configuration.,1752
ly-294002,0.004537905075580665,1,3,1,3,0.3333333333333333,0.8712871287128713,0.9776521949547298,3.0,No aggregate reversal under this configuration.,1753
doxycycline,0.004551374182516021,0,1,0,1,0.0,0.8811881188118812,0.9776521949547298,4.0,No aggregate reversal under this configuration.,1754
BRD-K45399554,0.004555487352783799,2,4,2,4,0.5,0.7821782178217822,0.9416388600185985,5.75,No aggregate reversal under this configuration.,1755
BRD-K56477805,0.004574419298454985,0,1,0,1,0.0,0.7227722772277227,0.9129975606256276,3.0,No aggregate reversal under this configuration.,1756
"l-732,138",0.004583539477017714,0,1,0,1,0.0,0.6237623762376238,0.8618758515039837,3.0,No aggregate reversal under this configuration.,1757
sertindole,0.004591727092597995,0,1,0,1,0.0,0.7920792079207921,0.9436525937995659,3.0,No aggregate reversal under this configuration.,1758
mls-0435555.0001,0.00460535108191421,0,1,0,1,0.0,0.7821782178217822,0.9416388600185985,4.0,No aggregate reversal under this configuration.,1759
carbetapentane citrate,0.004623206287297024,0,1,0,1,0.0,0.6831683168316832,0.8967613026362877,4.0,No aggregate reversal under this configuration.,1760
clopidogrel,0.004624850026728279,0,2,0,2,0.0,0.7227722772277227,0.9129975606256276,3.5,No aggregate reversal under this configuration.,1761
finasteride,0.004632020242821128,1,3,1,3,0.3333333333333333,0.8217821782178217,0.9555300780878514,3.6666666666666665,No aggregate reversal under this configuration.,1762
isoliquiritigenin,0.004638363126875973,0,5,0,5,0.0,0.8613861386138614,0.9760584482785252,3.4,No aggregate reversal under this configuration.,1763
BRD-K12238169,0.004653562206803609,0,1,0,1,0.0,0.7524752475247525,0.9268759549782,3.0,No aggregate reversal under this configuration.,1764
BRD-K31841256,0.004653562206803609,0,1,0,1,0.0,0.7722772277227723,0.9380111924235902,3.0,No aggregate reversal under this configuration.,1765
"methyldopa (l,-)",0.004660427222858846,0,1,0,1,0.0,0.801980198019802,0.9466494320071228,3.0,No aggregate reversal under this configuration.,1766
o-1918,0.00467326978297451,0,1,0,1,0.0,0.6831683168316832,0.8967613026362877,5.0,No aggregate reversal under this configuration.,1767
BRD-K59470558,0.004681946590901913,0,1,0,1,0.0,0.6336633663366337,0.8683977831745439,3.0,No aggregate reversal under this configuration.,1768
XMD-892,0.004714456911822679,1,5,1,5,0.2,0.7227722772277227,0.9129975606256276,4.8,No aggregate reversal under this configuration.,1769
digoxigenin,0.004726061456644117,2,4,2,4,0.5,0.7227722772277227,0.9129975606256276,6.75,No aggregate reversal under this configuration.,1770
BRD-K28115298,0.004740356486893872,0,1,0,1,0.0,0.8712871287128713,0.9776521949547298,3.0,No aggregate reversal under this configuration.,1771
ro 28-1675 ?,0.004755299638535505,6,20,6,20,0.3,0.8316831683168316,0.9619095667528536,5.05,No aggregate reversal under this configuration.,1772
bx-795,0.004757004757994724,5,15,5,15,0.3333333333333333,0.8811881188118812,0.9776521949547298,3.7333333333333334,No aggregate reversal under this configuration.,1773
praziquantel,0.004774654472595212,0,1,0,1,0.0,0.7128712871287128,0.9094534746214669,3.0,No aggregate reversal under this configuration.,1774
st4029573,0.004776573892070757,0,2,0,2,0.0,0.7425742574257426,0.9235555404855554,3.5,No aggregate reversal under this configuration.,1775
itavastatin ca,0.004785021143444076,1,3,1,3,0.3333333333333333,0.6831683168316832,0.8967613026362877,5.0,No aggregate reversal under this configuration.,1776
pnu 74654,0.004787917521034319,5,12,5,12,0.4166666666666667,0.9207920792079208,0.9903286972330008,3.5,No aggregate reversal under this configuration.,1777
isoeugenitol,0.004791261926035309,0,1,0,1,0.0,0.7128712871287128,0.9094534746214669,3.0,No aggregate reversal under this configuration.,1778
BRD-K93443135,0.004826576280900407,0,1,0,1,0.0,0.7029702970297029,0.905302764318985,3.0,No aggregate reversal under this configuration.,1779
2-chloroadenosine,0.004848003534933631,0,2,0,2,0.0,0.7326732673267327,0.9180535074784074,4.0,No aggregate reversal under this configuration.,1780
guanabenz acetate,0.0048637205784669195,0,1,0,1,0.0,0.6732673267326733,0.8950881665347744,4.0,No aggregate reversal under this configuration.,1781
puromycin dihydrochloride,0.004865274744505595,2,5,2,5,0.4,0.6831683168316832,0.8967613026362877,4.4,No aggregate reversal under this configuration.,1782
vu0365121-1,0.004887331032307458,1,2,1,2,0.5,0.693069306930693,0.8994627872554973,4.5,No aggregate reversal under this configuration.,1783
z-leu3-vs,0.004901080975180629,1,4,1,4,0.25,0.6831683168316832,0.8967613026362877,6.25,No aggregate reversal under this configuration.,1784
bithionate sodium,0.004914213571551595,2,5,2,5,0.4,0.801980198019802,0.9466494320071228,3.2,No aggregate reversal under this configuration.,1785
BRD-A15010982,0.004920251921968423,1,3,1,3,0.3333333333333333,0.7920792079207921,0.9436525937995659,3.6666666666666665,No aggregate reversal under this configuration.,1786
ncgc00185094-01,0.00492412193603127,0,1,0,1,0.0,0.7623762376237624,0.9332684392034709,3.0,No aggregate reversal under this configuration.,1787
"fluphenazine-n-2-chloroethane, dihydrochloride",0.0049258537504285466,0,1,0,1,0.0,0.7821782178217822,0.9416388600185985,3.0,No aggregate reversal under this configuration.,1788
BRD-K14704318,0.004927295447083171,0,1,0,1,0.0,0.6336633663366337,0.8683977831745439,7.0,No aggregate reversal under this configuration.,1789
chloroquine diphosphate,0.004959068820275931,0,1,0,1,0.0,0.7227722772277227,0.9129975606256276,4.0,No aggregate reversal under this configuration.,1790
BRD-K51377689,0.004965481391249195,0,1,0,1,0.0,0.8415841584158416,0.9677107552443899,4.0,No aggregate reversal under this configuration.,1791
amoxapine,0.004985400867333484,0,2,0,2,0.0,0.7920792079207921,0.9436525937995659,5.0,No aggregate reversal under this configuration.,1792
ncgc00184716-01,0.005044483151832292,1,2,1,2,0.5,0.7128712871287128,0.9094534746214669,4.0,No aggregate reversal under this configuration.,1793
isoquercitrin,0.005057602420843762,0,1,0,1,0.0,0.7623762376237624,0.9332684392034709,4.0,No aggregate reversal under this configuration.,1794
BRD-K93568044 (hydrocortisone),0.005070321090653541,0,1,0,1,0.0,0.7524752475247525,0.9268759549782,4.0,No aggregate reversal under this configuration.,1795
BRD-K11558771,0.005083189097977401,1,2,1,2,0.5,0.7920792079207921,0.9436525937995659,3.5,No aggregate reversal under this configuration.,1796
imd 0354,0.005111140386149664,7,23,8,28,0.30434782608695654,0.8316831683168316,0.9619095667528536,5.107142857142857,No aggregate reversal under this configuration.,1797
BRD-A62809825,0.005135140999447225,0,5,0,5,0.0,0.6732673267326733,0.8950881665347744,5.2,No aggregate reversal under this configuration.,1798
BRD-K69676861,0.00514443363561069,0,1,0,1,0.0,0.7326732673267327,0.9180535074784074,3.0,No aggregate reversal under this configuration.,1799
bis-tyrphostin,0.005166013774651618,0,1,0,1,0.0,0.6534653465346535,0.8833132692921898,3.0,No aggregate reversal under this configuration.,1800
linolenic acid (18:3 n-3),0.005215512615692354,0,2,0,2,0.0,0.7326732673267327,0.9180535074784074,3.0,No aggregate reversal under this configuration.,1801
BRD-K03736784,0.005240970668090294,1,4,1,4,0.25,0.8514851485148515,0.969882978888584,8.0,No aggregate reversal under this configuration.,1802
daminozide,0.005243193008530563,0,1,0,1,0.0,0.7821782178217822,0.9416388600185985,5.0,No aggregate reversal under this configuration.,1803
proscillaridin a,0.00524500023766578,4,10,4,10,0.4,0.8712871287128713,0.9776521949547298,5.3,No aggregate reversal under this configuration.,1804
isorotenone,0.005282168313440381,0,1,0,1,0.0,0.693069306930693,0.8994627872554973,4.0,No aggregate reversal under this configuration.,1805
BRD-K94173926,0.0052909540018259435,0,1,0,1,0.0,0.6831683168316832,0.8967613026362877,3.0,No aggregate reversal under this configuration.,1806
"l-168,049",0.005302889090582163,1,2,1,2,0.5,0.8811881188118812,0.9776521949547298,3.0,No aggregate reversal under this configuration.,1807
WZ-4002,0.005323752943927684,1,4,1,4,0.25,0.7920792079207921,0.9436525937995659,4.0,No aggregate reversal under this configuration.,1808
ncgc00242337-01,0.005335252789829644,0,1,0,1,0.0,0.7722772277227723,0.9380111924235902,4.0,No aggregate reversal under this configuration.,1809
BRD-A68065211,0.005341261947659919,2,5,2,5,0.4,0.7821782178217822,0.9416388600185985,4.8,No aggregate reversal under this configuration.,1810
abt-888 (veliparib),0.005441003169820761,1,3,1,3,0.3333333333333333,0.9306930693069307,0.9945954870131448,4.333333333333333,No aggregate reversal under this configuration.,1811
venlafaxine hcl,0.005455546249833765,0,1,0,1,0.0,0.7920792079207921,0.9436525937995659,3.0,No aggregate reversal under this configuration.,1812
BRD-A06641369,0.005474177548006964,0,1,0,1,0.0,0.8514851485148515,0.969882978888584,3.0,No aggregate reversal under this configuration.,1813
mwp00339,0.005485753958975933,0,1,0,1,0.0,0.7029702970297029,0.905302764318985,3.0,No aggregate reversal under this configuration.,1814
tanespimycin,0.00551411508701394,3,7,6,14,0.42857142857142855,0.8316831683168316,0.9619095667528536,5.071428571428571,No aggregate reversal under this configuration.,1815
s1222,0.005546181683726885,1,3,1,3,0.3333333333333333,0.8415841584158416,0.9677107552443899,5.333333333333333,No aggregate reversal under this configuration.,1816
BRD-U33728988,0.005560842504684549,3,8,3,8,0.375,0.8910891089108911,0.9811435918730833,4.25,No aggregate reversal under this configuration.,1817
nsc 23766,0.005572254653498212,1,3,1,3,0.3333333333333333,0.9108910891089109,0.9884619936097195,5.666666666666667,No aggregate reversal under this configuration.,1818
s1154,0.005592478134269933,1,4,1,4,0.25,0.9207920792079208,0.9903286972330008,3.0,No aggregate reversal under this configuration.,1819
testosterone propionate,0.005622966027617419,0,2,0,3,0.0,0.7524752475247525,0.9268759549782,4.666666666666667,No aggregate reversal under this configuration.,1820
aloisine a,0.005693362590085111,1,2,1,2,0.5,0.8514851485148515,0.969882978888584,4.0,No aggregate reversal under this configuration.,1821
BRD-K74133369,0.005700932340505378,0,2,0,2,0.0,0.801980198019802,0.9466494320071228,3.5,No aggregate reversal under this configuration.,1822
BRD-K39757396,0.0057085025525865675,1,3,1,3,0.3333333333333333,0.8811881188118812,0.9776521949547298,3.3333333333333335,No aggregate reversal under this configuration.,1823
everolimus,0.005724464868413382,1,2,1,2,0.5,0.8613861386138614,0.9760584482785252,3.5,No aggregate reversal under this configuration.,1824
rottlerin,0.005731742430650348,1,3,1,3,0.3333333333333333,0.6633663366336634,0.8917182279609824,5.333333333333333,No aggregate reversal under this configuration.,1825
deoxycorticosterone,0.005737744264306379,0,1,0,1,0.0,0.7524752475247525,0.9268759549782,3.0,No aggregate reversal under this configuration.,1826
jak3 inhibitor i,0.005740802118716126,0,1,0,1,0.0,0.8316831683168316,0.9619095667528536,3.0,No aggregate reversal under this configuration.,1827
BRD-K74797618,0.005751603491845957,1,5,1,5,0.2,0.8811881188118812,0.9776521949547298,4.6,No aggregate reversal under this configuration.,1828
ncgc00182371-01,0.005756045467639408,2,7,2,7,0.2857142857142857,0.8514851485148515,0.969882978888584,4.0,No aggregate reversal under this configuration.,1829
BRD-K39829853,0.005762125729700847,1,3,1,3,0.3333333333333333,0.8811881188118812,0.9776521949547298,3.0,No aggregate reversal under this configuration.,1830
vincristine,0.0058300625268346215,1,2,1,2,0.5,0.7821782178217822,0.9416388600185985,5.0,No aggregate reversal under this configuration.,1831
homosalate,0.005851456796884448,0,1,0,1,0.0,0.6732673267326733,0.8950881665347744,4.0,No aggregate reversal under this configuration.,1832
arg-a1-2 brd-k39580048,0.005926598792835972,0,2,0,2,0.0,0.7920792079207921,0.9436525937995659,4.5,No aggregate reversal under this configuration.,1833
cortisol acetate,0.005936015632780263,0,1,0,1,0.0,0.7623762376237624,0.9332684392034709,5.0,No aggregate reversal under this configuration.,1834
mls-0435541.0001,0.00593990369388766,0,2,0,2,0.0,0.9108910891089109,0.9884619936097195,3.0,No aggregate reversal under this configuration.,1835
tc 2559 difumarate,0.005953399710198728,0,2,0,2,0.0,0.801980198019802,0.9466494320071228,3.5,No aggregate reversal under this configuration.,1836
f4679,0.006014966745375732,0,1,0,1,0.0,0.7524752475247525,0.9268759549782,3.0,No aggregate reversal under this configuration.,1837
ncgc00182353-01,0.006029589889370391,0,1,0,1,0.0,0.6435643564356436,0.8748139317986696,3.0,No aggregate reversal under this configuration.,1838
BRD-A50388635,0.006036737813878165,0,1,0,1,0.0,0.7524752475247525,0.9268759549782,5.0,No aggregate reversal under this configuration.,1839
BRD-K71670746,0.00603785360432668,0,1,0,1,0.0,0.6831683168316832,0.8967613026362877,4.0,No aggregate reversal under this configuration.,1840
ic 261,0.006050403571615006,0,3,0,3,0.0,0.8316831683168316,0.9619095667528536,3.3333333333333335,No aggregate reversal under this configuration.,1841
kf 38789,0.006050403571615006,1,3,1,3,0.3333333333333333,0.8811881188118812,0.9776521949547298,3.6666666666666665,No aggregate reversal under this configuration.,1842
BRD-K73125384,0.006050624745262266,0,1,0,1,0.0,0.8712871287128713,0.9776521949547298,3.0,No aggregate reversal under this configuration.,1843
thyroxine (l),0.006061535613282718,0,1,0,1,0.0,0.8217821782178217,0.9555300780878514,4.0,No aggregate reversal under this configuration.,1844
"l-741,626",0.006065651621859251,0,1,0,1,0.0,0.7722772277227723,0.9380111924235902,4.0,No aggregate reversal under this configuration.,1845
15-delta prostaglandin j2,0.00607025319412186,1,2,1,2,0.5,0.7425742574257426,0.9235555404855554,5.0,No aggregate reversal under this configuration.,1846
rho-kinase inhibitor ii,0.006110165236916438,0,1,0,1,0.0,0.8415841584158416,0.9677107552443899,3.0,No aggregate reversal under this configuration.,1847
ci 976,0.006144008056141656,0,1,0,1,0.0,0.8118811881188119,0.9511231768338124,3.0,No aggregate reversal under this configuration.,1848
nu 1025,0.006155515148961231,0,1,0,1,0.0,0.7821782178217822,0.9416388600185985,5.0,No aggregate reversal under this configuration.,1849
(-)-gallocatechin gallate,0.0061600601852269,2,6,2,6,0.3333333333333333,0.8811881188118812,0.9776521949547298,4.333333333333333,No aggregate reversal under this configuration.,1850
bl-009,0.006192617191157328,0,1,0,1,0.0,0.7227722772277227,0.9129975606256276,6.0,No aggregate reversal under this configuration.,1851
bufalin,0.006205622022905328,4,11,4,11,0.36363636363636365,0.8514851485148515,0.969882978888584,4.909090909090909,No aggregate reversal under this configuration.,1852
BRD-K46373671,0.006256154408943793,0,2,0,2,0.0,0.8514851485148515,0.969882978888584,3.0,No aggregate reversal under this configuration.,1853
vu0415555-1,0.00627299171144585,0,1,0,1,0.0,0.8613861386138614,0.9760584482785252,3.0,No aggregate reversal under this configuration.,1854
ncgc00229595-01,0.0062986301793255565,0,1,0,1,0.0,0.900990099009901,0.9850764805532234,3.0,No aggregate reversal under this configuration.,1855
BRD-K05649647,0.006301315502204629,3,10,3,10,0.3,0.9405940594059405,0.995412557282926,3.8,No aggregate reversal under this configuration.,1856
c3393m50,0.006303467202416195,1,4,1,4,0.25,0.8217821782178217,0.9555300780878514,6.25,No aggregate reversal under this configuration.,1857
BRD-K92301463,0.006330025623777395,1,5,1,5,0.2,0.9207920792079208,0.9903286972330008,4.0,No aggregate reversal under this configuration.,1858
rs 17053 hydrochloride,0.0063488026834448395,1,2,1,2,0.5,0.7425742574257426,0.9235555404855554,6.0,No aggregate reversal under this configuration.,1859
hy-10161,0.006362433618104251,0,2,0,3,0.0,0.7524752475247525,0.9268759549782,4.0,No aggregate reversal under this configuration.,1860
BRD-K53932786,0.006372508942390064,2,6,2,6,0.3333333333333333,0.9207920792079208,0.9903286972330008,3.5,No aggregate reversal under this configuration.,1861
BRD-K94580036,0.006374103645710675,0,1,0,1,0.0,0.801980198019802,0.9466494320071228,5.0,No aggregate reversal under this configuration.,1862
sb 202190,0.00640261643651651,0,1,0,1,0.0,0.7920792079207921,0.9436525937995659,6.0,No aggregate reversal under this configuration.,1863
BRD-K68007270,0.006419549649593581,0,2,0,2,0.0,0.7623762376237624,0.9332684392034709,4.0,No aggregate reversal under this configuration.,1864
BRD-K97926541,0.006419741959208387,0,1,0,1,0.0,0.8316831683168316,0.9619095667528536,8.0,No aggregate reversal under this configuration.,1865
stock3s-32439,0.006421878309207079,0,1,0,1,0.0,0.8712871287128713,0.9776521949547298,3.0,No aggregate reversal under this configuration.,1866
12k-612s,0.006436738791443208,0,1,0,1,0.0,0.8811881188118812,0.9776521949547298,3.0,No aggregate reversal under this configuration.,1867
BRD-K90826279,0.006504561073431727,0,2,0,2,0.0,0.7920792079207921,0.9436525937995659,5.5,No aggregate reversal under this configuration.,1868
ncgc00185684-02,0.006526132220143262,0,3,0,3,0.0,0.8613861386138614,0.9760584482785252,3.6666666666666665,No aggregate reversal under this configuration.,1869
nocodazole,0.006529564507400843,1,3,1,3,0.3333333333333333,0.8217821782178217,0.9555300780878514,3.6666666666666665,No aggregate reversal under this configuration.,1870
BRD-K58972465,0.006534536330631268,0,1,0,1,0.0,0.9504950495049505,0.9963606162689784,3.0,No aggregate reversal under this configuration.,1871
BRD-K19295594,0.006542128718863982,2,8,2,8,0.25,0.9207920792079208,0.9903286972330008,4.875,No aggregate reversal under this configuration.,1872
BRD-K89558221,0.006552670016126769,0,1,0,1,0.0,0.7821782178217822,0.9416388600185985,4.0,No aggregate reversal under this configuration.,1873
erk inhibitor 11e,0.006647052241095608,1,3,1,3,0.3333333333333333,0.8712871287128713,0.9776521949547298,3.3333333333333335,No aggregate reversal under this configuration.,1874
mg-132,0.006687872081350809,2,9,2,9,0.2222222222222222,0.8811881188118812,0.9776521949547298,5.222222222222222,No aggregate reversal under this configuration.,1875
compound 58,0.006694379717809454,0,1,0,1,0.0,0.8316831683168316,0.9619095667528536,3.0,No aggregate reversal under this configuration.,1876
BRD-A37735495,0.006695533191647483,0,2,0,2,0.0,0.6633663366336634,0.8917182279609824,5.5,No aggregate reversal under this configuration.,1877
t0516-4420,0.006730661434239451,0,2,0,2,0.0,0.8217821782178217,0.9555300780878514,3.5,No aggregate reversal under this configuration.,1878
BRD-K42021584,0.006743264822324622,0,1,0,1,0.0,0.7920792079207921,0.9436525937995659,3.0,No aggregate reversal under this configuration.,1879
BRD-K16290432,0.006789761291934097,0,1,0,1,0.0,0.8712871287128713,0.9776521949547298,3.0,No aggregate reversal under this configuration.,1880
mls-0425600,0.006796171773100071,0,1,0,1,0.0,0.8910891089108911,0.9811435918730833,4.0,No aggregate reversal under this configuration.,1881
pd 98059,0.006796488088664419,0,1,0,1,0.0,0.8118811881188119,0.9511231768338124,3.0,No aggregate reversal under this configuration.,1882
s1118,0.006805697825989267,0,2,0,2,0.0,0.900990099009901,0.9850764805532234,4.5,No aggregate reversal under this configuration.,1883
olaparib,0.006831165788045907,0,1,0,1,0.0,0.7623762376237624,0.9332684392034709,3.0,No aggregate reversal under this configuration.,1884
wr 216174,0.006854360227834711,1,2,1,2,0.5,0.7722772277227723,0.9380111924235902,5.5,No aggregate reversal under this configuration.,1885
fulvestrant,0.006870189464145526,1,2,2,3,0.5,0.801980198019802,0.9466494320071228,3.3333333333333335,No aggregate reversal under this configuration.,1886
BRD-A26199074,0.006872071235497417,1,3,1,3,0.3333333333333333,0.8613861386138614,0.9760584482785252,4.333333333333333,No aggregate reversal under this configuration.,1887
srt-1720,0.0068998361194181615,0,1,0,1,0.0,0.8613861386138614,0.9760584482785252,5.0,No aggregate reversal under this configuration.,1888
bo2 (inhibits rad51),0.006915843041868797,3,11,3,11,0.2727272727272727,0.9504950495049505,0.9963606162689784,4.090909090909091,No aggregate reversal under this configuration.,1889
d-64131,0.006934978866871322,2,5,2,5,0.4,0.8514851485148515,0.969882978888584,3.8,No aggregate reversal under this configuration.,1890
api-2,0.006938259661927918,1,4,1,4,0.25,0.8910891089108911,0.9811435918730833,4.5,No aggregate reversal under this configuration.,1891
BRD-K72817452,0.006952334100201957,0,1,0,1,0.0,0.7227722772277227,0.9129975606256276,4.0,No aggregate reversal under this configuration.,1892
BRD-A81530502,0.006980411254110596,2,4,2,4,0.5,0.8613861386138614,0.9760584482785252,3.75,No aggregate reversal under this configuration.,1893
BRD-K71172276,0.006984847852793169,0,1,0,1,0.0,0.7821782178217822,0.9416388600185985,3.0,No aggregate reversal under this configuration.,1894
azd8055,0.006997169255943181,6,20,6,20,0.3,0.8910891089108911,0.9811435918730833,4.45,No aggregate reversal under this configuration.,1895
methyl benzethonium chloride,0.0070196171550579375,0,2,0,2,0.0,0.7326732673267327,0.9180535074784074,5.0,No aggregate reversal under this configuration.,1896
ikk-3 inhibitor ix,0.007023340119875182,0,1,0,1,0.0,0.8910891089108911,0.9811435918730833,3.0,No aggregate reversal under this configuration.,1897
ncgc00012852-02,0.007043158943368025,0,2,0,2,0.0,0.9702970297029703,0.9963606162689784,3.5,No aggregate reversal under this configuration.,1898
BRD-K19724398,0.007044747620518755,1,4,1,4,0.25,0.9504950495049505,0.9963606162689784,4.25,No aggregate reversal under this configuration.,1899
BRD-K89692698,0.007071503511893899,1,2,1,2,0.5,0.8613861386138614,0.9760584482785252,3.5,No aggregate reversal under this configuration.,1900
BRD-K80348542,0.007080925321613199,3,9,3,9,0.3333333333333333,0.900990099009901,0.9850764805532234,4.222222222222222,No aggregate reversal under this configuration.,1901
(s)-(-)-bay k 8644,0.007085345226495454,0,1,0,1,0.0,0.7722772277227723,0.9380111924235902,3.0,No aggregate reversal under this configuration.,1902
SGI-1776,0.0071049865702042265,1,3,1,3,0.3333333333333333,0.801980198019802,0.9466494320071228,7.333333333333333,No aggregate reversal under this configuration.,1903
BRD-A75409952 (wortmannin),0.007128875198315102,1,4,1,5,0.25,0.900990099009901,0.9850764805532234,4.6,No aggregate reversal under this configuration.,1904
mbcq,0.007150979364061395,1,2,1,2,0.5,0.9108910891089109,0.9884619936097195,3.5,No aggregate reversal under this configuration.,1905
BRD-K05104363,0.007155118946623211,1,3,2,4,0.3333333333333333,0.8514851485148515,0.969882978888584,3.25,No aggregate reversal under this configuration.,1906
sib 1893,0.007158504163196791,2,4,2,4,0.5,0.7623762376237624,0.9332684392034709,4.5,No aggregate reversal under this configuration.,1907
estriol,0.007173771447185021,0,1,0,1,0.0,0.8217821782178217,0.9555300780878514,5.0,No aggregate reversal under this configuration.,1908
chlorhexidine,0.007198195905677391,0,1,0,1,0.0,0.8217821782178217,0.9555300780878514,6.0,No aggregate reversal under this configuration.,1909
ub 165 fumarate,0.00719955662690521,0,1,0,1,0.0,0.8415841584158416,0.9677107552443899,3.0,No aggregate reversal under this configuration.,1910
BRD-A75301702,0.007204300403897481,0,2,0,2,0.0,0.900990099009901,0.9850764805532234,3.5,No aggregate reversal under this configuration.,1911
hy-10966,0.007215911721040694,1,2,1,2,0.5,0.801980198019802,0.9466494320071228,5.0,No aggregate reversal under this configuration.,1912
BRD-K48803730,0.007218632840777733,0,1,0,1,0.0,0.8811881188118812,0.9776521949547298,3.0,No aggregate reversal under this configuration.,1913
elesclomol,0.007234450542545319,2,8,2,8,0.25,0.9603960396039604,0.9963606162689784,4.25,No aggregate reversal under this configuration.,1914
ncgc00182554-02,0.0072493389590747625,0,1,0,1,0.0,0.7920792079207921,0.9436525937995659,3.0,No aggregate reversal under this configuration.,1915
BRD-K95760042,0.007275135284074022,0,1,0,1,0.0,0.8118811881188119,0.9511231768338124,3.0,No aggregate reversal under this configuration.,1916
emetine dihydrochloride hydrate (74),0.007280750542635455,7,24,7,24,0.2916666666666667,0.9405940594059405,0.995412557282926,4.5,No aggregate reversal under this configuration.,1917
I-BET151,0.007310102180090974,7,21,7,21,0.3333333333333333,0.8712871287128713,0.9776521949547298,6.428571428571429,No aggregate reversal under this configuration.,1918
"na-tosyl-lys chloromethyl ketone, hydrochloride",0.00733481830315951,0,1,0,1,0.0,0.7227722772277227,0.9129975606256276,8.0,No aggregate reversal under this configuration.,1919
BRD-K47635719 (dexamethasone acetate),0.007468690830865695,0,1,0,1,0.0,0.6831683168316832,0.8967613026362877,6.0,No aggregate reversal under this configuration.,1920
XMD11-85H,0.007485737666642858,1,5,1,5,0.2,0.9702970297029703,0.9963606162689784,3.8,No aggregate reversal under this configuration.,1921
methoxy-6-harmalan,0.0074948293211346715,0,1,0,1,0.0,0.8415841584158416,0.9677107552443899,3.0,No aggregate reversal under this configuration.,1922
mst- 312,0.007496385008694862,2,5,2,5,0.4,0.8118811881188119,0.9511231768338124,5.4,No aggregate reversal under this configuration.,1923
ag-879,0.007539345439529766,1,6,1,6,0.16666666666666666,0.8712871287128713,0.9776521949547298,4.166666666666667,No aggregate reversal under this configuration.,1924
BRD-K40175214,0.007539481460249178,2,5,2,5,0.4,0.8514851485148515,0.969882978888584,4.2,No aggregate reversal under this configuration.,1925
bromocriptine mesylate,0.007562626249537191,0,1,0,1,0.0,0.8613861386138614,0.9760584482785252,4.0,No aggregate reversal under this configuration.,1926
testosterone,0.007565364189788339,1,3,2,5,0.3333333333333333,0.9108910891089109,0.9884619936097195,4.0,No aggregate reversal under this configuration.,1927
BRD-K82732294,0.007619217819465437,1,7,1,7,0.14285714285714285,0.900990099009901,0.9850764805532234,4.571428571428571,No aggregate reversal under this configuration.,1928
hy-10181,0.0076431446607352245,0,2,0,2,0.0,0.8118811881188119,0.9511231768338124,4.5,No aggregate reversal under this configuration.,1929
BRD-K60067222,0.0076805033771311145,1,2,1,2,0.5,0.9405940594059405,0.995412557282926,3.0,No aggregate reversal under this configuration.,1930
vincristine sulfate,0.007705242566160478,2,9,4,13,0.2222222222222222,0.9900990099009901,0.9997338936859396,4.3076923076923075,No aggregate reversal under this configuration.,1931
vu0420364-1,0.007714917466676972,1,2,1,2,0.5,0.7821782178217822,0.9416388600185985,3.5,No aggregate reversal under this configuration.,1932
strophantine octahydrate,0.007727820952804708,1,6,1,6,0.16666666666666666,0.900990099009901,0.9850764805532234,4.5,No aggregate reversal under this configuration.,1933
psh 013,0.007804433830860795,0,1,0,1,0.0,0.8811881188118812,0.9776521949547298,4.0,No aggregate reversal under this configuration.,1934
BRD-K44781077,0.007810061486035001,0,1,0,1,0.0,0.8217821782178217,0.9555300780878514,4.0,No aggregate reversal under this configuration.,1935
indirubin-3-oxime,0.007850577259863935,0,3,0,3,0.0,0.8415841584158416,0.9677107552443899,4.0,No aggregate reversal under this configuration.,1936
hy-11068,0.007872679350119996,0,3,0,3,0.0,0.8217821782178217,0.9555300780878514,3.3333333333333335,No aggregate reversal under this configuration.,1937
mls-0106435.0004,0.007885353611774653,0,1,0,1,0.0,0.8910891089108911,0.9811435918730833,5.0,No aggregate reversal under this configuration.,1938
rifampicin,0.007889633269279949,0,1,0,1,0.0,0.7821782178217822,0.9416388600185985,3.0,No aggregate reversal under this configuration.,1939
carbidopa,0.007900287052148236,0,1,0,1,0.0,0.7128712871287128,0.9094534746214669,3.0,No aggregate reversal under this configuration.,1940
ncgc00182357-01,0.007922152540446838,1,2,1,2,0.5,0.8811881188118812,0.9776521949547298,4.5,No aggregate reversal under this configuration.,1941
BRD-K01834163,0.007951792177557131,0,2,0,2,0.0,0.9207920792079208,0.9903286972330008,3.5,No aggregate reversal under this configuration.,1942
bambuterol hydrochloride,0.007983997028239572,0,2,0,2,0.0,0.9306930693069307,0.9945954870131448,3.0,No aggregate reversal under this configuration.,1943
12k-613s,0.008026931696093392,0,1,0,1,0.0,0.8514851485148515,0.969882978888584,3.0,No aggregate reversal under this configuration.,1944
lfm-a13,0.008042191347559494,0,1,0,1,0.0,0.801980198019802,0.9466494320071228,3.0,No aggregate reversal under this configuration.,1945
BRD-K46171503,0.008065199341482063,0,1,0,1,0.0,0.7722772277227723,0.9380111924235902,3.0,No aggregate reversal under this configuration.,1946
gw 7647,0.008082363828228115,0,1,0,1,0.0,0.8217821782178217,0.9555300780878514,3.0,No aggregate reversal under this configuration.,1947
BRD-K19624190,0.00811802608164599,0,3,0,3,0.0,0.900990099009901,0.9850764805532234,3.0,No aggregate reversal under this configuration.,1948
lonidamine,0.00822151409596946,2,5,2,5,0.4,0.9108910891089109,0.9884619936097195,3.4,No aggregate reversal under this configuration.,1949
BRD-A20697603,0.008224924283166835,4,12,4,14,0.3333333333333333,0.9702970297029703,0.9963606162689784,5.357142857142857,No aggregate reversal under this configuration.,1950
mls-0454339.0002,0.008268271650537753,0,1,0,1,0.0,0.8811881188118812,0.9776521949547298,3.0,No aggregate reversal under this configuration.,1951
BRD-K08463963,0.008305407753995705,0,1,0,1,0.0,0.7920792079207921,0.9436525937995659,4.0,No aggregate reversal under this configuration.,1952
BRD-K73261812,0.008352654508677337,2,10,2,10,0.2,0.9108910891089109,0.9884619936097195,4.2,No aggregate reversal under this configuration.,1953
hy-10044,0.008353671406405305,2,8,2,8,0.25,0.9405940594059405,0.995412557282926,4.625,No aggregate reversal under this configuration.,1954
ncgc00182380-01,0.008446960081924417,1,2,1,2,0.5,0.9603960396039604,0.9963606162689784,3.5,No aggregate reversal under this configuration.,1955
BRD-K59705555,0.00845840176881546,0,1,0,1,0.0,0.8118811881188119,0.9511231768338124,3.0,No aggregate reversal under this configuration.,1956
clebopride maleate,0.008473038455404373,0,1,0,1,0.0,0.7920792079207921,0.9436525937995659,3.0,No aggregate reversal under this configuration.,1957
s1452,0.008525790458680464,0,1,0,1,0.0,0.801980198019802,0.9466494320071228,4.0,No aggregate reversal under this configuration.,1958
BRD-K06405410,0.008624469258574729,0,1,0,1,0.0,0.8316831683168316,0.9619095667528536,5.0,No aggregate reversal under this configuration.,1959
digitoxin,0.008639048620482766,2,8,2,8,0.25,0.8217821782178217,0.9555300780878514,6.5,No aggregate reversal under this configuration.,1960
evodiamine,0.008650089941772764,0,3,0,3,0.0,0.8613861386138614,0.9760584482785252,3.0,No aggregate reversal under this configuration.,1961
cam-9-021 brd-k05563014,0.008666821012231027,0,1,0,1,0.0,0.8415841584158416,0.9677107552443899,3.0,No aggregate reversal under this configuration.,1962
s-8599,0.00867572509898368,0,1,0,1,0.0,0.8811881188118812,0.9776521949547298,6.0,No aggregate reversal under this configuration.,1963
anafranil,0.008685171382670564,0,1,0,1,0.0,0.8514851485148515,0.969882978888584,3.0,No aggregate reversal under this configuration.,1964
benzethonium chloride,0.008685643499116165,0,2,0,2,0.0,0.7920792079207921,0.9436525937995659,4.0,No aggregate reversal under this configuration.,1965
chemistry 1735,0.008698055921312594,0,1,0,1,0.0,0.8712871287128713,0.9776521949547298,7.0,No aggregate reversal under this configuration.,1966
pf 750,0.008721392857499913,2,5,2,5,0.4,0.9207920792079208,0.9903286972330008,4.4,No aggregate reversal under this configuration.,1967
ethylestrenol,0.008728123625718754,0,1,0,1,0.0,0.9801980198019802,0.9971295448872618,3.0,No aggregate reversal under this configuration.,1968
tpca-1,0.008782697307866133,0,8,0,8,0.0,0.9405940594059405,0.995412557282926,4.875,No aggregate reversal under this configuration.,1969
BRD-K74029109,0.00880036114459837,0,2,0,2,0.0,0.9405940594059405,0.995412557282926,4.5,No aggregate reversal under this configuration.,1970
sr 142948,0.008825788104460882,0,1,0,1,0.0,0.7029702970297029,0.905302764318985,4.0,No aggregate reversal under this configuration.,1971
c1386,0.008862881449601963,0,1,0,1,0.0,0.7920792079207921,0.9436525937995659,3.0,No aggregate reversal under this configuration.,1972
levodopa,0.008893652256392104,0,1,0,1,0.0,0.9405940594059405,0.995412557282926,4.0,No aggregate reversal under this configuration.,1973
icilin,0.008942695473534566,0,1,0,1,0.0,0.8811881188118812,0.9776521949547298,3.0,No aggregate reversal under this configuration.,1974
altrenogest,0.008978280296879495,0,2,0,2,0.0,0.8415841584158416,0.9677107552443899,5.0,No aggregate reversal under this configuration.,1975
BRD-K60070073,0.008988802785133265,0,1,0,1,0.0,0.6831683168316832,0.8967613026362877,6.0,No aggregate reversal under this configuration.,1976
podofilox,0.009017440318380254,1,3,1,3,0.3333333333333333,0.9108910891089109,0.9884619936097195,4.666666666666667,No aggregate reversal under this configuration.,1977
BRD-K35004659,0.009065007711881947,0,1,0,1,0.0,0.8712871287128713,0.9776521949547298,3.0,No aggregate reversal under this configuration.,1978
BRD-K83213280,0.009076371882151007,1,2,1,2,0.5,0.9702970297029703,0.9963606162689784,3.0,No aggregate reversal under this configuration.,1979
acetopromazine maleate salt,0.009130923765174805,0,1,0,1,0.0,0.9405940594059405,0.995412557282926,3.0,No aggregate reversal under this configuration.,1980
BRD-K64314806,0.009167057060711196,0,1,0,1,0.0,0.7524752475247525,0.9268759549782,3.0,No aggregate reversal under this configuration.,1981
alprazolam,0.009179620915455008,0,1,0,1,0.0,0.8712871287128713,0.9776521949547298,3.0,No aggregate reversal under this configuration.,1982
triprolidine hydrochloride,0.009194285364001081,0,1,0,1,0.0,0.8514851485148515,0.969882978888584,4.0,No aggregate reversal under this configuration.,1983
jnj 10191584 maleate,0.009219860128411392,0,2,0,2,0.0,0.9603960396039604,0.9963606162689784,4.0,No aggregate reversal under this configuration.,1984
guggulsterone,0.00925291484610581,0,2,0,2,0.0,0.9702970297029703,0.9963606162689784,4.5,No aggregate reversal under this configuration.,1985
angiogenesis inhibitor,0.009350010607159748,1,3,1,3,0.3333333333333333,0.8514851485148515,0.969882978888584,3.3333333333333335,No aggregate reversal under this configuration.,1986
spiperone,0.009362132809513687,0,1,0,1,0.0,0.8514851485148515,0.969882978888584,3.0,No aggregate reversal under this configuration.,1987
BRD-K89009594,0.009491373453804165,0,1,0,1,0.0,0.9405940594059405,0.995412557282926,3.0,No aggregate reversal under this configuration.,1988
rifapentine,0.009517020502578011,0,1,0,1,0.0,0.8712871287128713,0.9776521949547298,4.0,No aggregate reversal under this configuration.,1989
XMD-885,0.009520067067778783,2,5,2,5,0.4,0.8514851485148515,0.969882978888584,5.2,No aggregate reversal under this configuration.,1990
balsalazide,0.009548696981265549,0,1,0,1,0.0,0.8712871287128713,0.9776521949547298,3.0,No aggregate reversal under this configuration.,1991
indirubin-3?-monoxime,0.009605805609105216,0,3,0,3,0.0,0.9504950495049505,0.9963606162689784,3.3333333333333335,No aggregate reversal under this configuration.,1992
dacomitinib,0.009616868223326655,0,4,0,4,0.0,0.9108910891089109,0.9884619936097195,5.75,No aggregate reversal under this configuration.,1993
BRD-A68061604,0.009704493618711705,1,2,1,2,0.5,0.9207920792079208,0.9903286972330008,4.5,No aggregate reversal under this configuration.,1994
penitrem a,0.009748540499653189,0,1,0,1,0.0,0.9207920792079208,0.9903286972330008,3.0,No aggregate reversal under this configuration.,1995
oxymetholone,0.00983375519616509,0,1,0,1,0.0,0.6633663366336634,0.8917182279609824,12.0,No aggregate reversal under this configuration.,1996
GSK-J2,0.009859366418497044,0,1,0,1,0.0,0.9207920792079208,0.9903286972330008,5.0,No aggregate reversal under this configuration.,1997
niguldipine hydrochloride,0.00987438106040911,3,9,3,9,0.3333333333333333,0.9702970297029703,0.9963606162689784,4.333333333333333,No aggregate reversal under this configuration.,1998
BRD-K70917163,0.009901023884842932,0,1,0,1,0.0,0.7722772277227723,0.9380111924235902,3.0,No aggregate reversal under this configuration.,1999
itraconazole,0.009926417773183104,0,2,0,2,0.0,0.9900990099009901,0.9997338936859396,3.0,No aggregate reversal under this configuration.,2000
indole-3-carbinol,0.009935119182715772,0,1,0,1,0.0,0.9603960396039604,0.9963606162689784,3.0,No aggregate reversal under this configuration.,2001
BRD-A07614565,0.01000436030051436,0,1,0,1,0.0,0.9504950495049505,0.9963606162689784,4.0,No aggregate reversal under this configuration.,2002
vu0365114-2,0.010104726704180488,1,2,1,2,0.5,0.7920792079207921,0.9436525937995659,4.5,No aggregate reversal under this configuration.,2003
jas07 010,0.01012202309518166,0,1,0,1,0.0,0.9207920792079208,0.9903286972330008,3.0,No aggregate reversal under this configuration.,2004
BRD-K54687541,0.010139911934805974,0,2,0,2,0.0,0.9504950495049505,0.9963606162689784,4.0,No aggregate reversal under this configuration.,2005
aminolevulinic acid,0.010155547313122125,0,1,0,1,0.0,0.8118811881188119,0.9511231768338124,4.0,No aggregate reversal under this configuration.,2006
ca-074-me,0.01020106082423583,1,3,1,3,0.3333333333333333,0.9702970297029703,0.9963606162689784,4.666666666666667,No aggregate reversal under this configuration.,2007
BRD-K60219430,0.01025917477106153,1,3,1,3,0.3333333333333333,0.9504950495049505,0.9963606162689784,4.333333333333333,No aggregate reversal under this configuration.,2008
digitoxigenin,0.01027221406631076,1,9,1,10,0.1111111111111111,0.9306930693069307,0.9945954870131448,5.5,No aggregate reversal under this configuration.,2009
nicotine ditartrate,0.010283834843735944,0,1,0,1,0.0,0.9108910891089109,0.9884619936097195,4.0,No aggregate reversal under this configuration.,2010
BRD-K73319509,0.010299678049323984,0,1,0,1,0.0,0.9603960396039604,0.9963606162689784,3.0,No aggregate reversal under this configuration.,2011
deguelin(-),0.01042294260385919,0,1,0,1,0.0,0.8910891089108911,0.9811435918730833,5.0,No aggregate reversal under this configuration.,2012
beta-escin,0.010436112812193173,0,1,0,1,0.0,0.8910891089108911,0.9811435918730833,3.0,No aggregate reversal under this configuration.,2013
ethopropazine hydrochloride,0.010451391116900115,0,1,0,1,0.0,0.801980198019802,0.9466494320071228,6.0,No aggregate reversal under this configuration.,2014
BRD-K43782924,0.010508972201255613,0,2,0,2,0.0,0.9702970297029703,0.9963606162689784,3.0,No aggregate reversal under this configuration.,2015
sb 225002,0.010511795451346638,2,8,2,8,0.25,0.9900990099009901,0.9997338936859396,4.5,No aggregate reversal under this configuration.,2016
BRD-K00954209,0.010587857295971087,0,3,0,3,0.0,0.9504950495049505,0.9963606162689784,3.6666666666666665,No aggregate reversal under this configuration.,2017
BRD-K74690444,0.01063588192759321,0,1,0,1,0.0,0.9306930693069307,0.9945954870131448,4.0,No aggregate reversal under this configuration.,2018
lenalidomide,0.010651330098460074,0,1,0,1,0.0,0.9405940594059405,0.995412557282926,4.0,No aggregate reversal under this configuration.,2019
5-azacytidine,0.010709146178895193,1,5,1,5,0.2,0.9207920792079208,0.9903286972330008,4.6,No aggregate reversal under this configuration.,2020
BRD-K11671649,0.010720443565670406,0,1,0,1,0.0,0.7920792079207921,0.9436525937995659,3.0,No aggregate reversal under this configuration.,2021
AST1306,0.010747601174069919,0,2,0,2,0.0,0.9108910891089109,0.9884619936097195,3.0,No aggregate reversal under this configuration.,2022
nnc 55-0396 dihydrochloride,0.010765839355341308,1,2,1,2,0.5,0.8514851485148515,0.969882978888584,6.0,No aggregate reversal under this configuration.,2023
thioguanosine,0.010791666801317122,0,2,0,2,0.0,0.8910891089108911,0.9811435918730833,4.5,No aggregate reversal under this configuration.,2024
duremesin,0.01079793669366037,0,1,0,1,0.0,0.9702970297029703,0.9963606162689784,3.0,No aggregate reversal under this configuration.,2025
n-formylmethionylalanine,0.010800532864243928,0,1,0,1,0.0,0.9306930693069307,0.9945954870131448,3.0,No aggregate reversal under this configuration.,2026
dilazep dihydrochloride,0.010808070765039916,0,1,0,1,0.0,0.900990099009901,0.9850764805532234,3.0,No aggregate reversal under this configuration.,2027
t5715535,0.010915010646710271,0,1,0,1,0.0,0.9405940594059405,0.995412557282926,4.0,No aggregate reversal under this configuration.,2028
2-fluoropalmitic acid,0.010963501216179873,0,1,0,1,0.0,0.9405940594059405,0.995412557282926,3.0,No aggregate reversal under this configuration.,2029
losartan potassium,0.010973315595799442,0,2,0,2,0.0,0.9207920792079208,0.9903286972330008,3.0,No aggregate reversal under this configuration.,2030
amodiaquin dihydrochloride dihydrate,0.011076374243448525,0,1,0,1,0.0,0.9405940594059405,0.995412557282926,4.0,No aggregate reversal under this configuration.,2031
nicardipine hydrochloride,0.011104378717717486,1,3,1,3,0.3333333333333333,1.0,1.0,4.333333333333333,No aggregate reversal under this configuration.,2032
gabexate mesylate,0.011113891356463726,0,2,0,2,0.0,0.9900990099009901,0.9997338936859396,3.5,No aggregate reversal under this configuration.,2033
BRD-K61776140,0.011115956320693865,0,2,0,2,0.0,0.9405940594059405,0.995412557282926,5.5,No aggregate reversal under this configuration.,2034
rev-5901,0.011154378461173068,0,1,0,1,0.0,0.900990099009901,0.9850764805532234,3.0,No aggregate reversal under this configuration.,2035
BRD-K91355947,0.01115611664897792,0,1,0,1,0.0,0.9504950495049505,0.9963606162689784,3.0,No aggregate reversal under this configuration.,2036
BRD-K32896438,0.011202196069994686,0,3,0,3,0.0,0.8910891089108911,0.9811435918730833,7.0,No aggregate reversal under this configuration.,2037
pyrimethamine,0.01122797401855492,0,1,0,1,0.0,0.9801980198019802,0.9971295448872618,4.0,No aggregate reversal under this configuration.,2038
sodium dehydrocholate,0.011317851570858933,0,1,0,1,0.0,0.801980198019802,0.9466494320071228,3.0,No aggregate reversal under this configuration.,2039
haloprogin,0.011336013356985615,0,1,0,1,0.0,0.9504950495049505,0.9963606162689784,4.0,No aggregate reversal under this configuration.,2040
s1176,0.011496817126821768,1,3,1,3,0.3333333333333333,0.9801980198019802,0.9971295448872618,3.3333333333333335,No aggregate reversal under this configuration.,2041
BRD-K34363599,0.01161567266636013,2,5,2,5,0.4,0.9603960396039604,0.9963606162689784,3.6,No aggregate reversal under this configuration.,2042
BRD-K27484191,0.011696233093032866,0,3,0,3,0.0,0.9306930693069307,0.9945954870131448,3.6666666666666665,No aggregate reversal under this configuration.,2043
mirtazapine,0.011707574722944526,0,1,0,1,0.0,0.8217821782178217,0.9555300780878514,5.0,No aggregate reversal under this configuration.,2044
BRD-K28100108,0.011740542965845743,0,1,0,1,0.0,0.9207920792079208,0.9903286972330008,5.0,No aggregate reversal under this configuration.,2045
taxifolin-(+/-),0.011744661715044779,0,1,0,1,0.0,0.7425742574257426,0.9235555404855554,7.0,No aggregate reversal under this configuration.,2046
BRD-K86761848,0.011762682976053554,0,1,0,1,0.0,0.8910891089108911,0.9811435918730833,3.0,No aggregate reversal under this configuration.,2047
tetrindole mesylate,0.011772538020367906,1,3,1,3,0.3333333333333333,0.9702970297029703,0.9963606162689784,4.666666666666667,No aggregate reversal under this configuration.,2048
paroxetine,0.011834916932173041,0,1,0,1,0.0,0.9108910891089109,0.9884619936097195,3.0,No aggregate reversal under this configuration.,2049
pravastatin sodium salt,0.011886585798304417,0,1,0,1,0.0,0.8910891089108911,0.9811435918730833,3.0,No aggregate reversal under this configuration.,2050
sr 57227 hydrochloride,0.011931806394986248,0,1,0,1,0.0,0.9405940594059405,0.995412557282926,3.0,No aggregate reversal under this configuration.,2051
"ici-185,282",0.012207016241200245,0,1,0,1,0.0,0.8811881188118812,0.9776521949547298,6.0,No aggregate reversal under this configuration.,2052
bms-754807,0.012230367108496397,2,8,2,8,0.25,0.9900990099009901,0.9997338936859396,4.375,No aggregate reversal under this configuration.,2053
BRD-A45664787,0.012235551532221271,0,1,0,1,0.0,0.9405940594059405,0.995412557282926,3.0,No aggregate reversal under this configuration.,2054
vu0404997-2,0.01233661074960157,0,1,0,1,0.0,0.8910891089108911,0.9811435918730833,3.0,No aggregate reversal under this configuration.,2055
BRD-U82589721,0.012379754669447934,0,3,0,3,0.0,0.9504950495049505,0.9963606162689784,4.0,No aggregate reversal under this configuration.,2056
azacitidine,0.012380725386304962,1,3,1,3,0.3333333333333333,0.8910891089108911,0.9811435918730833,5.666666666666667,No aggregate reversal under this configuration.,2057
apigenin triacetate,0.012384949303168018,0,1,0,1,0.0,0.9603960396039604,0.9963606162689784,3.0,No aggregate reversal under this configuration.,2058
clonidine hydrochloride,0.012500371157997911,0,1,0,1,0.0,0.8514851485148515,0.969882978888584,4.0,No aggregate reversal under this configuration.,2059
terbutaline,0.012510597455989854,0,1,0,1,0.0,0.9504950495049505,0.9963606162689784,4.0,No aggregate reversal under this configuration.,2060
BRD-K86574132,0.012515850679601823,1,10,1,10,0.1,0.9504950495049505,0.9963606162689784,4.9,No aggregate reversal under this configuration.,2061
BRD-K69501658,0.012518058283852648,0,1,0,1,0.0,0.9207920792079208,0.9903286972330008,5.0,No aggregate reversal under this configuration.,2062
TWS-119,0.012544760846682209,2,5,2,5,0.4,0.9801980198019802,0.9971295448872618,3.8,No aggregate reversal under this configuration.,2063
PFI-1,0.012596574056459014,3,7,3,7,0.42857142857142855,0.9702970297029703,0.9963606162689784,7.142857142857143,No aggregate reversal under this configuration.,2064
zk 164015,0.01263008060992625,0,1,0,1,0.0,0.7029702970297029,0.905302764318985,3.0,No aggregate reversal under this configuration.,2065
ncgc00011940-02,0.012714316037079468,0,1,0,1,0.0,0.9801980198019802,0.9971295448872618,3.0,No aggregate reversal under this configuration.,2066
kn-62,0.012835927027941356,0,2,0,2,0.0,0.9306930693069307,0.9945954870131448,4.5,No aggregate reversal under this configuration.,2067
ncgc00242340-01,0.012977324268702932,1,3,1,3,0.3333333333333333,0.9504950495049505,0.9963606162689784,3.3333333333333335,No aggregate reversal under this configuration.,2068
BRD-K87426499,0.013039611312953364,0,1,0,1,0.0,0.8415841584158416,0.9677107552443899,4.0,No aggregate reversal under this configuration.,2069
BRD-K79390395,0.013063616175336655,0,2,0,2,0.0,0.8811881188118812,0.9776521949547298,4.5,No aggregate reversal under this configuration.,2070
halometasone,0.013074860372744104,0,1,0,1,0.0,0.9702970297029703,0.9963606162689784,4.0,No aggregate reversal under this configuration.,2071
milrinone,0.013091264483122995,0,1,0,1,0.0,0.9108910891089109,0.9884619936097195,4.0,No aggregate reversal under this configuration.,2072
ncgc00242279-01,0.013164006981302923,0,1,0,1,0.0,0.8811881188118812,0.9776521949547298,4.0,No aggregate reversal under this configuration.,2073
raltitrexed,0.013184255739489408,0,1,0,1,0.0,0.8811881188118812,0.9776521949547298,3.0,No aggregate reversal under this configuration.,2074
BRD-A18725729,0.01320609962420509,0,1,0,1,0.0,0.9207920792079208,0.9903286972330008,4.0,No aggregate reversal under this configuration.,2075
flurofamide,0.01325939279406282,0,1,0,1,0.0,0.9702970297029703,0.9963606162689784,9.0,No aggregate reversal under this configuration.,2076
fu jmbii127b,0.013380686435963128,0,2,0,2,0.0,0.9504950495049505,0.9963606162689784,5.5,No aggregate reversal under this configuration.,2077
t5220758,0.013454978921557462,0,1,0,1,0.0,0.9207920792079208,0.9903286972330008,4.0,No aggregate reversal under this configuration.,2078
ncgc00182388-01,0.01347631762063235,0,2,0,2,0.0,0.9603960396039604,0.9963606162689784,4.0,No aggregate reversal under this configuration.,2079
BRD-K26664453,0.01352218918495525,2,5,2,5,0.4,0.9504950495049505,0.9963606162689784,6.6,No aggregate reversal under this configuration.,2080
BRD-K90430314,0.013579549826467347,0,1,0,1,0.0,0.8811881188118812,0.9776521949547298,5.0,No aggregate reversal under this configuration.,2081
nutlin-3,0.01363248282182657,0,1,0,1,0.0,0.7029702970297029,0.905302764318985,7.0,No aggregate reversal under this configuration.,2082
BRD-K07877311,0.013659250418548178,0,1,0,1,0.0,0.801980198019802,0.9466494320071228,9.0,No aggregate reversal under this configuration.,2083
nrb 03823,0.013704891586879661,0,1,0,1,0.0,0.9306930693069307,0.9945954870131448,3.0,No aggregate reversal under this configuration.,2084
s1174,0.013704891586879661,0,1,0,1,0.0,0.9306930693069307,0.9945954870131448,3.0,No aggregate reversal under this configuration.,2085
arg-csc-91,0.01381239552074439,0,1,0,1,0.0,0.8712871287128713,0.9776521949547298,3.0,No aggregate reversal under this configuration.,2086
naproxol,0.013922256220746266,0,2,0,2,0.0,0.8118811881188119,0.9511231768338124,3.5,No aggregate reversal under this configuration.,2087
BRD-K75430629,0.01396527799586894,0,1,0,1,0.0,0.9603960396039604,0.9963606162689784,4.0,No aggregate reversal under this configuration.,2088
vu0365117-1,0.013967879085082215,0,1,0,1,0.0,0.9801980198019802,0.9971295448872618,3.0,No aggregate reversal under this configuration.,2089
BRD-K91701654,0.013996999343484843,0,5,0,5,0.0,0.9900990099009901,0.9997338936859396,4.2,No aggregate reversal under this configuration.,2090
ncgc00012508-02,0.014190757014268803,0,1,0,1,0.0,0.8811881188118812,0.9776521949547298,5.0,No aggregate reversal under this configuration.,2091
clofarabine,0.014272929793340963,0,2,0,2,0.0,0.9405940594059405,0.995412557282926,3.0,No aggregate reversal under this configuration.,2092
CHIR-99021,0.014339427278045592,3,8,3,8,0.375,1.0,1.0,5.0,No aggregate reversal under this configuration.,2093
BRD-K15916856,0.014365547175604497,0,1,0,1,0.0,0.8811881188118812,0.9776521949547298,3.0,No aggregate reversal under this configuration.,2094
hemicholinium bromide,0.014508239166641484,0,1,0,1,0.0,0.9108910891089109,0.9884619936097195,3.0,No aggregate reversal under this configuration.,2095
lanatoside c,0.01451105820475309,0,1,0,1,0.0,0.8811881188118812,0.9776521949547298,5.0,No aggregate reversal under this configuration.,2096
n-benzylnaltrindole hydrochloride,0.01460289287705457,0,2,0,2,0.0,0.9603960396039604,0.9963606162689784,5.0,No aggregate reversal under this configuration.,2097
BRD-K05326558,0.01490080139602451,0,1,0,1,0.0,0.9900990099009901,0.9997338936859396,4.0,No aggregate reversal under this configuration.,2098
SU-11274,0.015033260626121349,0,1,0,1,0.0,0.8811881188118812,0.9776521949547298,6.0,No aggregate reversal under this configuration.,2099
todralazine hydrochloride,0.015045498965347966,0,1,0,1,0.0,0.9603960396039604,0.9963606162689784,3.0,No aggregate reversal under this configuration.,2100
s1458,0.015186752959396336,0,1,0,1,0.0,0.900990099009901,0.9850764805532234,6.0,No aggregate reversal under this configuration.,2101
mammea a/ba + a/bb,0.015191719770646995,0,1,0,1,0.0,0.9801980198019802,0.9971295448872618,3.0,No aggregate reversal under this configuration.,2102
ei-195,0.01532592716877235,0,1,0,1,0.0,0.9108910891089109,0.9884619936097195,3.0,No aggregate reversal under this configuration.,2103
BRD-U88878891,0.015344838134219465,0,2,0,2,0.0,0.9405940594059405,0.995412557282926,4.5,No aggregate reversal under this configuration.,2104
ftorafur,0.015436295620168305,0,1,0,1,0.0,0.9801980198019802,0.9971295448872618,3.0,No aggregate reversal under this configuration.,2105
cmpd-1,0.01584046153087616,0,3,0,3,0.0,0.9702970297029703,0.9963606162689784,3.6666666666666665,No aggregate reversal under this configuration.,2106
BRD-K17025677,0.015846121066805937,0,1,0,1,0.0,0.9603960396039604,0.9963606162689784,3.0,No aggregate reversal under this configuration.,2107
azasetron,0.016060876345800647,0,1,0,1,0.0,0.9207920792079208,0.9903286972330008,4.0,No aggregate reversal under this configuration.,2108
ncgc00185087-01,0.01613810245090505,0,2,0,2,0.0,0.9108910891089109,0.9884619936097195,5.0,No aggregate reversal under this configuration.,2109
oxprenolol hydrochloride,0.016140205754460717,0,1,0,1,0.0,0.9306930693069307,0.9945954870131448,3.0,No aggregate reversal under this configuration.,2110
tegaserod,0.016292423875850462,0,1,0,1,0.0,0.9504950495049505,0.9963606162689784,3.0,No aggregate reversal under this configuration.,2111
BRD-U04166717,0.0163393362178895,0,1,0,1,0.0,0.8811881188118812,0.9776521949547298,3.0,No aggregate reversal under this configuration.,2112
BRD-K52911425,0.01658552548424117,1,3,1,3,0.3333333333333333,0.9306930693069307,0.9945954870131448,4.333333333333333,No aggregate reversal under this configuration.,2113
thimerosal,0.016696440536873653,0,1,0,1,0.0,0.9702970297029703,0.9963606162689784,3.0,No aggregate reversal under this configuration.,2114
stock1n-27488,0.01675413653366229,1,5,1,5,0.2,1.0,1.0,4.6,No aggregate reversal under this configuration.,2115
idelalisib,0.017002666467991073,0,3,0,3,0.0,1.0,1.0,3.0,No aggregate reversal under this configuration.,2116
cimaterol,0.01701878154451155,0,1,0,1,0.0,1.0,1.0,3.0,No aggregate reversal under this configuration.,2117
BRD-K66426634,0.017054690115049863,0,1,0,1,0.0,0.9504950495049505,0.9963606162689784,3.0,No aggregate reversal under this configuration.,2118
BRD-K72451865,0.017054690115049863,0,1,0,1,0.0,0.9702970297029703,0.9963606162689784,3.0,No aggregate reversal under this configuration.,2119
BRD-K77877933,0.0173553054819395,0,3,0,3,0.0,0.9801980198019802,0.9971295448872618,4.0,No aggregate reversal under this configuration.,2120
BRD-K70871370,0.01737875616895561,0,1,0,1,0.0,0.9801980198019802,0.9971295448872618,4.0,No aggregate reversal under this configuration.,2121
escitalopram oxalate,0.017418587256134394,0,1,0,1,0.0,0.9801980198019802,0.9971295448872618,5.0,No aggregate reversal under this configuration.,2122
BRD-K44241590,0.017483441225935183,0,1,0,1,0.0,0.9900990099009901,0.9997338936859396,3.0,No aggregate reversal under this configuration.,2123
BRD-K16472144,0.017636936929054183,0,1,0,1,0.0,0.9801980198019802,0.9971295448872618,3.0,No aggregate reversal under this configuration.,2124
pindolol,0.017705668621369387,0,1,0,1,0.0,0.9306930693069307,0.9945954870131448,4.0,No aggregate reversal under this configuration.,2125
BRD-K12621773,0.017713035424532154,0,1,0,1,0.0,0.9702970297029703,0.9963606162689784,5.0,No aggregate reversal under this configuration.,2126
bisindolylmaleimide iv,0.0177328322444607,0,1,0,1,0.0,0.9702970297029703,0.9963606162689784,3.0,No aggregate reversal under this configuration.,2127
"tiratricol, 3,3',5-triiodothyroacetic acid",0.017734122887808713,0,1,0,1,0.0,0.9702970297029703,0.9963606162689784,4.0,No aggregate reversal under this configuration.,2128
BRD-K83194053,0.017762272956944727,0,2,0,2,0.0,1.0,1.0,3.0,No aggregate reversal under this configuration.,2129
"n,n-hexamethyleneamiloride",0.017833154572025077,0,2,0,2,0.0,0.9702970297029703,0.9963606162689784,4.0,No aggregate reversal under this configuration.,2130
doxepin hydrochloride,0.017906373011285722,0,1,0,1,0.0,0.9306930693069307,0.9945954870131448,3.0,No aggregate reversal under this configuration.,2131
BRD-K96274284,0.01791434998861595,0,1,0,1,0.0,1.0,1.0,4.0,No aggregate reversal under this configuration.,2132
BRD-K22322324,0.018167499908557583,0,1,0,1,0.0,0.9603960396039604,0.9963606162689784,3.0,No aggregate reversal under this configuration.,2133
fenoterol hydrobromide,0.018329566921888894,0,1,0,1,0.0,0.9405940594059405,0.995412557282926,3.0,No aggregate reversal under this configuration.,2134
zm 306416 hydrochloride,0.018461615520034558,0,1,0,1,0.0,0.9405940594059405,0.995412557282926,3.0,No aggregate reversal under this configuration.,2135
loteprednol,0.018507366931481205,0,2,0,2,0.0,0.9900990099009901,0.9997338936859396,6.5,No aggregate reversal under this configuration.,2136
BRD-K11758216,0.018545103159578247,0,1,0,1,0.0,0.9801980198019802,0.9971295448872618,5.0,No aggregate reversal under this configuration.,2137
stock2s-84516,0.018759262380532167,0,1,0,1,0.0,0.9702970297029703,0.9963606162689784,4.0,No aggregate reversal under this configuration.,2138
BRD-K75308990,0.01885402574375261,0,1,0,1,0.0,1.0,1.0,3.0,No aggregate reversal under this configuration.,2139
BRD-K05520923,0.01885655509156852,0,1,0,1,0.0,0.9801980198019802,0.9971295448872618,4.0,No aggregate reversal under this configuration.,2140
alfacalcidol,0.018928884081309463,0,1,0,1,0.0,0.9801980198019802,0.9971295448872618,3.0,No aggregate reversal under this configuration.,2141
BRD-K19922318,0.019051976828047188,0,1,0,1,0.0,0.9702970297029703,0.9963606162689784,6.0,No aggregate reversal under this configuration.,2142
vinorelbine,0.019171484796707997,0,2,0,2,0.0,0.9900990099009901,0.9997338936859396,5.0,No aggregate reversal under this configuration.,2143
butamben,0.01923070739667628,0,1,0,1,0.0,0.9702970297029703,0.9963606162689784,3.0,No aggregate reversal under this configuration.,2144
necrostatin-1,0.019328886966253813,0,1,0,1,0.0,0.9702970297029703,0.9963606162689784,5.0,No aggregate reversal under this configuration.,2145
cgp 7930,0.019447557050816664,0,1,0,1,0.0,0.9900990099009901,0.9997338936859396,5.0,No aggregate reversal under this configuration.,2146
bms 191011,0.019545301453350372,0,1,0,1,0.0,0.9603960396039604,0.9963606162689784,4.0,No aggregate reversal under this configuration.,2147
triciribine,0.020501647690391145,2,7,2,7,0.2857142857142857,1.0,1.0,4.142857142857143,No aggregate reversal under this configuration.,2148
KIN001-266,0.020748428986291652,0,1,0,1,0.0,1.0,1.0,5.0,No aggregate reversal under this configuration.,2149
BRD-A57107094,0.0209478737438108,0,1,0,1,0.0,0.900990099009901,0.9850764805532234,6.0,No aggregate reversal under this configuration.,2150
ikk inhibitor x,0.02116530341021943,0,1,0,1,0.0,0.9702970297029703,0.9963606162689784,4.0,No aggregate reversal under this configuration.,2151
jnj 16259685,0.021169978151496037,0,1,0,1,0.0,0.9900990099009901,0.9997338936859396,3.0,No aggregate reversal under this configuration.,2152
nonoxynol-9,0.021277342624943362,0,1,0,1,0.0,0.9801980198019802,0.9971295448872618,4.0,No aggregate reversal under this configuration.,2153
s2004,0.021298910763752114,0,1,0,1,0.0,0.9702970297029703,0.9963606162689784,4.0,No aggregate reversal under this configuration.,2154
triclosan,0.02141017617228079,0,1,0,1,0.0,0.9702970297029703,0.9963606162689784,3.0,No aggregate reversal under this configuration.,2155
fr 139317,0.021477826610946115,0,1,0,1,0.0,0.9900990099009901,0.9997338936859396,4.0,No aggregate reversal under this configuration.,2156
tipifarnib-p1,0.021542271675901278,0,1,0,1,0.0,1.0,1.0,5.0,No aggregate reversal under this configuration.,2157
cgs 20625,0.02165254514832428,0,1,0,1,0.0,0.9801980198019802,0.9971295448872618,7.0,No aggregate reversal under this configuration.,2158
erythromycin ethylsuccinate,0.021729495892801255,0,1,0,1,0.0,0.9603960396039604,0.9963606162689784,5.0,No aggregate reversal under this configuration.,2159
BRD-K32568627,0.02173310775596228,0,1,0,1,0.0,0.9801980198019802,0.9971295448872618,3.0,No aggregate reversal under this configuration.,2160
meclocycline sulfosalicylate,0.02200223175927824,0,1,0,1,0.0,0.9702970297029703,0.9963606162689784,3.0,No aggregate reversal under this configuration.,2161
EX-527,0.022152625627823733,0,1,0,1,0.0,0.9801980198019802,0.9971295448872618,3.0,No aggregate reversal under this configuration.,2162
tl hras24 brd-k93060291,0.0224661338891848,0,1,0,1,0.0,0.9900990099009901,0.9997338936859396,6.0,No aggregate reversal under this configuration.,2163
BRD-K76079827,0.023020957627732392,0,1,0,1,0.0,0.9603960396039604,0.9963606162689784,4.0,No aggregate reversal under this configuration.,2164
fu jmbii227b,0.023272356823887144,0,1,0,1,0.0,1.0,1.0,4.0,No aggregate reversal under this configuration.,2165
ranitidine,0.023608212809227903,0,1,0,1,0.0,0.9801980198019802,0.9971295448872618,6.0,No aggregate reversal under this configuration.,2166
h-5832,0.025532440689767403,0,1,0,1,0.0,1.0,1.0,3.0,No aggregate reversal under this configuration.,2167
BRD-K14939371,0.02556988627839996,0,1,0,1,0.0,0.9900990099009901,0.9997338936859396,8.0,No aggregate reversal under this configuration.,2168
tyrphostin-AG-1478,0.025669695362139436,0,1,0,1,0.0,0.9900990099009901,0.9997338936859396,5.0,No aggregate reversal under this configuration.,2169
ibrutinib,0.025900772488554335,0,3,0,3,0.0,1.0,1.0,4.666666666666667,No aggregate reversal under this configuration.,2170
leflunomide,0.027408167173126476,0,1,0,1,0.0,1.0,1.0,6.0,No aggregate reversal under this configuration.,2171
hycanthone,0.028718455069950168,0,1,0,1,0.0,0.9603960396039604,0.9963606162689784,5.0,No aggregate reversal under this configuration.,2172
enzastaurin,0.029468306541837738,0,2,0,2,0.0,1.0,1.0,5.5,No aggregate reversal under this configuration.,2173
etodolac,0.02962919888194326,0,1,0,1,0.0,1.0,1.0,5.0,No aggregate reversal under this configuration.,2174
thiazolopyrimidine,0.03113981972463458,0,1,0,1,0.0,0.900990099009901,0.9850764805532234,5.0,No aggregate reversal under this configuration.,2175
BRD-K58306044,0.032316114715455,0,1,0,1,0.0,1.0,1.0,5.0,No aggregate reversal under this configuration.,2176
HG-9-91-01,0.03446223925797778,0,1,0,1,0.0,1.0,1.0,7.0,No aggregate reversal under this configuration.,2177
BRD-K15592317,0.03635996671153006,0,1,0,1,0.0,1.0,1.0,6.0,No aggregate reversal under this configuration.,2178
doramapimod,0.053507517483076625,0,1,0,1,0.0,1.0,1.0,6.0,No aggregate reversal under this configuration.,2179
