compound,configurations_present,top_k_frequency,evaluated_configurations,mean_rank,rank_sd,baseline,relaxed,stringent,multi-context
CC-401,4,4,4,9.0,5.244044240850758,16.0,12,3.0,5.0
tivantinib,4,3,4,17.5,9.420721840708387,18.0,32,14.0,6.0
CX-5461,4,3,4,19.25,26.668098919870534,1.0,65,10.0,1.0
JNK-IN-5A,4,3,4,231.5,386.00161916758844,5.0,900,18.0,3.0
GSK-2334470,4,3,4,282.0,481.51220129919864,4.0,1116,6.0,2.0
granisetron,2,2,4,10.0,4.0,14.0,6,,
pyrazolanthrone,2,2,4,10.0,3.0,,7,13.0,
ncgc00181801-01,3,2,4,13.333333333333334,13.960261060914615,2.0,5,33.0,
sorafenib,4,2,4,19.0,7.035623639735144,27.0,16,24.0,9.0
PF-562271,4,2,4,23.5,18.172781845386247,30.0,3,50.0,11.0
PF-431396,4,2,4,28.5,16.815171720800237,19.0,37,51.0,7.0
ON-01910,4,2,4,45.25,44.05890942817355,15.0,117,45.0,4.0
HG-14-8-02,4,2,4,71.25,99.55243593202529,28.0,4,243.0,10.0
CGK-733,4,2,4,78.25,77.18929653779726,204.0,18,12.0,79.0
palbociclib,4,2,4,84.25,84.10521684176315,221.0,15,15.0,86.0
GSK1059615,4,2,4,105.5,161.56190763914617,25.0,385,4.0,8.0
NPK76-II-72-1,4,2,4,117.0,123.77196774714378,314.0,14,9.0,131.0
MGCD-265,3,2,4,142.66666666666666,196.10598041761898,3.0,420,5.0,
CH5424802,3,2,4,609.6666666666666,843.1118286179809,10.0,1802,17.0,
1495-0136,2,1,4,17.0,4.0,21.0,13,,
BRD-K71142328,1,1,4,19.0,0.0,,19,,
aminocaproic acid,2,1,4,20.0,9.0,29.0,11,,
cp 94253 hydrochloride,2,1,4,24.0,17.0,7.0,41,,
disulfiram,2,1,4,26.0,14.0,12.0,40,,
LDN-193189,4,1,4,38.5,20.645822822062577,72.0,20,39.0,23.0
withaferin-a,4,1,4,43.75,15.417117110536587,59.0,49,49.0,18.0
BRD-K55612480,3,1,4,47.666666666666664,33.51948023993742,13.0,93,37.0,
cy 208-243,2,1,4,58.0,38.0,20.0,96,,
miochol,2,1,4,61.5,44.5,106.0,17,,
BMS-777607,2,1,4,64.5,44.5,,109,20.0,
AZD-8330,4,1,4,65.25,60.81272481972832,165.0,10,23.0,63.0
glipizide,3,1,4,70.33333333333333,43.68320297576887,17.0,70,124.0,
garcinol,3,1,4,72.0,67.29536883520787,43.0,8,165.0,
BMS-345541,4,1,4,77.0,46.56715580750021,52.0,106,135.0,15.0
BRD-K79779816,3,1,4,88.66666666666667,64.20972581228554,153.0,1,112.0,
BRD-K20000640,2,1,4,91.5,83.5,8.0,175,,
KW-2449,4,1,4,108.75,77.18929653779726,161.0,204,11.0,59.0
syrosingopine,4,1,4,117.0,99.92246994545322,35.0,259,162.0,12.0
MLN-8054,4,1,4,125.0,139.7265185997275,40.0,363,84.0,13.0
AZD-6482,4,1,4,137.0,185.8776479300295,70.0,456,1.0,21.0
BRD-A00420644,3,1,4,176.0,199.33389074615485,55.0,457,,16.0
sunitinib,4,1,4,185.25,166.92120146943586,449.0,84,8.0,200.0
celastrol,4,1,4,191.25,264.7285165976646,47.0,55,649.0,14.0
HY-11007,3,1,4,194.0,214.44346574330496,67.0,496,,19.0
BYL719,4,1,4,218.25,149.0157290355619,353.0,364,7.0,149.0
dinaciclib,4,1,4,244.75,354.8678451198418,89.0,2,857.0,31.0
enrofloxacin,4,1,4,279.0,259.27880746408874,69.0,668,359.0,20.0
BMS509744,4,1,4,288.5,293.10791528036225,269.0,9,770.0,106.0
BRD-K10846167,4,1,4,305.25,214.30862675123464,623.0,277,19.0,302.0
BRD-K03015355,3,1,4,342.0,358.7561846156802,9.0,177,840.0,
THZ-2-98-01,3,1,4,366.3333333333333,333.18696786572485,11.0,812,276.0,
buparlisib,4,1,4,490.5,335.3345344577561,743.0,853,2.0,364.0
prednisolone,4,1,4,504.25,488.490212286797,57.0,1172,771.0,17.0
BRD-K39345836,4,1,4,685.75,1115.2971296923524,83.0,2617,16.0,27.0
hydrocortisone hemisuccinate,2,1,4,1068.0,1062.0,6.0,2130,,
BRD-A93015352,1,0,4,26.0,0.0,,26,,
BRD-K97701319,3,0,4,26.666666666666668,6.018490028422596,24.0,21,35.0,
BS-181,2,0,4,32.0,8.0,,24,40.0,
BRD-K32536677,2,0,4,38.0,15.0,23.0,53,,
podophyllotoxin,2,0,4,38.5,10.5,49.0,28,,
dovitinib,4,0,4,42.0,18.479718612576328,71.0,31,44.0,22.0
n-(4-bromobenzyl)-5-methoxytryptamine,1,0,4,42.0,0.0,,42,,
BRD-K65366129,2,0,4,49.0,3.0,46.0,52,,
BRD-K92980438,1,0,4,50.0,0.0,,50,,
chlorthalidone,2,0,4,50.0,17.0,33.0,67,,
linifanib,4,0,4,54.5,20.74246851269154,86.0,46,57.0,29.0
arecaidine propargyl ester tosylate,1,0,4,61.0,0.0,,61,,
SAR-245408,4,0,4,61.25,22.40954037904392,94.0,51,67.0,33.0
AZD7762,2,0,4,64.0,39.0,,103,25.0,
bas 09104376,1,0,4,64.0,0.0,,64,,
BRD-K53501402,1,0,4,69.0,0.0,,69,,
ly 320135,2,0,4,69.0,47.0,116.0,22,,
vemurafenib,4,0,4,70.5,46.5537323960174,147.0,58,21.0,56.0
ncgc00238427-01,3,0,4,71.33333333333333,54.23610933276423,31.0,35,148.0,
hts 10859,3,0,4,74.0,39.65686153324121,77.0,121,,24.0
norethindrone acetate,1,0,4,75.0,0.0,,75,,
BRD-K11611839,1,0,4,81.0,0.0,,81,,
vu0420363-1,2,0,4,81.5,17.5,64.0,99,,
BRD-K01868942,1,0,4,82.0,0.0,,82,,
calycanthine,2,0,4,84.5,23.5,61.0,108,,
c2 ceramide,1,0,4,86.0,0.0,,86,,
BRD-K12168891,3,0,4,87.33333333333333,71.18676531178781,38.0,188,36.0,
BRD-K27169919,3,0,4,87.66666666666667,59.94627224069529,170.0,29,,64.0
BRD-K84762162,1,0,4,88.0,0.0,,88,,
WZ-3105,4,0,4,88.75,66.98274031420333,92.0,34,197.0,32.0
mirtazepine,1,0,4,89.0,0.0,,89,,
BRD-A84102390,3,0,4,91.0,40.65300316909769,148.0,56,69.0,
GSK-2126458,4,0,4,93.75,55.67483722472837,184.0,33,87.0,71.0
belinostat,4,0,4,96.0,42.81938813201328,110.0,79,156.0,39.0
jas07 007,2,0,4,96.0,37.0,133.0,59,,
ncgc00241435-01,1,0,4,97.0,0.0,,97,,
JNK-9L,4,0,4,98.25,77.13421743947364,111.0,23,219.0,40.0
kuc104135 kuc104135n,3,0,4,98.66666666666667,70.12528470926557,78.0,193,,25.0
colchicine,1,0,4,100.0,0.0,,100,,
HG-6-64-01,4,0,4,100.25,72.42711853995021,222.0,39,53.0,87.0
KI20227,1,0,4,101.0,0.0,,101,,
brl 54443,2,0,4,104.5,21.5,126.0,83,,
HG-5-113-01,4,0,4,104.75,51.050832510351874,176.0,47,129.0,67.0
carbacyclin,2,0,4,106.5,40.5,66.0,147,,
foretinib,4,0,4,110.75,73.61173479819641,98.0,78,232.0,35.0
BRD-K78701355,1,0,4,112.0,0.0,,112,,
s1043,2,0,4,112.0,21.0,91.0,133,,
BRD-K70415218,3,0,4,113.33333333333333,30.214051182999093,76.0,114,150.0,
ZSTK-474,4,0,4,116.5,41.80011961705373,174.0,91,136.0,65.0
BMS-387032,4,0,4,116.75,117.5273904245304,84.0,38,317.0,28.0
r(-)-n-allylnorapomorphine,2,0,4,117.0,73.0,44.0,190,,
stock4s-23872,3,0,4,117.0,42.49705872175156,162.0,129,,60.0
ruxolitinib,3,0,4,119.0,64.19241907473706,114.0,200,,43.0
crotamiton,1,0,4,120.0,0.0,,120,,
rg-14620,2,0,4,122.0,81.0,41.0,203,,
BRD-K20401833,1,0,4,123.0,0.0,,123,,
BRD-A17718497,3,0,4,123.33333333333333,21.761331658599286,93.0,134,143.0,
BRD-K44510578,1,0,4,124.0,0.0,,124,,
BRD-K14236372,3,0,4,126.33333333333333,58.63635580612272,45.0,153,181.0,
PI-103,4,0,4,126.75,87.91011034005133,275.0,63,59.0,110.0
lapatinib,4,0,4,126.75,74.06880247445613,246.0,45,121.0,95.0
UNC669,1,0,4,127.0,0.0,,127,,
BRD-K58347372,2,0,4,128.5,19.5,109.0,148,,
BRD-K61981833,2,0,4,131.0,95.0,,36,226.0,
ethotoin,1,0,4,136.0,0.0,,136,,
GSK-461364,4,0,4,136.5,58.96821177549816,164.0,217,103.0,62.0
A443654,4,0,4,139.0,45.403744338985966,208.0,139,128.0,81.0
methoprene acid,2,0,4,140.5,20.5,120.0,161,,
CGP-60474,4,0,4,141.5,100.42534540642616,180.0,30,287.0,69.0
NVP-TAE684,4,0,4,142.0,92.08963025227108,297.0,62,86.0,123.0
BRD-K58479490,3,0,4,143.33333333333334,54.980804731186765,175.0,189,,66.0
h 89 dihydrochloride,2,0,4,143.5,70.5,73.0,214,,
BRD-K60895275,4,0,4,143.75,66.86319989351392,179.0,235,93.0,68.0
mls-0390818.0001,1,0,4,144.0,0.0,,144,,
AZ-628,4,0,4,144.25,95.0483429629365,81.0,264,206.0,26.0
mosapride,2,0,4,144.5,96.5,48.0,241,,
OSI-027,4,0,4,146.0,63.178319065958064,251.0,95,140.0,98.0
norgestimate,2,0,4,147.5,19.5,128.0,167,,
BRD-K85123403,3,0,4,148.33333333333334,76.47367012392057,58.0,142,245.0,
BRD-K34098590,1,0,4,150.0,0.0,,150,,
BRD-A95696820,2,0,4,150.5,19.5,131.0,170,,
chlorprothixene hydrochloride,2,0,4,152.0,64.0,88.0,216,,
BRD-K37852224,2,0,4,152.5,87.5,65.0,240,,
jte 907,4,0,4,153.5,71.0721464428928,189.0,98,252.0,75.0
BRD-K84677391,1,0,4,154.0,0.0,,154,,
st4070169,1,0,4,155.0,0.0,,155,,
s1095,4,0,4,155.25,126.08801489435862,127.0,368,79.0,47.0
piperacillin,1,0,4,156.0,0.0,,156,,
JWE-035,4,0,4,158.75,73.6626601474587,134.0,227,225.0,49.0
lacidipine,1,0,4,159.0,0.0,,159,,
PD-184352,4,0,4,159.75,119.25890952042116,356.0,85,47.0,151.0
BRD-K11757396,1,0,4,160.0,0.0,,160,,
z2777,3,0,4,160.33333333333334,87.91789098673577,36.0,223,222.0,
daunorubicin,4,0,4,160.5,80.48757668112515,138.0,275,178.0,51.0
BRD-K65050353,2,0,4,164.0,137.0,301.0,27,,
BRD-K92470030,1,0,4,166.0,0.0,,166,,
tomoxetine hydrochloride,2,0,4,166.0,81.0,85.0,247,,
BRD-K23657553,2,0,4,167.0,110.0,277.0,57,,
cilostamide,2,0,4,167.0,85.0,82.0,252,,
methysergide maleate,2,0,4,169.5,20.5,190.0,149,,
WYE-125132,4,0,4,170.0,69.69576744681129,287.0,116,159.0,118.0
pp3,2,0,4,172.0,38.0,,210,134.0,
BRD-K88710727,3,0,4,172.33333333333334,73.71265532834613,186.0,76,255.0,
DCC-2036,4,0,4,173.75,103.22396766255403,346.0,72,131.0,146.0
GDC-0941,4,0,4,173.75,83.20869846356209,316.0,105,141.0,133.0
BRD-K65983740,2,0,4,175.0,34.0,209.0,141,,
candesartan,2,0,4,175.0,81.0,256.0,94,,
racepinephrine hcl,2,0,4,175.5,15.5,160.0,191,,
BRD-K20718732,1,0,4,176.0,0.0,,176,,
AZD-1480,3,0,4,176.33333333333334,29.825417944356715,139.0,178,212.0,
ketotifen fumarate,2,0,4,176.5,133.5,310.0,43,,
ei-286,2,0,4,178.0,59.0,,237,119.0,
selumetinib,4,0,4,178.0,148.7632347053532,417.0,87,26.0,182.0
labetalol hydrochloride,1,0,4,179.0,0.0,,179,,
BRD-K49861754,2,0,4,179.5,16.5,,163,196.0,
cabergoline,2,0,4,179.5,54.5,125.0,234,,
BRD-K74486276,3,0,4,180.33333333333334,120.74859097406572,144.0,343,,54.0
felamidin,3,0,4,181.33333333333334,50.37415563119203,117.0,187,240.0,
mls-0146291.0001,3,0,4,181.33333333333334,142.28922033036173,68.0,382,94.0,
pracinostat,4,0,4,182.25,100.0933938879085,349.0,151,82.0,147.0
PD-173074,4,0,4,183.25,85.41479672749915,330.0,146,117.0,140.0
BRD-K14749055,3,0,4,183.33333333333334,120.00648130645092,95.0,102,353.0,
ranitidine hydrochloride,3,0,4,184.0,140.2069898400219,105.0,66,381.0,
sericetin dimethyl ether,4,0,4,185.0,104.81650633368773,357.0,158,73.0,152.0
azacyclonol,2,0,4,186.5,44.5,142.0,231,,
naringenine,2,0,4,188.0,7.0,195.0,181,,
PIK-93,4,0,4,188.75,85.8585318998642,271.0,278,98.0,108.0
BRD-K45031696,2,0,4,190.5,18.5,172.0,209,,
BRD-K52678950,2,0,4,191.5,166.5,358.0,25,,
pheniramine maleate,2,0,4,191.5,147.5,339.0,44,,
BRD-K75081836,4,0,4,193.0,155.15315014526774,112.0,169,450.0,41.0
niridazole,3,0,4,194.33333333333334,104.6337527866712,56.0,218,309.0,
"brl 37344, sodium salt",2,0,4,197.0,134.0,63.0,331,,
splitomicin,3,0,4,197.0,20.314198646923455,202.0,219,170.0,
NVP-BEZ235,4,0,4,198.0,100.11743104974278,363.0,180,95.0,154.0
d 4476,4,0,4,198.75,64.06003044020507,257.0,184,254.0,100.0
trapidil,2,0,4,200.5,18.5,219.0,182,,
pazopanib,3,0,4,202.0,27.65260686927485,241.0,185,180.0,
dactinomycin,4,0,4,203.0,89.03089351455482,224.0,333,166.0,89.0
amcinonide,4,0,4,203.75,156.9209594031339,87.0,428,270.0,30.0
GDC-0068,4,0,4,204.0,136.52655419368057,295.0,372,27.0,122.0
dipropyldopamine,2,0,4,205.5,33.5,,239,172.0,
ncgc00183406-01,1,0,4,207.0,0.0,,207,,
desoximetasone,1,0,4,208.0,0.0,,208,,
olvanil,4,0,4,211.25,173.48541004937562,237.0,483,34.0,91.0
lidoflazine,1,0,4,213.0,0.0,,213,,
amitriptyline hydrochloride,3,0,4,213.33333333333334,90.69117315863153,238.0,310,,92.0
ncgc00181381-01,1,0,4,215.0,0.0,,215,,
BRD-A59145032,4,0,4,215.5,76.59144860883622,250.0,306,209.0,97.0
maprotiline hydrochloride,4,0,4,215.5,167.86080543116668,259.0,469,32.0,102.0
BRD-K41220170,3,0,4,215.66666666666666,52.626567012826854,168.0,289,190.0,
BRD-A85712510,2,0,4,217.0,157.0,374.0,60,,
BRD-K31851742,3,0,4,217.0,93.6197984758922,210.0,335,106.0,
sulfaguanidine,2,0,4,217.5,146.5,364.0,71,,
torasemide,3,0,4,218.0,23.50886357667394,231.0,238,185.0,
PLX-4720,4,0,4,218.5,156.62135869669885,291.0,435,28.0,120.0
BRD-K95138506,4,0,4,220.25,83.96539465756116,245.0,328,214.0,94.0
NVP-BGT226,4,0,4,220.75,134.4030784617674,440.0,173,75.0,195.0
BRD-K76951091,1,0,4,225.0,0.0,,225,,
a2478,3,0,4,225.33333333333334,147.1877108396697,183.0,423,,70.0
hdac6 inhibitor isox,4,0,4,226.0,66.45675285477014,279.0,256,257.0,112.0
mk 212,2,0,4,226.0,123.0,103.0,349,,
arg-a1-22 brd-k91349888,3,0,4,226.33333333333334,224.34695352412422,51.0,543,85.0,
AZ20,4,0,4,226.5,203.05479556021325,119.0,569,174.0,44.0
BRD-K58191509,2,0,4,227.0,41.0,268.0,186,,
BX-912,4,0,4,227.5,152.88639573225603,205.0,481,144.0,80.0
ebpc,2,0,4,227.5,16.5,211.0,244,,
sb 205607,1,0,4,228.0,0.0,,228,,
BRD-K55827386,2,0,4,228.5,136.5,,92,365.0,
mls-0390857.0001,2,0,4,228.5,71.5,157.0,300,,
stk249718,4,0,4,228.75,190.68478570667352,266.0,522,22.0,105.0
TGX-221,4,0,4,229.5,152.86186574813223,468.0,196,42.0,212.0
mitoxantrone,4,0,4,230.0,159.97030974527743,491.0,77,126.0,226.0
w-9 hydrochloride,1,0,4,230.0,0.0,,230,,
ifenprodil tartrate,2,0,4,231.0,100.0,331.0,131,,
BRD-K85592362,3,0,4,231.33333333333334,56.576398691405664,152.0,280,262.0,
ambroxol hydrochloride,1,0,4,232.0,0.0,,232,,
SB-203580,3,0,4,232.33333333333334,200.7757178766618,135.0,512,,50.0
BRD-K73567619,1,0,4,233.0,0.0,,233,,
BRD-K52522949,3,0,4,233.66666666666666,75.39378105800387,318.0,248,,135.0
ponatinib,4,0,4,235.75,167.15617697231534,508.0,110,88.0,237.0
levocetirizine,3,0,4,242.66666666666666,135.96404753545042,276.0,390,62.0,
dau 5884 hydrochloride,3,0,4,243.66666666666666,104.41051458332899,272.0,104,355.0,
ranolazine,2,0,4,245.0,15.0,230.0,260,,
crizotinib,4,0,4,246.0,88.89600665946699,270.0,253,354.0,107.0
doxapram,1,0,4,246.0,0.0,,246,,
trametinib,4,0,4,246.75,210.70996060936466,579.0,74,56.0,278.0
BRD-K24051260,3,0,4,247.66666666666666,132.47473553683946,156.0,152,435.0,
b581,1,0,4,251.0,0.0,,251,,
kb-r7943 mesylate,4,0,4,251.75,117.30169436116428,217.0,406,299.0,85.0
s1130,3,0,4,252.33333333333334,167.83788474464149,200.0,479,,78.0
flurandrenolide,3,0,4,254.33333333333334,104.3210855430909,282.0,366,,115.0
kuc103875 kuc103875n,2,0,4,254.5,43.5,298.0,211,,
pelitinib,4,0,4,254.5,177.36473719429125,537.0,164,60.0,257.0
piperacetazine,2,0,4,254.5,99.5,155.0,354,,
s1297,2,0,4,255.0,82.0,173.0,337,,
BRD-A42737819,3,0,4,256.3333333333333,85.88881701879988,365.0,249,,155.0
mocetinostat,4,0,4,256.5,129.25459372881105,438.0,90,304.0,194.0
BRD-K23149109,3,0,4,256.6666666666667,240.11154815117817,129.0,593,,48.0
kuc104131 kuc104131n,2,0,4,257.0,15.0,242.0,272,,
AZD-8055,4,0,4,257.25,129.32009704605082,476.0,140,198.0,215.0
BRD-K26304855,4,0,4,259.75,135.01550836848335,188.0,381,396.0,74.0
BRD-K79554012,2,0,4,260.0,16.0,244.0,276,,
alprostadil,4,0,4,260.0,340.7689833303495,96.0,849,61.0,34.0
s1252,2,0,4,260.5,142.5,403.0,118,,
gefitinib,4,0,4,261.75,150.152214435885,420.0,389,55.0,183.0
5-fluorouracil,1,0,4,262.0,0.0,,262,,
brinzolamide,2,0,4,262.0,55.0,207.0,317,,
BRD-K81814927,4,0,4,262.5,228.18249275525062,124.0,639,241.0,46.0
BRD-K63175663,1,0,4,263.0,0.0,,263,,
CP-724714,4,0,4,264.75,79.06445155694182,323.0,339,259.0,138.0
BRD-K51302260,1,0,4,267.0,0.0,,267,,
BRD-U29336476,4,0,4,267.0,240.4610155513779,140.0,673,203.0,52.0
cid 755673,1,0,4,268.0,0.0,,268,,
BRD-K62300190,3,0,4,268.3333333333333,178.26073288553732,213.0,509,,83.0
BRD-K20914082,1,0,4,270.0,0.0,,270,,
YM-201636,4,0,4,273.0,95.70527676152449,294.0,291,386.0,121.0
ncgc00183409-01,1,0,4,273.0,0.0,,273,,
BRD-K69569876,2,0,4,273.5,76.5,350.0,197,,
gw 9508,2,0,4,275.0,12.0,263.0,287,,
MK-1775,4,0,4,275.5,234.91860292450235,644.0,54,90.0,314.0
tranilast,4,0,4,276.0,99.1463564635635,312.0,258,404.0,130.0
ei-156,4,0,4,276.25,156.2311988688559,406.0,449,74.0,176.0
BRD-K15318909,3,0,4,278.3333333333333,285.49644870334595,42.0,113,680.0,
"l-750,667",1,0,4,281.0,0.0,,281,,
NVP-TAE226,4,0,4,281.25,191.8037734248208,589.0,172,80.0,284.0
neratinib,4,0,4,281.25,215.54509388988654,624.0,126,72.0,303.0
GDC-0980,4,0,4,281.5,141.8282411933533,522.0,195,164.0,245.0
8-{[2-oxo-2-(1-pyrrolidinyl)ethyl]thio}quinoline,4,0,4,282.0,81.22499615266227,399.0,288,271.0,170.0
BRD-K44540157,2,0,4,282.0,90.0,372.0,192,,
dibenzepine hydrochloride,1,0,4,282.0,0.0,,282,,
BRD-K79235952,2,0,4,283.0,82.0,201.0,365,,
westcort,2,0,4,283.5,109.5,393.0,174,,
pyrrolidinedithiocarbamate ammonium,3,0,4,285.6666666666667,164.7509905551068,228.0,119,510.0,
entinostat,4,0,4,285.75,95.79763827986575,448.0,250,246.0,199.0
PD-0325901,4,0,4,286.5,110.09427778045506,461.0,299,179.0,207.0
PHA-793887,4,0,4,287.25,184.63122027436205,559.0,284,38.0,268.0
phccc,3,0,4,287.3333333333333,154.82104364573814,158.0,199,505.0,
QL-X-138,4,0,4,288.25,139.77906674463097,398.0,132,454.0,169.0
KIN001-265,4,0,4,289.25,112.30622200038607,369.0,202,428.0,158.0
BRD-K16940042,2,0,4,290.5,5.5,296.0,285,,
cogentin,3,0,4,291.0,82.0893821798329,177.0,367,329.0,
BRD-K70918941,1,0,4,293.0,0.0,,293,,
"betamethasone 17,21-dipropionate",4,0,4,293.0,258.7005991489003,149.0,727,239.0,57.0
BRD-K89209981,3,0,4,293.3333333333333,139.38037483408087,118.0,459,303.0,
torin-1,4,0,4,294.75,129.66953188779544,518.0,205,213.0,243.0
isoreserpine,2,0,4,298.0,59.0,239.0,357,,
medrysone,4,0,4,299.0,98.20132381999746,337.0,304,412.0,143.0
BRD-K89626439,4,0,4,299.75,250.96949515827615,113.0,683,361.0,42.0
BRD-K98676510,4,0,4,301.75,235.1609820952447,235.0,183,699.0,90.0
BRD-K15107389,2,0,4,302.0,202.0,100.0,504,,
cgs 21680 hydrochloride,2,0,4,302.5,45.5,348.0,257,,
2-chloro-7-methoxyphenothiazine,3,0,4,303.0,134.72935834479432,137.0,305,467.0,
BRD-K19540840,4,0,4,303.75,128.60671638759774,273.0,386,447.0,109.0
sibutramine hcl,3,0,4,304.0,60.20520464766037,292.0,383,237.0,
nnc 711,2,0,4,304.5,214.5,90.0,519,,
LY2603618,4,0,4,306.75,236.80939064994868,682.0,143,70.0,332.0
picotamide monohydrate,2,0,4,307.0,125.0,182.0,432,,
BRD-K00366212,3,0,4,307.3333333333333,108.61655286168659,433.0,168,321.0,
BRD-K01896723,4,0,4,307.5,174.35093920022342,593.0,128,221.0,288.0
BRD-K82092559,1,0,4,308.0,0.0,,308,,
triamcinolone acetonide,4,0,4,308.25,335.52524122634946,99.0,878,220.0,36.0
BRD-K78559095,2,0,4,308.5,240.5,,68,549.0,
BRD-K98834634,2,0,4,308.5,176.5,132.0,485,,
km 00927,4,0,4,310.0,93.34077351297235,355.0,350,385.0,150.0
norcyclobenzaprine,2,0,4,310.0,235.0,75.0,545,,
WZ-4-145,4,0,4,311.5,107.09458436354286,489.0,303,230.0,224.0
doxorubicin,4,0,4,312.5,169.74318837585207,309.0,585,227.0,129.0
erlotinib,4,0,4,313.0,183.3016639313457,470.0,506,63.0,213.0
p8624,4,0,4,313.0,182.80180524272728,254.0,296,603.0,99.0
BRD-K32927008,1,0,4,314.0,0.0,,314,,
megestrol acetate,4,0,4,314.0,248.44013363383945,278.0,730,137.0,111.0
BRD-K93754473 (tamoxifen citrate),1,0,4,315.0,0.0,,315,,
am580,3,0,4,315.6666666666667,278.63636198856426,39.0,697,211.0,
BRD-A06664848,1,0,4,316.0,0.0,,316,,
torin-2,4,0,4,317.0,174.36312683592251,608.0,194,171.0,295.0
BRD-K57353465,1,0,4,318.0,0.0,,318,,
sulfamethazine sodium salt,2,0,4,318.5,9.5,,309,328.0,
BRD-K23978082,1,0,4,319.0,0.0,,319,,
vorinostat,4,0,4,319.75,91.16845671612523,431.0,283,374.0,191.0
vu0415556-1,2,0,4,320.0,154.0,166.0,474,,
BRD-K52080565,1,0,4,322.0,0.0,,322,,
mitomycin c,4,0,4,322.25,122.77698277771775,306.0,419,436.0,128.0
phenformin hydrochloride,2,0,4,323.0,216.0,539.0,107,,
s1455,1,0,4,323.0,0.0,,323,,
o-2050,3,0,4,323.3333333333333,188.20615174737395,325.0,553,92.0,
bucladesine,4,0,4,324.25,235.80646195556218,143.0,468,633.0,53.0
MK-2206,4,0,4,324.5,216.73659128075258,643.0,311,31.0,313.0
BRD-K14975149,1,0,4,325.0,0.0,,325,,
BRD-K60757524,2,0,4,325.5,101.5,427.0,224,,
trichostatin a,4,0,4,326.75,89.53037194159309,457.0,324,322.0,204.0
CP466722,4,0,4,327.0,153.08331065142275,499.0,450,127.0,232.0
s1480,1,0,4,327.0,0.0,,327,,
BRD-K86086851,1,0,4,329.0,0.0,,329,,
BRD-K33680967,2,0,4,329.5,16.5,313.0,346,,
BRD-K16618170,3,0,4,329.6666666666667,145.72653232072128,528.0,279,182.0,
ntncb hydrochloride,3,0,4,330.0,53.372901988431046,391.0,261,338.0,
caffeic acid phenethyl ester,4,0,4,330.25,173.37729811021973,240.0,461,527.0,93.0
hemado,4,0,4,331.0,180.05971231788638,373.0,608,184.0,159.0
TPCA-1,4,0,4,332.75,295.9428787789968,187.0,236,835.0,73.0
ptb1,3,0,4,333.6666666666667,166.07294247475178,471.0,430,100.0,
mls-0315771.0001,1,0,4,334.0,0.0,,334,,
"nf-kb activation inhibitor ii, jsh-23",4,0,4,336.0,217.376401663106,344.0,688,167.0,145.0
cgs 15943,4,0,4,337.75,286.48156572456804,329.0,807,76.0,139.0
ritodrine hydrochloride,4,0,4,337.75,147.38109614194082,288.0,488,456.0,119.0
BRD-K74761218,4,0,4,339.75,229.17937843532084,258.0,718,282.0,101.0
afatinib,4,0,4,341.5,194.23889929671657,657.0,255,133.0,321.0
uzi/1930680,4,0,4,341.75,216.28150059586696,199.0,463,628.0,77.0
ly 288513,3,0,4,343.0,89.39798655450804,289.0,271,469.0,
GW-843682X,4,0,4,343.75,466.69549762130765,104.0,1151,83.0,37.0
s1352,1,0,4,344.0,0.0,,344,,
sutent,4,0,4,344.75,164.93843548427395,614.0,165,302.0,298.0
KIN001-127,4,0,4,345.75,242.7049391751227,737.0,135,151.0,360.0
BRD-K26822808,1,0,4,347.0,0.0,,347,,
ncgc00184834-01,4,0,4,347.0,269.13472462690504,248.0,243,801.0,96.0
prednicarbate,4,0,4,347.25,138.74504495656774,321.0,511,420.0,137.0
osi-906,3,0,4,347.3333333333333,335.9070638667123,26.0,811,205.0,
sulindac,2,0,4,349.0,211.0,560.0,138,,
dexamethasone acetate,4,0,4,349.5,150.9147110125451,445.0,547,208.0,198.0
bosutinib,4,0,4,350.5,205.7917636835838,555.0,528,52.0,267.0
BRD-K33720394,3,0,4,351.0,245.04013276740335,264.0,685,,104.0
ncgc00183415-01,1,0,4,351.0,0.0,,351,,
BRD-A01317026,2,0,4,352.0,230.0,122.0,582,,
nafronyl oxalate,1,0,4,352.0,0.0,,352,,
BRD-K48654774,3,0,4,352.6666666666667,224.63946422854755,286.0,655,,117.0
idarubicin hcl,4,0,4,353.25,94.49702376265614,475.0,336,388.0,214.0
brl 15572 hydrochloride,3,0,4,353.3333333333333,130.8085963875803,501.0,376,183.0,
daphnetin,2,0,4,355.5,75.5,,431,280.0,
triacsin-c,2,0,4,357.0,250.0,107.0,607,,
BRD-K02646507,2,0,4,358.0,56.0,414.0,302,,
pd 102807,3,0,4,358.6666666666667,129.7107894081633,412.0,484,,180.0
gr 46611,2,0,4,359.5,1.5,361.0,358,,
BRD-A94377914,4,0,4,360.0,111.59525079500472,404.0,471,391.0,174.0
loxapine succinate,3,0,4,360.0,179.57913761533288,543.0,421,116.0,
mls-0437633.0003,1,0,4,360.0,0.0,,360,,
BRD-K34968258,2,0,4,362.0,133.0,495.0,229,,
BRD-K83972459,4,0,4,364.25,137.46522287473294,351.0,513,445.0,148.0
BX-795,4,0,4,364.5,262.6961172153102,778.0,73,224.0,383.0
topotecan hcl,4,0,4,365.25,103.95281381473038,426.0,393,453.0,189.0
BRD-A25170757,2,0,4,365.5,110.5,255.0,476,,
AZD4547,4,0,4,365.75,309.3181008282574,285.0,171,891.0,116.0
BRD-K52321331,4,0,4,366.75,296.77885285174887,212.0,312,861.0,82.0
daunorubicin hydrochloride,4,0,4,368.5,98.11345473481198,455.0,424,392.0,203.0
x0379,4,0,4,369.0,98.22677842625197,452.0,399,423.0,202.0
hispidin,2,0,4,370.5,9.5,380.0,361,,
BRD-K99502566,3,0,4,370.6666666666667,190.31961421660026,102.0,491,519.0,
xaliproden hydrochloride,1,0,4,371.0,0.0,,371,,
BRD-A84327315,1,0,4,373.0,0.0,,373,,
deoxyandirobin lactone,3,0,4,373.0,114.38822783252945,236.0,516,367.0,
gamma-linolenic acid (18:3 n-6),3,0,4,373.0,330.31601030931984,32.0,820,267.0,
pd 166793,4,0,4,374.75,298.3499413440532,300.0,880,195.0,124.0
BRD-K40300908,2,0,4,376.0,234.0,,610,142.0,
kuc103428n,1,0,4,377.0,0.0,,377,,
baeomycesic acid,2,0,4,377.5,39.5,338.0,417,,
methiothepin maleate,2,0,4,378.0,40.0,418.0,338,,
jfd02227,3,0,4,378.6666666666667,52.25790742929618,443.0,378,315.0,
medroxyprogesterone,1,0,4,384.0,0.0,,384,,
BRD-K00859168,2,0,4,385.0,26.0,411.0,359,,
thm-i-94,4,0,4,385.25,142.70489655229073,628.0,342,266.0,305.0
cv 1808,3,0,4,385.6666666666667,242.05004073997225,62.0,644,451.0,
BRD-A27640568,4,0,4,386.0,114.99782606640875,538.0,455,293.0,258.0
TAK-715,2,0,4,386.5,24.5,362.0,411,,
BRD-U74615290,4,0,4,387.0,337.5574025258519,304.0,960,158.0,126.0
d0196,1,0,4,387.0,0.0,,387,,
gr-103,4,0,4,387.75,189.50906970380072,490.0,647,189.0,225.0
BRD-K11362964,1,0,4,388.0,0.0,,388,,
BRD-K11663430,4,0,4,388.5,144.983619764441,377.0,554,461.0,162.0
estradiol benzoate,2,0,4,388.5,191.5,197.0,580,,
fu jmbii105b,3,0,4,390.3333333333333,132.77633657981212,302.0,578,291.0,
metixene hydrochloride,2,0,4,391.0,185.0,,206,576.0,
proglumide,1,0,4,391.0,0.0,,391,,
BRD-K37694030 (doxepin hydrochloride),3,0,4,391.3333333333333,185.14378796552214,370.0,628,176.0,
canertinib,4,0,4,392.0,230.52331769259266,771.0,245,175.0,377.0
hydrocortisone acetate,4,0,4,392.5,345.86811070117466,121.0,487,917.0,45.0
vinpocetine,3,0,4,392.6666666666667,186.20836596553752,607.0,418,153.0,
sb 203580,1,0,4,395.0,0.0,,395,,
BRD-K68437527,4,0,4,395.5,159.70363176834772,500.0,602,247.0,233.0
BRD-K87909389,4,0,4,395.5,123.97681234811613,567.0,460,283.0,272.0
CTB,1,0,4,398.0,0.0,,398,,
glimepiride,2,0,4,398.5,71.5,327.0,470,,
NU-7441,4,0,4,399.0,258.1055985444717,777.0,48,389.0,382.0
hy-10518,4,0,4,399.75,148.04454566109484,441.0,606,356.0,196.0
l 655240,1,0,4,401.0,0.0,,401,,
scriptaid,4,0,4,401.0,219.17230664479487,444.0,221,742.0,197.0
BRD-K37150847,1,0,4,402.0,0.0,,402,,
INK-128,4,0,4,403.5,185.5215620891545,618.0,541,154.0,301.0
pentobarbital,3,0,4,404.6666666666667,345.9906870936782,97.0,888,229.0,
metaxalone,3,0,4,405.0,434.3761810535502,53.0,145,1017.0,
GSK-J4,3,0,4,406.0,78.57480512225277,517.0,355,346.0,
AT-7519,4,0,4,407.25,235.21838257245116,776.0,122,350.0,381.0
coumestrol,2,0,4,408.5,210.5,198.0,619,,
le 300,1,0,4,409.0,0.0,,409,,
hydrocortisone phosphate triethylamine,2,0,4,409.5,294.5,115.0,704,,
mycophenolate mofetil,4,0,4,409.5,266.00234961368295,503.0,797,104.0,234.0
BRD-K69496360,3,0,4,410.6666666666667,321.1129949963962,856.0,111,265.0,
BRD-K18761689,1,0,4,412.0,0.0,,412,,
mw-a1-14 brd-k32010074,2,0,4,412.5,299.5,,712,113.0,
ncgc00184891-01,1,0,4,415.0,0.0,,415,,
BRD-K71554540,3,0,4,416.0,311.38507778419097,101.0,840,307.0,
hts 12526,2,0,4,416.5,30.5,386.0,447,,
hy-11009,4,0,4,417.5,187.6705890649891,708.0,427,192.0,343.0
JW-7-24-1,4,0,4,419.0,302.97359620930666,900.0,220,110.0,446.0
BRD-A82238138 (budesonide),3,0,4,419.3333333333333,196.3913326894941,415.0,662,,181.0
BRD-K01614657,4,0,4,420.75,111.89811213778363,590.0,369,439.0,285.0
clobetasol,2,0,4,421.5,243.5,178.0,665,,
ro 31-8220 mesylate,4,0,4,421.75,248.29858537655826,544.0,761,120.0,262.0
fluocinolone acetonide,3,0,4,422.0,324.72860463264806,281.0,871,,114.0
s1142,4,0,4,424.75,412.6707979733967,305.0,1129,138.0,127.0
fit,4,0,4,425.75,203.42366504416344,410.0,744,370.0,179.0
ite,1,0,4,426.0,0.0,,426,,
cyclopenthiazide,3,0,4,427.0,278.30319198073647,810.0,157,314.0,
methyltestosterone,4,0,4,427.5,266.11886441964236,405.0,866,264.0,175.0
BRD-K91047982,3,0,4,428.3333333333333,225.1878228403027,664.0,125,496.0,
BRD-K81441552,2,0,4,430.0,108.0,322.0,538,,
p233,3,0,4,432.0,378.6740022763644,261.0,957,78.0,
BRD-K69852452,4,0,4,432.5,232.2460979220103,317.0,757,522.0,134.0
BRD-K25320246,1,0,4,433.0,0.0,,433,,
tamoxifen citrate,4,0,4,436.25,500.5274093393887,146.0,1295,249.0,55.0
ncgc00185837-02,2,0,4,436.5,36.5,473.0,400,,
bay 36-7620,2,0,4,437.5,75.5,513.0,362,,
tpl2,3,0,4,437.6666666666667,135.79968908490017,523.0,544,,246.0
r-96544 hydrochloride,2,0,4,438.0,130.0,308.0,568,,
BRD-K10649245,3,0,4,441.0,220.1105782707107,274.0,752,297.0,
BRD-K90999434,4,0,4,441.5,201.41313264035193,402.0,452,739.0,173.0
BRD-K52914903,1,0,4,442.0,0.0,,442,,
PF-477736,4,0,4,443.0,180.3260935083994,686.0,534,217.0,335.0
vigabatrin,2,0,4,444.5,120.5,324.0,565,,
"amethopterin (r,s)",2,0,4,445.5,276.5,,722,169.0,
s1014,3,0,4,445.6666666666667,322.9513207211817,315.0,890,,132.0
BRD-K53816294,1,0,4,446.0,0.0,,446,,
tianeptine,2,0,4,446.5,9.5,456.0,437,,
3-methyladenine,3,0,4,448.0,300.6404275320714,841.0,392,111.0,
h7270,4,0,4,448.0,112.42553090824165,535.0,518,483.0,256.0
fostamatinib,4,0,4,450.0,133.7292039907514,612.0,341,550.0,297.0
hy-70044,4,0,4,452.75,135.35208716528902,680.0,375,425.0,331.0
AZD-7762,4,0,4,454.0,290.4883818675026,914.0,321,125.0,456.0
olomoucine,1,0,4,454.0,0.0,,454,,
BRD-K14788918,4,0,4,454.25,124.3229162302751,634.0,499,376.0,308.0
s1085,4,0,4,454.25,143.0093965444229,488.0,615,491.0,223.0
ncgc00188488-01,4,0,4,456.25,200.08794941225221,400.0,720,534.0,171.0
jtc 801,4,0,4,456.5,424.4835096914838,192.0,1165,393.0,76.0
BRD-K45542213,3,0,4,456.6666666666667,232.48847044292086,216.0,771,383.0,
bl-081,3,0,4,457.0,454.1504890085077,74.0,1095,202.0,
OTSSP167,4,0,4,457.5,242.15749007618987,774.0,115,562.0,379.0
BRD-K14027855,4,0,4,458.0,442.0050904684244,429.0,1183,30.0,190.0
BRD-K72161580,1,0,4,458.0,0.0,,458,,
ursolic acid,4,0,4,458.0,177.57392826651102,477.0,715,424.0,216.0
BRD-K61496577 (flumethasone),2,0,4,460.0,12.0,472.0,448,,
3-deoxydenosine,2,0,4,460.5,330.5,791.0,130,,
BRD-K56196992,3,0,4,461.6666666666667,580.1047798075409,60.0,1282,43.0,
hy-10459,4,0,4,463.0,360.4559612490824,376.0,1073,242.0,161.0
propyl-beta-carboline-3-carboxylate,3,0,4,463.3333333333333,375.6419690195558,299.0,983,108.0,
dabrafenib,4,0,4,464.0,220.3009305472857,821.0,410,218.0,407.0
SB-525334,4,0,4,464.25,382.9081972222585,515.0,1060,41.0,241.0
BRD-K02641134,3,0,4,465.0,114.62402307835241,389.0,627,379.0,
np-007374,1,0,4,465.0,0.0,,465,,
ncgc00183255-01,4,0,4,465.75,264.0514864567136,895.0,340,186.0,442.0
BRD-K91509126 (piceatannol),1,0,4,466.0,0.0,,466,,
BRD-U51951544,4,0,4,466.0,127.91012469699183,667.0,477,395.0,325.0
t018500,3,0,4,466.0,213.73035972146462,762.0,265,,371.0
pf3845,3,0,4,466.3333333333333,80.45840885547983,580.0,405,414.0,
BRD-K50204028,3,0,4,466.6666666666667,130.7321264605181,591.0,523,,286.0
BRD-A76019558,1,0,4,467.0,0.0,,467,,
BRD-K62310379 (fluticasone propionate),3,0,4,467.6666666666667,272.73226594755687,401.0,830,,172.0
BRD-K53461563,2,0,4,469.0,298.0,171.0,767,,
QL-XII-47,4,0,4,470.25,309.13862181875623,969.0,226,199.0,487.0
lobelanidine hydrochloride,2,0,4,471.0,181.0,290.0,652,,
vesamicol,4,0,4,471.75,224.05956239357425,540.0,809,279.0,259.0
BRD-K85051645,1,0,4,472.0,0.0,,472,,
BRD-K58674774,2,0,4,472.5,203.5,676.0,269,,
ALW-II-49-7,2,0,4,473.0,444.0,,917,29.0,
dihydroergocristine mesylate,2,0,4,475.0,226.0,249.0,701,,
BRD-K91145395,4,0,4,475.75,143.27137711350443,511.0,624,529.0,239.0
BRD-K35024477,2,0,4,476.0,41.0,435.0,517,,
flutamide,3,0,4,476.3333333333333,94.65845034766954,605.0,444,380.0,
dm-55-3 brd-k81592585,4,0,4,477.0,166.92513291892266,465.0,605,629.0,209.0
nintedanib,4,0,4,477.0,408.99021993196857,108.0,964,798.0,38.0
desoxymetasone,3,0,4,478.6666666666667,105.17393001859138,557.0,549,330.0,
dasatinib,4,0,4,478.75,133.61394949630073,656.0,555,384.0,320.0
BRD-K88556033,2,0,4,479.5,40.5,439.0,520,,
efavirenz,1,0,4,480.0,0.0,,480,,
imatinib,3,0,4,481.6666666666667,318.1805916282275,915.0,370,160.0,
mefenamic acid,1,0,4,482.0,0.0,,482,,
diphenyleneiodonium chloride,4,0,4,482.25,299.64176527980874,320.0,532,941.0,136.0
bulleyaconitine a,3,0,4,482.3333333333333,161.57213731196217,709.0,394,,344.0
BRD-K06666320,3,0,4,483.0,348.311163568822,343.0,962,,144.0
BRD-A15914070,1,0,4,486.0,0.0,,486,,
mls-0216981,2,0,4,486.0,126.0,360.0,612,,
AKT-inhibitor-1-2,4,0,4,486.75,175.3772719026043,541.0,737,409.0,260.0
ncgc00183371-01,4,0,4,487.25,282.48130469112465,421.0,950,394.0,184.0
BRD-A11702965,4,0,4,490.0,344.2128701835537,424.0,1068,281.0,187.0
sb 431542,2,0,4,490.5,200.5,691.0,290,,
diclofenac sodium,2,0,4,491.5,457.5,34.0,949,,
phenothiazine,3,0,4,491.6666666666667,271.3820595069288,863.0,222,390.0,
BRD-K30993697,3,0,4,492.0,144.97126151988422,592.0,597,,287.0
ncgc00182392-01,1,0,4,492.0,0.0,,492,,
BRD-K88551539,3,0,4,492.6666666666667,138.00805129492346,616.0,562,,300.0
clozapine,2,0,4,494.5,440.5,54.0,935,,
BRD-K00627859,3,0,4,495.3333333333333,187.23484955768487,760.0,356,,370.0
AS-605240,4,0,4,495.5,375.752910833702,1077.0,292,68.0,545.0
ag 82,2,0,4,496.5,104.5,392.0,601,,
eplerenone,2,0,4,496.5,302.5,194.0,799,,
BRD-K45878950,2,0,4,497.0,39.0,458.0,536,,
BRD-A77467113,4,0,4,498.0,232.49623652868019,683.0,766,210.0,333.0
"camptothecine (s,+)",4,0,4,498.0,247.15278675345743,425.0,503,876.0,188.0
gmx-1778,2,0,4,498.0,73.0,571.0,425,,
dm163 brd-k06180729,2,0,4,498.5,197.5,696.0,301,,
ncgc00241357-01,4,0,4,499.5,226.2680931991959,436.0,823,546.0,193.0
BRD-K91134378,2,0,4,500.5,60.5,561.0,440,,
BRD-K19220233,4,0,4,500.75,161.7349297461745,741.0,556,343.0,363.0
hy-50940,4,0,4,500.75,129.82945544058944,658.0,439,584.0,322.0
BRD-K75477256,1,0,4,502.0,0.0,,502,,
procaterol hydrochloride,2,0,4,502.0,131.0,371.0,633,,
ryuvidine,3,0,4,502.6666666666667,254.5392351332545,848.0,242,,418.0
pha 665752,2,0,4,503.0,274.0,229.0,777,,
ei-293,4,0,4,503.75,262.7854400456768,598.0,891,236.0,290.0
alvocidib,4,0,4,504.25,275.5153126416026,912.0,137,513.0,455.0
y 134,1,0,4,505.0,0.0,,505,,
triamcinolone,4,0,4,506.75,214.2876279676454,496.0,831,471.0,229.0
BRD-K51454562,1,0,4,507.0,0.0,,507,,
BRD-K18861610,3,0,4,507.6666666666667,172.33752412699394,568.0,682,,273.0
BRD-K42644990,2,0,4,508.0,167.0,341.0,675,,
KIN001-244,2,0,4,508.5,111.5,,397,620.0,
RAF 265,4,0,4,509.0,410.63913598194705,390.0,1207,272.0,167.0
fluorometholone,4,0,4,509.75,132.66946709774635,583.0,586,590.0,280.0
way 170523,3,0,4,512.0,356.74173664805,375.0,1001,,160.0
BRD-K74126469,2,0,4,514.0,228.0,742.0,286,,
KIN001-055,1,0,4,514.0,0.0,,514,,
vandetanib,4,0,4,515.25,140.13096552867964,646.0,451,648.0,316.0
BRD-K45735142,2,0,4,515.5,241.5,757.0,274,,
nortriptyline hydrochloride,4,0,4,516.75,135.87931225907792,661.0,626,457.0,323.0
clocortolone pivalate,4,0,4,517.0,253.38409579134995,694.0,829,207.0,338.0
r(+)-skf-81297,3,0,4,517.6666666666666,211.34857989166196,311.0,808,434.0,
zileuton,2,0,4,519.5,115.5,635.0,404,,
ncgc00182942-03,1,0,4,521.0,0.0,,521,,
siguazodan,3,0,4,522.3333333333334,408.8409090207203,1096.0,298,173.0,
NVP-AEW541,4,0,4,523.25,326.45931982407853,1002.0,80,506.0,505.0
BRD-K37043259,2,0,4,523.5,22.5,546.0,501,,
BRD-K09299610,2,0,4,524.0,150.0,674.0,374,,
BRD-K48970916 (danazol),1,0,4,525.0,0.0,,525,,
GSK-1059615,4,0,4,525.5,227.15908522443033,901.0,464,290.0,447.0
BRD-K24861700,2,0,4,526.5,272.5,799.0,254,,
deracoxib,1,0,4,527.0,0.0,,527,,
s1122,4,0,4,529.0,185.802314302056,531.0,775,558.0,252.0
saracatinib,4,0,4,529.75,153.77479474868434,566.0,613,669.0,271.0
GSK-690693,4,0,4,531.75,259.8233775086453,423.0,892,626.0,186.0
vx-680,4,0,4,532.5,419.97767797824685,262.0,1201,564.0,103.0
BRD-K49814456,1,0,4,533.0,0.0,,533,,
mitoxantrone dihydrochloride,4,0,4,533.75,141.02371254508938,640.0,669,515.0,311.0
BRD-K81538844,2,0,4,534.0,214.0,748.0,320,,
gw 441756,2,0,4,534.0,250.0,284.0,784,,
fenobam,4,0,4,534.75,557.8756021731009,385.0,1484,105.0,165.0
intropin,1,0,4,535.0,0.0,,535,,
s1483,2,0,4,536.0,63.0,599.0,473,,
pentetic acid,2,0,4,536.5,204.5,332.0,741,,
butein,3,0,4,537.0,240.58401166051468,526.0,837,,248.0
loratadine,2,0,4,537.0,141.0,678.0,396,,
mestanolone,2,0,4,538.5,102.5,641.0,436,,
isoxsuprine hydrochloride,2,0,4,539.0,33.0,506.0,572,,
yo-2,1,0,4,540.0,0.0,,540,,
ncgc00188536-01,4,0,4,540.25,215.85223533704718,478.0,776,690.0,217.0
BRD-U00779237,4,0,4,541.0,262.9286975588629,935.0,560,201.0,468.0
pz0004,4,0,4,542.75,297.49401254479056,964.0,594,130.0,483.0
ftt,3,0,4,543.0,207.6599784904801,573.0,781,,275.0
doxorubicin hydrochloride,4,0,4,543.5,224.19690006777523,601.0,881,400.0,292.0
(-)-cotinine,2,0,4,544.0,165.0,379.0,709,,
decitabine,3,0,4,545.6666666666666,182.02624963327557,802.0,438,,397.0
triamcinolone diacetate,2,0,4,546.5,227.5,319.0,774,,
BRD-K57080016,4,0,4,547.25,181.71595279446436,688.0,763,402.0,336.0
BRD-K97149069,1,0,4,550.0,0.0,,550,,
PHA-665752,4,0,4,550.25,277.33136768133534,534.0,413,999.0,255.0
zuclopenthixol hydrochloride,1,0,4,551.0,0.0,,551,,
formoterol,1,0,4,552.0,0.0,,552,,
BRD-K31342827,4,0,4,552.25,233.3338541660854,547.0,913,485.0,264.0
SB590885,4,0,4,552.75,366.7828887775437,1128.0,380,132.0,571.0
chelerythrine chloride,4,0,4,554.5,274.3141447319113,1009.0,416,284.0,509.0
c-1,2,0,4,556.0,74.0,482.0,630,,
aristolochic acid,2,0,4,556.5,27.5,584.0,529,,
BRD-K60218670,1,0,4,557.0,0.0,,557,,
carbazol-9-yl-p-tolyl-methanone,1,0,4,558.0,0.0,,558,,
fluticasone propionate,3,0,4,559.6666666666666,267.99170799775794,527.0,903,,249.0
BRD-K56596360,2,0,4,561.5,235.5,797.0,326,,
nelfinavir,2,0,4,561.5,68.5,630.0,493,,
BRD-K74623475,3,0,4,562.6666666666666,318.1533522620115,483.0,986,,219.0
s1053,4,0,4,563.5,345.82401593874306,466.0,1137,441.0,210.0
BRD-K50140147,4,0,4,563.75,427.24078398486256,633.0,1224,91.0,307.0
jx 401,1,0,4,564.0,0.0,,564,,
s1030,4,0,4,566.25,321.0586979042929,498.0,441,1095.0,231.0
ncgc00181061-03,1,0,4,567.0,0.0,,567,,
BRD-K83670234,4,0,4,569.5,308.00771094243726,407.0,997,697.0,177.0
BRD-K00007652,3,0,4,570.0,374.639382161922,602.0,1012,96.0,
chloroguanide hydrochloride,3,0,4,572.0,415.7811924558397,151.0,1138,427.0,
n- (2-aminoethyl)-4-chlorobenzamide (ro-16-6491),3,0,4,572.0,161.53224652268867,394.0,785,537.0,
"mapp, d-erythro",1,0,4,573.0,0.0,,573,,
s1205,4,0,4,573.25,322.04687158859343,645.0,1070,263.0,315.0
BRD-K58618158,1,0,4,574.0,0.0,,574,,
mls-0454415.0001,2,0,4,574.5,11.5,586.0,563,,
gr-237,4,0,4,574.75,441.51295281112647,533.0,1308,204.0,254.0
BRD-K82857306,2,0,4,575.0,73.0,502.0,648,,
debrisoquin sulfate,1,0,4,575.0,0.0,,575,,
linsitinib,4,0,4,575.25,260.2925037337802,916.0,705,223.0,457.0
ciglitazone,3,0,4,575.3333333333334,163.80137022897242,789.0,546,,391.0
xylazine,2,0,4,575.5,268.5,307.0,844,,
flavokawain b,3,0,4,576.0,309.6460344759265,507.0,985,,236.0
tozasertib,4,0,4,576.0,174.17663448350356,788.0,707,419.0,390.0
piretanide,4,0,4,576.5,503.3500273169755,395.0,1437,306.0,168.0
clomid,2,0,4,577.5,351.5,226.0,929,,
"3,6-diphenyl-1,2,4-triazin-5-yl methyl ether",1,0,4,579.0,0.0,,579,,
linopirdine dihydrochloride,2,0,4,579.5,69.5,510.0,649,,
BRD-K88742110,1,0,4,581.0,0.0,,581,,
beclomethasone dipropionate,4,0,4,581.0,664.010165584835,381.0,1714,66.0,163.0
nsc 3852,4,0,4,581.0,287.77856070249567,492.0,1026,579.0,227.0
BRD-K23673040,3,0,4,583.0,163.45641620933696,730.0,664,,355.0
prednisolone acetate,1,0,4,583.0,0.0,,583,,
s1475,3,0,4,583.3333333333334,394.63513387544305,1086.0,542,122.0,
BRD-K77681376,4,0,4,583.5,201.03295749702335,692.0,453,852.0,337.0
BRD-K92107474,1,0,4,584.0,0.0,,584,,
BRD-K68202742 (trichostatin a),4,0,4,584.25,163.05578033298912,844.0,595,482.0,416.0
stk397047,4,0,4,585.25,180.3446353513184,699.0,806,497.0,339.0
importazole,4,0,4,585.5,299.91707187154253,530.0,1071,490.0,251.0
linezolid,3,0,4,585.6666666666666,161.28718348199757,746.0,646,,365.0
BRD-K85853281,4,0,4,586.75,153.73089312171447,833.0,571,531.0,412.0
methylstat,4,0,4,586.75,265.77751503842455,944.0,702,228.0,473.0
BRD-K37724988,2,0,4,588.0,185.0,773.0,403,,
BRD-K64857848,4,0,4,588.5,590.2721829800215,280.0,1599,362.0,113.0
"stat3 inhibitor vi, s31-201",2,0,4,589.0,160.0,749.0,429,,
troglitazone,1,0,4,589.0,0.0,,589,,
BRD-K86269644,1,0,4,590.0,0.0,,590,,
cd 01333,3,0,4,590.6666666666666,74.12751775750277,487.0,629,656.0,
thiophene-2-carboxylic acid benzothiazol-2-ylamide mls-0446110.0001,3,0,4,591.0,469.65732188479717,225.0,1254,294.0,
sch 58261,4,0,4,591.75,718.1477476814921,154.0,1824,331.0,58.0
mls-0425579.0001,1,0,4,592.0,0.0,,592,,
azd-7545-a,3,0,4,592.3333333333334,628.5402842212176,215.0,1478,,84.0
u0126,3,0,4,593.0,326.35665561876726,512.0,1027,,240.0
palda,4,0,4,593.5,369.57171157976904,509.0,1211,416.0,238.0
su 4312,4,0,4,593.5,334.97798435121075,811.0,1008,155.0,400.0
s1175,3,0,4,595.0,222.40653467617958,632.0,847,,306.0
k3644,3,0,4,595.3333333333334,251.43101550038642,933.0,330,523.0,
odq,3,0,4,595.3333333333334,241.80065251267533,606.0,886,,294.0
BRD-K01436366,4,0,4,595.5,235.8606580165501,585.0,946,570.0,281.0
BRD-K78596368,2,0,4,596.0,398.0,994.0,198,,
BRD-K16533489,4,0,4,597.75,315.8554851510418,422.0,1003,781.0,185.0
my-5445,1,0,4,598.0,0.0,,598,,
BRD-K14681867,1,0,4,599.0,0.0,,599,,
sdz 21009,1,0,4,600.0,0.0,,600,,
hexylcaine hydrochloride,3,0,4,600.6666666666666,246.50400041829386,265.0,850,687.0,
BRD-K48950795,4,0,4,602.75,318.2140592431453,1011.0,745,145.0,510.0
BRD-K22630935,2,0,4,603.0,47.0,556.0,650,,
jas07 005,1,0,4,604.0,0.0,,604,,
penfluridol,4,0,4,604.25,151.91835800850401,726.0,611,726.0,354.0
u-0126,3,0,4,604.6666666666666,523.7978829875339,335.0,1337,,142.0
QL-XI-92,4,0,4,606.0,265.3893366358189,1007.0,636,274.0,507.0
jte 013,3,0,4,606.0,225.88640212873963,910.0,539,369.0,
HG-5-88-01,4,0,4,606.5,218.69785092679808,668.0,510,922.0,326.0
"ly-165,163",2,0,4,608.0,325.0,283.0,933,,
gant 58,4,0,4,608.75,157.3251013030025,721.0,750,613.0,351.0
ABT-737,1,0,4,609.0,0.0,,609,,
urapidil hydrochloride,2,0,4,610.5,448.5,1059.0,162,,
s1172,3,0,4,610.6666666666666,215.5679836050696,474.0,915,443.0,
n-desmethylclozapine,3,0,4,611.0,288.0636503737788,576.0,980,,277.0
curcumin,4,0,4,613.25,308.08227391396605,713.0,1074,320.0,346.0
a8674,4,0,4,613.75,391.96005855188866,710.0,1209,191.0,345.0
chaetocin,4,0,4,615.25,389.31117053072086,450.0,1251,559.0,201.0
vincamine,1,0,4,616.0,0.0,,616,,
s1017,3,0,4,617.0,574.542136545847,303.0,1423,,125.0
terbutaline hemisulfate,1,0,4,617.0,0.0,,617,,
BRD-K70748405,2,0,4,618.5,48.5,570.0,667,,
a-275,4,0,4,618.75,364.6891655917406,1050.0,817,71.0,537.0
BRD-K64754843,1,0,4,620.0,0.0,,620,,
BIX-01294,4,0,4,620.25,377.6575002565155,1043.0,858,48.0,532.0
BRD-A54077041,2,0,4,621.5,394.5,227.0,1016,,
BRD-K87343924 (wortmannin),3,0,4,622.3333333333334,203.3393441734503,707.0,818,,342.0
BRD-K02458594,2,0,4,624.5,190.5,815.0,434,,
BRD-K96083840,2,0,4,624.5,46.5,578.0,671,,
pac 1,4,0,4,624.5,272.57338461412553,705.0,1034,418.0,341.0
rocilinostat,4,0,4,625.0,376.6908546805988,1173.0,625,109.0,593.0
sertraline hydrochloride,4,0,4,625.0,343.5018195002757,569.0,1191,466.0,274.0
BRD-A36630025,4,0,4,626.25,346.8532650848194,562.0,1198,476.0,269.0
BRD-K41925105,4,0,4,626.5,304.6846730638087,467.0,977,851.0,211.0
eicosatrienoic acid (20:3 n-3),2,0,4,627.0,50.0,577.0,677,,
BRD-K92158425,4,0,4,627.25,373.56818320087166,1215.0,490,187.0,617.0
BRD-K66555411,2,0,4,629.0,415.0,214.0,1044,,
budesonide,4,0,4,629.75,396.1473053044789,670.0,1261,261.0,327.0
jak3 inhibitor v,2,0,4,630.0,152.0,782.0,478,,
"2,5-dideoxyadenosine",3,0,4,631.0,825.2381474459357,37.0,1798,58.0,
BRD-K85818861,3,0,4,631.0,199.00921251707587,909.0,530,,454.0
austricine hydrate,1,0,4,631.0,0.0,,631,,
gr 159897,2,0,4,631.5,100.5,732.0,531,,
PF 573228,4,0,4,631.75,365.0653194977578,977.0,961,97.0,492.0
l-cis-diltiazem,1,0,4,632.0,0.0,,632,,
BRD-K38340366,4,0,4,634.0,891.8124802894384,185.0,2177,102.0,72.0
BRD-K50384076,1,0,4,634.0,0.0,,634,,
fluocinonide,4,0,4,636.0,263.50616691075754,587.0,1023,652.0,282.0
fenbufen,2,0,4,636.5,342.5,979.0,294,,
6-azauridine,1,0,4,637.0,0.0,,637,,
BRD-K72615639,4,0,4,638.0,231.8652625987774,673.0,976,574.0,329.0
BRD-K71303366,3,0,4,639.0,423.2595736267127,481.0,1218,,218.0
t542500,4,0,4,640.0,225.73546464833566,871.0,860,401.0,428.0
BRD-K04853698,4,0,4,640.25,156.9018403333753,769.0,670,746.0,376.0
s1107,4,0,4,640.25,323.791889181925,484.0,1090,767.0,220.0
"ym 298198, desmethyl-",2,0,4,642.0,220.0,862.0,422,,
flunisolide,4,0,4,642.5,391.544058823525,505.0,1289,541.0,235.0
KU-60019,3,0,4,643.0,285.20986425203927,970.0,684,275.0,
toremifene,1,0,4,643.0,0.0,,643,,
bumetanide,4,0,4,643.75,211.70424535185873,627.0,819,825.0,304.0
ncgc00187898-02,1,0,4,645.0,0.0,,645,,
BRD-K00824317 (flurandrenolide),3,0,4,646.0,157.17718239829426,453.0,838,647.0,
np-010155,2,0,4,646.0,69.0,715.0,577,,
perphenazine,3,0,4,646.0,361.08447765031383,545.0,1130,,263.0
ssr 69071,4,0,4,646.75,287.63464238509243,818.0,1029,336.0,404.0
BRD-U64289953,4,0,4,648.25,356.7613873445387,548.0,1233,547.0,265.0
bml-st330,3,0,4,648.3333333333334,222.53139603710355,918.0,654,373.0,
BRD-K00317371,4,0,4,649.75,436.5434543089611,542.0,1386,410.0,261.0
dibenzyline,4,0,4,650.0,399.6429656580984,830.0,1203,157.0,410.0
endo-iwr 1,2,0,4,650.0,27.0,677.0,623,,
BRD-K45044657,2,0,4,650.5,509.5,141.0,1160,,
acyclovir,1,0,4,651.0,0.0,,651,,
BRD-K64606589,4,0,4,651.5,256.5360598434458,982.0,804,326.0,494.0
cortisone,2,0,4,651.5,75.5,727.0,576,,
brompheniramine maleate,3,0,4,651.6666666666666,517.4825815640776,130.0,1357,468.0,
TG-101348,4,0,4,652.25,342.4531902318914,1210.0,498,288.0,613.0
AS-601245,4,0,4,653.75,371.33029434722937,1238.0,212,533.0,632.0
sb 216763,4,0,4,655.0,341.2982566612376,1083.0,826,163.0,548.0
ncgc00238447-01,1,0,4,656.0,0.0,,656,,
6-diazo-5-oxo-l-norleucine,3,0,4,658.3333333333334,232.07805200454055,718.0,908,,349.0
penicillin g potassium,3,0,4,658.3333333333334,365.61576674001475,572.0,1143,260.0,
"l-ornithine, n5-[imino(methylamino)methyl]-[cas]",1,0,4,659.0,0.0,,659,,
cinnarizine,1,0,4,660.0,0.0,,660,,
s(+)-terguride,2,0,4,660.0,94.0,754.0,566,,
BRD-A32449311,2,0,4,661.0,213.0,,874,448.0,
bd 1063 dihydrochloride,1,0,4,661.0,0.0,,661,,
"r(-)-2,10,11-trihydroxy-n-propyl-noraporphine",2,0,4,661.0,52.0,609.0,713,,
sulpiride,4,0,4,661.5,239.7274494086983,604.0,870,879.0,293.0
BRD-K50387473,4,0,4,662.25,247.072231341363,637.0,698,1005.0,309.0
ncgc00183696-01,4,0,4,663.25,222.71211799091668,820.0,940,487.0,406.0
BIX-02189,3,0,4,663.3333333333334,268.1173043443651,293.0,778,919.0,
BRD-A10330754,2,0,4,663.5,249.5,913.0,414,,
methotrimeprazine maleat salt,2,0,4,665.5,228.5,437.0,894,,
sb 205384,1,0,4,666.0,0.0,,666,,
selinidin,3,0,4,667.3333333333334,242.4408289780324,855.0,822,325.0,
16-hydroxytriptolide,4,0,4,667.5,317.57243268268735,649.0,1178,525.0,318.0
BRD-K27170250,2,0,4,668.0,30.0,698.0,638,,
BRD-K45435259,2,0,4,668.0,425.0,243.0,1093,,
st001903,2,0,4,668.0,214.0,454.0,882,,
nnc 05-2090 hydrochloride,3,0,4,669.0,728.2870313276215,223.0,1696,,88.0
BRD-K22631935,3,0,4,669.3333333333334,730.2348176366892,145.0,1702,161.0,
BRD-K24031526,2,0,4,669.5,417.5,252.0,1087,,
floxuridine,2,0,4,670.0,176.0,,846,494.0,
flufenamic acid,4,0,4,672.75,189.34541848167333,731.0,746,858.0,356.0
bas 00535043,3,0,4,673.3333333333334,568.4131908704754,387.0,1467,,166.0
ncgc00165289-01,4,0,4,673.75,191.58206466159612,961.0,733,520.0,481.0
rimexolone,3,0,4,674.3333333333334,47.786562499886465,659.0,739,625.0,
BRD-K36038115,2,0,4,675.0,380.0,1055.0,295,,
BRD-A47816767,4,0,4,677.0,357.5702728136107,793.0,1210,312.0,393.0
BRD-A16820783,1,0,4,678.0,0.0,,678,,
losartan,2,0,4,678.5,56.5,622.0,735,,
fipronil,3,0,4,679.0,412.06876448799983,340.0,1259,438.0,
ns-1619,1,0,4,679.0,0.0,,679,,
s1120,3,0,4,679.0,185.74355080773776,864.0,748,,425.0
er 27319 maleate,4,0,4,679.5,235.0377629233226,926.0,902,426.0,464.0
bifemelane hydrochloride,1,0,4,680.0,0.0,,680,,
BRD-K42629487,1,0,4,681.0,0.0,,681,,
BRD-A60245366,4,0,4,682.25,335.15845133309705,720.0,1213,446.0,350.0
dubinidine,3,0,4,684.0,413.7664397539591,652.0,1206,194.0,
indatraline,1,0,4,686.0,0.0,,686,,
citalopram hydrobromide,4,0,4,686.25,231.23405350423627,850.0,973,502.0,420.0
BRD-K38625260,2,0,4,686.5,490.5,196.0,1177,,
nsc 663284,4,0,4,687.0,280.5200527591566,595.0,814,1050.0,289.0
oxiconazole,1,0,4,687.0,0.0,,687,,
mls-0315871.0001,2,0,4,688.0,355.0,,1043,333.0,
quinacrine dihydrochloride dihydrate,4,0,4,688.25,350.54983597200555,752.0,1236,398.0,367.0
BRD-K46681113,1,0,4,689.0,0.0,,689,,
herniarin,4,0,4,689.25,240.38549769068848,1089.0,653,463.0,552.0
naloxone benzoylhydrazone,3,0,4,691.3333333333334,360.0928892506611,611.0,1167,,296.0
paclitaxel,4,0,4,691.5,270.9487959006277,896.0,1021,406.0,443.0
BRD-K71726959,4,0,4,692.5,484.03847987530906,408.0,1461,723.0,178.0
BRD-K61717269,4,0,4,693.5,411.1535601207899,819.0,1306,244.0,405.0
u 18666a,2,0,4,694.5,297.5,397.0,992,,
pd 160170,3,0,4,695.3333333333334,379.5869099721725,662.0,1176,248.0,
BI-2536,4,0,4,695.75,240.59132881298945,1112.0,570,539.0,562.0
ei-231,4,0,4,695.75,372.3092632476393,524.0,1262,750.0,247.0
16beta-bromoandrosterone,2,0,4,696.0,289.0,985.0,407,,
BRD-K27290412,1,0,4,696.0,0.0,,696,,
lasalocid sodium salt,4,0,4,696.25,280.3429818989589,648.0,1106,714.0,317.0
s1364,2,0,4,697.0,352.0,1049.0,345,,
rapamycin,1,0,4,699.0,0.0,,699,,
trimethobenzamide hydrochloride,1,0,4,700.0,0.0,,700,,
cefixime,4,0,4,701.0,246.12090524780703,906.0,462,985.0,451.0
naltrexone hydrochloride,4,0,4,701.5,332.24576746739757,943.0,1102,289.0,472.0
BRD-K17953061,4,0,4,702.25,347.8170316416377,725.0,1258,473.0,353.0
CYT387,4,0,4,703.25,347.60852621879116,1004.0,1069,234.0,506.0
BRD-K67870070,3,0,4,704.0,220.63091351848226,1013.0,587,,512.0
bapta-am,4,0,4,704.25,309.9236801214131,1163.0,759,308.0,587.0
benzamil hydrochloride,3,0,4,705.6666666666666,415.1484339633503,574.0,1267,,276.0
"r(-)-2,11-dihydroxy-10-methoxyaporphine",1,0,4,706.0,0.0,,706,,
colforsin,4,0,4,706.25,208.70478552251743,849.0,953,604.0,419.0
ncgc00188537-01,3,0,4,707.3333333333334,626.2716840335528,260.0,1593,269.0,
tetracycline hydrochloride,1,0,4,708.0,0.0,,708,,
ropinirole hcl,1,0,4,710.0,0.0,,710,,
tiotidine,3,0,4,710.0,62.487332049517576,761.0,622,747.0,
bml-257,3,0,4,710.6666666666666,290.362225887291,552.0,1118,462.0,
BRD-A96272097,1,0,4,711.0,0.0,,711,,
BRD-U43867373,4,0,4,711.75,537.0197272912793,494.0,1622,503.0,228.0
BRD-K38615104,4,0,4,712.25,466.97396876057235,368.0,1305,1019.0,157.0
lasalocid sodium,3,0,4,712.6666666666666,299.5845271186229,655.0,1105,378.0,
sb 258585 hydrochloride,3,0,4,712.6666666666666,418.9584970163778,206.0,1232,700.0,
ncgc00186101-01,2,0,4,713.0,152.0,865.0,561,,
immethridine dihydrobromide,2,0,4,714.0,214.0,928.0,500,,
sulfisoxazole,1,0,4,714.0,0.0,,714,,
ketoprofen,3,0,4,714.3333333333334,257.1903747982978,352.0,923,868.0,
mafenide hydrochloride,1,0,4,716.0,0.0,,716,,
nrb 04155,2,0,4,716.5,53.5,663.0,770,,
BRD-K87573634,2,0,4,717.0,181.0,536.0,898,,
diethylcarbamazine citrate,1,0,4,717.0,0.0,,717,,
thiostrepton,2,0,4,717.0,224.0,493.0,941,,
PF-3758309,4,0,4,717.75,414.86526427263107,1358.0,618,200.0,695.0
BRD-K30849099,3,0,4,719.0,210.45823021841332,806.0,922,429.0,
ioxaglic acid,1,0,4,719.0,0.0,,719,,
ncgc00241077-01,3,0,4,719.3333333333334,298.44076278030263,723.0,1083,,352.0
benazepril hydrochloride,4,0,4,719.75,292.95850815431186,888.0,1115,437.0,439.0
BRD-A47832959,2,0,4,720.0,161.0,881.0,559,,
bms 299897,2,0,4,720.0,212.0,932.0,508,,
BRD-K95196255,4,0,4,720.5,506.0140808317492,600.0,1576,415.0,291.0
fenofibrate,2,0,4,722.0,253.0,469.0,975,,
kenpaullone,3,0,4,723.0,342.1666260756592,675.0,1164,,330.0
zardaverine,1,0,4,723.0,0.0,,723,,
sildenafil citrate,2,0,4,723.5,97.5,626.0,821,,
BRD-K55116708,3,0,4,724.0,230.08404261631588,1048.0,588,,536.0
flubendazole,3,0,4,724.3333333333334,498.29866100116664,378.0,1429,366.0,
quizartinib,4,0,4,724.5,439.0885446012,1186.0,1050,64.0,598.0
sulconazole nitrate,2,0,4,724.5,645.5,79.0,1370,,
BRD-K95495709,1,0,4,725.0,0.0,,725,,
ncgc00242335-01,3,0,4,725.3333333333334,198.04096097076035,903.0,824,,449.0
nadolol,2,0,4,725.5,428.5,1154.0,297,,
BRD-K98173387,1,0,4,726.0,0.0,,726,,
anagrelide hydrochloride,3,0,4,728.0,206.02103452479474,886.0,861,,437.0
propentofylline,1,0,4,728.0,0.0,,728,,
carbamazepine,4,0,4,728.25,688.4255133999611,529.0,1903,231.0,250.0
"w-12, hydrochloride",1,0,4,729.0,0.0,,729,,
lylamine hydrochloride,4,0,4,729.5,560.8094596206452,383.0,1634,737.0,164.0
BRD-K08307026,4,0,4,731.0,342.1768548572507,772.0,1270,504.0,378.0
NVP-AUY922,4,0,4,731.25,250.65850773512557,1044.0,906,442.0,533.0
"methyl 2,5-dihydroxycinnamate",1,0,4,732.0,0.0,,732,,
piroxicam,3,0,4,732.0,302.93343603284643,736.0,1101,,359.0
stock4s-72743,2,0,4,732.0,38.0,770.0,694,,
n-chlorophenyl-n-hexylpiperazine,2,0,4,732.5,53.5,679.0,786,,
BRD-K37798499,3,0,4,733.3333333333334,376.4840265166933,1237.0,332,,631.0
thiethylperazine dimalate,2,0,4,733.5,17.5,716.0,751,,
BRD-K70161581,4,0,4,733.75,198.07495424712332,845.0,944,729.0,417.0
BRD-A43155244,4,0,4,735.75,702.4689939776702,485.0,1941,296.0,221.0
BRD-K88542532,2,0,4,736.0,423.0,1159.0,313,,
cot-10b,4,0,4,736.0,187.24849799130567,968.0,854,636.0,486.0
hy-11008,1,0,4,736.0,0.0,,736,,
mebendazole,4,0,4,737.0,193.33002870738937,966.0,877,621.0,484.0
bl-052,2,0,4,738.0,54.0,684.0,792,,
methyl 7-desoxypurpurogallin-7-carboxylate trimethyl ether,3,0,4,738.0,496.2183659102781,345.0,1438,431.0,
BRD-K48716658,2,0,4,741.0,54.0,687.0,795,,
st4049616,1,0,4,743.0,0.0,,743,,
ku 0060648 trihydrochloride,4,0,4,745.75,371.03461765716685,714.0,1347,575.0,347.0
luteolin,4,0,4,746.0,296.01942503829036,785.0,1197,614.0,388.0
ncgc00183690-01,2,0,4,746.0,192.0,554.0,938,,
pp 1,3,0,4,746.0,323.05520684035827,733.0,1148,,357.0
estradiol,1,0,4,747.0,0.0,,747,,
BRD-A14985772,2,0,4,748.5,55.5,804.0,693,,
mycophenolic acid,4,0,4,748.75,412.14522622493155,519.0,1342,890.0,244.0
gw 3965 hydrochloride,2,0,4,749.5,392.5,,1142,357.0,
nylidrin hydrochloride,2,0,4,750.0,92.0,842.0,658,,
thiotepa,3,0,4,750.3333333333334,372.6681574209897,504.0,1277,470.0,
brefeldin a,4,0,4,751.25,262.53035538771513,1169.0,768,477.0,591.0
jak3 inhibitor ii,2,0,4,751.5,498.5,253.0,1250,,
BRD-A41250203,4,0,4,751.75,353.80176299730334,1034.0,1153,295.0,525.0
BRD-K62818989,3,0,4,752.6666666666666,477.4406303987497,525.0,1417,316.0,
rimcazole dihydrochloride,1,0,4,754.0,0.0,,754,,
bp 554 maleate,2,0,4,754.5,91.5,846.0,663,,
econazole nitrate,1,0,4,755.0,0.0,,755,,
BRD-K58679021,1,0,4,756.0,0.0,,756,,
amuvatinib,1,0,4,758.0,0.0,,758,,
cyclopiazonic acid,3,0,4,759.0,74.2473344078201,706.0,864,707.0,
epirubicin hydrochloride,4,0,4,760.0,222.96524392828582,790.0,981,877.0,392.0
BRD-K65955264,4,0,4,760.5,672.9849552553162,460.0,1912,464.0,206.0
C646,3,0,4,762.6666666666666,483.39654759030105,1381.0,201,,706.0
BRD-K49094915,4,0,4,763.0,174.70689740247806,955.0,796,822.0,479.0
mdl-28170,2,0,4,763.5,226.5,990.0,537,,
s8822,1,0,4,764.0,0.0,,764,,
dy131,2,0,4,764.5,73.5,838.0,691,,
cdk1/5 inhibitor,1,0,4,765.0,0.0,,765,,
nsc 632839 hydrochloride,4,0,4,765.25,339.05484438361884,1199.0,951,305.0,606.0
BRD-A75931230,4,0,4,766.25,444.9726817457449,581.0,1486,719.0,279.0
BRD-K92317137,4,0,4,766.25,248.72110384927132,998.0,1031,532.0,504.0
bi 2536,4,0,4,766.75,281.0759461426751,794.0,1181,698.0,394.0
AZD-5438,4,0,4,768.5,258.50773682812667,1107.0,928,479.0,560.0
bupropion hydrochloride,1,0,4,769.0,0.0,,769,,
BRD-K00430421,2,0,4,769.5,361.5,1131.0,408,,
tyrphostin 47,2,0,4,770.0,31.0,739.0,801,,
radicicol,4,0,4,770.5,343.9872817416365,1255.0,873,310.0,644.0
BRD-K88198340,3,0,4,771.6666666666666,210.30823939055637,1046.0,734,,535.0
cdk2/5 inhibitor,1,0,4,772.0,0.0,,772,,
sirolimus,4,0,4,772.5,515.5252176179164,1012.0,1468,99.0,511.0
12k-516s,1,0,4,773.0,0.0,,773,,
BRD-A51777634,4,0,4,773.25,602.3754539321801,497.0,1793,573.0,230.0
l-6307,4,0,4,773.5,336.45021920040415,615.0,1123,1057.0,299.0
kuc104487 kuc104487n,3,0,4,774.0,181.8130908378162,986.0,794,542.0,
BRD-K72238567,4,0,4,774.75,364.14514619860034,1298.0,848,285.0,668.0
quercetin,3,0,4,776.6666666666666,248.7653959501245,879.0,1017,,434.0
ncgc00165199-01,4,0,4,778.0,276.5320957863662,740.0,1124,886.0,362.0
oxaprozin,2,0,4,778.0,283.0,1061.0,495,,
hydrocortisone,3,0,4,778.3333333333334,634.8544890147838,463.0,1664,,208.0
clobenpropit dihydrobromide,3,0,4,778.6666666666666,709.8931061943215,1747.0,524,65.0,
s1018,4,0,4,778.75,588.08306173533,432.0,1737,754.0,192.0
compound 10,1,0,4,779.0,0.0,,779,,
su11652,4,0,4,779.75,494.4210629615207,780.0,1587,368.0,384.0
stock2s-79598,1,0,4,780.0,0.0,,780,,
BRD-K96405393,2,0,4,780.5,401.5,1182.0,379,,
t 0070907,1,0,4,782.0,0.0,,782,,
dorsomorphin dihydrochloride,4,0,4,782.75,559.6755198326973,551.0,1728,586.0,266.0
iodophenpropit dihydrobromide,4,0,4,784.5,255.05342577585583,988.0,1084,569.0,497.0
thalidomide,2,0,4,784.5,304.5,480.0,1089,,
pivmecillinam hydrochloride,3,0,4,784.6666666666666,206.51123187102652,1015.0,825,,514.0
triptolide,4,0,4,784.75,227.9686107778876,1168.0,742,639.0,590.0
BRD-K34711351,2,0,4,786.0,617.0,169.0,1403,,
fpl 55712,1,0,4,787.0,0.0,,787,,
BRD-K99146421,1,0,4,788.0,0.0,,788,,
pp 2,4,0,4,788.75,489.1269646012168,781.0,1590,399.0,385.0
hinokitiol,4,0,4,789.25,434.15283887128965,917.0,1442,340.0,458.0
mdl 73005ef hydrochloride,3,0,4,789.3333333333334,647.4804158342465,328.0,1705,335.0,
BRD-K45114207,2,0,4,789.5,447.5,342.0,1237,,
BRD-K64058329,1,0,4,790.0,0.0,,790,,
ncgc00183691-01,2,0,4,791.0,270.0,521.0,1061,,
ryanodine,1,0,4,791.0,0.0,,791,,
gr-239,3,0,4,792.3333333333334,236.98148075793227,921.0,996,,460.0
ncgc00183237-01,2,0,4,792.5,277.5,1070.0,515,,
BRD-K30523950,1,0,4,793.0,0.0,,793,,
riboflavine,2,0,4,793.0,90.0,883.0,703,,
tws119,3,0,4,794.3333333333334,210.492016211753,1008.0,867,,508.0
GSK-1904529A,2,0,4,794.5,297.5,,497,1092.0,
BRD-K54256913,4,0,4,795.0,465.4470968864238,486.0,1400,1072.0,222.0
coumarinic acid methyl ether,2,0,4,795.0,175.0,620.0,970,,
BRD-K36055864 (cycloheximide),4,0,4,795.25,331.9987763531667,751.0,1299,765.0,366.0
BRD-K53308430,3,0,4,797.6666666666666,763.7880741555358,366.0,1871,,156.0
epitestosterone,2,0,4,798.0,53.0,745.0,851,,
isocarboxazid,1,0,4,798.0,0.0,,798,,
"tamoxifen, 4-hydroxy-, (z)-",2,0,4,800.5,433.5,367.0,1234,,
gemcitabine,4,0,4,801.0,405.940266541766,755.0,1462,618.0,369.0
tw 37,4,0,4,801.25,271.2271879808512,767.0,1077,987.0,374.0
BRD-K97764662,3,0,4,801.6666666666666,291.62799743661253,852.0,1131,,422.0
BRD-K86693415,1,0,4,802.0,0.0,,802,,
BRD-K87779281,1,0,4,803.0,0.0,,803,,
BRD-A94793051,1,0,4,805.0,0.0,,805,,
cucurbitacin i,4,0,4,805.75,340.2038910712222,1231.0,1014,351.0,627.0
skatole,2,0,4,807.0,193.0,1000.0,614,,
BRD-K49371609,4,0,4,807.5,504.19663822758673,639.0,1650,631.0,310.0
BRD-K13810148,4,0,4,807.75,246.8819302824733,1229.0,641,736.0,625.0
nilotinib,4,0,4,808.5,358.25584433474353,1347.0,353,846.0,688.0
vu0418939-2,4,0,4,808.75,346.8525443181872,1222.0,1049,342.0,622.0
BRD-K27151060,1,0,4,810.0,0.0,,810,,
leoidin dimethyl ether,3,0,4,810.6666666666666,214.52790546272115,654.0,1114,664.0,
wiskostatin,3,0,4,812.6666666666666,791.7248399679161,359.0,1926,,153.0
BRD-K67519589,1,0,4,813.0,0.0,,813,,
mw-a1-12,4,0,4,814.5,369.64476189985436,1118.0,1229,344.0,567.0
tizanidine hcl,4,0,4,814.5,192.17505040977613,1025.0,936,778.0,519.0
BRD-K30381384,1,0,4,815.0,0.0,,815,,
dnqx disodium salt,3,0,4,815.3333333333334,211.53618025187927,808.0,1078,560.0,
BRD-K53780220,4,0,4,815.5,386.5025873134616,873.0,1422,538.0,429.0
cycloheximide,4,0,4,815.5,542.3866240976081,563.0,1713,716.0,270.0
icariin,2,0,4,815.5,115.5,700.0,931,,
ncgc00183244-01,1,0,4,816.0,0.0,,816,,
BRD-K00313977,4,0,4,817.5,265.9929510344212,1241.0,841,554.0,634.0
benzo[a]pyrene,2,0,4,819.0,209.0,610.0,1028,,
d3943,2,0,4,821.5,433.5,388.0,1255,,
nnc 26-9100,4,0,4,823.25,718.3548478990032,516.0,2054,481.0,242.0
mephentermine sulfate,3,0,4,823.3333333333334,228.55828335216577,690.0,1145,635.0,
BRD-A25337146,4,0,4,826.75,354.3285022405056,1280.0,1022,347.0,658.0
BRD-K18726304,4,0,4,827.0,663.5962627983977,875.0,1879,123.0,431.0
ncgc00182913-03,3,0,4,827.6666666666666,301.55301726598964,695.0,1245,543.0,
s1003,4,0,4,828.75,421.68671724397484,734.0,1512,711.0,358.0
BRD-K42419294,3,0,4,829.3333333333334,366.3780682422037,800.0,1292,,396.0
ei-247,4,0,4,831.75,626.1123601239636,768.0,1873,311.0,375.0
BRD-K74949371,2,0,4,832.0,279.0,553.0,1111,,
dapsone,1,0,4,833.0,0.0,,833,,
prednisolone hemisuccinate,4,0,4,834.75,451.5298301330711,897.0,1549,449.0,444.0
ncgc00183589-01,1,0,4,835.0,0.0,,835,,
GSK-3-inhibitor-II,2,0,4,835.5,617.5,218.0,1453,,
ncgc00182837-01,1,0,4,836.0,0.0,,836,,
saquinavir mesylate,2,0,4,836.5,271.5,565.0,1108,,
sb 200646 hydrochloride,2,0,4,838.0,419.0,419.0,1257,,
BRD-K15716662,4,0,4,838.5,398.78910466561143,1448.0,834,334.0,738.0
BRD-K03829970,4,0,4,839.75,568.3719622747061,983.0,1693,188.0,495.0
mdm2 inhibitor,4,0,4,840.25,214.95740857202387,981.0,1051,836.0,493.0
BRD-A49848186,4,0,4,842.25,466.76138175731717,975.0,1546,358.0,490.0
HG-14-10-04,4,0,4,843.0,430.643704238202,1553.0,635,407.0,777.0
hts 10765,2,0,4,843.5,57.5,786.0,901,,
mometasone furoate,4,0,4,843.75,246.21370290867242,1188.0,621,966.0,600.0
arvanil,2,0,4,845.0,114.0,959.0,731,,
skf 89976a hydrochloride,1,0,4,845.0,0.0,,845,,
estradiol valerate,4,0,4,845.25,483.76873348739684,783.0,1647,565.0,386.0
npc 15199,2,0,4,845.5,795.5,50.0,1641,,
vinblastine sulfate,4,0,4,845.5,479.76791264110193,1277.0,1303,146.0,656.0
v4877,4,0,4,848.0,206.90698393239413,1142.0,911,762.0,577.0
nsc 95397,4,0,4,849.5,591.9199692526009,817.0,1826,352.0,403.0
trifluoperazine dihydrochloride,3,0,4,849.6666666666666,521.2167388801792,665.0,1560,,324.0
e6 berbamine,4,0,4,850.25,873.1933849382965,163.0,2246,931.0,61.0
"clomiphene citrate (z,e)",2,0,4,850.5,103.5,747.0,954,,
tivozanib,4,0,4,851.75,250.15432736612811,1190.0,994,622.0,601.0
BRD-U86222656,3,0,4,853.0,566.6045063945986,1068.0,1414,77.0,
obaa,3,0,4,854.6666666666666,250.165722849652,997.0,1064,,503.0
sb 206553 hydrochloride,1,0,4,855.0,0.0,,855,,
BRD-K79404599,1,0,4,856.0,0.0,,856,,
"l-165,041",1,0,4,857.0,0.0,,857,,
temefos,2,0,4,860.0,8.0,868.0,852,,
hy-10180,3,0,4,860.3333333333334,694.3180507199532,428.0,1840,313.0,
BRD-K56411643,4,0,4,860.75,500.5339024481758,837.0,1684,507.0,415.0
alaproclate,3,0,4,862.0,143.86104406683555,672.0,1020,894.0,
mls-0390851.0001,1,0,4,862.0,0.0,,862,,
ncgc00183399-01,1,0,4,863.0,0.0,,863,,
ncgc00186542-01,1,0,4,865.0,0.0,,865,,
phorbol-12-myristate-13-acetate (pma),4,0,4,867.75,426.8368394363354,1091.0,1450,377.0,553.0
ZM-447439,4,0,4,868.0,241.4653184206792,1202.0,672,991.0,607.0
t 98475,1,0,4,868.0,0.0,,868,,
f9428,2,0,4,868.5,601.5,267.0,1470,,
telmisartan,1,0,4,869.0,0.0,,869,,
BRD-K42489623,3,0,4,870.0,267.5705514439136,991.0,1120,,499.0
FR-180204,2,0,4,870.0,169.0,,1039,701.0,
chloramphenicol,2,0,4,870.0,279.0,1149.0,591,,
mls-0390945.0001,2,0,4,870.5,13.5,857.0,884,,
BRD-U25771771,4,0,4,871.25,297.7854722782829,1019.0,1279,672.0,515.0
cercosporin,4,0,4,871.5,276.14624748491514,1038.0,1228,692.0,528.0
erythromycin,2,0,4,871.5,564.5,1436.0,307,,
BRD-K89059493,2,0,4,872.0,459.0,413.0,1331,,
np-004121,1,0,4,872.0,0.0,,872,,
p5172,3,0,4,873.0,398.9619864932832,827.0,1383,,409.0
c3930,3,0,4,874.0,379.61120461159555,851.0,1350,,421.0
BRD-K72381041,1,0,4,875.0,0.0,,875,,
fluvastatin,4,0,4,875.75,345.7407807881506,1039.0,1364,571.0,529.0
geldanamycin,4,0,4,876.0,391.46455778269376,1165.0,1348,403.0,588.0
ncgc00167097-01,3,0,4,877.0,270.9993849931521,996.0,1133,,502.0
s1104,3,0,4,879.3333333333334,420.7488033917097,812.0,1425,,401.0
chlorambucil,2,0,4,880.5,38.5,919.0,842,,
BRD-K86682249,4,0,4,881.25,587.3165139002989,642.0,1865,706.0,312.0
BRD-K87387614,2,0,4,882.5,679.5,203.0,1562,,
ossk 645683,3,0,4,882.6666666666666,350.87541315338063,899.0,1304,,445.0
BRD-K53566850,1,0,4,883.0,0.0,,883,,
BRD-K84203638,4,0,4,886.25,486.4454619995956,813.0,1690,640.0,402.0
BRD-K09854848,4,0,4,886.5,486.55652292411,1158.0,1527,277.0,584.0
prestw-550,4,0,4,887.25,297.4023999566917,1383.0,843,616.0,707.0
BRD-K29622226,2,0,4,889.0,127.0,1016.0,762,,
lfm-a12,2,0,4,889.0,293.0,596.0,1182,,
mls-0425637.0001,1,0,4,889.0,0.0,,889,,
cinobufagin,4,0,4,890.0,476.72686100113975,1117.0,1550,327.0,566.0
pd 407824,4,0,4,891.5,335.1182627073613,908.0,1392,813.0,453.0
metergoline,4,0,4,894.5,233.97702878701577,1157.0,1080,758.0,583.0
homatropine bromide,1,0,4,895.0,0.0,,895,,
BRD-K58288048,4,0,4,896.75,394.8628717668958,878.0,1520,756.0,433.0
BRD-A82307304,1,0,4,897.0,0.0,,897,,
amperozide,3,0,4,897.0,376.02925418110755,890.0,1361,,440.0
salmeterol,3,0,4,898.0,342.22312409693575,763.0,1368,563.0,
4-demethoxydaunorubicin hydrochloride (65),4,0,4,898.75,378.4741569777255,1020.0,1464,595.0,516.0
XMD16-144,4,0,4,900.25,339.64199902250016,1204.0,1271,517.0,609.0
ncgc00182609-01,4,0,4,900.75,414.9363656032091,861.0,1563,755.0,424.0
ipratropium bromide,3,0,4,901.0,245.91190834660014,889.0,1208,606.0,
cay10594,4,0,4,901.25,349.2287037172059,1093.0,1378,580.0,554.0
"l-690,488",4,0,4,901.25,464.5785052066012,987.0,1627,495.0,496.0
lde225 (nvp-lde225),4,0,4,902.0,492.6849906380344,823.0,1716,661.0,408.0
metoclopramide monohydrochloride,2,0,4,902.0,427.0,1329.0,475,,
SB-216763,3,0,4,902.3333333333334,402.411342892927,792.0,1441,474.0,
mefexamide hydrochloride,2,0,4,903.5,409.5,1313.0,494,,
Y-39983,4,0,4,903.75,320.19164183344947,1275.0,1161,524.0,655.0
BRD-K76042595,1,0,4,904.0,0.0,,904,,
amoxicillin crystalline,2,0,4,904.0,19.0,923.0,885,,
amiloride hydrochloride dihydrate,2,0,4,904.5,322.5,582.0,1227,,
morantel tartrate,1,0,4,905.0,0.0,,905,,
BRD-K55127335,2,0,4,906.0,216.0,1122.0,690,,
taxol,2,0,4,906.5,725.5,181.0,1632,,
BRD-K18074178,1,0,4,907.0,0.0,,907,,
BRD-U32049204,3,0,4,907.0,280.5316381444346,960.0,1221,540.0,
s1170,4,0,4,907.0,433.13104252639295,685.0,1473,1136.0,334.0
emetine,4,0,4,908.0,304.36326979450064,1433.0,695,773.0,731.0
cgp 54626 hydrochloride,2,0,4,908.5,65.5,843.0,974,,
BRD-K32485462,1,0,4,909.0,0.0,,909,,
spironolactone,2,0,4,909.0,583.0,326.0,1492,,
ncgc00183243-01,1,0,4,910.0,0.0,,910,,
bibu 1361 dihydrochloride,3,0,4,910.3333333333334,291.467932293684,1014.0,1204,,513.0
ikk 16,4,0,4,910.75,488.2721449151078,1230.0,1514,273.0,626.0
amlodipine besylate,4,0,4,914.25,283.251985871238,967.0,1280,925.0,485.0
BRD-K39687892,2,0,4,914.5,192.5,722.0,1107,,
dichlorobenzamil,3,0,4,914.6666666666666,400.96910382499823,887.0,1419,,438.0
s1064,2,0,4,916.0,368.0,1284.0,548,,
np-002491,3,0,4,916.6666666666666,264.5768109432285,1074.0,1132,,544.0
BRD-U32365159,1,0,4,918.0,0.0,,918,,
remacemide hydrochloride,2,0,4,918.5,59.5,978.0,859,,
ag 957,4,0,4,920.0,498.672738376583,993.0,1707,480.0,500.0
bu 239 hydrochloride,2,0,4,920.0,98.0,822.0,1018,,
ml 9 hydrochloride,2,0,4,920.5,372.5,,1293,548.0,
piplartine,4,0,4,922.0,435.86351074619677,1297.0,1385,339.0,667.0
vu0410183-2,4,0,4,922.75,220.7785938446026,1119.0,1097,907.0,568.0
BRD-K42543304,2,0,4,923.0,84.0,839.0,1007,,
btb06091sc,3,0,4,923.6666666666666,276.82164334138,1053.0,1179,,539.0
rondual-kinase-inhibitor,1,0,4,924.0,0.0,,924,,
BRD-K89784888,2,0,4,925.0,196.0,729.0,1121,,
BRD-K66792149,4,0,4,926.5,467.8490675420867,1214.0,1528,348.0,616.0
BRD-K80346834,4,0,4,926.5,426.58205541255484,1035.0,1579,566.0,526.0
GSK-1070916,4,0,4,926.75,490.1970904646416,1439.0,1320,215.0,733.0
solanine alpha,3,0,4,928.0,465.1114561765456,396.0,1529,859.0,
GW-5074,3,0,4,928.6666666666666,534.0239278867151,765.0,1649,,372.0
ei-155,4,0,4,928.75,531.6283358700889,738.0,1800,816.0,361.0
BRD-K78294846,1,0,4,930.0,0.0,,930,,
BRD-K02113016,4,0,4,930.25,953.8263403261623,333.0,2545,702.0,141.0
BRD-K03176945,3,0,4,930.3333333333334,245.55560583207128,1248.0,893,650.0,
ei-346,4,0,4,931.0,342.16735671305645,1370.0,1144,511.0,699.0
epicatechin monogallate,1,0,4,932.0,0.0,,932,,
BRD-A11087911,4,0,4,932.75,398.3656454816354,1303.0,1338,417.0,673.0
BRD-K75128590,3,0,4,933.0,382.9368964551035,958.0,1389,452.0,
BRD-K35573744,2,0,4,933.5,12.5,946.0,921,,
sericetin,1,0,4,934.0,0.0,,934,,
rg 108,4,0,4,934.5,311.48796124409046,1319.0,1159,583.0,677.0
rs 39604 hydrochloride,2,0,4,934.5,18.5,953.0,916,,
zd 2079 hydrochloride,2,0,4,935.5,75.5,860.0,1011,,
sew 05685,2,0,4,936.0,491.0,1427.0,445,,
ncgc00183401-01,3,0,4,936.3333333333334,246.8337272110294,1195.0,1010,,604.0
methylprednisolone,1,0,4,937.0,0.0,,937,,
ncgc00182362-01,4,0,4,937.25,300.18358965806243,1430.0,925,665.0,729.0
ncgc00010428-03,3,0,4,937.3333333333334,634.8261354278211,671.0,1813,,328.0
bml-259,4,0,4,937.75,543.8011470197539,796.0,1843,717.0,395.0
PHA-767491,4,0,4,938.25,440.6009390593715,1342.0,1382,345.0,684.0
BRD-U86922168,4,0,4,940.75,258.5743365069318,1286.0,1092,725.0,660.0
am 404,3,0,4,941.0,425.0435271828051,1365.0,1098,360.0,
BRD-K23644387,2,0,4,944.0,341.0,603.0,1285,,
seneciphylline,1,0,4,945.0,0.0,,945,,
BRD-K95895342,2,0,4,946.0,242.0,704.0,1188,,
vu0418934-2,4,0,4,946.0,665.7829976801751,1147.0,1919,139.0,579.0
BRD-K56343971,4,0,4,947.5,837.4611931307624,787.0,2358,256.0,389.0
"l-690,330",4,0,4,947.5,224.36855840335562,1108.0,1042,1079.0,561.0
tremulacin,3,0,4,947.6666666666666,31.094837013383568,940.0,914,989.0,
articaine hydrochloride,1,0,4,948.0,0.0,,948,,
chlorpromazine,3,0,4,949.3333333333334,491.80777636073316,834.0,1601,,413.0
pd 00735,2,0,4,949.5,69.5,880.0,1019,,
tyrphostin ag 1478,4,0,4,950.0,308.8948041000366,930.0,1302,1102.0,466.0
BRD-K26818574,2,0,4,950.5,290.5,660.0,1241,,
tg101348,4,0,4,950.5,417.7143162497546,925.0,1612,802.0,463.0
np-001821,4,0,4,951.0,224.45712285423244,1114.0,1056,1070.0,564.0
s(-)-timolol,2,0,4,951.0,104.0,847.0,1055,,
BRD-K83336168,4,0,4,951.25,290.6134675131213,1132.0,1317,783.0,573.0
KIN001-220,3,0,4,952.3333333333334,289.6277304096109,1087.0,1220,,550.0
BRD-K35483542,2,0,4,953.5,491.5,462.0,1445,,
np-004527,2,0,4,954.0,337.0,617.0,1291,,
BRD-K31856043,2,0,4,954.5,360.5,594.0,1315,,
SU-11274,3,0,4,955.0,814.5514102866681,2099.0,266,500.0,
racecadotril,2,0,4,955.0,70.0,885.0,1025,,
BRD-A80960055,3,0,4,956.3333333333334,417.4480672956684,924.0,1483,,462.0
fluspirilen,4,0,4,957.0,625.0491980636405,650.0,1984,875.0,319.0
ncgc00182393-01,3,0,4,957.0,260.44577170689485,1301.0,899,,671.0
TWS-119,4,0,4,957.5,674.381383194999,2063.0,642,258.0,867.0
BRD-K07023879,3,0,4,957.6666666666666,420.843861254451,922.0,1490,,461.0
flumazenil,1,0,4,958.0,0.0,,958,,
ei-215,4,0,4,958.5,380.67735682596094,1099.0,1516,662.0,557.0
oxymetazoline hydrochloride,3,0,4,959.3333333333334,389.5059548824496,829.0,1488,561.0,
BRD-A52193669,4,0,4,959.5,497.45426925497384,939.0,1771,659.0,469.0
t7765,4,0,4,960.75,392.09525309546916,957.0,1568,838.0,480.0
dexamethasone,4,0,4,961.0,559.2651428437141,784.0,1888,785.0,387.0
methoxsalen,3,0,4,961.0,571.2203311040904,859.0,1706,318.0,
BRD-K65404805,2,0,4,962.0,381.0,,1343,581.0,
BRD-K56515112 (medrysone),3,0,4,962.3333333333334,401.0829783916983,1285.0,1205,397.0,
BRD-K63923597,1,0,4,963.0,0.0,,963,,
v-ama37,2,0,4,963.0,180.0,1143.0,783,,
ncgc00166395-02,3,0,4,964.0,706.1175539525979,191.0,1898,803.0,
BRD-K18059480,2,0,4,964.5,71.5,893.0,1036,,
BRD-K23282736,2,0,4,965.0,486.0,479.0,1451,,
rucaparib,1,0,4,965.0,0.0,,965,,
cam-9-026 brd-k91442916,1,0,4,967.0,0.0,,967,,
tacrolimus,2,0,4,967.0,286.0,681.0,1253,,
BRD-K86899078,2,0,4,968.0,215.0,1183.0,753,,
s1080,1,0,4,968.0,0.0,,968,,
BRD-K97534490,3,0,4,968.6666666666666,274.25576059988646,1152.0,1173,,581.0
ay 9944,1,0,4,969.0,0.0,,969,,
calyculin a,4,0,4,969.5,538.659679203855,877.0,1861,708.0,432.0
duloxetine hydrochloride,2,0,4,969.5,82.5,1052.0,887,,
BRD-K11540476,1,0,4,971.0,0.0,,971,,
corticosterone,2,0,4,971.5,589.5,382.0,1561,,
arp 101,4,0,4,971.75,403.9674337121744,995.0,1602,789.0,501.0
XMD-1150,4,0,4,972.0,492.7722597711848,1595.0,1230,278.0,785.0
oxfendazole,1,0,4,972.0,0.0,,972,,
BRD-K35638681,3,0,4,973.0,207.76108073136956,1062.0,1171,686.0,
azacitidine,3,0,4,973.6666666666666,808.5779011463412,2057.0,749,115.0,
rho kinase inhibitor iii [rockout],3,0,4,974.0,594.122882912281,766.0,1783,,373.0
bay 11-7821,4,0,4,974.5,328.98366220832304,1227.0,1371,676.0,624.0
A66,3,0,4,975.3333333333334,252.41412180955504,1268.0,1006,,652.0
I-BET,4,0,4,975.75,423.04454552682745,1299.0,1476,459.0,669.0
v2264,3,0,4,976.3333333333334,554.6562499021854,1125.0,1569,235.0,
BRD-K00944562,2,0,4,977.5,145.5,1123.0,832,,
g5797,2,0,4,977.5,854.5,123.0,1832,,
4-aminosalicylic acid,1,0,4,978.0,0.0,,978,,
bibr1532,4,0,4,978.0,605.9381156520853,1475.0,1595,89.0,753.0
iopanoic acid,3,0,4,978.0,576.1776346463533,1508.0,1249,177.0,
BRD-K77480336,2,0,4,978.5,304.5,1283.0,674,,
BRD-K90417362,1,0,4,979.0,0.0,,979,,
manumycin a,4,0,4,979.75,347.0247649664214,1206.0,1428,675.0,610.0
rosuvastatin calcium,2,0,4,981.0,262.0,719.0,1243,,
blebbistatin,2,0,4,983.0,343.0,1326.0,640,,
BRD-K96072942,1,0,4,984.0,0.0,,984,,
ei-148,3,0,4,985.0,561.5270845352579,625.0,1778,552.0,
le 135,4,0,4,985.25,679.0030835717905,775.0,2135,651.0,380.0
s6005,2,0,4,986.5,246.5,1233.0,740,,
5-nonyloxytryptamine,1,0,4,987.0,0.0,,987,,
BRD-K78385490,3,0,4,988.6666666666666,267.20820014030676,1364.0,839,763.0,
hki-272,4,0,4,988.75,663.4166771343632,963.0,2080,430.0,482.0
BRD-A93393712,2,0,4,989.0,97.0,892.0,1086,,
penicillin v,1,0,4,989.0,0.0,,989,,
biperiden hydrochloride,4,0,4,989.75,324.3588868830327,1198.0,1405,751.0,605.0
BRD-K05593511,3,0,4,990.0,343.45596515419555,619.0,1447,904.0,
jjt-705,1,0,4,990.0,0.0,,990,,
ly 303511,2,0,4,990.5,31.5,1022.0,959,,
teniposide,4,0,4,991.25,255.65931921211086,1262.0,1212,842.0,649.0
BRD-K35716340,4,0,4,992.5,594.4680395109564,1349.0,1738,193.0,690.0
BRD-K29143967,3,0,4,993.3333333333334,590.1990248118756,575.0,1828,577.0,
methotrexate,3,0,4,993.3333333333334,543.9763066735741,1578.0,1134,268.0,
ki 8751,3,0,4,994.0,270.7668123435121,1208.0,1162,,612.0
BRD-K79222491,3,0,4,994.3333333333334,365.75431948539205,1036.0,1420,,527.0
rosiglitazone hydrochloride,4,0,4,994.5,460.7767897800409,949.0,1734,820.0,475.0
cyclizine hydrochloride,1,0,4,995.0,0.0,,995,,
BRD-U73238814,3,0,4,995.3333333333334,794.5331263634569,636.0,2097,253.0,
hli 373,4,0,4,995.75,465.81293187287105,869.0,1722,965.0,427.0
ei-232,2,0,4,996.0,749.0,247.0,1745,,
BRD-K96076993,4,0,4,997.0,286.3188781760644,1138.0,1351,923.0,576.0
BRD-K53592093,1,0,4,998.0,0.0,,998,,
BRD-K91449330,1,0,4,999.0,0.0,,999,,
strophanthidin,4,0,4,999.0,376.1748263773109,1155.0,1538,721.0,582.0
ei-328,2,0,4,999.5,235.5,764.0,1235,,
etoposide,4,0,4,1000.75,299.9378060531883,1181.0,1376,850.0,596.0
spb02303,3,0,4,1001.3333333333334,276.1404634521271,1207.0,1186,,611.0
g3420,3,0,4,1001.6666666666666,434.52068100635006,750.0,1613,642.0,
st012030,1,0,4,1002.0,0.0,,1002,,
BRD-K68191783,2,0,4,1003.5,268.5,735.0,1272,,
sb 334867,1,0,4,1004.0,0.0,,1004,,
1541b,3,0,4,1004.3333333333334,325.51736598153343,1018.0,1396,599.0,
ncgc00167398-02,4,0,4,1004.75,435.762765160127,1179.0,1639,607.0,594.0
"2,4-dideoxy-dc-45-a2",4,0,4,1005.0,558.659556438445,1300.0,1749,301.0,670.0
acitretin,1,0,4,1005.0,0.0,,1005,,
BRD-K50234570,4,0,4,1008.0,645.6465751477351,1212.0,1955,250.0,615.0
BRD-K88329126,2,0,4,1008.0,858.0,150.0,1866,,
ncgc00184830-01,4,0,4,1008.75,295.41358719598526,1375.0,1223,735.0,702.0
clobetasol propionate,4,0,4,1009.5,225.83788433298784,1260.0,1112,1018.0,648.0
ncgc00183412-01,3,0,4,1010.6666666666666,650.7822643216051,1651.0,1263,118.0,
BRD-U33728988,4,0,4,1011.75,498.6428456320215,1817.0,939,455.0,836.0
mdl 72222,2,0,4,1012.0,315.0,697.0,1327,,
zaprinast,1,0,4,1013.0,0.0,,1013,,
ncgc00180994-01,2,0,4,1014.0,494.0,520.0,1508,,
fludrocortisone acetate,4,0,4,1014.25,869.0153551577786,588.0,2497,689.0,283.0
BRD-K77547920,4,0,4,1014.75,392.3259964621259,1372.0,1434,553.0,700.0
s1071,1,0,4,1015.0,0.0,,1015,,
hy-11001,4,0,4,1016.5,343.42430024679385,1172.0,1491,811.0,592.0
cyt997,4,0,4,1016.75,275.7402536808872,1274.0,1294,845.0,654.0
BRD-K68588778,3,0,4,1018.3333333333334,728.4510202401318,629.0,2039,387.0,
resveratrol,3,0,4,1019.0,352.2508575811657,1094.0,1408,,555.0
WH-4-025,4,0,4,1020.0,499.96849900768746,1609.0,1358,323.0,790.0
exemestane,4,0,4,1020.25,496.39569649625287,1097.0,1801,627.0,556.0
ncgc00167107-01,3,0,4,1020.6666666666666,689.2630525101106,1520.0,1496,46.0,
cgp 37157,2,0,4,1021.0,193.0,828.0,1214,,
BRD-K17140735,4,0,4,1021.25,605.2496902105775,1029.0,2007,528.0,521.0
azacytidine-5,3,0,4,1022.3333333333334,1228.0155626954497,159.0,2759,149.0,
"15-deoxy-?12,14-prostaglandin j2",4,0,4,1023.0,768.5626194396915,1135.0,2214,168.0,575.0
BRD-K06217810,2,0,4,1023.0,310.0,,1333,713.0,
dienestrol,2,0,4,1023.0,265.0,758.0,1288,,
cinanserin hydrochloride,2,0,4,1023.5,85.5,938.0,1109,,
s1028,1,0,4,1024.0,0.0,,1024,,
BRD-K16180117,2,0,4,1025.5,536.5,1562.0,489,,
alclometazone dipropionate,3,0,4,1025.6666666666667,340.944114025875,1120.0,1388,,569.0
amiodarone hydrochloride,4,0,4,1025.75,235.94212743806477,1225.0,1122,1133.0,623.0
BRD-K04923131,4,0,4,1028.0,279.4360391932293,1193.0,1346,970.0,603.0
BRD-K94544211,3,0,4,1028.6666666666667,870.6431849819738,22.0,2146,918.0,
capsazepine,2,0,4,1029.0,353.0,1382.0,676,,
ag14361,4,0,4,1029.75,362.0347876931166,1079.0,1558,936.0,546.0
BRD-K50659736,1,0,4,1030.0,0.0,,1030,,
e3380,4,0,4,1030.25,685.6301389962375,1373.0,1933,114.0,701.0
BRD-K34966483,3,0,4,1032.0,265.1653572144496,1327.0,1085,684.0,
BRD-K60690191,1,0,4,1033.0,0.0,,1033,,
naproxen,2,0,4,1033.0,332.0,701.0,1365,,
aminopurvalanol a,4,0,4,1033.5,458.4672834565188,884.0,1709,1105.0,436.0
BRD-K73945663,3,0,4,1034.3333333333333,638.4733527894662,651.0,1934,518.0,
BRD-K93296644,1,0,4,1035.0,0.0,,1035,,
BRD-K96433222,1,0,4,1037.0,0.0,,1037,,
regorafenib,4,0,4,1037.0,543.0133515853915,951.0,1930,790.0,477.0
bms-536924,4,0,4,1037.5,502.5895442605228,1357.0,1678,421.0,694.0
lomatin,2,0,4,1037.5,81.5,956.0,1119,,
dexchlorpheniramine maleate,1,0,4,1038.0,0.0,,1038,,
estropipate,2,0,4,1039.5,7.5,1047.0,1032,,
amsacrine,4,0,4,1040.25,318.35308621089257,1115.0,1457,1024.0,565.0
b4313,4,0,4,1040.5,321.65315170226455,1113.0,1465,1021.0,563.0
BRD-K11795542,3,0,4,1041.0,343.2967618062639,1146.0,1399,,578.0
mibefradil dihydrochloride,4,0,4,1041.0,471.7589426815352,1325.0,1661,498.0,680.0
r2146,4,0,4,1041.0,528.2939522652138,1101.0,1881,624.0,558.0
betamethasone,4,0,4,1041.5,579.4037883894098,950.0,2002,738.0,476.0
ncgc00185090-03,4,0,4,1043.5,623.5841964001332,945.0,2084,671.0,474.0
KU-55933,3,0,4,1043.6666666666667,455.3506585283722,1464.0,1256,411.0,
levcromakalim,3,0,4,1044.0,554.7564029974478,756.0,1820,556.0,
prenylamine lactate,2,0,4,1044.0,610.0,434.0,1654,,
arachidonamide,2,0,4,1044.5,72.5,972.0,1117,,
t5323840,4,0,4,1045.75,482.867153055579,1366.0,1655,465.0,697.0
BRD-K31484631,1,0,4,1046.0,0.0,,1046,,
depo-medrol,1,0,4,1047.0,0.0,,1047,,
ncgc00242557-01,3,0,4,1047.6666666666667,247.4433717484108,1354.0,1041,748.0,
BRD-U31801276,2,0,4,1048.0,499.0,549.0,1547,,
prostaglandin e2,1,0,4,1048.0,0.0,,1048,,
gr-231,4,0,4,1048.25,331.3113150799411,1051.0,1460,1144.0,538.0
cyclosporin a,3,0,4,1049.6666666666667,890.3910501696557,798.0,2244,107.0,
KIN001-043,4,0,4,1050.5,424.8961637859302,1602.0,1298,514.0,788.0
isoflupredone acetate,4,0,4,1051.25,413.8444001070934,1217.0,1651,718.0,619.0
BRD-K56653679,4,0,4,1052.0,304.9106426479732,1191.0,1433,982.0,602.0
ly-83583,1,0,4,1052.0,0.0,,1052,,
BRD-K07452532,1,0,4,1053.0,0.0,,1053,,
ag 592,4,0,4,1053.0,445.5479772145756,1162.0,1732,732.0,586.0
BRD-K53903639,4,0,4,1054.0,329.33797230201077,1477.0,1273,712.0,754.0
mw-ras12,4,0,4,1054.0,532.4260512033572,1321.0,1785,432.0,678.0
retinoic acid,3,0,4,1054.3333333333333,447.41951479816146,1028.0,1615,,520.0
flumethasone,4,0,4,1056.0,514.4579671848809,1031.0,1891,779.0,523.0
pik-90,4,0,4,1056.25,595.1337559742348,753.0,1976,1128.0,368.0
gr 103691,3,0,4,1056.6666666666667,726.7490778956807,193.0,1971,1006.0,
BRD-K05114711,2,0,4,1057.0,137.0,1194.0,920,,
BRD-K27630941,2,0,4,1057.0,0.0,1057.0,1057,,
BRD-K59470558,2,0,4,1058.0,710.0,1768.0,348,,
BRD-K96147838,1,0,4,1058.0,0.0,,1058,,
sid 26681509,4,0,4,1058.25,475.3169337400047,1030.0,1818,863.0,522.0
nan-190 hydrobromide,1,0,4,1059.0,0.0,,1059,,
BRD-K15519488,2,0,4,1062.0,536.0,1598.0,526,,
terconazole,1,0,4,1062.0,0.0,,1062,,
BRD-K82837433,3,0,4,1063.3333333333333,263.1024304123565,1139.0,1341,710.0,
masitinib,2,0,4,1064.5,109.5,,955,1174.0,
BRD-A50774520,3,0,4,1064.6666666666667,581.4059587662384,902.0,1844,,448.0
BRD-K96621343,1,0,4,1067.0,0.0,,1067,,
s1367,4,0,4,1067.0,390.55089297042963,1239.0,1621,775.0,633.0
s1527,3,0,4,1067.0,166.7872896835967,1294.0,1009,898.0,
BRD-K64517075,4,0,4,1067.75,605.1831850770476,976.0,2073,731.0,491.0
ncgc00183247-01,2,0,4,1068.0,356.0,712.0,1424,,
menadione,4,0,4,1068.5,629.3228503717309,803.0,2096,977.0,398.0
BRD-K78633253,3,0,4,1069.6666666666667,239.55560709131584,1005.0,1390,814.0,
pp-30,4,0,4,1070.5,641.184255889054,717.0,2066,1151.0,348.0
forskolin,3,0,4,1071.3333333333333,327.47247551851166,1216.0,1380,,618.0
serdemetan,3,0,4,1071.6666666666667,601.8318332853087,1637.0,1340,238.0,
BRD-A58924247,4,0,4,1071.75,672.7166472594536,1482.0,1901,147.0,757.0
BRD-K53423944,3,0,4,1072.0,602.8449220156043,891.0,1884,,441.0
zm 39923 hydrochloride,1,0,4,1072.0,0.0,,1072,,
BRD-K51556300,3,0,4,1072.3333333333333,391.7995519253294,1121.0,1526,,570.0
BRD-A80383043,1,0,4,1075.0,0.0,,1075,,
BRD-K52446745,1,0,4,1076.0,0.0,,1076,,
BRD-K06436323,3,0,4,1076.3333333333333,833.7051170661135,384.0,2249,596.0,
BRD-K65904652,3,0,4,1076.6666666666667,286.9847072967865,711.0,1412,1107.0,
BRD-K60870698,4,0,4,1076.75,325.51065650758653,1251.0,1499,915.0,642.0
BRD-K88278225,4,0,4,1076.75,530.0247046129076,907.0,1915,1033.0,452.0
BRD-K35424586,3,0,4,1077.3333333333333,379.58778811875504,1151.0,1501,,580.0
BRD-K49010888,4,0,4,1078.0,557.106363273657,920.0,1982,951.0,459.0
gw 843682x,3,0,4,1078.6666666666667,332.3676010417114,1219.0,1397,,620.0
parthenolide,4,0,4,1078.75,435.8407822817869,1391.0,1619,593.0,712.0
t5212475,4,0,4,1079.75,404.5283519112103,1040.0,1672,1077.0,530.0
mls-0437446.0001,2,0,4,1080.0,530.0,550.0,1610,,
BRD-K28907958,4,0,4,1080.5,436.66377225503834,989.0,1724,1111.0,498.0
BRD-K98824517,3,0,4,1080.6666666666667,551.1136200659736,954.0,1810,,478.0
BRD-A06929388,1,0,4,1081.0,0.0,,1081,,
flucloxacillin sodium,2,0,4,1081.5,75.5,1006.0,1157,,
norketamine hydrochloride,2,0,4,1081.5,638.5,1720.0,443,,
dihydro-beta-tubaic acid,3,0,4,1081.6666666666667,537.6432108956851,1223.0,1658,364.0,
BRD-K29500995,1,0,4,1082.0,0.0,,1082,,
suloctidil,4,0,4,1082.0,357.5297190444453,1250.0,1573,864.0,641.0
cgk 733,4,0,4,1083.0,434.0673910811546,1180.0,1742,815.0,595.0
gr 79236,2,0,4,1084.0,93.0,1177.0,991,,
p0030,4,0,4,1084.75,666.4384348910257,1060.0,2181,557.0,541.0
(e)-capsaicin,3,0,4,1085.6666666666667,352.0287235755375,1203.0,1446,,608.0
BRD-K86027709,2,0,4,1086.0,312.0,,1398,774.0,
helveticoside,4,0,4,1088.0,396.78772662470294,1683.0,1202,658.0,809.0
BRD-A61825514,3,0,4,1089.3333333333333,558.4062638935523,1505.0,1463,300.0,
promazine hydrochloride,4,0,4,1089.75,366.7338101402705,1167.0,1611,992.0,589.0
s1249,4,0,4,1090.25,574.4420662695238,1480.0,1789,337.0,755.0
BRD-K07790824,2,0,4,1090.5,644.5,446.0,1735,,
zamifenacin fumarate,1,0,4,1091.0,0.0,,1091,,
BRD-K89451433,2,0,4,1092.0,364.0,728.0,1456,,
nomegestrol acetate,2,0,4,1093.5,265.5,1359.0,828,,
BRD-K83355732,1,0,4,1094.0,0.0,,1094,,
XMD-1499,4,0,4,1094.25,783.5328247750697,1084.0,2373,371.0,549.0
cdc,3,0,4,1094.3333333333333,685.7318880015878,836.0,2033,,414.0
pravastatin sodium,1,0,4,1096.0,0.0,,1096,,
m-3m3fbs,4,0,4,1096.25,511.2887515875936,1045.0,1922,884.0,534.0
ncgc00238548-02,2,0,4,1097.5,117.5,980.0,1215,,
BRD-K98856658,2,0,4,1098.5,543.5,,1642,555.0,
"ici-162,846",3,0,4,1099.6666666666667,379.13615261832024,1574.0,1079,646.0,
eryped,1,0,4,1100.0,0.0,,1100,,
t5247673,3,0,4,1101.6666666666667,419.4292418142647,1419.0,1377,509.0,
b675700.cdx,4,0,4,1102.0,369.4056036391435,1352.0,1571,792.0,693.0
BRD-K63979920,2,0,4,1103.5,49.5,1153.0,1054,,
BRD-K21672423,1,0,4,1104.0,0.0,,1104,,
akt inhibitor x,3,0,4,1104.0,458.19428193725855,1088.0,1673,,551.0
curcubitacin i,4,0,4,1104.0,495.7403554281213,1266.0,1845,654.0,651.0
s1040,4,0,4,1105.25,566.5520165880623,1331.0,1923,484.0,683.0
syk inhibitor,4,0,4,1105.5,558.2837540176142,1246.0,1960,578.0,638.0
ei-332,3,0,4,1106.6666666666667,1100.440618823004,459.0,2656,,205.0
nitrofurazone,3,0,4,1106.6666666666667,536.1954452954217,1645.0,1300,375.0,
BRD-K53414658,4,0,4,1107.75,797.2246781804989,702.0,2436,953.0,340.0
calpeptin,4,0,4,1108.0,513.4544770473815,1323.0,1848,582.0,679.0
simvastatin,4,0,4,1108.25,651.4930448592679,882.0,2186,930.0,435.0
BRD-K60379529,1,0,4,1110.0,0.0,,1110,,
camptothecin,4,0,4,1110.0,530.6726863142666,1396.0,1829,501.0,714.0
kuc104495 kuc104495n,3,0,4,1110.3333333333333,297.38004117440175,1487.0,760,1084.0,
peitc,4,0,4,1111.0,428.8408795812265,1243.0,1748,818.0,635.0
ncgc00182378-01,3,0,4,1111.3333333333333,529.2084235493191,1476.0,1495,363.0,
kf 38789,3,0,4,1111.6666666666667,765.7659926867709,1842.0,1439,54.0,
BRD-A13195221,1,0,4,1113.0,0.0,,1113,,
BRD-K77830450 (forskolin),2,0,4,1114.5,894.5,220.0,2009,,
UNC0638,3,0,4,1116.6666666666667,656.2054217663517,905.0,2005,440.0,
BRD-K49865102,3,0,4,1117.0,544.0888407849096,1460.0,1542,349.0,
ro 08-2750,3,0,4,1119.0,155.84821675805813,1338.0,988,1031.0,
pit,2,0,4,1120.0,55.0,1065.0,1175,,
BRD-K83151319,2,0,4,1122.0,210.0,1332.0,912,,
digoxigenin,4,0,4,1122.75,454.66986649656036,1770.0,1307,588.0,826.0
"ingenol 3, 20-dibenzoate",4,0,4,1125.5,412.38968221816606,1343.0,1692,782.0,685.0
BRD-K62748479,1,0,4,1126.0,0.0,,1126,,
h5902,3,0,4,1127.3333333333333,134.5544086564572,1066.0,1314,1002.0,
BRD-K47764688,2,0,4,1127.5,435.5,1563.0,692,,
BRD-K28366633,4,0,4,1127.75,776.5395595203119,942.0,2441,657.0,471.0
luzindole,1,0,4,1128.0,0.0,,1128,,
k784-3187,4,0,4,1129.75,578.1619042275269,1234.0,2034,623.0,628.0
BRD-K05153001,3,0,4,1132.0,383.16141072225247,1670.0,919,,807.0
st056792,4,0,4,1132.0,521.2072524437856,1247.0,1937,705.0,639.0
ym-155,4,0,4,1132.0,495.1479576853771,1160.0,1914,869.0,585.0
skf 96365 hydrochloride,3,0,4,1134.3333333333333,369.27797419047647,1245.0,1521,,637.0
BRD-K18595892,3,0,4,1135.0,604.0104855601984,974.0,1942,,489.0
fenretinide,3,0,4,1136.6666666666667,512.698958670897,1073.0,1794,,543.0
BRD-K06750613,4,0,4,1138.5,638.4655433145942,858.0,2158,1115.0,423.0
s1022,1,0,4,1139.0,0.0,,1139,,
tipifarnib-p2,2,0,4,1139.0,501.0,638.0,1640,,
aminopentamide,1,0,4,1140.0,0.0,,1140,,
BRD-A84524947,1,0,4,1141.0,0.0,,1141,,
ncgc00183226-01,4,0,4,1143.0,557.007630109319,1080.0,2049,896.0,547.0
ncgc00242296-02,2,0,4,1143.5,713.5,430.0,1857,,
jak3 inhibitor vi,4,0,4,1145.25,319.607865203596,1328.0,1531,1041.0,681.0
"ici 192,605",2,0,4,1146.0,533.0,613.0,1679,,
penicillic acid,1,0,4,1147.0,0.0,,1147,,
ncgc00188530-01,3,0,4,1147.3333333333333,115.79387817247603,1307.0,1099,1036.0,
uk 356618,4,0,4,1148.25,673.8447057742608,1187.0,2235,572.0,599.0
kuc104488 kuc104488n,2,0,4,1149.0,492.0,1641.0,657,,
tms,1,0,4,1149.0,0.0,,1149,,
gr 127935 hydrochloride,4,0,4,1149.5,455.30072479626034,1443.0,1741,679.0,735.0
a-1065,4,0,4,1150.25,542.0785805582066,1481.0,1856,508.0,756.0
thioridazine hydrochloride,4,0,4,1150.25,472.71205558986964,1071.0,1869,1119.0,542.0
BRD-K33720404,3,0,4,1150.3333333333333,307.52488607518507,1399.0,1335,,717.0
auranofin,4,0,4,1152.25,383.2912567487028,1454.0,1608,805.0,742.0
BRD-K93215584,2,0,4,1154.0,557.0,597.0,1711,,
mls-0390826,1,0,4,1154.0,0.0,,1154,,
b3063,1,0,4,1155.0,0.0,,1155,,
BRD-K81795824,4,0,4,1155.75,445.338284341241,1244.0,1831,912.0,636.0
BRD-K93605482,1,0,4,1156.0,0.0,,1156,,
anisomycin,4,0,4,1156.0,417.1828136440906,1236.0,1775,983.0,630.0
BRD-K02920722,1,0,4,1158.0,0.0,,1158,,
reserpine,3,0,4,1158.0,650.5464369794571,558.0,2062,854.0,
homoharringtonine,4,0,4,1159.75,400.75951329943496,1536.0,1584,744.0,775.0
ncgc00181233-01,3,0,4,1160.3333333333333,524.7229957055648,653.0,1883,945.0,
rf 01079,2,0,4,1160.5,208.5,1369.0,952,,
BRD-A15010982,3,0,4,1160.6666666666667,567.1603731652,1786.0,1283,413.0,
gitoxigenin,4,0,4,1160.75,621.2146871251516,1042.0,2188,882.0,531.0
"cp 55,940",2,0,4,1161.5,437.5,1599.0,724,,
BRD-A37735495,3,0,4,1161.6666666666667,508.6795542273042,1877.0,738,870.0,
ncgc00181736-02,3,0,4,1162.0,491.73163412576986,1102.0,1792,592.0,
karakoline,1,0,4,1163.0,0.0,,1163,,
cyproheptadine hydrochloride,2,0,4,1163.5,267.5,1431.0,896,,
vu0418946-2,4,0,4,1164.5,402.14083353969414,1398.0,1701,843.0,716.0
y27632,3,0,4,1165.6666666666667,134.66089096525226,1356.0,1065,1076.0,
BRD-K63239300,2,0,4,1167.0,388.0,779.0,1555,,
BRD-K67470788,2,0,4,1168.0,105.0,1273.0,1063,,
rs 67506 hydrochloride,1,0,4,1168.0,0.0,,1168,,
BRD-K63068307,4,0,4,1168.25,503.5575314698411,1384.0,1893,688.0,708.0
wortmannin,4,0,4,1168.25,479.18387650253845,1302.0,1892,807.0,672.0
sertraline,2,0,4,1168.5,344.5,824.0,1513,,
BRD-K07061353,3,0,4,1168.6666666666667,309.71097637779786,1444.0,1326,,736.0
BRD-K08448573,3,0,4,1169.3333333333333,753.7397133994967,874.0,2204,,430.0
immepip dihydrobromide,3,0,4,1169.3333333333333,580.731913670633,872.0,1981,655.0,
BRD-K86456986,1,0,4,1170.0,0.0,,1170,,
prostaglandin a1,4,0,4,1171.25,411.9759550022307,1613.0,1551,728.0,793.0
bisacodyl,4,0,4,1175.5,714.530790099349,867.0,2347,1062.0,426.0
akti-1/2,4,0,4,1177.5,843.8650662280078,807.0,2602,902.0,399.0
vu0365118-1,2,0,4,1178.5,222.5,1401.0,956,,
BRD-K81473043,4,0,4,1178.75,763.0073312229706,941.0,2465,839.0,470.0
irinotecan hydrochloride trihydrate,4,0,4,1179.25,377.29588852782376,1545.0,1567,829.0,776.0
mls-0091944.0001,2,0,4,1179.5,121.5,1058.0,1301,,
periplocymarin,4,0,4,1179.75,566.8568492132736,1456.0,1969,551.0,743.0
BRD-K12393722,1,0,4,1180.0,0.0,,1180,,
bntx maleate,4,0,4,1181.25,355.6103028597456,1345.0,1646,1048.0,686.0
carbetapentane citrate,2,0,4,1181.5,578.5,1760.0,603,,
1483-0018,3,0,4,1181.6666666666667,392.2638001254881,1282.0,1604,,659.0
fti-276 trifluoroacetate,2,0,4,1182.0,565.0,,1747,617.0,
s1362,4,0,4,1182.0,583.7794960428124,1386.0,2045,587.0,710.0
bg fa 0953,4,0,4,1183.75,379.9403736114392,1601.0,1524,823.0,787.0
BRD-K38483076,1,0,4,1185.0,0.0,,1185,,
bw-b 70c,2,0,4,1185.5,201.5,984.0,1387,,
hypericin,2,0,4,1185.5,144.5,1041.0,1330,,
BRD-A30395175,2,0,4,1186.0,40.0,1226.0,1146,,
BRD-A31312900,3,0,4,1186.0,575.0901378624629,870.0,1993,695.0,
"mdl 11,939",2,0,4,1186.5,122.5,1064.0,1309,,
BRD-K14048378,1,0,4,1187.0,0.0,,1187,,
sappanone a trimethyl ether,1,0,4,1189.0,0.0,,1189,,
BRD-K90735586,3,0,4,1189.3333333333333,455.99147165514205,853.0,1834,881.0,
ozagrel hydrochloride,2,0,4,1189.5,237.5,952.0,1427,,
BRD-K55502647,2,0,4,1190.0,487.0,703.0,1677,,
hydroquinidine,1,0,4,1190.0,0.0,,1190,,
s1222,3,0,4,1190.0,445.8190963458908,1816.0,942,812.0,
BRD-K03122949,2,0,4,1192.0,8.0,1200.0,1184,,
l-sulforophane,4,0,4,1192.0,862.1592080352677,1523.0,2396,81.0,768.0
BRD-K25737009,4,0,4,1192.75,455.6766260189346,1514.0,1765,727.0,765.0
BRD-A82197375,1,0,4,1193.0,0.0,,1193,,
BRD-K28610502,2,0,4,1193.5,124.5,1069.0,1318,,
yk 4-279,3,0,4,1193.6666666666667,336.41772974813455,1403.0,1459,,719.0
BRD-A40431293,4,0,4,1194.0,335.06939579734825,1385.0,1600,1082.0,709.0
cladribine,1,0,4,1194.0,0.0,,1194,,
BRD-K80786583,3,0,4,1195.0,377.651514847573,936.0,1729,920.0,
closantel,1,0,4,1195.0,0.0,,1195,,
gr-235,2,0,4,1195.0,436.0,759.0,1631,,
ossk 645668,2,0,4,1195.5,123.5,1072.0,1319,,
BRD-K39944607,4,0,4,1195.75,389.5762922714882,1395.0,1721,954.0,713.0
BRD-K12762134,3,0,4,1196.0,920.7131294093001,801.0,2468,319.0,
hy-11067,1,0,4,1196.0,0.0,,1196,,
tripelennamine citrate,3,0,4,1196.0,703.420689677711,1201.0,2055,332.0,
BRD-K09485525,2,0,4,1196.5,269.5,1466.0,927,,
pentylenetetrazole,2,0,4,1197.5,321.5,876.0,1519,,
BRD-K82971429,2,0,4,1198.0,123.0,1075.0,1321,,
pifithrin- ?,4,0,4,1198.25,585.1407416169208,1575.0,1944,493.0,781.0
SYK-inhibitor,4,0,4,1198.75,660.8026842409162,1235.0,2265,666.0,629.0
docetaxel,2,0,4,1199.0,345.0,854.0,1544,,
eo 1428,2,0,4,1199.0,196.0,1003.0,1395,,
sr 202,1,0,4,1199.0,0.0,,1199,,
ag-014699 (pf-01367338),1,0,4,1200.0,0.0,,1200,,
vu0418947-2,4,0,4,1200.25,428.6714213707277,1579.0,1676,764.0,782.0
gsk-3 inhibitor ii,2,0,4,1200.5,791.5,409.0,1992,,
BRD-K37865504,4,0,4,1200.75,696.3696486062556,1484.0,2189,372.0,758.0
trimeprazine tartrate,3,0,4,1202.3333333333333,559.3146599981882,1263.0,1855,489.0,
ticlopidine hydrochloride,2,0,4,1208.0,185.0,1023.0,1393,,
cosmosiin,4,0,4,1209.25,584.1927657032394,1269.0,2139,776.0,653.0
puromycin hydrochloride,4,0,4,1211.0,307.37273789326207,1465.0,1511,1121.0,747.0
BRD-K08316444,3,0,4,1212.0,402.7712336633125,1316.0,1645,,675.0
quetiapine,2,0,4,1213.0,797.0,416.0,2010,,
mln2238,4,0,4,1214.75,524.9454138289046,1404.0,1990,745.0,720.0
compound 12,1,0,4,1216.0,0.0,,1216,,
yc-1,3,0,4,1216.3333333333333,1170.630694208136,532.0,2864,,253.0
phenolphthalein,2,0,4,1217.0,80.0,1137.0,1297,,
donepezil hydrochloride,3,0,4,1217.3333333333333,786.303305912476,904.0,2298,,450.0
chemistry 2804,4,0,4,1217.75,564.963881588903,1421.0,2052,674.0,724.0
BRD-K56477805,3,0,4,1219.0,379.92718600630127,1756.0,966,935.0,
XMD11-85H,3,0,4,1219.0,543.8057251139112,1921.0,596,1140.0,
isradipine,2,0,4,1219.0,290.0,929.0,1509,,
norpramin,1,0,4,1219.0,0.0,,1219,,
pd 158780,3,0,4,1219.0,325.4668441894914,1676.0,943,1038.0,
diflorasone diacetate,4,0,4,1219.75,812.2851639048937,1249.0,2532,458.0,640.0
cyclosporine,4,0,4,1220.0,505.19847584884894,1440.0,1945,761.0,734.0
ro 90-7501,2,0,4,1220.5,3.5,1224.0,1217,,
BRD-K25690923,3,0,4,1220.6666666666667,981.2432023826826,894.0,2552,216.0,
ezetimibe,3,0,4,1221.0,667.2455819761317,1076.0,2101,486.0,
hy-50877,2,0,4,1221.5,342.5,1564.0,879,,
WZ-7043,1,0,4,1222.0,0.0,,1222,,
ncgc00182380-01,3,0,4,1222.0,529.8156912235298,1955.0,721,990.0,
NVP-BGJ398,3,0,4,1223.6666666666667,687.7811344380485,1708.0,1712,251.0,
ncgc00188535-01,4,0,4,1223.75,465.3403996001207,1657.0,1718,715.0,805.0
rhamnetin,1,0,4,1226.0,0.0,,1226,,
brazilin,4,0,4,1228.0,571.5413370877036,1318.0,2125,793.0,676.0
BRD-K64642496,4,0,4,1228.75,410.7525867234435,1350.0,1814,1060.0,691.0
BRD-K02562327,2,0,4,1229.0,192.0,1037.0,1421,,
dioxybenzone,2,0,4,1229.5,129.5,1100.0,1359,,
r406,4,0,4,1230.25,716.4015546465544,1033.0,2426,938.0,524.0
s1216,4,0,4,1231.25,463.09522508875,1501.0,1853,809.0,762.0
BRD-K78930611,3,0,4,1233.0,473.77913278939025,1253.0,1803,,643.0
toltrazuril,2,0,4,1234.0,129.0,1105.0,1363,,
(+)-JQ1,4,0,4,1235.25,685.4831781305796,1417.0,2275,526.0,723.0
BRD-A80574334,2,0,4,1237.0,786.0,451.0,2023,,
BRD-K78373679,4,0,4,1237.25,506.41552849414086,1258.0,2029,1016.0,646.0
11k-629s,3,0,4,1238.0,407.593751996601,831.0,1795,1088.0,
brimonidine,2,0,4,1238.0,129.0,1109.0,1367,,
pi 103 hydrochloride,4,0,4,1238.25,778.3268513291829,1471.0,2390,341.0,751.0
chloroxine,4,0,4,1239.0,582.6598493117575,1438.0,2105,681.0,732.0
fomepizole,1,0,4,1239.0,0.0,,1239,,
itavastatin ca,3,0,4,1239.3333333333333,533.3474998118539,1776.0,1430,512.0,
danthron,2,0,4,1240.0,129.0,1111.0,1369,,
idebenone,1,0,4,1242.0,0.0,,1242,,
ag 9,2,0,4,1243.0,801.0,442.0,2044,,
px12,4,0,4,1243.5,523.8838134548538,1518.0,1967,722.0,767.0
BRD-K76698671,2,0,4,1246.5,82.5,1164.0,1329,,
ketanserin tartrate hydrate,2,0,4,1246.5,912.5,334.0,2159,,
hexylresorcinol,1,0,4,1247.0,0.0,,1247,,
BRD-K75302809,1,0,4,1248.0,0.0,,1248,,
BRD-U44618005,4,0,4,1248.25,599.0698519371509,1405.0,2163,704.0,721.0
BRD-K89224880,4,0,4,1249.5,403.51486961449143,1503.0,1768,964.0,763.0
BRD-K66254772,4,0,4,1250.25,595.8113690590336,1490.0,2114,637.0,760.0
mdl 29951,2,0,4,1251.0,13.0,1264.0,1238,,
BRD-K63511615,2,0,4,1252.0,304.0,948.0,1556,,
cay10618,4,0,4,1253.25,733.9313234220216,973.0,2463,1089.0,488.0
BRD-K86472598,4,0,4,1253.75,643.8196078871783,1104.0,2307,1045.0,559.0
bjm-ctd2-9,4,0,4,1253.75,704.5350860674009,1289.0,2392,673.0,661.0
mln4924,4,0,4,1254.75,385.767659997569,1594.0,1674,967.0,784.0
sarmentogenin,4,0,4,1254.75,589.3502248239157,1292.0,2197,866.0,664.0
abt-751,4,0,4,1255.0,504.73507902661174,1702.0,1811,694.0,813.0
emetine hydrochloride,4,0,4,1259.0,470.4667894761542,1414.0,1950,950.0,722.0
BRD-A31107743,4,0,4,1260.0,534.6414686497859,1432.0,2059,819.0,730.0
BRD-K92981876,1,0,4,1260.0,0.0,,1260,,
BRD-K71935468,4,0,4,1260.75,521.3028750160505,1700.0,1854,677.0,812.0
BRD-A12633378,2,0,4,1261.0,64.0,1197.0,1325,,
amg 9810,3,0,4,1263.6666666666667,924.2814626628743,832.0,2548,,411.0
danazol,4,0,4,1263.75,686.2836057345389,1056.0,2394,1065.0,540.0
vindesine,2,0,4,1264.0,90.0,1174.0,1354,,
hy-10159,3,0,4,1265.0,826.4962189871168,927.0,2403,,465.0
s1011,4,0,4,1265.25,475.8515393481459,1452.0,1953,916.0,740.0
sb 203186 hydrochloride,1,0,4,1266.0,0.0,,1266,,
BRD-K68548958,4,0,4,1269.0,505.1123637370204,1596.0,1925,769.0,786.0
"tyrphostin b44, (+) enantiomer",1,0,4,1269.0,0.0,,1269,,
aicar,2,0,4,1270.0,270.0,1540.0,1000,,
valdecoxib,4,0,4,1270.0,598.9044164138381,1279.0,2234,910.0,657.0
ru 24969,2,0,4,1273.0,2.0,1271.0,1275,,
dihydroergocristine,2,0,4,1273.5,263.5,1010.0,1537,,
BRD-K42687792,1,0,4,1274.0,0.0,,1274,,
bl-077,3,0,4,1274.0,492.0860358379078,1291.0,1868,,663.0
rhizocarpic acid,3,0,4,1274.3333333333333,466.2233608713984,1422.0,1757,644.0,
BRD-K70714754,2,0,4,1276.5,198.5,1078.0,1475,,
k784-3188,4,0,4,1277.25,777.7754737069047,1429.0,2480,472.0,728.0
WZ-4002,3,0,4,1277.6666666666667,621.8233046631674,1808.0,1620,405.0,
BRD-K53610452,2,0,4,1278.0,453.0,825.0,1731,,
CHIR-99021,4,0,4,1278.25,728.1079504441632,2093.0,1852,298.0,870.0
barasertib,2,0,4,1278.5,187.5,,1466,1091.0,
BRD-K16541732,2,0,4,1280.5,1047.5,233.0,2328,,
BRD-K02223034,1,0,4,1281.0,0.0,,1281,,
hy-50878,4,0,4,1281.0,670.486763478594,1474.0,2293,605.0,752.0
BRD-K55722623,2,0,4,1281.5,288.5,1570.0,993,,
np-001236,4,0,4,1282.0,723.6338853315259,1024.0,2472,1114.0,518.0
esculin hydrate,2,0,4,1283.0,453.0,,1736,830.0,
sc 19220,1,0,4,1284.0,0.0,,1284,,
ct-200783,4,0,4,1284.25,622.2079134019432,1611.0,2137,597.0,792.0
SB-239063,1,0,4,1286.0,0.0,,1286,,
nocodazole,3,0,4,1286.0,414.65487657408136,1870.0,1040,948.0,
BRD-K51443908,2,0,4,1286.5,617.5,669.0,1904,,
parbendazole,2,0,4,1291.0,309.0,1600.0,982,,
BRD-K23478508 (digoxin),4,0,4,1291.25,865.2457382154506,1021.0,2756,871.0,517.0
a112550.cdx,4,0,4,1292.5,772.3174541598811,1469.0,2474,478.0,749.0
dacomitinib,3,0,4,1293.3333333333333,646.9210839730677,1993.0,1454,433.0,
tanespimycin,4,0,4,1294.75,566.562606867061,1815.0,1897,632.0,835.0
sdm25n hydrochloride,2,0,4,1295.0,371.0,,1666,924.0,
cephalexin monohydrate,2,0,4,1295.5,330.5,965.0,1626,,
bambuterol hydrochloride,3,0,4,1295.6666666666667,458.18870445362234,1943.0,947,997.0,
BRD-K84770158,1,0,4,1296.0,0.0,,1296,,
bibx 1382 dihydrochloride,3,0,4,1296.0,514.8015798991556,1295.0,1927,,666.0
ski ii,4,0,4,1297.5,641.3550108949021,1351.0,2323,824.0,692.0
cjd-pla-20-1,3,0,4,1297.6666666666667,347.77898473343987,1739.0,1265,889.0,
temsirolimus [ci779],4,0,4,1297.75,575.0614641062292,1259.0,2217,1068.0,647.0
niguldipine,4,0,4,1298.5,347.1861892414501,1729.0,1506,1138.0,821.0
purvalanol a,4,0,4,1298.75,563.6862491670344,1265.0,2195,1085.0,650.0
BRD-K25536815,2,0,4,1299.0,401.0,898.0,1700,,
BRD-K28120860,3,0,4,1301.0,1075.0413945518562,80.0,2696,1127.0,
pinacidil,2,0,4,1301.5,216.5,1085.0,1518,,
malonoben,4,0,4,1304.0,498.47868560250396,1423.0,2053,1015.0,725.0
piceatannol,2,0,4,1305.0,169.0,1136.0,1474,,
BRD-K72703948,2,0,4,1306.0,653.0,,1959,653.0,
kemadrin,2,0,4,1307.0,17.0,1324.0,1290,,
thiocolchicoside,3,0,4,1307.6666666666667,505.2130463697689,1635.0,1694,594.0,
tl hras24 brd-k93060291,3,0,4,1308.0,608.1386903220898,2163.0,800,961.0,
salermide,4,0,4,1308.25,617.3598525171523,1290.0,2306,975.0,662.0
calcitriol,2,0,4,1309.5,282.5,1027.0,1592,,
BRD-K55536701,1,0,4,1310.0,0.0,,1310,,
ncgc00165188-01,3,0,4,1310.3333333333333,591.6177444562964,1687.0,1769,475.0,
mead ethanolamide,1,0,4,1311.0,0.0,,1311,,
rs 56812 hydrochloride,1,0,4,1312.0,0.0,,1312,,
(-)-JQ1,3,0,4,1312.3333333333333,887.8278111335678,931.0,2539,,467.0
sb 221284,2,0,4,1313.5,666.5,647.0,1980,,
sch 442416,2,0,4,1314.0,122.0,1192.0,1436,,
oxibendazole,4,0,4,1314.25,627.5875934879529,1644.0,2176,634.0,803.0
BRD-K40373196,4,0,4,1315.0,616.2000486854898,1367.0,2296,899.0,698.0
tolazamide,3,0,4,1315.3333333333333,500.9819247127474,1346.0,1913,,687.0
sinensetin,1,0,4,1316.0,0.0,,1316,,
nsc 23766,3,0,4,1317.0,420.96159761511103,1818.0,1345,788.0,
BRD-K52075040,4,0,4,1317.25,660.3954781038404,1557.0,2289,645.0,778.0
rottlerin,3,0,4,1317.6666666666667,662.4018585588526,1825.0,1746,382.0,
d-64131,3,0,4,1320.0,431.8757537378854,1890.0,1225,,845.0
BRD-A83124583,4,0,4,1320.25,611.8579798449964,1718.0,2108,638.0,817.0
akt inhibitor iv,4,0,4,1320.25,712.5024122766182,1446.0,2435,663.0,737.0
BRD-K31841256,2,0,4,1320.5,444.5,1765.0,876,,
bms 182874 hydrochloride,3,0,4,1321.3333333333333,415.01914279812314,1542.0,1682,740.0,
BRD-K51377689,3,0,4,1321.6666666666667,406.73442058533584,1791.0,1375,799.0,
deoxycorticosterone,3,0,4,1323.6666666666667,361.08570850822787,1826.0,1152,993.0,
hy-11066,4,0,4,1325.0,661.3474880877677,1221.0,2406,1052.0,621.0
sb 205607 dihydrobromide,1,0,4,1328.0,0.0,,1328,,
ag 494,3,0,4,1328.3333333333333,556.5952049939186,1293.0,2027,,665.0
thapsigargin,2,0,4,1328.5,154.5,1483.0,1174,,
mls-0412059,2,0,4,1330.5,304.5,1026.0,1635,,
7b-cis,4,0,4,1331.75,538.0591858708482,1623.0,2069,837.0,798.0
k784-3131,4,0,4,1331.75,522.2343224070972,1620.0,2043,867.0,797.0
a3145,1,0,4,1332.0,0.0,,1332,,
np-009169,4,0,4,1332.5,624.6236867106466,1531.0,2269,759.0,771.0
ebt or (erichrome black t),3,0,4,1332.6666666666667,307.820654855316,1709.0,1334,955.0,
(-)-gallocatechin gallate,4,0,4,1333.5,815.9734983441558,1850.0,2360,286.0,838.0
cymarin,4,0,4,1333.75,364.3277199171098,1721.0,1629,1167.0,818.0
BRD-K84450674,3,0,4,1334.0,596.4914081527075,1257.0,2100,,645.0
narciclasine,4,0,4,1335.5,438.3631485423929,1633.0,1882,1026.0,801.0
pemoline,1,0,4,1336.0,0.0,,1336,,
methylene blue,4,0,4,1336.75,619.7226698290131,1348.0,2331,979.0,689.0
BRD-K32501161,3,0,4,1337.0,537.6857818466098,1330.0,1999,,682.0
ncgc00238536-01,3,0,4,1337.3333333333333,541.3011074151696,1591.0,1836,585.0,
BRD-K04695623,1,0,4,1339.0,0.0,,1339,,
BRD-K15563106,4,0,4,1339.75,589.2802283294426,1457.0,2252,906.0,744.0
everolimus,3,0,4,1340.0,388.4301739051692,1824.0,1323,873.0,
ketorolac tromethamine,2,0,4,1341.0,19.0,1360.0,1322,,
meloxicam sodium,2,0,4,1341.5,238.5,1580.0,1103,,
BRD-A41451487,4,0,4,1343.5,627.7660790453718,1426.0,2334,887.0,727.0
pi 828,4,0,4,1347.0,769.7204037830879,1211.0,2629,934.0,614.0
zm 336372,4,0,4,1348.5,524.7411266519902,1376.0,2154,1161.0,703.0
"homatropine hydrobromide (r,s)",1,0,4,1349.0,0.0,,1349,,
dicyclomine hydrochloride,2,0,4,1351.0,389.0,962.0,1740,,
BRD-K81514393,1,0,4,1353.0,0.0,,1353,,
GDC-0879,3,0,4,1354.3333333333333,915.8683796752069,1698.0,2264,101.0,
g-201,1,0,4,1355.0,0.0,,1355,,
olaparib,2,0,4,1355.5,528.5,1884.0,827,,
byssochlamic acid,1,0,4,1356.0,0.0,,1356,,
dc-45-a2,3,0,4,1356.6666666666667,398.7759047663515,1750.0,1510,810.0,
na-tosyl-phe chloromethyl ketone,2,0,4,1358.0,313.0,1671.0,1045,,
BRD-A68065211,4,0,4,1358.75,522.0140682970144,1810.0,1947,844.0,834.0
BRD-K87964538,2,0,4,1359.5,224.5,1584.0,1135,,
jwh 015,1,0,4,1360.0,0.0,,1360,,
VE821,2,0,4,1361.5,1007.5,354.0,2369,,
"hydrastine (1r, 9s)",2,0,4,1361.5,186.5,1175.0,1548,,
BRD-K12002134,1,0,4,1362.0,0.0,,1362,,
BRD-K45399554,4,0,4,1362.25,777.0956746115629,1755.0,2425,444.0,825.0
paroxetine hydrochloride,4,0,4,1362.5,636.5113903144232,1378.0,2384,984.0,704.0
s1042,4,0,4,1363.0,602.8428485102896,1361.0,2324,1071.0,696.0
dg-041,4,0,4,1363.75,677.8452533580212,1468.0,2431,808.0,748.0
cgp 53353,3,0,4,1364.3333333333333,613.260865284007,1411.0,2091,591.0,
oxindole i,3,0,4,1365.3333333333333,277.90925777230876,1491.0,1625,980.0,
ncgc00166375-02,1,0,4,1366.0,0.0,,1366,,
ncgc00167098-01,3,0,4,1366.0,369.55198100763397,1322.0,1839,937.0,
imodium,4,0,4,1367.5,395.23821930577515,1713.0,1770,1172.0,815.0
phenamil,2,0,4,1369.5,748.5,621.0,2118,,
cabozantinib,3,0,4,1371.0,792.480914596686,564.0,2448,1101.0,
metformin hydrochloride,1,0,4,1372.0,0.0,,1372,,
pkc-412,3,0,4,1372.0,488.45129405772553,1449.0,1928,,739.0
BRD-K14711204,1,0,4,1373.0,0.0,,1373,,
ei-263,3,0,4,1374.0,724.017955578451,1185.0,2340,,597.0
nisoxetine hydrochloride,1,0,4,1374.0,0.0,,1374,,
BRD-A18763547,4,0,4,1375.75,644.3117936992928,1582.0,2341,797.0,783.0
ncgc00165208-01,3,0,4,1376.0,442.19075823299005,1534.0,1821,,773.0
bromhexine hydrochloride,2,0,4,1377.0,201.0,1176.0,1578,,
halcinonide,2,0,4,1377.0,133.0,1510.0,1244,,
BRD-K12184916,4,0,4,1377.5,639.1026912789524,1627.0,2311,772.0,800.0
BRD-K35389996,2,0,4,1379.0,195.0,1184.0,1574,,
BRD-K57019930,1,0,4,1379.0,0.0,,1379,,
dm-100,2,0,4,1381.5,678.5,,2060,703.0,
BRD-K40175214,4,0,4,1382.25,441.8989562105799,1925.0,1697,1053.0,854.0
proscillaridin a,4,0,4,1383.75,565.0705155111174,1804.0,2077,821.0,833.0
cgp 71683 hydrochloride,4,0,4,1384.0,679.236703955256,1624.0,2389,724.0,799.0
rottlerin ncgc00025228-11,4,0,4,1384.5,568.6943379355909,1397.0,2274,1152.0,715.0
lonidamine,4,0,4,1385.5,713.2659041339351,1949.0,2216,521.0,856.0
BRD-K43620258,4,0,4,1386.0,584.7944083180003,1619.0,2236,893.0,796.0
pp-110,4,0,4,1386.0,687.2219437707151,1470.0,2476,848.0,750.0
mg-132,4,0,4,1386.5,501.49451642066833,1875.0,1899,929.0,843.0
cccp,4,0,4,1387.5,701.0871914391248,1312.0,2537,1027.0,674.0
pipamperone,3,0,4,1387.6666666666667,851.2353115064926,689.0,2586,888.0,
mls-0091943.0001,2,0,4,1388.5,219.5,1608.0,1169,,
BRD-K10010115,2,0,4,1389.0,575.0,814.0,1964,,
BRD-K14880289,2,0,4,1389.0,1222.0,167.0,2611,,
betamethasone acetate,3,0,4,1390.3333333333333,796.0244273192179,1130.0,2469,,572.0
BRD-K14316227,2,0,4,1391.0,104.0,1495.0,1287,,
s4002,1,0,4,1391.0,0.0,,1391,,
pf 750,4,0,4,1391.25,568.3970333314558,1967.0,1951,786.0,861.0
ncgc00182364-01,3,0,4,1392.6666666666667,672.3101136297809,1320.0,2250,608.0,
BRD-K58214070,4,0,4,1392.75,718.1752484595943,1566.0,2496,730.0,779.0
nimodipine,2,0,4,1393.5,527.5,866.0,1921,,
BRD-K41859756,4,0,4,1394.5,654.1072159822119,1686.0,2329,753.0,810.0
XMD-892,3,0,4,1395.3333333333333,694.4073412310353,1769.0,1995,422.0,
tgx-115,4,0,4,1396.5,455.0684014519136,1703.0,1957,1112.0,814.0
quinine hemisulfate salt monohydrate,3,0,4,1397.0,433.5004805841242,1649.0,1755,787.0,
arachidonyl trifluoro-methyl ketone,4,0,4,1398.0,663.0207387405012,1533.0,2427,860.0,772.0
leucine enkephalin,2,0,4,1398.0,4.0,1402.0,1394,,
BRD-K45842176,2,0,4,1398.5,863.5,,2262,535.0,
BRD-K34387287,3,0,4,1398.6666666666667,804.0482296203105,1133.0,2489,,574.0
BRD-K31706415,2,0,4,1400.0,148.0,1548.0,1252,,
triflupromazine hydrochloride,3,0,4,1400.6666666666667,974.0586338728393,336.0,2690,1176.0,
digoxin,4,0,4,1400.75,718.165849577937,1616.0,2483,709.0,795.0
podofilox,3,0,4,1401.3333333333333,671.1216150760026,1977.0,1767,460.0,
hy-11006,3,0,4,1401.6666666666667,216.4337209298855,1493.0,1609,1103.0,
mrs 1220,1,0,4,1402.0,0.0,,1402,,
salubrinal,2,0,4,1402.0,314.0,1716.0,1088,,
tl hras26 brd-k01877528,4,0,4,1402.25,607.3019738976649,1525.0,2339,976.0,769.0
BRD-K35004659,3,0,4,1402.3333333333333,491.56236181745606,1978.0,1452,777.0,
way 213613,3,0,4,1402.6666666666667,651.5751853947648,1408.0,2198,602.0,
BRD-A63583287,3,0,4,1403.0,491.27249736441246,1494.0,1954,,761.0
phenazopyridine hydrochloride,1,0,4,1404.0,0.0,,1404,,
naltrexone hydrochloride dihydrate,1,0,4,1406.0,0.0,,1406,,
pepstatin a,3,0,4,1406.3333333333333,763.3925741204339,1166.0,2438,615.0,
terfenadine,3,0,4,1406.3333333333333,396.41504624432315,1605.0,1761,853.0,
albendazole,2,0,4,1406.5,160.5,1567.0,1246,,
mls-0075347.0001,1,0,4,1407.0,0.0,,1407,,
vincristine sulfate,4,0,4,1407.25,523.1665007433102,1931.0,1929,914.0,855.0
as605240,4,0,4,1409.0,514.2479946484964,1672.0,2112,1044.0,808.0
vu0365121-1,3,0,4,1410.0,597.4049436242277,1783.0,1880,567.0,
BRD-K19295594,4,0,4,1411.0,671.9680051907234,1872.0,2260,670.0,842.0
mesoridazine besylate,3,0,4,1413.0,784.3302875702302,1509.0,2322,408.0,
nitrocaramiphen hydrochloride,1,0,4,1413.0,0.0,,1413,,
BRD-K78524708,3,0,4,1414.3333333333333,714.2550120385731,1178.0,2383,682.0,
zd 7155 hydrochloride,3,0,4,1414.6666666666667,730.8904766713607,1252.0,2380,612.0,
rs 17053 hydrochloride,3,0,4,1415.0,339.7381344506383,1859.0,1352,1034.0,
ncgc00182371-01,4,0,4,1415.75,724.8866721771066,1829.0,2388,609.0,837.0
BRD-K16331660,2,0,4,1416.0,952.0,464.0,2368,,
nu7026,2,0,4,1416.5,160.5,1256.0,1577,,
"vegf receptor 3 kinase inhibitor, maz51",2,0,4,1417.5,2.5,1420.0,1415,,
ncgc00189555-02,1,0,4,1418.0,0.0,,1418,,
np-000732,2,0,4,1418.0,1282.0,136.0,2700,,
nifuroxazide,2,0,4,1421.0,626.0,795.0,2047,,
ncgc00242337-01,3,0,4,1421.3333333333333,621.7643354912606,1809.0,1911,544.0,
roscovitine,2,0,4,1421.5,565.5,,1987,856.0,
stock1s-53863,3,0,4,1424.3333333333333,546.6121924078249,1453.0,2079,,741.0
BRD-A25088322,2,0,4,1424.5,1077.5,347.0,2502,,
fccp,4,0,4,1425.0,566.0022084762568,1640.0,2247,1011.0,802.0
vu0405172-2,1,0,4,1426.0,0.0,,1426,,
vu0424182-2,2,0,4,1426.0,591.0,835.0,2017,,
cvf-csc-7 brd-a32595718,3,0,4,1426.3333333333333,522.954640055479,1710.0,1876,693.0,
"haematoxylone, tetramethyl-",2,0,4,1427.0,345.0,1082.0,1772,,
bo2 (inhibits rad51),4,0,4,1430.5,474.6211647198216,1889.0,1906,1083.0,844.0
BRD-A85891951,1,0,4,1431.0,0.0,,1431,,
etanidazole,2,0,4,1432.0,918.0,514.0,2350,,
prochlorperazine edisylate,1,0,4,1432.0,0.0,,1432,,
chr 2797,4,0,4,1433.0,775.841156423143,1486.0,2681,806.0,759.0
BRD-K80348542,4,0,4,1434.5,489.1024943710674,1901.0,1935,1054.0,848.0
nizatidine,2,0,4,1434.5,284.5,1150.0,1719,,
lovastatin,3,0,4,1436.6666666666667,707.1408786247774,1127.0,2415,768.0,
AT7867,3,0,4,1438.6666666666667,480.473608941104,1749.0,1807,760.0,
BRD-K08463963,2,0,4,1439.0,513.0,1952.0,926,,
s1148,2,0,4,1439.5,58.5,1498.0,1381,,
BRD-K05323277,1,0,4,1443.0,0.0,,1443,,
BRD-A72837804,3,0,4,1444.0,579.2431843937974,1334.0,2202,796.0,
mdv3100,1,0,4,1444.0,0.0,,1444,,
spiperone,3,0,4,1444.3333333333333,678.2773932707931,1987.0,1858,488.0,
BRD-K67090983,3,0,4,1447.3333333333333,538.5272096705565,1416.0,2122,804.0,
np-003021,1,0,4,1448.0,0.0,,1448,,
hexamethylquercetagetin,1,0,4,1449.0,0.0,,1449,,
BRD-A18411371,4,0,4,1449.5,756.6638950022658,1604.0,2625,780.0,789.0
BRD-K94325918,4,0,4,1450.0,595.236087615662,1656.0,2326,1014.0,804.0
tegaserod,2,0,4,1450.0,661.0,2111.0,789,,
at-mlpcn csc-006,4,0,4,1451.0,862.2824363281442,1504.0,2840,696.0,764.0
flucytosine,2,0,4,1451.0,183.0,1634.0,1268,,
mst- 312,4,0,4,1451.0,546.7010151810586,1923.0,2065,963.0,853.0
BRD-K14636731,1,0,4,1455.0,0.0,,1455,,
brivanib,4,0,4,1455.75,583.2273891888137,1535.0,2352,1162.0,774.0
dl-pdmp,4,0,4,1455.75,524.1528283811888,1714.0,2171,1122.0,816.0
s1140,2,0,4,1456.0,168.0,1288.0,1624,,
doxylamine succinate,2,0,4,1457.5,122.5,1335.0,1580,,
XMD-885,4,0,4,1461.0,634.4139027480403,1990.0,2192,800.0,862.0
bufalin,4,0,4,1462.25,498.1587974732555,1852.0,2040,1118.0,839.0
emd 386088 hydrochloride,3,0,4,1463.0,565.7956050259376,1240.0,2240,909.0,
fr 122047 hydrochloride,3,0,4,1463.0,661.7446637487907,1581.0,2208,600.0,
mls-0435534.0001,2,0,4,1464.0,410.0,1054.0,1874,,
mevastatin,4,0,4,1464.5,696.3711294992061,1424.0,2592,1116.0,726.0
isorotenone,2,0,4,1465.0,340.0,1805.0,1125,,
selamectin,4,0,4,1465.0,778.3244824621669,1400.0,2746,996.0,718.0
aloisine,3,0,4,1466.3333333333333,595.0822538850314,1638.0,2094,667.0,
hy-10044,4,0,4,1467.25,486.62170882524345,1954.0,1936,1120.0,859.0
sb 216641 hydrochloride,1,0,4,1469.0,0.0,,1469,,
nicardipine hydrochloride,3,0,4,1469.6666666666667,664.7908610148676,2032.0,1841,536.0,
mwp00339,2,0,4,1470.5,343.5,1814.0,1127,,
ncgc00188740-01,2,0,4,1470.5,230.5,1701.0,1240,,
ku-0063794,4,0,4,1471.25,671.8375454676525,1568.0,2524,1013.0,780.0
BRD-K80334323 (norethynodrel),2,0,4,1472.0,161.0,1311.0,1633,,
ncgc00184724-01,1,0,4,1472.0,0.0,,1472,,
endecaphyllin x,2,0,4,1476.0,83.0,1393.0,1559,,
dmbi,1,0,4,1477.0,0.0,,1477,,
bithionate sodium,4,0,4,1478.0,635.0641699859945,1785.0,2370,926.0,831.0
BRD-K05649647,4,0,4,1479.0,613.2169273593155,1856.0,2288,932.0,840.0
BRD-K15885023,1,0,4,1479.0,0.0,,1479,,
catechin pentabenzoate,2,0,4,1481.0,176.0,1305.0,1657,,
ikk-3 inhibitor ix,2,0,4,1481.5,415.5,1897.0,1066,,
BRD-K27630390,1,0,4,1482.0,0.0,,1482,,
gw 583340 dihydrochloride,2,0,4,1482.0,673.0,809.0,2155,,
pd 198306,3,0,4,1484.3333333333333,356.1613242463152,1569.0,1872,1012.0,
pimozide,4,0,4,1485.0,680.2804568705469,1724.0,2492,905.0,819.0
BRD-A95445494,2,0,4,1485.5,404.5,1081.0,1890,,
hoechst  33342 (cell permeable) (bisbenzimide),2,0,4,1486.0,376.0,1110.0,1862,,
zk 93423,2,0,4,1486.5,423.5,1063.0,1910,,
hycanthone,3,0,4,1487.6666666666667,483.958905509778,2172.0,1136,1155.0,
BRD-K88832793,2,0,4,1488.0,359.0,1129.0,1847,,
clemastine fumarate,2,0,4,1488.0,588.0,,2076,900.0,
BRD-K28180706,1,0,4,1489.0,0.0,,1489,,
pnu 74654,4,0,4,1489.75,684.9939324548795,1777.0,2479,874.0,829.0
chlormadinone acetate,2,0,4,1490.0,685.0,805.0,2175,,
BRD-K10705233,4,0,4,1491.0,584.9260637037813,1746.0,2319,1075.0,824.0
clofarabine,3,0,4,1491.0,486.28592412283535,2092.0,1480,901.0,
emetine dihydrochloride hydrate (74),4,0,4,1491.0,547.077234035561,1917.0,2138,1058.0,851.0
BRD-K85318537 (obaa),3,0,4,1492.6666666666667,951.2326505937208,1500.0,2654,324.0,
BRD-K07877311,3,0,4,1493.0,420.6590067976674,2083.0,1264,1132.0,
BRD-K51791390,2,0,4,1493.5,176.5,1317.0,1670,,
sb 269970 hydrochloride,1,0,4,1494.0,0.0,,1494,,
vitexin,2,0,4,1495.5,561.5,934.0,2057,,
mk-0591,4,0,4,1495.75,580.4456800597279,1660.0,2353,1164.0,806.0
BRD-K00551481,1,0,4,1497.0,0.0,,1497,,
triclosan,3,0,4,1497.0,533.2191544446492,2155.0,1487,849.0,
heliotrine,1,0,4,1498.0,0.0,,1498,,
meclofenamic acid sodium salt monohydrate,1,0,4,1500.0,0.0,,1500,,
l 161982,3,0,4,1500.3333333333333,703.6762197361953,1380.0,2416,,705.0
niclosamide,4,0,4,1501.25,663.8416132632843,1614.0,2531,1066.0,794.0
cytarabine,2,0,4,1501.5,20.5,1522.0,1481,,
BRD-K16309743,1,0,4,1502.0,0.0,,1502,,
BRD-A31374339,1,0,4,1503.0,0.0,,1503,,
s1005,3,0,4,1503.0,360.7279676801712,1549.0,1920,1040.0,
BRD-K96167523,1,0,4,1504.0,0.0,,1504,,
ly 364947,2,0,4,1504.0,88.0,1592.0,1416,,
"fluphenazine-n-2-chloroethane, dihydrochloride",3,0,4,1505.0,397.3973662049947,1788.0,1784,943.0,
isotretinoin,1,0,4,1505.0,0.0,,1505,,
ro 28-1675 ?,4,0,4,1505.25,605.4033263040434,1772.0,2363,1059.0,827.0
ml 3163,3,0,4,1506.0,1112.893825423911,1341.0,2944,233.0,
dihomo-gamma-linolenic acid,2,0,4,1506.5,1354.5,,2861,152.0,
s1057,3,0,4,1506.6666666666667,809.401974024993,1478.0,2512,530.0,
trolox,1,0,4,1507.0,0.0,,1507,,
apo866,2,0,4,1507.5,130.5,1377.0,1638,,
mek1/2 inhibitor,2,0,4,1511.5,363.5,1148.0,1875,,
cct 018159,4,0,4,1513.5,735.5339896972811,1458.0,2710,1141.0,745.0
kn-93,3,0,4,1514.3333333333333,560.3483043806077,1719.0,2075,749.0,
benperidol,1,0,4,1515.0,0.0,,1515,,
BRD-K58972465,2,0,4,1518.5,352.5,1871.0,1166,,
BRD-K28916077,2,0,4,1521.5,777.5,744.0,2299,,
medroxyprogesterone 17-acetate,1,0,4,1522.0,0.0,,1522,,
darinaparsin,2,0,4,1523.5,1076.5,447.0,2600,,
BRD-K68174511,4,0,4,1523.75,751.5308959051517,1737.0,2663,872.0,823.0
hy-10992,3,0,4,1524.0,662.4535203821221,1461.0,2365,,746.0
pterostilbene,2,0,4,1524.0,858.0,666.0,2382,,
rev-5901,3,0,4,1524.0,445.661306375144,2035.0,1588,949.0,
vu0365114-2,3,0,4,1525.0,389.47143669337294,2003.0,1523,1049.0,
diphenylcyclopropenone,2,0,4,1527.5,87.5,1615.0,1440,,
BRD-K90864987,1,0,4,1530.0,0.0,,1530,,
azathioprine,2,0,4,1530.5,714.5,816.0,2245,,
BRD-K30802967,1,0,4,1532.0,0.0,,1532,,
BRD-K03736784,3,0,4,1532.3333333333333,528.3637215235564,1802.0,2001,794.0,
hy-10456,1,0,4,1533.0,0.0,,1533,,
ag-490,1,0,4,1534.0,0.0,,1534,,
talniflumate,1,0,4,1535.0,0.0,,1535,,
ouabain,4,0,4,1535.5,693.8013044092668,1694.0,2598,1039.0,811.0
BRD-K17739445,1,0,4,1536.0,0.0,,1536,,
BRD-K99633092,2,0,4,1537.5,127.5,1665.0,1410,,
BRD-K13665914,2,0,4,1538.0,148.0,1390.0,1686,,
BRD-K05197617,2,0,4,1538.5,320.5,1218.0,1859,,
bis-tyrphostin,2,0,4,1539.0,261.0,1800.0,1278,,
tas 301,1,0,4,1540.0,0.0,,1540,,
trimipramine maleate salt,2,0,4,1540.5,15.5,1556.0,1525,,
tremorine dihydrochloride,2,0,4,1542.0,1.0,1543.0,1541,,
sulfasalazine,1,0,4,1543.0,0.0,,1543,,
dibutyrylcyclic amp,3,0,4,1543.3333333333333,902.178597741169,724.0,2800,1106.0,
BRD-K27484191,3,0,4,1543.6666666666667,408.24937912451935,2043.0,1545,1043.0,
pdgf receptor tyrosine kinase inhibitor i,2,0,4,1544.5,418.5,1126.0,1963,,
BRD-K64985742,2,0,4,1545.0,349.0,1196.0,1894,,
hy-11005,3,0,4,1546.0,649.4613152451807,1516.0,2356,,766.0
pq 401,3,0,4,1547.3333333333333,528.0311438626409,1306.0,2280,1056.0,
BRD-K10906552,2,0,4,1548.5,63.5,1612.0,1485,,
lobendazole,2,0,4,1549.5,1033.5,,2583,516.0,
mifepristone,3,0,4,1551.3333333333333,673.4024716979355,1642.0,2327,685.0,
BRD-K93443135,2,0,4,1551.5,227.5,1779.0,1324,,
scoulerine,1,0,4,1552.0,0.0,,1552,,
BRD-A98444709,3,0,4,1553.0,662.088110954023,1524.0,2378,757.0,
olopatadine hydrochloride,1,0,4,1553.0,0.0,,1553,,
metoprolol tartrate,2,0,4,1553.5,36.5,1590.0,1517,,
ppt,2,0,4,1554.0,1322.0,232.0,2876,,
gbr 13069 dihydrochloride,2,0,4,1555.0,171.0,1726.0,1384,,
PFI-1,4,0,4,1555.5,626.3008462392495,2064.0,2286,1004.0,868.0
rs 504393,2,0,4,1556.0,555.0,1001.0,2111,,
tubocurarine chloride pentahydrate (+),2,0,4,1556.0,412.0,1144.0,1968,,
tracazolate hydrochloride,1,0,4,1557.0,0.0,,1557,,
azd8055,4,0,4,1558.25,670.9960413445075,1895.0,2491,1000.0,847.0
BRD-A05565054,2,0,4,1558.5,124.5,1434.0,1683,,
BRD-K99616396,2,0,4,1559.0,223.0,1336.0,1782,,
puromycin dihydrochloride,4,0,4,1561.75,680.6843523249231,1782.0,2572,1063.0,830.0
BRD-K66359319,2,0,4,1563.5,737.5,826.0,2301,,
BRD-K35133769,2,0,4,1564.0,430.0,1134.0,1994,,
BRD-K39866321,1,0,4,1564.0,0.0,,1564,,
st4029573,3,0,4,1564.3333333333333,709.0304804606233,1775.0,2308,610.0,
s1084,1,0,4,1565.0,0.0,,1565,,
mitotane,1,0,4,1566.0,0.0,,1566,,
perhexiline maleate,4,0,4,1566.0,729.1045878335974,1727.0,2687,1030.0,820.0
tropisetron hcl,2,0,4,1567.0,406.0,1161.0,1973,,
BRD-K25731886,2,0,4,1569.0,836.0,,2405,733.0,
digitoxin,4,0,4,1570.0,665.2597237169856,1960.0,2459,1001.0,860.0
gelsemine,1,0,4,1570.0,0.0,,1570,,
BRD-K05331696,3,0,4,1571.0,684.2499543295564,1682.0,2348,683.0,
ncgc00242267-03,1,0,4,1572.0,0.0,,1572,,
rlm-1-127,3,0,4,1572.0,498.5585890009986,1663.0,2132,921.0,
BRD-A26199074,3,0,4,1572.3333333333333,518.8046089061105,1887.0,1989,841.0,
BRD-K05562558,1,0,4,1575.0,0.0,,1575,,
nifedipine,3,0,4,1575.6666666666667,532.6270323176956,1489.0,2267,971.0,
BRD-K59962020,3,0,4,1576.6666666666667,795.6298692789813,1387.0,2632,,711.0
BRD-A62809825,3,0,4,1577.3333333333333,409.7286364846318,1798.0,1931,1003.0,
cyclopamine,2,0,4,1577.5,209.5,1368.0,1787,,
eriodyctol,2,0,4,1577.5,25.5,1552.0,1603,,
sb 366791,3,0,4,1578.0,701.5615914990406,1515.0,2467,752.0,
BRD-K90543092,2,0,4,1579.0,6.0,1573.0,1585,,
vu0413247-1,3,0,4,1579.0,921.0367346999069,1410.0,2782,545.0,
BRD-K53932786,4,0,4,1579.5,621.1153274553768,1861.0,2446,1170.0,841.0
devazepide,2,0,4,1579.5,168.5,1748.0,1411,,
BRD-K51189903,3,0,4,1579.6666666666667,587.9990551768675,1674.0,2248,817.0,
ncs-382,1,0,4,1581.0,0.0,,1581,,
bl-095,2,0,4,1581.5,582.5,999.0,2164,,
methylandrostenediol,1,0,4,1582.0,0.0,,1582,,
nutlin-3,3,0,4,1582.6666666666667,767.0533807297174,2082.0,2167,499.0,
BRD-K97274161,1,0,4,1583.0,0.0,,1583,,
s1019,2,0,4,1583.0,268.0,1315.0,1851,,
BRD-K33045404,2,0,4,1583.5,228.5,1355.0,1812,,
ncgc00187945-01,2,0,4,1584.0,196.0,1388.0,1780,,
I-BET151,4,0,4,1585.0,801.1772587885904,1918.0,2744,826.0,852.0
rs 67333 hydrochloride,2,0,4,1587.5,355.5,1232.0,1943,,
prima-1 met,2,0,4,1588.5,96.5,1492.0,1685,,
BRD-A20697603,4,0,4,1589.0,832.0321508211086,1950.0,2783,766.0,857.0
ag 18,2,0,4,1589.0,210.0,1379.0,1799,,
nafcillin sodium salt monohydrate,1,0,4,1589.0,0.0,,1589,,
ncgc00229600-01,2,0,4,1589.0,39.0,1550.0,1628,,
BRD-K31754360,2,0,4,1593.5,404.5,1189.0,1998,,
BRD-K34508425,2,0,4,1593.5,284.5,1309.0,1878,,
atorvastatin,4,0,4,1593.75,802.1787129436931,1610.0,2887,1087.0,791.0
fexaramine,2,0,4,1594.0,381.0,1213.0,1975,,
elesclomol,4,0,4,1594.75,719.4898800539171,1914.0,2621,994.0,850.0
"l-741,742 hydrochloride",1,0,4,1596.0,0.0,,1596,,
sb 225002,4,0,4,1596.0,698.1722566816874,2016.0,2523,981.0,864.0
bl-079,1,0,4,1598.0,0.0,,1598,,
1391-0741,2,0,4,1598.5,38.5,1560.0,1637,,
bx-795,4,0,4,1598.5,741.2572090711833,1773.0,2732,1061.0,828.0
levonorgestrel,2,0,4,1598.5,389.5,1209.0,1988,,
baccatin iii,2,0,4,1599.5,16.5,1583.0,1616,,
ncgc00229595-01,2,0,4,1599.5,255.5,1855.0,1344,,
sb 408124,3,0,4,1600.0,697.1604310821625,1447.0,2520,833.0,
c1386,2,0,4,1601.5,370.5,1972.0,1231,,
trazodone hydrochloride,2,0,4,1602.5,971.5,631.0,2574,,
"l-168,049",2,0,4,1604.0,203.0,1807.0,1401,,
BRD-K09186736,1,0,4,1605.0,0.0,,1605,,
BRD-K94991378,1,0,4,1606.0,0.0,,1606,,
artesunate,3,0,4,1606.0,716.0991551454309,1529.0,2519,,770.0
sib 1893,4,0,4,1608.0,677.6949903902197,1907.0,2568,1108.0,849.0
BRD-K87426499,2,0,4,1609.5,459.5,2069.0,1150,,
nnc 55-0396 dihydrochloride,3,0,4,1610.6666666666667,576.7751343076048,2023.0,2014,795.0,
BRD-A81541225,3,0,4,1611.0,682.6536457091546,1679.0,2411,743.0,
BRD-K82580504,2,0,4,1611.0,508.0,1103.0,2119,,
testosterone,3,0,4,1611.0,973.9312090697166,1927.0,2614,292.0,
BRD-A68930007 (ouabain),3,0,4,1612.6666666666667,499.98822208350293,1706.0,2173,959.0,
r(+)-6-bromo-apb,1,0,4,1614.0,0.0,,1614,,
rifabutin,3,0,4,1616.0,910.5793027884318,1442.0,2808,598.0,
BRD-K89329876,1,0,4,1617.0,0.0,,1617,,
BRD-K06405410,2,0,4,1617.5,341.5,1959.0,1276,,
BRD-K37340241,2,0,4,1617.5,73.5,1544.0,1691,,
BRD-K70831943,1,0,4,1618.0,0.0,,1618,,
BRD-A19248578,2,0,4,1619.0,1385.0,234.0,3004,,
rhodomyrtoxin b,3,0,4,1619.0,420.73348650501623,1639.0,2124,1094.0,
gw 1929,2,0,4,1619.5,648.5,971.0,2268,,
rg-13022,2,0,4,1621.5,523.5,1098.0,2145,,
BRD-K04534322,3,0,4,1622.3333333333333,608.7387690043151,1668.0,2344,855.0,
metolazone,1,0,4,1623.0,0.0,,1623,,
ethopropazine hydrochloride,3,0,4,1624.3333333333333,730.4301624537572,2014.0,2258,601.0,
ncgc00182357-01,3,0,4,1626.0,396.33403420179127,1941.0,1870,1067.0,
niguldipine hydrochloride,4,0,4,1629.25,686.0336635326287,1998.0,2563,1093.0,863.0
gr-236,1,0,4,1630.0,0.0,,1630,,
gr 32191 hydrochloride,3,0,4,1630.3333333333333,901.7646896810473,1353.0,2847,691.0,
imd 0354,4,0,4,1630.5,775.4110200403396,1797.0,2824,1069.0,832.0
BRD-K73261812,4,0,4,1630.75,737.16191403246,1953.0,2684,1028.0,858.0
clioquinol,2,0,4,1631.0,840.0,,2471,791.0,
inhibitor bec hydrochloride,3,0,4,1631.0,636.2661916734746,1537.0,2453,903.0,
evista,2,0,4,1632.0,508.0,1124.0,2140,,
BRD-K26664453,4,0,4,1632.5,787.4371403483582,2080.0,2698,883.0,869.0
securinine,2,0,4,1633.0,27.0,1606.0,1660,,
diflunisal,2,0,4,1634.5,756.5,,2391,878.0,
vu0415108-1,1,0,4,1636.0,0.0,,1636,,
jas07 010,3,0,4,1637.3333333333333,479.49232411884225,2004.0,1948,960.0,
c8273,2,0,4,1637.5,222.5,1415.0,1860,,
sq 22536,2,0,4,1637.5,51.5,1689.0,1586,,
m9948,3,0,4,1637.6666666666667,704.2728322335189,1530.0,2549,834.0,
abt-888 (veliparib),2,0,4,1641.0,170.0,1811.0,1471,,
ciclopirox ethanolamine,2,0,4,1643.0,553.0,1090.0,2196,,
spb02137,1,0,4,1643.0,0.0,,1643,,
BRD-K65242613,1,0,4,1644.0,0.0,,1644,,
ncgc00167094-01,3,0,4,1644.0,520.7404983930736,1418.0,2364,1150.0,
ha-1004,1,0,4,1648.0,0.0,,1648,,
BRD-K45818044,2,0,4,1648.5,508.5,1140.0,2157,,
BRD-K68007270,2,0,4,1649.5,214.5,1864.0,1435,,
memantine hydrochloride,2,0,4,1650.0,53.0,1597.0,1703,,
pioglitazone hydrochloride,1,0,4,1652.0,0.0,,1652,,
protriptyline hydrochloride,2,0,4,1652.5,507.5,1145.0,2160,,
BRD-K17023947,1,0,4,1653.0,0.0,,1653,,
minoxidil,3,0,4,1653.3333333333333,546.5146129997095,1678.0,2310,972.0,
ncgc00182382-01,3,0,4,1653.3333333333333,571.5034752494706,1521.0,2410,1029.0,
BRD-K19181733,3,0,4,1654.0,759.9118369916342,1467.0,2664,831.0,
amoxapine,3,0,4,1656.0,703.8882487061896,1792.0,2442,734.0,
zolantidine dimaleate,1,0,4,1656.0,0.0,,1656,,
BRD-K02216544,2,0,4,1657.5,1027.5,,2685,630.0,
compound d,1,0,4,1659.0,0.0,,1659,,
BRD-K62970326,2,0,4,1662.5,255.5,1407.0,1918,,
orphenadrine hydrochloride,2,0,4,1662.5,670.5,992.0,2333,,
antimycin a,1,0,4,1663.0,0.0,,1663,,
BRD-K83816656,2,0,4,1665.0,237.0,1428.0,1902,,
sodium dehydrocholate,3,0,4,1666.0,508.5292518626633,2039.0,2012,947.0,
foliosidine,1,0,4,1667.0,0.0,,1667,,
BRD-K06765193,3,0,4,1667.3333333333333,578.5051617939309,1661.0,2379,962.0,
chelidonine (+),2,0,4,1667.5,96.5,1571.0,1764,,
BRD-K10554164,1,0,4,1668.0,0.0,,1668,,
beclomethasone,2,0,4,1668.0,140.0,1528.0,1808,,
BRD-K37194137,2,0,4,1669.0,137.0,1532.0,1806,,
fgin-1-27,1,0,4,1669.0,0.0,,1669,,
fenbendazole,2,0,4,1670.5,73.5,1744.0,1597,,
BRD-K14844937,1,0,4,1671.0,0.0,,1671,,
ch 55,3,0,4,1672.0,670.5077677899538,1733.0,2461,,822.0
etomidate,2,0,4,1673.0,118.0,1555.0,1791,,
gsk-3b inhibitor viii,3,0,4,1674.3333333333333,776.5025577692725,1681.0,2622,720.0,
sb 202190,3,0,4,1675.6666666666667,475.25525305414095,1863.0,2141,1023.0,
genistin,2,0,4,1676.0,535.0,1141.0,2211,,
12k-613s,2,0,4,1676.5,267.5,1944.0,1409,,
hts 13363,2,0,4,1678.5,307.5,1371.0,1986,,
19-norethindrone,2,0,4,1679.0,107.0,1572.0,1786,,
BRD-K06009608,3,0,4,1679.3333333333333,590.5530364741925,1546.0,2460,1032.0,
ncgc00012272-02,1,0,4,1680.0,0.0,,1680,,
ossk 647368,2,0,4,1680.5,769.5,911.0,2450,,
s1266,2,0,4,1680.5,34.5,1646.0,1715,,
BRD-K22832646,3,0,4,1680.6666666666667,629.2229776125117,1511.0,2522,1009.0,
mk-2206,3,0,4,1680.6666666666667,552.3865393806125,1673.0,2361,1008.0,
modafinil,1,0,4,1681.0,0.0,,1681,,
pravastatin sodium salt,2,0,4,1681.5,368.5,2050.0,1313,,
jlk 6,2,0,4,1682.5,144.5,1538.0,1827,,
etodolac,2,0,4,1683.0,491.0,2174.0,1192,,
gw 5074,2,0,4,1686.5,128.5,1558.0,1815,,
gr-108,2,0,4,1687.0,391.0,1296.0,2078,,
bromocryptine mesylate,1,0,4,1688.0,0.0,,1688,,
BRD-A81530502,3,0,4,1689.6666666666667,622.6675588858704,1893.0,2330,,846.0
hy-10181,2,0,4,1693.5,235.5,1929.0,1458,,
h-5832,3,0,4,1694.6666666666667,412.02292277115953,2167.0,1754,1163.0,
np-004102,2,0,4,1695.5,678.5,1017.0,2374,,
indirubin-3?-monoxime,3,0,4,1696.0,740.5457447045388,1992.0,2418,678.0,
s1169,2,0,4,1696.0,334.0,1362.0,2030,,
cgp 57380,2,0,4,1696.5,426.5,1270.0,2123,,
BRD-K19724398,3,0,4,1697.3333333333333,791.481452018232,1899.0,2550,643.0,
BRD-K71670746,3,0,4,1697.3333333333333,931.3865410713689,1840.0,2760,492.0,
BRD-K63954456,2,0,4,1698.0,151.0,1547.0,1849,,
BRD-K82732294,3,0,4,1698.0,786.1462968175834,1928.0,2525,641.0,
dcb,1,0,4,1698.0,0.0,,1698,,
ritanserin,3,0,4,1698.0,664.8914698405047,1607.0,2554,933.0,
BRD-K74447990,2,0,4,1700.5,245.5,1455.0,1946,,
BRD-K00028814,2,0,4,1702.5,116.5,1586.0,1819,,
BRD-K69888333,1,0,4,1704.0,0.0,,1704,,
st019365,3,0,4,1706.6666666666667,815.4934429874686,1171.0,2859,1090.0,
bms-754807,4,0,4,1706.75,735.3055062353335,2053.0,2733,1175.0,866.0
BRD-K39757396,2,0,4,1707.0,116.0,1823.0,1591,,
compound 58,2,0,4,1707.5,168.5,1876.0,1539,,
apoptosis activator 2,2,0,4,1708.0,592.0,1116.0,2300,,
hydroxychloroquine sulfate,1,0,4,1710.0,0.0,,1710,,
dihydro-7-desacetyldeoxygedunin,2,0,4,1710.5,198.5,1512.0,1909,,
BRD-K07005393,3,0,4,1711.0,695.760495189736,1409.0,2673,1051.0,
dapt,2,0,4,1711.5,541.5,1170.0,2253,,
liothyronine (l- isomer) sodium,2,0,4,1712.0,801.0,,2513,911.0,
BRD-K18724229,3,0,4,1713.0,694.6025242299849,1565.0,2628,946.0,
bvt 948,2,0,4,1714.0,19.0,1695.0,1733,,
t6094031,1,0,4,1717.0,0.0,,1717,,
"reichstein/c,aeos substance/c-*s",2,0,4,1718.5,246.5,1472.0,1965,,
ethisterone,2,0,4,1719.0,158.0,1561.0,1877,,
15-delta prostaglandin j2,2,0,4,1720.0,126.0,1846.0,1594,,
pj 34 hydrochloride,3,0,4,1720.0,839.7297184213502,1095.0,2907,1158.0,
rk-682,1,0,4,1723.0,0.0,,1723,,
fulvestrant,3,0,4,1723.3333333333333,744.601160950538,1886.0,2543,741.0,
gw 4064,2,0,4,1723.5,495.5,1228.0,2219,,
finasteride,2,0,4,1724.5,37.5,1762.0,1687,,
physostigmine salicylate,1,0,4,1725.0,0.0,,1725,,
pifithrin- a hydrobromide,1,0,4,1727.0,0.0,,1727,,
BRD-A30455275,2,0,4,1728.0,249.0,1479.0,1977,,
BRD-K60070073,3,0,4,1728.0,847.094248986892,1976.0,2619,589.0,
BRD-K04156788,1,0,4,1730.0,0.0,,1730,,
ala-ala-phe-cmk,2,0,4,1730.0,583.0,,2313,1147.0,
dcebio,2,0,4,1730.0,386.0,1344.0,2116,,
irbesartan,2,0,4,1730.0,137.0,1593.0,1867,,
triciribine,4,0,4,1731.25,853.420580663485,2148.0,2928,978.0,871.0
BRD-K83213280,2,0,4,1736.0,243.0,1979.0,1493,,
erastin,2,0,4,1737.0,1044.0,693.0,2781,,
papaverine hydrochloride,2,0,4,1737.5,495.5,1242.0,2233,,
np-009265,2,0,4,1738.5,297.5,1441.0,2036,,
ofloxacin,1,0,4,1739.0,0.0,,1739,,
(s)-(-)-bay k 8644,3,0,4,1739.3333333333333,471.48371009918134,1902.0,2218,1098.0,
valyltryptophan,2,0,4,1742.5,283.5,1459.0,2026,,
cilostazol,1,0,4,1743.0,0.0,,1743,,
BRD-K36354764,1,0,4,1744.0,0.0,,1744,,
ncgc00011940-02,3,0,4,1744.3333333333333,529.4099440782057,2066.0,2169,998.0,
hy-70061,2,0,4,1746.0,809.0,937.0,2555,,
fosfosal,1,0,4,1750.0,0.0,,1750,,
BRD-K57457519,2,0,4,1750.5,755.5,,2506,995.0,
jak3 inhibitor i,2,0,4,1751.0,76.0,1827.0,1675,,
mls-0315872.0001,1,0,4,1751.0,0.0,,1751,,
calcipotriol,2,0,4,1752.0,660.0,1092.0,2412,,
BRD-K07403598,2,0,4,1752.5,412.5,1340.0,2165,,
2-chloroadenosine,2,0,4,1753.0,27.0,1780.0,1726,,
BRD-K32896438,3,0,4,1753.0,655.3309596430393,2037.0,2375,847.0,
cyclo [arg-gly-asp-d-phe-val],2,0,4,1753.5,265.5,1488.0,2019,,
y-27632,1,0,4,1756.0,0.0,,1756,,
ver155008,2,0,4,1756.5,364.5,1392.0,2121,,
BRD-K81209512 (ag 494),1,0,4,1758.0,0.0,,1758,,
"chrysene-1,4-quinone",2,0,4,1759.0,66.0,1693.0,1825,,
fasudil hydrochloride,1,0,4,1759.0,0.0,,1759,,
BRD-K96704648,1,0,4,1760.0,0.0,,1760,,
ag-879,3,0,4,1760.0,434.61937370531473,1924.0,2191,1165.0,
kuc103443n,1,0,4,1762.0,0.0,,1762,,
thonzonium bromide,1,0,4,1763.0,0.0,,1763,,
rilmenidine hemifumarate,2,0,4,1763.5,256.5,1507.0,2020,,
ml-7,2,0,4,1764.0,837.0,,2601,927.0,
metaproterenol,1,0,4,1766.0,0.0,,1766,,
hy-10966,3,0,4,1772.6666666666667,562.2836374009909,1912.0,2381,1025.0,
dequalinium dichloride,3,0,4,1773.6666666666667,854.0013010658838,1539.0,2917,865.0,
ncgc00012588-02,1,0,4,1774.0,0.0,,1774,,
BRD-K55844427,2,0,4,1774.5,437.5,1337.0,2212,,
doxycycline,2,0,4,1775.0,21.0,1754.0,1796,,
sto-609 acetate,1,0,4,1776.0,0.0,,1776,,
BRD-K19056367,1,0,4,1777.0,0.0,,1777,,
angiogenesis inhibitor,3,0,4,1777.3333333333333,444.86127675440076,1986.0,2187,1159.0,
ho-013,1,0,4,1779.0,0.0,,1779,,
celecoxib,1,0,4,1781.0,0.0,,1781,,
hy-50767,2,0,4,1781.5,941.5,840.0,2723,,
BRD-A50388635,3,0,4,1783.6666666666667,689.4177897972236,1839.0,2599,913.0,
s1118,3,0,4,1784.0,650.8491888807013,1883.0,2527,942.0,
BRD-K74133369,3,0,4,1787.6666666666667,577.3654725465395,1822.0,2477,1064.0,
BRD-K12105018,1,0,4,1788.0,0.0,,1788,,
aloisine a,3,0,4,1789.0,615.2381652661024,1821.0,2526,1020.0,
sr 142948,2,0,4,1789.0,182.0,1971.0,1607,,
r3904,1,0,4,1790.0,0.0,,1790,,
h-9 dihydrochloride,2,0,4,1791.0,294.0,1497.0,2085,,
BRD-K47448802,2,0,4,1793.0,124.0,1669.0,1917,,
BRD-K05452595,2,0,4,1793.5,419.5,1374.0,2213,,
hy-11004,1,0,4,1797.0,0.0,,1797,,
delta1-hydrocortisone 21-hemisuccinate,2,0,4,1799.0,594.0,1205.0,2393,,
BRD-K58547240,2,0,4,1800.0,304.0,1496.0,2104,,
arcyriaflavin a,3,0,4,1800.0,741.7295104461374,1502.0,2820,1078.0,
BRD-U68942961,2,0,4,1801.0,148.0,1653.0,1949,,
np-002257,2,0,4,1801.0,462.0,1339.0,2263,,
BRD-K28452084,2,0,4,1802.5,917.5,,2720,885.0,
BRD-A35020550,1,0,4,1804.0,0.0,,1804,,
BRD-K46171503,2,0,4,1804.0,142.0,1946.0,1662,,
BRD-K12401458,1,0,4,1805.0,0.0,,1805,,
su 5416,2,0,4,1806.0,265.0,1541.0,2071,,
BRD-K97926541,3,0,4,1807.3333333333333,662.2106076535538,1865.0,2588,969.0,
BRD-A57107094,3,0,4,1808.0,627.3776109064354,2150.0,2346,928.0,
BRD-K61776140,3,0,4,1808.6666666666667,727.205763331275,2034.0,2565,827.0,
BRD-K93127801,1,0,4,1809.0,0.0,,1809,,
BRD-A81282034,2,0,4,1809.5,862.5,947.0,2672,,
s-8599,3,0,4,1810.6666666666667,877.4304657476979,1963.0,2801,668.0,
sb 218078,3,0,4,1812.0,630.7920946450317,1696.0,2636,1104.0,
verteporfin,3,0,4,1812.3333333333333,771.133076856532,1629.0,2835,973.0,
ncgc00185094-01,3,0,4,1813.3333333333333,720.7987852992601,1787.0,2709,944.0,
mt-21,3,0,4,1814.0,742.2079672616474,1506.0,2837,1099.0,
nornicotine,2,0,4,1814.0,922.0,,2736,892.0,
s1485,2,0,4,1815.5,73.5,1742.0,1889,,
fenoldopam hydrochloride,2,0,4,1816.0,538.0,1278.0,2354,,
indirubin,1,0,4,1816.0,0.0,,1816,,
practolol,1,0,4,1817.0,0.0,,1817,,
mls-0327420.0002,2,0,4,1817.5,541.5,1276.0,2359,,
lfm-a13,2,0,4,1822.0,123.0,1945.0,1699,,
strophantine octahydrate,3,0,4,1825.3333333333333,526.0547077591413,1933.0,2409,1134.0,
np-006304,2,0,4,1826.0,381.0,1445.0,2207,,
BRD-K92301463,3,0,4,1826.6666666666667,737.6292353810883,1858.0,2714,908.0,
BRD-K19624190,3,0,4,1828.0,604.4771845708212,1948.0,2501,1035.0,
isoliquiritigenin,2,0,4,1829.0,66.0,1763.0,1895,,
st4066738,2,0,4,1829.0,557.0,1272.0,2386,,
s1039,1,0,4,1830.0,0.0,,1830,,
s1154,3,0,4,1831.0,677.745281552492,1819.0,2667,1007.0,
bcl-2 inhibitor,2,0,4,1832.0,281.0,1551.0,2113,,
evodiamine,2,0,4,1834.5,126.5,1961.0,1708,,
fenspiride hydrochloride,1,0,4,1835.0,0.0,,1835,,
BRD-K60219430,2,0,4,1836.5,171.5,2008.0,1665,,
BRD-K38634661,1,0,4,1837.0,0.0,,1837,,
"methyldopa (l,-)",2,0,4,1837.0,71.0,1766.0,1908,,
fu jmbii113b,1,0,4,1838.0,0.0,,1838,,
BRD-K88708949,2,0,4,1838.5,403.5,1435.0,2242,,
sertindole,3,0,4,1838.6666666666667,769.6234288418084,1758.0,2819,939.0,
BRD-K05104363,2,0,4,1839.5,66.5,1906.0,1773,,
BRD-A54632525,2,0,4,1841.0,735.0,1106.0,2576,,
nsc 693868,1,0,4,1842.0,0.0,,1842,,
chlorhexidine,3,0,4,1842.6666666666667,748.1578858918899,1909.0,2724,895.0,
BRD-K12238169,2,0,4,1844.0,80.0,1764.0,1924,,
iproniazide phosphate,2,0,4,1846.0,192.0,1654.0,2038,,
stock3s-04022,1,0,4,1846.0,0.0,,1846,,
thiothixene,2,0,4,1848.0,158.0,1690.0,2006,,
BRD-K48803730,3,0,4,1848.6666666666667,660.0739015864477,1913.0,2623,1010.0,
ncgc00183260-01,2,0,4,1850.0,158.0,1692.0,2008,,
probucol,1,0,4,1850.0,0.0,,1850,,
nonoxynol-9,3,0,4,1851.6666666666667,778.455879003785,2153.0,2618,784.0,
unc0321,3,0,4,1852.3333333333333,861.9398019712411,1732.0,2963,862.0,
chemistry 1735,3,0,4,1853.0,931.3821270921333,1966.0,2933,660.0,
s2004,2,0,4,1854.0,300.0,2154.0,1554,,
s1452,2,0,4,1855.0,103.0,1958.0,1752,,
BRD-K03857568,2,0,4,1855.5,788.5,1067.0,2644,,
structure possibly contains amino acid derivative which is not supported in current version!,2,0,4,1858.0,978.0,,2836,880.0,
BRD-K39829853,3,0,4,1858.3333333333333,733.8956934666458,1830.0,2771,974.0,
kn-62,3,0,4,1859.6666666666667,946.314018823679,2067.0,2901,611.0,
BRD-K62169556,2,0,4,1861.0,229.0,1632.0,2090,,
BRD-K86761848,3,0,4,1861.3333333333333,723.586591608465,2047.0,2640,897.0,
norgestrel,2,0,4,1862.5,830.5,1032.0,2693,,
BRD-K45232279,1,0,4,1863.0,0.0,,1863,,
methylergometrine maleate,1,0,4,1864.0,0.0,,1864,,
pkcbeta inhibitor,2,0,4,1864.0,160.0,1704.0,2024,,
t5715534,2,0,4,1866.5,556.5,1310.0,2423,,
mbcq,3,0,4,1867.3333333333333,727.5778690666419,1905.0,2739,958.0,
BRD-K34363599,3,0,4,1869.3333333333333,759.4227339821273,2042.0,2701,,865.0
arg-a1-2 brd-k39580048,3,0,4,1870.0,866.2897898509482,1833.0,2949,828.0,
methyl benzethonium chloride,3,0,4,1870.0,581.6361978648395,1896.0,2569,1145.0,
moclobemide,2,0,4,1870.0,282.0,1588.0,2152,,
t 0901317,2,0,4,1871.5,235.5,1636.0,2107,,
BRD-K51998148,2,0,4,1872.5,254.5,1618.0,2127,,
z-leu3-vs,2,0,4,1872.5,88.5,1784.0,1961,,
BRD-K88868628,3,0,4,1873.0,776.9174130283518,1513.0,2952,1154.0,
ncgc00229596-01,2,0,4,1876.0,233.0,1643.0,2109,,
ncgc00184716-01,3,0,4,1876.3333333333333,681.8760069755269,1793.0,2750,1086.0,
BRD-K77877933,3,0,4,1878.6666666666667,584.7542693777922,2120.0,2443,1073.0,
gr-109,2,0,4,1880.5,214.5,1666.0,2095,,
KIN001-266,3,0,4,1883.6666666666667,983.9682695877726,2149.0,2934,568.0,
SGI-1776,3,0,4,1884.3333333333333,684.3514366821253,1903.0,2713,1037.0,
BRD-K93578426,1,0,4,1885.0,0.0,,1885,,
ncgc00181918-02,1,0,4,1886.0,0.0,,1886,,
nobiletin,1,0,4,1887.0,0.0,,1887,,
ncgc00012508-02,3,0,4,1889.3333333333333,965.4816874953605,2091.0,2958,619.0,
ncgc00241726-01,2,0,4,1890.5,215.5,1675.0,2106,,
n-benzylnaltrindole hydrochloride,3,0,4,1891.3333333333333,794.4038995092834,2097.0,2745,832.0,
BRD-A68061604,3,0,4,1893.3333333333333,730.9725637046091,1994.0,2734,952.0,
BRD-A75409952 (wortmannin),3,0,4,1895.3333333333333,591.9917416841406,1904.0,2616,1166.0,
fu jmbii127b,2,0,4,1898.5,178.5,2077.0,1720,,
cerivastatin na,2,0,4,1900.0,279.0,1621.0,2179,,
BRD-K11758216,3,0,4,1901.3333333333333,670.5591365088956,2137.0,2579,988.0,
thimerosal,2,0,4,1901.5,212.5,2114.0,1689,,
srt-1720,3,0,4,1902.0,639.3934625877872,1888.0,2692,1126.0,
"l-701,324",2,0,4,1903.5,589.5,1314.0,2493,,
vu0404997-2,2,0,4,1904.0,151.0,2055.0,1753,,
BRD-K82384352,2,0,4,1905.0,493.0,1412.0,2398,,
oligomycin c,1,0,4,1905.0,0.0,,1905,,
pyrvinium pamoate,2,0,4,1908.0,223.0,1685.0,2131,,
at-csc-18 brd-k01121114,2,0,4,1909.5,333.5,1576.0,2243,,
psh 025,2,0,4,1909.5,192.5,1717.0,2102,,
clopidogrel,2,0,4,1911.0,150.0,1761.0,2061,,
BRD-K06020002,2,0,4,1911.5,289.5,1622.0,2201,,
bl-010,2,0,4,1912.0,385.0,1527.0,2297,,
arctigenin,2,0,4,1913.5,173.5,1740.0,2087,,
penitrem a,2,0,4,1914.0,81.0,1995.0,1833,,
api-2,3,0,4,1914.6666666666667,696.2644772083538,1891.0,2779,1074.0,
BRD-K60067222,2,0,4,1915.0,15.0,1930.0,1900,,
BRD-K44781077,3,0,4,1916.0,776.1962810183173,1935.0,2857,956.0,
digitoxigenin,3,0,4,1916.6666666666667,648.7343232959254,2009.0,2661,1080.0,
rifampicin,2,0,4,1917.5,21.5,1939.0,1896,,
BRD-K54687541,3,0,4,1917.6666666666667,600.0451834838958,2005.0,2605,1143.0,
BRD-K14704318,3,0,4,1918.3333333333333,856.5023188656421,1789.0,3026,940.0,
necrostatin-1,2,0,4,1920.0,225.0,2145.0,1695,,
fluvoxamine maleate,2,0,4,1920.5,659.5,1261.0,2580,,
bromocriptine mesylate,2,0,4,1921.0,5.0,1926.0,1916,,
BRD-K64314806,3,0,4,1921.3333333333333,617.4897210120631,1981.0,2646,1137.0,
BRD-K15592317,3,0,4,1921.6666666666667,567.3930638357231,2178.0,2452,1135.0,
n-formylmethionylalanine,2,0,4,1924.5,101.5,2026.0,1823,,
BRD-K72817452,3,0,4,1926.3333333333333,669.5592248304519,1892.0,2763,1124.0,
domperidone,1,0,4,1932.0,0.0,,1932,,
taxifolin-(+/-),2,0,4,1934.0,112.0,2046.0,1822,,
skf 86002 dihydrochloride,2,0,4,1935.5,230.5,1705.0,2166,,
ncgc00182353-01,2,0,4,1936.5,98.5,1838.0,2035,,
gp 2a,2,0,4,1938.0,671.0,1267.0,2609,,
BRD-K74029109,2,0,4,1938.5,31.5,1970.0,1907,,
mls-0435541.0001,2,0,4,1938.5,103.5,1835.0,2042,,
trequinsin hydrochloride,2,0,4,1938.5,288.5,1650.0,2227,,
clotrimazole,1,0,4,1939.0,0.0,,1939,,
BRD-K83691318,1,0,4,1940.0,0.0,,1940,,
BRD-K77987635,2,0,4,1942.5,688.5,1254.0,2631,,
BRD-K11558771,2,0,4,1944.0,148.0,1796.0,2092,,
bacampicillin hydrochloride,2,0,4,1946.5,804.5,,2751,1142.0,
BRD-K86574132,3,0,4,1950.3333333333333,628.6924703081962,2061.0,2659,1131.0,
BRD-A82628254,1,0,4,1952.0,0.0,,1952,,
tc 2559 difumarate,2,0,4,1952.0,116.0,1836.0,2068,,
BRD-K77547509,2,0,4,1953.0,301.0,1652.0,2254,,
mrs 1334,1,0,4,1956.0,0.0,,1956,,
bd 1047 dihydrobromide,1,0,4,1958.0,0.0,,1958,,
jnj 10191584 maleate,3,0,4,1958.6666666666667,690.988342078858,1984.0,2792,1100.0,
chlorphensin carbamate,2,0,4,1959.5,295.5,1664.0,2255,,
BRD-K56593336,2,0,4,1960.0,245.0,1715.0,2205,,
norethynodrel,2,0,4,1960.0,673.0,1287.0,2633,,
BRD-U82589721,3,0,4,1961.3333333333333,760.6599473848715,2056.0,2842,986.0,
BRD-K83509924,2,0,4,1962.0,232.0,1730.0,2194,,
cilnidipine,1,0,4,1962.0,0.0,,1962,,
enzastaurin,3,0,4,1964.3333333333333,619.5833725622045,2173.0,2597,1123.0,
rifapentine,3,0,4,1964.6666666666667,813.0044416989505,1989.0,2948,957.0,
BRD-A07614565,3,0,4,1966.0,756.5042410103638,2002.0,2874,1022.0,
mls-0315926 mls-0315926,1,0,4,1966.0,0.0,,1966,,
benzethonium chloride,3,0,4,1968.3333333333333,689.9436369894444,1965.0,2815,1125.0,
BRD-K73319509,3,0,4,1970.0,686.8774757310555,2011.0,2790,1109.0,
BRD-U37049823,1,0,4,1970.0,0.0,,1970,,
naproxol,3,0,4,1971.0,613.7952970385702,2087.0,2658,1168.0,
isoquercitrin,2,0,4,1971.5,177.5,1794.0,2149,,
gr 55562 dihydrochloride,1,0,4,1972.0,0.0,,1972,,
8-cpt-2-me-camp,2,0,4,1974.0,585.0,1389.0,2559,,
trap 101,1,0,4,1974.0,0.0,,1974,,
BRD-K47635719 (dexamethasone acetate),3,0,4,1974.3333333333333,728.9199011017755,1920.0,2893,1110.0,
BRD-K89692698,3,0,4,1975.3333333333333,723.7459652545375,1900.0,2897,1129.0,
BRD-K91701654,3,0,4,1976.6666666666667,721.3493528720247,2090.0,2798,1042.0,
BRD-A12409803,1,0,4,1978.0,0.0,,1978,,
dpn,1,0,4,1979.0,0.0,,1979,,
AST1306,2,0,4,1980.0,42.0,2022.0,1938,,
mls-0390982,2,0,4,1983.5,295.5,1688.0,2279,,
BRD-K60297835,1,0,4,1985.0,0.0,,1985,,
BRD-K88569143,2,0,4,1987.0,767.0,1220.0,2754,,
BRD-K00486725,2,0,4,1989.0,934.0,,2923,1055.0,
dup 697,2,0,4,1990.5,834.5,1156.0,2825,,
ub 165 fumarate,3,0,4,1990.6666666666667,805.4548749343786,1910.0,3015,1047.0,
molsidomine,1,0,4,1991.0,0.0,,1991,,
ethacrynic acid,2,0,4,1992.0,711.0,1281.0,2703,,
homosalate,2,0,4,1992.5,160.5,1832.0,2153,,
BRD-K90826279,3,0,4,1995.0,730.1839950770399,1868.0,2946,1171.0,
gw 311616 hydrochloride,1,0,4,1996.0,0.0,,1996,,
s1152,1,0,4,1997.0,0.0,,1997,,
5-azacytidine,3,0,4,1999.0,741.1194235749053,2020.0,2896,1081.0,
ncgc00183216-01,1,0,4,2000.0,0.0,,2000,,
bas 02859604,2,0,4,2002.0,318.0,1684.0,2320,,
dilazep dihydrochloride,3,0,4,2003.0,730.9614672926792,2027.0,2886,1096.0,
prl-3 inhibitor i,1,0,4,2003.0,0.0,,2003,,
fk506,1,0,4,2004.0,0.0,,2004,,
ncgc00185087-01,3,0,4,2007.3333333333333,654.3008142708944,2109.0,2753,1160.0,
bmy 45778,2,0,4,2007.5,422.5,1585.0,2430,,
"r(-)-2,10,11-trihydroxyaporphine",2,0,4,2008.0,377.0,1631.0,2385,,
stock1n-27488,3,0,4,2008.6666666666667,704.9833725383568,2115.0,2814,1097.0,
skf 81297 hydrobromide,1,0,4,2011.0,0.0,,2011,,
formoterol hemifumarate,1,0,4,2013.0,0.0,,2013,,
BRD-K89546934,1,0,4,2015.0,0.0,,2015,,
tetrindole mesylate,2,0,4,2015.5,32.5,2048.0,1983,,
ci 976,2,0,4,2016.0,168.0,1848.0,2184,,
psb 06126,1,0,4,2016.0,0.0,,2016,,
BRD-K10114046,2,0,4,2016.5,325.5,1691.0,2342,,
np-010914,2,0,4,2016.5,653.5,1363.0,2670,,
tpca-1,3,0,4,2016.6666666666667,722.9773317485287,1969.0,2925,1156.0,
quipazine dimaleate salt,1,0,4,2018.0,0.0,,2018,,
BRD-K69676861,2,0,4,2018.5,219.5,1799.0,2238,,
thioguanosine,3,0,4,2020.6666666666667,703.8239994645126,2024.0,2881,1157.0,
BRD-K98896788,1,0,4,2021.0,0.0,,2021,,
ethylestrenol,3,0,4,2021.3333333333333,743.1528928977012,1968.0,2957,1139.0,
olmesartan medoxomil,1,0,4,2022.0,0.0,,2022,,
qx 222,1,0,4,2025.0,0.0,,2025,,
rho-kinase inhibitor ii,2,0,4,2026.5,179.5,1847.0,2206,,
BRD-K02123250,1,0,4,2028.0,0.0,,2028,,
salsolinol hydrobromide,2,0,4,2028.5,720.5,1308.0,2749,,
BRD-K75329208,1,0,4,2031.0,0.0,,2031,,
ncgc00185984-01,1,0,4,2032.0,0.0,,2032,,
BRD-K05549170,2,0,4,2033.0,627.0,1406.0,2660,,
BRD-K51683034,2,0,4,2033.0,322.0,1711.0,2355,,
idoxuridine,2,0,4,2034.0,561.0,1473.0,2595,,
oxybenzone,2,0,4,2034.5,300.5,1734.0,2335,,
BRD-K46373671,2,0,4,2037.0,184.0,1853.0,2221,,
rhodomyrtoxin,1,0,4,2037.0,0.0,,2037,,
BRD-K72264770,2,0,4,2037.5,450.5,1587.0,2488,,
cc-100,2,0,4,2039.5,317.5,1722.0,2357,,
BRD-K79382620,1,0,4,2041.0,0.0,,2041,,
"tiratricol, 3,3',5-triiodothyroacetic acid",3,0,4,2043.3333333333333,782.0491601484455,2128.0,2956,1046.0,
aminolevulinic acid,2,0,4,2044.5,38.5,2006.0,2083,,
BRD-K69159985,2,0,4,2046.0,457.0,1589.0,2503,,
prozac,1,0,4,2046.0,0.0,,2046,,
BRD-K52911425,3,0,4,2048.0,689.4321334741127,2113.0,2858,1173.0,
carmofur,1,0,4,2048.0,0.0,,2048,,
rs 100329 hydrochloride,1,0,4,2050.0,0.0,,2050,,
s1481,2,0,4,2050.0,327.0,1723.0,2377,,
BRD-K79459005,2,0,4,2050.5,599.5,1451.0,2650,,
iodipamide,1,0,4,2051.0,0.0,,2051,,
sb 415286,2,0,4,2053.0,749.0,1304.0,2802,,
ic 261,2,0,4,2053.5,212.5,1841.0,2266,,
ncgc00181920-01,1,0,4,2056.0,0.0,,2056,,
ibrutinib,3,0,4,2056.3333333333335,846.0426834517406,2170.0,3031,968.0,
BRD-K64525051,2,0,4,2056.5,479.5,1577.0,2536,,
indole-3-carbinol,3,0,4,2056.6666666666665,767.2923533800891,2001.0,3023,1146.0,
gyki 52466 hydrochloride,1,0,4,2058.0,0.0,,2058,,
raclopride,2,0,4,2058.5,532.5,1526.0,2591,,
erk inhibitor 11e,2,0,4,2062.5,188.5,1874.0,2251,,
lupanine perchlorate,1,0,4,2063.0,0.0,,2063,,
"n,n-hexamethyleneamiloride",3,0,4,2063.3333333333335,720.8764726975689,2130.0,2911,1149.0,
gm6001,1,0,4,2064.0,0.0,,2064,,
purmorphamine,2,0,4,2066.5,567.5,1499.0,2634,,
ed csc 15,1,0,4,2067.0,0.0,,2067,,
nu 1025,2,0,4,2067.0,218.0,1849.0,2285,,
BRD-K59705555,2,0,4,2069.5,113.5,1956.0,2183,,
haloperidol,1,0,4,2070.0,0.0,,2070,,
flurofamide,3,0,4,2071.3333333333335,777.3117492715234,2076.0,3021,1117.0,
kirromycin,1,0,4,2072.0,0.0,,2072,,
BRD-K95760042,2,0,4,2073.5,157.5,1916.0,2231,,
vu0420364-1,2,0,4,2073.5,141.5,1932.0,2215,,
quinidine hydrochloride monohydrate,1,0,4,2074.0,0.0,,2074,,
erythrosine sodium,2,0,4,2075.0,590.0,1485.0,2665,,
t3205,2,0,4,2077.0,652.0,1425.0,2729,,
fk 888,1,0,4,2081.0,0.0,,2081,,
tcs 359,1,0,4,2082.0,0.0,,2082,,
BRD-K84106030,2,0,4,2082.5,929.5,,3012,1153.0,
zk 756326,2,0,4,2083.0,458.0,1625.0,2541,,
BRD-A75301702,2,0,4,2083.5,172.5,1911.0,2256,,
ncgc00182615-01,2,0,4,2084.5,349.5,1735.0,2434,,
BRD-K26300881,2,0,4,2085.0,457.0,1628.0,2542,,
mead acid (20:3 n-9),2,0,4,2085.0,691.0,1394.0,2776,,
CG-930,2,0,4,2085.5,752.5,1333.0,2838,,
BRD-K84091085,1,0,4,2086.0,0.0,,2086,,
fananserin,2,0,4,2086.5,358.5,1728.0,2445,,
BRD-A60784279,1,0,4,2088.0,0.0,,2088,,
indomethacin,1,0,4,2089.0,0.0,,2089,,
anafranil,2,0,4,2092.0,128.0,1964.0,2220,,
BRD-K23531129,1,0,4,2093.0,0.0,,2093,,
BRD-K28100108,2,0,4,2094.0,49.0,2045.0,2143,,
BRD-K14939371,3,0,4,2096.0,761.0466477161567,2168.0,2990,1130.0,
BRD-A45657137,1,0,4,2098.0,0.0,,2098,,
BRD-K67941506,1,0,4,2099.0,0.0,,2099,,
mls-0435555.0001,2,0,4,2099.5,340.5,1759.0,2440,,
BRD-K32827536,2,0,4,2100.0,349.0,1751.0,2449,,
BRD-U04166717,3,0,4,2101.0,756.5240687953468,2112.0,3022,1169.0,
BRD-K28115298,2,0,4,2102.0,331.0,1771.0,2433,,
vu0365117-1,2,0,4,2102.0,13.0,2089.0,2115,,
BRD-K96704748,1,0,4,2103.0,0.0,,2103,,
ivermectin,2,0,4,2103.5,362.5,1741.0,2466,,
pyrimethamine,2,0,4,2104.0,66.0,2038.0,2170,,
BRD-K93568044 (hydrocortisone),2,0,4,2104.5,309.5,1795.0,2414,,
HG-9-91-01,3,0,4,2106.3333333333335,783.7981599592815,2177.0,3029,1113.0,
meclocycline sulfosalicylate,3,0,4,2106.6666666666665,761.5363126966143,2161.0,3011,1148.0,
ncgc00242340-01,2,0,4,2107.5,39.5,2068.0,2147,,
mefloquine,1,0,4,2110.0,0.0,,2110,,
BRD-K01834163,2,0,4,2111.5,169.5,1942.0,2281,,
gr-207,2,0,4,2112.5,454.5,1658.0,2567,,
BRD-K11072542,2,0,4,2113.5,554.5,1559.0,2668,,
BRD-K58306044,3,0,4,2115.0,742.2250332614766,2176.0,2992,1177.0,
hydrocortisone valerate,2,0,4,2115.0,460.0,1655.0,2575,,
tiaprofenic acid,1,0,4,2117.0,0.0,,2117,,
BRD-K56111351,1,0,4,2120.0,0.0,,2120,,
acetylcysteine,1,0,4,2126.0,0.0,,2126,,
bl-009,2,0,4,2127.5,276.5,1851.0,2404,,
BRD-A67438293,1,0,4,2128.0,0.0,,2128,,
BRD-K41303952,1,0,4,2129.0,0.0,,2129,,
testosterone propionate,2,0,4,2132.0,312.0,1820.0,2444,,
BRD-K06623064,1,0,4,2133.0,0.0,,2133,,
BRD-K19885561,1,0,4,2134.0,0.0,,2134,,
tetrahydropalmatine,1,0,4,2136.0,0.0,,2136,,
mls-0106435.0004,2,0,4,2137.5,199.5,1938.0,2337,,
t5220758,2,0,4,2139.0,61.0,2078.0,2200,,
nafadotride,2,0,4,2139.5,509.5,1630.0,2649,,
daminozide,2,0,4,2140.5,337.5,1803.0,2478,,
imperatorin,1,0,4,2142.0,0.0,,2142,,
BRD-A32214171,2,0,4,2142.5,430.5,1712.0,2573,,
BRD-K92419424,1,0,4,2144.0,0.0,,2144,,
BRD-K43226598,1,0,4,2148.0,0.0,,2148,,
h-8,2,0,4,2148.0,735.0,1413.0,2883,,
BRD-K11671649,2,0,4,2149.0,128.0,2021.0,2277,,
BRD-K07395346,2,0,4,2149.5,532.5,1617.0,2682,,
BRD-K74690444,2,0,4,2150.0,132.0,2018.0,2282,,
s1176,2,0,4,2150.0,109.0,2041.0,2259,,
zoxazolamine,1,0,4,2150.0,0.0,,2150,,
azasetron,2,0,4,2150.5,42.5,2108.0,2193,,
BRD-K18163752,1,0,4,2151.0,0.0,,2151,,
lawsone,2,0,4,2151.0,597.0,1554.0,2748,,
BRD-K31491153,2,0,4,2151.5,408.5,1743.0,2560,,
norethindrone,2,0,4,2154.0,416.0,1738.0,2570,,
BRD-K23217072,1,0,4,2156.0,0.0,,2156,,
ei-195,2,0,4,2156.0,53.0,2103.0,2209,,
vincristine,2,0,4,2158.0,327.0,1831.0,2485,,
BRD-A06641369,2,0,4,2160.0,347.0,1813.0,2507,,
ncgc00182361-01,1,0,4,2161.0,0.0,,2161,,
BRD-K60093216,1,0,4,2162.0,0.0,,2162,,
altrenogest,2,0,4,2162.0,187.0,1975.0,2349,,
pz0013,2,0,4,2163.0,427.0,1736.0,2590,,
BRD-K63326650,2,0,4,2166.0,703.0,1463.0,2869,,
src kinase inhibitor ii,2,0,4,2166.0,704.0,1462.0,2870,,
dppe fumarate,1,0,4,2168.0,0.0,,2168,,
ter14687,2,0,4,2169.0,507.0,1662.0,2676,,
"l-733,060 hydrochloride",1,0,4,2172.0,0.0,,2172,,
BRD-K46692335,1,0,4,2174.0,0.0,,2174,,
benzoxiquine,2,0,4,2175.5,738.5,1437.0,2914,,
diloxanide furoate,1,0,4,2178.0,0.0,,2178,,
pronethalol hydrochloride,1,0,4,2180.0,0.0,,2180,,
ncgc00182390-01,2,0,4,2180.5,513.5,1667.0,2694,,
BRD-K31688005,1,0,4,2182.0,0.0,,2182,,
p1075,2,0,4,2183.5,666.5,1517.0,2850,,
rhc 80267,2,0,4,2184.0,485.0,1699.0,2669,,
clebopride maleate,2,0,4,2185.0,228.0,1957.0,2413,,
rizatriptan benzoate,2,0,4,2185.0,526.0,1659.0,2711,,
sertaconazole nitrate,1,0,4,2185.0,0.0,,2185,,
todralazine hydrochloride,2,0,4,2186.5,86.5,2100.0,2273,,
BRD-A76641868,2,0,4,2187.0,737.0,1450.0,2924,,
riluzole hydrochloride,2,0,4,2187.5,584.5,1603.0,2772,,
tretinoin,2,0,4,2187.5,539.5,1648.0,2727,,
vu0402605,1,0,4,2190.0,0.0,,2190,,
BRD-K54822214,2,0,4,2191.0,514.0,1677.0,2705,,
BRD-K71172276,2,0,4,2194.0,300.0,1894.0,2494,,
icilin,2,0,4,2197.5,223.5,1974.0,2421,,
BRD-K78549347,1,0,4,2199.0,0.0,,2199,,
dcpib,2,0,4,2199.5,519.5,1680.0,2719,,
BRD-K20112532,1,0,4,2203.0,0.0,,2203,,
BRD-K02174945,2,0,4,2206.5,481.5,1725.0,2688,,
bendroflumethiazide,2,0,4,2207.0,688.0,1519.0,2895,,
praziquantel,2,0,4,2208.5,434.5,1774.0,2643,,
thioproperazine dimesylate,1,0,4,2210.0,0.0,,2210,,
isoeugenitol,2,0,4,2215.0,437.0,1778.0,2652,,
pd 98059,2,0,4,2217.5,335.5,1882.0,2553,,
BRD-K74797618,2,0,4,2220.0,392.0,1828.0,2612,,
chloroquine diphosphate,2,0,4,2220.5,430.5,1790.0,2651,,
raltitrexed,2,0,4,2220.5,146.5,2074.0,2367,,
BRD-K37021324,1,0,4,2222.0,0.0,,2222,,
BRD-K94580036,2,0,4,2222.0,360.0,1862.0,2582,,
cgs 12066b,1,0,4,2223.0,0.0,,2223,,
BRD-K57678861,1,0,4,2224.0,0.0,,2224,,
BRD-K76236182,1,0,4,2225.0,0.0,,2225,,
gavestinel,1,0,4,2226.0,0.0,,2226,,
stock3s-32439,2,0,4,2227.5,361.5,1866.0,2589,,
ei-335,1,0,4,2228.0,0.0,,2228,,
BRD-K02558072,1,0,4,2229.0,0.0,,2229,,
estradiol cypionate,1,0,4,2230.0,0.0,,2230,,
"9-amino-1,2,3,4-tetrahydroacridine",1,0,4,2232.0,0.0,,2232,,
nicotine ditartrate,2,0,4,2232.0,222.0,2010.0,2454,,
BRD-K41845021,1,0,4,2237.0,0.0,,2237,,
ncgc00180992-01,1,0,4,2239.0,0.0,,2239,,
wr 216174,2,0,4,2239.5,354.5,1885.0,2594,,
inca-6,1,0,4,2241.0,0.0,,2241,,
zk 164015,2,0,4,2243.5,178.5,2065.0,2422,,
hy-10161,2,0,4,2249.0,389.0,1860.0,2638,,
BRD-K17025677,2,0,4,2251.0,144.0,2107.0,2395,,
GSK-J2,2,0,4,2251.0,254.0,1997.0,2505,,
BRD-A18725729,2,0,4,2252.0,177.0,2075.0,2429,,
BRD-K16290432,2,0,4,2253.0,373.0,1880.0,2626,,
balsalazide,2,0,4,2254.0,263.0,1991.0,2517,,
BRD-A43640821,1,0,4,2257.0,0.0,,2257,,
BRD-K70917163,2,0,4,2257.5,258.5,1999.0,2516,,
indirubin-3-oxime,2,0,4,2258.5,322.5,1936.0,2581,,
BRD-K42499654,2,0,4,2260.5,508.5,1752.0,2769,,
ncgc00188531-01,1,0,4,2261.0,0.0,,2261,,
BRD-K19166598,2,0,4,2262.5,531.5,1731.0,2794,,
BRD-K94173926,2,0,4,2264.0,458.0,1806.0,2722,,
psh 013,2,0,4,2268.5,334.5,1934.0,2603,,
BRD-K85660637,2,0,4,2269.0,572.0,1697.0,2841,,
mrs 1845,1,0,4,2270.0,0.0,,2270,,
deguelin(-),2,0,4,2270.5,258.5,2012.0,2529,,
hy-11068,2,0,4,2270.5,333.5,1937.0,2604,,
BRD-K32112425,1,0,4,2271.0,0.0,,2271,,
acetopromazine maleate salt,2,0,4,2271.0,291.0,1980.0,2562,,
oxymetholone,2,0,4,2271.5,275.5,1996.0,2547,,
t5715535,2,0,4,2271.5,243.5,2028.0,2515,,
vu0415555-1,2,0,4,2271.5,417.5,1854.0,2689,,
mls-0226420,1,0,4,2272.0,0.0,,2272,,
BRD-K22546959,1,0,4,2276.0,0.0,,2276,,
"ici-185,282",2,0,4,2276.0,224.0,2052.0,2500,,
BRD-K48204702,1,0,4,2278.0,0.0,,2278,,
jas07 003,1,0,4,2283.0,0.0,,2283,,
BRD-K22988559,1,0,4,2284.0,0.0,,2284,,
verapamil hydrochloride,1,0,4,2287.0,0.0,,2287,,
ly-294002,2,0,4,2288.0,535.0,1753.0,2823,,
ncgc00185684-02,2,0,4,2288.0,419.0,1869.0,2707,,
hy-11007,1,0,4,2290.0,0.0,,2290,,
linolenic acid (18:3 n-3),2,0,4,2290.5,489.5,1801.0,2780,,
axon1408,1,0,4,2291.0,0.0,,2291,,
honokiol,1,0,4,2292.0,0.0,,2292,,
ncgc00012852-02,2,0,4,2292.0,394.0,1898.0,2686,,
BRD-K58853583,2,0,4,2293.0,586.0,1707.0,2879,,
ALW-II-38-3,2,0,4,2294.0,647.0,1647.0,2941,,
BRD-K33164466,1,0,4,2294.0,0.0,,2294,,
dephostatin,1,0,4,2295.0,0.0,,2295,,
c3393m50,2,0,4,2297.0,440.0,1857.0,2737,,
cortisol acetate,2,0,4,2300.0,466.0,1834.0,2766,,
ncgc00182608-01,2,0,4,2300.0,674.0,1626.0,2974,,
hy-13001,1,0,4,2302.0,0.0,,2302,,
ag 555,1,0,4,2303.0,0.0,,2303,,
km00799,1,0,4,2304.0,0.0,,2304,,
losartan potassium,2,0,4,2304.0,274.0,2030.0,2578,,
BRD-K16947188,1,0,4,2305.0,0.0,,2305,,
alprazolam,2,0,4,2306.0,324.0,1982.0,2630,,
f4679,2,0,4,2307.5,470.5,1837.0,2778,,
BRD-K98731749,1,0,4,2309.0,0.0,,2309,,
12k-612s,2,0,4,2311.0,444.0,1867.0,2755,,
BRD-K05977823,1,0,4,2312.0,0.0,,2312,,
venlafaxine hcl,2,0,4,2312.0,500.0,1812.0,2812,,
meptazinol hydrochloride,1,0,4,2314.0,0.0,,2314,,
BRD-K22215695,1,0,4,2315.0,0.0,,2315,,
BRD-K17773477,1,0,4,2316.0,0.0,,2316,,
"l-741,626",2,0,4,2317.0,472.0,1845.0,2789,,
ncgc00188012-01,1,0,4,2317.0,0.0,,2317,,
BRD-K57836103,1,0,4,2318.0,0.0,,2318,,
cmpd-1,2,0,4,2320.0,214.0,2106.0,2534,,
ebselen,1,0,4,2321.0,0.0,,2321,,
mls-0454339.0002,2,0,4,2321.0,370.0,1951.0,2691,,
BRD-K73125384,2,0,4,2323.0,480.0,1843.0,2803,,
qs 11,1,0,4,2325.0,0.0,,2325,,
BRD-K72451865,2,0,4,2328.5,209.5,2119.0,2538,,
mls-0425600,2,0,4,2329.0,448.0,1881.0,2777,,
ikk inhibitor x,2,0,4,2330.0,179.0,2151.0,2509,,
BRD-K20492338,2,0,4,2331.5,586.5,1745.0,2918,,
cinanserin,1,0,4,2332.0,0.0,,2332,,
o-1918,2,0,4,2333.5,566.5,1767.0,2900,,
valproic acid,1,0,4,2336.0,0.0,,2336,,
2-fluoropalmitic acid,2,0,4,2337.0,308.0,2029.0,2645,,
carbidopa,2,0,4,2337.5,397.5,1940.0,2735,,
ricinine,1,0,4,2338.0,0.0,,2338,,
"na-tosyl-lys chloromethyl ketone, hydrochloride",2,0,4,2341.5,422.5,1919.0,2764,,
BRD-K64304398,1,0,4,2343.0,0.0,,2343,,
stk661558,1,0,4,2345.0,0.0,,2345,,
fu jmbii227b,2,0,4,2346.5,181.5,2165.0,2528,,
levodopa,2,0,4,2349.5,376.5,1973.0,2726,,
BRD-K24859147,1,0,4,2351.0,0.0,,2351,,
paroxetine,2,0,4,2352.0,303.0,2049.0,2655,,
guanabenz acetate,2,0,4,2360.0,579.0,1781.0,2939,,
BRD-K61105081,1,0,4,2362.0,0.0,,2362,,
BRD-K89558221,2,0,4,2362.0,489.0,1873.0,2851,,
kuc103672 kuc103672n,1,0,4,2366.0,0.0,,2366,,
methoxy-6-harmalan,2,0,4,2366.0,444.0,1922.0,2810,,
estriol,2,0,4,2368.5,460.5,1908.0,2829,,
BRD-A68739437,1,0,4,2371.0,0.0,,2371,,
mls-0435556.0001,1,0,4,2372.0,0.0,,2372,,
gabexate mesylate,2,0,4,2372.5,339.5,2033.0,2712,,
thyroxine (l),2,0,4,2375.0,531.0,1844.0,2906,,
BRD-K15467014,1,0,4,2376.0,0.0,,2376,,
"l-732,138",2,0,4,2377.5,620.5,1757.0,2998,,
mammea a/ba + a/bb,2,0,4,2377.5,275.5,2102.0,2653,,
loteprednol,2,0,4,2378.0,242.0,2136.0,2620,,
gw 7647,2,0,4,2380.0,433.0,1947.0,2813,,
BRD-K42021584,2,0,4,2385.5,506.5,1879.0,2892,,
BRD-K53987746,1,0,4,2387.0,0.0,,2387,,
ca-074-me,2,0,4,2390.5,383.5,2007.0,2774,,
BRD-K00954209,2,0,4,2393.5,376.5,2017.0,2770,,
vinorelbine,2,0,4,2395.0,252.0,2143.0,2647,,
glycopyrrolate,1,0,4,2397.0,0.0,,2397,,
fr 139317,2,0,4,2399.0,243.0,2156.0,2642,,
s-250,1,0,4,2399.0,0.0,,2399,,
gliquidone,1,0,4,2400.0,0.0,,2400,,
ct-incb,1,0,4,2401.0,0.0,,2401,,
BRD-K70871370,2,0,4,2402.0,281.0,2121.0,2683,,
BRD-K91677732,1,0,4,2402.0,0.0,,2402,,
ei-273,1,0,4,2407.0,0.0,,2407,,
BRD-K28789065,1,0,4,2408.0,0.0,,2408,,
halometasone,2,0,4,2409.0,338.0,2071.0,2747,,
lenalidomide,2,0,4,2415.0,396.0,2019.0,2811,,
rolipram,1,0,4,2417.0,0.0,,2417,,
BRD-K70251741,1,0,4,2419.0,0.0,,2419,,
psb 11,1,0,4,2420.0,0.0,,2420,,
duremesin,2,0,4,2421.0,396.0,2025.0,2817,,
terbutaline,2,0,4,2423.0,363.0,2060.0,2786,,
cisapride,1,0,4,2424.0,0.0,,2424,,
ethyl-beta-carboline-3-carboxylate,1,0,4,2428.0,0.0,,2428,,
BRD-K89009594,2,0,4,2430.5,442.5,1988.0,2873,,
hemicholinium bromide,2,0,4,2431.0,336.0,2095.0,2767,,
t0516-4420,2,0,4,2431.0,553.0,1878.0,2984,,
guggulsterone,2,0,4,2431.5,446.5,1985.0,2878,,
fenoterol hydrobromide,2,0,4,2432.0,298.0,2134.0,2730,,
nbi 27914 hydrochloride,1,0,4,2432.0,0.0,,2432,,
BRD-K91355947,2,0,4,2433.0,397.0,2036.0,2830,,
BRD-K30647638,1,0,4,2437.0,0.0,,2437,,
BRD-K43782924,2,0,4,2437.5,422.5,2015.0,2860,,
ncgc00182388-01,2,0,4,2438.0,359.0,2079.0,2797,,
piribedil dihydrochloride,1,0,4,2439.0,0.0,,2439,,
cam-9-021 brd-k05563014,2,0,4,2444.5,482.5,1962.0,2927,,
itraconazole,2,0,4,2444.5,444.5,2000.0,2889,,
ncgc00242279-01,2,0,4,2445.5,372.5,2073.0,2818,,
BRD-K52800308,1,0,4,2447.0,0.0,,2447,,
BRD-A84909344,1,0,4,2451.0,0.0,,2451,,
BRD-K75430629,2,0,4,2454.5,366.5,2088.0,2821,,
BRD-K21165668,1,0,4,2455.0,0.0,,2455,,
BRD-U88878891,2,0,4,2455.5,351.5,2104.0,2807,,
BRD-K82594686,1,0,4,2456.0,0.0,,2456,,
gemfibrozil,1,0,4,2457.0,0.0,,2457,,
BRD-K78167523,1,0,4,2458.0,0.0,,2458,,
ncgc00182554-02,2,0,4,2458.0,543.0,1915.0,3001,,
BRD-A45664787,2,0,4,2460.0,406.0,2054.0,2866,,
tibolone,1,0,4,2462.0,0.0,,2462,,
triprolidine hydrochloride,2,0,4,2463.0,480.0,1983.0,2943,,
deacetoxy-7-oxisogedunin,1,0,4,2464.0,0.0,,2464,,
BRD-K16472144,2,0,4,2466.5,342.5,2124.0,2809,,
ftorafur,2,0,4,2466.5,361.5,2105.0,2828,,
sr 57227 hydrochloride,2,0,4,2468.0,417.0,2051.0,2885,,
kuc103885 kuc103885n,1,0,4,2470.0,0.0,,2470,,
BRD-K66426634,2,0,4,2472.5,354.5,2118.0,2827,,
r 59-022,1,0,4,2473.0,0.0,,2473,,
aceclidine hydrochloride,1,0,4,2475.0,0.0,,2475,,
BRD-K69501658,2,0,4,2476.5,414.5,2062.0,2891,,
BRD-K33116223,1,0,4,2481.0,0.0,,2481,,
arg-csc-91,2,0,4,2481.5,395.5,2086.0,2877,,
s1093,1,0,4,2482.0,0.0,,2482,,
escitalopram oxalate,2,0,4,2483.0,361.0,2122.0,2844,,
ncgc00182607-01,1,0,4,2484.0,0.0,,2484,,
u 99194 maleate,1,0,4,2486.0,0.0,,2486,,
w-13 hydrochloride,1,0,4,2487.0,0.0,,2487,,
oxprenolol hydrochloride,2,0,4,2487.5,377.5,2110.0,2865,,
bisindolylmaleimide iv,2,0,4,2489.5,362.5,2127.0,2852,,
amlodipine base,1,0,4,2490.0,0.0,,2490,,
BRD-K73418978,1,0,4,2495.0,0.0,,2495,,
beta-escin,2,0,4,2496.5,483.5,2013.0,2980,,
doxepin hydrochloride,2,0,4,2497.0,366.0,2131.0,2863,,
dmeob,1,0,4,2498.0,0.0,,2498,,
vatalanib,1,0,4,2499.0,0.0,,2499,,
s1174,2,0,4,2502.0,417.0,2085.0,2919,,
cytosporone b,1,0,4,2504.0,0.0,,2504,,
jnj 16259685,2,0,4,2504.0,352.0,2152.0,2856,,
ranitidine,2,0,4,2507.0,341.0,2166.0,2848,,
BRD-K73155123,1,0,4,2508.0,0.0,,2508,,
BRD-A89907244,1,0,4,2510.0,0.0,,2510,,
BRD-K59488055,1,0,4,2511.0,0.0,,2511,,
milrinone,2,0,4,2511.0,439.0,2072.0,2950,,
nrb 03823,2,0,4,2511.0,427.0,2084.0,2938,,
alfacalcidol,2,0,4,2511.5,370.5,2141.0,2882,,
BRD-K05326558,2,0,4,2514.0,416.0,2098.0,2930,,
alfaxalone,1,0,4,2514.0,0.0,,2514,,
amodiaquin dihydrochloride dihydrate,2,0,4,2515.5,484.5,2031.0,3000,,
BRD-K44241590,2,0,4,2516.0,393.0,2123.0,2909,,
BRD-K83194053,2,0,4,2516.0,387.0,2129.0,2903,,
pindolol,2,0,4,2517.5,392.5,2125.0,2910,,
BRD-K79251086,1,0,4,2518.0,0.0,,2518,,
BRD-K79390395,2,0,4,2520.0,450.0,2070.0,2970,,
BRD-A24054354,1,0,4,2521.0,0.0,,2521,,
clonidine hydrochloride,2,0,4,2522.0,463.0,2059.0,2985,,
apigenin triacetate,2,0,4,2525.5,467.5,2058.0,2993,,
BRD-K90430314,2,0,4,2526.0,445.0,2081.0,2971,,
bongkrekic acid,1,0,4,2530.0,0.0,,2530,,
haloprogin,2,0,4,2532.5,492.5,2040.0,3025,,
pd 123319 ditrifluoroacetate,1,0,4,2533.0,0.0,,2533,,
BRD-K37393297,1,0,4,2535.0,0.0,,2535,,
mirtazapine,2,0,4,2537.0,493.0,2044.0,3030,,
lanatoside c,2,0,4,2537.5,441.5,2096.0,2979,,
"androsta-1,4-dien-3,17-dione",1,0,4,2540.0,0.0,,2540,,
idelalisib,2,0,4,2541.0,425.0,2116.0,2966,,
ami-193,1,0,4,2544.0,0.0,,2544,,
BRD-K32568627,2,0,4,2545.5,385.5,2160.0,2931,,
moban,1,0,4,2546.0,0.0,,2546,,
EX-527,2,0,4,2549.0,387.0,2162.0,2936,,
BRD-K76938712,1,0,4,2551.0,0.0,,2551,,
BRD-K15916856,2,0,4,2551.5,457.5,2094.0,3009,,
cimaterol,2,0,4,2551.5,434.5,2117.0,2986,,
ys-035 hydrochloride,1,0,4,2556.0,0.0,,2556,,
BRD-K96274284,2,0,4,2556.5,424.5,2132.0,2981,,
erythromycin ethylsuccinate,2,0,4,2556.5,397.5,2159.0,2954,,
mls-0425618,1,0,4,2557.0,0.0,,2557,,
BRD-K57309821,1,0,4,2558.0,0.0,,2558,,
BRD-K05520923,2,0,4,2559.0,419.0,2140.0,2978,,
"ly-163,502",1,0,4,2561.0,0.0,,2561,,
BRD-K75308990,2,0,4,2563.5,424.5,2139.0,2988,,
methazolamide,1,0,4,2564.0,0.0,,2564,,
leflunomide,2,0,4,2565.0,394.0,2171.0,2959,,
D-4476,1,0,4,2566.0,0.0,,2566,,
s1458,2,0,4,2566.5,465.5,2101.0,3032,,
butamben,2,0,4,2567.5,423.5,2144.0,2991,,
BRD-K76079827,2,0,4,2569.5,405.5,2164.0,2975,,
BRD-K12621773,2,0,4,2570.0,444.0,2126.0,3014,,
BRD-K22322324,2,0,4,2570.5,437.5,2133.0,3008,,
BRD-K58900438,1,0,4,2571.0,0.0,,2571,,
tipifarnib-p1,2,0,4,2573.0,416.0,2157.0,2989,,
stock2s-84516,2,0,4,2574.0,436.0,2138.0,3010,,
BRD-K19922318,2,0,4,2574.5,432.5,2142.0,3007,,
km03472sc,1,0,4,2577.0,0.0,,2577,,
cgp 7930,2,0,4,2581.5,435.5,2146.0,3017,,
zm 306416 hydrochloride,2,0,4,2581.5,446.5,2135.0,3028,,
e933505,1,0,4,2584.0,0.0,,2584,,
BRD-K03814443,1,0,4,2585.0,0.0,,2585,,
BRD-K06592610,1,0,4,2587.0,0.0,,2587,,
bms 191011,2,0,4,2590.5,443.5,2147.0,3034,,
cgs 20625,2,0,4,2591.0,433.0,2158.0,3024,,
BRD-K09186807,1,0,4,2593.0,0.0,,2593,,
thiazolopyrimidine,2,0,4,2595.5,420.5,2175.0,3016,,
gatifloxacin,1,0,4,2596.0,0.0,,2596,,
tyrphostin-AG-1478,2,0,4,2598.0,429.0,2169.0,3027,,
mls-0435526.0001,1,0,4,2606.0,0.0,,2606,,
c247,1,0,4,2607.0,0.0,,2607,,
doramapimod,2,0,4,2607.0,428.0,2179.0,3035,,
mls-0315852.0002,1,0,4,2608.0,0.0,,2608,,
paxilline,1,0,4,2610.0,0.0,,2610,,
tubocurarine chloride,1,0,4,2613.0,0.0,,2613,,
fluphenazine dihydrochloride,1,0,4,2615.0,0.0,,2615,,
nbqx disodium salt,1,0,4,2624.0,0.0,,2624,,
oxandrolone,1,0,4,2627.0,0.0,,2627,,
s1173,1,0,4,2635.0,0.0,,2635,,
BRD-K32836707,1,0,4,2637.0,0.0,,2637,,
ncgc00181375-01,1,0,4,2639.0,0.0,,2639,,
nemonapride,1,0,4,2641.0,0.0,,2641,,
carbinoxamine maleate,1,0,4,2648.0,0.0,,2648,,
mls-0390876,1,0,4,2657.0,0.0,,2657,,
adenosine 5'-monophosphate monohydrate,1,0,4,2662.0,0.0,,2662,,
g-221,1,0,4,2666.0,0.0,,2666,,
s2001,1,0,4,2671.0,0.0,,2671,,
BRD-K74155249,1,0,4,2674.0,0.0,,2674,,
az 10417808,1,0,4,2675.0,0.0,,2675,,
BRD-K69406317,1,0,4,2677.0,0.0,,2677,,
BRD-K41924482,1,0,4,2678.0,0.0,,2678,,
BRD-K67619794,1,0,4,2679.0,0.0,,2679,,
bl-051,1,0,4,2680.0,0.0,,2680,,
lumicolchicine gamma,1,0,4,2695.0,0.0,,2695,,
buspar,1,0,4,2697.0,0.0,,2697,,
ns3694,1,0,4,2699.0,0.0,,2699,,
amyleine hydrochloride,1,0,4,2702.0,0.0,,2702,,
BRD-K73285375,1,0,4,2704.0,0.0,,2704,,
gangleoidin acetate,1,0,4,2706.0,0.0,,2706,,
BRD-K63368502,1,0,4,2708.0,0.0,,2708,,
dehydroisoandosterone 3-acetate,1,0,4,2715.0,0.0,,2715,,
rofecoxib,1,0,4,2716.0,0.0,,2716,,
BRD-K26849279,1,0,4,2717.0,0.0,,2717,,
tramadol,1,0,4,2718.0,0.0,,2718,,
l 755507,1,0,4,2721.0,0.0,,2721,,
sp 600125,1,0,4,2725.0,0.0,,2725,,
cpccoet,1,0,4,2728.0,0.0,,2728,,
clofibrate,1,0,4,2731.0,0.0,,2731,,
n-[2-(piperidinylamino)ethyl]-4-iodobenzamide,1,0,4,2738.0,0.0,,2738,,
BRD-K61175124,1,0,4,2740.0,0.0,,2740,,
BRD-K04676863,1,0,4,2741.0,0.0,,2741,,
BRD-K98426715,1,0,4,2742.0,0.0,,2742,,
dfb,1,0,4,2743.0,0.0,,2743,,
s1035,1,0,4,2752.0,0.0,,2752,,
ly 225910,1,0,4,2757.0,0.0,,2757,,
ncgc00188700-01,1,0,4,2758.0,0.0,,2758,,
BRD-K19593010,1,0,4,2761.0,0.0,,2761,,
sr 49059,1,0,4,2762.0,0.0,,2762,,
ncgc00241071-01,1,0,4,2765.0,0.0,,2765,,
carvedilol,1,0,4,2768.0,0.0,,2768,,
cgs 9343b,1,0,4,2773.0,0.0,,2773,,
nicergoline,1,0,4,2775.0,0.0,,2775,,
BRD-A90643929,1,0,4,2784.0,0.0,,2784,,
sc-68376,1,0,4,2785.0,0.0,,2785,,
BRD-K61359235,1,0,4,2787.0,0.0,,2787,,
embelin,1,0,4,2788.0,0.0,,2788,,
BRD-A12083771,1,0,4,2791.0,0.0,,2791,,
BRD-K86901264,1,0,4,2793.0,0.0,,2793,,
n-acetyl-dl-homocysteine thiolactone,1,0,4,2795.0,0.0,,2795,,
st4062971,1,0,4,2796.0,0.0,,2796,,
raf1 kinase inhibitor i,1,0,4,2799.0,0.0,,2799,,
stock1s-03920,1,0,4,2804.0,0.0,,2804,,
BRD-K94841585,1,0,4,2805.0,0.0,,2805,,
primidone,1,0,4,2806.0,0.0,,2806,,
BRD-K64366758,1,0,4,2816.0,0.0,,2816,,
cp 93129 dihydrochloride,1,0,4,2822.0,0.0,,2822,,
BRD-K73315009,1,0,4,2826.0,0.0,,2826,,
BRD-A86792397,1,0,4,2831.0,0.0,,2831,,
BRD-K67742177,1,0,4,2832.0,0.0,,2832,,
folinic acid calcium salt,1,0,4,2833.0,0.0,,2833,,
butoconazole,1,0,4,2834.0,0.0,,2834,,
ag 556,1,0,4,2839.0,0.0,,2839,,
ttnpb,1,0,4,2843.0,0.0,,2843,,
fentiazac,1,0,4,2845.0,0.0,,2845,,
BRD-K01806521,1,0,4,2846.0,0.0,,2846,,
phentolamine hydrochloride,1,0,4,2849.0,0.0,,2849,,
heat hydrochloride,1,0,4,2853.0,0.0,,2853,,
BRD-K67847053 (guanabenz acetate),1,0,4,2854.0,0.0,,2854,,
gsk2334470,1,0,4,2855.0,0.0,,2855,,
i-ome-ag 538,1,0,4,2862.0,0.0,,2862,,
ncgc00242364-01,1,0,4,2867.0,0.0,,2867,,
"dibutyryl-camp, sodium salt",1,0,4,2868.0,0.0,,2868,,
BRD-K32238524,1,0,4,2871.0,0.0,,2871,,
BRD-K23582869,1,0,4,2872.0,0.0,,2872,,
BRD-A11929187,1,0,4,2875.0,0.0,,2875,,
AGK-2,1,0,4,2880.0,0.0,,2880,,
BRD-K61413806,1,0,4,2884.0,0.0,,2884,,
fluconazole,1,0,4,2888.0,0.0,,2888,,
droperidol,1,0,4,2890.0,0.0,,2890,,
epibatidine (+/-),1,0,4,2894.0,0.0,,2894,,
ncgc00182327-02,1,0,4,2898.0,0.0,,2898,,
BRD-K09460252,1,0,4,2899.0,0.0,,2899,,
BRD-K71489689,1,0,4,2902.0,0.0,,2902,,
halofantrine hydrochloride,1,0,4,2904.0,0.0,,2904,,
BRD-K20168484,1,0,4,2905.0,0.0,,2905,,
d163-0113,1,0,4,2908.0,0.0,,2908,,
BRD-K99582188,1,0,4,2912.0,0.0,,2912,,
BRD-K21773564,1,0,4,2913.0,0.0,,2913,,
BRD-K41429297,1,0,4,2915.0,0.0,,2915,,
dihydrosamidin,1,0,4,2916.0,0.0,,2916,,
BRD-K71199328,1,0,4,2920.0,0.0,,2920,,
BRD-K25979535,1,0,4,2921.0,0.0,,2921,,
mls-0391006,1,0,4,2922.0,0.0,,2922,,
psh 024,1,0,4,2926.0,0.0,,2926,,
l469480,1,0,4,2929.0,0.0,,2929,,
ribavirin,1,0,4,2932.0,0.0,,2932,,
mianserine hydrochloride,1,0,4,2935.0,0.0,,2935,,
BRD-K24102129,1,0,4,2937.0,0.0,,2937,,
bjm-csc-19 brd-k92817986,1,0,4,2940.0,0.0,,2940,,
ncgc00181799-01,1,0,4,2942.0,0.0,,2942,,
BRD-A74983348,1,0,4,2945.0,0.0,,2945,,
BRD-K71835137,1,0,4,2947.0,0.0,,2947,,
"4-(3,4-dimethoxyphenyl)pyridine hydrobromide wg-7",1,0,4,2951.0,0.0,,2951,,
tinidazole,1,0,4,2953.0,0.0,,2953,,
t0513-6584,1,0,4,2955.0,0.0,,2955,,
hy-10344,1,0,4,2960.0,0.0,,2960,,
pregnenolone succinate,1,0,4,2961.0,0.0,,2961,,
BRD-K25150581,1,0,4,2962.0,0.0,,2962,,
mls-0359128.0001,1,0,4,2964.0,0.0,,2964,,
BRD-K32101742,1,0,4,2965.0,0.0,,2965,,
liothyronine,1,0,4,2967.0,0.0,,2967,,
BRD-K74980345,1,0,4,2968.0,0.0,,2968,,
htmt dimaleate,1,0,4,2969.0,0.0,,2969,,
BRD-K71599932,1,0,4,2972.0,0.0,,2972,,
st019366,1,0,4,2973.0,0.0,,2973,,
BRD-K91913968,1,0,4,2976.0,0.0,,2976,,
OSI-930,1,0,4,2977.0,0.0,,2977,,
BRD-K97629076,1,0,4,2982.0,0.0,,2982,,
gr-206,1,0,4,2983.0,0.0,,2983,,
BRD-K51155404,1,0,4,2987.0,0.0,,2987,,
BRD-K82492171,1,0,4,2994.0,0.0,,2994,,
dmab-anabaseine dihydrochloride,1,0,4,2995.0,0.0,,2995,,
alfuzosin hydrochloride,1,0,4,2996.0,0.0,,2996,,
BRD-K46499837,1,0,4,2997.0,0.0,,2997,,
meprylcaine hydrochloride,1,0,4,2999.0,0.0,,2999,,
BRD-K76357752,1,0,4,3002.0,0.0,,3002,,
cjd-pla-49-3,1,0,4,3003.0,0.0,,3003,,
probenecid,1,0,4,3005.0,0.0,,3005,,
buddleoflavonoloside,1,0,4,3006.0,0.0,,3006,,
ncgc00012821-02,1,0,4,3013.0,0.0,,3013,,
ncgc00165193-01,1,0,4,3018.0,0.0,,3018,,
BRD-K34495954,1,0,4,3019.0,0.0,,3019,,
risperidone,1,0,4,3020.0,0.0,,3020,,
jzl-184,1,0,4,3033.0,0.0,,3033,,
