compound,score,supporting_contexts,contexts,supporting_signatures,signatures,consistency,permutation_p,permutation_fdr,naive_overlap,interpretation,rank
erlotinib,-0.10669444109571355,5,5,5,5,1.0,0.009900990099009901,0.0634828188701223,12.4,Computational reversal candidate for further investigation.,1
palbociclib,-0.08986132478478467,37,37,37,37,1.0,0.009900990099009901,0.0634828188701223,12.243243243243244,Computational reversal candidate for further investigation.,2
HG-9-91-01,-0.0881421099288276,1,1,1,1,1.0,0.009900990099009901,0.0634828188701223,10.0,Computational reversal candidate for further investigation.,3
nilotinib,-0.08422576355663439,1,1,1,1,1.0,0.009900990099009901,0.0634828188701223,13.0,Computational reversal candidate for further investigation.,4
trametinib,-0.0771949468271412,38,43,38,43,0.8837209302325582,0.009900990099009901,0.0634828188701223,11.186046511627907,Computational reversal candidate for further investigation.,5
GSK-2334470,-0.07606539010982868,1,1,1,1,1.0,0.009900990099009901,0.0634828188701223,13.0,Computational reversal candidate for further investigation.,6
TG-101348,-0.07415914640195771,11,12,11,12,0.9166666666666666,0.009900990099009901,0.0634828188701223,10.5,Computational reversal candidate for further investigation.,7
XMD11-85H,-0.06922130048033548,2,2,2,2,1.0,0.009900990099009901,0.0634828188701223,10.0,Computational reversal candidate for further investigation.,8
JWE-035,-0.06802020365666958,6,6,6,6,1.0,0.009900990099009901,0.0634828188701223,10.0,Computational reversal candidate for further investigation.,9
KIN001-127,-0.06776715397168265,4,4,4,4,1.0,0.009900990099009901,0.0634828188701223,14.25,Computational reversal candidate for further investigation.,10
BMS509744,-0.06770175200872257,3,3,3,3,1.0,0.009900990099009901,0.0634828188701223,16.333333333333332,Computational reversal candidate for further investigation.,11
AZD-8330,-0.06624184803848694,36,37,36,37,0.972972972972973,0.009900990099009901,0.0634828188701223,10.72972972972973,Computational reversal candidate for further investigation.,12
PD-184352,-0.06388423480176411,22,22,22,22,1.0,0.009900990099009901,0.0634828188701223,10.272727272727273,Computational reversal candidate for further investigation.,13
methylstat,-0.06180404663742535,3,3,3,3,1.0,0.009900990099009901,0.0634828188701223,10.333333333333334,Computational reversal candidate for further investigation.,14
MK-2206,-0.06103149602308155,13,13,13,13,1.0,0.009900990099009901,0.0634828188701223,10.23076923076923,Computational reversal candidate for further investigation.,15
crizotinib,-0.05934582878646742,5,5,5,5,1.0,0.009900990099009901,0.0634828188701223,9.2,Computational reversal candidate for further investigation.,16
HG-5-88-01,-0.059017628674251255,2,2,2,2,1.0,0.009900990099009901,0.0634828188701223,7.5,Computational reversal candidate for further investigation.,17
PHA-793887,-0.05815392065202685,43,45,43,45,0.9555555555555556,0.009900990099009901,0.0634828188701223,9.866666666666667,Computational reversal candidate for further investigation.,18
WZ-3105,-0.05706999215167448,33,33,33,33,1.0,0.009900990099009901,0.0634828188701223,7.666666666666667,Computational reversal candidate for further investigation.,19
mitoxantrone,-0.05661498894964128,59,62,101,104,0.9516129032258065,0.009900990099009901,0.0634828188701223,10.163461538461538,Computational reversal candidate for further investigation.,20
BX-795,-0.05627775427676906,2,2,2,2,1.0,0.009900990099009901,0.0634828188701223,8.5,Computational reversal candidate for further investigation.,21
selumetinib,-0.056068939062598674,33,34,33,34,0.9705882352941176,0.009900990099009901,0.0634828188701223,9.852941176470589,Computational reversal candidate for further investigation.,22
entinostat,-0.05581932630833388,10,10,10,10,1.0,0.009900990099009901,0.0634828188701223,7.7,Computational reversal candidate for further investigation.,23
SU-11274,-0.0557934926874245,2,2,2,2,1.0,0.009900990099009901,0.0634828188701223,8.5,Computational reversal candidate for further investigation.,24
PF-562271,-0.055626313213682416,14,15,14,15,0.9333333333333333,0.009900990099009901,0.0634828188701223,8.8,Computational reversal candidate for further investigation.,25
vemurafenib,-0.05453379590735194,11,12,11,12,0.9166666666666666,0.009900990099009901,0.0634828188701223,9.833333333333334,Computational reversal candidate for further investigation.,26
XMD16-144,-0.05390753566236699,20,20,20,20,1.0,0.009900990099009901,0.0634828188701223,7.9,Computational reversal candidate for further investigation.,27
EX-527,-0.05334245979172834,1,1,1,1,1.0,0.009900990099009901,0.0634828188701223,6.0,Computational reversal candidate for further investigation.,28
KW-2449,-0.05315263097736335,2,3,2,3,0.6666666666666666,0.009900990099009901,0.0634828188701223,10.333333333333334,Computational reversal candidate for further investigation.,29
TGX-221,-0.052986837993524556,2,2,2,2,1.0,0.009900990099009901,0.0634828188701223,11.0,Computational reversal candidate for further investigation.,30
rocilinostat,-0.052917990427989815,5,5,5,5,1.0,0.009900990099009901,0.0634828188701223,8.6,Computational reversal candidate for further investigation.,31
sutent,-0.051723047177203496,6,6,6,6,1.0,0.009900990099009901,0.0634828188701223,9.5,Computational reversal candidate for further investigation.,32
BMS-387032,-0.0516283189344041,55,56,55,56,0.9821428571428571,0.009900990099009901,0.0634828188701223,7.517857142857143,Computational reversal candidate for further investigation.,33
UNC0638,-0.05134526704449685,2,2,2,2,1.0,0.009900990099009901,0.0634828188701223,8.5,Computational reversal candidate for further investigation.,34
imatinib,-0.05125139883946257,1,1,1,1,1.0,0.009900990099009901,0.0634828188701223,10.0,Computational reversal candidate for further investigation.,35
PFI-1,-0.05102470671015169,4,4,4,4,1.0,0.009900990099009901,0.0634828188701223,7.5,Computational reversal candidate for further investigation.,36
HG-14-8-02,-0.05097631443204482,7,7,7,7,1.0,0.009900990099009901,0.0634828188701223,9.571428571428571,Computational reversal candidate for further investigation.,37
mocetinostat,-0.050902815806920146,11,11,11,11,1.0,0.009900990099009901,0.0634828188701223,7.363636363636363,Computational reversal candidate for further investigation.,38
PLX-4720,-0.05079973028074125,8,9,8,9,0.8888888888888888,0.009900990099009901,0.0634828188701223,10.555555555555555,Computational reversal candidate for further investigation.,39
dinaciclib,-0.05067173147584265,31,31,31,31,1.0,0.009900990099009901,0.0634828188701223,7.838709677419355,Computational reversal candidate for further investigation.,40
OTSSP167,-0.05038465431230775,19,19,19,19,1.0,0.009900990099009901,0.0634828188701223,7.421052631578948,Computational reversal candidate for further investigation.,41
AZD-8055,-0.05006729347943202,28,28,28,28,1.0,0.009900990099009901,0.0634828188701223,10.178571428571429,Computational reversal candidate for further investigation.,42
PD-0325901,-0.0498809398415968,59,63,142,147,0.9365079365079365,0.009900990099009901,0.0634828188701223,9.653061224489797,Computational reversal candidate for further investigation.,43
GDC-0941,-0.049846404771548544,23,23,23,23,1.0,0.009900990099009901,0.0634828188701223,9.130434782608695,Computational reversal candidate for further investigation.,44
PF-3758309,-0.04979994477050535,28,28,28,28,1.0,0.009900990099009901,0.0634828188701223,8.535714285714286,Computational reversal candidate for further investigation.,45
alvocidib,-0.04944044702101171,57,62,57,62,0.9193548387096774,0.009900990099009901,0.0634828188701223,8.016129032258064,Computational reversal candidate for further investigation.,46
CGP-60474,-0.04939817804788072,107,111,223,227,0.963963963963964,0.009900990099009901,0.0634828188701223,7.955947136563877,Computational reversal candidate for further investigation.,47
AT-7519,-0.04922860161282931,36,37,36,37,0.972972972972973,0.009900990099009901,0.0634828188701223,7.378378378378378,Computational reversal candidate for further investigation.,48
AS-605240,-0.049227542018985826,30,30,30,30,1.0,0.009900990099009901,0.0634828188701223,8.1,Computational reversal candidate for further investigation.,49
NVP-BEZ235,-0.049179596255808894,37,40,37,40,0.925,0.009900990099009901,0.0634828188701223,10.325,Computational reversal candidate for further investigation.,50
KIN001-220,-0.049133721433695515,4,4,4,4,1.0,0.009900990099009901,0.0634828188701223,7.75,Computational reversal candidate for further investigation.,51
(+)-JQ1,-0.049050504325698574,15,15,15,15,1.0,0.009900990099009901,0.0634828188701223,6.6,Computational reversal candidate for further investigation.,52
belinostat,-0.04901239040204744,18,19,18,19,0.9473684210526315,0.009900990099009901,0.0634828188701223,7.7368421052631575,Computational reversal candidate for further investigation.,53
neratinib,-0.04864001876322415,21,23,21,23,0.9130434782608695,0.009900990099009901,0.0634828188701223,9.304347826086957,Computational reversal candidate for further investigation.,54
C646,-0.04831625985830402,5,5,5,5,1.0,0.009900990099009901,0.0634828188701223,9.0,Computational reversal candidate for further investigation.,55
NVP-AEW541,-0.04819038065234876,6,6,6,6,1.0,0.009900990099009901,0.0634828188701223,6.833333333333333,Computational reversal candidate for further investigation.,56
foretinib,-0.04797793651324184,14,14,14,14,1.0,0.009900990099009901,0.0634828188701223,9.214285714285714,Computational reversal candidate for further investigation.,57
GSK-2126458,-0.04790736196350409,55,64,55,64,0.859375,0.009900990099009901,0.0634828188701223,9.59375,Computational reversal candidate for further investigation.,58
PF 573228,-0.047635913234813074,3,3,3,3,1.0,0.009900990099009901,0.0634828188701223,7.333333333333333,Computational reversal candidate for further investigation.,59
AKT-inhibitor-1-2,-0.047355165464520066,2,2,2,2,1.0,0.009900990099009901,0.0634828188701223,8.5,Computational reversal candidate for further investigation.,60
NVP-TAE684,-0.04732607842750741,24,26,24,26,0.9230769230769231,0.009900990099009901,0.0634828188701223,9.115384615384615,Computational reversal candidate for further investigation.,61
PHA-665752,-0.04723652751370697,3,4,3,4,0.75,0.009900990099009901,0.0634828188701223,8.5,Computational reversal candidate for further investigation.,62
PF-431396,-0.04603386749909899,12,12,12,12,1.0,0.009900990099009901,0.0634828188701223,7.333333333333333,Computational reversal candidate for further investigation.,63
WZ-4-145,-0.04553802415394047,22,23,22,23,0.9565217391304348,0.009900990099009901,0.0634828188701223,9.782608695652174,Computational reversal candidate for further investigation.,64
pracinostat,-0.04515371804915536,25,25,25,25,1.0,0.009900990099009901,0.0634828188701223,7.52,Computational reversal candidate for further investigation.,65
BRD-K93760529,-0.04431385427367451,1,1,1,1,1.0,0.009900990099009901,0.0634828188701223,7.0,Computational reversal candidate for further investigation.,66
I-BET151,-0.044254653096003606,9,11,9,11,0.8181818181818182,0.009900990099009901,0.0634828188701223,7.181818181818182,Computational reversal candidate for further investigation.,67
SB-239063,-0.04391511697122767,1,1,1,1,1.0,0.009900990099009901,0.0634828188701223,5.0,Computational reversal candidate for further investigation.,68
dovitinib,-0.0437910314491783,16,18,16,18,0.8888888888888888,0.009900990099009901,0.0634828188701223,10.5,Computational reversal candidate for further investigation.,69
HG-14-10-04,-0.043418124424439215,7,7,7,7,1.0,0.009900990099009901,0.0634828188701223,8.0,Computational reversal candidate for further investigation.,70
SB590885,-0.04308905614536897,13,16,13,16,0.8125,0.009900990099009901,0.0634828188701223,7.25,Computational reversal candidate for further investigation.,71
GSK1059615,-0.0430590135513513,1,1,1,1,1.0,0.009900990099009901,0.0634828188701223,8.0,Computational reversal candidate for further investigation.,72
AS-601245,-0.043055249510826864,9,9,9,9,1.0,0.009900990099009901,0.0634828188701223,6.111111111111111,Computational reversal candidate for further investigation.,73
AZD-1480,-0.04300001786461219,1,1,1,1,1.0,0.009900990099009901,0.0634828188701223,5.0,Computational reversal candidate for further investigation.,74
chlorambucil,-0.04285024426776412,1,1,1,1,1.0,0.009900990099009901,0.0634828188701223,7.0,Computational reversal candidate for further investigation.,75
lapatinib,-0.04265514979494212,8,9,8,9,0.8888888888888888,0.009900990099009901,0.0634828188701223,8.222222222222221,Computational reversal candidate for further investigation.,76
PI-103,-0.042612756306777404,31,31,31,31,1.0,0.009900990099009901,0.0634828188701223,9.580645161290322,Computational reversal candidate for further investigation.,77
canertinib,-0.042315366686887526,16,16,16,16,1.0,0.009900990099009901,0.0634828188701223,9.4375,Computational reversal candidate for further investigation.,78
brivanib,-0.04226507483044099,1,1,1,1,1.0,0.009900990099009901,0.0634828188701223,5.0,Computational reversal candidate for further investigation.,79
e3380,-0.04201282200074678,2,2,2,2,1.0,0.009900990099009901,0.0634828188701223,8.5,Computational reversal candidate for further investigation.,80
GSK-1070916,-0.04184050385814836,5,6,5,6,0.8333333333333334,0.009900990099009901,0.0634828188701223,8.0,Computational reversal candidate for further investigation.,81
CX-5461,-0.041830844339192624,3,4,3,4,0.75,0.009900990099009901,0.0634828188701223,9.0,Computational reversal candidate for further investigation.,82
ibrutinib,-0.041674315825931285,1,1,1,1,1.0,0.009900990099009901,0.0634828188701223,5.0,Computational reversal candidate for further investigation.,83
XMD-885,-0.04166334115695178,3,3,3,3,1.0,0.009900990099009901,0.0634828188701223,6.666666666666667,Computational reversal candidate for further investigation.,84
BMS-345541,-0.04156119539405534,10,11,10,11,0.9090909090909091,0.009900990099009901,0.0634828188701223,7.090909090909091,Computational reversal candidate for further investigation.,85
GDC-0980,-0.04133486145992705,27,28,27,28,0.9642857142857143,0.009900990099009901,0.0634828188701223,8.178571428571429,Computational reversal candidate for further investigation.,86
XMD-1150,-0.041078371599845516,14,14,14,14,1.0,0.009900990099009901,0.0634828188701223,8.0,Computational reversal candidate for further investigation.,87
KU-60019,-0.040993745187194924,3,3,3,3,1.0,0.009900990099009901,0.0634828188701223,8.0,Computational reversal candidate for further investigation.,88
XMD-892,-0.04099267303554635,3,3,3,3,1.0,0.009900990099009901,0.0634828188701223,7.333333333333333,Computational reversal candidate for further investigation.,89
ru 24969,-0.04075462200329718,1,1,1,1,1.0,0.009900990099009901,0.0634828188701223,5.0,Computational reversal candidate for further investigation.,90
pazopanib,-0.04058779081642898,1,1,1,1,1.0,0.009900990099009901,0.0634828188701223,12.0,Computational reversal candidate for further investigation.,91
LDN-193189,-0.04048992622499766,10,12,10,12,0.8333333333333334,0.009900990099009901,0.0634828188701223,9.333333333333334,Computational reversal candidate for further investigation.,92
HG-6-64-01,-0.040482141686014966,17,18,17,18,0.9444444444444444,0.009900990099009901,0.0634828188701223,8.277777777777779,Computational reversal candidate for further investigation.,93
WYE-125132,-0.04015539343077273,45,47,45,47,0.9574468085106383,0.009900990099009901,0.0634828188701223,8.680851063829786,Computational reversal candidate for further investigation.,94
chelerythrine chloride,-0.04015171886404885,2,2,2,2,1.0,0.009900990099009901,0.0634828188701223,6.0,Computational reversal candidate for further investigation.,95
nintedanib,-0.039927680609541404,5,5,5,5,1.0,0.009900990099009901,0.0634828188701223,5.8,Computational reversal candidate for further investigation.,96
I-BET,-0.039875729952515586,10,11,10,11,0.9090909090909091,0.009900990099009901,0.0634828188701223,7.181818181818182,Computational reversal candidate for further investigation.,97
gr-103,-0.03920621915066929,1,1,1,1,1.0,0.009900990099009901,0.0634828188701223,7.0,Computational reversal candidate for further investigation.,98
AZD-5438,-0.03897672984331355,41,44,41,44,0.9318181818181818,0.009900990099009901,0.0634828188701223,8.409090909090908,Computational reversal candidate for further investigation.,99
GDC-0879,-0.038377185220103104,3,4,3,4,0.75,0.009900990099009901,0.0634828188701223,6.5,Computational reversal candidate for further investigation.,100
prednisolone acetate,-0.037980080097195244,1,1,1,1,1.0,0.009900990099009901,0.0634828188701223,7.0,Computational reversal candidate for further investigation.,101
NU-7441,-0.03782141467378941,10,10,10,10,1.0,0.009900990099009901,0.0634828188701223,8.1,Computational reversal candidate for further investigation.,102
OSI-027,-0.037788814117300604,27,28,27,28,0.9642857142857143,0.009900990099009901,0.0634828188701223,8.75,Computational reversal candidate for further investigation.,103
linifanib,-0.03762729560831818,8,9,8,9,0.8888888888888888,0.009900990099009901,0.0634828188701223,7.111111111111111,Computational reversal candidate for further investigation.,104
garcinol,-0.03750878565465645,1,1,1,1,1.0,0.009900990099009901,0.0634828188701223,15.0,Computational reversal candidate for further investigation.,105
BRD-K06765193,-0.037458575886895655,1,1,1,1,1.0,0.009900990099009901,0.0634828188701223,5.0,Computational reversal candidate for further investigation.,106
PIK-93,-0.03745472132490567,4,4,4,4,1.0,0.009900990099009901,0.0634828188701223,9.25,Computational reversal candidate for further investigation.,107
BRD-K08448573,-0.037395255524999275,1,1,1,1,1.0,0.0297029702970297,0.15090619231414665,5.0,Computational reversal candidate for further investigation.,108
YM-201636,-0.037359940726465576,4,6,4,6,0.6666666666666666,0.009900990099009901,0.0634828188701223,7.833333333333333,Computational reversal candidate for further investigation.,109
gefitinib,-0.03618758969763445,13,13,13,13,1.0,0.009900990099009901,0.0634828188701223,9.846153846153847,Computational reversal candidate for further investigation.,110
BRD-A98444709,-0.0359902033300463,1,1,1,1,1.0,0.009900990099009901,0.0634828188701223,6.0,Computational reversal candidate for further investigation.,111
ZSTK-474,-0.03583914757353777,27,28,27,28,0.9642857142857143,0.009900990099009901,0.0634828188701223,8.107142857142858,Computational reversal candidate for further investigation.,112
s1014,-0.03560388109314347,1,1,1,1,1.0,0.009900990099009901,0.0634828188701223,5.0,Computational reversal candidate for further investigation.,113
NVP-TAE226,-0.03556681507740951,9,10,9,10,0.9,0.009900990099009901,0.0634828188701223,8.1,Computational reversal candidate for further investigation.,114
BYL719,-0.03533091167560885,4,5,4,5,0.8,0.009900990099009901,0.0634828188701223,7.0,Computational reversal candidate for further investigation.,115
JNK-9L,-0.035248709900478986,37,40,37,40,0.925,0.009900990099009901,0.0634828188701223,7.575,Computational reversal candidate for further investigation.,116
AZD4547,-0.035079885774925726,5,5,5,5,1.0,0.009900990099009901,0.0634828188701223,10.0,Computational reversal candidate for further investigation.,117
AZD7762,-0.0349788354320203,3,3,3,3,1.0,0.009900990099009901,0.0634828188701223,6.666666666666667,Computational reversal candidate for further investigation.,118
KIN001-265,-0.0347703363746513,7,8,7,8,0.875,0.009900990099009901,0.0634828188701223,7.125,Computational reversal candidate for further investigation.,119
withaferin-a,-0.034575239327061795,21,23,32,34,0.9130434782608695,0.009900990099009901,0.0634828188701223,8.470588235294118,Computational reversal candidate for further investigation.,120
BRD-K81814927,-0.03398165367571867,4,4,4,4,1.0,0.009900990099009901,0.0634828188701223,6.25,Computational reversal candidate for further investigation.,121
PHA-767491,-0.03357077663628604,8,9,8,9,0.8888888888888888,0.009900990099009901,0.0634828188701223,6.666666666666667,Computational reversal candidate for further investigation.,122
BIX-01294,-0.033055578845008676,3,3,3,3,1.0,0.009900990099009901,0.0634828188701223,8.333333333333334,Computational reversal candidate for further investigation.,123
TWS-119,-0.03278887859552588,6,7,6,7,0.8571428571428571,0.009900990099009901,0.0634828188701223,8.714285714285714,Computational reversal candidate for further investigation.,124
BI-2536,-0.032633680092523695,38,43,41,46,0.8837209302325582,0.009900990099009901,0.0634828188701223,7.239130434782608,Computational reversal candidate for further investigation.,125
ei-332,-0.03247255696013318,1,1,1,1,1.0,0.009900990099009901,0.0634828188701223,5.0,Computational reversal candidate for further investigation.,126
BRD-K74797618,-0.03224830697191724,1,1,1,1,1.0,0.039603960396039604,0.1907034076901666,7.0,Computational reversal candidate for further investigation.,127
ei-195,-0.03220245093555281,1,1,1,1,1.0,0.009900990099009901,0.0634828188701223,6.0,Computational reversal candidate for further investigation.,128
BRD-K14749055,-0.03182293848075047,1,1,1,1,1.0,0.0297029702970297,0.15090619231414665,8.0,Computational reversal candidate for further investigation.,129
mead ethanolamide,-0.0317340608629771,1,1,1,1,1.0,0.009900990099009901,0.0634828188701223,7.0,Computational reversal candidate for further investigation.,130
vandetanib,-0.03171113165366404,4,4,4,4,1.0,0.009900990099009901,0.0634828188701223,7.0,Computational reversal candidate for further investigation.,131
A443654,-0.03161592121531849,30,32,30,32,0.9375,0.009900990099009901,0.0634828188701223,6.84375,Computational reversal candidate for further investigation.,132
torin-1,-0.03152340751988947,46,50,46,50,0.92,0.009900990099009901,0.0634828188701223,9.24,Computational reversal candidate for further investigation.,133
ponatinib,-0.03146961763024702,5,5,5,5,1.0,0.009900990099009901,0.0634828188701223,8.8,Computational reversal candidate for further investigation.,134
BRD-K31851742,-0.031307918606225,1,1,1,1,1.0,0.0297029702970297,0.15090619231414665,6.0,Computational reversal candidate for further investigation.,135
linsitinib,-0.031076531495526503,2,3,2,3,0.6666666666666666,0.009900990099009901,0.0634828188701223,6.0,Computational reversal candidate for further investigation.,136
CGK-733,-0.030756809826790684,7,8,7,8,0.875,0.009900990099009901,0.0634828188701223,10.125,Computational reversal candidate for further investigation.,137
BRD-K39944607,-0.03070864996539449,2,2,2,2,1.0,0.009900990099009901,0.0634828188701223,6.5,Computational reversal candidate for further investigation.,138
THZ-2-98-01,-0.03044403962474332,1,1,1,1,1.0,0.019801980198019802,0.11146748477664668,8.0,Computational reversal candidate for further investigation.,139
PD-173074,-0.03004304295702136,6,6,6,6,1.0,0.009900990099009901,0.0634828188701223,8.166666666666666,Computational reversal candidate for further investigation.,140
saracatinib,-0.029754084391500662,12,13,15,16,0.9230769230769231,0.009900990099009901,0.0634828188701223,6.625,Computational reversal candidate for further investigation.,141
BRD-K83972459,-0.02973450162480495,2,2,2,2,1.0,0.009900990099009901,0.0634828188701223,6.0,Computational reversal candidate for further investigation.,142
np-006304,-0.02964880699794343,1,1,1,1,1.0,0.019801980198019802,0.11146748477664668,5.0,Computational reversal candidate for further investigation.,143
SAR-245408,-0.029542825204451426,3,3,3,3,1.0,0.009900990099009901,0.0634828188701223,12.0,Computational reversal candidate for further investigation.,144
AT7867,-0.029290721581450675,4,5,4,5,0.8,0.009900990099009901,0.0634828188701223,8.6,Computational reversal candidate for further investigation.,145
dasatinib,-0.02924666502822864,33,38,56,61,0.868421052631579,0.009900990099009901,0.0634828188701223,8.01639344262295,Computational reversal candidate for further investigation.,146
s1170,-0.029147381878354514,1,1,1,1,1.0,0.009900990099009901,0.0634828188701223,5.0,Computational reversal candidate for further investigation.,147
perphenazine,-0.029025160580771658,1,1,1,1,1.0,0.019801980198019802,0.11146748477664668,5.0,Computational reversal candidate for further investigation.,148
BRD-K31754360,-0.02883123106871191,1,1,1,1,1.0,0.039603960396039604,0.1907034076901666,5.0,Computational reversal candidate for further investigation.,149
VE821,-0.028416287665366385,2,2,2,2,1.0,0.009900990099009901,0.0634828188701223,7.0,Computational reversal candidate for further investigation.,150
afatinib,-0.028352241804527382,17,23,17,23,0.7391304347826086,0.009900990099009901,0.0634828188701223,8.695652173913043,Computational reversal candidate for further investigation.,151
taxifolin-(+/-),-0.028327183680029164,1,1,1,1,1.0,0.0594059405940594,0.2628329253589565,6.0,Computational reversal candidate for further investigation.,152
JW-7-24-1,-0.027962512696596862,18,26,18,26,0.6923076923076923,0.009900990099009901,0.0634828188701223,9.423076923076923,Computational reversal candidate for further investigation.,153
ncgc00182388-01,-0.027876718494135547,1,1,1,1,1.0,0.009900990099009901,0.0634828188701223,7.0,Computational reversal candidate for further investigation.,154
celastrol,-0.02776008308188993,18,20,18,20,0.9,0.009900990099009901,0.0634828188701223,7.95,Computational reversal candidate for further investigation.,155
MGCD-265,-0.02773546869401749,1,1,1,1,1.0,0.019801980198019802,0.11146748477664668,6.0,Computational reversal candidate for further investigation.,156
CP-724714,-0.027709217150880476,4,4,4,4,1.0,0.009900990099009901,0.0634828188701223,6.5,Computational reversal candidate for further investigation.,157
QL-XI-92,-0.027688073404436693,4,5,4,5,0.8,0.009900990099009901,0.0634828188701223,7.2,Computational reversal candidate for further investigation.,158
serdemetan,-0.02754366190736104,1,2,1,2,0.5,0.009900990099009901,0.0634828188701223,9.5,Computational reversal candidate for further investigation.,159
hts 10859,-0.027456089563015672,2,2,2,2,1.0,0.009900990099009901,0.0634828188701223,6.0,Computational reversal candidate for further investigation.,160
atorvastatin,-0.027178129925759305,1,1,1,1,1.0,0.0297029702970297,0.15090619231414665,5.0,Computational reversal candidate for further investigation.,161
pik-90,-0.026992580943386277,1,1,1,1,1.0,0.0297029702970297,0.15090619231414665,5.0,Computational reversal candidate for further investigation.,162
Y-39983,-0.02684702761521061,4,4,4,4,1.0,0.009900990099009901,0.0634828188701223,6.0,Computational reversal candidate for further investigation.,163
c8273,-0.0265816288878345,1,1,1,1,1.0,0.07920792079207921,0.3252407432524074,5.0,Computational reversal candidate for further investigation.,164
regorafenib,-0.026534047908028994,6,6,6,6,1.0,0.009900990099009901,0.0634828188701223,6.166666666666667,Computational reversal candidate for further investigation.,165
ei-232,-0.026437793727897375,2,2,2,2,1.0,0.019801980198019802,0.11146748477664668,7.5,Computational reversal candidate for further investigation.,166
BRD-K79222491,-0.025857667686475603,3,4,3,4,0.75,0.009900990099009901,0.0634828188701223,5.5,Computational reversal candidate for further investigation.,167
BRD-K00028814,-0.025757761887907384,1,1,1,1,1.0,0.009900990099009901,0.0634828188701223,5.0,Computational reversal candidate for further investigation.,168
gw 441756,-0.02573461537944114,1,1,1,1,1.0,0.0297029702970297,0.15090619231414665,6.0,Computational reversal candidate for further investigation.,169
AZ-628,-0.02559049044702308,8,9,8,9,0.8888888888888888,0.009900990099009901,0.0634828188701223,7.777777777777778,Computational reversal candidate for further investigation.,170
BRD-K56196992,-0.025389816357075143,2,2,2,2,1.0,0.009900990099009901,0.0634828188701223,7.0,Computational reversal candidate for further investigation.,171
NVP-AUY922,-0.025387881425435098,41,50,41,50,0.82,0.009900990099009901,0.0634828188701223,7.46,Computational reversal candidate for further investigation.,172
"betamethasone 17,21-dipropionate",-0.025348711973330246,1,1,1,1,1.0,0.019801980198019802,0.11146748477664668,5.0,Computational reversal candidate for further investigation.,173
dabrafenib,-0.025337709109357433,10,14,10,14,0.7142857142857143,0.009900990099009901,0.0634828188701223,6.785714285714286,Computational reversal candidate for further investigation.,174
mycophenolate mofetil,-0.02529783216301452,1,1,1,1,1.0,0.0297029702970297,0.15090619231414665,7.0,Computational reversal candidate for further investigation.,175
np-009169,-0.025239493304409596,1,1,1,1,1.0,0.019801980198019802,0.11146748477664668,6.0,Computational reversal candidate for further investigation.,176
buparlisib,-0.025118733986890834,8,11,8,11,0.7272727272727273,0.009900990099009901,0.0634828188701223,7.454545454545454,Computational reversal candidate for further investigation.,177
GSK-690693,-0.024791384532411073,4,4,4,4,1.0,0.009900990099009901,0.0634828188701223,6.0,Computational reversal candidate for further investigation.,178
GW-5074,-0.02478630382458051,1,1,1,1,1.0,0.0297029702970297,0.15090619231414665,7.0,Computational reversal candidate for further investigation.,179
herniarin,-0.024466650705539855,1,1,1,1,1.0,0.0594059405940594,0.2628329253589565,5.0,Computational reversal candidate for further investigation.,180
hydrocortisone,-0.024343314925204976,1,1,1,1,1.0,0.039603960396039604,0.1907034076901666,6.0,Computational reversal candidate for further investigation.,181
ncgc00012588-02,-0.024342442250945395,1,1,1,1,1.0,0.019801980198019802,0.11146748477664668,5.0,Computational reversal candidate for further investigation.,182
DCC-2036,-0.023925236005456596,11,14,11,14,0.7857142857142857,0.009900990099009901,0.0634828188701223,7.428571428571429,Computational reversal candidate for further investigation.,183
kn-62,-0.023854998098060205,1,1,1,1,1.0,0.0297029702970297,0.15090619231414665,5.0,Computational reversal candidate for further investigation.,184
HG-5-113-01,-0.023854113341147065,8,9,8,9,0.8888888888888888,0.009900990099009901,0.0634828188701223,7.0,Computational reversal candidate for further investigation.,185
tozasertib,-0.023576449516618993,4,6,4,6,0.6666666666666666,0.019801980198019802,0.11146748477664668,6.166666666666667,Computational reversal candidate for further investigation.,186
s1205,-0.023543291099010478,2,3,2,3,0.6666666666666666,0.0297029702970297,0.15090619231414665,6.666666666666667,Computational reversal candidate for further investigation.,187
bcl-2 inhibitor,-0.02352087167812333,1,1,1,1,1.0,0.0297029702970297,0.15090619231414665,6.0,Computational reversal candidate for further investigation.,188
ikk 16,-0.023504765954235146,2,2,2,2,1.0,0.039603960396039604,0.1907034076901666,6.5,Computational reversal candidate for further investigation.,189
torin-2,-0.023462730753150283,39,56,39,56,0.6964285714285714,0.009900990099009901,0.0634828188701223,8.946428571428571,Computational reversal candidate for further investigation.,190
BRD-K03857568,-0.023401708404230205,1,1,1,1,1.0,0.019801980198019802,0.11146748477664668,8.0,Computational reversal candidate for further investigation.,191
BRD-K00313977,-0.023342264839472403,2,2,2,2,1.0,0.009900990099009901,0.0634828188701223,7.5,Computational reversal candidate for further investigation.,192
BRD-K25731886,-0.02320604903982134,1,1,1,1,1.0,0.009900990099009901,0.0634828188701223,5.0,Computational reversal candidate for further investigation.,193
ncgc00182382-01,-0.023132826894213424,1,1,1,1,1.0,0.0297029702970297,0.15090619231414665,6.0,Computational reversal candidate for further investigation.,194
iodophenpropit dihydrobromide,-0.02306989333873616,2,2,2,2,1.0,0.019801980198019802,0.11146748477664668,6.0,Computational reversal candidate for further investigation.,195
olvanil,-0.022918577267148438,1,1,1,1,1.0,0.0297029702970297,0.15090619231414665,6.0,Computational reversal candidate for further investigation.,196
radicicol,-0.022826779978753944,35,49,50,68,0.7142857142857143,0.009900990099009901,0.0634828188701223,8.014705882352942,Computational reversal candidate for further investigation.,197
KI20227,-0.022192376850391063,1,1,1,1,1.0,0.009900990099009901,0.0634828188701223,5.0,Computational reversal candidate for further investigation.,198
tanespimycin,-0.022133366961566377,6,7,16,17,0.8571428571428571,0.009900990099009901,0.0634828188701223,6.764705882352941,Computational reversal candidate for further investigation.,199
JNK-IN-5A,-0.02212626448351763,18,24,18,24,0.75,0.009900990099009901,0.0634828188701223,6.833333333333333,Computational reversal candidate for further investigation.,200
ncgc00012272-02,-0.022101419844175164,1,1,1,1,1.0,0.0297029702970297,0.15090619231414665,6.0,Computational reversal candidate for further investigation.,201
prostaglandin a1,-0.02203520829766334,4,5,4,5,0.8,0.019801980198019802,0.11146748477664668,5.2,Computational reversal candidate for further investigation.,202
BRD-K89209981,-0.021985834095976906,1,1,1,1,1.0,0.039603960396039604,0.1907034076901666,6.0,Computational reversal candidate for further investigation.,203
bl-081,-0.021955943267769618,1,1,1,1,1.0,0.10891089108910891,0.39691233561046074,5.0,Computational reversal candidate for further investigation.,204
BS-181,-0.02164601618694858,1,1,1,1,1.0,0.009900990099009901,0.0634828188701223,8.0,Computational reversal candidate for further investigation.,205
WZ-4002,-0.021635085382609623,6,7,6,7,0.8571428571428571,0.009900990099009901,0.0634828188701223,8.857142857142858,Computational reversal candidate for further investigation.,206
mycophenolic acid,-0.021551484540116607,2,2,2,2,1.0,0.039603960396039604,0.1907034076901666,5.0,Computational reversal candidate for further investigation.,207
fr 122047 hydrochloride,-0.021504808384062327,1,1,1,1,1.0,0.0594059405940594,0.2628329253589565,5.0,Computational reversal candidate for further investigation.,208
roscovitine,-0.021305614637219132,4,4,4,4,1.0,0.009900990099009901,0.0634828188701223,5.5,Computational reversal candidate for further investigation.,209
s-8599,-0.021203152658550745,1,1,1,1,1.0,0.0594059405940594,0.2628329253589565,6.0,Computational reversal candidate for further investigation.,210
BRD-K95895342,-0.021086504349816338,1,1,1,1,1.0,0.009900990099009901,0.0634828188701223,5.0,Computational reversal candidate for further investigation.,211
ssr 69071,-0.02082709753614638,2,2,2,2,1.0,0.0297029702970297,0.15090619231414665,5.0,Computational reversal candidate for further investigation.,212
pelitinib,-0.020775235338589985,16,23,16,23,0.6956521739130435,0.009900990099009901,0.0634828188701223,7.521739130434782,Computational reversal candidate for further investigation.,213
deguelin(-),-0.020637019490214036,2,2,2,2,1.0,0.009900990099009901,0.0634828188701223,5.5,Computational reversal candidate for further investigation.,214
clocortolone pivalate,-0.020622186288058342,1,1,1,1,1.0,0.039603960396039604,0.1907034076901666,5.0,Computational reversal candidate for further investigation.,215
ON-01910,-0.020274316507293173,17,20,17,20,0.85,0.009900990099009901,0.0634828188701223,6.4,Computational reversal candidate for further investigation.,216
BRD-K19220233,-0.020218165856233827,3,5,3,5,0.6,0.0297029702970297,0.15090619231414665,6.0,Computational reversal candidate for further investigation.,217
s1040,-0.0198928518301642,2,2,2,2,1.0,0.009900990099009901,0.0634828188701223,5.0,Computational reversal candidate for further investigation.,218
reserpine,-0.01972812693763645,1,1,1,1,1.0,0.0891089108910891,0.35261248897166947,6.0,Computational reversal candidate for further investigation.,219
pi 103 hydrochloride,-0.019620161904845026,2,3,2,3,0.6666666666666666,0.019801980198019802,0.11146748477664668,6.0,Computational reversal candidate for further investigation.,220
tivantinib,-0.01959667555917323,7,8,7,8,0.875,0.009900990099009901,0.0634828188701223,5.875,Computational reversal candidate for further investigation.,221
ly 320135,-0.019491073676869107,1,1,1,1,1.0,0.0297029702970297,0.15090619231414665,5.0,Computational reversal candidate for further investigation.,222
ryuvidine,-0.019362353472195528,2,2,2,2,1.0,0.0297029702970297,0.15090619231414665,6.0,Computational reversal candidate for further investigation.,223
8-{[2-oxo-2-(1-pyrrolidinyl)ethyl]thio}quinoline,-0.01925757440222893,1,1,1,1,1.0,0.04950495049504951,0.2300637040448231,5.0,Computational reversal candidate for further investigation.,224
nutlin-3,-0.019003857390768958,1,2,1,2,0.5,0.10891089108910891,0.39691233561046074,9.5,Computational reversal candidate for further investigation.,225
fostamatinib,-0.018926132056743795,5,6,5,6,0.8333333333333334,0.009900990099009901,0.0634828188701223,5.833333333333333,Computational reversal candidate for further investigation.,226
vinpocetine,-0.018871921579863483,1,1,1,1,1.0,0.0891089108910891,0.35261248897166947,6.0,Computational reversal candidate for further investigation.,227
chloroquine diphosphate,-0.018844782046392602,1,1,1,1,1.0,0.0891089108910891,0.35261248897166947,5.0,Computational reversal candidate for further investigation.,228
bosutinib,-0.018638539069597018,3,5,3,5,0.6,0.009900990099009901,0.0634828188701223,6.8,Computational reversal candidate for further investigation.,229
INK-128,-0.018466622901605795,13,19,13,19,0.6842105263157895,0.019801980198019802,0.11146748477664668,7.526315789473684,Computational reversal candidate for further investigation.,230
GSK-1059615,-0.018224375880921476,27,35,42,60,0.7714285714285715,0.009900990099009901,0.0634828188701223,6.633333333333334,Computational reversal candidate for further investigation.,231
BRD-K14328427,-0.01808540447803566,1,1,1,1,1.0,0.04950495049504951,0.2300637040448231,5.0,Computational reversal candidate for further investigation.,232
exemestane,-0.018075739980053677,2,2,2,2,1.0,0.04950495049504951,0.2300637040448231,5.0,Computational reversal candidate for further investigation.,233
h7270,-0.017978402963698563,5,7,5,7,0.7142857142857143,0.009900990099009901,0.0634828188701223,6.571428571428571,Computational reversal candidate for further investigation.,234
BRD-K13810148,-0.017946693593094067,3,4,3,4,0.75,0.039603960396039604,0.1907034076901666,6.75,Computational reversal candidate for further investigation.,235
BRD-K50140147,-0.017538885720732166,2,2,2,2,1.0,0.04950495049504951,0.2300637040448231,6.0,Computational reversal candidate for further investigation.,236
sunitinib,-0.017496010518671168,13,14,13,14,0.9285714285714286,0.009900990099009901,0.0634828188701223,7.0,Computational reversal candidate for further investigation.,237
forskolin,-0.01742339842853925,1,2,1,2,0.5,0.0297029702970297,0.15090619231414665,7.0,Computational reversal candidate for further investigation.,238
ketorolac tromethamine,-0.017388393379209027,1,1,1,1,1.0,0.07920792079207921,0.3252407432524074,7.0,Computational reversal candidate for further investigation.,239
naproxol,-0.017276242232446403,1,1,1,1,1.0,0.09900990099009901,0.37331091599726013,7.0,Computational reversal candidate for further investigation.,240
oxibendazole,-0.01711626143149846,1,1,1,1,1.0,0.09900990099009901,0.37331091599726013,6.0,Computational reversal candidate for further investigation.,241
ncgc00167098-01,-0.017113995587023298,1,1,1,1,1.0,0.13861386138613863,0.4578457845784579,5.0,Computational reversal candidate for further investigation.,242
cam-9-026 brd-k91442916,-0.01710747537940849,1,1,1,1,1.0,0.039603960396039604,0.1907034076901666,7.0,Computational reversal candidate for further investigation.,243
BRD-K50387473,-0.017013679658210785,2,3,2,3,0.6666666666666666,0.04950495049504951,0.2300637040448231,5.0,Computational reversal candidate for further investigation.,244
hydrocortisone valerate,-0.016971930902035328,1,1,1,1,1.0,0.0594059405940594,0.2628329253589565,6.0,Computational reversal candidate for further investigation.,245
XMD-1499,-0.01694480651460347,3,3,3,3,1.0,0.039603960396039604,0.1907034076901666,8.666666666666666,Computational reversal candidate for further investigation.,246
way 170523,-0.01683161521999896,1,1,1,1,1.0,0.1188118811881188,0.4141146672806815,5.0,Computational reversal candidate for further investigation.,247
WH-4-025,-0.016768618127160167,9,13,9,13,0.6923076923076923,0.009900990099009901,0.0634828188701223,7.0,Computational reversal candidate for further investigation.,248
kuc104488 kuc104488n,-0.016584407520486788,1,1,1,1,1.0,0.09900990099009901,0.37331091599726013,6.0,Computational reversal candidate for further investigation.,249
hy-70044,-0.01656594172852518,1,1,1,1,1.0,0.09900990099009901,0.37331091599726013,5.0,Computational reversal candidate for further investigation.,250
hy-13001,-0.016507922553733734,1,1,1,1,1.0,0.0594059405940594,0.2628329253589565,6.0,Computational reversal candidate for further investigation.,251
SYK-inhibitor,-0.016412972377067205,5,6,5,6,0.8333333333333334,0.019801980198019802,0.11146748477664668,7.5,Computational reversal candidate for further investigation.,252
BRD-K12105018,-0.01638064513264407,2,2,2,2,1.0,0.019801980198019802,0.11146748477664668,5.0,Computational reversal candidate for further investigation.,253
at-mlpcn csc-006,-0.016374392455663467,1,1,1,1,1.0,0.1188118811881188,0.4141146672806815,8.0,Computational reversal candidate for further investigation.,254
pp 2,-0.016326987378860867,1,2,1,2,0.5,0.019801980198019802,0.11146748477664668,5.0,Computational reversal candidate for further investigation.,255
raf1 kinase inhibitor i,-0.01619621420199265,1,1,1,1,1.0,0.039603960396039604,0.1907034076901666,5.0,Computational reversal candidate for further investigation.,256
unc0321,-0.016170430623205306,1,1,1,1,1.0,0.2079207920792079,0.5978346036042453,5.0,Computational reversal candidate for further investigation.,257
ossk 645668,-0.016033560562497145,1,1,1,1,1.0,0.07920792079207921,0.3252407432524074,5.0,Computational reversal candidate for further investigation.,258
riluzole hydrochloride,-0.01602441978577624,1,1,1,1,1.0,0.09900990099009901,0.37331091599726013,5.0,Computational reversal candidate for further investigation.,259
sb 366791,-0.015903289421546542,1,1,1,1,1.0,0.09900990099009901,0.37331091599726013,5.0,Computational reversal candidate for further investigation.,260
AST1306,-0.01585065031269783,3,3,3,3,1.0,0.0594059405940594,0.2628329253589565,8.666666666666666,Computational reversal candidate for further investigation.,261
a8674,-0.015767031496578335,1,1,1,1,1.0,0.1188118811881188,0.4141146672806815,6.0,Computational reversal candidate for further investigation.,262
NVP-BGT226,-0.015712984090440883,21,32,21,32,0.65625,0.009900990099009901,0.0634828188701223,8.8125,Computational reversal candidate for further investigation.,263
hy-11006,-0.015696465511755655,1,1,1,1,1.0,0.1485148514851485,0.48126839710998126,5.0,Computational reversal candidate for further investigation.,264
PF-477736,-0.01565291677992995,13,18,13,18,0.7222222222222222,0.019801980198019802,0.11146748477664668,7.0,Computational reversal candidate for further investigation.,265
mls-0327420.0002,-0.015612591312750092,1,1,1,1,1.0,0.0891089108910891,0.35261248897166947,5.0,Computational reversal candidate for further investigation.,266
BRD-K85853281,-0.015584200903044437,5,5,5,5,1.0,0.0297029702970297,0.15090619231414665,6.4,Computational reversal candidate for further investigation.,267
fenbendazole,-0.015497497312684176,1,2,1,2,0.5,0.019801980198019802,0.11146748477664668,5.0,Computational reversal candidate for further investigation.,268
BRD-K38615104,-0.015276923584227935,2,2,2,2,1.0,0.10891089108910891,0.39691233561046074,5.0,Computational reversal candidate for further investigation.,269
"ici 192,605",-0.014985853691085087,1,1,1,1,1.0,0.13861386138613863,0.4578457845784579,5.0,Computational reversal candidate for further investigation.,270
benzethonium chloride,-0.014912344677573753,2,2,2,2,1.0,0.0891089108910891,0.35261248897166947,5.5,Computational reversal candidate for further investigation.,271
bisindolylmaleimide iv,-0.014829276896828643,1,1,1,1,1.0,0.04950495049504951,0.2300637040448231,5.0,Computational reversal candidate for further investigation.,272
meloxicam sodium,-0.014820092881224482,1,1,1,1,1.0,0.07920792079207921,0.3252407432524074,5.0,Computational reversal candidate for further investigation.,273
sdm25n hydrochloride,-0.014707488249416091,1,1,1,1,1.0,0.10891089108910891,0.39691233561046074,5.0,Computational reversal candidate for further investigation.,274
BRD-K58288048,-0.014682895689066316,2,2,2,2,1.0,0.1188118811881188,0.4141146672806815,7.5,Computational reversal candidate for further investigation.,275
BRD-K06666320,-0.01464942762439796,1,1,1,1,1.0,0.19801980198019803,0.5776782057767821,7.0,Computational reversal candidate for further investigation.,276
"l-168,049",-0.014527143874080179,1,1,1,1,1.0,0.10891089108910891,0.39691233561046074,5.0,Computational reversal candidate for further investigation.,277
p8624,-0.01450859764620699,2,2,2,2,1.0,0.07920792079207921,0.3252407432524074,5.0,Computational reversal candidate for further investigation.,278
BRD-K31706415,-0.014508477152327098,1,1,1,1,1.0,0.1188118811881188,0.4141146672806815,5.0,Computational reversal candidate for further investigation.,279
cc-100,-0.01450544036654872,1,1,1,1,1.0,0.0891089108910891,0.35261248897166947,5.0,Computational reversal candidate for further investigation.,280
s1122,-0.014474323459907483,4,4,4,4,1.0,0.06930693069306931,0.2967821782178218,5.25,Computational reversal candidate for further investigation.,281
vu0410183-2,-0.01444206471355729,5,8,6,10,0.625,0.019801980198019802,0.11146748477664668,6.7,Computational reversal candidate for further investigation.,282
ki 8751,-0.0144060416132528,1,2,1,2,0.5,0.039603960396039604,0.1907034076901666,6.5,Computational reversal candidate for further investigation.,283
np-001236,-0.014377447490516,2,2,2,2,1.0,0.1188118811881188,0.4141146672806815,6.5,Computational reversal candidate for further investigation.,284
A66,-0.01431586223136673,1,1,1,1,1.0,0.0594059405940594,0.2628329253589565,5.0,Computational reversal candidate for further investigation.,285
pz0004,-0.014199038327771363,1,1,1,1,1.0,0.13861386138613863,0.4578457845784579,7.0,Computational reversal candidate for further investigation.,286
SGI-1776,-0.014078319349521187,3,4,3,4,0.75,0.019801980198019802,0.11146748477664668,8.75,Computational reversal candidate for further investigation.,287
BRD-A47816767,-0.014039781700114523,2,2,2,2,1.0,0.12871287128712872,0.437186211539001,6.5,Computational reversal candidate for further investigation.,288
SB-525334,-0.014022376995315066,1,1,1,1,1.0,0.07920792079207921,0.3252407432524074,5.0,Computational reversal candidate for further investigation.,289
amiodarone hydrochloride,-0.014007229720880823,1,1,1,1,1.0,0.06930693069306931,0.2967821782178218,5.0,Computational reversal candidate for further investigation.,290
BRD-K89329876,-0.013970489712321413,1,1,1,1,1.0,0.07920792079207921,0.3252407432524074,6.0,Computational reversal candidate for further investigation.,291
amsacrine,-0.013937514097569584,4,7,5,8,0.5714285714285714,0.04950495049504951,0.2300637040448231,7.125,Computational reversal candidate for further investigation.,292
rhizocarpic acid,-0.01385625777191924,1,1,1,1,1.0,0.15841584158415842,0.5011625173071397,7.0,Computational reversal candidate for further investigation.,293
BRD-K52522949,-0.013758666612176614,6,7,6,7,0.8571428571428571,0.019801980198019802,0.11146748477664668,5.571428571428571,Computational reversal candidate for further investigation.,294
CH5424802,-0.013747295567516974,1,1,1,1,1.0,0.15841584158415842,0.5011625173071397,10.0,Computational reversal candidate for further investigation.,295
mevastatin,-0.013712003417270038,1,1,1,1,1.0,0.12871287128712872,0.437186211539001,7.0,Computational reversal candidate for further investigation.,296
BRD-K28916077,-0.013569979879657622,1,1,1,1,1.0,0.1188118811881188,0.4141146672806815,5.0,Computational reversal candidate for further investigation.,297
QL-X-138,-0.01354451709753932,12,20,12,20,0.6,0.019801980198019802,0.11146748477664668,7.0,Computational reversal candidate for further investigation.,298
cabozantinib,-0.013417156709371453,3,3,3,3,1.0,0.009900990099009901,0.0634828188701223,6.666666666666667,Computational reversal candidate for further investigation.,299
s1249,-0.01341709408422724,4,4,4,4,1.0,0.09900990099009901,0.37331091599726013,7.25,Computational reversal candidate for further investigation.,300
ncgc00183255-01,-0.013412725368698373,3,3,3,3,1.0,0.06930693069306931,0.2967821782178218,6.333333333333333,Computational reversal candidate for further investigation.,301
vincristine sulfate,-0.013387919588772333,2,2,2,2,1.0,0.09900990099009901,0.37331091599726013,7.5,Computational reversal candidate for further investigation.,302
BRD-K58547240,-0.013333955790959442,1,1,1,1,1.0,0.09900990099009901,0.37331091599726013,5.0,Computational reversal candidate for further investigation.,303
BRD-K12401458,-0.013332674334521576,1,1,1,1,1.0,0.13861386138613863,0.4578457845784579,6.0,Computational reversal candidate for further investigation.,304
BRD-K83670234,-0.013242578127480628,1,1,1,1,1.0,0.1782178217821782,0.5409700463717257,8.0,Computational reversal candidate for further investigation.,305
ncgc00184713-01,-0.013171778228773905,1,1,1,1,1.0,0.07920792079207921,0.3252407432524074,5.0,Computational reversal candidate for further investigation.,306
BRD-K00627859,-0.013104098581457689,1,1,1,1,1.0,0.09900990099009901,0.37331091599726013,6.0,Computational reversal candidate for further investigation.,307
BRD-U29336476,-0.013085784778962401,2,3,2,3,0.6666666666666666,0.07920792079207921,0.3252407432524074,5.333333333333333,Computational reversal candidate for further investigation.,308
way 213613,-0.013046217707220146,1,1,1,1,1.0,0.10891089108910891,0.39691233561046074,5.0,Computational reversal candidate for further investigation.,309
donepezil hydrochloride,-0.013030782321950422,1,1,1,1,1.0,0.16831683168316833,0.5228287077412405,6.0,Computational reversal candidate for further investigation.,310
BRD-K52914903,-0.013025177133266903,1,1,1,1,1.0,0.15841584158415842,0.5011625173071397,7.0,Computational reversal candidate for further investigation.,311
BRD-K88198340,-0.012937939218306254,1,1,1,1,1.0,0.2079207920792079,0.5978346036042453,7.0,Computational reversal candidate for further investigation.,312
BRD-K33720404,-0.012899354304342256,1,1,1,1,1.0,0.13861386138613863,0.4578457845784579,5.0,Computational reversal candidate for further investigation.,313
daunorubicin,-0.012848595604030398,4,7,4,7,0.5714285714285714,0.06930693069306931,0.2967821782178218,5.571428571428571,Computational reversal candidate for further investigation.,314
BRD-K14704318,-0.012839784200414348,1,1,1,1,1.0,0.2376237623762376,0.6504814865048147,6.0,Computational reversal candidate for further investigation.,315
s1120,-0.012711842388635767,5,5,5,5,1.0,0.0297029702970297,0.15090619231414665,5.6,Computational reversal candidate for further investigation.,316
BRD-K14711204,-0.01269748855786475,1,1,1,1,1.0,0.18811881188118812,0.5555528459249867,7.0,Computational reversal candidate for further investigation.,317
ncgc00182913-03,-0.012618156573155643,1,1,1,1,1.0,0.18811881188118812,0.5555528459249867,5.0,Computational reversal candidate for further investigation.,318
BRD-K82580504,-0.012616590697915625,1,1,1,1,1.0,0.0891089108910891,0.35261248897166947,6.0,Computational reversal candidate for further investigation.,319
ncgc00242335-01,-0.01257479909149187,2,2,2,2,1.0,0.0891089108910891,0.35261248897166947,5.5,Computational reversal candidate for further investigation.,320
nnc 26-9100,-0.01255880341810458,1,1,1,1,1.0,0.10891089108910891,0.39691233561046074,5.0,Computational reversal candidate for further investigation.,321
tivozanib,-0.012496475851559365,2,2,2,2,1.0,0.0594059405940594,0.2628329253589565,7.0,Computational reversal candidate for further investigation.,322
BRD-K01614657,-0.012432868233846789,3,5,3,5,0.6,0.07920792079207921,0.3252407432524074,6.0,Computational reversal candidate for further investigation.,323
BRD-K64857848,-0.012431184341266648,3,3,3,3,1.0,0.0594059405940594,0.2628329253589565,6.0,Computational reversal candidate for further investigation.,324
etoposide,-0.012356672592083631,2,3,2,3,0.6666666666666666,0.15841584158415842,0.5011625173071397,7.0,Computational reversal candidate for further investigation.,325
CC-401,-0.012339172383441965,4,5,4,5,0.8,0.0594059405940594,0.2628329253589565,6.4,Computational reversal candidate for further investigation.,326
ncgc00183696-01,-0.012242418008797669,2,3,2,3,0.6666666666666666,0.09900990099009901,0.37331091599726013,7.666666666666667,Computational reversal candidate for further investigation.,327
pac 1,-0.012177844780232493,5,7,6,9,0.7142857142857143,0.06930693069306931,0.2967821782178218,6.0,Computational reversal candidate for further investigation.,328
hy-10992,-0.01210139352146973,1,2,1,2,0.5,0.07920792079207921,0.3252407432524074,5.5,Computational reversal candidate for further investigation.,329
pkc-412,-0.012078505992510782,2,2,2,2,1.0,0.1188118811881188,0.4141146672806815,5.0,Computational reversal candidate for further investigation.,330
ncgc00241077-01,-0.011997979242159304,1,2,1,2,0.5,0.1782178217821782,0.5409700463717257,7.5,Computational reversal candidate for further investigation.,331
ncgc00182380-01,-0.01195181896452712,1,1,1,1,1.0,0.1188118811881188,0.4141146672806815,6.0,Computational reversal candidate for further investigation.,332
podofilox,-0.011908120650196884,3,3,3,3,1.0,0.0891089108910891,0.35261248897166947,6.0,Computational reversal candidate for further investigation.,333
s1216,-0.011753866211644176,3,5,3,5,0.6,0.04950495049504951,0.2300637040448231,5.4,Computational reversal candidate for further investigation.,334
p1075,-0.01174749412483146,1,1,1,1,1.0,0.13861386138613863,0.4578457845784579,5.0,Computational reversal candidate for further investigation.,335
BRD-A94793051,-0.011595287437445657,1,1,1,1,1.0,0.15841584158415842,0.5011625173071397,5.0,Computational reversal candidate for further investigation.,336
BRD-A72837804,-0.011524170036300654,1,1,1,1,1.0,0.16831683168316833,0.5228287077412405,5.0,Computational reversal candidate for further investigation.,337
ag14361,-0.011522650764724671,3,5,3,5,0.6,0.07920792079207921,0.3252407432524074,5.6,Computational reversal candidate for further investigation.,338
s1030,-0.01149288694059733,8,10,8,10,0.8,0.0891089108910891,0.35261248897166947,6.9,Computational reversal candidate for further investigation.,339
azacitidine,-0.011474339457427462,7,10,7,10,0.7,0.019801980198019802,0.11146748477664668,6.5,Computational reversal candidate for further investigation.,340
hy-10518,-0.011451454534514878,5,7,5,7,0.7142857142857143,0.039603960396039604,0.1907034076901666,6.428571428571429,Computational reversal candidate for further investigation.,341
BRD-K12184916,-0.011401129155700379,6,7,6,7,0.8571428571428571,0.0594059405940594,0.2628329253589565,6.285714285714286,Computational reversal candidate for further investigation.,342
ncgc00184834-01,-0.011370965505860853,1,2,1,2,0.5,0.1485148514851485,0.48126839710998126,5.5,Computational reversal candidate for further investigation.,343
geldanamycin,-0.011339511436949234,53,79,78,121,0.6708860759493671,0.019801980198019802,0.11146748477664668,7.578512396694215,Computational reversal candidate for further investigation.,344
BRD-K01436366,-0.011331935819553173,3,3,3,3,1.0,0.09900990099009901,0.37331091599726013,6.0,Computational reversal candidate for further investigation.,345
sulconazole nitrate,-0.011285746094348913,1,1,1,1,1.0,0.22772277227722773,0.629123511429484,5.0,Computational reversal candidate for further investigation.,346
er 27319 maleate,-0.011228566178400607,4,7,4,7,0.5714285714285714,0.12871287128712872,0.437186211539001,6.428571428571429,Computational reversal candidate for further investigation.,347
BRD-U00779237,-0.011225689373705525,5,8,5,8,0.625,0.1188118811881188,0.4141146672806815,5.5,Computational reversal candidate for further investigation.,348
AZD-6482,-0.011154396768608821,1,1,1,1,1.0,0.10891089108910891,0.39691233561046074,6.0,Computational reversal candidate for further investigation.,349
BRD-K86269644,-0.01112457024174347,1,1,1,1,1.0,0.1188118811881188,0.4141146672806815,6.0,Computational reversal candidate for further investigation.,350
capsazepine,-0.011090380407480664,1,1,1,1,1.0,0.12871287128712872,0.437186211539001,5.0,Computational reversal candidate for further investigation.,351
gw 843682x,-0.010997801415158333,2,2,2,2,1.0,0.1188118811881188,0.4141146672806815,6.0,Computational reversal candidate for further investigation.,352
sirolimus,-0.010948142042783115,13,20,14,21,0.65,0.009900990099009901,0.0634828188701223,6.619047619047619,Computational reversal candidate for further investigation.,353
dacomitinib,-0.010944027414454225,3,3,3,3,1.0,0.06930693069306931,0.2967821782178218,7.666666666666667,Computational reversal candidate for further investigation.,354
s1053,-0.010922758429605828,5,7,6,8,0.7142857142857143,0.0594059405940594,0.2628329253589565,5.625,Computational reversal candidate for further investigation.,355
sorafenib,-0.01080346619924063,5,7,5,7,0.7142857142857143,0.06930693069306931,0.2967821782178218,8.714285714285714,Computational reversal candidate for further investigation.,356
AZ20,-0.010790731331639072,6,9,6,9,0.6666666666666666,0.0297029702970297,0.15090619231414665,6.888888888888889,Computational reversal candidate for further investigation.,357
BRD-K47635719 (dexamethasone acetate),-0.010686294946860929,1,1,1,1,1.0,0.24752475247524752,0.6669262431861163,7.0,Computational reversal candidate for further investigation.,358
BMS-777607,-0.010513453777877244,1,1,1,1,1.0,0.16831683168316833,0.5228287077412405,5.0,Computational reversal candidate for further investigation.,359
KIN001-244,-0.010488786969498917,1,1,1,1,1.0,0.15841584158415842,0.5011625173071397,5.0,Computational reversal candidate for further investigation.,360
stock1n-27488,-0.010410132078377328,1,1,1,1,1.0,0.18811881188118812,0.5555528459249867,7.0,Computational reversal candidate for further investigation.,361
BRD-K10705233,-0.010403806425882907,5,7,5,7,0.7142857142857143,0.0297029702970297,0.15090619231414665,6.857142857142857,Computational reversal candidate for further investigation.,362
QL-XII-47,-0.010345375775875212,21,30,21,30,0.7,0.06930693069306931,0.2967821782178218,8.4,Computational reversal candidate for further investigation.,363
BRD-U25771771,-0.010317767297147298,2,3,2,3,0.6666666666666666,0.1485148514851485,0.48126839710998126,6.0,Computational reversal candidate for further investigation.,364
isoquercitrin,-0.01031384935521909,1,1,1,1,1.0,0.1188118811881188,0.4141146672806815,5.0,Computational reversal candidate for further investigation.,365
mestanolone,-0.010190015086471372,1,1,1,1,1.0,0.26732673267326734,0.684881949733435,6.0,Computational reversal candidate for further investigation.,366
paclitaxel,-0.010141709409421882,2,2,2,2,1.0,0.13861386138613863,0.4578457845784579,7.5,Computational reversal candidate for further investigation.,367
hy-11066,-0.010003944922919488,1,1,1,1,1.0,0.16831683168316833,0.5228287077412405,6.0,Computational reversal candidate for further investigation.,368
BRD-K78385490,-0.009950018118448898,2,3,2,3,0.6666666666666666,0.21782178217821782,0.6159630113954792,7.333333333333333,Computational reversal candidate for further investigation.,369
ncgc00183690-01,-0.009846440336409218,1,1,1,1,1.0,0.18811881188118812,0.5555528459249867,5.0,Computational reversal candidate for further investigation.,370
BRD-A25337146,-0.00982542695377913,1,1,1,1,1.0,0.2079207920792079,0.5978346036042453,5.0,Computational reversal candidate for further investigation.,371
s1085,-0.00981497528825898,6,7,6,7,0.8571428571428571,0.1188118811881188,0.4141146672806815,5.857142857142857,Computational reversal candidate for further investigation.,372
pha 665752,-0.009784663709091927,1,1,1,1,1.0,0.26732673267326734,0.684881949733435,11.0,Computational reversal candidate for further investigation.,373
quizartinib,-0.009699027979735899,2,3,2,3,0.6666666666666666,0.0891089108910891,0.35261248897166947,7.333333333333333,Computational reversal candidate for further investigation.,374
ag 9,-0.009652978357176469,1,1,1,1,1.0,0.2079207920792079,0.5978346036042453,8.0,Computational reversal candidate for further investigation.,375
flumethasone,-0.009606443574842798,1,1,1,1,1.0,0.10891089108910891,0.39691233561046074,5.0,Computational reversal candidate for further investigation.,376
ftt,-0.009601369816165654,1,1,1,1,1.0,0.21782178217821782,0.6159630113954792,5.0,Computational reversal candidate for further investigation.,377
ncgc00242279-01,-0.009549491303377611,1,1,1,1,1.0,0.27722772277227725,0.693937452200335,5.0,Computational reversal candidate for further investigation.,378
scriptaid,-0.009393897382041713,7,10,7,10,0.7,0.10891089108910891,0.39691233561046074,7.0,Computational reversal candidate for further investigation.,379
MK-1775,-0.009367923094147015,6,10,6,10,0.6,0.019801980198019802,0.11146748477664668,7.3,Computational reversal candidate for further investigation.,380
BRD-K07005393,-0.009362753288537399,1,2,1,2,0.5,0.2376237623762376,0.6504814865048147,7.5,Computational reversal candidate for further investigation.,381
GSK-1904529A,-0.009344295465714844,2,3,2,3,0.6666666666666666,0.06930693069306931,0.2967821782178218,5.0,Computational reversal candidate for further investigation.,382
trimipramine maleate salt,-0.009327283000235484,1,1,1,1,1.0,0.1782178217821782,0.5409700463717257,5.0,Computational reversal candidate for further investigation.,383
simvastatin,-0.009265406180008652,1,2,2,3,0.5,0.09900990099009901,0.37331091599726013,5.333333333333333,Computational reversal candidate for further investigation.,384
BRD-K19724398,-0.009117579930334185,4,5,4,5,0.8,0.1782178217821782,0.5409700463717257,7.8,Computational reversal candidate for further investigation.,385
ag 592,-0.008999745625059816,2,3,2,3,0.6666666666666666,0.13861386138613863,0.4578457845784579,5.666666666666667,Computational reversal candidate for further investigation.,386
BRD-K41220170,-0.008995984420122314,1,1,1,1,1.0,0.2871287128712871,0.7040231630525016,5.0,Computational reversal candidate for further investigation.,387
norketamine hydrochloride,-0.008933756282272023,1,1,1,1,1.0,0.26732673267326734,0.684881949733435,6.0,Computational reversal candidate for further investigation.,388
ZM-447439,-0.008890131745177495,4,6,4,6,0.6666666666666666,0.04950495049504951,0.2300637040448231,6.666666666666667,Computational reversal candidate for further investigation.,389
gsk-3 inhibitor ii,-0.008881460336618243,1,1,1,1,1.0,0.1782178217821782,0.5409700463717257,5.0,Computational reversal candidate for further investigation.,390
BRD-K68174511,-0.00884276505916927,3,4,3,4,0.75,0.1782178217821782,0.5409700463717257,6.75,Computational reversal candidate for further investigation.,391
gsk-3b inhibitor viii,-0.008819228590001848,1,1,1,1,1.0,0.26732673267326734,0.684881949733435,6.0,Computational reversal candidate for further investigation.,392
BRD-K03829970,-0.008810059634951913,3,4,3,4,0.75,0.18811881188118812,0.5555528459249867,6.0,Computational reversal candidate for further investigation.,393
bml-st330,-0.008741959584879853,1,1,1,1,1.0,0.12871287128712872,0.437186211539001,5.0,Computational reversal candidate for further investigation.,394
BRD-K11540476,-0.008738010775233654,1,1,1,1,1.0,0.24752475247524752,0.6669262431861163,5.0,Computational reversal candidate for further investigation.,395
brefeldin a,-0.008735875693015021,8,10,8,10,0.8,0.09900990099009901,0.37331091599726013,7.5,Computational reversal candidate for further investigation.,396
ncgc00165208-01,-0.008716620006871224,2,2,2,2,1.0,0.15841584158415842,0.5011625173071397,6.5,Computational reversal candidate for further investigation.,397
BRD-A61825514,-0.008708040833166033,1,1,1,1,1.0,0.27722772277227725,0.693937452200335,5.0,Computational reversal candidate for further investigation.,398
trifluoperazine dihydrochloride,-0.008694678643061848,1,2,1,2,0.5,0.18811881188118812,0.5555528459249867,6.0,Computational reversal candidate for further investigation.,399
BRD-K64058329,-0.008678030443690348,1,1,1,1,1.0,0.2079207920792079,0.5978346036042453,5.0,Computational reversal candidate for further investigation.,400
thm-i-94,-0.008664957852685938,10,12,10,12,0.8333333333333334,0.12871287128712872,0.437186211539001,6.416666666666667,Computational reversal candidate for further investigation.,401
cosmosiin,-0.008593097963719681,1,1,1,1,1.0,0.24752475247524752,0.6669262431861163,6.0,Computational reversal candidate for further investigation.,402
BRD-K99582188,-0.008565318534619084,1,1,1,1,1.0,0.27722772277227725,0.693937452200335,6.0,Computational reversal candidate for further investigation.,403
BRD-K30993697,-0.008556032528003146,1,1,1,1,1.0,0.18811881188118812,0.5555528459249867,6.0,Computational reversal candidate for further investigation.,404
ncgc00182364-01,-0.008485872884759096,1,2,1,2,0.5,0.1485148514851485,0.48126839710998126,7.0,Computational reversal candidate for further investigation.,405
BRD-A67438293,-0.00844252124247822,1,1,1,1,1.0,0.21782178217821782,0.6159630113954792,5.0,Computational reversal candidate for further investigation.,406
s2004,-0.008357946812305452,1,2,1,2,0.5,0.2079207920792079,0.5978346036042453,7.0,Computational reversal candidate for further investigation.,407
BRD-K11611839,-0.008319434217518192,1,1,1,1,1.0,0.26732673267326734,0.684881949733435,6.0,Computational reversal candidate for further investigation.,408
ku 0060648 trihydrochloride,-0.00823593143931442,6,9,6,9,0.6666666666666666,0.1782178217821782,0.5409700463717257,7.333333333333333,Computational reversal candidate for further investigation.,409
piretanide,-0.008221379769362918,1,1,1,1,1.0,0.27722772277227725,0.693937452200335,6.0,Computational reversal candidate for further investigation.,410
BRD-K56343971,-0.008206280688271865,3,4,3,4,0.75,0.26732673267326734,0.684881949733435,7.75,Computational reversal candidate for further investigation.,411
s1095,-0.008070801648981493,1,1,1,1,1.0,0.27722772277227725,0.693937452200335,5.0,Computational reversal candidate for further investigation.,412
cgs 12066b,-0.008069673870846252,1,1,1,1,1.0,0.22772277227722773,0.629123511429484,6.0,Computational reversal candidate for further investigation.,413
BRD-U51951544,-0.008063479123143352,4,6,4,6,0.6666666666666666,0.1485148514851485,0.48126839710998126,5.166666666666667,Computational reversal candidate for further investigation.,414
urapidil hydrochloride,-0.00806330872804648,1,1,1,1,1.0,0.27722772277227725,0.693937452200335,5.0,Computational reversal candidate for further investigation.,415
BRD-K85123403,-0.008049674392596195,1,1,1,1,1.0,0.25742574257425743,0.684881949733435,5.0,Computational reversal candidate for further investigation.,416
spb02303,-0.008048525744702384,1,1,1,1,1.0,0.297029702970297,0.7209283681404578,5.0,Computational reversal candidate for further investigation.,417
BRD-K95196255,-0.008025823636454408,3,4,3,4,0.75,0.18811881188118812,0.5555528459249867,6.25,Computational reversal candidate for further investigation.,418
s1362,-0.008024917827763628,1,1,1,1,1.0,0.26732673267326734,0.684881949733435,5.0,Computational reversal candidate for further investigation.,419
ncgc00165199-01,-0.00788440671881591,3,5,3,5,0.6,0.16831683168316833,0.5228287077412405,6.0,Computational reversal candidate for further investigation.,420
cay10618,-0.007844180838321533,2,3,2,3,0.6666666666666666,0.19801980198019803,0.5776782057767821,6.333333333333333,Computational reversal candidate for further investigation.,421
mln4924,-0.007841218536987524,5,7,5,7,0.7142857142857143,0.12871287128712872,0.437186211539001,7.0,Computational reversal candidate for further investigation.,422
BRD-K19166598,-0.007812673141149425,2,3,2,3,0.6666666666666666,0.1188118811881188,0.4141146672806815,6.0,Computational reversal candidate for further investigation.,423
norethynodrel,-0.007795927342607602,1,1,1,1,1.0,0.27722772277227725,0.693937452200335,6.0,Computational reversal candidate for further investigation.,424
mibefradil dihydrochloride,-0.007767394194761718,1,1,1,1,1.0,0.18811881188118812,0.5555528459249867,5.0,Computational reversal candidate for further investigation.,425
sb 225002,-0.0076883424186417835,2,3,2,3,0.6666666666666666,0.22772277227722773,0.629123511429484,5.666666666666667,Computational reversal candidate for further investigation.,426
ncgc00183412-01,-0.007680354769639915,1,1,1,1,1.0,0.26732673267326734,0.684881949733435,5.0,Computational reversal candidate for further investigation.,427
cdc,-0.007643046084882298,1,1,1,1,1.0,0.26732673267326734,0.684881949733435,7.0,Computational reversal candidate for further investigation.,428
BRD-K23657553,-0.007638539106258626,1,1,1,1,1.0,0.3069306930693069,0.7301783749803552,5.0,Computational reversal candidate for further investigation.,429
vorinostat,-0.0076109725102451314,47,67,179,218,0.7014925373134329,0.09900990099009901,0.37331091599726013,7.261467889908257,Computational reversal candidate for further investigation.,430
ncgc00166395-02,-0.007610941349509083,2,2,2,2,1.0,0.21782178217821782,0.6159630113954792,5.0,Computational reversal candidate for further investigation.,431
vx-680,-0.007578164868485424,3,4,3,4,0.75,0.27722772277227725,0.693937452200335,6.75,Computational reversal candidate for further investigation.,432
ncgc00241357-01,-0.0074750591984183695,1,1,1,1,1.0,0.3564356435643564,0.8063515785540818,5.0,Computational reversal candidate for further investigation.,433
quinacrine dihydrochloride dihydrate,-0.007427557401537255,8,11,9,12,0.7272727272727273,0.13861386138613863,0.4578457845784579,6.416666666666667,Computational reversal candidate for further investigation.,434
BRD-K97701319,-0.00741718826269962,1,1,1,1,1.0,0.36633663366336633,0.816426809967242,7.0,Computational reversal candidate for further investigation.,435
valdecoxib,-0.007348491688113338,3,5,3,5,0.6,0.13861386138613863,0.4578457845784579,6.2,Computational reversal candidate for further investigation.,436
BRD-K77877933,-0.007289095941513545,2,2,2,2,1.0,0.19801980198019803,0.5776782057767821,6.0,Computational reversal candidate for further investigation.,437
doxorubicin,-0.00721327532319573,5,7,6,9,0.7142857142857143,0.18811881188118812,0.5555528459249867,7.111111111111111,Computational reversal candidate for further investigation.,438
oxymetholone,-0.0071573828992321795,1,1,1,1,1.0,0.36633663366336633,0.816426809967242,7.0,Computational reversal candidate for further investigation.,439
BRD-K89626439,-0.007150711341535761,1,1,1,1,1.0,0.2871287128712871,0.7040231630525016,6.0,Computational reversal candidate for further investigation.,440
topotecan hcl,-0.0071493311394051915,2,3,3,4,0.6666666666666666,0.22772277227722773,0.629123511429484,6.75,Computational reversal candidate for further investigation.,441
BRD-A95445494,-0.007136568266965905,1,1,1,1,1.0,0.26732673267326734,0.684881949733435,5.0,Computational reversal candidate for further investigation.,442
doxepin hydrochloride,-0.007077866832182448,1,1,1,1,1.0,0.26732673267326734,0.684881949733435,5.0,Computational reversal candidate for further investigation.,443
s1154,-0.007023869781318932,1,1,1,1,1.0,0.21782178217821782,0.6159630113954792,6.0,Computational reversal candidate for further investigation.,444
BRD-K19181733,-0.006969313520127309,1,1,1,1,1.0,0.22772277227722773,0.629123511429484,5.0,Computational reversal candidate for further investigation.,445
rf 01079,-0.006928164759919798,1,1,1,1,1.0,0.3069306930693069,0.7301783749803552,5.0,Computational reversal candidate for further investigation.,446
BRD-K64606589,-0.006853431235199361,4,6,4,6,0.6666666666666666,0.24752475247524752,0.6669262431861163,5.833333333333333,Computational reversal candidate for further investigation.,447
d-64131,-0.006847287406637653,3,3,3,3,1.0,0.1485148514851485,0.48126839710998126,5.666666666666667,Computational reversal candidate for further investigation.,448
cct 018159,-0.006822254070624677,1,1,1,1,1.0,0.36633663366336633,0.816426809967242,7.0,Computational reversal candidate for further investigation.,449
olaparib,-0.00674975541107143,1,2,1,2,0.5,0.26732673267326734,0.684881949733435,5.0,Computational reversal candidate for further investigation.,450
cgp 71683 hydrochloride,-0.006744084982387574,2,4,2,4,0.5,0.1782178217821782,0.5409700463717257,8.0,Computational reversal candidate for further investigation.,451
GSK-461364,-0.006678687498010314,5,7,5,7,0.7142857142857143,0.12871287128712872,0.437186211539001,5.857142857142857,Computational reversal candidate for further investigation.,452
ei-293,-0.0065935578991463024,1,1,1,1,1.0,0.32673267326732675,0.7592102233479162,9.0,Computational reversal candidate for further investigation.,453
dorsomorphin dihydrochloride,-0.006568124310941416,12,17,14,19,0.7058823529411765,0.15841584158415842,0.5011625173071397,6.315789473684211,Computational reversal candidate for further investigation.,454
BRD-K32896438,-0.006457926206037504,3,4,3,4,0.75,0.297029702970297,0.7209283681404578,5.5,Computational reversal candidate for further investigation.,455
BRD-A15010982,-0.00640222542321684,1,1,1,1,1.0,0.3069306930693069,0.7301783749803552,5.0,Computational reversal candidate for further investigation.,456
dichlorobenzamil,-0.006391484147814145,1,1,1,1,1.0,0.2871287128712871,0.7040231630525016,8.0,Computational reversal candidate for further investigation.,457
BRD-K04534322,-0.006391095253975551,1,1,1,1,1.0,0.26732673267326734,0.684881949733435,7.0,Computational reversal candidate for further investigation.,458
km 00927,-0.0063872101758449314,7,10,7,10,0.7,0.19801980198019803,0.5776782057767821,7.4,Computational reversal candidate for further investigation.,459
ncgc00182371-01,-0.006356878792112291,1,1,1,1,1.0,0.26732673267326734,0.684881949733435,10.0,Computational reversal candidate for further investigation.,460
skf 89976a hydrochloride,-0.006308759779976641,1,1,1,1,1.0,0.26732673267326734,0.684881949733435,5.0,Computational reversal candidate for further investigation.,461
peitc,-0.006257114905265954,1,2,1,2,0.5,0.12871287128712872,0.437186211539001,6.5,Computational reversal candidate for further investigation.,462
CYT387,-0.006177896819227957,4,6,4,6,0.6666666666666666,0.10891089108910891,0.39691233561046074,6.166666666666667,Computational reversal candidate for further investigation.,463
ncgc00182362-01,-0.006133009140620013,1,1,1,1,1.0,0.22772277227722773,0.629123511429484,5.0,Computational reversal candidate for further investigation.,464
jfd02227,-0.006055725093487261,1,1,1,1,1.0,0.37623762376237624,0.8292443214909726,7.0,Computational reversal candidate for further investigation.,465
gitoxigenin,-0.006024843977477332,1,1,1,1,1.0,0.2871287128712871,0.7040231630525016,6.0,Computational reversal candidate for further investigation.,466
minoxidil,-0.005785094596497089,1,1,1,1,1.0,0.3069306930693069,0.7301783749803552,7.0,Computational reversal candidate for further investigation.,467
cgp 57380,-0.00577646888142477,1,1,1,1,1.0,0.26732673267326734,0.684881949733435,5.0,Computational reversal candidate for further investigation.,468
BRD-K10649245,-0.0057733839160345425,1,1,1,1,1.0,0.297029702970297,0.7209283681404578,5.0,Computational reversal candidate for further investigation.,469
tg101348,-0.0056871787447690175,8,15,8,15,0.5333333333333333,0.25742574257425743,0.684881949733435,6.333333333333333,Computational reversal candidate for further investigation.,470
stk249718,-0.005642869204656322,1,1,1,1,1.0,0.37623762376237624,0.8292443214909726,5.0,Computational reversal candidate for further investigation.,471
bi 2536,-0.005467145244467754,12,20,12,20,0.6,0.22772277227722773,0.629123511429484,6.6,Computational reversal candidate for further investigation.,472
hy-11009,-0.005457743711237754,4,4,4,4,1.0,0.27722772277227725,0.693937452200335,6.0,Computational reversal candidate for further investigation.,473
trichostatin a,-0.005456703974941999,23,29,132,150,0.7931034482758621,0.18811881188118812,0.5555528459249867,7.273333333333333,Computational reversal candidate for further investigation.,474
pd 407824,-0.005336360376790028,1,1,1,1,1.0,0.297029702970297,0.7209283681404578,5.0,Computational reversal candidate for further investigation.,475
triptolide,-0.005292797454746723,2,4,2,4,0.5,0.32673267326732675,0.7592102233479162,8.0,Computational reversal candidate for further investigation.,476
BRD-K75081836,-0.005282828968074011,4,6,4,6,0.6666666666666666,0.24752475247524752,0.6669262431861163,6.833333333333333,Computational reversal candidate for further investigation.,477
epirubicin hydrochloride,-0.005271569429682314,5,8,6,9,0.625,0.26732673267326734,0.684881949733435,5.777777777777778,Computational reversal candidate for further investigation.,478
fluticasone propionate,-0.005233653140078574,1,1,1,1,1.0,0.3069306930693069,0.7301783749803552,5.0,Computational reversal candidate for further investigation.,479
prestw-550,-0.005231829296336112,1,2,1,2,0.5,0.3564356435643564,0.8063515785540818,5.0,Computational reversal candidate for further investigation.,480
BRD-K67870070,-0.005211965794915534,1,1,1,1,1.0,0.25742574257425743,0.684881949733435,6.0,Computational reversal candidate for further investigation.,481
BRD-A62809825,-0.0051947008187613625,4,6,4,6,0.6666666666666666,0.32673267326732675,0.7592102233479162,7.5,Computational reversal candidate for further investigation.,482
RAF 265,-0.005110867830927289,3,6,3,6,0.5,0.1485148514851485,0.48126839710998126,6.333333333333333,Computational reversal candidate for further investigation.,483
ncgc00188740-01,-0.0050998447309577016,1,1,1,1,1.0,0.3069306930693069,0.7301783749803552,5.0,Computational reversal candidate for further investigation.,484
calpeptin,-0.0050922891746210345,1,2,1,2,0.5,0.1782178217821782,0.5409700463717257,6.5,Computational reversal candidate for further investigation.,485
beclomethasone dipropionate,-0.005046058245738695,1,1,1,1,1.0,0.2376237623762376,0.6504814865048147,5.0,Computational reversal candidate for further investigation.,486
hy-11001,-0.005021558563626799,5,6,5,6,0.8333333333333334,0.297029702970297,0.7209283681404578,7.0,Computational reversal candidate for further investigation.,487
BRD-K79390395,-0.005003765183921078,1,2,1,2,0.5,0.26732673267326734,0.684881949733435,6.5,Computational reversal candidate for further investigation.,488
BRD-K55722623,-0.004991351366816648,1,1,1,1,1.0,0.2871287128712871,0.7040231630525016,7.0,Computational reversal candidate for further investigation.,489
BRD-K23478508 (digoxin),-0.004943836492668922,3,5,3,5,0.6,0.24752475247524752,0.6669262431861163,7.2,Computational reversal candidate for further investigation.,490
BRD-K70161581,-0.004937132850416975,2,4,2,4,0.5,0.16831683168316833,0.5228287077412405,5.5,Computational reversal candidate for further investigation.,491
LY2603618,-0.004917349860101633,6,8,6,8,0.75,0.16831683168316833,0.5228287077412405,8.625,Computational reversal candidate for further investigation.,492
lawsone,-0.004908010792107565,1,1,1,1,1.0,0.3069306930693069,0.7301783749803552,5.0,Computational reversal candidate for further investigation.,493
parbendazole,-0.004897777163342696,2,3,2,3,0.6666666666666666,0.25742574257425743,0.684881949733435,6.0,Computational reversal candidate for further investigation.,494
atpa,-0.004854143643105882,1,1,1,1,1.0,0.2376237623762376,0.6504814865048147,5.0,Computational reversal candidate for further investigation.,495
BRD-K87909389,-0.004832216277102493,5,7,6,8,0.7142857142857143,0.2871287128712871,0.7040231630525016,6.5,Computational reversal candidate for further investigation.,496
rhodomyrtoxin b,-0.004818927612562665,2,4,2,4,0.5,0.27722772277227725,0.693937452200335,6.5,Computational reversal candidate for further investigation.,497
penfluridol,-0.004763386255130991,6,8,6,8,0.75,0.19801980198019803,0.5776782057767821,5.75,Computational reversal candidate for further investigation.,498
ncgc00184830-01,-0.004620095472550725,1,1,1,1,1.0,0.504950495049505,1.0,6.0,Computational reversal candidate for further investigation.,499
BRD-K26664453,-0.004496749931072263,5,5,5,5,1.0,0.2871287128712871,0.7040231630525016,7.0,Computational reversal candidate for further investigation.,500
evista,-0.0044170521026725106,1,1,1,1,1.0,0.22772277227722773,0.629123511429484,6.0,Computational reversal candidate for further investigation.,501
hli 373,-0.004382100284028687,4,6,4,6,0.6666666666666666,0.32673267326732675,0.7592102233479162,6.833333333333333,Computational reversal candidate for further investigation.,502
BRD-K09854848,-0.004365997273436367,1,2,1,2,0.5,0.3564356435643564,0.8063515785540818,5.5,Computational reversal candidate for further investigation.,503
teniposide,-0.004343543552704344,9,17,10,19,0.5294117647058824,0.24752475247524752,0.6669262431861163,6.578947368421052,Computational reversal candidate for further investigation.,504
bibr1532,-0.004339505275307119,1,2,1,2,0.5,0.36633663366336633,0.816426809967242,6.5,Computational reversal candidate for further investigation.,505
BRD-K32485462,-0.004339127506893884,1,1,1,1,1.0,0.22772277227722773,0.629123511429484,5.0,Computational reversal candidate for further investigation.,506
BRD-K01834163,-0.00429414662962303,1,1,1,1,1.0,0.3465346534653465,0.7944456013478977,5.0,Computational reversal candidate for further investigation.,507
BRD-A75931230,-0.004287311329259925,1,2,1,2,0.5,0.31683168316831684,0.74779761440711,6.0,Computational reversal candidate for further investigation.,508
NPK76-II-72-1,-0.00420469852873419,2,2,2,2,1.0,0.21782178217821782,0.6159630113954792,5.5,Computational reversal candidate for further investigation.,509
ncgc00185837-02,-0.004189439012854359,1,1,1,1,1.0,0.3069306930693069,0.7301783749803552,5.0,Computational reversal candidate for further investigation.,510
cyclopiazonic acid,-0.004171856534037108,2,2,2,2,1.0,0.2871287128712871,0.7040231630525016,5.5,Computational reversal candidate for further investigation.,511
isoreserpine,-0.0041673215162598394,1,1,1,1,1.0,0.44554455445544555,0.9274443069306931,6.0,Computational reversal candidate for further investigation.,512
yc-1,-0.004090111439530526,1,1,1,1,1.0,0.36633663366336633,0.816426809967242,6.0,Computational reversal candidate for further investigation.,513
"mapp, d-erythro",-0.0040461686981594965,1,1,1,1,1.0,0.3465346534653465,0.7944456013478977,5.0,Computational reversal candidate for further investigation.,514
pf 750,-0.004030338944399728,2,4,2,4,0.5,0.21782178217821782,0.6159630113954792,6.25,Computational reversal candidate for further investigation.,515
flurandrenolide,-0.004013001274675348,2,2,3,3,1.0,0.2871287128712871,0.7040231630525016,5.333333333333333,Computational reversal candidate for further investigation.,516
ei-155,-0.004005222755192263,1,1,1,1,1.0,0.32673267326732675,0.7592102233479162,6.0,Computational reversal candidate for further investigation.,517
AZD-7762,-0.003995567362624804,13,23,13,23,0.5652173913043478,0.15841584158415842,0.5011625173071397,7.043478260869565,Computational reversal candidate for further investigation.,518
pp3,-0.003932912585659157,1,1,1,1,1.0,0.3069306930693069,0.7301783749803552,5.0,Computational reversal candidate for further investigation.,519
s1475,-0.003911172401123382,1,1,1,1,1.0,0.27722772277227725,0.693937452200335,5.0,Computational reversal candidate for further investigation.,520
BRD-K33720394,-0.003872877157370269,1,1,1,1,1.0,0.37623762376237624,0.8292443214909726,5.0,Computational reversal candidate for further investigation.,521
pi 828,-0.0038715897033854323,1,1,1,1,1.0,0.38613861386138615,0.8448543759485438,6.0,Computational reversal candidate for further investigation.,522
idarubicin hcl,-0.0038558308666013707,3,3,3,3,1.0,0.37623762376237624,0.8292443214909726,5.333333333333333,Computational reversal candidate for further investigation.,523
BRD-K53780220,-0.003748965010034025,2,2,2,2,1.0,0.42574257425742573,0.9002916164632336,10.0,Computational reversal candidate for further investigation.,524
quinine hemisulfate salt monohydrate,-0.003713074118014783,1,1,1,1,1.0,0.33663366336633666,0.7776951105515176,5.0,Computational reversal candidate for further investigation.,525
BRD-K89692698,-0.0036491974756122847,1,1,1,1,1.0,0.31683168316831684,0.74779761440711,5.0,Computational reversal candidate for further investigation.,526
BRD-K68202742 (trichostatin a),-0.0036038439504633207,7,13,8,17,0.5384615384615384,0.25742574257425743,0.684881949733435,7.352941176470588,Computational reversal candidate for further investigation.,527
BRD-A60245366,-0.0035962662765998193,3,3,3,3,1.0,0.43564356435643564,0.9147751903036189,6.333333333333333,Computational reversal candidate for further investigation.,528
BRD-K06009608,-0.0035708837986945375,1,2,1,2,0.5,0.32673267326732675,0.7592102233479162,6.5,Computational reversal candidate for further investigation.,529
np-009265,-0.003528239400350484,1,2,1,2,0.5,0.42574257425742573,0.9002916164632336,5.5,Computational reversal candidate for further investigation.,530
sulfaguanidine,-0.0033444412158672053,1,1,1,1,1.0,0.36633663366336633,0.816426809967242,7.0,Computational reversal candidate for further investigation.,531
clemastine fumarate,-0.0032822335055339427,1,1,1,1,1.0,0.22772277227722773,0.629123511429484,6.0,Computational reversal candidate for further investigation.,532
BRD-K17953061,-0.003237774064352855,3,5,3,5,0.6,0.3465346534653465,0.7944456013478977,5.6,Computational reversal candidate for further investigation.,533
l-6307,-0.003203287161415114,2,3,2,3,0.6666666666666666,0.38613861386138615,0.8448543759485438,5.666666666666667,Computational reversal candidate for further investigation.,534
BRD-K02646507,-0.003180512017396768,1,1,1,1,1.0,0.36633663366336633,0.816426809967242,5.0,Computational reversal candidate for further investigation.,535
pdgf receptor tyrosine kinase inhibitor i,-0.003177235856937604,1,1,1,1,1.0,0.45544554455445546,0.9431419825920416,5.0,Computational reversal candidate for further investigation.,536
ncgc00238536-01,-0.0030277324752780847,1,1,1,1,1.0,0.3564356435643564,0.8063515785540818,5.0,Computational reversal candidate for further investigation.,537
chaetocin,-0.002998993314459744,8,14,8,14,0.5714285714285714,0.2871287128712871,0.7040231630525016,6.428571428571429,Computational reversal candidate for further investigation.,538
gr 159897,-0.002986492265784297,1,1,1,1,1.0,0.4752475247524752,0.9707355744092295,5.0,Computational reversal candidate for further investigation.,539
cyclosporine,-0.00296586280475269,3,4,3,4,0.75,0.40594059405940597,0.8785609607892197,5.5,Computational reversal candidate for further investigation.,540
BRD-K10846167,-0.002962843311268679,2,4,2,4,0.5,0.42574257425742573,0.9002916164632336,6.75,Computational reversal candidate for further investigation.,541
daunorubicin hydrochloride,-0.0029494811338245,5,10,5,10,0.5,0.32673267326732675,0.7592102233479162,6.3,Computational reversal candidate for further investigation.,542
ag 18,-0.0029388334118743338,1,1,1,1,1.0,0.31683168316831684,0.74779761440711,5.0,Computational reversal candidate for further investigation.,543
ribavirin,-0.002937273586520844,1,1,1,1,1.0,0.3564356435643564,0.8063515785540818,5.0,Computational reversal candidate for further investigation.,544
BRD-K01896723,-0.002929180377780934,4,5,4,5,0.8,0.42574257425742573,0.9002916164632336,6.4,Computational reversal candidate for further investigation.,545
BRD-K41859756,-0.002843375988850169,7,11,7,11,0.6363636363636364,0.33663366336633666,0.7776951105515176,6.090909090909091,Computational reversal candidate for further investigation.,546
s1142,-0.002828139539681431,1,1,1,1,1.0,0.31683168316831684,0.74779761440711,5.0,Computational reversal candidate for further investigation.,547
BRD-K02458594,-0.002824800692851682,1,1,1,1,1.0,0.39603960396039606,0.8649389529116847,5.0,Computational reversal candidate for further investigation.,548
st4066738,-0.002769951646722905,1,1,1,1,1.0,0.36633663366336633,0.816426809967242,5.0,Computational reversal candidate for further investigation.,549
BRD-K80786583,-0.0027302017851720097,2,3,2,3,0.6666666666666666,0.40594059405940597,0.8785609607892197,5.333333333333333,Computational reversal candidate for further investigation.,550
malonoben,-0.002650738712561237,2,4,2,4,0.5,0.3069306930693069,0.7301783749803552,6.75,Computational reversal candidate for further investigation.,551
dg-041,-0.0025966711537131586,4,7,4,7,0.5714285714285714,0.32673267326732675,0.7592102233479162,7.142857142857143,Computational reversal candidate for further investigation.,552
tws119,-0.002573098910370555,3,5,3,5,0.6,0.3465346534653465,0.7944456013478977,6.4,Computational reversal candidate for further investigation.,553
zardaverine,-0.002492077163112864,1,1,1,1,1.0,0.38613861386138615,0.8448543759485438,7.0,Computational reversal candidate for further investigation.,554
BRD-K45044657,-0.0024535866258337973,1,1,1,1,1.0,0.40594059405940597,0.8785609607892197,5.0,Computational reversal candidate for further investigation.,555
carbacyclin,-0.0023425724021911877,1,1,1,1,1.0,0.3564356435643564,0.8063515785540818,5.0,Computational reversal candidate for further investigation.,556
t018500,-0.0023380227505780914,1,1,1,1,1.0,0.38613861386138615,0.8448543759485438,5.0,Computational reversal candidate for further investigation.,557
nnc 55-0396 dihydrochloride,-0.0022763973596067154,2,3,2,3,0.6666666666666666,0.37623762376237624,0.8292443214909726,6.333333333333333,Computational reversal candidate for further investigation.,558
BRD-K18726304,-0.0022155724300129106,1,1,1,1,1.0,0.46534653465346537,0.9586778265455412,5.0,Computational reversal candidate for further investigation.,559
t5247673,-0.002144406807962491,1,1,1,1,1.0,0.44554455445544555,0.9274443069306931,5.0,Computational reversal candidate for further investigation.,560
BRD-K36055864 (cycloheximide),-0.002131377254021843,2,4,2,4,0.5,0.48514851485148514,0.9875943451730571,6.25,Computational reversal candidate for further investigation.,561
BRD-K88832793,-0.002123940783860255,1,1,1,1,1.0,0.43564356435643564,0.9147751903036189,7.0,Computational reversal candidate for further investigation.,562
BRD-K29143967,-0.002080092832650155,1,1,1,1,1.0,0.4158415841584158,0.8887594641817123,6.0,Computational reversal candidate for further investigation.,563
BRD-U33728988,-0.0020356308645149857,2,3,2,3,0.6666666666666666,0.4158415841584158,0.8887594641817123,7.666666666666667,Computational reversal candidate for further investigation.,564
ncgc00165289-01,-0.0019921446249889225,3,6,3,6,0.5,0.4158415841584158,0.8887594641817123,6.5,Computational reversal candidate for further investigation.,565
"l-690,330",-0.001960355181379328,1,1,1,1,1.0,0.45544554455445546,0.9431419825920416,5.0,Computational reversal candidate for further investigation.,566
bisacodyl,-0.00189177416377903,1,2,1,2,0.5,0.40594059405940597,0.8785609607892197,6.0,Computational reversal candidate for further investigation.,567
ku-0063794,-0.0018601287661399795,2,3,2,3,0.6666666666666666,0.43564356435643564,0.9147751903036189,5.333333333333333,Computational reversal candidate for further investigation.,568
BRD-K88542532,-0.0017297198588128821,1,1,1,1,1.0,0.33663366336633666,0.7776951105515176,5.0,Computational reversal candidate for further investigation.,569
a-275,-0.0016387335765862786,1,2,1,2,0.5,0.49504950495049505,0.9925825358455577,5.5,Computational reversal candidate for further investigation.,570
inhibitor bec hydrochloride,-0.00152697670904481,1,2,1,2,0.5,0.37623762376237624,0.8292443214909726,5.0,Computational reversal candidate for further investigation.,571
BRD-K07023879,-0.0015044898313194104,2,2,2,2,1.0,0.4158415841584158,0.8887594641817123,6.0,Computational reversal candidate for further investigation.,572
BRD-K20000640,-0.001490966470399942,1,1,1,1,1.0,0.44554455445544555,0.9274443069306931,5.0,Computational reversal candidate for further investigation.,573
jnj 10191584 maleate,-0.0014892766570548102,1,1,1,1,1.0,0.4752475247524752,0.9707355744092295,5.0,Computational reversal candidate for further investigation.,574
fccp,-0.0014814403713516314,2,3,2,3,0.6666666666666666,0.504950495049505,1.0,8.0,Computational reversal candidate for further investigation.,575
BRD-K26304855,-0.0014738571342482742,1,2,1,2,0.5,0.43564356435643564,0.9147751903036189,5.0,Computational reversal candidate for further investigation.,576
s1057,-0.0014320534279286794,1,2,1,2,0.5,0.4158415841584158,0.8887594641817123,10.0,Computational reversal candidate for further investigation.,577
daphnetin,-0.001401116417985823,1,1,1,1,1.0,0.4158415841584158,0.8887594641817123,5.0,Computational reversal candidate for further investigation.,578
ncgc00181799-01,-0.0013908420252856744,1,1,1,1,1.0,0.4752475247524752,0.9707355744092295,8.0,Computational reversal candidate for further investigation.,579
BRD-K46373671,-0.0013506246593157061,1,1,1,1,1.0,0.49504950495049505,0.9925825358455577,5.0,Computational reversal candidate for further investigation.,580
BRD-K96076993,-0.0012338331628015823,1,1,1,1,1.0,0.4158415841584158,0.8887594641817123,6.0,Computational reversal candidate for further investigation.,581
BRD-A51777634,-0.0011929552672808432,3,6,3,6,0.5,0.44554455445544555,0.9274443069306931,5.666666666666667,Computational reversal candidate for further investigation.,582
jak3 inhibitor vi,-0.0011432755148596324,2,4,2,4,0.5,0.42574257425742573,0.9002916164632336,6.25,Computational reversal candidate for further investigation.,583
BRD-K72238567,-0.0010464593515341174,3,5,3,5,0.6,0.49504950495049505,0.9925825358455577,6.6,Computational reversal candidate for further investigation.,584
rho kinase inhibitor iii [rockout],-0.0009628723936354819,1,1,1,1,1.0,0.3564356435643564,0.8063515785540818,5.0,Computational reversal candidate for further investigation.,585
methyltestosterone,-0.0009225088755517056,1,1,1,1,1.0,0.5445544554455446,1.0,6.0,Computational reversal candidate for further investigation.,586
artesunate,-0.0009083626737048248,2,3,2,3,0.6666666666666666,0.4752475247524752,0.9707355744092295,5.0,Computational reversal candidate for further investigation.,587
t542500,-0.0008924254421578334,5,9,5,9,0.5555555555555556,0.44554455445544555,0.9274443069306931,6.333333333333333,Computational reversal candidate for further investigation.,588
methylandrostenediol,-0.0008536672961753193,1,1,1,1,1.0,0.5247524752475248,1.0,5.0,Computational reversal candidate for further investigation.,589
emetine,-0.0008165515367593264,7,13,8,14,0.5384615384615384,0.5445544554455446,1.0,8.142857142857142,Computational reversal candidate for further investigation.,590
CP466722,-0.0007922490546756625,2,3,2,3,0.6666666666666666,0.46534653465346537,0.9586778265455412,8.666666666666666,Computational reversal candidate for further investigation.,591
wortmannin,-0.0007580323742834702,6,11,13,28,0.5454545454545454,0.49504950495049505,0.9925825358455577,5.75,Computational reversal candidate for further investigation.,592
hy-50940,-0.0006901791477448064,2,4,2,4,0.5,0.504950495049505,1.0,6.25,Computational reversal candidate for further investigation.,593
ei-156,-0.00066882326072637,1,2,1,2,0.5,0.49504950495049505,0.9925825358455577,5.0,Computational reversal candidate for further investigation.,594
dexamethasone,-0.0006362159852483593,2,2,2,2,1.0,0.5148514851485149,1.0,5.0,Computational reversal candidate for further investigation.,595
lumicolchicine gamma,-0.0005896072217575956,1,1,1,1,1.0,0.5148514851485149,1.0,6.0,Computational reversal candidate for further investigation.,596
gbr 13069 dihydrochloride,-0.0005770420963413054,1,1,1,1,1.0,0.4752475247524752,0.9707355744092295,5.0,Computational reversal candidate for further investigation.,597
doxylamine succinate,-0.0004937912191606986,1,1,1,1,1.0,0.40594059405940597,0.8785609607892197,5.0,Computational reversal candidate for further investigation.,598
BRD-A75301702,-0.0003909106552962239,1,1,1,1,1.0,0.5346534653465347,1.0,5.0,Computational reversal candidate for further investigation.,599
BRD-K39757396,-0.00028723559415466324,1,1,1,1,1.0,0.5148514851485149,1.0,6.0,Computational reversal candidate for further investigation.,600
BRD-U82589721,-0.0002719352503596567,2,4,2,4,0.5,0.49504950495049505,0.9925825358455577,5.75,Computational reversal candidate for further investigation.,601
triciribine,-0.00017550077172328237,2,4,2,4,0.5,0.5148514851485149,1.0,5.75,Computational reversal candidate for further investigation.,602
BRD-K02113016,-0.00015022905125654674,1,2,1,2,0.5,0.5346534653465347,1.0,8.0,Computational reversal candidate for further investigation.,603
BRD-K56653679,-0.00011254264349868813,3,6,3,6,0.5,0.5445544554455446,1.0,6.666666666666667,Computational reversal candidate for further investigation.,604
amitriptyline hydrochloride,-3.410381383847465e-05,1,1,1,1,1.0,0.5346534653465347,1.0,5.0,Computational reversal candidate for further investigation.,605
bml-259,-2.523772924046836e-05,1,1,1,1,1.0,0.49504950495049505,0.9925825358455577,5.0,Computational reversal candidate for further investigation.,606
ag-879,-1.3467216709463388e-05,1,1,1,1,1.0,0.5148514851485149,1.0,5.0,Computational reversal candidate for further investigation.,607
isoxsuprine hydrochloride,0.0002503839515073103,0,1,0,1,0.0,0.6039603960396039,1.0,5.0,No aggregate reversal under this configuration.,608
thiazolopyrimidine,0.0002825414789954465,1,2,1,2,0.5,0.42574257425742573,0.9002916164632336,8.0,No aggregate reversal under this configuration.,609
ic 261,0.00031218047784422037,0,1,0,1,0.0,0.6039603960396039,1.0,5.0,No aggregate reversal under this configuration.,610
BRD-K05649647,0.00032073571967497147,2,5,2,5,0.4,0.5544554455445545,1.0,5.6,No aggregate reversal under this configuration.,611
mometasone furoate,0.00033698450902027756,0,1,0,1,0.0,0.5841584158415841,1.0,5.0,No aggregate reversal under this configuration.,612
mdl 72222,0.00033712569964165686,0,1,0,1,0.0,0.46534653465346537,0.9586778265455412,5.0,No aggregate reversal under this configuration.,613
modafinil,0.00035600867358760117,0,1,0,1,0.0,0.6138613861386139,1.0,6.0,No aggregate reversal under this configuration.,614
ursolic acid,0.0003887072005488686,2,4,2,4,0.5,0.5445544554455446,1.0,8.0,No aggregate reversal under this configuration.,615
BRD-K72451865,0.00039021147863582944,0,1,0,1,0.0,0.5643564356435643,1.0,5.0,No aggregate reversal under this configuration.,616
cymarin,0.0003928472924206068,4,9,4,9,0.4444444444444444,0.5346534653465347,1.0,5.555555555555555,No aggregate reversal under this configuration.,617
t5212475,0.0004614262353693911,3,6,3,7,0.5,0.45544554455445546,0.9431419825920416,6.142857142857143,No aggregate reversal under this configuration.,618
tripelennamine citrate,0.0004853677247418312,0,1,0,1,0.0,0.5742574257425742,1.0,5.0,No aggregate reversal under this configuration.,619
temsirolimus [ci779],0.0005967621821921626,1,2,1,2,0.5,0.5445544554455446,1.0,5.5,No aggregate reversal under this configuration.,620
mst- 312,0.0006397547065450891,1,3,1,3,0.3333333333333333,0.49504950495049505,0.9925825358455577,5.666666666666667,No aggregate reversal under this configuration.,621
BRD-A00420644,0.000732155018889331,0,1,0,1,0.0,0.693069306930693,1.0,5.0,No aggregate reversal under this configuration.,622
rosuvastatin calcium,0.0007643855802288747,0,1,0,1,0.0,0.6237623762376238,1.0,5.0,No aggregate reversal under this configuration.,623
olomoucine,0.0007956615351525972,0,1,0,1,0.0,0.5346534653465347,1.0,5.0,No aggregate reversal under this configuration.,624
halcinonide,0.0008293873943761281,0,1,0,1,0.0,0.49504950495049505,0.9925825358455577,7.0,No aggregate reversal under this configuration.,625
arp 101,0.0008539641243782096,4,9,6,13,0.4444444444444444,0.5247524752475248,1.0,7.076923076923077,No aggregate reversal under this configuration.,626
BRD-K90999434,0.0008757046016487392,0,1,0,1,0.0,0.6237623762376238,1.0,6.0,No aggregate reversal under this configuration.,627
t5323840,0.0009122839403318834,1,3,1,3,0.3333333333333333,0.5148514851485149,1.0,6.333333333333333,No aggregate reversal under this configuration.,628
hy-50878,0.0009181760553680762,0,1,0,1,0.0,0.5742574257425742,1.0,5.0,No aggregate reversal under this configuration.,629
k784-3188,0.0009200797322978099,2,4,2,5,0.5,0.5445544554455446,1.0,5.4,No aggregate reversal under this configuration.,630
BIX-02189,0.0009238845294608014,0,1,0,1,0.0,0.5841584158415841,1.0,6.0,No aggregate reversal under this configuration.,631
kf 38789,0.0009319341197332378,1,2,1,2,0.5,0.48514851485148514,0.9875943451730571,6.0,No aggregate reversal under this configuration.,632
ncgc00165188-01,0.0009429046748682651,0,1,0,1,0.0,0.6534653465346535,1.0,6.0,No aggregate reversal under this configuration.,633
arg-a1-22 brd-k91349888,0.0009726664124383253,0,1,0,1,0.0,0.5643564356435643,1.0,6.0,No aggregate reversal under this configuration.,634
1483-0018,0.0010012534047090169,0,1,0,1,0.0,0.5643564356435643,1.0,5.0,No aggregate reversal under this configuration.,635
BRD-K77681376,0.0010231957141012354,2,4,2,4,0.5,0.5247524752475248,1.0,6.5,No aggregate reversal under this configuration.,636
4-demethoxydaunorubicin hydrochloride (65),0.0010378832585073677,1,2,1,2,0.5,0.5643564356435643,1.0,7.5,No aggregate reversal under this configuration.,637
ncgc00188531-01,0.0011593598137608317,0,1,0,1,0.0,0.594059405940594,1.0,5.0,No aggregate reversal under this configuration.,638
hy-10044,0.0011594324251468532,0,2,0,2,0.0,0.594059405940594,1.0,6.0,No aggregate reversal under this configuration.,639
BRD-K08316444,0.001166964234911742,1,2,1,2,0.5,0.6138613861386139,1.0,5.5,No aggregate reversal under this configuration.,640
bithionate sodium,0.0011867928454996832,1,3,1,3,0.3333333333333333,0.6732673267326733,1.0,5.0,No aggregate reversal under this configuration.,641
BRD-A57107094,0.0012018470762956554,0,1,0,1,0.0,0.5445544554455446,1.0,9.0,No aggregate reversal under this configuration.,642
BRD-K35004659,0.0013162762584892768,0,1,0,1,0.0,0.5247524752475248,1.0,5.0,No aggregate reversal under this configuration.,643
tw 37,0.001332345103872182,4,10,4,10,0.4,0.6039603960396039,1.0,5.9,No aggregate reversal under this configuration.,644
hy-10459,0.0013377017805595555,2,5,2,5,0.4,0.5247524752475248,1.0,6.4,No aggregate reversal under this configuration.,645
np-004102,0.0013486596545059515,0,1,0,1,0.0,0.6633663366336634,1.0,7.0,No aggregate reversal under this configuration.,646
fk 888,0.0013496220213113416,0,1,0,1,0.0,0.594059405940594,1.0,5.0,No aggregate reversal under this configuration.,647
akti-1/2,0.0014040399524227606,2,5,2,5,0.4,0.6435643564356436,1.0,5.6,No aggregate reversal under this configuration.,648
camptothecin,0.0014129644223283481,2,4,2,4,0.5,0.5742574257425742,1.0,8.0,No aggregate reversal under this configuration.,649
BRD-K92158425,0.0014886448845334698,1,3,1,3,0.3333333333333333,0.594059405940594,1.0,6.666666666666667,No aggregate reversal under this configuration.,650
src kinase inhibitor ii,0.001509086392312297,0,1,0,1,0.0,0.5742574257425742,1.0,6.0,No aggregate reversal under this configuration.,651
BRD-K07403598,0.0015848117278038209,0,1,0,1,0.0,0.594059405940594,1.0,5.0,No aggregate reversal under this configuration.,652
BRD-K37865504,0.0015989215799195795,4,8,4,8,0.5,0.5643564356435643,1.0,6.0,No aggregate reversal under this configuration.,653
testosterone,0.0016150809042212878,0,1,0,1,0.0,0.6039603960396039,1.0,5.0,No aggregate reversal under this configuration.,654
thalidomide,0.0016152709763358995,0,1,0,1,0.0,0.6633663366336634,1.0,6.0,No aggregate reversal under this configuration.,655
BRD-K35424586,0.001632013594391423,1,2,1,2,0.5,0.5445544554455446,1.0,6.5,No aggregate reversal under this configuration.,656
KIN001-043,0.001703556007455113,8,17,8,17,0.47058823529411764,0.7029702970297029,1.0,7.9411764705882355,No aggregate reversal under this configuration.,657
azasetron,0.0017250014147436928,0,1,0,1,0.0,0.6138613861386139,1.0,5.0,No aggregate reversal under this configuration.,658
BRD-K03736784,0.001754140765830874,1,3,1,3,0.3333333333333333,0.5445544554455446,1.0,6.333333333333333,No aggregate reversal under this configuration.,659
chloroxine,0.0018391501282361503,1,3,1,3,0.3333333333333333,0.5841584158415841,1.0,5.666666666666667,No aggregate reversal under this configuration.,660
mitomycin c,0.001843683807076084,4,10,4,10,0.4,0.6831683168316832,1.0,6.6,No aggregate reversal under this configuration.,661
cccp,0.0018681988781554318,2,4,2,4,0.5,0.6237623762376238,1.0,6.0,No aggregate reversal under this configuration.,662
pp-110,0.0019313734864324994,3,8,3,8,0.375,0.6633663366336634,1.0,6.125,No aggregate reversal under this configuration.,663
promazine hydrochloride,0.00195890809925097,0,1,0,1,0.0,0.5841584158415841,1.0,5.0,No aggregate reversal under this configuration.,664
danazol,0.0020504522304096388,1,2,1,2,0.5,0.6336633663366337,1.0,5.5,No aggregate reversal under this configuration.,665
BRD-K99633092,0.002070761168967609,0,1,0,1,0.0,0.5742574257425742,1.0,7.0,No aggregate reversal under this configuration.,666
s1019,0.002094936196754875,0,1,0,1,0.0,0.5742574257425742,1.0,7.0,No aggregate reversal under this configuration.,667
BRD-K49371609,0.0021661732616171502,4,10,4,10,0.4,0.6831683168316832,1.0,7.6,No aggregate reversal under this configuration.,668
methyl benzethonium chloride,0.0021990036178326016,0,1,0,1,0.0,0.504950495049505,1.0,10.0,No aggregate reversal under this configuration.,669
BRD-K90735586,0.002218209744986375,1,2,1,2,0.5,0.6732673267326733,1.0,6.0,No aggregate reversal under this configuration.,670
s1017,0.002238674153286093,1,2,1,2,0.5,0.6237623762376238,1.0,5.5,No aggregate reversal under this configuration.,671
stk397047,0.0022735414369095003,1,2,1,2,0.5,0.6633663366336634,1.0,5.0,No aggregate reversal under this configuration.,672
nocodazole,0.002340807220388751,1,2,1,2,0.5,0.5643564356435643,1.0,5.5,No aggregate reversal under this configuration.,673
BRD-K53903639,0.002363290217251313,3,7,3,7,0.42857142857142855,0.6831683168316832,1.0,5.857142857142857,No aggregate reversal under this configuration.,674
NVP-BGJ398,0.0024166732979059875,1,2,1,2,0.5,0.6831683168316832,1.0,7.5,No aggregate reversal under this configuration.,675
cucurbitacin i,0.0024558668759630687,0,3,0,3,0.0,0.6138613861386139,1.0,7.0,No aggregate reversal under this configuration.,676
sb 218078,0.0024591464471526965,3,6,3,6,0.5,0.6831683168316832,1.0,6.166666666666667,No aggregate reversal under this configuration.,677
triclosan,0.0024778490514828838,1,2,1,2,0.5,0.5841584158415841,1.0,5.0,No aggregate reversal under this configuration.,678
cycloheximide,0.00248351361271338,4,10,7,13,0.4,0.693069306930693,1.0,7.153846153846154,No aggregate reversal under this configuration.,679
homosalate,0.002518612589487495,0,1,0,1,0.0,0.6732673267326733,1.0,5.0,No aggregate reversal under this configuration.,680
tyrphostin ag 1478,0.0025239121570668397,6,16,6,16,0.375,0.6435643564356436,1.0,6.9375,No aggregate reversal under this configuration.,681
selamectin,0.0026022607862298533,2,4,2,4,0.5,0.7029702970297029,1.0,6.5,No aggregate reversal under this configuration.,682
chelidonine (+),0.002749513552116582,1,4,1,4,0.25,0.6336633663366337,1.0,6.0,No aggregate reversal under this configuration.,683
BRD-K11795542,0.002755794886578836,0,1,0,1,0.0,0.5643564356435643,1.0,8.0,No aggregate reversal under this configuration.,684
ag 527,0.0028364642511832534,0,1,0,1,0.0,0.7128712871287128,1.0,6.0,No aggregate reversal under this configuration.,685
BRD-K80348542,0.002943473792586326,6,12,6,12,0.5,0.7425742574257426,1.0,7.416666666666667,No aggregate reversal under this configuration.,686
BRD-K34966483,0.002946463495971931,0,1,0,1,0.0,0.6237623762376238,1.0,5.0,No aggregate reversal under this configuration.,687
digoxin,0.0029475032997644166,6,14,9,21,0.42857142857142855,0.6633663366336634,1.0,6.380952380952381,No aggregate reversal under this configuration.,688
dactinomycin,0.0029621853959030985,1,3,1,3,0.3333333333333333,0.6237623762376238,1.0,5.666666666666667,No aggregate reversal under this configuration.,689
BRD-K15563106,0.002977929979602909,1,4,1,4,0.25,0.6138613861386139,1.0,6.25,No aggregate reversal under this configuration.,690
ro 31-8220 mesylate,0.0029985149680710034,2,4,3,5,0.5,0.6138613861386139,1.0,6.2,No aggregate reversal under this configuration.,691
ncgc00181801-01,0.003034713744777145,0,1,0,1,0.0,0.6435643564356436,1.0,9.0,No aggregate reversal under this configuration.,692
tegaserod,0.003074569790357683,0,2,0,2,0.0,0.6633663366336634,1.0,6.5,No aggregate reversal under this configuration.,693
cabergoline,0.003094733874965526,0,1,0,1,0.0,0.6138613861386139,1.0,5.0,No aggregate reversal under this configuration.,694
BRD-K86761848,0.003113709146770458,1,2,1,2,0.5,0.6633663366336634,1.0,6.0,No aggregate reversal under this configuration.,695
BRD-K88868628,0.0031317321631287266,1,2,1,2,0.5,0.6831683168316832,1.0,5.5,No aggregate reversal under this configuration.,696
hy-11068,0.0031429098124911613,0,1,0,1,0.0,0.6831683168316832,1.0,5.0,No aggregate reversal under this configuration.,697
BRD-A85891951,0.003182596992192398,0,1,0,1,0.0,0.5544554455445545,1.0,6.0,No aggregate reversal under this configuration.,698
dl-pdmp,0.00320522532885489,0,6,0,6,0.0,0.6732673267326733,1.0,8.166666666666666,No aggregate reversal under this configuration.,699
s1003,0.003410451550376902,1,3,1,3,0.3333333333333333,0.6732673267326733,1.0,6.0,No aggregate reversal under this configuration.,700
BRD-K21672423,0.003428547623383283,0,1,0,1,0.0,0.5841584158415841,1.0,5.0,No aggregate reversal under this configuration.,701
BRD-K14788918,0.0034356901993134008,1,2,1,2,0.5,0.6633663366336634,1.0,5.0,No aggregate reversal under this configuration.,702
terfenadine,0.003453359263231772,0,1,0,1,0.0,0.6534653465346535,1.0,6.0,No aggregate reversal under this configuration.,703
strophanthidin,0.0034584994647465592,3,7,3,7,0.42857142857142855,0.8217821782178217,1.0,7.142857142857143,No aggregate reversal under this configuration.,704
yk 4-279,0.003460804993398619,0,2,0,2,0.0,0.5643564356435643,1.0,6.5,No aggregate reversal under this configuration.,705
s1011,0.0034777231073855838,1,2,1,2,0.5,0.6237623762376238,1.0,5.5,No aggregate reversal under this configuration.,706
BRD-K71382703,0.0035331885315296697,0,1,0,1,0.0,0.7326732673267327,1.0,5.0,No aggregate reversal under this configuration.,707
ncgc00242340-01,0.0035352442623787592,0,1,0,1,0.0,0.6534653465346535,1.0,5.0,No aggregate reversal under this configuration.,708
5-nonyloxytryptamine,0.003552262444916741,1,2,1,2,0.5,0.6534653465346535,1.0,5.0,No aggregate reversal under this configuration.,709
fit,0.0036276149052774896,0,1,0,1,0.0,0.6534653465346535,1.0,6.0,No aggregate reversal under this configuration.,710
strophantine octahydrate,0.003642444832267758,2,4,2,4,0.5,0.7029702970297029,1.0,6.0,No aggregate reversal under this configuration.,711
ketoprofen,0.0036503947282389183,0,1,0,1,0.0,0.7524752475247525,1.0,5.0,No aggregate reversal under this configuration.,712
rottlerin,0.00365114429802483,0,2,0,2,0.0,0.594059405940594,1.0,6.5,No aggregate reversal under this configuration.,713
BRD-K80346834,0.0036616078774448523,0,1,0,1,0.0,0.693069306930693,1.0,5.0,No aggregate reversal under this configuration.,714
BRD-K71935468,0.0036913213960168734,0,1,0,1,0.0,0.5445544554455446,1.0,7.0,No aggregate reversal under this configuration.,715
BRD-K07877311,0.0037040953333595944,1,2,1,2,0.5,0.6138613861386139,1.0,7.5,No aggregate reversal under this configuration.,716
mrs 1220,0.0037213291762155775,1,2,1,2,0.5,0.7128712871287128,1.0,5.5,No aggregate reversal under this configuration.,717
hinokitiol,0.003832452657281935,1,3,1,3,0.3333333333333333,0.7821782178217822,1.0,6.333333333333333,No aggregate reversal under this configuration.,718
s1005,0.003883440671786501,0,1,0,1,0.0,0.693069306930693,1.0,6.0,No aggregate reversal under this configuration.,719
helveticoside,0.0039188298952675185,2,4,2,4,0.5,0.7029702970297029,1.0,6.75,No aggregate reversal under this configuration.,720
v4877,0.0039299138502518725,5,11,5,11,0.45454545454545453,0.7227722772277227,1.0,6.545454545454546,No aggregate reversal under this configuration.,721
bl-010,0.003944759068735627,0,1,0,1,0.0,0.6831683168316832,1.0,5.0,No aggregate reversal under this configuration.,722
brazilin,0.004073282334547956,1,2,1,2,0.5,0.6534653465346535,1.0,6.0,No aggregate reversal under this configuration.,723
BRD-K53414658,0.004094093223902549,2,4,2,4,0.5,0.7722772277227723,1.0,5.25,No aggregate reversal under this configuration.,724
(-)-gallocatechin gallate,0.00409631641156031,1,3,1,3,0.3333333333333333,0.7128712871287128,1.0,7.666666666666667,No aggregate reversal under this configuration.,725
BRD-K40175214,0.004164426790407902,0,1,0,1,0.0,0.6237623762376238,1.0,9.0,No aggregate reversal under this configuration.,726
s1130,0.004183662019581563,0,1,0,1,0.0,0.7821782178217822,1.0,5.0,No aggregate reversal under this configuration.,727
BRD-A18725729,0.004220155938426943,0,1,0,1,0.0,0.7524752475247525,1.0,5.0,No aggregate reversal under this configuration.,728
syk inhibitor,0.0042590540814368555,0,1,0,1,0.0,0.6534653465346535,1.0,5.0,No aggregate reversal under this configuration.,729
deoxycorticosterone,0.0043043381213882966,0,1,0,1,0.0,0.7326732673267327,1.0,5.0,No aggregate reversal under this configuration.,730
s1104,0.004304397312144564,1,3,1,3,0.3333333333333333,0.7623762376237624,1.0,5.666666666666667,No aggregate reversal under this configuration.,731
t7765,0.004340136243457888,3,8,3,8,0.375,0.7722772277227723,1.0,5.5,No aggregate reversal under this configuration.,732
hdac6 inhibitor isox,0.004345369512127463,9,22,9,22,0.4090909090909091,0.7425742574257426,1.0,7.2727272727272725,No aggregate reversal under this configuration.,733
ncgc00185094-01,0.004374861679557296,0,2,0,2,0.0,0.7128712871287128,1.0,5.0,No aggregate reversal under this configuration.,734
BRD-K49010888,0.004430321822014683,1,3,1,3,0.3333333333333333,0.6435643564356436,1.0,6.0,No aggregate reversal under this configuration.,735
GW-843682X,0.004463524357517007,3,7,3,7,0.42857142857142855,0.8811881188118812,1.0,5.714285714285714,No aggregate reversal under this configuration.,736
BRD-K37798499,0.004479306490342998,1,2,1,2,0.5,0.6534653465346535,1.0,6.5,No aggregate reversal under this configuration.,737
bo2 (inhibits rad51),0.004488983167181999,3,7,3,7,0.42857142857142855,0.7227722772277227,1.0,5.857142857142857,No aggregate reversal under this configuration.,738
BRD-K48950795,0.004532556691816153,0,1,0,1,0.0,0.6831683168316832,1.0,5.0,No aggregate reversal under this configuration.,739
r406,0.004554522318595502,1,2,1,2,0.5,0.693069306930693,1.0,6.0,No aggregate reversal under this configuration.,740
digoxigenin,0.004562081755876461,2,4,2,4,0.5,0.6336633663366337,1.0,8.0,No aggregate reversal under this configuration.,741
salermide,0.004576818593644583,2,13,2,13,0.15384615384615385,0.7524752475247525,1.0,6.538461538461538,No aggregate reversal under this configuration.,742
b4313,0.004603972364657658,0,1,0,1,0.0,0.6237623762376238,1.0,5.0,No aggregate reversal under this configuration.,743
diphenyleneiodonium chloride,0.004702213503722248,0,1,0,1,0.0,0.7227722772277227,1.0,10.0,No aggregate reversal under this configuration.,744
BRD-K53308430,0.004723458203261853,1,3,1,3,0.3333333333333333,0.6831683168316832,1.0,5.666666666666667,No aggregate reversal under this configuration.,745
BRD-K52075040,0.004809527529394787,2,7,2,7,0.2857142857142857,0.7722772277227723,1.0,7.0,No aggregate reversal under this configuration.,746
homoharringtonine,0.004820606133740822,5,14,6,21,0.35714285714285715,0.7920792079207921,1.0,7.904761904761905,No aggregate reversal under this configuration.,747
testosterone propionate,0.004822854816329319,0,1,0,1,0.0,0.7128712871287128,1.0,6.0,No aggregate reversal under this configuration.,748
dihydroergocristine,0.004824177666565744,0,1,0,1,0.0,0.7029702970297029,1.0,6.0,No aggregate reversal under this configuration.,749
6-diazo-5-oxo-l-norleucine,0.004898803822944093,0,1,0,1,0.0,0.7227722772277227,1.0,9.0,No aggregate reversal under this configuration.,750
BRD-K82837433,0.004909102827986745,0,1,0,1,0.0,0.7623762376237624,1.0,5.0,No aggregate reversal under this configuration.,751
BRD-A27640568,0.004935266873062237,0,1,0,1,0.0,0.7227722772277227,1.0,5.0,No aggregate reversal under this configuration.,752
BRD-A36630025,0.00497108925435562,8,24,8,24,0.3333333333333333,0.7722772277227723,1.0,6.625,No aggregate reversal under this configuration.,753
BRD-K96072942,0.005020572230019882,0,1,0,1,0.0,0.7029702970297029,1.0,5.0,No aggregate reversal under this configuration.,754
ncgc00185090-03,0.005071837771363488,1,2,1,2,0.5,0.7326732673267327,1.0,8.0,No aggregate reversal under this configuration.,755
a2478,0.005104214298224516,0,1,0,1,0.0,0.7524752475247525,1.0,5.0,No aggregate reversal under this configuration.,756
d3943,0.005130939959311946,0,1,0,1,0.0,0.7920792079207921,1.0,6.0,No aggregate reversal under this configuration.,757
BRD-K65955264,0.005185178436218021,0,1,0,1,0.0,0.693069306930693,1.0,10.0,No aggregate reversal under this configuration.,758
bx-795,0.0052011241393279655,3,9,3,9,0.3333333333333333,0.7524752475247525,1.0,5.888888888888889,No aggregate reversal under this configuration.,759
dc-45-a2,0.0052350699593656505,0,1,0,1,0.0,0.6138613861386139,1.0,6.0,No aggregate reversal under this configuration.,760
chloroguanide hydrochloride,0.005252755517042026,0,1,0,1,0.0,0.7029702970297029,1.0,5.0,No aggregate reversal under this configuration.,761
BRD-K74761218,0.005258661083027189,2,6,2,6,0.3333333333333333,0.8415841584158416,1.0,6.0,No aggregate reversal under this configuration.,762
BRD-K91145395,0.005316982471051239,1,4,1,4,0.25,0.6435643564356436,1.0,6.75,No aggregate reversal under this configuration.,763
"ingenol 3, 20-dibenzoate",0.005347786585616602,5,16,5,16,0.3125,0.7920792079207921,1.0,7.0,No aggregate reversal under this configuration.,764
mw-a1-12,0.005348530820362911,0,3,0,3,0.0,0.6633663366336634,1.0,6.333333333333333,No aggregate reversal under this configuration.,765
jak3 inhibitor ii,0.005364065839213082,0,1,0,1,0.0,0.6732673267326733,1.0,6.0,No aggregate reversal under this configuration.,766
anisomycin,0.005381082747877461,4,11,4,11,0.36363636363636365,0.7920792079207921,1.0,7.454545454545454,No aggregate reversal under this configuration.,767
BRD-K98834634,0.005393544649227446,0,1,0,1,0.0,0.7722772277227723,1.0,5.0,No aggregate reversal under this configuration.,768
tpca-1,0.005422751234112828,1,3,1,3,0.3333333333333333,0.7821782178217822,1.0,5.666666666666667,No aggregate reversal under this configuration.,769
pifithrin- ?,0.005432902985490652,1,7,1,7,0.14285714285714285,0.900990099009901,1.0,5.857142857142857,No aggregate reversal under this configuration.,770
d 4476,0.005475265657253203,0,1,0,1,0.0,0.7524752475247525,1.0,6.0,No aggregate reversal under this configuration.,771
ncgc00188536-01,0.005503921619459909,1,4,1,4,0.25,0.8118811881188119,1.0,5.0,No aggregate reversal under this configuration.,772
BRD-K50204028,0.005508128523527789,0,1,0,1,0.0,0.7326732673267327,1.0,5.0,No aggregate reversal under this configuration.,773
BRD-U86922168,0.0055218534479879525,2,6,2,6,0.3333333333333333,0.8415841584158416,1.0,5.333333333333333,No aggregate reversal under this configuration.,774
ver155008,0.00553542049381865,0,1,0,1,0.0,0.7227722772277227,1.0,5.0,No aggregate reversal under this configuration.,775
BRD-K71303366,0.005543379807612501,0,2,0,2,0.0,0.7524752475247525,1.0,6.0,No aggregate reversal under this configuration.,776
BRD-K84203638,0.0055874014204395734,2,5,2,5,0.4,0.8118811881188119,1.0,8.0,No aggregate reversal under this configuration.,777
"2,4-dideoxy-dc-45-a2",0.005590188432843437,1,2,1,2,0.5,0.7821782178217822,1.0,5.0,No aggregate reversal under this configuration.,778
16-hydroxytriptolide,0.005690278712066876,6,14,6,14,0.42857142857142855,0.8514851485148515,1.0,5.714285714285714,No aggregate reversal under this configuration.,779
tl hras26 brd-k01877528,0.005750294363499836,3,6,3,7,0.5,0.7623762376237624,1.0,6.285714285714286,No aggregate reversal under this configuration.,780
sulpiride,0.005774948200366049,0,1,0,1,0.0,0.8514851485148515,1.0,5.0,No aggregate reversal under this configuration.,781
BRD-A31107743,0.0058192598185725485,2,8,2,8,0.25,0.6633663366336634,1.0,7.0,No aggregate reversal under this configuration.,782
BRD-A24054354,0.0058664845554144895,0,1,0,1,0.0,0.6732673267326733,1.0,5.0,No aggregate reversal under this configuration.,783
paroxetine hydrochloride,0.0058811402389013345,0,2,0,2,0.0,0.7029702970297029,1.0,7.0,No aggregate reversal under this configuration.,784
BRD-K06750613,0.0058869467302774,0,1,0,1,0.0,0.7425742574257426,1.0,6.0,No aggregate reversal under this configuration.,785
vu0365117-1,0.005889395543452563,0,1,0,1,0.0,0.7524752475247525,1.0,5.0,No aggregate reversal under this configuration.,786
ouabain,0.005893399269141534,5,12,6,15,0.4166666666666667,0.8514851485148515,1.0,6.066666666666666,No aggregate reversal under this configuration.,787
cmpd-1,0.005908000948155068,0,1,0,1,0.0,0.7227722772277227,1.0,5.0,No aggregate reversal under this configuration.,788
nu 1025,0.0059133390386899905,0,1,0,1,0.0,0.7227722772277227,1.0,5.0,No aggregate reversal under this configuration.,789
BRD-K98676510,0.005914577065198108,1,2,1,2,0.5,0.7128712871287128,1.0,5.0,No aggregate reversal under this configuration.,790
lylamine hydrochloride,0.005966757133505976,1,3,1,3,0.3333333333333333,0.7524752475247525,1.0,6.0,No aggregate reversal under this configuration.,791
ncgc00182353-01,0.005984118427712872,0,1,0,1,0.0,0.6831683168316832,1.0,8.0,No aggregate reversal under this configuration.,792
BRD-K05153001,0.006014045930552137,0,3,0,3,0.0,0.7821782178217822,1.0,6.333333333333333,No aggregate reversal under this configuration.,793
doxorubicin hydrochloride,0.006071013718485542,3,9,4,11,0.3333333333333333,0.7524752475247525,1.0,6.545454545454546,No aggregate reversal under this configuration.,794
BRD-K98824517,0.006073733582532952,2,4,2,4,0.5,0.8613861386138614,1.0,5.0,No aggregate reversal under this configuration.,795
tgx-115,0.006078360293662118,1,3,1,3,0.3333333333333333,0.801980198019802,1.0,7.0,No aggregate reversal under this configuration.,796
BRD-K18724229,0.006114754380763351,1,3,1,3,0.3333333333333333,0.7623762376237624,1.0,6.0,No aggregate reversal under this configuration.,797
prednisolone,0.006126472899388128,0,1,0,1,0.0,0.6732673267326733,1.0,6.0,No aggregate reversal under this configuration.,798
biperiden hydrochloride,0.006178818447804608,0,1,0,1,0.0,0.6732673267326733,1.0,7.0,No aggregate reversal under this configuration.,799
BRD-K77987635,0.006231296388669972,0,1,0,1,0.0,0.8217821782178217,1.0,5.0,No aggregate reversal under this configuration.,800
BRD-K81473043,0.006232508100758247,2,4,2,4,0.5,0.801980198019802,1.0,6.75,No aggregate reversal under this configuration.,801
"15-deoxy-?12,14-prostaglandin j2",0.006234093387621331,3,7,3,7,0.42857142857142855,0.8118811881188119,1.0,6.428571428571429,No aggregate reversal under this configuration.,802
BRD-K60219430,0.0062458742747079675,0,1,0,1,0.0,0.7128712871287128,1.0,6.0,No aggregate reversal under this configuration.,803
BRD-K93215584,0.006254321313799361,1,2,1,2,0.5,0.7821782178217822,1.0,5.5,No aggregate reversal under this configuration.,804
k784-3131,0.006280455971428722,2,6,2,8,0.3333333333333333,0.7821782178217822,1.0,6.625,No aggregate reversal under this configuration.,805
BRD-K81795824,0.006321869759724726,1,5,1,5,0.2,0.7524752475247525,1.0,6.2,No aggregate reversal under this configuration.,806
parthenolide,0.006338029032062315,3,17,3,17,0.17647058823529413,0.8514851485148515,1.0,6.235294117647059,No aggregate reversal under this configuration.,807
as605240,0.006358340646572592,1,6,1,6,0.16666666666666666,0.8712871287128713,1.0,6.0,No aggregate reversal under this configuration.,808
abt-751,0.006434142979371958,1,3,1,3,0.3333333333333333,0.7920792079207921,1.0,6.0,No aggregate reversal under this configuration.,809
BRD-K08463963,0.006460408475160484,0,1,0,1,0.0,0.693069306930693,1.0,5.0,No aggregate reversal under this configuration.,810
5-azacytidine,0.006477356588997117,1,4,1,4,0.25,0.801980198019802,1.0,5.5,No aggregate reversal under this configuration.,811
BRD-K61717269,0.006623384032998529,3,6,3,6,0.5,0.8217821782178217,1.0,6.0,No aggregate reversal under this configuration.,812
wr 216174,0.006648814547171411,0,1,0,1,0.0,0.7029702970297029,1.0,7.0,No aggregate reversal under this configuration.,813
BRD-K35638681,0.006660311241624455,0,1,0,1,0.0,0.7821782178217822,1.0,5.0,No aggregate reversal under this configuration.,814
imodium,0.006667281207900599,0,1,0,1,0.0,0.6435643564356436,1.0,11.0,No aggregate reversal under this configuration.,815
hy-10161,0.0066775331821008485,0,1,0,1,0.0,0.6138613861386139,1.0,9.0,No aggregate reversal under this configuration.,816
pnu 74654,0.006684029078171471,1,6,1,6,0.16666666666666666,0.8910891089108911,1.0,5.666666666666667,No aggregate reversal under this configuration.,817
BRD-K28115298,0.006772288768185254,0,1,0,1,0.0,0.801980198019802,1.0,5.0,No aggregate reversal under this configuration.,818
aminopurvalanol a,0.006795982285299771,1,2,1,2,0.5,0.7326732673267327,1.0,5.5,No aggregate reversal under this configuration.,819
puromycin hydrochloride,0.006802454045170194,3,7,3,7,0.42857142857142855,0.7722772277227723,1.0,5.857142857142857,No aggregate reversal under this configuration.,820
zm 336372,0.006979193362295886,2,6,2,6,0.3333333333333333,0.9207920792079208,1.0,5.666666666666667,No aggregate reversal under this configuration.,821
BRD-K54256913,0.007178043955908252,0,4,0,4,0.0,0.8316831683168316,1.0,7.25,No aggregate reversal under this configuration.,822
thapsigargin,0.007294409153253906,1,3,1,3,0.3333333333333333,0.7623762376237624,1.0,6.0,No aggregate reversal under this configuration.,823
ro 08-2750,0.00733118921083386,0,1,0,1,0.0,0.7128712871287128,1.0,7.0,No aggregate reversal under this configuration.,824
methylene blue,0.007438361405318665,1,7,1,7,0.14285714285714285,0.8613861386138614,1.0,6.428571428571429,No aggregate reversal under this configuration.,825
BRD-U32049204,0.007462469878033315,0,1,0,1,0.0,0.6831683168316832,1.0,7.0,No aggregate reversal under this configuration.,826
importazole,0.00749487783836693,4,17,4,17,0.23529411764705882,0.900990099009901,1.0,6.294117647058823,No aggregate reversal under this configuration.,827
c3393m50,0.007521263881498479,0,1,0,1,0.0,0.693069306930693,1.0,7.0,No aggregate reversal under this configuration.,828
nadolol,0.007606261696826969,0,1,0,1,0.0,0.7128712871287128,1.0,5.0,No aggregate reversal under this configuration.,829
st4029573,0.0076192533296115285,0,1,0,1,0.0,0.8118811881188119,1.0,6.0,No aggregate reversal under this configuration.,830
BRD-K32501161,0.007663968480614997,0,2,0,2,0.0,0.7821782178217822,1.0,6.5,No aggregate reversal under this configuration.,831
blebbistatin,0.007737508516813395,0,1,0,1,0.0,0.8316831683168316,1.0,7.0,No aggregate reversal under this configuration.,832
lasalocid sodium salt,0.007774498844360809,1,2,1,2,0.5,0.801980198019802,1.0,8.5,No aggregate reversal under this configuration.,833
curcubitacin i,0.00781976267472373,5,17,5,17,0.29411764705882354,0.9306930693069307,1.0,6.470588235294118,No aggregate reversal under this configuration.,834
digitoxigenin,0.007859188153047935,3,7,3,7,0.42857142857142855,0.8118811881188119,1.0,7.0,No aggregate reversal under this configuration.,835
BRD-A26199074,0.007863680093079058,0,1,0,1,0.0,0.8118811881188119,1.0,5.0,No aggregate reversal under this configuration.,836
spiperone,0.0078720012833527,0,1,0,1,0.0,0.8118811881188119,1.0,5.0,No aggregate reversal under this configuration.,837
BRD-K11663430,0.007951597281916472,0,2,0,2,0.0,0.8514851485148515,1.0,5.0,No aggregate reversal under this configuration.,838
BRD-A59145032,0.0079677653856741,0,1,0,1,0.0,0.7227722772277227,1.0,5.0,No aggregate reversal under this configuration.,839
prednisolone hemisuccinate,0.008010759020269539,0,1,0,1,0.0,0.693069306930693,1.0,5.0,No aggregate reversal under this configuration.,840
BRD-K97764662,0.008048149483148059,1,2,2,3,0.5,0.8811881188118812,1.0,5.666666666666667,No aggregate reversal under this configuration.,841
vinblastine sulfate,0.008099195397980485,2,5,3,7,0.4,0.9108910891089109,1.0,6.142857142857143,No aggregate reversal under this configuration.,842
ei-215,0.008201721738135204,1,2,1,2,0.5,0.8118811881188119,1.0,5.5,No aggregate reversal under this configuration.,843
BRD-K16533489,0.008231847948096336,0,1,0,1,0.0,0.6534653465346535,1.0,6.0,No aggregate reversal under this configuration.,844
gemcitabine,0.008250855897677711,0,2,0,2,0.0,0.7425742574257426,1.0,6.5,No aggregate reversal under this configuration.,845
mls-0437446.0001,0.008338028775644633,1,3,1,3,0.3333333333333333,0.8910891089108911,1.0,5.666666666666667,No aggregate reversal under this configuration.,846
azacytidine-5,0.008340223581327428,0,1,0,1,0.0,0.7128712871287128,1.0,6.0,No aggregate reversal under this configuration.,847
BRD-K72817452,0.008412491340528756,0,1,0,1,0.0,0.8415841584158416,1.0,5.0,No aggregate reversal under this configuration.,848
ei-346,0.008414795954249259,1,4,1,4,0.25,0.9405940594059405,1.0,6.25,No aggregate reversal under this configuration.,849
BRD-K73567619,0.00842856364960908,0,1,0,1,0.0,0.8217821782178217,1.0,7.0,No aggregate reversal under this configuration.,850
GSK-J4,0.008442371861422627,0,1,0,1,0.0,0.8712871287128713,1.0,7.0,No aggregate reversal under this configuration.,851
clobetasol propionate,0.008488050921802376,0,1,0,1,0.0,0.8217821782178217,1.0,5.0,No aggregate reversal under this configuration.,852
ei-263,0.008554337044337458,1,6,1,6,0.16666666666666666,0.8316831683168316,1.0,7.0,No aggregate reversal under this configuration.,853
BRD-K19295594,0.008690816724784382,1,5,1,5,0.2,0.8811881188118812,1.0,7.2,No aggregate reversal under this configuration.,854
phorbol-12-myristate-13-acetate (pma),0.008710008218965084,7,16,7,16,0.4375,0.900990099009901,1.0,6.5,No aggregate reversal under this configuration.,855
amuvatinib,0.008715155754303944,0,1,0,1,0.0,0.7920792079207921,1.0,11.0,No aggregate reversal under this configuration.,856
BRD-K53932786,0.008722709201727012,0,2,0,2,0.0,0.8217821782178217,1.0,6.5,No aggregate reversal under this configuration.,857
gw 7647,0.008737202275512602,0,2,0,2,0.0,0.7821782178217822,1.0,7.5,No aggregate reversal under this configuration.,858
perhexiline maleate,0.00885317446515977,4,13,4,13,0.3076923076923077,0.9603960396039604,1.0,6.615384615384615,No aggregate reversal under this configuration.,859
BRD-K43620258,0.008869800839354229,2,10,2,10,0.2,0.9405940594059405,1.0,7.0,No aggregate reversal under this configuration.,860
suloctidil,0.008896994724872221,1,4,1,4,0.25,0.8613861386138614,1.0,8.5,No aggregate reversal under this configuration.,861
kuc104495 kuc104495n,0.008902118542302922,1,2,1,2,0.5,0.7821782178217822,1.0,6.5,No aggregate reversal under this configuration.,862
BRD-K85818861,0.009064276027397846,0,2,0,2,0.0,0.8514851485148515,1.0,5.5,No aggregate reversal under this configuration.,863
np-007374,0.009079778033567215,0,1,0,1,0.0,0.7623762376237624,1.0,5.0,No aggregate reversal under this configuration.,864
budesonide,0.009092749791172399,1,3,1,3,0.3333333333333333,0.8910891089108911,1.0,5.0,No aggregate reversal under this configuration.,865
nsc 3852,0.009141508820461927,2,4,2,4,0.5,0.8613861386138614,1.0,6.0,No aggregate reversal under this configuration.,866
BRD-K77547920,0.009160520559570695,0,3,0,3,0.0,0.8910891089108911,1.0,5.666666666666667,No aggregate reversal under this configuration.,867
ncgc00181736-02,0.009290848404625414,0,1,0,1,0.0,0.8613861386138614,1.0,6.0,No aggregate reversal under this configuration.,868
BRD-K90826279,0.009305298135459807,0,1,0,1,0.0,0.9108910891089109,1.0,5.0,No aggregate reversal under this configuration.,869
bibu 1361 dihydrochloride,0.009374922062857942,0,1,0,1,0.0,0.8415841584158416,1.0,6.0,No aggregate reversal under this configuration.,870
BRD-K35716340,0.009377320136010546,1,2,1,2,0.5,0.9207920792079208,1.0,5.0,No aggregate reversal under this configuration.,871
BRD-K74486276,0.00938299460515873,0,1,0,1,0.0,0.900990099009901,1.0,5.0,No aggregate reversal under this configuration.,872
BRD-K04853698,0.009439733512271245,3,12,3,12,0.25,0.8910891089108911,1.0,6.333333333333333,No aggregate reversal under this configuration.,873
sid 26681509,0.009511476358959065,1,3,1,3,0.3333333333333333,0.8118811881188119,1.0,6.333333333333333,No aggregate reversal under this configuration.,874
glycopyrrolate,0.009515318014187021,0,1,0,1,0.0,0.7821782178217822,1.0,6.0,No aggregate reversal under this configuration.,875
ncgc00183371-01,0.009527007723830742,1,3,1,3,0.3333333333333333,0.8415841584158416,1.0,6.333333333333333,No aggregate reversal under this configuration.,876
ag 957,0.009602815857240037,1,2,1,2,0.5,0.8316831683168316,1.0,6.5,No aggregate reversal under this configuration.,877
indirubin-3?-monoxime,0.009736256776956826,0,1,0,1,0.0,0.7128712871287128,1.0,5.0,No aggregate reversal under this configuration.,878
vu0418946-2,0.009742413424368167,2,7,4,10,0.2857142857142857,0.8910891089108911,1.0,6.6,No aggregate reversal under this configuration.,879
akt inhibitor iv,0.009773404969646593,1,12,1,12,0.08333333333333333,0.9306930693069307,1.0,6.666666666666667,No aggregate reversal under this configuration.,880
BRD-K86899078,0.009782824942763106,0,1,0,1,0.0,0.8217821782178217,1.0,5.0,No aggregate reversal under this configuration.,881
BRD-K67470788,0.009806677146495645,0,1,0,1,0.0,0.7821782178217822,1.0,7.0,No aggregate reversal under this configuration.,882
chlormadinone acetate,0.009849423180241337,0,1,0,1,0.0,0.7920792079207921,1.0,6.0,No aggregate reversal under this configuration.,883
BRD-K34508425,0.009873302067427623,0,1,0,1,0.0,0.7821782178217822,1.0,5.0,No aggregate reversal under this configuration.,884
zd 2079 hydrochloride,0.009943875135306098,0,1,0,1,0.0,0.8316831683168316,1.0,5.0,No aggregate reversal under this configuration.,885
nsc 95397,0.009949735327833357,1,5,1,5,0.2,0.9801980198019802,1.0,6.0,No aggregate reversal under this configuration.,886
su11652,0.009995585721654512,3,9,3,9,0.3333333333333333,0.9306930693069307,1.0,6.222222222222222,No aggregate reversal under this configuration.,887
BRD-A94377914,0.010040581130249665,4,9,4,9,0.4444444444444444,0.9504950495049505,1.0,7.555555555555555,No aggregate reversal under this configuration.,888
ncgc00188530-01,0.010084703972330585,1,3,1,3,0.3333333333333333,0.8514851485148515,1.0,7.0,No aggregate reversal under this configuration.,889
bms-754807,0.010093692822704076,0,3,0,3,0.0,0.801980198019802,1.0,6.0,No aggregate reversal under this configuration.,890
vu0418939-2,0.010129241613272156,2,6,2,6,0.3333333333333333,0.9306930693069307,1.0,6.166666666666667,No aggregate reversal under this configuration.,891
dephostatin,0.010141501835274994,0,1,0,1,0.0,0.8613861386138614,1.0,5.0,No aggregate reversal under this configuration.,892
trimeprazine tartrate,0.01015151759316275,0,1,0,1,0.0,0.8811881188118812,1.0,5.0,No aggregate reversal under this configuration.,893
meclocycline sulfosalicylate,0.01015379900395411,0,1,0,1,0.0,0.8217821782178217,1.0,5.0,No aggregate reversal under this configuration.,894
BRD-K53423944,0.01015734363484686,0,1,0,1,0.0,0.8217821782178217,1.0,5.0,No aggregate reversal under this configuration.,895
BRD-K15885023,0.010246328320998373,0,1,0,1,0.0,0.8712871287128713,1.0,5.0,No aggregate reversal under this configuration.,896
tpl2,0.010288681506215877,0,1,0,1,0.0,0.8712871287128713,1.0,7.0,No aggregate reversal under this configuration.,897
BRD-K88569143,0.010301618695751458,0,1,0,1,0.0,0.8613861386138614,1.0,5.0,No aggregate reversal under this configuration.,898
k784-3187,0.010347893203470607,1,5,1,6,0.2,0.8415841584158416,1.0,6.0,No aggregate reversal under this configuration.,899
nsc 23766,0.01043336300285984,1,2,1,2,0.5,0.8712871287128713,1.0,6.5,No aggregate reversal under this configuration.,900
menadione,0.010456425648242137,3,8,4,9,0.375,0.9900990099009901,1.0,6.222222222222222,No aggregate reversal under this configuration.,901
ncgc00184716-01,0.010493846235870418,0,1,0,1,0.0,0.801980198019802,1.0,6.0,No aggregate reversal under this configuration.,902
7b-cis,0.01051223598918639,3,7,3,7,0.42857142857142855,0.9603960396039604,1.0,5.428571428571429,No aggregate reversal under this configuration.,903
rs 17053 hydrochloride,0.010558524510959686,1,2,1,2,0.5,0.8316831683168316,1.0,10.0,No aggregate reversal under this configuration.,904
vinorelbine,0.010584763713030222,1,2,1,2,0.5,0.9108910891089109,1.0,6.5,No aggregate reversal under this configuration.,905
BRD-K76236182,0.010595280181337253,0,1,0,1,0.0,0.8712871287128713,1.0,5.0,No aggregate reversal under this configuration.,906
itavastatin ca,0.010604523876671086,1,2,1,2,0.5,0.8613861386138614,1.0,6.5,No aggregate reversal under this configuration.,907
cgk 733,0.010624272176428886,2,6,2,6,0.3333333333333333,0.900990099009901,1.0,6.0,No aggregate reversal under this configuration.,908
ncgc00238427-01,0.010625602478142374,0,1,0,1,0.0,0.8316831683168316,1.0,6.0,No aggregate reversal under this configuration.,909
ym-155,0.010631010290527978,5,17,5,17,0.29411764705882354,0.9306930693069307,1.0,6.411764705882353,No aggregate reversal under this configuration.,910
cyclosporin a,0.01068688732172917,0,3,0,3,0.0,0.9207920792079208,1.0,6.0,No aggregate reversal under this configuration.,911
zk 164015,0.010771448186091551,0,1,0,1,0.0,0.8811881188118812,1.0,5.0,No aggregate reversal under this configuration.,912
r2146,0.010798715341759696,0,1,0,1,0.0,0.801980198019802,1.0,5.0,No aggregate reversal under this configuration.,913
BRD-K00551481,0.010803620649018922,0,1,0,1,0.0,0.8811881188118812,1.0,5.0,No aggregate reversal under this configuration.,914
vu0418947-2,0.010878931715772438,2,6,2,6,0.3333333333333333,0.9405940594059405,1.0,5.666666666666667,No aggregate reversal under this configuration.,915
BRD-K45435259,0.010883249669032678,0,1,0,1,0.0,0.900990099009901,1.0,6.0,No aggregate reversal under this configuration.,916
jtc 801,0.01089615280819304,1,2,1,2,0.5,0.8712871287128713,1.0,5.5,No aggregate reversal under this configuration.,917
ruxolitinib,0.010937256333192761,1,3,1,3,0.3333333333333333,0.9801980198019802,1.0,5.333333333333333,No aggregate reversal under this configuration.,918
s1118,0.010953539392074286,0,1,0,1,0.0,0.8910891089108911,1.0,7.0,No aggregate reversal under this configuration.,919
domperidone,0.01099343346614156,0,1,0,1,0.0,0.8415841584158416,1.0,10.0,No aggregate reversal under this configuration.,920
emetine dihydrochloride hydrate (74),0.011094282550251269,6,20,6,20,0.3,0.9900990099009901,1.0,7.3,No aggregate reversal under this configuration.,921
a112550.cdx,0.011102331597476011,0,2,0,2,0.0,0.9207920792079208,1.0,6.0,No aggregate reversal under this configuration.,922
ncgc00182357-01,0.011143941854939065,0,2,0,2,0.0,0.9405940594059405,1.0,7.0,No aggregate reversal under this configuration.,923
proscillaridin a,0.011211262453223255,1,7,1,7,0.14285714285714285,0.9405940594059405,1.0,5.857142857142857,No aggregate reversal under this configuration.,924
11k-629s,0.011227249041571387,0,2,0,2,0.0,0.900990099009901,1.0,6.0,No aggregate reversal under this configuration.,925
mitoxantrone dihydrochloride,0.011278647855913232,1,8,1,11,0.125,0.9306930693069307,1.0,6.0,No aggregate reversal under this configuration.,926
BRD-K66792149,0.011320202150710248,0,2,0,2,0.0,0.8712871287128713,1.0,5.0,No aggregate reversal under this configuration.,927
BRD-K31342827,0.011409982104511935,1,9,1,9,0.1111111111111111,0.9900990099009901,1.0,5.444444444444445,No aggregate reversal under this configuration.,928
cinobufagin,0.011435068936186137,2,7,2,7,0.2857142857142857,0.9504950495049505,1.0,7.428571428571429,No aggregate reversal under this configuration.,929
BRD-K89546934,0.011544901496623636,0,1,0,1,0.0,0.8118811881188119,1.0,10.0,No aggregate reversal under this configuration.,930
BRD-A20697603,0.011594978595979188,2,7,2,7,0.2857142857142857,0.9504950495049505,1.0,6.142857142857143,No aggregate reversal under this configuration.,931
imd 0354,0.011619411878347728,5,18,5,22,0.2777777777777778,0.9702970297029703,1.0,7.454545454545454,No aggregate reversal under this configuration.,932
vu0418934-2,0.011674795685302431,1,3,1,3,0.3333333333333333,0.9306930693069307,1.0,5.666666666666667,No aggregate reversal under this configuration.,933
"r(-)-2,10,11-trihydroxyaporphine",0.01169976165562243,0,1,0,1,0.0,0.8910891089108911,1.0,5.0,No aggregate reversal under this configuration.,934
BRD-K19540840,0.011741927246372682,0,1,0,1,0.0,0.9306930693069307,1.0,5.0,No aggregate reversal under this configuration.,935
ski ii,0.011770719349603557,2,6,2,6,0.3333333333333333,0.9108910891089109,1.0,6.833333333333333,No aggregate reversal under this configuration.,936
BRD-K68548958,0.011770893983313095,2,12,2,12,0.16666666666666666,1.0,1.0,6.166666666666667,No aggregate reversal under this configuration.,937
BRD-K20492338,0.011794304668299976,0,1,0,1,0.0,0.8910891089108911,1.0,5.0,No aggregate reversal under this configuration.,938
cerivastatin na,0.01197242371172235,0,1,0,1,0.0,0.8415841584158416,1.0,5.0,No aggregate reversal under this configuration.,939
le 135,0.012181654918822553,1,4,1,4,0.25,0.9207920792079208,1.0,5.5,No aggregate reversal under this configuration.,940
BRD-K64642496,0.012214445476689782,2,7,2,7,0.2857142857142857,0.9504950495049505,1.0,7.142857142857143,No aggregate reversal under this configuration.,941
norethindrone,0.012234770961516369,0,1,0,1,0.0,0.8217821782178217,1.0,5.0,No aggregate reversal under this configuration.,942
BRD-K59962020,0.012255355823287456,0,3,0,3,0.0,0.9405940594059405,1.0,5.666666666666667,No aggregate reversal under this configuration.,943
BRD-K10906552,0.012277056730680684,0,2,0,2,0.0,0.8712871287128713,1.0,7.5,No aggregate reversal under this configuration.,944
BRD-A58924247,0.012325234132120786,0,4,0,4,0.0,0.9108910891089109,1.0,6.0,No aggregate reversal under this configuration.,945
s1452,0.012342593927686038,0,2,0,2,0.0,0.9405940594059405,1.0,6.5,No aggregate reversal under this configuration.,946
BRD-K69852452,0.012347782717301036,2,8,2,9,0.25,0.9801980198019802,1.0,6.333333333333333,No aggregate reversal under this configuration.,947
estradiol,0.01252092261160392,0,1,0,1,0.0,0.8712871287128713,1.0,5.0,No aggregate reversal under this configuration.,948
bms-536924,0.01263092461320716,1,8,1,8,0.125,0.9900990099009901,1.0,6.125,No aggregate reversal under this configuration.,949
BRD-K14236372,0.012653380665921239,0,1,0,1,0.0,0.8712871287128713,1.0,6.0,No aggregate reversal under this configuration.,950
lde225 (nvp-lde225),0.012824845780465237,0,1,0,1,0.0,0.9108910891089109,1.0,7.0,No aggregate reversal under this configuration.,951
fluvastatin,0.012895830766048139,1,2,1,2,0.5,0.9207920792079208,1.0,5.0,No aggregate reversal under this configuration.,952
BRD-K55612480,0.01293441154577089,0,1,0,1,0.0,0.7227722772277227,1.0,7.0,No aggregate reversal under this configuration.,953
sew 05685,0.012966221400604609,0,1,0,1,0.0,0.8712871287128713,1.0,7.0,No aggregate reversal under this configuration.,954
BRD-A11702965,0.013048185200459587,0,3,0,3,0.0,0.801980198019802,1.0,5.666666666666667,No aggregate reversal under this configuration.,955
BRD-K08307026,0.01306417764500095,1,4,1,4,0.25,0.9603960396039604,1.0,6.25,No aggregate reversal under this configuration.,956
BRD-K92317137,0.013086652638903577,7,30,8,38,0.23333333333333334,0.9702970297029703,1.0,7.2368421052631575,No aggregate reversal under this configuration.,957
ncgc00185684-02,0.013126101113967892,0,2,0,2,0.0,0.8118811881188119,1.0,7.5,No aggregate reversal under this configuration.,958
niclosamide,0.013148623596846779,2,12,2,16,0.16666666666666666,0.9900990099009901,1.0,7.8125,No aggregate reversal under this configuration.,959
clobenpropit dihydrobromide,0.013226101979138604,0,1,0,1,0.0,0.9207920792079208,1.0,5.0,No aggregate reversal under this configuration.,960
BRD-K73261812,0.013266029064573776,2,6,2,6,0.3333333333333333,0.9108910891089109,1.0,5.833333333333333,No aggregate reversal under this configuration.,961
hy-10181,0.013291115843362428,0,1,0,1,0.0,0.9504950495049505,1.0,5.0,No aggregate reversal under this configuration.,962
BRD-K18163752,0.013293809484893948,0,1,0,1,0.0,0.7623762376237624,1.0,6.0,No aggregate reversal under this configuration.,963
BX-912,0.01335779881384467,2,5,2,5,0.4,0.9900990099009901,1.0,5.6,No aggregate reversal under this configuration.,964
s1367,0.01337509201766267,1,2,1,2,0.5,0.9405940594059405,1.0,8.0,No aggregate reversal under this configuration.,965
enzastaurin,0.013404828510413008,1,2,1,2,0.5,0.9801980198019802,1.0,5.0,No aggregate reversal under this configuration.,966
ncgc00167094-01,0.013437396766196335,0,1,0,1,0.0,0.8712871287128713,1.0,5.0,No aggregate reversal under this configuration.,967
luteolin,0.013557490872534304,0,1,0,1,0.0,0.9207920792079208,1.0,5.0,No aggregate reversal under this configuration.,968
BRD-K09299610,0.013558575816045249,0,1,0,1,0.0,0.8811881188118812,1.0,5.0,No aggregate reversal under this configuration.,969
devazepide,0.01358129693050323,0,1,0,1,0.0,0.900990099009901,1.0,5.0,No aggregate reversal under this configuration.,970
BRD-K51443908,0.013622762976502296,0,1,0,1,0.0,0.8712871287128713,1.0,5.0,No aggregate reversal under this configuration.,971
px12,0.013658737760819382,1,8,1,8,0.125,0.9900990099009901,1.0,7.0,No aggregate reversal under this configuration.,972
niguldipine,0.01374753203456028,0,2,0,2,0.0,0.9207920792079208,1.0,7.0,No aggregate reversal under this configuration.,973
BRD-K40373196,0.01375733154910224,0,3,0,3,0.0,0.8910891089108911,1.0,5.0,No aggregate reversal under this configuration.,974
thioridazine hydrochloride,0.013763147547593816,1,3,1,4,0.3333333333333333,0.9504950495049505,1.0,6.5,No aggregate reversal under this configuration.,975
ncgc00187945-01,0.0137654117358232,0,1,0,1,0.0,0.9405940594059405,1.0,5.0,No aggregate reversal under this configuration.,976
ncgc00241435-01,0.013774096064571174,0,1,0,1,0.0,0.8415841584158416,1.0,5.0,No aggregate reversal under this configuration.,977
oxindole i,0.0137806926176832,0,1,0,1,0.0,0.8514851485148515,1.0,11.0,No aggregate reversal under this configuration.,978
carbazol-9-yl-p-tolyl-methanone,0.013854277294154865,0,2,0,2,0.0,0.9108910891089109,1.0,6.5,No aggregate reversal under this configuration.,979
mw-ras12,0.013975083094527035,1,9,1,9,0.1111111111111111,0.9603960396039604,1.0,6.444444444444445,No aggregate reversal under this configuration.,980
ncgc00182942-03,0.014001317219261039,0,1,0,1,0.0,0.9702970297029703,1.0,8.0,No aggregate reversal under this configuration.,981
BRD-K86574132,0.014008758150323646,2,9,2,9,0.2222222222222222,0.9801980198019802,1.0,7.222222222222222,No aggregate reversal under this configuration.,982
ncgc00241071-01,0.014106461476270636,0,1,0,1,0.0,0.9207920792079208,1.0,6.0,No aggregate reversal under this configuration.,983
BRD-A68930007 (ouabain),0.014159025620205906,1,2,1,2,0.5,0.9207920792079208,1.0,6.0,No aggregate reversal under this configuration.,984
hy-50877,0.01419237694255462,0,1,0,1,0.0,0.8613861386138614,1.0,6.0,No aggregate reversal under this configuration.,985
vu0365118-1,0.014216005476509024,0,1,0,1,0.0,0.8712871287128713,1.0,5.0,No aggregate reversal under this configuration.,986
vincristine,0.014231399650183312,0,1,0,1,0.0,0.8316831683168316,1.0,5.0,No aggregate reversal under this configuration.,987
BRD-K38625260,0.014254794202673848,0,1,0,1,0.0,0.8910891089108911,1.0,5.0,No aggregate reversal under this configuration.,988
vu0415533-1,0.014265439301337529,0,1,0,1,0.0,0.9207920792079208,1.0,5.0,No aggregate reversal under this configuration.,989
bntx maleate,0.0142682788898584,2,5,2,5,0.4,0.9603960396039604,1.0,6.2,No aggregate reversal under this configuration.,990
etodolac,0.014291540140305294,0,1,0,1,0.0,0.9108910891089109,1.0,6.0,No aggregate reversal under this configuration.,991
BRD-U88878891,0.014293078538256895,0,1,0,1,0.0,0.9504950495049505,1.0,5.0,No aggregate reversal under this configuration.,992
BRD-K14027855,0.014346846675579901,1,3,1,3,0.3333333333333333,0.9603960396039604,1.0,5.333333333333333,No aggregate reversal under this configuration.,993
"l-701,252",0.014432867669259802,0,1,0,1,0.0,0.9207920792079208,1.0,5.0,No aggregate reversal under this configuration.,994
levonorgestrel,0.014492741656735513,0,1,0,1,0.0,0.900990099009901,1.0,5.0,No aggregate reversal under this configuration.,995
BRD-K87387614,0.014564970097220766,0,1,0,1,0.0,0.9801980198019802,1.0,5.0,No aggregate reversal under this configuration.,996
BRD-K45399554,0.014571307991731399,0,2,0,2,0.0,0.9207920792079208,1.0,8.0,No aggregate reversal under this configuration.,997
BRD-K02562327,0.014761108754752868,0,1,0,1,0.0,0.9504950495049505,1.0,5.0,No aggregate reversal under this configuration.,998
curcumin,0.01483304560918261,4,14,4,14,0.2857142857142857,1.0,1.0,6.214285714285714,No aggregate reversal under this configuration.,999
ncgc00012508-02,0.01489624732516764,0,1,0,1,0.0,0.8613861386138614,1.0,5.0,No aggregate reversal under this configuration.,1000
apo866,0.014924057206109339,0,1,0,1,0.0,0.9207920792079208,1.0,5.0,No aggregate reversal under this configuration.,1001
arg-a1-2 brd-k39580048,0.01493567553431013,0,1,0,1,0.0,0.9108910891089109,1.0,8.0,No aggregate reversal under this configuration.,1002
BRD-A83124583,0.014988352199786597,0,1,0,1,0.0,0.8712871287128713,1.0,5.0,No aggregate reversal under this configuration.,1003
digitoxin,0.01501112879407833,2,9,2,9,0.2222222222222222,0.9801980198019802,1.0,7.333333333333333,No aggregate reversal under this configuration.,1004
mk-0591,0.015040628585722101,2,7,2,7,0.2857142857142857,0.9405940594059405,1.0,7.0,No aggregate reversal under this configuration.,1005
BRD-K89451433,0.015053844559000709,0,1,0,1,0.0,0.9405940594059405,1.0,5.0,No aggregate reversal under this configuration.,1006
BRD-K39829853,0.015076859092135925,0,1,0,1,0.0,0.8712871287128713,1.0,5.0,No aggregate reversal under this configuration.,1007
dibenzyline,0.015170807294529224,0,1,0,1,0.0,0.9108910891089109,1.0,5.0,No aggregate reversal under this configuration.,1008
axon1408,0.01517106105634748,0,1,0,1,0.0,0.9108910891089109,1.0,7.0,No aggregate reversal under this configuration.,1009
hy-10159,0.0151925104383752,0,2,0,2,0.0,0.900990099009901,1.0,8.5,No aggregate reversal under this configuration.,1010
sarmentogenin,0.015292859044697217,1,5,1,5,0.2,0.9108910891089109,1.0,6.2,No aggregate reversal under this configuration.,1011
BRD-K34968258,0.01530746586362684,0,1,0,1,0.0,0.9405940594059405,1.0,6.0,No aggregate reversal under this configuration.,1012
sib 1893,0.015333582198721633,1,3,1,3,0.3333333333333333,0.9405940594059405,1.0,6.0,No aggregate reversal under this configuration.,1013
BRD-K52321331,0.01538847450309896,0,4,0,4,0.0,1.0,1.0,6.5,No aggregate reversal under this configuration.,1014
BRD-A93393712,0.015451383335259639,0,1,0,1,0.0,0.9504950495049505,1.0,6.0,No aggregate reversal under this configuration.,1015
bufalin,0.01556244644073419,1,8,1,8,0.125,0.9900990099009901,1.0,6.25,No aggregate reversal under this configuration.,1016
BRD-K64517075,0.01571117193169835,1,4,1,4,0.25,0.9405940594059405,1.0,6.75,No aggregate reversal under this configuration.,1017
z-leu3-vs,0.015735346219522973,0,2,0,2,0.0,0.9207920792079208,1.0,5.5,No aggregate reversal under this configuration.,1018
carbamazepine,0.015879779689645143,0,1,0,1,0.0,0.9603960396039604,1.0,5.0,No aggregate reversal under this configuration.,1019
BRD-K56411643,0.015938134466175924,1,3,1,3,0.3333333333333333,0.9702970297029703,1.0,6.666666666666667,No aggregate reversal under this configuration.,1020
bms 191011,0.015943328288322046,0,1,0,1,0.0,0.9405940594059405,1.0,6.0,No aggregate reversal under this configuration.,1021
hy-11004,0.0160500729149656,0,1,0,1,0.0,0.9702970297029703,1.0,6.0,No aggregate reversal under this configuration.,1022
BRD-K98731749,0.016062103175883562,0,1,0,1,0.0,0.8712871287128713,1.0,9.0,No aggregate reversal under this configuration.,1023
BRD-K05520923,0.016064751566586398,0,1,0,1,0.0,0.9504950495049505,1.0,5.0,No aggregate reversal under this configuration.,1024
ivermectin,0.016092506773402994,0,2,0,2,0.0,0.9504950495049505,1.0,5.5,No aggregate reversal under this configuration.,1025
mls-0146291.0001,0.016168968934987545,0,1,0,1,0.0,0.8811881188118812,1.0,5.0,No aggregate reversal under this configuration.,1026
betamethasone,0.016315427137132462,1,3,1,3,0.3333333333333333,0.9702970297029703,1.0,5.333333333333333,No aggregate reversal under this configuration.,1027
ro 28-1675 ?,0.016575299000900805,4,10,4,10,0.4,0.9603960396039604,1.0,8.7,No aggregate reversal under this configuration.,1028
bjm-ctd2-9,0.016683776632219614,5,15,5,15,0.3333333333333333,0.9702970297029703,1.0,7.666666666666667,No aggregate reversal under this configuration.,1029
emetine hydrochloride,0.01671192658155094,1,6,1,6,0.16666666666666666,0.9702970297029703,1.0,7.5,No aggregate reversal under this configuration.,1030
b675700.cdx,0.016997592584876046,2,17,2,17,0.11764705882352941,0.9900990099009901,1.0,6.235294117647059,No aggregate reversal under this configuration.,1031
GDC-0068,0.01704426761322935,1,3,1,3,0.3333333333333333,1.0,1.0,7.333333333333333,No aggregate reversal under this configuration.,1032
amodiaquin dihydrochloride dihydrate,0.017101067294595717,0,1,0,1,0.0,0.9504950495049505,1.0,6.0,No aggregate reversal under this configuration.,1033
iopanoic acid,0.017101774806019012,0,1,0,1,0.0,0.8910891089108911,1.0,8.0,No aggregate reversal under this configuration.,1034
pf3845,0.017116243724347228,0,1,0,1,0.0,0.9504950495049505,1.0,5.0,No aggregate reversal under this configuration.,1035
BRD-K57080016,0.017146496125063332,1,7,1,7,0.14285714285714285,0.9900990099009901,1.0,6.285714285714286,No aggregate reversal under this configuration.,1036
cercosporin,0.017187935178523184,1,4,1,4,0.25,0.9108910891089109,1.0,9.25,No aggregate reversal under this configuration.,1037
periplocymarin,0.017255366616688805,3,10,3,10,0.3,1.0,1.0,6.1,No aggregate reversal under this configuration.,1038
BRD-K70917163,0.017328820734208026,0,1,0,1,0.0,0.9405940594059405,1.0,6.0,No aggregate reversal under this configuration.,1039
narciclasine,0.01745454681032152,5,35,5,35,0.14285714285714285,0.9801980198019802,1.0,7.8,No aggregate reversal under this configuration.,1040
ncgc00167398-02,0.017520856434692846,1,4,1,4,0.25,0.9900990099009901,1.0,6.0,No aggregate reversal under this configuration.,1041
nsc 693868,0.0175605091114131,0,1,0,1,0.0,0.9801980198019802,1.0,5.0,No aggregate reversal under this configuration.,1042
BRD-K84450674,0.01762995621782435,0,1,0,1,0.0,0.9702970297029703,1.0,5.0,No aggregate reversal under this configuration.,1043
BRD-K28907958,0.017665122994018838,3,9,3,9,0.3333333333333333,0.9603960396039604,1.0,6.555555555555555,No aggregate reversal under this configuration.,1044
BRD-K95138506,0.017739762612609213,0,2,0,2,0.0,0.9603960396039604,1.0,5.5,No aggregate reversal under this configuration.,1045
hki-272,0.01781756159875865,2,5,2,5,0.4,1.0,1.0,7.2,No aggregate reversal under this configuration.,1046
l-sulforophane,0.01798877340537616,0,2,0,2,0.0,0.9900990099009901,1.0,5.5,No aggregate reversal under this configuration.,1047
piplartine,0.01800632262925162,5,25,6,27,0.2,0.9900990099009901,1.0,6.592592592592593,No aggregate reversal under this configuration.,1048
acyclovir,0.018009550162035266,0,1,0,1,0.0,0.9108910891089109,1.0,7.0,No aggregate reversal under this configuration.,1049
BRD-K98173387,0.018015731557689298,0,1,0,1,0.0,0.9603960396039604,1.0,7.0,No aggregate reversal under this configuration.,1050
kn-93,0.01802227134428714,0,1,0,1,0.0,0.9405940594059405,1.0,5.0,No aggregate reversal under this configuration.,1051
elesclomol,0.018190388918613517,0,2,0,2,0.0,0.9801980198019802,1.0,5.0,No aggregate reversal under this configuration.,1052
pkcbeta inhibitor,0.01825590066864896,0,2,0,2,0.0,0.9801980198019802,1.0,7.0,No aggregate reversal under this configuration.,1053
BRD-K23282736,0.018319197817804903,0,1,0,1,0.0,0.9801980198019802,1.0,6.0,No aggregate reversal under this configuration.,1054
BRD-A41250203,0.018329581621587834,2,5,2,5,0.4,1.0,1.0,6.0,No aggregate reversal under this configuration.,1055
rottlerin ncgc00025228-11,0.01842233013000534,1,11,1,11,0.09090909090909091,1.0,1.0,6.636363636363637,No aggregate reversal under this configuration.,1056
BRD-K68007270,0.01850064117872802,0,1,0,1,0.0,0.9207920792079208,1.0,8.0,No aggregate reversal under this configuration.,1057
BRD-K24051260,0.01858772492626262,0,1,0,1,0.0,0.900990099009901,1.0,5.0,No aggregate reversal under this configuration.,1058
BRD-K34363599,0.018774650155640234,0,3,0,3,0.0,0.9900990099009901,1.0,6.666666666666667,No aggregate reversal under this configuration.,1059
vu0415108-1,0.018794978130740075,0,1,0,1,0.0,0.9306930693069307,1.0,8.0,No aggregate reversal under this configuration.,1060
arachidonyl trifluoro-methyl ketone,0.01883927061391115,1,14,1,14,0.07142857142857142,1.0,1.0,5.928571428571429,No aggregate reversal under this configuration.,1061
norgestrel,0.018936151491803114,0,1,0,1,0.0,0.8910891089108911,1.0,6.0,No aggregate reversal under this configuration.,1062
BRD-K93578426,0.01899738194562996,0,1,0,1,0.0,0.9702970297029703,1.0,5.0,No aggregate reversal under this configuration.,1063
BRD-K76938712,0.019029630852331406,0,1,0,1,0.0,0.9504950495049505,1.0,7.0,No aggregate reversal under this configuration.,1064
s2001,0.019115573776128554,0,1,0,1,0.0,0.9900990099009901,1.0,5.0,No aggregate reversal under this configuration.,1065
mg-132,0.019142087574469144,1,7,1,7,0.14285714285714285,0.9900990099009901,1.0,6.142857142857143,No aggregate reversal under this configuration.,1066
azd8055,0.01922602715138423,1,4,1,4,0.25,1.0,1.0,5.25,No aggregate reversal under this configuration.,1067
thiocolchicoside,0.019257246122115768,0,2,0,2,0.0,0.9801980198019802,1.0,5.5,No aggregate reversal under this configuration.,1068
metixene hydrochloride,0.019272403633827873,0,1,0,1,0.0,0.9900990099009901,1.0,5.0,No aggregate reversal under this configuration.,1069
BRD-K60870698,0.019357548194694114,1,8,1,8,0.125,0.9900990099009901,1.0,6.875,No aggregate reversal under this configuration.,1070
l-cis-diltiazem,0.019440011921839973,0,1,0,1,0.0,0.9306930693069307,1.0,6.0,No aggregate reversal under this configuration.,1071
verteporfin,0.019515812490400263,0,1,0,1,0.0,0.9603960396039604,1.0,5.0,No aggregate reversal under this configuration.,1072
BRD-A75409952 (wortmannin),0.01952619666837914,0,1,0,1,0.0,0.9504950495049505,1.0,5.0,No aggregate reversal under this configuration.,1073
BRD-K37043259,0.019668002138066652,0,1,0,1,0.0,0.9702970297029703,1.0,7.0,No aggregate reversal under this configuration.,1074
15-delta prostaglandin j2,0.019722765673883588,0,1,0,1,0.0,0.9207920792079208,1.0,7.0,No aggregate reversal under this configuration.,1075
triamcinolone acetonide,0.01974418723087849,0,1,0,1,0.0,0.9603960396039604,1.0,5.0,No aggregate reversal under this configuration.,1076
nsc 632839 hydrochloride,0.01977976373590687,1,7,1,7,0.14285714285714285,0.9801980198019802,1.0,6.428571428571429,No aggregate reversal under this configuration.,1077
kuc103443n,0.019833502544401447,0,1,0,1,0.0,0.9702970297029703,1.0,6.0,No aggregate reversal under this configuration.,1078
hoechst  33342 (cell permeable) (bisbenzimide),0.019847386363079214,0,2,0,2,0.0,0.9801980198019802,1.0,5.5,No aggregate reversal under this configuration.,1079
bay 11-7821,0.01984781010436347,0,3,0,3,0.0,0.9900990099009901,1.0,5.333333333333333,No aggregate reversal under this configuration.,1080
BRD-K70871370,0.020021422074175586,0,1,0,1,0.0,1.0,1.0,6.0,No aggregate reversal under this configuration.,1081
st056792,0.02006882446552332,1,3,1,3,0.3333333333333333,0.9504950495049505,1.0,7.666666666666667,No aggregate reversal under this configuration.,1082
cay10594,0.02008542901956456,0,5,0,5,0.0,1.0,1.0,6.4,No aggregate reversal under this configuration.,1083
lanatoside c,0.020174940654195044,0,2,0,2,0.0,0.9603960396039604,1.0,6.5,No aggregate reversal under this configuration.,1084
pimozide,0.020278987998966935,0,1,0,1,0.0,0.8415841584158416,1.0,13.0,No aggregate reversal under this configuration.,1085
m-3m3fbs,0.020341540856010525,0,3,0,3,0.0,0.9900990099009901,1.0,6.0,No aggregate reversal under this configuration.,1086
ncgc00188535-01,0.02045803231074098,0,1,0,1,0.0,0.9504950495049505,1.0,5.0,No aggregate reversal under this configuration.,1087
BRD-A43155244,0.020488135500460476,1,5,1,5,0.2,1.0,1.0,5.8,No aggregate reversal under this configuration.,1088
mln2238,0.020622779983493274,0,11,0,11,0.0,0.9900990099009901,1.0,6.363636363636363,No aggregate reversal under this configuration.,1089
BRD-K83336168,0.020658081517313596,0,2,0,2,0.0,1.0,1.0,5.0,No aggregate reversal under this configuration.,1090
BRD-K17140735,0.020810827309064056,0,11,0,11,0.0,1.0,1.0,7.090909090909091,No aggregate reversal under this configuration.,1091
"ici-162,846",0.020937143944447303,0,1,0,1,0.0,0.9900990099009901,1.0,6.0,No aggregate reversal under this configuration.,1092
akt inhibitor x,0.02103112300015444,0,1,0,1,0.0,0.9900990099009901,1.0,5.0,No aggregate reversal under this configuration.,1093
darinaparsin,0.021031735231014235,0,1,0,1,0.0,0.9405940594059405,1.0,6.0,No aggregate reversal under this configuration.,1094
ncgc00182393-01,0.02105406345686648,0,2,0,2,0.0,0.9801980198019802,1.0,7.5,No aggregate reversal under this configuration.,1095
cot-10b,0.021198459404841694,5,19,5,19,0.2631578947368421,1.0,1.0,6.2631578947368425,No aggregate reversal under this configuration.,1096
BRD-A18763547,0.021228371067411607,1,3,1,3,0.3333333333333333,0.9207920792079208,1.0,8.333333333333334,No aggregate reversal under this configuration.,1097
manumycin a,0.021255480345316092,3,19,3,22,0.15789473684210525,1.0,1.0,6.181818181818182,No aggregate reversal under this configuration.,1098
lasalocid sodium,0.021271779777259043,0,1,0,1,0.0,0.9702970297029703,1.0,6.0,No aggregate reversal under this configuration.,1099
cvf-csc-7 brd-a32595718,0.021290269485594083,0,1,0,1,0.0,0.9504950495049505,1.0,5.0,No aggregate reversal under this configuration.,1100
auranofin,0.021347850804617693,1,8,1,8,0.125,0.9900990099009901,1.0,5.125,No aggregate reversal under this configuration.,1101
BRD-K94325918,0.021473312154968442,0,5,0,5,0.0,0.9603960396039604,1.0,8.2,No aggregate reversal under this configuration.,1102
hexylcaine hydrochloride,0.021501555569186148,0,1,0,1,0.0,0.9900990099009901,1.0,5.0,No aggregate reversal under this configuration.,1103
BRD-A52193669,0.021513558031819643,0,1,0,1,0.0,0.9603960396039604,1.0,8.0,No aggregate reversal under this configuration.,1104
BRD-A41451487,0.021544093236731177,1,5,1,5,0.2,0.9702970297029703,1.0,7.0,No aggregate reversal under this configuration.,1105
diphenylcyclopropenone,0.021659159040661385,0,1,0,1,0.0,0.9801980198019802,1.0,5.0,No aggregate reversal under this configuration.,1106
BRD-K25737009,0.0216770185207908,1,11,1,11,0.09090909090909091,1.0,1.0,7.454545454545454,No aggregate reversal under this configuration.,1107
lonidamine,0.021744105341259413,0,2,0,2,0.0,0.9900990099009901,1.0,5.0,No aggregate reversal under this configuration.,1108
isoliquiritigenin,0.02177744242565388,0,1,0,1,0.0,0.9306930693069307,1.0,6.0,No aggregate reversal under this configuration.,1109
BRD-A80960055,0.02183944331603914,0,2,0,2,0.0,0.9900990099009901,1.0,5.5,No aggregate reversal under this configuration.,1110
ct-200783,0.021921992947324567,1,21,1,21,0.047619047619047616,1.0,1.0,6.285714285714286,No aggregate reversal under this configuration.,1111
BRD-K62818989,0.022258757933686178,0,1,0,1,0.0,0.9900990099009901,1.0,7.0,No aggregate reversal under this configuration.,1112
SB-216763,0.02233559303913006,0,2,0,2,0.0,1.0,1.0,5.5,No aggregate reversal under this configuration.,1113
stock1s-53863,0.022418243990007504,1,3,1,4,0.3333333333333333,0.9900990099009901,1.0,6.0,No aggregate reversal under this configuration.,1114
"l-690,488",0.022491404914390004,0,3,0,3,0.0,0.9900990099009901,1.0,6.0,No aggregate reversal under this configuration.,1115
puromycin dihydrochloride,0.02257250743517576,0,3,0,3,0.0,0.9702970297029703,1.0,5.666666666666667,No aggregate reversal under this configuration.,1116
BRD-A49848186,0.022593135174269637,0,3,0,3,0.0,1.0,1.0,5.333333333333333,No aggregate reversal under this configuration.,1117
amcinonide,0.022692641295778453,0,1,0,1,0.0,0.9900990099009901,1.0,8.0,No aggregate reversal under this configuration.,1118
nsc 663284,0.022737272456659068,0,4,0,4,0.0,0.9801980198019802,1.0,6.25,No aggregate reversal under this configuration.,1119
niguldipine hydrochloride,0.022780248305278476,1,5,1,5,0.2,0.9900990099009901,1.0,6.4,No aggregate reversal under this configuration.,1120
cyt997,0.02283770414836274,1,6,1,6,0.16666666666666666,1.0,1.0,5.833333333333333,No aggregate reversal under this configuration.,1121
antimycin a,0.022991441516655383,0,1,0,1,0.0,0.9801980198019802,1.0,5.0,No aggregate reversal under this configuration.,1122
carbidopa,0.023027208625739187,0,1,0,1,0.0,0.9702970297029703,1.0,9.0,No aggregate reversal under this configuration.,1123
rg 108,0.02310216323683801,0,2,0,2,0.0,0.9801980198019802,1.0,5.0,No aggregate reversal under this configuration.,1124
colchicine,0.023144908201896495,0,1,0,1,0.0,0.9405940594059405,1.0,7.0,No aggregate reversal under this configuration.,1125
irinotecan hydrochloride trihydrate,0.023246478091750795,2,5,2,5,0.4,1.0,1.0,7.6,No aggregate reversal under this configuration.,1126
SB-203580,0.023324731635408224,0,1,0,1,0.0,0.9900990099009901,1.0,5.0,No aggregate reversal under this configuration.,1127
retinoic acid,0.02334374128124751,0,1,0,1,0.0,0.9801980198019802,1.0,5.0,No aggregate reversal under this configuration.,1128
CHIR-99021,0.023600544005256477,0,1,0,1,0.0,0.9306930693069307,1.0,7.0,No aggregate reversal under this configuration.,1129
chr 2797,0.023670742296803795,1,9,1,9,0.1111111111111111,1.0,1.0,7.111111111111111,No aggregate reversal under this configuration.,1130
mk-2206,0.023947817774034926,1,3,1,3,0.3333333333333333,1.0,1.0,7.666666666666667,No aggregate reversal under this configuration.,1131
bmy 45778,0.024063459688459944,0,2,0,2,0.0,1.0,1.0,5.0,No aggregate reversal under this configuration.,1132
pp 1,0.02406975827284251,0,2,0,2,0.0,1.0,1.0,6.5,No aggregate reversal under this configuration.,1133
ABT-737,0.02413164289739965,0,2,0,2,0.0,1.0,1.0,7.5,No aggregate reversal under this configuration.,1134
TPCA-1,0.02421364120881852,0,2,0,2,0.0,0.9900990099009901,1.0,6.5,No aggregate reversal under this configuration.,1135
BRD-K00317371,0.024338314094672894,0,2,0,2,0.0,0.9603960396039604,1.0,6.5,No aggregate reversal under this configuration.,1136
dubinidine,0.024381214345257224,0,2,0,2,0.0,1.0,1.0,6.5,No aggregate reversal under this configuration.,1137
felamidin,0.024397967942105192,0,1,0,1,0.0,0.9702970297029703,1.0,5.0,No aggregate reversal under this configuration.,1138
BRD-K50234570,0.02444780845132911,2,7,2,7,0.2857142857142857,1.0,1.0,5.857142857142857,No aggregate reversal under this configuration.,1139
BRD-K55844427,0.024450210393098144,0,2,0,2,0.0,0.9900990099009901,1.0,7.5,No aggregate reversal under this configuration.,1140
pd 198306,0.024480548104365188,0,4,0,4,0.0,0.9900990099009901,1.0,6.0,No aggregate reversal under this configuration.,1141
cgs 15943,0.02472184155245391,0,1,0,1,0.0,1.0,1.0,6.0,No aggregate reversal under this configuration.,1142
BRD-A18411371,0.02480893303448417,0,2,0,2,0.0,0.9900990099009901,1.0,5.5,No aggregate reversal under this configuration.,1143
purvalanol a,0.025211035066848228,0,2,0,2,0.0,0.9900990099009901,1.0,5.5,No aggregate reversal under this configuration.,1144
nonoxynol-9,0.025230845693306744,0,1,0,1,0.0,1.0,1.0,5.0,No aggregate reversal under this configuration.,1145
bg fa 0953,0.025400393805411866,0,1,0,1,0.0,0.9801980198019802,1.0,5.0,No aggregate reversal under this configuration.,1146
ncgc00182609-01,0.025417352317029865,0,1,0,1,0.0,0.9405940594059405,1.0,7.0,No aggregate reversal under this configuration.,1147
cyproheptadine hydrochloride,0.026281188202251386,0,1,0,1,0.0,0.9801980198019802,1.0,6.0,No aggregate reversal under this configuration.,1148
BRD-K67090983,0.026836887570005324,0,2,0,2,0.0,1.0,1.0,6.5,No aggregate reversal under this configuration.,1149
ncgc00189555-02,0.026959935907563706,0,1,0,1,0.0,1.0,1.0,7.0,No aggregate reversal under this configuration.,1150
BRD-A06929388,0.027289451215030396,0,2,0,2,0.0,0.9900990099009901,1.0,6.5,No aggregate reversal under this configuration.,1151
BRD-A68065211,0.027579089070459452,0,2,0,2,0.0,0.9801980198019802,1.0,8.0,No aggregate reversal under this configuration.,1152
chemistry 2804,0.0276206403456688,2,19,2,19,0.10526315789473684,1.0,1.0,7.0,No aggregate reversal under this configuration.,1153
BRD-K94544211,0.02779561636402568,0,1,0,1,0.0,1.0,1.0,5.0,No aggregate reversal under this configuration.,1154
compound 12,0.027958532454142128,0,1,0,1,0.0,1.0,1.0,6.0,No aggregate reversal under this configuration.,1155
BRD-A37735495,0.027966917054509082,0,2,0,2,0.0,0.9900990099009901,1.0,5.5,No aggregate reversal under this configuration.,1156
GSK-429286A,0.027981972502674295,0,1,0,1,0.0,0.9900990099009901,1.0,6.0,No aggregate reversal under this configuration.,1157
ncgc00183226-01,0.02831908207381331,0,1,0,1,0.0,0.9801980198019802,1.0,8.0,No aggregate reversal under this configuration.,1158
ncgc00185087-01,0.028736897690716703,0,1,0,1,0.0,0.9702970297029703,1.0,5.0,No aggregate reversal under this configuration.,1159
"androsta-1,4-dien-3,17-dione",0.028738466487426954,0,1,0,1,0.0,0.9801980198019802,1.0,6.0,No aggregate reversal under this configuration.,1160
"camptothecine (s,+)",0.02944402657165828,0,1,0,1,0.0,0.9801980198019802,1.0,5.0,No aggregate reversal under this configuration.,1161
BRD-A43640821,0.02948422918595635,0,1,0,1,0.0,0.9801980198019802,1.0,8.0,No aggregate reversal under this configuration.,1162
pp-30,0.029716493736339042,0,1,0,1,0.0,0.9900990099009901,1.0,5.0,No aggregate reversal under this configuration.,1163
vu0365121-1,0.02979588982578488,0,1,0,1,0.0,1.0,1.0,9.0,No aggregate reversal under this configuration.,1164
auraptene,0.02992923177639566,0,1,0,1,0.0,0.9900990099009901,1.0,6.0,No aggregate reversal under this configuration.,1165
mls-0435555.0001,0.02996368856592135,0,1,0,1,0.0,1.0,1.0,7.0,No aggregate reversal under this configuration.,1166
thiostrepton,0.03024164764034567,0,2,0,2,0.0,0.9900990099009901,1.0,8.5,No aggregate reversal under this configuration.,1167
mafenide hydrochloride,0.0302843479619603,0,1,0,1,0.0,0.9900990099009901,1.0,6.0,No aggregate reversal under this configuration.,1168
BRD-K89224880,0.030326043427827146,0,1,0,1,0.0,0.9900990099009901,1.0,5.0,No aggregate reversal under this configuration.,1169
ncgc00188714-01,0.030805931509299812,0,1,0,1,0.0,1.0,1.0,7.0,No aggregate reversal under this configuration.,1170
flunisolide,0.030868546539594265,0,1,0,1,0.0,0.9900990099009901,1.0,6.0,No aggregate reversal under this configuration.,1171
BRD-K76079827,0.030936304619654763,0,1,0,1,0.0,0.9801980198019802,1.0,6.0,No aggregate reversal under this configuration.,1172
fenretinide,0.031078320760077268,0,1,0,1,0.0,0.9801980198019802,1.0,5.0,No aggregate reversal under this configuration.,1173
triamcinolone,0.03117129211536445,0,1,0,1,0.0,0.9900990099009901,1.0,6.0,No aggregate reversal under this configuration.,1174
api-2,0.031226320122420582,0,2,0,2,0.0,1.0,1.0,6.0,No aggregate reversal under this configuration.,1175
bambuterol hydrochloride,0.03192787052308985,0,1,0,1,0.0,1.0,1.0,5.0,No aggregate reversal under this configuration.,1176
palda,0.032055546403724496,1,3,1,3,0.3333333333333333,1.0,1.0,6.0,No aggregate reversal under this configuration.,1177
carbetapentane citrate,0.032409055660149545,0,1,0,1,0.0,1.0,1.0,5.0,No aggregate reversal under this configuration.,1178
salmeterol,0.03248125779445825,0,1,0,1,0.0,0.9900990099009901,1.0,5.0,No aggregate reversal under this configuration.,1179
clopidogrel,0.0330322840718,0,1,0,1,0.0,1.0,1.0,5.0,No aggregate reversal under this configuration.,1180
y27632,0.03383410549980001,0,1,0,1,0.0,1.0,1.0,5.0,No aggregate reversal under this configuration.,1181
BRD-K61105081,0.03393612258620149,0,1,0,1,0.0,1.0,1.0,7.0,No aggregate reversal under this configuration.,1182
ncgc00241726-01,0.03473856999564313,0,1,0,1,0.0,0.9702970297029703,1.0,5.0,No aggregate reversal under this configuration.,1183
BRD-K43226598,0.034894276813924874,0,1,0,1,0.0,1.0,1.0,5.0,No aggregate reversal under this configuration.,1184
rosiglitazone hydrochloride,0.03570357649849783,0,2,0,2,0.0,1.0,1.0,7.5,No aggregate reversal under this configuration.,1185
BRD-K60297835,0.03621142638107893,0,2,0,2,0.0,1.0,1.0,6.5,No aggregate reversal under this configuration.,1186
OSI-930,0.037795866807837336,0,1,0,1,0.0,1.0,1.0,5.0,No aggregate reversal under this configuration.,1187
p0030,0.03842559296924852,0,1,0,1,0.0,1.0,1.0,7.0,No aggregate reversal under this configuration.,1188
BRD-K91701654,0.038974940535356675,0,1,0,1,0.0,1.0,1.0,5.0,No aggregate reversal under this configuration.,1189
thioguanosine,0.039585903743229525,0,1,0,1,0.0,1.0,1.0,7.0,No aggregate reversal under this configuration.,1190
BRD-A40431293,0.03975723745136087,1,4,1,4,0.25,1.0,1.0,6.25,No aggregate reversal under this configuration.,1191
ei-328,0.040553919249484975,0,1,0,1,0.0,1.0,1.0,6.0,No aggregate reversal under this configuration.,1192
BRD-K28366633,0.040642634173069014,0,1,0,1,0.0,0.9900990099009901,1.0,5.0,No aggregate reversal under this configuration.,1193
aminolevulinic acid,0.04305088172454651,0,1,0,1,0.0,1.0,1.0,5.0,No aggregate reversal under this configuration.,1194
idelalisib,0.044981085128040076,0,1,0,1,0.0,1.0,1.0,5.0,No aggregate reversal under this configuration.,1195
"clomiphene citrate (z,e)",0.04716407552108599,0,1,0,1,0.0,1.0,1.0,6.0,No aggregate reversal under this configuration.,1196
BRD-K82732294,0.0478452384906218,0,1,0,1,0.0,1.0,1.0,7.0,No aggregate reversal under this configuration.,1197
BRD-K25690923,0.048262822529733136,0,1,0,1,0.0,1.0,1.0,10.0,No aggregate reversal under this configuration.,1198
ALW-II-49-7,0.0504008899657662,0,1,0,1,0.0,1.0,1.0,7.0,No aggregate reversal under this configuration.,1199
