compound,score,supporting_contexts,contexts,supporting_signatures,signatures,consistency,permutation_p,permutation_fdr,naive_overlap,interpretation,rank
BMS509744,-0.049794757824092775,6,6,6,6,1.0,0.009900990099009901,0.134739560912613,13.5,Computational reversal candidate for further investigation.,1
palbociclib,-0.039264834597597296,54,57,54,57,0.9473684210526315,0.009900990099009901,0.134739560912613,11.43859649122807,Computational reversal candidate for further investigation.,2
aloisine,-0.03916079004778231,1,1,1,1,1.0,0.009900990099009901,0.134739560912613,4.0,Computational reversal candidate for further investigation.,3
rg-14620,-0.037877932850870044,1,1,1,1,1.0,0.009900990099009901,0.134739560912613,3.0,Computational reversal candidate for further investigation.,4
iniparib,-0.036675748675154995,1,1,1,1,1.0,0.009900990099009901,0.134739560912613,6.0,Computational reversal candidate for further investigation.,5
BRD-K85275009,-0.03589338411515254,1,1,1,1,1.0,0.009900990099009901,0.134739560912613,3.0,Computational reversal candidate for further investigation.,6
EX-527,-0.0340298570302457,1,1,1,1,1.0,0.0297029702970297,0.22675682202366576,6.0,Computational reversal candidate for further investigation.,7
1483-0018,-0.03386467248352095,1,1,1,1,1.0,0.009900990099009901,0.134739560912613,4.0,Computational reversal candidate for further investigation.,8
ncgc00181801-01,-0.03297984505879742,1,1,1,1,1.0,0.009900990099009901,0.134739560912613,3.0,Computational reversal candidate for further investigation.,9
KIN001-266,-0.0320941416862421,1,1,1,1,1.0,0.009900990099009901,0.134739560912613,6.0,Computational reversal candidate for further investigation.,10
D-4476,-0.03140330350437868,4,4,4,4,1.0,0.009900990099009901,0.134739560912613,4.75,Computational reversal candidate for further investigation.,11
AZD-8330,-0.030709541798911676,46,53,46,53,0.8679245283018868,0.009900990099009901,0.134739560912613,10.90566037735849,Computational reversal candidate for further investigation.,12
BRD-K11795542,-0.030634387463807804,1,1,1,1,1.0,0.019801980198019802,0.18501551647702083,6.0,Computational reversal candidate for further investigation.,13
GSK-2126458,-0.03054765991107485,85,105,85,105,0.8095238095238095,0.009900990099009901,0.134739560912613,10.380952380952381,Computational reversal candidate for further investigation.,14
PI-103,-0.029434680363445077,56,66,56,66,0.8484848484848485,0.009900990099009901,0.134739560912613,9.015151515151516,Computational reversal candidate for further investigation.,15
trimipramine maleate salt,-0.028873290527459315,2,2,2,2,1.0,0.009900990099009901,0.134739560912613,4.5,Computational reversal candidate for further investigation.,16
ncgc00242364-01,-0.028822782143695005,1,1,1,1,1.0,0.009900990099009901,0.134739560912613,5.0,Computational reversal candidate for further investigation.,17
WZ-7043,-0.02833134821468581,2,2,2,2,1.0,0.009900990099009901,0.134739560912613,4.5,Computational reversal candidate for further investigation.,18
KIN001-127,-0.028238278004893067,6,7,6,7,0.8571428571428571,0.009900990099009901,0.134739560912613,10.428571428571429,Computational reversal candidate for further investigation.,19
AZ-628,-0.028136763462050324,15,18,15,18,0.8333333333333334,0.009900990099009901,0.134739560912613,8.055555555555555,Computational reversal candidate for further investigation.,20
BRD-K38625260,-0.02795664850898937,3,3,3,3,1.0,0.009900990099009901,0.134739560912613,4.333333333333333,Computational reversal candidate for further investigation.,21
cc-100,-0.0279531584894652,1,1,1,1,1.0,0.019801980198019802,0.18501551647702083,5.0,Computational reversal candidate for further investigation.,22
6-azauridine,-0.027644138511061005,1,1,1,1,1.0,0.0297029702970297,0.22675682202366576,4.0,Computational reversal candidate for further investigation.,23
WZ-4002,-0.027554196003039898,7,8,7,8,0.875,0.009900990099009901,0.134739560912613,5.625,Computational reversal candidate for further investigation.,24
crizotinib,-0.027332810175789063,23,29,23,29,0.7931034482758621,0.009900990099009901,0.134739560912613,6.551724137931035,Computational reversal candidate for further investigation.,25
hy-70061,-0.02723759065401992,1,1,1,1,1.0,0.009900990099009901,0.134739560912613,3.0,Computational reversal candidate for further investigation.,26
danthron,-0.027098729735572293,1,1,1,1,1.0,0.009900990099009901,0.134739560912613,3.0,Computational reversal candidate for further investigation.,27
lapatinib,-0.026810170388932072,17,19,17,19,0.8947368421052632,0.009900990099009901,0.134739560912613,7.368421052631579,Computational reversal candidate for further investigation.,28
NVP-BGT226,-0.026502648541588444,32,35,32,35,0.9142857142857143,0.009900990099009901,0.134739560912613,9.628571428571428,Computational reversal candidate for further investigation.,29
gw 441756,-0.026439906109418466,1,1,1,1,1.0,0.0297029702970297,0.22675682202366576,5.0,Computational reversal candidate for further investigation.,30
GDC-0941,-0.026420215605467423,52,62,52,62,0.8387096774193549,0.009900990099009901,0.134739560912613,8.758064516129032,Computational reversal candidate for further investigation.,31
s1169,-0.026366046627863002,1,1,1,1,1.0,0.0297029702970297,0.22675682202366576,5.0,Computational reversal candidate for further investigation.,32
r-96544 hydrochloride,-0.026248639135799015,1,1,1,1,1.0,0.009900990099009901,0.134739560912613,3.0,Computational reversal candidate for further investigation.,33
SGI-1776,-0.02624222268111906,7,8,7,8,0.875,0.009900990099009901,0.134739560912613,8.375,Computational reversal candidate for further investigation.,34
BRD-K15467014,-0.02603874915794331,1,1,1,1,1.0,0.019801980198019802,0.18501551647702083,3.0,Computational reversal candidate for further investigation.,35
chlorprothixene hydrochloride,-0.025519456784992685,1,1,1,1,1.0,0.019801980198019802,0.18501551647702083,4.0,Computational reversal candidate for further investigation.,36
torin-2,-0.025379211579151427,62,75,62,75,0.8266666666666667,0.009900990099009901,0.134739560912613,9.173333333333334,Computational reversal candidate for further investigation.,37
sertraline,-0.025264891829608976,1,1,1,1,1.0,0.009900990099009901,0.134739560912613,4.0,Computational reversal candidate for further investigation.,38
amcinonide,-0.02525732037439824,1,1,1,1,1.0,0.009900990099009901,0.134739560912613,3.0,Computational reversal candidate for further investigation.,39
cp 94253 hydrochloride,-0.02525732037439824,1,1,1,1,1.0,0.039603960396039604,0.25384381441557125,3.0,Computational reversal candidate for further investigation.,40
SB-525334,-0.02509204928908904,10,11,10,11,0.9090909090909091,0.009900990099009901,0.134739560912613,4.454545454545454,Computational reversal candidate for further investigation.,41
ncgc00183247-01,-0.02508163239677336,1,1,1,1,1.0,0.039603960396039604,0.25384381441557125,3.0,Computational reversal candidate for further investigation.,42
linopirdine dihydrochloride,-0.025035489192851222,1,1,1,1,1.0,0.009900990099009901,0.134739560912613,3.0,Computational reversal candidate for further investigation.,43
foretinib,-0.025006604746350924,23,28,23,28,0.8214285714285714,0.009900990099009901,0.134739560912613,9.357142857142858,Computational reversal candidate for further investigation.,44
"tamoxifen, 4-hydroxy-, (z)-",-0.024845615589547974,4,4,4,4,1.0,0.009900990099009901,0.134739560912613,4.75,Computational reversal candidate for further investigation.,45
jfd02227,-0.024700005487045106,1,1,1,1,1.0,0.039603960396039604,0.25384381441557125,8.0,Computational reversal candidate for further investigation.,46
ketorolac tromethamine,-0.02469605470585312,1,1,1,1,1.0,0.019801980198019802,0.18501551647702083,3.0,Computational reversal candidate for further investigation.,47
xylazine,-0.024560268548326554,1,1,1,1,1.0,0.009900990099009901,0.134739560912613,4.0,Computational reversal candidate for further investigation.,48
BRD-K74761218,-0.02450381014887893,2,3,2,3,0.6666666666666666,0.019801980198019802,0.18501551647702083,7.333333333333333,Computational reversal candidate for further investigation.,49
ncgc00167107-01,-0.024325181709978924,1,1,1,1,1.0,0.009900990099009901,0.134739560912613,5.0,Computational reversal candidate for further investigation.,50
maprotiline hydrochloride,-0.024187624963038865,3,3,3,3,1.0,0.019801980198019802,0.18501551647702083,4.0,Computational reversal candidate for further investigation.,51
BRD-K46681113,-0.024172136905572076,1,1,1,1,1.0,0.009900990099009901,0.134739560912613,4.0,Computational reversal candidate for further investigation.,52
way 170523,-0.02388174682428089,1,1,1,1,1.0,0.04950495049504951,0.2851849602138128,4.0,Computational reversal candidate for further investigation.,53
KU-55933,-0.023824294874345547,3,5,3,5,0.6,0.009900990099009901,0.134739560912613,4.6,Computational reversal candidate for further investigation.,54
vemurafenib,-0.023754270205761253,16,18,16,18,0.8888888888888888,0.009900990099009901,0.134739560912613,10.11111111111111,Computational reversal candidate for further investigation.,55
qx 222,-0.023710473071504604,1,1,1,1,1.0,0.009900990099009901,0.134739560912613,3.0,Computational reversal candidate for further investigation.,56
desoxymetasone,-0.023605875487932984,1,1,1,1,1.0,0.019801980198019802,0.18501551647702083,3.0,Computational reversal candidate for further investigation.,57
BRD-K77681376,-0.02360166900152652,2,2,2,2,1.0,0.009900990099009901,0.134739560912613,5.5,Computational reversal candidate for further investigation.,58
BRD-K05977823,-0.0236012842342216,1,1,1,1,1.0,0.009900990099009901,0.134739560912613,4.0,Computational reversal candidate for further investigation.,59
5-nonyloxytryptamine,-0.02346265680051647,3,4,3,4,0.75,0.009900990099009901,0.134739560912613,4.0,Computational reversal candidate for further investigation.,60
HG-14-8-02,-0.023449080842437117,9,10,9,10,0.9,0.009900990099009901,0.134739560912613,8.1,Computational reversal candidate for further investigation.,61
ag 82,-0.023391554943598902,1,1,1,1,1.0,0.019801980198019802,0.18501551647702083,4.0,Computational reversal candidate for further investigation.,62
GDC-0980,-0.02331796533588264,56,64,56,64,0.875,0.009900990099009901,0.134739560912613,8.9375,Computational reversal candidate for further investigation.,63
HG-14-10-04,-0.02312340488815435,14,15,14,15,0.9333333333333333,0.009900990099009901,0.134739560912613,6.066666666666666,Computational reversal candidate for further investigation.,64
NVP-TAE684,-0.02307541721850765,50,62,50,62,0.8064516129032258,0.009900990099009901,0.134739560912613,9.580645161290322,Computational reversal candidate for further investigation.,65
BRD-K02641134,-0.023039137235962667,1,1,1,1,1.0,0.039603960396039604,0.25384381441557125,5.0,Computational reversal candidate for further investigation.,66
dasatinib,-0.02301473597322736,78,88,176,198,0.8863636363636364,0.009900990099009901,0.134739560912613,7.111111111111111,Computational reversal candidate for further investigation.,67
barasertib,-0.0229470795768874,2,2,2,2,1.0,0.009900990099009901,0.134739560912613,6.0,Computational reversal candidate for further investigation.,68
CGK-733,-0.022822464805397014,7,9,7,9,0.7777777777777778,0.009900990099009901,0.134739560912613,7.666666666666667,Computational reversal candidate for further investigation.,69
clomid,-0.022505129616241876,2,2,2,2,1.0,0.019801980198019802,0.18501551647702083,4.5,Computational reversal candidate for further investigation.,70
deguelin(-),-0.022493169798212698,1,1,1,1,1.0,0.04950495049504951,0.2851849602138128,6.0,Computational reversal candidate for further investigation.,71
domperidone,-0.022461470097840337,1,1,1,1,1.0,0.009900990099009901,0.134739560912613,5.0,Computational reversal candidate for further investigation.,72
BRD-K77480336,-0.02245102686375274,1,1,1,1,1.0,0.039603960396039604,0.25384381441557125,4.0,Computational reversal candidate for further investigation.,73
gsk-3 inhibitor ii,-0.02228456391525093,1,1,1,1,1.0,0.019801980198019802,0.18501551647702083,3.0,Computational reversal candidate for further investigation.,74
benzoxiquine,-0.022194338477583928,1,1,1,1,1.0,0.039603960396039604,0.25384381441557125,4.0,Computational reversal candidate for further investigation.,75
liothyronine,-0.022178919616548,1,1,1,1,1.0,0.039603960396039604,0.25384381441557125,4.0,Computational reversal candidate for further investigation.,76
trametinib,-0.022110588511588015,38,48,38,48,0.7916666666666666,0.009900990099009901,0.134739560912613,11.166666666666666,Computational reversal candidate for further investigation.,77
ncgc00241077-01,-0.022011119131596504,4,4,4,4,1.0,0.009900990099009901,0.134739560912613,5.25,Computational reversal candidate for further investigation.,78
SB-239063,-0.021843078256680176,4,5,4,5,0.8,0.009900990099009901,0.134739560912613,3.8,Computational reversal candidate for further investigation.,79
BRD-A81541225,-0.0217478043839427,1,1,1,1,1.0,0.06930693069306931,0.32703119558186977,4.0,Computational reversal candidate for further investigation.,80
gefitinib,-0.02171305529973305,16,24,16,24,0.6666666666666666,0.009900990099009901,0.134739560912613,8.541666666666666,Computational reversal candidate for further investigation.,81
dovitinib,-0.021591882171704248,22,31,22,31,0.7096774193548387,0.009900990099009901,0.134739560912613,9.806451612903226,Computational reversal candidate for further investigation.,82
PLX-4720,-0.021493414381640284,12,15,12,15,0.8,0.009900990099009901,0.134739560912613,10.666666666666666,Computational reversal candidate for further investigation.,83
HG-9-91-01,-0.021474738766429066,6,7,6,7,0.8571428571428571,0.009900990099009901,0.134739560912613,5.571428571428571,Computational reversal candidate for further investigation.,84
itraconazole,-0.02128889054311749,1,1,1,1,1.0,0.019801980198019802,0.18501551647702083,3.0,Computational reversal candidate for further investigation.,85
AZD7762,-0.021183601296546145,1,1,1,1,1.0,0.0297029702970297,0.22675682202366576,5.0,Computational reversal candidate for further investigation.,86
methylstat,-0.020992719130734916,4,6,4,6,0.6666666666666666,0.0297029702970297,0.22675682202366576,8.166666666666666,Computational reversal candidate for further investigation.,87
vandetanib,-0.020926101952275213,5,6,5,6,0.8333333333333334,0.009900990099009901,0.134739560912613,7.166666666666667,Computational reversal candidate for further investigation.,88
BRD-K07023879,-0.020921214068325554,2,3,2,3,0.6666666666666666,0.0297029702970297,0.22675682202366576,5.333333333333333,Computational reversal candidate for further investigation.,89
BRD-K26304855,-0.020870615283247004,3,3,3,3,1.0,0.0297029702970297,0.22675682202366576,5.0,Computational reversal candidate for further investigation.,90
NVP-BEZ235,-0.020762030777467917,69,92,69,92,0.75,0.009900990099009901,0.134739560912613,9.271739130434783,Computational reversal candidate for further investigation.,91
thiazolopyrimidine,-0.020731813855782183,2,2,2,2,1.0,0.0297029702970297,0.22675682202366576,7.0,Computational reversal candidate for further investigation.,92
BRD-K63923597,-0.02067897330251162,1,1,1,1,1.0,0.009900990099009901,0.134739560912613,4.0,Computational reversal candidate for further investigation.,93
indatraline,-0.020656812153506496,1,1,1,1,1.0,0.0297029702970297,0.22675682202366576,4.0,Computational reversal candidate for further investigation.,94
BRD-K73945663,-0.020635568233419513,1,1,1,1,1.0,0.009900990099009901,0.134739560912613,4.0,Computational reversal candidate for further investigation.,95
erk inhibitor 11e,-0.020539772750203692,1,1,1,1,1.0,0.0594059405940594,0.308188829932717,4.0,Computational reversal candidate for further investigation.,96
butein,-0.02045069344819962,1,1,1,1,1.0,0.04950495049504951,0.2851849602138128,3.0,Computational reversal candidate for further investigation.,97
afatinib,-0.020191557666620452,32,47,32,47,0.6808510638297872,0.009900990099009901,0.134739560912613,8.191489361702128,Computational reversal candidate for further investigation.,98
kuc104495 kuc104495n,-0.020080042552212612,4,4,4,4,1.0,0.009900990099009901,0.134739560912613,4.75,Computational reversal candidate for further investigation.,99
BRD-K85818861,-0.020029515991593846,2,2,2,2,1.0,0.019801980198019802,0.18501551647702083,4.5,Computational reversal candidate for further investigation.,100
ci 976,-0.019923016226340656,1,1,1,1,1.0,0.04950495049504951,0.2851849602138128,5.0,Computational reversal candidate for further investigation.,101
unc0321,-0.019886861220778505,1,1,1,1,1.0,0.039603960396039604,0.25384381441557125,4.0,Computational reversal candidate for further investigation.,102
ZSTK-474,-0.0198833940785662,53,66,53,66,0.803030303030303,0.009900990099009901,0.134739560912613,8.166666666666666,Computational reversal candidate for further investigation.,103
selumetinib,-0.019827593940003226,43,59,43,59,0.7288135593220338,0.009900990099009901,0.134739560912613,9.40677966101695,Computational reversal candidate for further investigation.,104
hy-50940,-0.019818687750536898,6,6,6,6,1.0,0.009900990099009901,0.134739560912613,5.5,Computational reversal candidate for further investigation.,105
h 89 dihydrochloride,-0.019506422284303344,3,3,3,3,1.0,0.009900990099009901,0.134739560912613,3.3333333333333335,Computational reversal candidate for further investigation.,106
BRD-K64525051,-0.01949620936879618,1,1,1,1,1.0,0.039603960396039604,0.25384381441557125,4.0,Computational reversal candidate for further investigation.,107
ei-232,-0.019495119258508317,2,2,2,2,1.0,0.0297029702970297,0.22675682202366576,7.0,Computational reversal candidate for further investigation.,108
AZD4547,-0.019479797785481805,7,7,7,7,1.0,0.009900990099009901,0.134739560912613,5.714285714285714,Computational reversal candidate for further investigation.,109
BRD-K78373679,-0.01945269014643046,1,1,1,1,1.0,0.019801980198019802,0.18501551647702083,4.0,Computational reversal candidate for further investigation.,110
NVP-AUY922,-0.019437899399477782,67,81,67,81,0.8271604938271605,0.009900990099009901,0.134739560912613,7.716049382716049,Computational reversal candidate for further investigation.,111
BRD-K68588778,-0.01934308933888333,1,1,1,1,1.0,0.009900990099009901,0.134739560912613,4.0,Computational reversal candidate for further investigation.,112
urapidil hydrochloride,-0.01932606918980137,1,1,1,1,1.0,0.0594059405940594,0.308188829932717,4.0,Computational reversal candidate for further investigation.,113
s1175,-0.019296760791175375,3,3,3,3,1.0,0.019801980198019802,0.18501551647702083,3.6666666666666665,Computational reversal candidate for further investigation.,114
pz0013,-0.019284072490252643,1,1,1,1,1.0,0.019801980198019802,0.18501551647702083,5.0,Computational reversal candidate for further investigation.,115
CP-724714,-0.019257228558430473,6,8,6,8,0.75,0.009900990099009901,0.134739560912613,5.625,Computational reversal candidate for further investigation.,116
norethindrone acetate,-0.019231660854381015,1,1,1,1,1.0,0.0594059405940594,0.308188829932717,5.0,Computational reversal candidate for further investigation.,117
pj 34 hydrochloride,-0.01918680853574679,1,1,1,1,1.0,0.039603960396039604,0.25384381441557125,5.0,Computational reversal candidate for further investigation.,118
hy-11066,-0.019159626994732257,2,2,2,2,1.0,0.0297029702970297,0.22675682202366576,4.5,Computational reversal candidate for further investigation.,119
thapsigargin,-0.01913531764549948,3,4,3,4,0.75,0.009900990099009901,0.134739560912613,7.0,Computational reversal candidate for further investigation.,120
triclosan,-0.019024654859538637,2,3,2,3,0.6666666666666666,0.0297029702970297,0.22675682202366576,4.666666666666667,Computational reversal candidate for further investigation.,121
nintedanib,-0.01901297392201666,22,28,22,28,0.7857142857142857,0.009900990099009901,0.134739560912613,7.107142857142857,Computational reversal candidate for further investigation.,122
AS-605240,-0.018920005742169066,40,52,40,52,0.7692307692307693,0.009900990099009901,0.134739560912613,7.865384615384615,Computational reversal candidate for further investigation.,123
BRD-K60093216,-0.01885352258649786,1,1,1,1,1.0,0.019801980198019802,0.18501551647702083,5.0,Computational reversal candidate for further investigation.,124
ptb1,-0.018833248479435964,1,1,1,1,1.0,0.0594059405940594,0.308188829932717,6.0,Computational reversal candidate for further investigation.,125
BRD-K19181733,-0.01875650610798465,4,4,4,4,1.0,0.009900990099009901,0.134739560912613,5.25,Computational reversal candidate for further investigation.,126
TWS-119,-0.018733027274982213,18,22,18,22,0.8181818181818182,0.009900990099009901,0.134739560912613,6.7272727272727275,Computational reversal candidate for further investigation.,127
s1014,-0.018633914714140574,2,2,2,2,1.0,0.009900990099009901,0.134739560912613,4.0,Computational reversal candidate for further investigation.,128
zk 164015,-0.018589184805239717,1,1,1,1,1.0,0.07920792079207921,0.3491842141960675,6.0,Computational reversal candidate for further investigation.,129
ncgc00180994-01,-0.018456537819979708,1,2,1,2,0.5,0.019801980198019802,0.18501551647702083,4.5,Computational reversal candidate for further investigation.,130
BRD-K27151060,-0.018432941182344332,1,1,1,1,1.0,0.039603960396039604,0.25384381441557125,3.0,Computational reversal candidate for further investigation.,131
BRD-K62300190,-0.0184308587840144,1,1,1,1,1.0,0.0297029702970297,0.22675682202366576,4.0,Computational reversal candidate for further investigation.,132
ncgc00188531-01,-0.018354463008824026,1,1,1,1,1.0,0.0594059405940594,0.308188829932717,3.0,Computational reversal candidate for further investigation.,133
meclocycline sulfosalicylate,-0.018320942812417536,1,1,1,1,1.0,0.06930693069306931,0.32703119558186977,5.0,Computational reversal candidate for further investigation.,134
u 18666a,-0.018282127473394298,3,3,3,3,1.0,0.019801980198019802,0.18501551647702083,4.0,Computational reversal candidate for further investigation.,135
BRD-K71489689,-0.018272408819699125,1,1,1,1,1.0,0.06930693069306931,0.32703119558186977,4.0,Computational reversal candidate for further investigation.,136
BRD-K73567619,-0.01817681557263323,1,1,1,1,1.0,0.0594059405940594,0.308188829932717,5.0,Computational reversal candidate for further investigation.,137
canertinib,-0.01805201196810715,40,51,40,51,0.7843137254901961,0.009900990099009901,0.134739560912613,7.901960784313726,Computational reversal candidate for further investigation.,138
toremifene,-0.018031603015496566,2,2,3,3,1.0,0.009900990099009901,0.134739560912613,3.6666666666666665,Computational reversal candidate for further investigation.,139
fk506,-0.017881469915547232,3,3,3,3,1.0,0.019801980198019802,0.18501551647702083,4.333333333333333,Computational reversal candidate for further investigation.,140
BRD-K92158425,-0.01784745340242372,3,4,3,4,0.75,0.009900990099009901,0.134739560912613,4.25,Computational reversal candidate for further investigation.,141
reserpine,-0.017840742039433678,2,2,2,2,1.0,0.019801980198019802,0.18501551647702083,4.0,Computational reversal candidate for further investigation.,142
BRD-K60067222,-0.01783010893771149,1,1,1,1,1.0,0.019801980198019802,0.18501551647702083,3.0,Computational reversal candidate for further investigation.,143
norpramin,-0.017763141004367357,2,2,2,2,1.0,0.019801980198019802,0.18501551647702083,3.0,Computational reversal candidate for further investigation.,144
prima-1 met,-0.017719863487387508,2,2,2,2,1.0,0.0297029702970297,0.22675682202366576,4.0,Computational reversal candidate for further investigation.,145
gw 4064,-0.017705787924842866,1,1,1,1,1.0,0.04950495049504951,0.2851849602138128,3.0,Computational reversal candidate for further investigation.,146
gw 583340 dihydrochloride,-0.017705787924842866,1,1,1,1,1.0,0.039603960396039604,0.25384381441557125,3.0,Computational reversal candidate for further investigation.,147
bml-st330,-0.017669576705802895,1,1,1,1,1.0,0.009900990099009901,0.134739560912613,4.0,Computational reversal candidate for further investigation.,148
s1095,-0.01761989773788595,5,5,5,5,1.0,0.009900990099009901,0.134739560912613,4.0,Computational reversal candidate for further investigation.,149
sb 200646 hydrochloride,-0.017557594005092395,1,1,1,1,1.0,0.07920792079207921,0.3491842141960675,3.0,Computational reversal candidate for further investigation.,150
evista,-0.017547808736680326,1,1,2,2,1.0,0.0297029702970297,0.22675682202366576,4.0,Computational reversal candidate for further investigation.,151
skf 81297 hydrobromide,-0.01738095032496051,1,1,1,1,1.0,0.0297029702970297,0.22675682202366576,3.0,Computational reversal candidate for further investigation.,152
np-006304,-0.017376459372086123,1,1,1,1,1.0,0.019801980198019802,0.18501551647702083,3.0,Computational reversal candidate for further investigation.,153
at-csc-18 brd-k01121114,-0.01735462070618391,1,1,1,1,1.0,0.07920792079207921,0.3491842141960675,3.0,Computational reversal candidate for further investigation.,154
u 99194 maleate,-0.01733343409099062,1,1,1,1,1.0,0.07920792079207921,0.3491842141960675,3.0,Computational reversal candidate for further investigation.,155
t 0901317,-0.017273622510087627,1,1,1,1,1.0,0.0594059405940594,0.308188829932717,3.0,Computational reversal candidate for further investigation.,156
atorvastatin,-0.017273152028681474,2,2,2,2,1.0,0.009900990099009901,0.134739560912613,6.0,Computational reversal candidate for further investigation.,157
AT7867,-0.01722336134686667,6,10,6,10,0.6,0.009900990099009901,0.134739560912613,6.7,Computational reversal candidate for further investigation.,158
azd-7545-a,-0.017213531850590078,2,2,2,2,1.0,0.019801980198019802,0.18501551647702083,3.5,Computational reversal candidate for further investigation.,159
prothionamide,-0.01713845363648621,1,1,1,1,1.0,0.039603960396039604,0.25384381441557125,4.0,Computational reversal candidate for further investigation.,160
ncgc00183691-01,-0.017108300488871173,1,1,1,1,1.0,0.09900990099009901,0.3906315001248024,5.0,Computational reversal candidate for further investigation.,161
benperidol,-0.017038496055438314,1,1,1,1,1.0,0.009900990099009901,0.134739560912613,4.0,Computational reversal candidate for further investigation.,162
pf3845,-0.017018587191391595,2,2,2,2,1.0,0.009900990099009901,0.134739560912613,3.5,Computational reversal candidate for further investigation.,163
BRD-K39829853,-0.01701739250747612,1,1,1,1,1.0,0.06930693069306931,0.32703119558186977,5.0,Computational reversal candidate for further investigation.,164
cladribine,-0.01696288509168812,2,3,2,3,0.6666666666666666,0.009900990099009901,0.134739560912613,3.6666666666666665,Computational reversal candidate for further investigation.,165
dibenzepine hydrochloride,-0.01693674877837854,1,1,1,1,1.0,0.07920792079207921,0.3491842141960675,3.0,Computational reversal candidate for further investigation.,166
BRD-K74797618,-0.01681907853529399,1,1,1,1,1.0,0.06930693069306931,0.32703119558186977,6.0,Computational reversal candidate for further investigation.,167
BRD-K53308430,-0.016750324050191355,3,3,3,3,1.0,0.06930693069306931,0.32703119558186977,5.333333333333333,Computational reversal candidate for further investigation.,168
PD-0325901,-0.016703647982440933,68,93,172,220,0.7311827956989247,0.009900990099009901,0.134739560912613,8.959090909090909,Computational reversal candidate for further investigation.,169
idelalisib,-0.016687499253557017,4,5,4,5,0.8,0.009900990099009901,0.134739560912613,6.4,Computational reversal candidate for further investigation.,170
BRD-K53592093,-0.016556544773063182,1,1,1,1,1.0,0.0297029702970297,0.22675682202366576,4.0,Computational reversal candidate for further investigation.,171
"betamethasone 17,21-dipropionate",-0.016539990277056646,1,1,1,1,1.0,0.07920792079207921,0.3491842141960675,4.0,Computational reversal candidate for further investigation.,172
dihydro-7-desacetyldeoxygedunin,-0.016506575063738402,1,1,1,1,1.0,0.0297029702970297,0.22675682202366576,3.0,Computational reversal candidate for further investigation.,173
tanespimycin,-0.016432581657893703,8,8,18,18,1.0,0.019801980198019802,0.18501551647702083,7.444444444444445,Computational reversal candidate for further investigation.,174
embelin,-0.016421969446277253,1,1,1,1,1.0,0.0594059405940594,0.308188829932717,3.0,Computational reversal candidate for further investigation.,175
BRD-K10846167,-0.016419442051330883,3,5,3,5,0.6,0.019801980198019802,0.18501551647702083,5.0,Computational reversal candidate for further investigation.,176
luteolin,-0.016401587963153007,2,2,2,2,1.0,0.039603960396039604,0.25384381441557125,4.5,Computational reversal candidate for further investigation.,177
tozasertib,-0.016386497542121427,15,20,15,20,0.75,0.009900990099009901,0.134739560912613,7.6,Computational reversal candidate for further investigation.,178
amperozide,-0.016352285358493052,1,1,1,1,1.0,0.06930693069306931,0.32703119558186977,4.0,Computational reversal candidate for further investigation.,179
u0126,-0.016343543112801347,2,2,2,2,1.0,0.019801980198019802,0.18501551647702083,3.5,Computational reversal candidate for further investigation.,180
fenofibrate,-0.01632485154735516,1,1,1,1,1.0,0.07920792079207921,0.3491842141960675,6.0,Computational reversal candidate for further investigation.,181
KIN236,-0.0162795963681435,1,2,1,2,0.5,0.009900990099009901,0.134739560912613,5.0,Computational reversal candidate for further investigation.,182
protriptyline hydrochloride,-0.01626353153554284,2,2,2,2,1.0,0.019801980198019802,0.18501551647702083,3.5,Computational reversal candidate for further investigation.,183
WH-4-025,-0.01625890351243417,34,48,34,48,0.7083333333333334,0.009900990099009901,0.134739560912613,6.895833333333333,Computational reversal candidate for further investigation.,184
jak3 inhibitor i,-0.016229818813627343,1,1,1,1,1.0,0.10891089108910891,0.4098890851008949,4.0,Computational reversal candidate for further investigation.,185
erlotinib,-0.016092923366387544,15,19,15,19,0.7894736842105263,0.009900990099009901,0.134739560912613,8.578947368421053,Computational reversal candidate for further investigation.,186
BRD-K72883421,-0.016026763165502347,1,1,1,1,1.0,0.019801980198019802,0.18501551647702083,3.0,Computational reversal candidate for further investigation.,187
BRD-K45818044,-0.0160150596761746,4,4,4,4,1.0,0.019801980198019802,0.18501551647702083,3.75,Computational reversal candidate for further investigation.,188
bms-754807,-0.01601149632684342,3,4,3,4,0.75,0.06930693069306931,0.32703119558186977,4.25,Computational reversal candidate for further investigation.,189
BRD-K23657553,-0.016007186670537476,2,2,2,2,1.0,0.019801980198019802,0.18501551647702083,3.0,Computational reversal candidate for further investigation.,190
neratinib,-0.015993397545770265,33,45,33,45,0.7333333333333333,0.009900990099009901,0.134739560912613,6.955555555555556,Computational reversal candidate for further investigation.,191
BRD-U31801276,-0.01598467572578357,1,1,1,1,1.0,0.039603960396039604,0.25384381441557125,3.0,Computational reversal candidate for further investigation.,192
BRD-K82971429,-0.0159714414739317,1,1,1,1,1.0,0.04950495049504951,0.2851849602138128,3.0,Computational reversal candidate for further investigation.,193
bosutinib,-0.01594986754202486,2,4,2,4,0.5,0.0297029702970297,0.22675682202366576,6.5,Computational reversal candidate for further investigation.,194
saracatinib,-0.015938949490866227,29,38,35,47,0.7631578947368421,0.009900990099009901,0.134739560912613,7.0,Computational reversal candidate for further investigation.,195
BRD-K58288048,-0.015930001175150157,3,3,3,3,1.0,0.06930693069306931,0.32703119558186977,5.333333333333333,Computational reversal candidate for further investigation.,196
r(+)-skf-81297,-0.015928454356278175,1,1,1,1,1.0,0.04950495049504951,0.2851849602138128,4.0,Computational reversal candidate for further investigation.,197
BRD-A75931230,-0.01591858945908122,1,1,1,1,1.0,0.18811881188118812,0.5320589287844447,5.0,Computational reversal candidate for further investigation.,198
BRD-K41220170,-0.015864340548894688,1,1,1,1,1.0,0.1188118811881188,0.42339414207075354,4.0,Computational reversal candidate for further investigation.,199
pelitinib,-0.015834311207080006,29,45,29,45,0.6444444444444445,0.009900990099009901,0.134739560912613,8.266666666666667,Computational reversal candidate for further investigation.,200
BRD-K76236182,-0.01578871559049671,1,1,1,1,1.0,0.06930693069306931,0.32703119558186977,3.0,Computational reversal candidate for further investigation.,201
milrinone,-0.01576006496092782,1,1,1,1,1.0,0.0594059405940594,0.308188829932717,3.0,Computational reversal candidate for further investigation.,202
ncgc00182913-03,-0.015688407802721255,1,1,1,1,1.0,0.10891089108910891,0.4098890851008949,6.0,Computational reversal candidate for further investigation.,203
BRD-K19220233,-0.015676882797529282,8,9,8,9,0.8888888888888888,0.019801980198019802,0.18501551647702083,4.777777777777778,Computational reversal candidate for further investigation.,204
BRD-K56593336,-0.01556633670064024,1,1,1,1,1.0,0.04950495049504951,0.2851849602138128,5.0,Computational reversal candidate for further investigation.,205
kn-93,-0.01547882780385465,4,4,4,4,1.0,0.009900990099009901,0.134739560912613,3.5,Computational reversal candidate for further investigation.,206
sr-95639a,-0.015462964905238234,1,1,1,1,1.0,0.0891089108910891,0.3735413719943423,3.0,Computational reversal candidate for further investigation.,207
s1249,-0.015363330471410554,6,7,6,7,0.8571428571428571,0.019801980198019802,0.18501551647702083,5.571428571428571,Computational reversal candidate for further investigation.,208
GSK-1070916,-0.015356510464373195,12,18,12,18,0.6666666666666666,0.009900990099009901,0.134739560912613,5.833333333333333,Computational reversal candidate for further investigation.,209
pimozide,-0.015342741848308649,4,4,4,4,1.0,0.009900990099009901,0.134739560912613,5.0,Computational reversal candidate for further investigation.,210
KIN001-265,-0.015305183302172478,4,6,4,6,0.6666666666666666,0.019801980198019802,0.18501551647702083,6.5,Computational reversal candidate for further investigation.,211
BRD-K51556300,-0.015301497002956552,1,1,1,1,1.0,0.09900990099009901,0.3906315001248024,3.0,Computational reversal candidate for further investigation.,212
donepezil hydrochloride,-0.015286277349847738,1,1,1,1,1.0,0.1485148514851485,0.4687578001497628,4.0,Computational reversal candidate for further investigation.,213
dihydroergocristine mesylate,-0.015278592877021453,1,1,1,1,1.0,0.04950495049504951,0.2851849602138128,5.0,Computational reversal candidate for further investigation.,214
bl-081,-0.015259342138629521,1,1,1,1,1.0,0.09900990099009901,0.3906315001248024,7.0,Computational reversal candidate for further investigation.,215
bh3i-1,-0.01524529533819459,1,1,1,1,1.0,0.0891089108910891,0.3735413719943423,3.0,Computational reversal candidate for further investigation.,216
meprylcaine hydrochloride,-0.015185866829029719,1,1,1,1,1.0,0.0891089108910891,0.3735413719943423,4.0,Computational reversal candidate for further investigation.,217
n-benzylnaltrindole hydrochloride,-0.015078233659435376,5,5,5,5,1.0,0.009900990099009901,0.134739560912613,3.8,Computational reversal candidate for further investigation.,218
cytarabine,-0.015052772624938773,3,3,4,4,1.0,0.009900990099009901,0.134739560912613,3.75,Computational reversal candidate for further investigation.,219
BRD-K65983740,-0.015028237172662162,1,1,1,1,1.0,0.07920792079207921,0.3491842141960675,3.0,Computational reversal candidate for further investigation.,220
BRD-K33164466,-0.015014470153943311,1,1,1,1,1.0,0.07920792079207921,0.3491842141960675,4.0,Computational reversal candidate for further investigation.,221
INK-128,-0.015004370370352214,29,42,29,42,0.6904761904761905,0.009900990099009901,0.134739560912613,6.904761904761905,Computational reversal candidate for further investigation.,222
PD-184352,-0.01498823473943872,39,48,39,48,0.8125,0.009900990099009901,0.134739560912613,9.020833333333334,Computational reversal candidate for further investigation.,223
WYE-125132,-0.0149880618367969,72,96,72,96,0.75,0.009900990099009901,0.134739560912613,8.90625,Computational reversal candidate for further investigation.,224
osi-906,-0.014947306033071315,1,1,1,1,1.0,0.12871287128712872,0.4363226936412053,4.0,Computational reversal candidate for further investigation.,225
rosuvastatin calcium,-0.014926447539961937,1,1,1,1,1.0,0.04950495049504951,0.2851849602138128,4.0,Computational reversal candidate for further investigation.,226
ly 320135,-0.014919852886084209,1,1,1,1,1.0,0.10891089108910891,0.4098890851008949,5.0,Computational reversal candidate for further investigation.,227
amlodipine besylate,-0.014861823653824912,5,5,5,5,1.0,0.019801980198019802,0.18501551647702083,3.4,Computational reversal candidate for further investigation.,228
sutent,-0.014846815044873896,8,10,8,10,0.8,0.019801980198019802,0.18501551647702083,6.9,Computational reversal candidate for further investigation.,229
t 98475,-0.014841719832993037,3,3,3,3,1.0,0.04950495049504951,0.2851849602138128,4.0,Computational reversal candidate for further investigation.,230
ciglitazone,-0.014820204741838715,1,1,1,1,1.0,0.0891089108910891,0.3735413719943423,5.0,Computational reversal candidate for further investigation.,231
HG-5-88-01,-0.01478066142718201,11,17,11,17,0.6470588235294118,0.009900990099009901,0.134739560912613,6.529411764705882,Computational reversal candidate for further investigation.,232
isoquercitrin,-0.01476666161779863,2,2,2,2,1.0,0.039603960396039604,0.25384381441557125,5.0,Computational reversal candidate for further investigation.,233
am580,-0.01475649306438297,1,1,1,1,1.0,0.09900990099009901,0.3906315001248024,5.0,Computational reversal candidate for further investigation.,234
vu0424182-2,-0.014741495919942709,1,1,1,1,1.0,0.09900990099009901,0.3906315001248024,5.0,Computational reversal candidate for further investigation.,235
isoreserpine,-0.014719781890262941,1,1,1,1,1.0,0.10891089108910891,0.4098890851008949,4.0,Computational reversal candidate for further investigation.,236
PIK-93,-0.014714937336815077,13,20,13,20,0.65,0.009900990099009901,0.134739560912613,7.1,Computational reversal candidate for further investigation.,237
ritodrine hydrochloride,-0.014712829190163687,1,1,1,1,1.0,0.1188118811881188,0.42339414207075354,3.0,Computational reversal candidate for further investigation.,238
ei-156,-0.014667136066839101,5,5,5,5,1.0,0.039603960396039604,0.25384381441557125,5.2,Computational reversal candidate for further investigation.,239
"2,5-dideoxyadenosine",-0.014662007607518464,1,1,1,1,1.0,0.06930693069306931,0.32703119558186977,3.0,Computational reversal candidate for further investigation.,240
taxifolin-(+/-),-0.014612209343765281,1,1,1,1,1.0,0.15841584158415842,0.482962581972483,5.0,Computational reversal candidate for further investigation.,241
s1017,-0.014591270272846525,4,4,4,4,1.0,0.039603960396039604,0.25384381441557125,3.75,Computational reversal candidate for further investigation.,242
BRD-K53414658,-0.014549300708070322,6,6,6,6,1.0,0.009900990099009901,0.134739560912613,3.6666666666666665,Computational reversal candidate for further investigation.,243
sorafenib,-0.014513128433423512,11,16,11,16,0.6875,0.009900990099009901,0.134739560912613,6.1875,Computational reversal candidate for further investigation.,244
resveratrol,-0.014473849165713905,1,1,1,1,1.0,0.06930693069306931,0.32703119558186977,3.0,Computational reversal candidate for further investigation.,245
BRD-K76938712,-0.01444643283694027,1,1,1,1,1.0,0.0891089108910891,0.3735413719943423,3.0,Computational reversal candidate for further investigation.,246
terfenadine,-0.014446417218539346,2,3,2,3,0.6666666666666666,0.019801980198019802,0.18501551647702083,4.666666666666667,Computational reversal candidate for further investigation.,247
BRD-K88868628,-0.01429547780939658,1,1,1,1,1.0,0.1188118811881188,0.42339414207075354,7.0,Computational reversal candidate for further investigation.,248
XMD-1499,-0.014293677318430262,7,9,7,9,0.7777777777777778,0.009900990099009901,0.134739560912613,5.222222222222222,Computational reversal candidate for further investigation.,249
gr 113808,-0.01423861757951598,1,1,1,1,1.0,0.0297029702970297,0.22675682202366576,4.0,Computational reversal candidate for further investigation.,250
garcinol,-0.014181912014066543,2,3,2,3,0.6666666666666666,0.0297029702970297,0.22675682202366576,7.333333333333333,Computational reversal candidate for further investigation.,251
thiothixene,-0.014162332292107772,5,6,5,6,0.8333333333333334,0.019801980198019802,0.18501551647702083,4.0,Computational reversal candidate for further investigation.,252
fgin-1-27,-0.014162314457217356,2,2,2,2,1.0,0.009900990099009901,0.134739560912613,4.0,Computational reversal candidate for further investigation.,253
BRD-K77877933,-0.014122391586123214,3,3,3,3,1.0,0.039603960396039604,0.25384381441557125,4.666666666666667,Computational reversal candidate for further investigation.,254
rs 17053 hydrochloride,-0.014105255284943254,4,5,4,5,0.8,0.0297029702970297,0.22675682202366576,4.8,Computational reversal candidate for further investigation.,255
BRD-K52911425,-0.014096468327944063,3,3,3,3,1.0,0.039603960396039604,0.25384381441557125,4.333333333333333,Computational reversal candidate for further investigation.,256
BRD-K32485462,-0.014037173285736958,2,2,2,2,1.0,0.0297029702970297,0.22675682202366576,4.0,Computational reversal candidate for further investigation.,257
MK-2206,-0.013952958280672669,23,33,23,33,0.696969696969697,0.009900990099009901,0.134739560912613,6.757575757575758,Computational reversal candidate for further investigation.,258
BRD-K70229243,-0.013897097950135134,1,1,1,1,1.0,0.009900990099009901,0.134739560912613,3.0,Computational reversal candidate for further investigation.,259
s1170,-0.013889377404249562,3,4,3,4,0.75,0.0297029702970297,0.22675682202366576,3.5,Computational reversal candidate for further investigation.,260
BRD-K74486276,-0.01387508993173035,1,2,1,2,0.5,0.0297029702970297,0.22675682202366576,3.5,Computational reversal candidate for further investigation.,261
sib 1757,-0.013863635480977264,1,1,1,1,1.0,0.0594059405940594,0.308188829932717,3.0,Computational reversal candidate for further investigation.,262
primaquine diphosphate,-0.013853792001697264,1,1,1,1,1.0,0.10891089108910891,0.4098890851008949,6.0,Computational reversal candidate for further investigation.,263
BRD-K84762162,-0.013810628899441641,1,1,1,1,1.0,0.09900990099009901,0.3906315001248024,3.0,Computational reversal candidate for further investigation.,264
BRD-K53780220,-0.013639492375396075,3,4,3,4,0.75,0.039603960396039604,0.25384381441557125,6.0,Computational reversal candidate for further investigation.,265
raltitrexed,-0.013635175730722652,1,1,2,2,1.0,0.04950495049504951,0.2851849602138128,3.5,Computational reversal candidate for further investigation.,266
BRD-K65366129,-0.013617824335349926,1,1,1,1,1.0,0.2079207920792079,0.5594201253936282,4.0,Computational reversal candidate for further investigation.,267
orlistat,-0.013598487577025453,2,2,2,2,1.0,0.0297029702970297,0.22675682202366576,3.5,Computational reversal candidate for further investigation.,268
mycophenolic acid,-0.013576167788744547,4,4,5,5,1.0,0.009900990099009901,0.134739560912613,3.2,Computational reversal candidate for further investigation.,269
cerivastatin na,-0.013572014876144182,1,2,1,2,0.5,0.07920792079207921,0.3491842141960675,4.0,Computational reversal candidate for further investigation.,270
thioguanosine,-0.013558592435519042,1,1,1,1,1.0,0.12871287128712872,0.4363226936412053,3.0,Computational reversal candidate for further investigation.,271
PHA-665752,-0.013518257217822384,11,15,11,15,0.7333333333333333,0.019801980198019802,0.18501551647702083,6.066666666666666,Computational reversal candidate for further investigation.,272
BRD-K04534322,-0.013504048306245471,1,2,1,2,0.5,0.0594059405940594,0.308188829932717,3.0,Computational reversal candidate for further investigation.,273
2-fluoropalmitic acid,-0.013485166477250086,1,1,1,1,1.0,0.09900990099009901,0.3906315001248024,3.0,Computational reversal candidate for further investigation.,274
fluphenazine dihydrochloride,-0.013473923424933467,2,2,2,2,1.0,0.04950495049504951,0.2851849602138128,3.0,Computational reversal candidate for further investigation.,275
BRD-K18726304,-0.013433963606897225,3,4,3,4,0.75,0.0297029702970297,0.22675682202366576,3.5,Computational reversal candidate for further investigation.,276
BRD-K94991378,-0.01341047373269166,1,1,1,1,1.0,0.039603960396039604,0.25384381441557125,3.0,Computational reversal candidate for further investigation.,277
BRD-A90643929,-0.013403236308969793,1,1,1,1,1.0,0.10891089108910891,0.4098890851008949,3.0,Computational reversal candidate for further investigation.,278
mercaptopurine,-0.013341040854306156,1,1,1,1,1.0,0.1188118811881188,0.42339414207075354,3.0,Computational reversal candidate for further investigation.,279
lofepramine,-0.013324900440886807,1,1,1,1,1.0,0.06930693069306931,0.32703119558186977,3.0,Computational reversal candidate for further investigation.,280
chlorpromazine,-0.01330478752775886,2,2,2,2,1.0,0.039603960396039604,0.25384381441557125,4.5,Computational reversal candidate for further investigation.,281
BRD-K34363599,-0.013274681726131212,2,2,2,2,1.0,0.10891089108910891,0.4098890851008949,5.0,Computational reversal candidate for further investigation.,282
ei-148,-0.013210216382764376,1,1,1,1,1.0,0.06930693069306931,0.32703119558186977,4.0,Computational reversal candidate for further investigation.,283
BRD-K55612480,-0.013208200709330174,1,1,1,1,1.0,0.2079207920792079,0.5594201253936282,7.0,Computational reversal candidate for further investigation.,284
mls-0106435.0004,-0.01319245768654184,2,2,2,2,1.0,0.039603960396039604,0.25384381441557125,3.5,Computational reversal candidate for further investigation.,285
dnqx disodium salt,-0.013169944692633669,1,1,1,1,1.0,0.09900990099009901,0.3906315001248024,3.0,Computational reversal candidate for further investigation.,286
flufenamic acid,-0.013169944692633669,1,1,1,1,1.0,0.1782178217821782,0.5181007264813169,3.0,Computational reversal candidate for further investigation.,287
mst- 312,-0.013130378261879386,6,7,6,7,0.8571428571428571,0.039603960396039604,0.25384381441557125,4.857142857142857,Computational reversal candidate for further investigation.,288
torin-1,-0.013053720318841177,61,86,61,86,0.7093023255813954,0.009900990099009901,0.134739560912613,9.430232558139535,Computational reversal candidate for further investigation.,289
amoxapine,-0.013039216926333341,2,2,2,2,1.0,0.0594059405940594,0.308188829932717,3.5,Computational reversal candidate for further investigation.,290
BRD-K89692698,-0.013028174295386346,1,1,1,1,1.0,0.12871287128712872,0.4363226936412053,5.0,Computational reversal candidate for further investigation.,291
BRD-K73155123,-0.013014003223481441,1,1,1,1,1.0,0.0594059405940594,0.308188829932717,3.0,Computational reversal candidate for further investigation.,292
dichlorobenzamil,-0.012948300593359212,3,3,3,3,1.0,0.009900990099009901,0.134739560912613,3.3333333333333335,Computational reversal candidate for further investigation.,293
skf 89976a hydrochloride,-0.012936019497071335,1,1,1,1,1.0,0.10891089108910891,0.4098890851008949,5.0,Computational reversal candidate for further investigation.,294
TPCA-1,-0.012911537356315325,12,13,12,13,0.9230769230769231,0.009900990099009901,0.134739560912613,4.846153846153846,Computational reversal candidate for further investigation.,295
mestanolone,-0.012901546962765523,1,1,1,1,1.0,0.0891089108910891,0.3735413719943423,5.0,Computational reversal candidate for further investigation.,296
d 4476,-0.01288361011235424,1,1,1,1,1.0,0.13861386138613863,0.44574799945748006,4.0,Computational reversal candidate for further investigation.,297
BRD-K03736784,-0.012882692388687651,2,2,2,2,1.0,0.13861386138613863,0.44574799945748006,3.5,Computational reversal candidate for further investigation.,298
AZD-8055,-0.012851037940341911,44,61,44,61,0.7213114754098361,0.009900990099009901,0.134739560912613,8.278688524590164,Computational reversal candidate for further investigation.,299
vu0413247-1,-0.012842326707118622,1,1,1,1,1.0,0.1188118811881188,0.42339414207075354,4.0,Computational reversal candidate for further investigation.,300
hydrocortisone valerate,-0.012815053453347387,1,1,1,1,1.0,0.22772277227722773,0.5826476380608088,5.0,Computational reversal candidate for further investigation.,301
mometasone furoate,-0.01279428767085662,1,1,1,1,1.0,0.12871287128712872,0.4363226936412053,3.0,Computational reversal candidate for further investigation.,302
ruxolitinib,-0.012767228898779799,4,5,4,5,0.8,0.019801980198019802,0.18501551647702083,4.4,Computational reversal candidate for further investigation.,303
eo 1428,-0.012759121412779118,1,1,1,1,1.0,0.09900990099009901,0.3906315001248024,6.0,Computational reversal candidate for further investigation.,304
compound 58,-0.012747949152391896,1,1,1,1,1.0,0.019801980198019802,0.18501551647702083,3.0,Computational reversal candidate for further investigation.,305
ver155008,-0.012648932544686624,1,1,1,1,1.0,0.06930693069306931,0.32703119558186977,3.0,Computational reversal candidate for further investigation.,306
mls-0437446.0001,-0.012627376675191856,3,3,3,3,1.0,0.0891089108910891,0.3735413719943423,4.333333333333333,Computational reversal candidate for further investigation.,307
BRD-K07403598,-0.012603871571602011,2,3,2,3,0.6666666666666666,0.019801980198019802,0.18501551647702083,3.3333333333333335,Computational reversal candidate for further investigation.,308
BRD-K07005393,-0.012590806561442385,1,1,1,1,1.0,0.2079207920792079,0.5594201253936282,3.0,Computational reversal candidate for further investigation.,309
hy-10044,-0.012582626291144247,5,5,5,5,1.0,0.06930693069306931,0.32703119558186977,4.6,Computational reversal candidate for further investigation.,310
hy-50877,-0.012577979620359087,2,3,2,3,0.6666666666666666,0.009900990099009901,0.134739560912613,4.0,Computational reversal candidate for further investigation.,311
hy-70044,-0.012408370890448203,3,3,3,3,1.0,0.07920792079207921,0.3491842141960675,3.0,Computational reversal candidate for further investigation.,312
BRD-K90999434,-0.012395220544092023,4,6,4,6,0.6666666666666666,0.0297029702970297,0.22675682202366576,3.5,Computational reversal candidate for further investigation.,313
exemestane,-0.012383192294219199,1,1,1,1,1.0,0.18811881188118812,0.5320589287844447,3.0,Computational reversal candidate for further investigation.,314
tgx-115,-0.012319383095504186,7,10,7,10,0.7,0.009900990099009901,0.134739560912613,4.3,Computational reversal candidate for further investigation.,315
selamectin,-0.012307319228860907,3,4,3,4,0.75,0.12871287128712872,0.4363226936412053,4.5,Computational reversal candidate for further investigation.,316
JW-7-24-1,-0.01229283211002095,36,53,36,53,0.6792452830188679,0.009900990099009901,0.134739560912613,7.849056603773585,Computational reversal candidate for further investigation.,317
kuc104135 kuc104135n,-0.012251597840431706,3,3,3,3,1.0,0.04950495049504951,0.2851849602138128,6.0,Computational reversal candidate for further investigation.,318
BRD-K11758216,-0.012237834918741275,1,1,1,1,1.0,0.12871287128712872,0.4363226936412053,7.0,Computational reversal candidate for further investigation.,319
naproxol,-0.01222700749729554,1,1,1,1,1.0,0.13861386138613863,0.44574799945748006,3.0,Computational reversal candidate for further investigation.,320
ntncb hydrochloride,-0.012138107787481776,5,5,5,5,1.0,0.04950495049504951,0.2851849602138128,3.6,Computational reversal candidate for further investigation.,321
wiskostatin,-0.012125432795803675,3,3,3,3,1.0,0.0297029702970297,0.22675682202366576,3.0,Computational reversal candidate for further investigation.,322
indirubin-3?-monoxime,-0.012121241906319002,1,1,1,1,1.0,0.18811881188118812,0.5320589287844447,3.0,Computational reversal candidate for further investigation.,323
tivozanib,-0.012106008899922764,4,7,4,7,0.5714285714285714,0.009900990099009901,0.134739560912613,5.857142857142857,Computational reversal candidate for further investigation.,324
AZD-1480,-0.012102047356129839,1,1,1,1,1.0,0.07920792079207921,0.3491842141960675,5.0,Computational reversal candidate for further investigation.,325
colforsin,-0.012062239336625372,2,2,2,2,1.0,0.04950495049504951,0.2851849602138128,3.5,Computational reversal candidate for further investigation.,326
stk397047,-0.012046239320206284,3,3,3,3,1.0,0.039603960396039604,0.25384381441557125,4.333333333333333,Computational reversal candidate for further investigation.,327
bibx 1382 dihydrochloride,-0.012030971228505192,5,5,5,5,1.0,0.019801980198019802,0.18501551647702083,4.4,Computational reversal candidate for further investigation.,328
BRD-K73261812,-0.012020095097401026,12,15,12,15,0.8,0.039603960396039604,0.25384381441557125,4.666666666666667,Computational reversal candidate for further investigation.,329
tyrphostin ag 1478,-0.01199203129462437,12,16,12,16,0.75,0.0297029702970297,0.22675682202366576,4.8125,Computational reversal candidate for further investigation.,330
BRD-K11540476,-0.011919031815590637,1,1,1,1,1.0,0.15841584158415842,0.482962581972483,3.0,Computational reversal candidate for further investigation.,331
zm 336372,-0.0119128754320976,7,11,7,11,0.6363636363636364,0.009900990099009901,0.134739560912613,4.818181818181818,Computational reversal candidate for further investigation.,332
ncgc00188530-01,-0.011877984874160995,1,2,1,2,0.5,0.15841584158415842,0.482962581972483,5.0,Computational reversal candidate for further investigation.,333
ncgc00184716-01,-0.011875948874277672,2,2,2,2,1.0,0.06930693069306931,0.32703119558186977,4.0,Computational reversal candidate for further investigation.,334
jas07 003,-0.011869716689371645,1,1,1,1,1.0,0.0297029702970297,0.22675682202366576,3.0,Computational reversal candidate for further investigation.,335
BRD-K44540157,-0.011868345619716036,1,1,1,1,1.0,0.06930693069306931,0.32703119558186977,3.0,Computational reversal candidate for further investigation.,336
devazepide,-0.011868345619716036,1,1,1,1,1.0,0.1188118811881188,0.42339414207075354,3.0,Computational reversal candidate for further investigation.,337
BRD-K11663430,-0.011863108156526476,2,3,2,3,0.6666666666666666,0.0297029702970297,0.22675682202366576,3.6666666666666665,Computational reversal candidate for further investigation.,338
ncgc00181241-02,-0.011799224029009934,1,1,1,1,1.0,0.019801980198019802,0.18501551647702083,3.0,Computational reversal candidate for further investigation.,339
gr-103,-0.011798465842447911,1,2,1,2,0.5,0.06930693069306931,0.32703119558186977,4.5,Computational reversal candidate for further investigation.,340
BRD-K42021584,-0.011653733344980828,1,1,1,1,1.0,0.15841584158415842,0.482962581972483,4.0,Computational reversal candidate for further investigation.,341
BRD-K84450674,-0.011647582908585582,1,1,1,1,1.0,0.0594059405940594,0.308188829932717,3.0,Computational reversal candidate for further investigation.,342
am-251,-0.011645978789364018,1,1,1,1,1.0,0.0891089108910891,0.3735413719943423,3.0,Computational reversal candidate for further investigation.,343
BRD-K17953061,-0.011602239978777632,7,8,7,8,0.875,0.09900990099009901,0.3906315001248024,5.5,Computational reversal candidate for further investigation.,344
pd 98059,-0.011586323290487564,1,1,1,1,1.0,0.0594059405940594,0.308188829932717,3.0,Computational reversal candidate for further investigation.,345
p0030,-0.011581598985644032,6,6,6,6,1.0,0.019801980198019802,0.18501551647702083,4.0,Computational reversal candidate for further investigation.,346
BRD-K89558221,-0.011562032441078392,2,2,2,2,1.0,0.10891089108910891,0.4098890851008949,3.5,Computational reversal candidate for further investigation.,347
SU-11274,-0.011558992133706064,8,12,8,12,0.6666666666666666,0.019801980198019802,0.18501551647702083,6.333333333333333,Computational reversal candidate for further investigation.,348
BRD-K52321331,-0.01154676283742255,2,3,2,3,0.6666666666666666,0.1188118811881188,0.42339414207075354,5.666666666666667,Computational reversal candidate for further investigation.,349
BRD-K00627859,-0.011529584634684554,2,2,2,2,1.0,0.039603960396039604,0.25384381441557125,3.0,Computational reversal candidate for further investigation.,350
ei-195,-0.011519473459315364,3,3,3,3,1.0,0.12871287128712872,0.4363226936412053,4.333333333333333,Computational reversal candidate for further investigation.,351
OSI-027,-0.011514641013450217,44,62,44,62,0.7096774193548387,0.009900990099009901,0.134739560912613,7.564516129032258,Computational reversal candidate for further investigation.,352
BRD-K83194053,-0.011476647707538212,2,2,2,2,1.0,0.0297029702970297,0.22675682202366576,3.5,Computational reversal candidate for further investigation.,353
BRD-K47764688,-0.01146410154785285,1,1,1,1,1.0,0.019801980198019802,0.18501551647702083,4.0,Computational reversal candidate for further investigation.,354
BRD-A75409952 (wortmannin),-0.011444102720017025,5,6,5,6,0.8333333333333334,0.039603960396039604,0.25384381441557125,4.333333333333333,Computational reversal candidate for further investigation.,355
pq 401,-0.011433773419827604,1,1,1,1,1.0,0.07920792079207921,0.3491842141960675,5.0,Computational reversal candidate for further investigation.,356
brompheniramine maleate,-0.011383775134005307,1,1,1,1,1.0,0.15841584158415842,0.482962581972483,3.0,Computational reversal candidate for further investigation.,357
inhibitor bec hydrochloride,-0.011352003113023867,3,3,3,3,1.0,0.0594059405940594,0.308188829932717,4.0,Computational reversal candidate for further investigation.,358
rondual-kinase-inhibitor,-0.011291524656782669,2,2,2,2,1.0,0.009900990099009901,0.134739560912613,3.5,Computational reversal candidate for further investigation.,359
e6 berbamine,-0.011289665590234251,3,4,3,4,0.75,0.039603960396039604,0.25384381441557125,3.25,Computational reversal candidate for further investigation.,360
SAR-245408,-0.011266024458933875,7,8,7,8,0.875,0.019801980198019802,0.18501551647702083,6.125,Computational reversal candidate for further investigation.,361
puromycin hydrochloride,-0.01125237430026688,2,4,2,4,0.5,0.1188118811881188,0.42339414207075354,6.75,Computational reversal candidate for further investigation.,362
"clomiphene citrate (z,e)",-0.011231763413926033,1,2,1,2,0.5,0.06930693069306931,0.32703119558186977,4.0,Computational reversal candidate for further investigation.,363
oligomycin c,-0.011224707448020833,1,1,1,1,1.0,0.04950495049504951,0.2851849602138128,3.0,Computational reversal candidate for further investigation.,364
WZ-4-145,-0.011218979335466511,35,50,35,50,0.7,0.019801980198019802,0.18501551647702083,8.56,Computational reversal candidate for further investigation.,365
delta1-hydrocortisone 21-hemisuccinate,-0.01121669050140955,2,2,2,2,1.0,0.04950495049504951,0.2851849602138128,3.5,Computational reversal candidate for further investigation.,366
BRD-K61776140,-0.011184675772795768,3,3,3,3,1.0,0.0594059405940594,0.308188829932717,3.6666666666666665,Computational reversal candidate for further investigation.,367
akti-1/2,-0.011173565051404911,5,6,5,6,0.8333333333333334,0.06930693069306931,0.32703119558186977,3.5,Computational reversal candidate for further investigation.,368
BRD-K83670234,-0.011142584401418095,6,7,6,7,0.8571428571428571,0.04950495049504951,0.2851849602138128,4.571428571428571,Computational reversal candidate for further investigation.,369
CG-930,-0.011101264394236908,1,1,1,1,1.0,0.0297029702970297,0.22675682202366576,4.0,Computational reversal candidate for further investigation.,370
BRD-K86899078,-0.011095215524425037,3,4,3,4,0.75,0.039603960396039604,0.25384381441557125,3.5,Computational reversal candidate for further investigation.,371
fu jmbii127b,-0.011088358226710065,1,1,1,1,1.0,0.16831683168316833,0.5009493025372268,3.0,Computational reversal candidate for further investigation.,372
amitriptyline hydrochloride,-0.01101695041092678,1,1,1,1,1.0,0.10891089108910891,0.4098890851008949,6.0,Computational reversal candidate for further investigation.,373
mls-0391006,-0.011012674176341337,1,2,1,2,0.5,0.06930693069306931,0.32703119558186977,4.0,Computational reversal candidate for further investigation.,374
bithionate sodium,-0.01100497384118069,2,3,2,3,0.6666666666666666,0.0594059405940594,0.308188829932717,4.666666666666667,Computational reversal candidate for further investigation.,375
BRD-A60245366,-0.010988621105608574,4,5,4,5,0.8,0.019801980198019802,0.18501551647702083,4.2,Computational reversal candidate for further investigation.,376
"camptothecine (s,+)",-0.010948948677604762,2,2,2,2,1.0,0.18811881188118812,0.5320589287844447,4.5,Computational reversal candidate for further investigation.,377
BRD-K85123403,-0.010913030115222027,1,1,1,1,1.0,0.1485148514851485,0.4687578001497628,5.0,Computational reversal candidate for further investigation.,378
BRD-A25170757,-0.010899507559253101,1,1,1,1,1.0,0.06930693069306931,0.32703119558186977,3.0,Computational reversal candidate for further investigation.,379
ncgc00182378-01,-0.010872670872626562,2,3,2,3,0.6666666666666666,0.0891089108910891,0.3735413719943423,4.666666666666667,Computational reversal candidate for further investigation.,380
gabexate mesylate,-0.010846250774428079,1,1,1,1,1.0,0.06930693069306931,0.32703119558186977,3.0,Computational reversal candidate for further investigation.,381
BRD-K32501161,-0.010817741147571641,5,6,5,6,0.8333333333333334,0.0297029702970297,0.22675682202366576,3.8333333333333335,Computational reversal candidate for further investigation.,382
hy-10159,-0.010806926116617894,2,2,2,2,1.0,0.10891089108910891,0.4098890851008949,5.5,Computational reversal candidate for further investigation.,383
isotretinoin,-0.010773977264946673,1,1,1,1,1.0,0.06930693069306931,0.32703119558186977,3.0,Computational reversal candidate for further investigation.,384
BX-912,-0.010739228283336991,15,18,15,18,0.8333333333333334,0.009900990099009901,0.134739560912613,6.333333333333333,Computational reversal candidate for further investigation.,385
mevastatin,-0.010719044251051517,3,4,4,5,0.75,0.039603960396039604,0.25384381441557125,3.6,Computational reversal candidate for further investigation.,386
BRD-K21773564,-0.010671344468397456,1,1,1,1,1.0,0.09900990099009901,0.3906315001248024,3.0,Computational reversal candidate for further investigation.,387
t7765,-0.010643880155350756,6,6,6,6,1.0,0.10891089108910891,0.4098890851008949,3.6666666666666665,Computational reversal candidate for further investigation.,388
daunorubicin hydrochloride,-0.010589734814152844,5,7,6,8,0.7142857142857143,0.0891089108910891,0.3735413719943423,5.5,Computational reversal candidate for further investigation.,389
BRD-K87909389,-0.010571859662728587,11,12,12,13,0.9166666666666666,0.039603960396039604,0.25384381441557125,5.846153846153846,Computational reversal candidate for further investigation.,390
mek1/2 inhibitor,-0.010552629725909687,2,3,2,3,0.6666666666666666,0.0594059405940594,0.308188829932717,3.3333333333333335,Computational reversal candidate for further investigation.,391
mead ethanolamide,-0.010463374502173347,1,1,1,1,1.0,0.21782178217821782,0.569734410766982,4.0,Computational reversal candidate for further investigation.,392
dilazep dihydrochloride,-0.010457990805880685,2,2,2,2,1.0,0.04950495049504951,0.2851849602138128,3.5,Computational reversal candidate for further investigation.,393
BRD-K15592317,-0.010453186441315154,1,1,1,1,1.0,0.06930693069306931,0.32703119558186977,3.0,Computational reversal candidate for further investigation.,394
sid 26681509,-0.010436133379867535,9,11,9,11,0.8181818181818182,0.019801980198019802,0.18501551647702083,3.6363636363636362,Computational reversal candidate for further investigation.,395
mifepristone,-0.01043394079354475,2,2,2,2,1.0,0.10891089108910891,0.4098890851008949,4.0,Computational reversal candidate for further investigation.,396
BRD-K65955264,-0.010349859565244228,1,1,1,1,1.0,0.21782178217821782,0.569734410766982,7.0,Computational reversal candidate for further investigation.,397
perphenazine,-0.010346238281814576,5,5,5,5,1.0,0.019801980198019802,0.18501551647702083,3.0,Computational reversal candidate for further investigation.,398
floxuridine,-0.010319215416207216,1,1,1,1,1.0,0.12871287128712872,0.4363226936412053,3.0,Computational reversal candidate for further investigation.,399
cay10594,-0.010293866814440824,10,12,10,12,0.8333333333333334,0.0297029702970297,0.22675682202366576,4.833333333333333,Computational reversal candidate for further investigation.,400
ei-332,-0.010279486754380372,2,3,2,3,0.6666666666666666,0.019801980198019802,0.18501551647702083,3.6666666666666665,Computational reversal candidate for further investigation.,401
CC-401,-0.010275016506533115,4,6,4,6,0.6666666666666666,0.019801980198019802,0.18501551647702083,5.0,Computational reversal candidate for further investigation.,402
hy-50767,-0.010272614114730082,2,3,2,3,0.6666666666666666,0.039603960396039604,0.25384381441557125,3.6666666666666665,Computational reversal candidate for further investigation.,403
ABT-737,-0.010214061957414648,4,7,4,7,0.5714285714285714,0.009900990099009901,0.134739560912613,6.142857142857143,Computational reversal candidate for further investigation.,404
t542500,-0.010190060715932717,7,11,7,11,0.6363636363636364,0.039603960396039604,0.25384381441557125,4.636363636363637,Computational reversal candidate for further investigation.,405
ketanserin tartrate hydrate,-0.010156709585569324,1,1,1,1,1.0,0.18811881188118812,0.5320589287844447,3.0,Computational reversal candidate for further investigation.,406
stock2s-84516,-0.010156709585569324,1,1,1,1,1.0,0.15841584158415842,0.482962581972483,3.0,Computational reversal candidate for further investigation.,407
BRD-K38634661,-0.010124729846111234,1,1,1,1,1.0,0.12871287128712872,0.4363226936412053,3.0,Computational reversal candidate for further investigation.,408
BRD-K24051260,-0.010088928444803621,1,1,1,1,1.0,0.16831683168316833,0.5009493025372268,3.0,Computational reversal candidate for further investigation.,409
nilotinib,-0.010086202262744388,10,14,10,14,0.7142857142857143,0.009900990099009901,0.134739560912613,5.571428571428571,Computational reversal candidate for further investigation.,410
aristolochic acid,-0.010073209728545704,1,1,2,2,1.0,0.07920792079207921,0.3491842141960675,4.0,Computational reversal candidate for further investigation.,411
BRD-A62809825,-0.01005501281511437,5,6,5,6,0.8333333333333334,0.07920792079207921,0.3491842141960675,5.833333333333333,Computational reversal candidate for further investigation.,412
hy-50878,-0.01004300017912569,4,5,4,5,0.8,0.0594059405940594,0.308188829932717,3.2,Computational reversal candidate for further investigation.,413
BRD-A85891951,-0.010036376100554691,1,1,1,1,1.0,0.2376237623762376,0.5966008365542437,4.0,Computational reversal candidate for further investigation.,414
BRD-U00779237,-0.010006929818597448,7,7,7,7,1.0,0.07920792079207921,0.3491842141960675,5.428571428571429,Computational reversal candidate for further investigation.,415
BRD-K85853281,-0.010004998941329508,2,2,2,2,1.0,0.13861386138613863,0.44574799945748006,3.0,Computational reversal candidate for further investigation.,416
BRD-K78930611,-0.00997557495256305,1,1,1,1,1.0,0.07920792079207921,0.3491842141960675,3.0,Computational reversal candidate for further investigation.,417
BRD-K03122949,-0.009958233152966692,1,1,1,1,1.0,0.15841584158415842,0.482962581972483,3.0,Computational reversal candidate for further investigation.,418
hy-10966,-0.00994932180685161,2,2,2,2,1.0,0.039603960396039604,0.25384381441557125,3.0,Computational reversal candidate for further investigation.,419
BRD-K59962020,-0.00994686910701055,4,4,4,4,1.0,0.019801980198019802,0.18501551647702083,4.0,Computational reversal candidate for further investigation.,420
BRD-K75418381,-0.009940109640199837,1,1,1,1,1.0,0.0891089108910891,0.3735413719943423,3.0,Computational reversal candidate for further investigation.,421
VE821,-0.009914350759390633,4,6,4,6,0.6666666666666666,0.019801980198019802,0.18501551647702083,5.833333333333333,Computational reversal candidate for further investigation.,422
fluvastatin,-0.009906384967722236,2,2,2,2,1.0,0.09900990099009901,0.3906315001248024,4.0,Computational reversal candidate for further investigation.,423
y 134,-0.009903370069420275,1,2,1,2,0.5,0.09900990099009901,0.3906315001248024,6.0,Computational reversal candidate for further investigation.,424
as605240,-0.009888154339781725,7,8,7,8,0.875,0.04950495049504951,0.2851849602138128,4.125,Computational reversal candidate for further investigation.,425
nnc 711,-0.009876039580122065,1,1,1,1,1.0,0.24752475247524752,0.6044882771762221,4.0,Computational reversal candidate for further investigation.,426
C646,-0.009786602021081807,4,7,4,7,0.5714285714285714,0.07920792079207921,0.3491842141960675,4.571428571428571,Computational reversal candidate for further investigation.,427
BRD-K37694030 (doxepin hydrochloride),-0.00977940567578907,1,1,1,1,1.0,0.12871287128712872,0.4363226936412053,3.0,Computational reversal candidate for further investigation.,428
(-)-JQ1,-0.00974690593046586,1,2,1,2,0.5,0.0594059405940594,0.308188829932717,4.5,Computational reversal candidate for further investigation.,429
rf 01079,-0.009745585650160623,1,1,1,1,1.0,0.15841584158415842,0.482962581972483,6.0,Computational reversal candidate for further investigation.,430
BRD-K03829970,-0.009741633668176182,3,5,3,5,0.6,0.13861386138613863,0.44574799945748006,4.2,Computational reversal candidate for further investigation.,431
BRD-K88198340,-0.009735494188076205,3,3,3,3,1.0,0.0594059405940594,0.308188829932717,3.6666666666666665,Computational reversal candidate for further investigation.,432
perhexiline maleate,-0.009735194691741996,16,21,16,21,0.7619047619047619,0.039603960396039604,0.25384381441557125,5.0476190476190474,Computational reversal candidate for further investigation.,433
pd 102807,-0.009702979243198954,1,1,1,1,1.0,0.12871287128712872,0.4363226936412053,5.0,Computational reversal candidate for further investigation.,434
m-chlorophenylbiguanide hydrochloride,-0.009698565294672041,1,1,1,1,1.0,0.0594059405940594,0.308188829932717,3.0,Computational reversal candidate for further investigation.,435
s1011,-0.009642294242583959,4,5,4,5,0.8,0.06930693069306931,0.32703119558186977,4.4,Computational reversal candidate for further investigation.,436
ncgc00187945-01,-0.00962649159667488,2,2,2,2,1.0,0.16831683168316833,0.5009493025372268,4.0,Computational reversal candidate for further investigation.,437
nonoxynol-9,-0.009613121370107057,3,3,3,3,1.0,0.07920792079207921,0.3491842141960675,4.666666666666667,Computational reversal candidate for further investigation.,438
BRD-K65242613,-0.009608087018791234,1,1,1,1,1.0,0.13861386138613863,0.44574799945748006,5.0,Computational reversal candidate for further investigation.,439
mibefradil dihydrochloride,-0.009596169957330045,5,6,5,6,0.8333333333333334,0.06930693069306931,0.32703119558186977,3.8333333333333335,Computational reversal candidate for further investigation.,440
prostaglandin a1,-0.009512021101992386,3,3,3,3,1.0,0.16831683168316833,0.5009493025372268,4.666666666666667,Computational reversal candidate for further investigation.,441
ossk 645683,-0.00948246079319869,1,2,1,2,0.5,0.0891089108910891,0.3735413719943423,3.0,Computational reversal candidate for further investigation.,442
nutlin-3,-0.00948232543463033,3,4,3,4,0.75,0.13861386138613863,0.44574799945748006,4.75,Computational reversal candidate for further investigation.,443
cyclosporin a,-0.0094611550647383,3,4,4,5,0.75,0.07920792079207921,0.3491842141960675,4.0,Computational reversal candidate for further investigation.,444
BRD-K36354764,-0.009428892650497497,1,1,1,1,1.0,0.26732673267326734,0.6283349236050013,3.0,Computational reversal candidate for further investigation.,445
BRD-K53638321,-0.009366902890966575,1,1,1,1,1.0,0.1188118811881188,0.42339414207075354,4.0,Computational reversal candidate for further investigation.,446
BRD-A15010982,-0.00936337326355684,3,4,3,4,0.75,0.1782178217821782,0.5181007264813169,3.25,Computational reversal candidate for further investigation.,447
doxepin hydrochloride,-0.009330217816324943,1,2,1,2,0.5,0.19801980198019803,0.5476895259481765,4.0,Computational reversal candidate for further investigation.,448
imatinib,-0.009321765042804303,5,5,5,5,1.0,0.009900990099009901,0.134739560912613,4.4,Computational reversal candidate for further investigation.,449
pik-90,-0.009312413637780622,2,2,2,2,1.0,0.06930693069306931,0.32703119558186977,3.0,Computational reversal candidate for further investigation.,450
pyrimethamine,-0.009304433432374583,1,1,1,1,1.0,0.1188118811881188,0.42339414207075354,4.0,Computational reversal candidate for further investigation.,451
pkc-412,-0.009279335819624224,5,7,5,7,0.7142857142857143,0.0297029702970297,0.22675682202366576,3.857142857142857,Computational reversal candidate for further investigation.,452
BRD-K56343971,-0.00923990343354298,9,11,9,11,0.8181818181818182,0.019801980198019802,0.18501551647702083,4.0,Computational reversal candidate for further investigation.,453
UNC0638,-0.009222985283355752,4,7,4,7,0.5714285714285714,0.0594059405940594,0.308188829932717,5.285714285714286,Computational reversal candidate for further investigation.,454
sdm25n hydrochloride,-0.009156980028891409,1,2,1,2,0.5,0.0594059405940594,0.308188829932717,4.5,Computational reversal candidate for further investigation.,455
JNJ-38877605,-0.009155190428378432,1,1,1,1,1.0,0.09900990099009901,0.3906315001248024,5.0,Computational reversal candidate for further investigation.,456
BRD-K79222491,-0.009152296895002177,7,9,7,9,0.7777777777777778,0.0297029702970297,0.22675682202366576,4.555555555555555,Computational reversal candidate for further investigation.,457
BRD-K86574132,-0.009101246517351648,7,11,7,11,0.6363636363636364,0.0891089108910891,0.3735413719943423,5.363636363636363,Computational reversal candidate for further investigation.,458
BRD-K43620258,-0.009060393354913574,16,22,16,22,0.7272727272727273,0.0594059405940594,0.308188829932717,4.636363636363637,Computational reversal candidate for further investigation.,459
erythrosine sodium,-0.009045028858019982,4,5,4,5,0.8,0.06930693069306931,0.32703119558186977,3.2,Computational reversal candidate for further investigation.,460
BRD-K49865102,-0.00899435361906989,3,3,4,4,1.0,0.10891089108910891,0.4098890851008949,3.25,Computational reversal candidate for further investigation.,461
BRD-K91701654,-0.008986123518822036,2,3,2,3,0.6666666666666666,0.09900990099009901,0.3906315001248024,5.333333333333333,Computational reversal candidate for further investigation.,462
vu0410183-2,-0.00896610167622076,7,10,10,14,0.7,0.06930693069306931,0.32703119558186977,4.785714285714286,Computational reversal candidate for further investigation.,463
linifanib,-0.008965203679107293,17,28,17,28,0.6071428571428571,0.019801980198019802,0.18501551647702083,6.0,Computational reversal candidate for further investigation.,464
cyclosporine,-0.00894039608211891,9,12,10,13,0.75,0.0297029702970297,0.22675682202366576,3.8461538461538463,Computational reversal candidate for further investigation.,465
vincristine,-0.008911276181531064,2,2,2,2,1.0,0.09900990099009901,0.3906315001248024,4.5,Computational reversal candidate for further investigation.,466
dactinomycin,-0.00889998916000136,7,9,7,9,0.7777777777777778,0.06930693069306931,0.32703119558186977,4.0,Computational reversal candidate for further investigation.,467
c8273,-0.008898319558781198,4,6,4,6,0.6666666666666666,0.039603960396039604,0.25384381441557125,3.6666666666666665,Computational reversal candidate for further investigation.,468
kb-r7943 mesylate,-0.008896279770405186,1,1,1,1,1.0,0.13861386138613863,0.44574799945748006,4.0,Computational reversal candidate for further investigation.,469
hki-272,-0.008786283519831198,10,13,10,13,0.7692307692307693,0.06930693069306931,0.32703119558186977,4.6923076923076925,Computational reversal candidate for further investigation.,470
sulconazole nitrate,-0.008770680073683016,1,1,1,1,1.0,0.12871287128712872,0.4363226936412053,4.0,Computational reversal candidate for further investigation.,471
BRD-K79404599,-0.008757042310937536,1,1,1,1,1.0,0.10891089108910891,0.4098890851008949,4.0,Computational reversal candidate for further investigation.,472
sant-1,-0.008753929364747707,1,1,1,1,1.0,0.009900990099009901,0.134739560912613,3.0,Computational reversal candidate for further investigation.,473
kuc104487 kuc104487n,-0.008753570520842475,1,1,1,1,1.0,0.297029702970297,0.656260920209668,3.0,Computational reversal candidate for further investigation.,474
BRD-K58479490,-0.008751792321193917,1,1,1,1,1.0,0.1485148514851485,0.4687578001497628,4.0,Computational reversal candidate for further investigation.,475
ncgc00188740-01,-0.00874272894942066,2,3,2,3,0.6666666666666666,0.13861386138613863,0.44574799945748006,5.0,Computational reversal candidate for further investigation.,476
pd 123319 ditrifluoroacetate,-0.008723677431825148,1,1,1,1,1.0,0.21782178217821782,0.569734410766982,4.0,Computational reversal candidate for further investigation.,477
bx-795,-0.008718680207975152,15,19,15,19,0.7894736842105263,0.039603960396039604,0.25384381441557125,4.052631578947368,Computational reversal candidate for further investigation.,478
BRD-K19166598,-0.008712925648741805,3,5,3,5,0.6,0.0594059405940594,0.308188829932717,4.0,Computational reversal candidate for further investigation.,479
ku 0060648 trihydrochloride,-0.00869533641086739,20,27,20,27,0.7407407407407407,0.0594059405940594,0.308188829932717,4.888888888888889,Computational reversal candidate for further investigation.,480
regorafenib,-0.008654201779649384,5,9,5,9,0.5555555555555556,0.04950495049504951,0.2851849602138128,7.444444444444445,Computational reversal candidate for further investigation.,481
ay 9944,-0.008652174931892341,1,1,1,1,1.0,0.13861386138613863,0.44574799945748006,6.0,Computational reversal candidate for further investigation.,482
pp-110,-0.008624318442515138,14,18,14,18,0.7777777777777778,0.039603960396039604,0.25384381441557125,4.444444444444445,Computational reversal candidate for further investigation.,483
BRD-K83509924,-0.008599446522020082,2,2,2,2,1.0,0.0594059405940594,0.308188829932717,3.0,Computational reversal candidate for further investigation.,484
pi 828,-0.008560826807268395,3,5,3,5,0.6,0.0891089108910891,0.3735413719943423,5.0,Computational reversal candidate for further investigation.,485
lasalocid sodium,-0.008558510040278865,3,4,3,4,0.75,0.13861386138613863,0.44574799945748006,4.75,Computational reversal candidate for further investigation.,486
HG-6-64-01,-0.008553567052601487,34,49,34,49,0.6938775510204082,0.019801980198019802,0.18501551647702083,7.163265306122449,Computational reversal candidate for further investigation.,487
ncgc00183371-01,-0.00855300777306785,4,6,4,6,0.6666666666666666,0.12871287128712872,0.4363226936412053,4.333333333333333,Computational reversal candidate for further investigation.,488
QL-X-138,-0.008521240452124837,29,47,29,47,0.6170212765957447,0.009900990099009901,0.134739560912613,7.617021276595745,Computational reversal candidate for further investigation.,489
TGX-221,-0.008518688437889721,8,10,8,10,0.8,0.04950495049504951,0.2851849602138128,7.8,Computational reversal candidate for further investigation.,490
BRD-K89009594,-0.008514463486721182,1,1,1,1,1.0,0.15841584158415842,0.482962581972483,3.0,Computational reversal candidate for further investigation.,491
s1019,-0.008467512344446105,3,3,3,3,1.0,0.07920792079207921,0.3491842141960675,3.3333333333333335,Computational reversal candidate for further investigation.,492
ncgc00188535-01,-0.008459506684114937,2,3,2,3,0.6666666666666666,0.16831683168316833,0.5009493025372268,3.0,Computational reversal candidate for further investigation.,493
GSK-690693,-0.008445903808752282,15,21,15,21,0.7142857142857143,0.009900990099009901,0.134739560912613,5.571428571428571,Computational reversal candidate for further investigation.,494
niguldipine,-0.008445605622447444,2,3,2,3,0.6666666666666666,0.12871287128712872,0.4363226936412053,4.666666666666667,Computational reversal candidate for further investigation.,495
megestrol acetate,-0.008414067465111474,1,1,1,1,1.0,0.13861386138613863,0.44574799945748006,3.0,Computational reversal candidate for further investigation.,496
BRD-K01896723,-0.008399071752626882,3,5,3,5,0.6,0.1188118811881188,0.42339414207075354,5.0,Computational reversal candidate for further investigation.,497
thioridazine hydrochloride,-0.00836029983993317,5,7,6,8,0.7142857142857143,0.0297029702970297,0.22675682202366576,4.125,Computational reversal candidate for further investigation.,498
hy-10459,-0.008316501902109783,8,9,8,9,0.8888888888888888,0.09900990099009901,0.3906315001248024,4.333333333333333,Computational reversal candidate for further investigation.,499
triciribine,-0.00825959522590667,3,4,3,4,0.75,0.1188118811881188,0.42339414207075354,4.5,Computational reversal candidate for further investigation.,500
ro 28-1675 ?,-0.008247824881628604,21,26,21,26,0.8076923076923077,0.04950495049504951,0.2851849602138128,4.423076923076923,Computational reversal candidate for further investigation.,501
BRD-K38615104,-0.008233569326675723,8,10,8,10,0.8,0.0891089108910891,0.3735413719943423,5.5,Computational reversal candidate for further investigation.,502
GSK-429286A,-0.008199409637101173,6,7,6,7,0.8571428571428571,0.039603960396039604,0.25384381441557125,4.857142857142857,Computational reversal candidate for further investigation.,503
A66,-0.008182888744588803,3,3,3,3,1.0,0.07920792079207921,0.3491842141960675,7.0,Computational reversal candidate for further investigation.,504
BRD-A77467113,-0.008138651703697763,2,2,2,2,1.0,0.04950495049504951,0.2851849602138128,3.5,Computational reversal candidate for further investigation.,505
retinoic acid,-0.008131731518252763,1,1,1,1,1.0,0.16831683168316833,0.5009493025372268,4.0,Computational reversal candidate for further investigation.,506
sertraline hydrochloride,-0.008106360442948182,4,5,4,5,0.8,0.04950495049504951,0.2851849602138128,3.4,Computational reversal candidate for further investigation.,507
GDC-0879,-0.008097530287384563,10,14,10,14,0.7142857142857143,0.019801980198019802,0.18501551647702083,4.285714285714286,Computational reversal candidate for further investigation.,508
BRD-K80348542,-0.008085895632635152,9,12,9,12,0.75,0.19801980198019803,0.5476895259481765,5.333333333333333,Computational reversal candidate for further investigation.,509
benzopurpurin (b),-0.00805993808738655,1,1,1,1,1.0,0.24752475247524752,0.6044882771762221,4.0,Computational reversal candidate for further investigation.,510
BRD-K60219430,-0.00805564087564919,4,6,4,6,0.6666666666666666,0.09900990099009901,0.3906315001248024,4.166666666666667,Computational reversal candidate for further investigation.,511
BRD-K51443908,-0.00800634407873816,1,1,1,1,1.0,0.15841584158415842,0.482962581972483,4.0,Computational reversal candidate for further investigation.,512
ncgc00182388-01,-0.00800197697476793,1,1,1,1,1.0,0.3069306930693069,0.6671479647964796,4.0,Computational reversal candidate for further investigation.,513
s1216,-0.007983137450229832,8,8,8,8,1.0,0.0891089108910891,0.3735413719943423,4.0,Computational reversal candidate for further investigation.,514
BRD-K45044657,-0.007982952232506176,1,1,1,1,1.0,0.19801980198019803,0.5476895259481765,3.0,Computational reversal candidate for further investigation.,515
BRD-K87343924 (wortmannin),-0.007943422329587013,2,4,2,4,0.5,0.0594059405940594,0.308188829932717,4.75,Computational reversal candidate for further investigation.,516
stk661558,-0.007941194379737615,1,1,1,1,1.0,0.13861386138613863,0.44574799945748006,4.0,Computational reversal candidate for further investigation.,517
ibrutinib,-0.007893760792071505,5,7,5,7,0.7142857142857143,0.019801980198019802,0.18501551647702083,4.714285714285714,Computational reversal candidate for further investigation.,518
"l-168,049",-0.007873763852550366,1,1,1,1,1.0,0.12871287128712872,0.4363226936412053,4.0,Computational reversal candidate for further investigation.,519
ag14361,-0.007855324355643843,13,16,13,16,0.8125,0.039603960396039604,0.25384381441557125,4.1875,Computational reversal candidate for further investigation.,520
BRD-U29336476,-0.00783304926114201,4,7,4,7,0.5714285714285714,0.13861386138613863,0.44574799945748006,4.571428571428571,Computational reversal candidate for further investigation.,521
heliotrine,-0.007829846826779284,1,1,1,1,1.0,0.0891089108910891,0.3735413719943423,3.0,Computational reversal candidate for further investigation.,522
hts 10859,-0.007776349565732052,1,2,1,2,0.5,0.16831683168316833,0.5009493025372268,4.5,Computational reversal candidate for further investigation.,523
a112550.cdx,-0.0077679882559438945,2,4,2,4,0.5,0.07920792079207921,0.3491842141960675,3.75,Computational reversal candidate for further investigation.,524
s6005,-0.00766126863384238,1,1,1,1,1.0,0.2871287128712871,0.6504556366372463,3.0,Computational reversal candidate for further investigation.,525
norethynodrel,-0.007653283927679087,1,2,1,2,0.5,0.1782178217821782,0.5181007264813169,4.5,Computational reversal candidate for further investigation.,526
ag-879,-0.007649749589851989,4,6,4,6,0.6666666666666666,0.10891089108910891,0.4098890851008949,3.5,Computational reversal candidate for further investigation.,527
BRD-K86682249,-0.007630398284322364,1,1,1,1,1.0,0.2376237623762376,0.5966008365542437,3.0,Computational reversal candidate for further investigation.,528
gr-231,-0.007597920610737292,3,4,3,4,0.75,0.15841584158415842,0.482962581972483,4.0,Computational reversal candidate for further investigation.,529
BRD-K49010888,-0.0075778822175608055,4,5,4,5,0.8,0.06930693069306931,0.32703119558186977,4.8,Computational reversal candidate for further investigation.,530
bas 00535043,-0.007573707053810565,3,4,3,4,0.75,0.1188118811881188,0.42339414207075354,4.0,Computational reversal candidate for further investigation.,531
l-6307,-0.007571313740853255,5,8,5,8,0.625,0.0594059405940594,0.308188829932717,3.625,Computational reversal candidate for further investigation.,532
betamethasone,-0.007552224584509952,2,4,2,4,0.5,0.09900990099009901,0.3906315001248024,3.25,Computational reversal candidate for further investigation.,533
ag-014699 (pf-01367338),-0.007549579451514889,1,1,1,1,1.0,0.3069306930693069,0.6671479647964796,4.0,Computational reversal candidate for further investigation.,534
BRD-A84327315,-0.007495189279106879,1,1,1,1,1.0,0.15841584158415842,0.482962581972483,4.0,Computational reversal candidate for further investigation.,535
tyrphostin-AG-1478,-0.0074918506203129715,1,1,1,1,1.0,0.12871287128712872,0.4363226936412053,4.0,Computational reversal candidate for further investigation.,536
hy-11009,-0.0074615069151339085,6,7,6,7,0.8571428571428571,0.09900990099009901,0.3906315001248024,5.0,Computational reversal candidate for further investigation.,537
NVP-BGJ398,-0.007428417058923642,2,3,2,3,0.6666666666666666,0.09900990099009901,0.3906315001248024,5.0,Computational reversal candidate for further investigation.,538
BRD-K57309821,-0.007425830457870089,1,1,1,1,1.0,0.1782178217821782,0.5181007264813169,3.0,Computational reversal candidate for further investigation.,539
s1173,-0.0074152786818277965,1,1,1,1,1.0,0.13861386138613863,0.44574799945748006,3.0,Computational reversal candidate for further investigation.,540
ncgc00182393-01,-0.007386254532419371,5,6,5,6,0.8333333333333334,0.12871287128712872,0.4363226936412053,3.5,Computational reversal candidate for further investigation.,541
BRD-K00317371,-0.007362683884754535,5,7,5,7,0.7142857142857143,0.07920792079207921,0.3491842141960675,4.571428571428571,Computational reversal candidate for further investigation.,542
itavastatin ca,-0.00734785146192902,1,2,1,2,0.5,0.19801980198019803,0.5476895259481765,4.5,Computational reversal candidate for further investigation.,543
BRD-U51951544,-0.0073347758704863895,9,10,9,10,0.9,0.039603960396039604,0.25384381441557125,4.2,Computational reversal candidate for further investigation.,544
BRD-K32896438,-0.007263798892314838,3,4,3,4,0.75,0.25742574257425743,0.6174272599673761,3.75,Computational reversal candidate for further investigation.,545
ro 31-8220 mesylate,-0.007238381816380558,7,8,8,9,0.875,0.0891089108910891,0.3735413719943423,5.333333333333333,Computational reversal candidate for further investigation.,546
AZD-7762,-0.007224988826468206,47,78,47,78,0.6025641025641025,0.009900990099009901,0.134739560912613,6.410256410256411,Computational reversal candidate for further investigation.,547
tamoxifen citrate,-0.007211241098265263,1,2,1,2,0.5,0.1188118811881188,0.42339414207075354,4.0,Computational reversal candidate for further investigation.,548
dmeob,-0.007203254782409577,1,1,1,1,1.0,0.18811881188118812,0.5320589287844447,3.0,Computational reversal candidate for further investigation.,549
BRD-K55722623,-0.0071985636852021214,1,2,1,2,0.5,0.24752475247524752,0.6044882771762221,3.0,Computational reversal candidate for further investigation.,550
ag 9,-0.007173013836529431,1,2,1,2,0.5,0.18811881188118812,0.5320589287844447,4.0,Computational reversal candidate for further investigation.,551
BRD-K14027855,-0.007171472524369128,3,5,3,5,0.6,0.1485148514851485,0.4687578001497628,4.6,Computational reversal candidate for further investigation.,552
ryuvidine,-0.007169306795847273,4,6,4,6,0.6666666666666666,0.04950495049504951,0.2851849602138128,4.0,Computational reversal candidate for further investigation.,553
BRD-K62310379 (fluticasone propionate),-0.007149961925014174,2,2,2,2,1.0,0.2376237623762376,0.5966008365542437,5.5,Computational reversal candidate for further investigation.,554
BRD-K08463963,-0.007129727537106346,1,1,1,1,1.0,0.25742574257425743,0.6174272599673761,3.0,Computational reversal candidate for further investigation.,555
BRD-A81530502,-0.007126322659188118,3,3,3,3,1.0,0.13861386138613863,0.44574799945748006,5.0,Computational reversal candidate for further investigation.,556
c3930,-0.0071160053403195546,4,4,4,4,1.0,0.1188118811881188,0.42339414207075354,3.0,Computational reversal candidate for further investigation.,557
geldanamycin,-0.00711222492044008,89,132,166,251,0.6742424242424242,0.009900990099009901,0.134739560912613,6.219123505976095,Computational reversal candidate for further investigation.,558
thiostrepton,-0.0070866616768957575,1,2,1,2,0.5,0.2871287128712871,0.6504556366372463,4.0,Computational reversal candidate for further investigation.,559
paroxetine hydrochloride,-0.0070790949085052035,5,6,5,6,0.8333333333333334,0.0297029702970297,0.22675682202366576,3.8333333333333335,Computational reversal candidate for further investigation.,560
pd 198306,-0.007076683736442534,6,8,6,8,0.75,0.10891089108910891,0.4098890851008949,4.0,Computational reversal candidate for further investigation.,561
BRD-K35424586,-0.007059046527724936,5,5,5,5,1.0,0.07920792079207921,0.3491842141960675,3.4,Computational reversal candidate for further investigation.,562
clofarabine,-0.007050425740993297,3,4,3,4,0.75,0.12871287128712872,0.4363226936412053,3.25,Computational reversal candidate for further investigation.,563
BRD-K19540840,-0.006977120607680957,3,3,3,3,1.0,0.13861386138613863,0.44574799945748006,3.3333333333333335,Computational reversal candidate for further investigation.,564
vx-680,-0.006977120607680957,10,15,10,15,0.6666666666666666,0.0594059405940594,0.308188829932717,3.6666666666666665,Computational reversal candidate for further investigation.,565
riboflavine,-0.006974787173768219,1,1,1,1,1.0,0.3069306930693069,0.6671479647964796,3.0,Computational reversal candidate for further investigation.,566
s1053,-0.006955341821202931,7,11,8,14,0.6363636363636364,0.10891089108910891,0.4098890851008949,4.714285714285714,Computational reversal candidate for further investigation.,567
BRD-K06436323,-0.006951239822907482,2,2,2,2,1.0,0.1188118811881188,0.42339414207075354,3.5,Computational reversal candidate for further investigation.,568
BRD-K94325918,-0.006940633363923942,8,13,8,13,0.6153846153846154,0.1188118811881188,0.42339414207075354,4.384615384615385,Computational reversal candidate for further investigation.,569
BRD-K96076993,-0.006934691025402846,1,2,1,2,0.5,0.2376237623762376,0.5966008365542437,4.0,Computational reversal candidate for further investigation.,570
hy-10161,-0.0069268468349953805,5,7,5,8,0.7142857142857143,0.0297029702970297,0.22675682202366576,4.0,Computational reversal candidate for further investigation.,571
idarubicin hcl,-0.006920480252041655,2,2,2,2,1.0,0.2376237623762376,0.5966008365542437,6.0,Computational reversal candidate for further investigation.,572
pd 158780,-0.0069189187805609115,2,2,2,2,1.0,0.0891089108910891,0.3735413719943423,3.5,Computational reversal candidate for further investigation.,573
nicergoline,-0.00691877735906633,1,1,1,1,1.0,0.18811881188118812,0.5320589287844447,3.0,Computational reversal candidate for further investigation.,574
BRD-K92301463,-0.006918507438563541,4,7,4,7,0.5714285714285714,0.0594059405940594,0.308188829932717,3.7142857142857144,Computational reversal candidate for further investigation.,575
niguldipine hydrochloride,-0.0069094475595016264,10,11,10,11,0.9090909090909091,0.06930693069306931,0.32703119558186977,4.454545454545454,Computational reversal candidate for further investigation.,576
valdecoxib,-0.006886733290755331,4,6,4,6,0.6666666666666666,0.1188118811881188,0.42339414207075354,5.166666666666667,Computational reversal candidate for further investigation.,577
BRD-K25737009,-0.00687793435857419,10,16,10,16,0.625,0.12871287128712872,0.4363226936412053,5.75,Computational reversal candidate for further investigation.,578
BRD-K99582188,-0.00687098810459808,1,2,1,2,0.5,0.15841584158415842,0.482962581972483,3.0,Computational reversal candidate for further investigation.,579
NU-7441,-0.006844201675993274,13,19,13,19,0.6842105263157895,0.04950495049504951,0.2851849602138128,7.684210526315789,Computational reversal candidate for further investigation.,580
BRD-K45399554,-0.006843901883004683,7,7,7,7,1.0,0.04950495049504951,0.2851849602138128,4.0,Computational reversal candidate for further investigation.,581
BMS-777607,-0.0068141413817192995,2,3,2,3,0.6666666666666666,0.09900990099009901,0.3906315001248024,5.666666666666667,Computational reversal candidate for further investigation.,582
BRD-K42489623,-0.006799854472404561,1,1,1,1,1.0,0.2079207920792079,0.5594201253936282,3.0,Computational reversal candidate for further investigation.,583
cmpd-1,-0.006783748479649461,1,1,1,1,1.0,0.297029702970297,0.656260920209668,5.0,Computational reversal candidate for further investigation.,584
SB590885,-0.006782022614042869,20,34,20,34,0.5882352941176471,0.009900990099009901,0.134739560912613,7.5,Computational reversal candidate for further investigation.,585
BRD-U64289953,-0.006775324835929113,2,2,2,2,1.0,0.15841584158415842,0.482962581972483,3.5,Computational reversal candidate for further investigation.,586
NVP-AEW541,-0.006762163584762457,14,20,14,20,0.7,0.039603960396039604,0.25384381441557125,5.7,Computational reversal candidate for further investigation.,587
spb02303,-0.006720404046430975,3,3,3,3,1.0,0.1782178217821782,0.5181007264813169,5.666666666666667,Computational reversal candidate for further investigation.,588
BRD-U37049823,-0.006709867441890765,1,2,1,2,0.5,0.0891089108910891,0.3735413719943423,3.5,Computational reversal candidate for further investigation.,589
BRD-K03176945,-0.006699587300118886,1,1,1,1,1.0,0.25742574257425743,0.6174272599673761,7.0,Computational reversal candidate for further investigation.,590
fenoterol hydrobromide,-0.006696676257016525,1,1,1,1,1.0,0.16831683168316833,0.5009493025372268,3.0,Computational reversal candidate for further investigation.,591
BRD-K57732441,-0.006666215729192537,1,1,1,1,1.0,0.2079207920792079,0.5594201253936282,3.0,Computational reversal candidate for further investigation.,592
8-{[2-oxo-2-(1-pyrrolidinyl)ethyl]thio}quinoline,-0.006651273105066365,1,2,1,2,0.5,0.0891089108910891,0.3735413719943423,4.0,Computational reversal candidate for further investigation.,593
ncgc00185090-03,-0.006619459064517837,1,1,1,1,1.0,0.3069306930693069,0.6671479647964796,6.0,Computational reversal candidate for further investigation.,594
topotecan hcl,-0.006603337553008051,4,5,4,5,0.8,0.19801980198019803,0.5476895259481765,3.8,Computational reversal candidate for further investigation.,595
trifluoperazine dihydrochloride,-0.006601738317790063,3,4,3,4,0.75,0.1485148514851485,0.4687578001497628,3.5,Computational reversal candidate for further investigation.,596
BRD-K88329126,-0.006585446056284789,1,1,1,1,1.0,0.3069306930693069,0.6671479647964796,7.0,Computational reversal candidate for further investigation.,597
apoptosis activator 2,-0.00657233455690072,1,1,1,1,1.0,0.18811881188118812,0.5320589287844447,3.0,Computational reversal candidate for further investigation.,598
peitc,-0.00656961091471543,2,3,2,3,0.6666666666666666,0.26732673267326734,0.6283349236050013,3.6666666666666665,Computational reversal candidate for further investigation.,599
BRD-K01614657,-0.00656592927684223,4,5,4,5,0.8,0.21782178217821782,0.569734410766982,4.2,Computational reversal candidate for further investigation.,600
rhizocarpic acid,-0.006541798047135422,1,1,1,1,1.0,0.26732673267326734,0.6283349236050013,4.0,Computational reversal candidate for further investigation.,601
sulpiride,-0.0065251968496679415,1,1,1,1,1.0,0.297029702970297,0.656260920209668,7.0,Computational reversal candidate for further investigation.,602
ncgc00184834-01,-0.006523803166769084,3,4,3,4,0.75,0.13861386138613863,0.44574799945748006,5.0,Computational reversal candidate for further investigation.,603
artesunate,-0.006499595606255999,3,4,3,4,0.75,0.21782178217821782,0.569734410766982,5.5,Computational reversal candidate for further investigation.,604
x0379,-0.006498433878302795,2,3,2,3,0.6666666666666666,0.24752475247524752,0.6044882771762221,3.3333333333333335,Computational reversal candidate for further investigation.,605
vesamicol,-0.006465935140841223,1,1,1,1,1.0,0.2079207920792079,0.5594201253936282,4.0,Computational reversal candidate for further investigation.,606
calpeptin,-0.006450640958614343,3,3,3,3,1.0,0.0594059405940594,0.308188829932717,3.0,Computational reversal candidate for further investigation.,607
daminozide,-0.006421545503746021,1,1,1,1,1.0,0.21782178217821782,0.569734410766982,3.0,Computational reversal candidate for further investigation.,608
suloctidil,-0.006419974289724421,4,4,4,4,1.0,0.2079207920792079,0.5594201253936282,3.5,Computational reversal candidate for further investigation.,609
BRD-K16541732,-0.006410343924786122,1,2,1,2,0.5,0.13861386138613863,0.44574799945748006,3.0,Computational reversal candidate for further investigation.,610
BYL719,-0.00639751387814825,15,22,15,22,0.6818181818181818,0.019801980198019802,0.18501551647702083,4.7272727272727275,Computational reversal candidate for further investigation.,611
gw 7647,-0.0063829259185898286,2,2,2,2,1.0,0.22772277227722773,0.5826476380608088,4.0,Computational reversal candidate for further investigation.,612
BRD-K02920722,-0.006378542884214867,1,1,1,1,1.0,0.2871287128712871,0.6504556366372463,4.0,Computational reversal candidate for further investigation.,613
ikk 16,-0.0063743808068360535,8,11,8,11,0.7272727272727273,0.1188118811881188,0.42339414207075354,5.090909090909091,Computational reversal candidate for further investigation.,614
jtc 801,-0.006374128511590171,1,1,1,1,1.0,0.2871287128712871,0.6504556366372463,4.0,Computational reversal candidate for further investigation.,615
dexamethasone acetate,-0.0063148765332785885,1,2,1,2,0.5,0.1485148514851485,0.4687578001497628,3.0,Computational reversal candidate for further investigation.,616
brazilin,-0.0063106765202439324,3,5,3,5,0.6,0.16831683168316833,0.5009493025372268,4.2,Computational reversal candidate for further investigation.,617
hydrocortisone acetate,-0.006293085049634149,2,2,2,2,1.0,0.297029702970297,0.656260920209668,3.5,Computational reversal candidate for further investigation.,618
KIN001-055,-0.0062720816410312165,4,6,4,6,0.6666666666666666,0.04950495049504951,0.2851849602138128,4.833333333333333,Computational reversal candidate for further investigation.,619
hy-11004,-0.006261179672171422,2,4,2,4,0.5,0.12871287128712872,0.4363226936412053,3.25,Computational reversal candidate for further investigation.,620
s1118,-0.006260203537087172,3,5,3,5,0.6,0.1188118811881188,0.42339414207075354,3.6,Computational reversal candidate for further investigation.,621
WZ-3105,-0.006201990861926953,45,75,45,75,0.6,0.12871287128712872,0.4363226936412053,7.2,Computational reversal candidate for further investigation.,622
BRD-A18763547,-0.006187916772991345,6,9,6,9,0.6666666666666666,0.12871287128712872,0.4363226936412053,5.222222222222222,Computational reversal candidate for further investigation.,623
BRD-K96405393,-0.006178014078023061,1,1,1,1,1.0,0.36633663366336633,0.7241896821261073,4.0,Computational reversal candidate for further investigation.,624
etazolate hydrochloride,-0.006177232091001423,1,1,1,1,1.0,0.13861386138613863,0.44574799945748006,3.0,Computational reversal candidate for further investigation.,625
BRD-K26300881,-0.006175924672513899,1,1,1,1,1.0,0.3564356435643564,0.7136312778399375,3.0,Computational reversal candidate for further investigation.,626
16-hydroxytriptolide,-0.00616064753642419,16,23,16,23,0.6956521739130435,0.06930693069306931,0.32703119558186977,4.6521739130434785,Computational reversal candidate for further investigation.,627
BRD-K42629487,-0.0061539067608478975,1,1,1,1,1.0,0.3564356435643564,0.7136312778399375,4.0,Computational reversal candidate for further investigation.,628
ha-1004,-0.0061269674434387255,1,1,1,1,1.0,0.21782178217821782,0.569734410766982,3.0,Computational reversal candidate for further investigation.,629
nitrofurazone,-0.0061269674434387255,1,1,1,1,1.0,0.2376237623762376,0.5966008365542437,3.0,Computational reversal candidate for further investigation.,630
triamcinolone,-0.006101237916039268,1,1,1,1,1.0,0.24752475247524752,0.6044882771762221,4.0,Computational reversal candidate for further investigation.,631
homosalate,-0.006098168950490062,2,2,2,2,1.0,0.21782178217821782,0.569734410766982,3.0,Computational reversal candidate for further investigation.,632
BRD-A93393712,-0.006078270362762929,2,2,2,2,1.0,0.24752475247524752,0.6044882771762221,4.5,Computational reversal candidate for further investigation.,633
BRD-K03814443,-0.00606859685764102,1,1,1,1,1.0,0.22772277227722773,0.5826476380608088,3.0,Computational reversal candidate for further investigation.,634
cp 93129 dihydrochloride,-0.006063535338519184,2,2,2,2,1.0,0.297029702970297,0.656260920209668,3.5,Computational reversal candidate for further investigation.,635
dacomitinib,-0.006059227341607901,6,10,6,10,0.6,0.07920792079207921,0.3491842141960675,7.0,Computational reversal candidate for further investigation.,636
ncgc00185087-01,-0.006054427129690851,1,1,1,1,1.0,0.33663366336633666,0.7008847226186034,3.0,Computational reversal candidate for further investigation.,637
mk-2206,-0.006045437681280253,8,13,8,13,0.6153846153846154,0.09900990099009901,0.3906315001248024,4.384615384615385,Computational reversal candidate for further investigation.,638
BRD-K26664453,-0.0060453238386181905,3,3,3,3,1.0,0.25742574257425743,0.6174272599673761,3.6666666666666665,Computational reversal candidate for further investigation.,639
bay 11-7821,-0.006041243416598237,10,12,10,12,0.8333333333333334,0.15841584158415842,0.482962581972483,3.8333333333333335,Computational reversal candidate for further investigation.,640
GSK-2334470,-0.0060235870691526475,6,10,6,10,0.6,0.039603960396039604,0.25384381441557125,5.8,Computational reversal candidate for further investigation.,641
thonzonium bromide,-0.006022971889407961,1,1,1,1,1.0,0.24752475247524752,0.6044882771762221,3.0,Computational reversal candidate for further investigation.,642
s1176,-0.005978789563733296,3,3,3,3,1.0,0.18811881188118812,0.5320589287844447,3.0,Computational reversal candidate for further investigation.,643
BRD-K32568627,-0.005971021818039375,1,1,1,1,1.0,0.24752475247524752,0.6044882771762221,3.0,Computational reversal candidate for further investigation.,644
BRD-K69888333,-0.00596214224193138,1,1,1,1,1.0,0.22772277227722773,0.5826476380608088,4.0,Computational reversal candidate for further investigation.,645
BRD-K10705233,-0.00594384353057005,7,9,7,9,0.7777777777777778,0.1188118811881188,0.42339414207075354,4.666666666666667,Computational reversal candidate for further investigation.,646
dl-pdmp,-0.005941383892931284,15,22,15,22,0.6818181818181818,0.10891089108910891,0.4098890851008949,4.590909090909091,Computational reversal candidate for further investigation.,647
dephostatin,-0.0059305862877304175,1,1,1,1,1.0,0.25742574257425743,0.6174272599673761,3.0,Computational reversal candidate for further investigation.,648
BRD-K01436366,-0.005921999837209614,3,5,3,5,0.6,0.12871287128712872,0.4363226936412053,4.6,Computational reversal candidate for further investigation.,649
vu0418939-2,-0.005920214900051773,5,8,5,8,0.625,0.18811881188118812,0.5320589287844447,5.5,Computational reversal candidate for further investigation.,650
oxaprozin,-0.005908634514334077,1,1,1,1,1.0,0.26732673267326734,0.6283349236050013,3.0,Computational reversal candidate for further investigation.,651
BRD-K01868942,-0.005885510524159291,1,1,1,1,1.0,0.2376237623762376,0.5966008365542437,3.0,Computational reversal candidate for further investigation.,652
GW-5074,-0.005860676873293861,3,5,3,5,0.6,0.09900990099009901,0.3906315001248024,4.6,Computational reversal candidate for further investigation.,653
cgp 57380,-0.0058390446125906725,2,3,2,3,0.6666666666666666,0.16831683168316833,0.5009493025372268,4.333333333333333,Computational reversal candidate for further investigation.,654
BRD-U25771771,-0.005838472763153895,4,6,4,6,0.6666666666666666,0.1782178217821782,0.5181007264813169,4.5,Computational reversal candidate for further investigation.,655
tl hras26 brd-k01877528,-0.005823992783328631,10,15,10,15,0.6666666666666666,0.10891089108910891,0.4098890851008949,4.2,Computational reversal candidate for further investigation.,656
n-chlorophenyl-n-hexylpiperazine,-0.005823588817329691,1,1,1,1,1.0,0.22772277227722773,0.5826476380608088,3.0,Computational reversal candidate for further investigation.,657
HG-5-113-01,-0.005809484869964285,21,34,21,34,0.6176470588235294,0.009900990099009901,0.134739560912613,5.617647058823529,Computational reversal candidate for further investigation.,658
ku-0063794,-0.005806515756704644,9,12,9,12,0.75,0.09900990099009901,0.3906315001248024,4.25,Computational reversal candidate for further investigation.,659
flumethasone,-0.0057814192725159025,1,1,1,1,1.0,0.33663366336633666,0.7008847226186034,4.0,Computational reversal candidate for further investigation.,660
rimexolone,-0.0057814192725159025,1,1,1,1,1.0,0.32673267326732675,0.6902181781732729,4.0,Computational reversal candidate for further investigation.,661
er 27319 maleate,-0.005761418086972671,7,10,7,10,0.7,0.1485148514851485,0.4687578001497628,4.7,Computational reversal candidate for further investigation.,662
jjt-705,-0.005735106705965222,1,1,1,1,1.0,0.2376237623762376,0.5966008365542437,3.0,Computational reversal candidate for further investigation.,663
ncgc00182382-01,-0.005723958238040285,1,2,1,2,0.5,0.19801980198019803,0.5476895259481765,3.0,Computational reversal candidate for further investigation.,664
BRD-K64857848,-0.005716362075161492,3,4,3,4,0.75,0.10891089108910891,0.4098890851008949,3.5,Computational reversal candidate for further investigation.,665
chloroxine,-0.00570386296448327,3,4,3,4,0.75,0.26732673267326734,0.6283349236050013,4.25,Computational reversal candidate for further investigation.,666
molsidomine,-0.00568875227773035,1,1,1,1,1.0,0.21782178217821782,0.569734410766982,3.0,Computational reversal candidate for further investigation.,667
gw 3965 hydrochloride,-0.005676490593976232,1,1,1,1,1.0,0.2871287128712871,0.6504556366372463,3.0,Computational reversal candidate for further investigation.,668
BRD-K28916077,-0.005659365898756884,2,2,2,2,1.0,0.297029702970297,0.656260920209668,3.5,Computational reversal candidate for further investigation.,669
gr 46611,-0.005657077572400098,1,1,1,1,1.0,0.36633663366336633,0.7241896821261073,4.0,Computational reversal candidate for further investigation.,670
penfluridol,-0.005623289114080849,4,7,4,7,0.5714285714285714,0.18811881188118812,0.5320589287844447,4.571428571428571,Computational reversal candidate for further investigation.,671
chlormadinone acetate,-0.005615551619919125,1,1,1,1,1.0,0.19801980198019803,0.5476895259481765,3.0,Computational reversal candidate for further investigation.,672
halometasone,-0.005615551619919125,1,1,1,1,1.0,0.21782178217821782,0.569734410766982,3.0,Computational reversal candidate for further investigation.,673
dg-041,-0.005612731128567526,9,14,9,14,0.6428571428571429,0.1485148514851485,0.4687578001497628,4.928571428571429,Computational reversal candidate for further investigation.,674
cid 755673,-0.00559761590905203,1,1,1,1,1.0,0.0891089108910891,0.3735413719943423,3.0,Computational reversal candidate for further investigation.,675
BRD-A75301702,-0.005587174010842513,2,3,2,3,0.6666666666666666,0.18811881188118812,0.5320589287844447,5.0,Computational reversal candidate for further investigation.,676
KIN001-043,-0.0055712786118218855,27,46,27,46,0.5869565217391305,0.0297029702970297,0.22675682202366576,6.521739130434782,Computational reversal candidate for further investigation.,677
akt inhibitor iv,-0.005567578889387614,8,14,8,14,0.5714285714285714,0.13861386138613863,0.44574799945748006,4.785714285714286,Computational reversal candidate for further investigation.,678
PF-562271,-0.00556070101591012,23,40,23,40,0.575,0.04950495049504951,0.2851849602138128,6.95,Computational reversal candidate for further investigation.,679
BRD-K37798499,-0.005556969402646895,2,3,2,3,0.6666666666666666,0.297029702970297,0.656260920209668,3.6666666666666665,Computational reversal candidate for further investigation.,680
KIN001-244,-0.0055524414555149825,4,5,4,5,0.8,0.10891089108910891,0.4098890851008949,5.4,Computational reversal candidate for further investigation.,681
ivermectin,-0.005544052596707094,3,4,4,5,0.75,0.19801980198019803,0.5476895259481765,3.6,Computational reversal candidate for further investigation.,682
bibr1532,-0.005533488680206164,6,8,6,8,0.75,0.09900990099009901,0.3906315001248024,4.125,Computational reversal candidate for further investigation.,683
sch 58261,-0.00553205998463587,1,1,1,1,1.0,0.31683168316831684,0.6776878143395205,3.0,Computational reversal candidate for further investigation.,684
BRD-K04853698,-0.005530368753485094,15,18,15,18,0.8333333333333334,0.22772277227722773,0.5826476380608088,5.444444444444445,Computational reversal candidate for further investigation.,685
cgp 71683 hydrochloride,-0.005507781995810394,4,8,4,8,0.5,0.21782178217821782,0.569734410766982,4.375,Computational reversal candidate for further investigation.,686
triptolide,-0.005502653208047521,2,3,2,3,0.6666666666666666,0.16831683168316833,0.5009493025372268,5.333333333333333,Computational reversal candidate for further investigation.,687
bvt 948,-0.005496007305434212,1,2,1,2,0.5,0.3069306930693069,0.6671479647964796,7.5,Computational reversal candidate for further investigation.,688
BRD-A54632525,-0.0054627255714707655,2,3,2,3,0.6666666666666666,0.1188118811881188,0.42339414207075354,3.3333333333333335,Computational reversal candidate for further investigation.,689
bi 2536,-0.005447084276257119,21,32,21,32,0.65625,0.2079207920792079,0.5594201253936282,5.21875,Computational reversal candidate for further investigation.,690
promazine hydrochloride,-0.005429310263720423,1,2,1,2,0.5,0.1485148514851485,0.4687578001497628,3.5,Computational reversal candidate for further investigation.,691
piceatannol,-0.005402102579495589,1,1,1,1,1.0,0.24752475247524752,0.6044882771762221,3.0,Computational reversal candidate for further investigation.,692
BRD-K14749055,-0.005401313004461575,1,1,1,1,1.0,0.1485148514851485,0.4687578001497628,3.0,Computational reversal candidate for further investigation.,693
tpca-1,-0.005391238309247932,7,11,7,11,0.6363636363636364,0.09900990099009901,0.3906315001248024,3.6363636363636362,Computational reversal candidate for further investigation.,694
BRD-A68739437,-0.0053583240994586456,1,1,1,1,1.0,0.37623762376237624,0.7337219703278739,5.0,Computational reversal candidate for further investigation.,695
BRD-U86922168,-0.005357565646670353,6,9,6,9,0.6666666666666666,0.297029702970297,0.656260920209668,4.444444444444445,Computational reversal candidate for further investigation.,696
nnc 55-0396 dihydrochloride,-0.005345984627349496,2,4,2,4,0.5,0.25742574257425743,0.6174272599673761,4.5,Computational reversal candidate for further investigation.,697
bl-008,-0.005334302300658806,1,1,1,1,1.0,0.1782178217821782,0.5181007264813169,3.0,Computational reversal candidate for further investigation.,698
"androsta-1,4-dien-3,17-dione",-0.00533411308554357,1,1,1,1,1.0,0.297029702970297,0.656260920209668,5.0,Computational reversal candidate for further investigation.,699
ca-074-me,-0.00533094883250237,3,3,3,3,1.0,0.31683168316831684,0.6776878143395205,3.6666666666666665,Computational reversal candidate for further investigation.,700
DCC-2036,-0.005319341964527597,15,22,15,22,0.6818181818181818,0.04950495049504951,0.2851849602138128,5.818181818181818,Computational reversal candidate for further investigation.,701
BRD-K06009608,-0.005317029895199469,2,3,2,3,0.6666666666666666,0.1782178217821782,0.5181007264813169,3.3333333333333335,Computational reversal candidate for further investigation.,702
AKT-inhibitor-1-2,-0.005313945316699839,8,12,8,12,0.6666666666666666,0.04950495049504951,0.2851849602138128,3.75,Computational reversal candidate for further investigation.,703
cgs 9343b,-0.00531077551099378,1,1,1,1,1.0,0.33663366336633666,0.7008847226186034,4.0,Computational reversal candidate for further investigation.,704
sertindole,-0.005306793042738117,1,1,1,1,1.0,0.25742574257425743,0.6174272599673761,4.0,Computational reversal candidate for further investigation.,705
prochlorperazine edisylate,-0.00529076774990943,1,1,1,1,1.0,0.1188118811881188,0.42339414207075354,3.0,Computational reversal candidate for further investigation.,706
camptothecin,-0.005289392084553359,6,7,6,7,0.8571428571428571,0.19801980198019803,0.5476895259481765,4.428571428571429,Computational reversal candidate for further investigation.,707
BRD-K81814927,-0.005279655384166912,4,5,4,5,0.8,0.25742574257425743,0.6174272599673761,5.2,Computational reversal candidate for further investigation.,708
olaparib,-0.005251455816562669,3,5,3,5,0.6,0.15841584158415842,0.482962581972483,4.8,Computational reversal candidate for further investigation.,709
mls-0435541.0001,-0.005238988491269983,2,2,2,2,1.0,0.13861386138613863,0.44574799945748006,3.5,Computational reversal candidate for further investigation.,710
rs 39604 hydrochloride,-0.005234170129694693,4,5,4,5,0.8,0.12871287128712872,0.4363226936412053,3.6,Computational reversal candidate for further investigation.,711
mdl 72222,-0.005221835087829172,1,1,1,1,1.0,0.27722772277227725,0.6427576090942428,5.0,Computational reversal candidate for further investigation.,712
BRD-A16820783,-0.00521592966538891,1,1,1,1,1.0,0.18811881188118812,0.5320589287844447,3.0,Computational reversal candidate for further investigation.,713
biperiden hydrochloride,-0.005215487590802521,1,1,1,1,1.0,0.18811881188118812,0.5320589287844447,3.0,Computational reversal candidate for further investigation.,714
ncgc00182609-01,-0.005194777915957528,2,3,2,3,0.6666666666666666,0.22772277227722773,0.5826476380608088,5.333333333333333,Computational reversal candidate for further investigation.,715
5-azacytidine,-0.005164835493869405,3,4,3,4,0.75,0.22772277227722773,0.5826476380608088,4.0,Computational reversal candidate for further investigation.,716
s1005,-0.005164707407869721,1,1,1,1,1.0,0.32673267326732675,0.6902181781732729,3.0,Computational reversal candidate for further investigation.,717
fit,-0.0051588084132740755,4,5,4,5,0.8,0.1188118811881188,0.42339414207075354,4.6,Computational reversal candidate for further investigation.,718
BRD-U68942961,-0.005156627660243414,5,8,5,8,0.625,0.19801980198019803,0.5476895259481765,3.75,Computational reversal candidate for further investigation.,719
lonidamine,-0.005156091931751984,5,5,5,5,1.0,0.13861386138613863,0.44574799945748006,4.2,Computational reversal candidate for further investigation.,720
BRD-K53932786,-0.0051306123960821876,6,8,6,8,0.75,0.22772277227722773,0.5826476380608088,4.5,Computational reversal candidate for further investigation.,721
BS-181,-0.005127516405188135,5,5,5,5,1.0,0.1188118811881188,0.42339414207075354,4.6,Computational reversal candidate for further investigation.,722
tremulacin,-0.005121260920785076,1,1,1,1,1.0,0.31683168316831684,0.6776878143395205,4.0,Computational reversal candidate for further investigation.,723
jas07 005,-0.005097880514741719,1,1,1,1,1.0,0.24752475247524752,0.6044882771762221,3.0,Computational reversal candidate for further investigation.,724
cucurbitacin i,-0.0050714847176248756,4,7,4,7,0.5714285714285714,0.21782178217821782,0.569734410766982,4.142857142857143,Computational reversal candidate for further investigation.,725
BRD-K48803730,-0.005066709614704774,1,1,1,1,1.0,0.15841584158415842,0.482962581972483,3.0,Computational reversal candidate for further investigation.,726
b4313,-0.005055549660339607,4,5,4,5,0.8,0.18811881188118812,0.5320589287844447,3.8,Computational reversal candidate for further investigation.,727
s1042,-0.00504721160356866,3,4,3,4,0.75,0.1782178217821782,0.5181007264813169,4.0,Computational reversal candidate for further investigation.,728
radicicol,-0.005029471221766504,52,91,85,141,0.5714285714285714,0.039603960396039604,0.25384381441557125,7.148936170212766,Computational reversal candidate for further investigation.,729
BRD-K58547240,-0.005013736982983175,2,2,2,2,1.0,0.22772277227722773,0.5826476380608088,4.0,Computational reversal candidate for further investigation.,730
BRD-K14048378,-0.005010697600842702,1,1,1,1,1.0,0.2079207920792079,0.5594201253936282,3.0,Computational reversal candidate for further investigation.,731
BRD-K06750613,-0.005010306224209384,3,4,3,4,0.75,0.2376237623762376,0.5966008365542437,5.0,Computational reversal candidate for further investigation.,732
cuneatin methyl ether,-0.0049674984931184244,1,1,1,1,1.0,0.2079207920792079,0.5594201253936282,3.0,Computational reversal candidate for further investigation.,733
BRD-K97764662,-0.004954628216522585,2,4,3,5,0.5,0.12871287128712872,0.4363226936412053,3.6,Computational reversal candidate for further investigation.,734
AST1306,-0.004953113473260609,5,8,5,8,0.625,0.07920792079207921,0.3491842141960675,4.5,Computational reversal candidate for further investigation.,735
BRD-A31107743,-0.004918821351020882,4,7,4,7,0.5714285714285714,0.2871287128712871,0.6504556366372463,5.142857142857143,Computational reversal candidate for further investigation.,736
AZD-6482,-0.004900609590047468,11,17,11,17,0.6470588235294118,0.039603960396039604,0.25384381441557125,5.117647058823529,Computational reversal candidate for further investigation.,737
BRD-K38340366,-0.004892996153047274,1,1,1,1,1.0,0.21782178217821782,0.569734410766982,3.0,Computational reversal candidate for further investigation.,738
BRD-K16057611,-0.004859177613257572,1,1,1,1,1.0,0.2079207920792079,0.5594201253936282,3.0,Computational reversal candidate for further investigation.,739
BRD-K72238567,-0.004857036723677785,7,7,7,7,1.0,0.1485148514851485,0.4687578001497628,3.857142857142857,Computational reversal candidate for further investigation.,740
BRD-A11702965,-0.004854132151883272,4,5,4,5,0.8,0.13861386138613863,0.44574799945748006,4.0,Computational reversal candidate for further investigation.,741
arachidonyl trifluoro-methyl ketone,-0.004844460625918699,13,18,13,18,0.7222222222222222,0.2079207920792079,0.5594201253936282,4.888888888888889,Computational reversal candidate for further investigation.,742
hyperoside,-0.0048015382546175885,1,1,1,1,1.0,0.26732673267326734,0.6283349236050013,3.0,Computational reversal candidate for further investigation.,743
"ici-185,282",-0.004790470776040888,1,1,1,1,1.0,0.31683168316831684,0.6776878143395205,3.0,Computational reversal candidate for further investigation.,744
hy-11001,-0.004783651640737279,7,12,7,12,0.5833333333333334,0.13861386138613863,0.44574799945748006,4.666666666666667,Computational reversal candidate for further investigation.,745
PD-173074,-0.004765565361669749,8,14,8,14,0.5714285714285714,0.1188118811881188,0.42339414207075354,5.571428571428571,Computational reversal candidate for further investigation.,746
BMS-345541,-0.004755093318425721,24,39,24,39,0.6153846153846154,0.0297029702970297,0.22675682202366576,5.487179487179487,Computational reversal candidate for further investigation.,747
ski ii,-0.004752072591629897,8,11,8,11,0.7272727272727273,0.21782178217821782,0.569734410766982,4.181818181818182,Computational reversal candidate for further investigation.,748
BRD-K16533489,-0.004724162473454095,1,1,1,1,1.0,0.42574257425742573,0.7740024728513509,3.0,Computational reversal candidate for further investigation.,749
ncgc00182617-01,-0.004724162473454095,1,1,1,1,1.0,0.1188118811881188,0.42339414207075354,3.0,Computational reversal candidate for further investigation.,750
NVP-TAE226,-0.0047202455834737984,16,25,16,25,0.64,0.0594059405940594,0.308188829932717,6.12,Computational reversal candidate for further investigation.,751
s1452,-0.004697373086727373,3,5,3,5,0.6,0.16831683168316833,0.5009493025372268,3.4,Computational reversal candidate for further investigation.,752
BRD-K19295594,-0.004663473006404322,6,10,6,10,0.6,0.13861386138613863,0.44574799945748006,5.2,Computational reversal candidate for further investigation.,753
BRD-K18163752,-0.0046426428049503345,4,4,4,4,1.0,0.19801980198019803,0.5476895259481765,4.75,Computational reversal candidate for further investigation.,754
vu0418946-2,-0.004637991391124606,10,14,14,19,0.7142857142857143,0.22772277227722773,0.5826476380608088,5.105263157894737,Computational reversal candidate for further investigation.,755
KW-2449,-0.00462319620278802,4,8,4,8,0.5,0.13861386138613863,0.44574799945748006,6.25,Computational reversal candidate for further investigation.,756
BRD-K23282736,-0.004616834658581216,1,1,1,1,1.0,0.25742574257425743,0.6174272599673761,3.0,Computational reversal candidate for further investigation.,757
BRD-K12393722,-0.004613585163284736,1,1,1,1,1.0,0.22772277227722773,0.5826476380608088,4.0,Computational reversal candidate for further investigation.,758
BRD-K79390395,-0.004612985995090493,2,2,2,2,1.0,0.32673267326732675,0.6902181781732729,4.5,Computational reversal candidate for further investigation.,759
s1107,-0.004608629910012532,1,2,1,2,0.5,0.24752475247524752,0.6044882771762221,3.0,Computational reversal candidate for further investigation.,760
BRD-K50140147,-0.004595014683116457,5,9,5,10,0.5555555555555556,0.16831683168316833,0.5009493025372268,4.0,Computational reversal candidate for further investigation.,761
diazoxide,-0.004595014683116457,1,1,1,1,1.0,0.24752475247524752,0.6044882771762221,3.0,Computational reversal candidate for further investigation.,762
le 135,-0.0045793202400072,5,7,5,7,0.7142857142857143,0.22772277227722773,0.5826476380608088,4.0,Computational reversal candidate for further investigation.,763
BRD-K55844427,-0.004574118989265555,2,4,2,4,0.5,0.2079207920792079,0.5594201253936282,4.5,Computational reversal candidate for further investigation.,764
16beta-bromoandrosterone,-0.004570075597925808,1,1,1,1,1.0,0.24752475247524752,0.6044882771762221,3.0,Computational reversal candidate for further investigation.,765
tws119,-0.004562003559343436,4,7,4,7,0.5714285714285714,0.1782178217821782,0.5181007264813169,3.7142857142857144,Computational reversal candidate for further investigation.,766
scriptaid,-0.0045481782909080415,7,11,7,11,0.6363636363636364,0.25742574257425743,0.6174272599673761,5.636363636363637,Computational reversal candidate for further investigation.,767
mls-0075347.0001,-0.004527102427792465,1,1,1,1,1.0,0.26732673267326734,0.6283349236050013,3.0,Computational reversal candidate for further investigation.,768
BRD-K59980915,-0.004523720303560205,1,1,1,1,1.0,0.25742574257425743,0.6174272599673761,3.0,Computational reversal candidate for further investigation.,769
p8624,-0.004514477986716581,7,8,7,8,0.875,0.1782178217821782,0.5181007264813169,4.25,Computational reversal candidate for further investigation.,770
gemcitabine,-0.004501952398830248,9,13,9,13,0.6923076923076923,0.1188118811881188,0.42339414207075354,3.3076923076923075,Computational reversal candidate for further investigation.,771
BRD-A05565054,-0.00447271217346846,1,2,1,2,0.5,0.15841584158415842,0.482962581972483,3.5,Computational reversal candidate for further investigation.,772
BRD-K25536815,-0.004421066756306401,1,2,1,2,0.5,0.33663366336633666,0.7008847226186034,3.5,Computational reversal candidate for further investigation.,773
BRD-K97701319,-0.004419694836550497,1,1,1,1,1.0,0.2871287128712871,0.6504556366372463,3.0,Computational reversal candidate for further investigation.,774
lovastatin,-0.004394992466442322,2,2,4,4,1.0,0.19801980198019803,0.5476895259481765,3.75,Computational reversal candidate for further investigation.,775
BRD-A96272097,-0.004392483730285532,2,2,2,2,1.0,0.27722772277227725,0.6427576090942428,5.0,Computational reversal candidate for further investigation.,776
PF-3758309,-0.00439182568655785,20,35,20,35,0.5714285714285714,0.13861386138613863,0.44574799945748006,6.885714285714286,Computational reversal candidate for further investigation.,777
mesoridazine besylate,-0.004378853728678543,1,2,1,2,0.5,0.25742574257425743,0.6174272599673761,3.0,Computational reversal candidate for further investigation.,778
s1064,-0.004353937014457731,1,2,1,2,0.5,0.21782178217821782,0.569734410766982,4.5,Computational reversal candidate for further investigation.,779
t5323840,-0.004347714459386523,5,9,5,11,0.5555555555555556,0.297029702970297,0.656260920209668,4.2727272727272725,Computational reversal candidate for further investigation.,780
ncgc00181736-02,-0.004344424929797131,2,3,2,3,0.6666666666666666,0.2079207920792079,0.5594201253936282,3.6666666666666665,Computational reversal candidate for further investigation.,781
alvocidib,-0.00430421696339128,42,79,42,79,0.5316455696202531,0.2079207920792079,0.5594201253936282,6.822784810126582,Computational reversal candidate for further investigation.,782
4-demethoxydaunorubicin hydrochloride (65),-0.004301328049979326,10,14,10,14,0.7142857142857143,0.2079207920792079,0.5594201253936282,4.642857142857143,Computational reversal candidate for further investigation.,783
ncgc00182362-01,-0.004296249520557692,2,3,2,3,0.6666666666666666,0.37623762376237624,0.7337219703278739,4.333333333333333,Computational reversal candidate for further investigation.,784
glimepiride,-0.00429502236641102,1,1,1,1,1.0,0.3564356435643564,0.7136312778399375,3.0,Computational reversal candidate for further investigation.,785
oxymetazoline hydrochloride,-0.00429502236641102,1,1,1,1,1.0,0.3465346534653465,0.7112481739977277,3.0,Computational reversal candidate for further investigation.,786
BRD-K94544211,-0.004292303188755178,1,1,1,1,1.0,0.3069306930693069,0.6671479647964796,3.0,Computational reversal candidate for further investigation.,787
quinine hemisulfate salt monohydrate,-0.004291549877751449,1,2,1,2,0.5,0.297029702970297,0.656260920209668,3.5,Computational reversal candidate for further investigation.,788
jlk 6,-0.004286394937876939,1,1,1,1,1.0,0.3465346534653465,0.7112481739977277,5.0,Computational reversal candidate for further investigation.,789
e933505,-0.004284372637442689,1,1,1,1,1.0,0.1782178217821782,0.5181007264813169,3.0,Computational reversal candidate for further investigation.,790
vinorelbine,-0.004276098326192779,3,3,3,3,1.0,0.21782178217821782,0.569734410766982,4.0,Computational reversal candidate for further investigation.,791
ciclopirox ethanolamine,-0.0042670263545800235,1,2,1,2,0.5,0.4158415841584158,0.7663891021094258,6.5,Computational reversal candidate for further investigation.,792
l-sulforophane,-0.004247247324102041,5,7,5,7,0.7142857142857143,0.1782178217821782,0.5181007264813169,3.2857142857142856,Computational reversal candidate for further investigation.,793
simvastatin,-0.004234316334436588,4,6,4,6,0.6666666666666666,0.24752475247524752,0.6044882771762221,4.166666666666667,Computational reversal candidate for further investigation.,794
ncgc00183255-01,-0.004221693523385129,2,3,2,3,0.6666666666666666,0.2376237623762376,0.5966008365542437,5.333333333333333,Computational reversal candidate for further investigation.,795
emetine,-0.004197620801949398,9,14,9,15,0.6428571428571429,0.39603960396039606,0.7474998756157023,5.066666666666666,Computational reversal candidate for further investigation.,796
chr 2797,-0.004174008295030805,10,16,10,16,0.625,0.19801980198019803,0.5476895259481765,5.0,Computational reversal candidate for further investigation.,797
RAF 265,-0.004163099378509309,10,16,10,16,0.625,0.12871287128712872,0.4363226936412053,5.3125,Computational reversal candidate for further investigation.,798
pifithrin- ?,-0.004160585086058586,7,11,7,11,0.6363636363636364,0.21782178217821782,0.569734410766982,3.8181818181818183,Computational reversal candidate for further investigation.,799
BRD-K15716662,-0.0041572004333669515,1,1,1,1,1.0,0.3465346534653465,0.7112481739977277,3.0,Computational reversal candidate for further investigation.,800
ncgc00185684-02,-0.0041482873250686505,4,5,4,5,0.8,0.22772277227722773,0.5826476380608088,4.4,Computational reversal candidate for further investigation.,801
pp 1,-0.004114780495075557,4,5,4,5,0.8,0.15841584158415842,0.482962581972483,3.6,Computational reversal candidate for further investigation.,802
sirolimus,-0.004106275334437269,33,59,36,64,0.559322033898305,0.009900990099009901,0.134739560912613,5.421875,Computational reversal candidate for further investigation.,803
BRD-K07790824,-0.004095822510634173,1,1,1,1,1.0,0.31683168316831684,0.6776878143395205,3.0,Computational reversal candidate for further investigation.,804
dm163 brd-k06180729,-0.004080037796635417,1,1,1,1,1.0,0.16831683168316833,0.5009493025372268,5.0,Computational reversal candidate for further investigation.,805
s-8599,-0.004076420879146734,2,3,2,3,0.6666666666666666,0.2871287128712871,0.6504556366372463,3.6666666666666665,Computational reversal candidate for further investigation.,806
oxymetholone,-0.004076160898613266,1,1,1,1,1.0,0.297029702970297,0.656260920209668,6.0,Computational reversal candidate for further investigation.,807
temsirolimus [ci779],-0.0040644893839510594,6,9,6,9,0.6666666666666666,0.2079207920792079,0.5594201253936282,4.0,Computational reversal candidate for further investigation.,808
BRD-K31706415,-0.004050197542401113,2,3,2,3,0.6666666666666666,0.2871287128712871,0.6504556366372463,3.0,Computational reversal candidate for further investigation.,809
t0516-4420,-0.004046886801452611,1,1,1,1,1.0,0.37623762376237624,0.7337219703278739,5.0,Computational reversal candidate for further investigation.,810
vu0415108-1,-0.004037357346246338,1,1,1,1,1.0,0.42574257425742573,0.7740024728513509,3.0,Computational reversal candidate for further investigation.,811
BRD-K28115298,-0.004031761029378476,1,1,1,1,1.0,0.2871287128712871,0.6504556366372463,3.0,Computational reversal candidate for further investigation.,812
BRD-A47832959,-0.004004725125472808,2,2,2,2,1.0,0.24752475247524752,0.6044882771762221,3.5,Computational reversal candidate for further investigation.,813
fasudil hydrochloride,-0.004003874320577899,1,1,1,1,1.0,0.3564356435643564,0.7136312778399375,3.0,Computational reversal candidate for further investigation.,814
arg-a1-2 brd-k39580048,-0.003997395811564941,1,1,1,1,1.0,0.33663366336633666,0.7008847226186034,3.0,Computational reversal candidate for further investigation.,815
d0196,-0.003970429110972383,1,1,1,1,1.0,0.40594059405940597,0.754808352122341,3.0,Computational reversal candidate for further investigation.,816
tolazamide,-0.003960561279451284,1,1,2,2,1.0,0.21782178217821782,0.569734410766982,3.5,Computational reversal candidate for further investigation.,817
BRD-K60297835,-0.003944175080448123,1,1,1,1,1.0,0.27722772277227725,0.6427576090942428,3.0,Computational reversal candidate for further investigation.,818
tranilast,-0.003935949932851522,2,2,2,2,1.0,0.3564356435643564,0.7136312778399375,5.5,Computational reversal candidate for further investigation.,819
glyburide,-0.00393178218298241,1,1,1,1,1.0,0.3564356435643564,0.7136312778399375,4.0,Computational reversal candidate for further investigation.,820
BRD-K35004659,-0.003910618864514372,3,3,3,3,1.0,0.24752475247524752,0.6044882771762221,4.333333333333333,Computational reversal candidate for further investigation.,821
flubendazole,-0.003894120967980464,1,2,1,2,0.5,0.25742574257425743,0.6174272599673761,5.0,Computational reversal candidate for further investigation.,822
nsc 632839 hydrochloride,-0.003880847559455192,6,11,6,11,0.5454545454545454,0.3564356435643564,0.7136312778399375,5.363636363636363,Computational reversal candidate for further investigation.,823
BRD-K41429297,-0.0038644879281944794,1,1,1,1,1.0,0.297029702970297,0.656260920209668,4.0,Computational reversal candidate for further investigation.,824
A443654,-0.0038628195526001297,54,93,54,93,0.5806451612903226,0.0594059405940594,0.308188829932717,6.21505376344086,Computational reversal candidate for further investigation.,825
oxindole i,-0.0038616992732708666,2,3,2,3,0.6666666666666666,0.33663366336633666,0.7008847226186034,3.6666666666666665,Computational reversal candidate for further investigation.,826
BRD-A94377914,-0.0038590550930250366,6,10,6,10,0.6,0.297029702970297,0.656260920209668,4.5,Computational reversal candidate for further investigation.,827
bibu 1361 dihydrochloride,-0.003767193871237082,4,5,4,5,0.8,0.297029702970297,0.656260920209668,4.4,Computational reversal candidate for further investigation.,828
vu0418947-2,-0.0037350182680396596,5,8,5,8,0.625,0.32673267326732675,0.6902181781732729,5.75,Computational reversal candidate for further investigation.,829
cay10618,-0.003734529676041623,9,15,9,15,0.6,0.16831683168316833,0.5009493025372268,4.066666666666666,Computational reversal candidate for further investigation.,830
cinobufagin,-0.0037190376595080967,6,9,6,9,0.6666666666666666,0.31683168316831684,0.6776878143395205,5.0,Computational reversal candidate for further investigation.,831
BRD-K06405410,-0.003690427366003148,1,2,1,2,0.5,0.24752475247524752,0.6044882771762221,3.0,Computational reversal candidate for further investigation.,832
BRD-K49371609,-0.0036768096399573454,20,26,20,26,0.7692307692307693,0.15841584158415842,0.482962581972483,4.6923076923076925,Computational reversal candidate for further investigation.,833
torasemide,-0.0036731036556405254,1,1,1,1,1.0,0.38613861386138615,0.7384606077715715,3.0,Computational reversal candidate for further investigation.,834
felamidin,-0.003598083164670636,1,1,1,1,1.0,0.38613861386138615,0.7384606077715715,5.0,Computational reversal candidate for further investigation.,835
PHA-793887,-0.003586949823246125,44,80,44,80,0.55,0.09900990099009901,0.3906315001248024,7.0125,Computational reversal candidate for further investigation.,836
podofilox,-0.003579982133551988,4,7,4,7,0.5714285714285714,0.26732673267326734,0.6283349236050013,5.142857142857143,Computational reversal candidate for further investigation.,837
BRD-K88551539,-0.003576898993283824,1,2,1,2,0.5,0.31683168316831684,0.6776878143395205,3.5,Computational reversal candidate for further investigation.,838
ncgc00181920-01,-0.003570168580130118,1,1,1,1,1.0,0.3564356435643564,0.7136312778399375,3.0,Computational reversal candidate for further investigation.,839
BRD-K91913968,-0.0035673902293220467,1,1,1,1,1.0,0.39603960396039606,0.7474998756157023,3.0,Computational reversal candidate for further investigation.,840
JNK-9L,-0.0035316278412698622,35,61,35,61,0.5737704918032787,0.18811881188118812,0.5320589287844447,7.442622950819672,Computational reversal candidate for further investigation.,841
BRD-K45435259,-0.0035069742008734597,1,1,1,1,1.0,0.33663366336633666,0.7008847226186034,3.0,Computational reversal candidate for further investigation.,842
BRD-A25337146,-0.0035056158919792454,2,2,2,2,1.0,0.36633663366336633,0.7241896821261073,3.5,Computational reversal candidate for further investigation.,843
tipifarnib-p2,-0.0034715499184222566,1,1,1,1,1.0,0.3069306930693069,0.6671479647964796,4.0,Computational reversal candidate for further investigation.,844
s1080,-0.003429081755897202,1,2,1,2,0.5,0.2871287128712871,0.6504556366372463,4.0,Computational reversal candidate for further investigation.,845
parbendazole,-0.003384939612907827,1,2,1,2,0.5,0.3564356435643564,0.7136312778399375,5.5,Computational reversal candidate for further investigation.,846
iodophenpropit dihydrobromide,-0.0033828842586122922,1,2,1,2,0.5,0.43564356435643564,0.7829077644606566,4.0,Computational reversal candidate for further investigation.,847
ncgc00167094-01,-0.0033774218768102006,1,2,1,2,0.5,0.27722772277227725,0.6427576090942428,3.5,Computational reversal candidate for further investigation.,848
BRD-A47816767,-0.00337544425370426,3,3,3,3,1.0,0.38613861386138615,0.7384606077715715,5.0,Computational reversal candidate for further investigation.,849
BRD-K02646507,-0.003346408528466205,1,1,1,1,1.0,0.44554455445544555,0.7923604860486049,5.0,Computational reversal candidate for further investigation.,850
ho-013,-0.003337336126449593,1,1,1,1,1.0,0.43564356435643564,0.7829077644606566,3.0,Computational reversal candidate for further investigation.,851
np-001236,-0.003320076547483686,3,5,3,5,0.6,0.2871287128712871,0.6504556366372463,5.0,Computational reversal candidate for further investigation.,852
BRD-K55502647,-0.003279725590258467,1,1,1,1,1.0,0.22772277227722773,0.5826476380608088,3.0,Computational reversal candidate for further investigation.,853
pentobarbital,-0.003275219379062816,1,1,1,1,1.0,0.45544554455445546,0.8023702933145097,6.0,Computational reversal candidate for further investigation.,854
BRD-K33211335,-0.0032716294048718312,1,1,1,1,1.0,0.12871287128712872,0.4363226936412053,3.0,Computational reversal candidate for further investigation.,855
s1120,-0.003268783730198523,6,10,6,10,0.6,0.3069306930693069,0.6671479647964796,5.1,Computational reversal candidate for further investigation.,856
digoxigenin,-0.003261173014023524,2,4,2,4,0.5,0.31683168316831684,0.6776878143395205,5.25,Computational reversal candidate for further investigation.,857
beclomethasone dipropionate,-0.003256294901018028,1,2,1,2,0.5,0.26732673267326734,0.6283349236050013,3.0,Computational reversal candidate for further investigation.,858
palda,-0.0032123805586916597,3,4,3,4,0.75,0.2871287128712871,0.6504556366372463,3.75,Computational reversal candidate for further investigation.,859
ncgc00185837-02,-0.00320700991883602,1,2,1,2,0.5,0.44554455445544555,0.7923604860486049,3.5,Computational reversal candidate for further investigation.,860
phenolphthalein,-0.0032040558660815254,1,2,1,2,0.5,0.31683168316831684,0.6776878143395205,4.0,Computational reversal candidate for further investigation.,861
s1172,-0.0031959742519948927,2,3,2,3,0.6666666666666666,0.25742574257425743,0.6174272599673761,3.3333333333333335,Computational reversal candidate for further investigation.,862
TAK-715,-0.003191482730191298,1,2,1,2,0.5,0.3465346534653465,0.7112481739977277,3.5,Computational reversal candidate for further investigation.,863
BRD-K84203638,-0.0031732365848710477,5,8,5,8,0.625,0.26732673267326734,0.6283349236050013,5.75,Computational reversal candidate for further investigation.,864
BRD-K81795824,-0.0031624687182920017,3,6,3,6,0.5,0.37623762376237624,0.7337219703278739,4.833333333333333,Computational reversal candidate for further investigation.,865
erastin,-0.0031574898133056055,1,1,1,1,1.0,0.4752475247524752,0.8248750937940375,4.0,Computational reversal candidate for further investigation.,866
flavokawain b,-0.0031414189807083045,1,1,1,1,1.0,0.37623762376237624,0.7337219703278739,4.0,Computational reversal candidate for further investigation.,867
vincristine sulfate,-0.0031395031346352804,6,9,7,11,0.6666666666666666,0.1782178217821782,0.5181007264813169,4.363636363636363,Computational reversal candidate for further investigation.,868
amsacrine,-0.0031201344187902135,7,11,7,12,0.6363636363636364,0.31683168316831684,0.6776878143395205,4.166666666666667,Computational reversal candidate for further investigation.,869
BRD-K61717269,-0.0031165363692288225,5,9,5,9,0.5555555555555556,0.3069306930693069,0.6671479647964796,4.666666666666667,Computational reversal candidate for further investigation.,870
hy-10518,-0.003112527530419633,6,9,6,9,0.6666666666666666,0.2376237623762376,0.5966008365542437,4.111111111111111,Computational reversal candidate for further investigation.,871
buparlisib,-0.0031033785627886373,20,35,20,35,0.5714285714285714,0.07920792079207921,0.3491842141960675,5.714285714285714,Computational reversal candidate for further investigation.,872
hy-11006,-0.0030681347111957543,1,2,1,2,0.5,0.3465346534653465,0.7112481739977277,3.5,Computational reversal candidate for further investigation.,873
praziquantel,-0.003049695750231487,1,1,1,1,1.0,0.4158415841584158,0.7663891021094258,4.0,Computational reversal candidate for further investigation.,874
AZ20,-0.0030440774024515687,10,18,10,18,0.5555555555555556,0.21782178217821782,0.569734410766982,6.611111111111111,Computational reversal candidate for further investigation.,875
siguazodan,-0.0030333033012137026,1,2,1,2,0.5,0.3564356435643564,0.7136312778399375,3.5,Computational reversal candidate for further investigation.,876
BRD-K58214070,-0.0030298737749133897,4,6,4,6,0.6666666666666666,0.24752475247524752,0.6044882771762221,3.8333333333333335,Computational reversal candidate for further investigation.,877
7b-cis,-0.0030158143723717774,6,10,6,10,0.6,0.27722772277227725,0.6427576090942428,4.0,Computational reversal candidate for further investigation.,878
bcl-2 inhibitor,-0.0030096250608293925,1,2,1,2,0.5,0.38613861386138615,0.7384606077715715,3.0,Computational reversal candidate for further investigation.,879
ncgc00165289-01,-0.003005625573846025,4,6,4,6,0.6666666666666666,0.26732673267326734,0.6283349236050013,5.5,Computational reversal candidate for further investigation.,880
su11652,-0.0029912337542228164,8,13,8,13,0.6153846153846154,0.31683168316831684,0.6776878143395205,4.769230769230769,Computational reversal candidate for further investigation.,881
s1040,-0.002937142314842032,3,4,3,4,0.75,0.3069306930693069,0.6671479647964796,3.75,Computational reversal candidate for further investigation.,882
ncgc00242279-01,-0.0029239147096059284,1,1,1,1,1.0,0.39603960396039606,0.7474998756157023,3.0,Computational reversal candidate for further investigation.,883
BRD-K12184916,-0.0029192715384724756,8,14,8,14,0.5714285714285714,0.15841584158415842,0.482962581972483,4.071428571428571,Computational reversal candidate for further investigation.,884
chlorambucil,-0.0029062208938442947,1,1,1,1,1.0,0.43564356435643564,0.7829077644606566,3.0,Computational reversal candidate for further investigation.,885
triamterene,-0.0029027127802253635,1,1,1,1,1.0,0.38613861386138615,0.7384606077715715,3.0,Computational reversal candidate for further investigation.,886
amiodarone hydrochloride,-0.002895020637489862,3,4,3,4,0.75,0.36633663366336633,0.7241896821261073,4.25,Computational reversal candidate for further investigation.,887
ncgc00238548-02,-0.0028931162626345533,1,1,1,1,1.0,0.40594059405940597,0.754808352122341,3.0,Computational reversal candidate for further investigation.,888
sib 1893,-0.0028797280658140034,3,3,3,3,1.0,0.24752475247524752,0.6044882771762221,4.666666666666667,Computational reversal candidate for further investigation.,889
AZD-5438,-0.0028597265481871527,42,75,42,75,0.56,0.18811881188118812,0.5320589287844447,6.8533333333333335,Computational reversal candidate for further investigation.,890
ncgc00012588-02,-0.0028417025251827512,1,1,1,1,1.0,0.3069306930693069,0.6671479647964796,3.0,Computational reversal candidate for further investigation.,891
methylene blue,-0.002834452179034445,8,14,8,14,0.5714285714285714,0.2871287128712871,0.6504556366372463,4.857142857142857,Computational reversal candidate for further investigation.,892
at-mlpcn csc-006,-0.0028286926778084837,1,2,1,2,0.5,0.4158415841584158,0.7663891021094258,6.5,Computational reversal candidate for further investigation.,893
bo2 (inhibits rad51),-0.0028263358559436867,7,11,7,11,0.6363636363636364,0.32673267326732675,0.6902181781732729,4.0,Computational reversal candidate for further investigation.,894
ei-228,-0.0028215028524013635,1,1,1,1,1.0,0.3465346534653465,0.7112481739977277,3.0,Computational reversal candidate for further investigation.,895
BRD-K67870070,-0.0027974334942642166,2,2,2,2,1.0,0.33663366336633666,0.7008847226186034,4.0,Computational reversal candidate for further investigation.,896
doxorubicin,-0.0027795588080674677,8,11,8,11,0.7272727272727273,0.26732673267326734,0.6283349236050013,4.636363636363637,Computational reversal candidate for further investigation.,897
ncgc00012508-02,-0.0027795588080674677,1,1,1,1,1.0,0.3069306930693069,0.6671479647964796,3.0,Computational reversal candidate for further investigation.,898
s4002,-0.0027743839920076415,2,2,2,2,1.0,0.39603960396039606,0.7474998756157023,3.5,Computational reversal candidate for further investigation.,899
menadione,-0.002762000885550461,11,13,11,13,0.8461538461538461,0.3564356435643564,0.7136312778399375,4.538461538461538,Computational reversal candidate for further investigation.,900
zolantidine dimaleate,-0.0027496440929141216,1,1,1,1,1.0,0.3465346534653465,0.7112481739977277,4.0,Computational reversal candidate for further investigation.,901
ncgc00184830-01,-0.0027466491448968388,4,5,4,5,0.8,0.37623762376237624,0.7337219703278739,3.8,Computational reversal candidate for further investigation.,902
hdac6 inhibitor isox,-0.002739907204979606,20,35,20,35,0.5714285714285714,0.2871287128712871,0.6504556366372463,5.371428571428571,Computational reversal candidate for further investigation.,903
BRD-K82837433,-0.0026771918205642335,2,3,2,3,0.6666666666666666,0.33663366336633666,0.7008847226186034,3.0,Computational reversal candidate for further investigation.,904
linsitinib,-0.002652717423812117,12,21,12,21,0.5714285714285714,0.10891089108910891,0.4098890851008949,5.0476190476190474,Computational reversal candidate for further investigation.,905
ncgc00165199-01,-0.0026431765782516455,3,4,3,4,0.75,0.27722772277227725,0.6427576090942428,3.75,Computational reversal candidate for further investigation.,906
s2001,-0.0026325670364551203,1,1,1,1,1.0,0.38613861386138615,0.7384606077715715,3.0,Computational reversal candidate for further investigation.,907
teniposide,-0.002625756840918023,18,26,19,27,0.6923076923076923,0.32673267326732675,0.6902181781732729,4.518518518518518,Computational reversal candidate for further investigation.,908
belinostat,-0.002623867131303043,19,38,19,38,0.5,0.32673267326732675,0.6902181781732729,7.868421052631579,Computational reversal candidate for further investigation.,909
GSK-1059615,-0.002586548653045153,32,62,71,149,0.5161290322580645,0.13861386138613863,0.44574799945748006,6.7114093959731544,Computational reversal candidate for further investigation.,910
dabrafenib,-0.0025834635218547554,13,26,13,26,0.5,0.21782178217821782,0.569734410766982,6.576923076923077,Computational reversal candidate for further investigation.,911
BRD-K78385490,-0.0025563363054267748,4,6,4,6,0.6666666666666666,0.37623762376237624,0.7337219703278739,5.333333333333333,Computational reversal candidate for further investigation.,912
fluocinonide,-0.0025479770521158913,2,2,2,2,1.0,0.39603960396039606,0.7474998756157023,3.0,Computational reversal candidate for further investigation.,913
BRD-K02113016,-0.0025456336125051363,2,3,2,3,0.6666666666666666,0.3465346534653465,0.7112481739977277,4.0,Computational reversal candidate for further investigation.,914
BRD-K96704748,-0.0025456336125051363,1,1,1,1,1.0,0.3564356435643564,0.7136312778399375,3.0,Computational reversal candidate for further investigation.,915
aminopurvalanol a,-0.002522857534806339,7,9,7,9,0.7777777777777778,0.32673267326732675,0.6902181781732729,4.222222222222222,Computational reversal candidate for further investigation.,916
avermectin b1a,-0.002522857534806339,1,1,1,1,1.0,0.4752475247524752,0.8248750937940375,3.0,Computational reversal candidate for further investigation.,917
t5212475,-0.0024997127606884557,4,7,5,8,0.5714285714285714,0.36633663366336633,0.7241896821261073,4.0,Computational reversal candidate for further investigation.,918
THZ-2-98-01,-0.0024853205294108754,7,13,7,13,0.5384615384615384,0.13861386138613863,0.44574799945748006,5.076923076923077,Computational reversal candidate for further investigation.,919
hy-11068,-0.0024615278681181622,2,2,2,2,1.0,0.4158415841584158,0.7663891021094258,4.5,Computational reversal candidate for further investigation.,920
JWE-035,-0.0024436500350913937,9,17,9,17,0.5294117647058824,0.2376237623762376,0.5966008365542437,7.176470588235294,Computational reversal candidate for further investigation.,921
bms-536924,-0.0024412773754717574,5,7,5,7,0.7142857142857143,0.33663366336633666,0.7008847226186034,5.285714285714286,Computational reversal candidate for further investigation.,922
BRD-K68191783,-0.002422332307853083,1,1,1,1,1.0,0.42574257425742573,0.7740024728513509,3.0,Computational reversal candidate for further investigation.,923
BRD-K83972459,-0.0024061586132664106,7,10,7,10,0.7,0.27722772277227725,0.6427576090942428,4.5,Computational reversal candidate for further investigation.,924
BRD-A49848186,-0.002397598039172838,2,4,2,4,0.5,0.43564356435643564,0.7829077644606566,4.75,Computational reversal candidate for further investigation.,925
4-aminosalicylic acid,-0.002389003720167586,1,1,1,1,1.0,0.3564356435643564,0.7136312778399375,3.0,Computational reversal candidate for further investigation.,926
s1205,-0.0023861171106108383,6,10,6,10,0.6,0.31683168316831684,0.6776878143395205,4.6,Computational reversal candidate for further investigation.,927
BRD-K85318537 (obaa),-0.002375718897991926,1,1,1,1,1.0,0.4158415841584158,0.7663891021094258,4.0,Computational reversal candidate for further investigation.,928
tetrindole mesylate,-0.0023666883557505068,3,5,3,5,0.6,0.38613861386138615,0.7384606077715715,3.8,Computational reversal candidate for further investigation.,929
vidarabine,-0.0023158043879158265,1,1,1,1,1.0,0.32673267326732675,0.6902181781732729,3.0,Computational reversal candidate for further investigation.,930
rimcazole dihydrochloride,-0.0023149779532229643,2,3,2,3,0.6666666666666666,0.26732673267326734,0.6283349236050013,4.0,Computational reversal candidate for further investigation.,931
m9948,-0.002310550951808034,1,1,1,1,1.0,0.4752475247524752,0.8248750937940375,3.0,Computational reversal candidate for further investigation.,932
BRD-K50234570,-0.0023033450667243444,4,6,4,6,0.6666666666666666,0.39603960396039606,0.7474998756157023,3.5,Computational reversal candidate for further investigation.,933
wr 216174,-0.0022709684536635997,1,1,1,1,1.0,0.45544554455445546,0.8023702933145097,6.0,Computational reversal candidate for further investigation.,934
flecainide acetate,-0.0022690176785872987,1,2,1,2,0.5,0.2871287128712871,0.6504556366372463,3.0,Computational reversal candidate for further investigation.,935
epirubicin hydrochloride,-0.002268479849856185,6,9,8,11,0.6666666666666666,0.27722772277227725,0.6427576090942428,5.090909090909091,Computational reversal candidate for further investigation.,936
rocilinostat,-0.002254292351357782,8,14,8,14,0.5714285714285714,0.297029702970297,0.656260920209668,5.571428571428571,Computational reversal candidate for further investigation.,937
BRD-K11671649,-0.0022218409024612282,1,1,1,1,1.0,0.36633663366336633,0.7241896821261073,4.0,Computational reversal candidate for further investigation.,938
ag 592,-0.002211806815188693,5,8,5,8,0.625,0.42574257425742573,0.7740024728513509,5.0,Computational reversal candidate for further investigation.,939
a8674,-0.0021889729179361598,3,3,3,3,1.0,0.36633663366336633,0.7241896821261073,4.333333333333333,Computational reversal candidate for further investigation.,940
irinotecan hydrochloride trihydrate,-0.002178426201764903,3,5,3,5,0.6,0.39603960396039606,0.7474998756157023,6.2,Computational reversal candidate for further investigation.,941
BRD-K36055864 (cycloheximide),-0.002176818854094642,4,7,4,7,0.5714285714285714,0.42574257425742573,0.7740024728513509,4.571428571428571,Computational reversal candidate for further investigation.,942
mitoxantrone dihydrochloride,-0.002176504168051225,6,11,9,15,0.5454545454545454,0.3069306930693069,0.6671479647964796,4.666666666666667,Computational reversal candidate for further investigation.,943
fu jmbii105b,-0.002176266555509821,1,1,1,1,1.0,0.40594059405940597,0.754808352122341,4.0,Computational reversal candidate for further investigation.,944
BRD-K44241590,-0.002143547775364264,1,1,1,1,1.0,0.3465346534653465,0.7112481739977277,3.0,Computational reversal candidate for further investigation.,945
ncgc00166395-02,-0.00213301257838169,1,2,1,2,0.5,0.504950495049505,0.8558637452192873,3.5,Computational reversal candidate for further investigation.,946
BRD-K53903639,-0.0021039414200323837,11,20,11,20,0.55,0.27722772277227725,0.6427576090942428,4.15,Computational reversal candidate for further investigation.,947
BRD-K39757396,-0.0021035923411665044,1,1,1,1,1.0,0.49504950495049505,0.8459535671492535,5.0,Computational reversal candidate for further investigation.,948
cot-10b,-0.0020887460465920703,15,27,15,27,0.5555555555555556,0.2871287128712871,0.6504556366372463,4.481481481481482,Computational reversal candidate for further investigation.,949
lylamine hydrochloride,-0.0020840343553220377,4,7,4,7,0.5714285714285714,0.26732673267326734,0.6283349236050013,3.857142857142857,Computational reversal candidate for further investigation.,950
s1057,-0.0020840343553220377,7,11,7,11,0.6363636363636364,0.31683168316831684,0.6776878143395205,4.2727272727272725,Computational reversal candidate for further investigation.,951
BRD-K06666320,-0.0020817232483499194,4,7,4,7,0.5714285714285714,0.39603960396039606,0.7474998756157023,4.714285714285714,Computational reversal candidate for further investigation.,952
methyl benzethonium chloride,-0.002080928077700229,1,1,1,1,1.0,0.40594059405940597,0.754808352122341,7.0,Computational reversal candidate for further investigation.,953
BRD-K05649647,-0.002076645454638587,5,10,5,10,0.5,0.36633663366336633,0.7241896821261073,4.1,Computational reversal candidate for further investigation.,954
BRD-K23673040,-0.002049381070611321,2,3,2,3,0.6666666666666666,0.40594059405940597,0.754808352122341,3.6666666666666665,Computational reversal candidate for further investigation.,955
GSK-J2,-0.0020276072176288124,3,5,3,5,0.6,0.2079207920792079,0.5594201253936282,4.4,Computational reversal candidate for further investigation.,956
"ici 192,605",-0.002013799002874574,1,1,1,1,1.0,0.49504950495049505,0.8459535671492535,3.0,Computational reversal candidate for further investigation.,957
BRD-K66792149,-0.002006825909223403,6,10,6,10,0.6,0.43564356435643564,0.7829077644606566,4.7,Computational reversal candidate for further investigation.,958
BRD-K19724398,-0.0020010605791874678,4,8,4,8,0.5,0.24752475247524752,0.6044882771762221,3.875,Computational reversal candidate for further investigation.,959
stock1n-27488,-0.0019834777488786375,4,8,4,9,0.5,0.37623762376237624,0.7337219703278739,4.0,Computational reversal candidate for further investigation.,960
mitomycin c,-0.001981880130106106,5,9,5,9,0.5555555555555556,0.40594059405940597,0.754808352122341,5.444444444444445,Computational reversal candidate for further investigation.,961
malonoben,-0.0019762966038422394,5,10,5,10,0.5,0.27722772277227725,0.6427576090942428,4.9,Computational reversal candidate for further investigation.,962
ag 555,-0.0019663512981871615,2,3,2,3,0.6666666666666666,0.32673267326732675,0.6902181781732729,4.0,Computational reversal candidate for further investigation.,963
toltrazuril,-0.0019629848522705897,1,1,1,1,1.0,0.46534653465346537,0.8137065103158362,3.0,Computational reversal candidate for further investigation.,964
purvalanol a,-0.0019624412746407655,4,7,4,7,0.5714285714285714,0.3564356435643564,0.7136312778399375,4.285714285714286,Computational reversal candidate for further investigation.,965
s1122,-0.0019509152473041538,3,5,3,5,0.6,0.38613861386138615,0.7384606077715715,4.6,Computational reversal candidate for further investigation.,966
BRD-K40175214,-0.0019339714925755542,4,8,4,8,0.5,0.3564356435643564,0.7136312778399375,3.625,Computational reversal candidate for further investigation.,967
halcinonide,-0.0019288600379983993,1,2,1,2,0.5,0.3564356435643564,0.7136312778399375,3.5,Computational reversal candidate for further investigation.,968
MK-1775,-0.001908041997516249,8,14,8,14,0.5714285714285714,0.297029702970297,0.656260920209668,7.0,Computational reversal candidate for further investigation.,969
CYT387,-0.0018482486082430924,11,21,11,21,0.5238095238095238,0.1782178217821782,0.5181007264813169,5.142857142857143,Computational reversal candidate for further investigation.,970
BRD-K52522949,-0.0018379990569198541,5,7,5,7,0.7142857142857143,0.297029702970297,0.656260920209668,4.571428571428571,Computational reversal candidate for further investigation.,971
k784-3131,-0.0018196799270653458,6,11,8,14,0.5454545454545454,0.4158415841584158,0.7663891021094258,4.714285714285714,Computational reversal candidate for further investigation.,972
"l-733,060 hydrochloride",-0.0018105647002029253,1,2,1,2,0.5,0.3465346534653465,0.7112481739977277,3.0,Computational reversal candidate for further investigation.,973
nizatidine,-0.0017743123504220491,1,2,1,2,0.5,0.39603960396039606,0.7474998756157023,3.0,Computational reversal candidate for further investigation.,974
BRD-K02216544,-0.0017717451428031256,1,2,1,2,0.5,0.3465346534653465,0.7112481739977277,3.0,Computational reversal candidate for further investigation.,975
dmp 543,-0.0017656462194991646,1,1,1,1,1.0,0.43564356435643564,0.7829077644606566,3.0,Computational reversal candidate for further investigation.,976
pp-30,-0.0017608596259757131,6,9,6,9,0.6666666666666666,0.2871287128712871,0.6504556366372463,4.0,Computational reversal candidate for further investigation.,977
probucol,-0.0017118715365410818,1,1,1,1,1.0,0.3564356435643564,0.7136312778399375,4.0,Computational reversal candidate for further investigation.,978
ncgc00183226-01,-0.0017023039763745832,1,2,1,2,0.5,0.38613861386138615,0.7384606077715715,3.5,Computational reversal candidate for further investigation.,979
t5345967,-0.001701013723084054,1,1,1,1,1.0,0.4158415841584158,0.7663891021094258,4.0,Computational reversal candidate for further investigation.,980
"l-701,252",-0.001694748399856309,1,1,1,1,1.0,0.42574257425742573,0.7740024728513509,3.0,Computational reversal candidate for further investigation.,981
XMD-1150,-0.0016779236519503145,19,37,19,37,0.5135135135135135,0.24752475247524752,0.6044882771762221,7.594594594594595,Computational reversal candidate for further investigation.,982
BRD-K63979920,-0.0016759139887104141,1,1,1,1,1.0,0.36633663366336633,0.7241896821261073,3.0,Computational reversal candidate for further investigation.,983
alclometazone dipropionate,-0.0016488602588403288,1,1,1,1,1.0,0.3465346534653465,0.7112481739977277,6.0,Computational reversal candidate for further investigation.,984
a-1065,-0.0016341618984907595,2,3,2,3,0.6666666666666666,0.3564356435643564,0.7136312778399375,4.0,Computational reversal candidate for further investigation.,985
BRD-K72615639,-0.0016066588766676763,2,3,2,3,0.6666666666666666,0.38613861386138615,0.7384606077715715,4.666666666666667,Computational reversal candidate for further investigation.,986
AS-601245,-0.0016004097075125933,21,38,21,38,0.5526315789473685,0.19801980198019803,0.5476895259481765,5.7631578947368425,Computational reversal candidate for further investigation.,987
azd8055,-0.0015990615829042038,10,20,10,20,0.5,0.31683168316831684,0.6776878143395205,4.65,Computational reversal candidate for further investigation.,988
testosterone,-0.0015980829132666114,1,1,2,2,1.0,0.42574257425742573,0.7740024728513509,4.0,Computational reversal candidate for further investigation.,989
BRD-K13665914,-0.0015905808309362949,1,1,1,1,1.0,0.43564356435643564,0.7829077644606566,4.0,Computational reversal candidate for further investigation.,990
ncgc00229600-01,-0.001547034839355197,1,1,1,1,1.0,0.297029702970297,0.656260920209668,4.0,Computational reversal candidate for further investigation.,991
BRD-K00824317 (flurandrenolide),-0.001531326042035467,1,1,1,1,1.0,0.38613861386138615,0.7384606077715715,3.0,Computational reversal candidate for further investigation.,992
BRD-K28120860,-0.001518453455962211,1,1,1,1,1.0,0.2376237623762376,0.5966008365542437,3.0,Computational reversal candidate for further investigation.,993
BRD-K32536677,-0.0014871622453375777,1,1,1,1,1.0,0.42574257425742573,0.7740024728513509,6.0,Computational reversal candidate for further investigation.,994
BRD-K14681867,-0.0014771156110282126,1,1,1,1,1.0,0.36633663366336633,0.7241896821261073,4.0,Computational reversal candidate for further investigation.,995
BRD-K78633253,-0.0014725775328280578,1,1,1,1,1.0,0.4752475247524752,0.8248750937940375,4.0,Computational reversal candidate for further investigation.,996
ALW-II-38-3,-0.0014632675211270554,6,12,6,12,0.5,0.22772277227722773,0.5826476380608088,4.916666666666667,Computational reversal candidate for further investigation.,997
fenbendazole,-0.0014488875389840846,2,4,2,4,0.5,0.2376237623762376,0.5966008365542437,4.0,Computational reversal candidate for further investigation.,998
ei-247,-0.0014292636130555864,1,1,1,1,1.0,0.49504950495049505,0.8459535671492535,5.0,Computational reversal candidate for further investigation.,999
methylandrostenediol,-0.0014124430937492065,1,1,1,1,1.0,0.37623762376237624,0.7337219703278739,6.0,Computational reversal candidate for further investigation.,1000
BRD-K53423944,-0.001378772760437818,3,5,3,5,0.6,0.37623762376237624,0.7337219703278739,3.8,Computational reversal candidate for further investigation.,1001
bl-077,-0.0013753368623330778,1,2,1,2,0.5,0.40594059405940597,0.754808352122341,5.0,Computational reversal candidate for further investigation.,1002
stk249718,-0.0013620552059890774,2,3,2,3,0.6666666666666666,0.40594059405940597,0.754808352122341,3.3333333333333335,Computational reversal candidate for further investigation.,1003
a-275,-0.0013581924752199765,2,4,2,4,0.5,0.45544554455445546,0.8023702933145097,4.75,Computational reversal candidate for further investigation.,1004
quinacrine dihydrochloride dihydrate,-0.00135397035839149,11,20,14,23,0.55,0.36633663366336633,0.7241896821261073,4.739130434782608,Computational reversal candidate for further investigation.,1005
BRD-K89451433,-0.0013386687976488926,1,1,1,1,1.0,0.2871287128712871,0.6504556366372463,3.0,Computational reversal candidate for further investigation.,1006
cercosporin,-0.001273753468279814,5,9,5,9,0.5555555555555556,0.3564356435643564,0.7136312778399375,6.111111111111111,Computational reversal candidate for further investigation.,1007
daunorubicin,-0.0012245269732851453,6,10,7,11,0.6,0.38613861386138615,0.7384606077715715,4.909090909090909,Computational reversal candidate for further investigation.,1008
BIX-01294,-0.0012200520581614194,3,5,3,5,0.6,0.27722772277227725,0.6427576090942428,6.8,Computational reversal candidate for further investigation.,1009
hexylcaine hydrochloride,-0.0011738212760468237,1,1,1,1,1.0,0.33663366336633666,0.7008847226186034,3.0,Computational reversal candidate for further investigation.,1010
BRD-K34387287,-0.001163963337553836,1,1,1,1,1.0,0.5247524752475248,0.8744322524532844,4.0,Computational reversal candidate for further investigation.,1011
GSK-461364,-0.0011574096536763924,13,25,13,25,0.52,0.2079207920792079,0.5594201253936282,5.04,Computational reversal candidate for further investigation.,1012
capsazepine,-0.0011475471806535464,1,1,1,1,1.0,0.37623762376237624,0.7337219703278739,4.0,Computational reversal candidate for further investigation.,1013
BRD-K20401833,-0.001146132230195239,1,1,1,1,1.0,0.42574257425742573,0.7740024728513509,5.0,Computational reversal candidate for further investigation.,1014
syk inhibitor,-0.0011103122604494853,1,1,1,1,1.0,0.46534653465346537,0.8137065103158362,3.0,Computational reversal candidate for further investigation.,1015
BRD-K13810148,-0.0011071348986119761,2,4,2,4,0.5,0.42574257425742573,0.7740024728513509,7.5,Computational reversal candidate for further investigation.,1016
BRD-K22546959,-0.001104769928573203,1,2,1,2,0.5,0.3564356435643564,0.7136312778399375,3.5,Computational reversal candidate for further investigation.,1017
MGCD-265,-0.0010956756229989484,2,3,2,3,0.6666666666666666,0.39603960396039606,0.7474998756157023,4.0,Computational reversal candidate for further investigation.,1018
chelerythrine chloride,-0.001092575278290344,5,9,5,9,0.5555555555555556,0.33663366336633666,0.7008847226186034,5.222222222222222,Computational reversal candidate for further investigation.,1019
vu0418934-2,-0.0010883194367298224,3,5,3,5,0.6,0.46534653465346537,0.8137065103158362,4.0,Computational reversal candidate for further investigation.,1020
rhamnetin,-0.0010859217427687511,1,1,1,1,1.0,0.43564356435643564,0.7829077644606566,4.0,Computational reversal candidate for further investigation.,1021
skatole,-0.0010728891850177178,1,1,1,1,1.0,0.43564356435643564,0.7829077644606566,4.0,Computational reversal candidate for further investigation.,1022
npc 15199,-0.0010519922663577552,1,1,1,1,1.0,0.38613861386138615,0.7384606077715715,4.0,Computational reversal candidate for further investigation.,1023
ncgc00183415-01,-0.0010388020656663484,1,1,1,1,1.0,0.26732673267326734,0.6283349236050013,4.0,Computational reversal candidate for further investigation.,1024
ncgc00182371-01,-0.0010368065925779252,3,6,3,6,0.5,0.46534653465346537,0.8137065103158362,4.5,Computational reversal candidate for further investigation.,1025
phosphodiesterase v inhibitor ii,-0.0010333106627192874,1,1,1,1,1.0,0.42574257425742573,0.7740024728513509,3.0,Computational reversal candidate for further investigation.,1026
anisomycin,-0.001026375652452617,6,12,6,12,0.5,0.5742574257425742,0.9209696375273735,5.75,Computational reversal candidate for further investigation.,1027
s1003,-0.0010116199282198227,4,8,4,8,0.5,0.38613861386138615,0.7384606077715715,4.375,Computational reversal candidate for further investigation.,1028
ncgc00183412-01,-0.0010088520850734016,1,2,1,2,0.5,0.5445544554455446,0.8970818134445024,3.0,Computational reversal candidate for further investigation.,1029
z-leu3-vs,-0.0009918998045977566,2,2,2,2,1.0,0.40594059405940597,0.754808352122341,5.0,Computational reversal candidate for further investigation.,1030
benazepril hydrochloride,-0.0009819641886421146,1,1,1,1,1.0,0.38613861386138615,0.7384606077715715,3.0,Computational reversal candidate for further investigation.,1031
nitazoxanide,-0.0009810297363682966,1,1,1,1,1.0,0.45544554455445546,0.8023702933145097,5.0,Computational reversal candidate for further investigation.,1032
PF 573228,-0.0009702215154910312,3,6,3,6,0.5,0.38613861386138615,0.7384606077715715,5.5,Computational reversal candidate for further investigation.,1033
"chrysene-1,4-quinone",-0.0009581572276596601,1,2,1,2,0.5,0.5445544554455446,0.8970818134445024,5.0,Computational reversal candidate for further investigation.,1034
BRD-K15563106,-0.000935931478391154,9,14,9,14,0.6428571428571429,0.38613861386138615,0.7384606077715715,4.5,Computational reversal candidate for further investigation.,1035
BRD-A50774520,-0.0009291363915892338,2,4,2,4,0.5,0.49504950495049505,0.8459535671492535,3.25,Computational reversal candidate for further investigation.,1036
sb 225002,-0.0009223419912875643,3,5,3,5,0.6,0.3564356435643564,0.7136312778399375,3.6,Computational reversal candidate for further investigation.,1037
w-13 hydrochloride,-0.0009189155914236724,1,1,1,1,1.0,0.40594059405940597,0.754808352122341,3.0,Computational reversal candidate for further investigation.,1038
BRD-K61341215,-0.0009106052722466507,1,1,1,1,1.0,0.42574257425742573,0.7740024728513509,3.0,Computational reversal candidate for further investigation.,1039
pterostilbene,-0.0009069106841561696,1,1,1,1,1.0,0.48514851485148514,0.8351135755188718,3.0,Computational reversal candidate for further investigation.,1040
BX-795,-0.0008824825667395418,5,8,5,8,0.625,0.40594059405940597,0.754808352122341,4.625,Computational reversal candidate for further investigation.,1041
"n,n-hexamethyleneamiloride",-0.0008817499650655616,1,1,1,1,1.0,0.45544554455445546,0.8023702933145097,5.0,Computational reversal candidate for further investigation.,1042
BRD-K59470558,-0.0008786736685701948,1,1,1,1,1.0,0.39603960396039606,0.7474998756157023,6.0,Computational reversal candidate for further investigation.,1043
BRD-K93578426,-0.0008784038607988491,1,2,1,2,0.5,0.4752475247524752,0.8248750937940375,3.5,Computational reversal candidate for further investigation.,1044
cccp,-0.0008495817341001989,3,6,3,6,0.5,0.45544554455445546,0.8023702933145097,4.666666666666667,Computational reversal candidate for further investigation.,1045
BRD-A36630025,-0.0008492901106194263,16,30,16,30,0.5333333333333333,0.3564356435643564,0.7136312778399375,4.633333333333334,Computational reversal candidate for further investigation.,1046
ncgc00182390-01,-0.0008461063306494502,1,2,1,2,0.5,0.45544554455445546,0.8023702933145097,3.0,Computational reversal candidate for further investigation.,1047
TG-101348,-0.0008407030360639222,20,39,20,39,0.5128205128205128,0.19801980198019803,0.5476895259481765,8.153846153846153,Computational reversal candidate for further investigation.,1048
m-3m3fbs,-0.0008071581271168748,4,7,4,7,0.5714285714285714,0.39603960396039606,0.7474998756157023,3.857142857142857,Computational reversal candidate for further investigation.,1049
parthenolide,-0.0008004331230548633,22,41,23,43,0.5365853658536586,0.44554455445544555,0.7923604860486049,4.232558139534884,Computational reversal candidate for further investigation.,1050
olvanil,-0.0007999631047047751,1,1,1,1,1.0,0.49504950495049505,0.8459535671492535,5.0,Computational reversal candidate for further investigation.,1051
zm 306416 hydrochloride,-0.0007973592048222313,1,1,1,1,1.0,0.43564356435643564,0.7829077644606566,3.0,Computational reversal candidate for further investigation.,1052
CGP-60474,-0.0007919861530895143,70,132,160,295,0.5303030303030303,0.44554455445544555,0.7923604860486049,7.884745762711864,Computational reversal candidate for further investigation.,1053
mk-0591,-0.0007807152620017159,7,13,7,13,0.5384615384615384,0.40594059405940597,0.754808352122341,4.230769230769231,Computational reversal candidate for further investigation.,1054
mln2238,-0.0007680311388486242,11,19,11,19,0.5789473684210527,0.44554455445544555,0.7923604860486049,4.421052631578948,Computational reversal candidate for further investigation.,1055
masitinib,-0.0007666420162110114,1,2,1,2,0.5,0.45544554455445546,0.8023702933145097,3.0,Computational reversal candidate for further investigation.,1056
wortmannin,-0.0007639127908432458,14,26,44,92,0.5384615384615384,0.3564356435643564,0.7136312778399375,4.663043478260869,Computational reversal candidate for further investigation.,1057
BRD-K69852452,-0.0007620431377101662,6,12,9,17,0.5,0.5148514851485149,0.8632956152758133,4.823529411764706,Computational reversal candidate for further investigation.,1058
pi 103 hydrochloride,-0.0007576242926114066,5,7,5,7,0.7142857142857143,0.44554455445544555,0.7923604860486049,4.428571428571429,Computational reversal candidate for further investigation.,1059
PF-431396,-0.0007549804206416991,19,36,19,36,0.5277777777777778,0.297029702970297,0.656260920209668,6.333333333333333,Computational reversal candidate for further investigation.,1060
sb 221284,-0.0007285016257792109,1,1,1,1,1.0,0.38613861386138615,0.7384606077715715,3.0,Computational reversal candidate for further investigation.,1061
digitoxigenin,-0.0007181118955740709,5,8,5,8,0.625,0.45544554455445546,0.8023702933145097,6.125,Computational reversal candidate for further investigation.,1062
bjm-ctd2-9,-0.0007148194468220804,12,23,12,23,0.5217391304347826,0.45544554455445546,0.8023702933145097,4.869565217391305,Computational reversal candidate for further investigation.,1063
BRD-K06217810,-0.0007051794381626761,1,1,1,1,1.0,0.42574257425742573,0.7740024728513509,5.0,Computational reversal candidate for further investigation.,1064
s1130,-0.0006776332707634052,2,4,2,4,0.5,0.5643564356435643,0.915251628789822,3.25,Computational reversal candidate for further investigation.,1065
budesonide,-0.0006740464132082337,1,2,1,2,0.5,0.40594059405940597,0.754808352122341,4.0,Computational reversal candidate for further investigation.,1066
BRD-A51777634,-0.0006591800855281103,4,8,4,8,0.5,0.46534653465346537,0.8137065103158362,4.25,Computational reversal candidate for further investigation.,1067
c3393m50,-0.0006524039040782001,2,4,2,4,0.5,0.38613861386138615,0.7384606077715715,3.75,Computational reversal candidate for further investigation.,1068
t6094031,-0.0006518651249895462,1,1,1,1,1.0,0.3465346534653465,0.7112481739977277,3.0,Computational reversal candidate for further investigation.,1069
gr-109,-0.0006501426435873208,1,2,1,2,0.5,0.504950495049505,0.8558637452192873,4.0,Computational reversal candidate for further investigation.,1070
curcubitacin i,-0.0006026938292300115,14,28,14,28,0.5,0.5445544554455446,0.8970818134445024,5.25,Computational reversal candidate for further investigation.,1071
pdgf receptor tyrosine kinase inhibitor i,-0.0005935375779023387,1,2,1,2,0.5,0.5643564356435643,0.915251628789822,3.5,Computational reversal candidate for further investigation.,1072
stock3s-04022,-0.0005869347446980531,1,2,1,2,0.5,0.5742574257425742,0.9209696375273735,3.0,Computational reversal candidate for further investigation.,1073
purmorphamine,-0.0005582376601499361,1,1,1,1,1.0,0.44554455445544555,0.7923604860486049,5.0,Computational reversal candidate for further investigation.,1074
azacytidine-5,-0.0005054279650237728,1,1,1,1,1.0,0.46534653465346537,0.8137065103158362,5.0,Computational reversal candidate for further investigation.,1075
BMS-387032,-0.0005026116811633692,45,90,45,90,0.5,0.42574257425742573,0.7740024728513509,7.533333333333333,Computational reversal candidate for further investigation.,1076
BRD-K96352593,-0.0004998145571104597,1,1,1,1,1.0,0.37623762376237624,0.7337219703278739,3.0,Computational reversal candidate for further investigation.,1077
Y-39983,-0.0004977613231210839,10,19,10,19,0.5263157894736842,0.33663366336633666,0.7008847226186034,5.684210526315789,Computational reversal candidate for further investigation.,1078
BRD-K71935468,-0.000493199970031802,1,2,1,2,0.5,0.37623762376237624,0.7337219703278739,3.5,Computational reversal candidate for further investigation.,1079
ym-155,-0.00048537609783547197,9,18,9,18,0.5,0.5148514851485149,0.8632956152758133,4.555555555555555,Computational reversal candidate for further investigation.,1080
beclomethasone,-0.00047825609612643736,1,1,1,1,1.0,0.44554455445544555,0.7923604860486049,4.0,Computational reversal candidate for further investigation.,1081
BRD-K06765193,-0.00047601829715722974,2,4,3,5,0.5,0.5346534653465347,0.8893527085215165,4.6,Computational reversal candidate for further investigation.,1082
everolimus,-0.0004637119646864491,7,14,7,14,0.5,0.26732673267326734,0.6283349236050013,4.714285714285714,Computational reversal candidate for further investigation.,1083
trap 101,-0.0004380407317626598,1,2,1,2,0.5,0.504950495049505,0.8558637452192873,3.0,Computational reversal candidate for further investigation.,1084
BRD-K94390040,-0.00042712533424699856,1,2,1,2,0.5,0.46534653465346537,0.8137065103158362,3.5,Computational reversal candidate for further investigation.,1085
sericetin dimethyl ether,-0.00042216578660506446,1,1,1,1,1.0,0.36633663366336633,0.7241896821261073,4.0,Computational reversal candidate for further investigation.,1086
methoxsalen,-0.00040687418460894683,1,1,1,1,1.0,0.5346534653465347,0.8893527085215165,4.0,Computational reversal candidate for further investigation.,1087
thm-i-94,-0.0003907989821476986,10,17,10,17,0.5882352941176471,0.4158415841584158,0.7663891021094258,5.647058823529412,Computational reversal candidate for further investigation.,1088
elesclomol,-0.0003709987796996087,2,4,2,4,0.5,0.5742574257425742,0.9209696375273735,6.0,Computational reversal candidate for further investigation.,1089
ei-293,-0.00035321578227114113,3,6,3,6,0.5,0.40594059405940597,0.754808352122341,5.5,Computational reversal candidate for further investigation.,1090
s1152,-0.00033504710127201746,1,1,1,1,1.0,0.46534653465346537,0.8137065103158362,4.0,Computational reversal candidate for further investigation.,1091
ncgc00183696-01,-0.00032304916336148054,3,6,3,6,0.5,0.5148514851485149,0.8632956152758133,5.166666666666667,Computational reversal candidate for further investigation.,1092
BRD-K04923131,-0.00031022104661163844,2,3,2,3,0.6666666666666666,0.4158415841584158,0.7663891021094258,3.3333333333333335,Computational reversal candidate for further investigation.,1093
LDN-193189,-0.0003052734546916333,14,27,14,27,0.5185185185185185,0.297029702970297,0.656260920209668,7.222222222222222,Computational reversal candidate for further investigation.,1094
etoposide,-0.0002988359669592604,3,6,4,7,0.5,0.504950495049505,0.8558637452192873,4.285714285714286,Computational reversal candidate for further investigation.,1095
"l-ornithine, n5-[imino(methylamino)methyl]-[cas]",-0.00028361349920674045,1,1,1,1,1.0,0.5445544554455446,0.8970818134445024,5.0,Computational reversal candidate for further investigation.,1096
importazole,-0.0002784609280720783,12,22,12,22,0.5454545454545454,0.48514851485148514,0.8351135755188718,5.363636363636363,Computational reversal candidate for further investigation.,1097
manumycin a,-0.00024374745313710824,16,30,20,35,0.5333333333333333,0.5247524752475248,0.8744322524532844,4.628571428571429,Computational reversal candidate for further investigation.,1098
rg 108,-0.00023436251322364078,1,2,1,2,0.5,0.44554455445544555,0.7923604860486049,4.5,Computational reversal candidate for further investigation.,1099
isoeugenitol,-0.00022915368767652006,1,1,1,1,1.0,0.5544554455445545,0.9062378822738671,4.0,Computational reversal candidate for further investigation.,1100
h-9 dihydrochloride,-0.0002194946626252834,2,4,2,4,0.5,0.49504950495049505,0.8459535671492535,3.75,Computational reversal candidate for further investigation.,1101
BRD-K05153001,-0.00019265831018898307,3,5,3,5,0.6,0.4752475247524752,0.8248750937940375,4.4,Computational reversal candidate for further investigation.,1102
chemistry 2804,-0.00017308310927701548,17,34,17,34,0.5,0.504950495049505,0.8558637452192873,4.852941176470588,Computational reversal candidate for further investigation.,1103
tocainide hydrochloride,-9.690788897790976e-05,1,1,1,1,1.0,0.44554455445544555,0.7923604860486049,4.0,Computational reversal candidate for further investigation.,1104
terconazole,-9.091767561073341e-05,1,1,1,1,1.0,0.48514851485148514,0.8351135755188718,4.0,Computational reversal candidate for further investigation.,1105
s1018,-8.260948500154932e-05,1,2,1,2,0.5,0.5148514851485149,0.8632956152758133,3.0,Computational reversal candidate for further investigation.,1106
calcitriol,-7.978088335032149e-05,2,3,2,3,0.6666666666666666,0.32673267326732675,0.6902181781732729,3.6666666666666665,Computational reversal candidate for further investigation.,1107
BRD-K05549170,-4.59167183675278e-05,1,1,1,1,1.0,0.49504950495049505,0.8459535671492535,8.0,Computational reversal candidate for further investigation.,1108
deoxycorticosterone,-4.0839382588792224e-05,1,1,1,1,1.0,0.39603960396039606,0.7474998756157023,3.0,Computational reversal candidate for further investigation.,1109
withaferin-a,-3.9897631294727974e-05,26,52,34,73,0.5,0.43564356435643564,0.7829077644606566,6.561643835616438,Computational reversal candidate for further investigation.,1110
pha 665752,-2.0057477310054736e-05,1,1,1,1,1.0,0.40594059405940597,0.754808352122341,3.0,Computational reversal candidate for further investigation.,1111
BRD-K32238524,2.8249555933121742e-06,0,1,0,1,0.0,0.5148514851485149,0.8632956152758133,4.0,No aggregate reversal under this configuration.,1112
e3380,1.786251879725884e-05,2,4,2,4,0.5,0.4752475247524752,0.8248750937940375,3.75,No aggregate reversal under this configuration.,1113
BRD-K08448573,2.717559106472575e-05,2,4,2,4,0.5,0.5742574257425742,0.9209696375273735,3.5,No aggregate reversal under this configuration.,1114
sulfaguanidine,4.448649021710849e-05,0,1,0,1,0.0,0.5742574257425742,0.9209696375273735,4.0,No aggregate reversal under this configuration.,1115
bntx maleate,8.241863962192217e-05,5,10,5,10,0.5,0.5445544554455446,0.8970818134445024,4.4,No aggregate reversal under this configuration.,1116
ncgc00242340-01,9.446300576693763e-05,1,2,1,2,0.5,0.594059405940594,0.9367284335486444,5.5,No aggregate reversal under this configuration.,1117
doxorubicin hydrochloride,9.911786298379682e-05,4,9,4,11,0.4444444444444444,0.5247524752475248,0.8744322524532844,4.545454545454546,No aggregate reversal under this configuration.,1118
mls-0435555.0001,0.0001261922112815693,0,1,0,1,0.0,0.6039603960396039,0.9436253109503961,4.0,No aggregate reversal under this configuration.,1119
ag 18,0.00012649428680674263,1,2,1,2,0.5,0.5643564356435643,0.915251628789822,7.0,No aggregate reversal under this configuration.,1120
cyclopiazonic acid,0.00013940988474527884,1,3,1,3,0.3333333333333333,0.7326732673267327,1.0,3.6666666666666665,No aggregate reversal under this configuration.,1121
nbi 27914 hydrochloride,0.00014217922585014553,0,1,0,1,0.0,0.6732673267326733,0.9940220437138053,4.0,No aggregate reversal under this configuration.,1122
BRD-K08307026,0.00015650935251844758,3,6,3,6,0.5,0.5841584158415841,0.926562081883864,4.833333333333333,No aggregate reversal under this configuration.,1123
s1142,0.0001627191777306804,2,5,2,5,0.4,0.6336633663366337,0.9667098310155955,4.4,No aggregate reversal under this configuration.,1124
s1085,0.00016516687794367654,5,11,5,11,0.45454545454545453,0.5643564356435643,0.915251628789822,4.818181818181818,No aggregate reversal under this configuration.,1125
BRD-K98731749,0.0002057011064345582,1,2,1,2,0.5,0.6138613861386139,0.9551215270657141,3.0,No aggregate reversal under this configuration.,1126
iopanoic acid,0.00021823806822206422,1,3,1,3,0.3333333333333333,0.4752475247524752,0.8248750937940375,4.0,No aggregate reversal under this configuration.,1127
BRD-K28907958,0.00022725295219843365,9,18,9,18,0.5,0.6237623762376238,0.9601850348969323,4.277777777777778,No aggregate reversal under this configuration.,1128
BRD-K41859756,0.00022915368767652006,7,17,7,17,0.4117647058823529,0.6336633663366337,0.9667098310155955,4.529411764705882,No aggregate reversal under this configuration.,1129
axon1408,0.00023489711475438435,1,2,1,2,0.5,0.5544554455445545,0.9062378822738671,3.5,No aggregate reversal under this configuration.,1130
BRD-K66254772,0.00023913211343107657,3,7,3,7,0.42857142857142855,0.7128712871287128,1.0,3.4285714285714284,No aggregate reversal under this configuration.,1131
BRD-K82732294,0.0002569417640054632,1,3,1,3,0.3333333333333333,0.6435643564356436,0.9723361716702645,4.333333333333333,No aggregate reversal under this configuration.,1132
BRD-K58853583,0.0002632869059053314,2,4,2,4,0.5,0.504950495049505,0.8558637452192873,4.0,No aggregate reversal under this configuration.,1133
OSI-930,0.00026386495658285497,3,7,3,7,0.42857142857142855,0.7326732673267327,1.0,4.285714285714286,No aggregate reversal under this configuration.,1134
nsc 23766,0.00026733636291980355,3,6,3,6,0.5,0.5247524752475248,0.8744322524532844,4.666666666666667,No aggregate reversal under this configuration.,1135
sb 258585 hydrochloride,0.0002805359502004532,0,1,0,1,0.0,0.5742574257425742,0.9209696375273735,4.0,No aggregate reversal under this configuration.,1136
ncgc00241071-01,0.00028586771473562526,0,1,0,1,0.0,0.594059405940594,0.9367284335486444,4.0,No aggregate reversal under this configuration.,1137
bucladesine,0.0003031967180196233,1,2,1,2,0.5,0.5148514851485149,0.8632956152758133,4.0,No aggregate reversal under this configuration.,1138
darinaparsin,0.0003379329668070823,0,1,0,1,0.0,0.48514851485148514,0.8351135755188718,4.0,No aggregate reversal under this configuration.,1139
n-linoleoylglycine,0.0003502869007430418,0,1,0,1,0.0,0.7029702970297029,1.0,3.0,No aggregate reversal under this configuration.,1140
indirubin-3-oxime,0.0003663630824970519,1,2,1,2,0.5,0.6039603960396039,0.9436253109503961,3.0,No aggregate reversal under this configuration.,1141
isorotenone,0.00037729800019759875,1,2,1,2,0.5,0.44554455445544555,0.7923604860486049,4.5,No aggregate reversal under this configuration.,1142
ncgc00242335-01,0.00040320517463158113,1,3,1,3,0.3333333333333333,0.6633663366336634,0.9863831988899604,5.333333333333333,No aggregate reversal under this configuration.,1143
GSK-1904529A,0.00043820651055398235,5,10,5,10,0.5,0.5841584158415841,0.926562081883864,4.7,No aggregate reversal under this configuration.,1144
"dibutyryl-camp, sodium salt",0.0004446796415117386,0,1,0,1,0.0,0.504950495049505,0.8558637452192873,3.0,No aggregate reversal under this configuration.,1145
BRD-K52075040,0.00045510911912809756,6,13,6,13,0.46153846153846156,0.7524752475247525,1.0,4.153846153846154,No aggregate reversal under this configuration.,1146
BRD-K92317137,0.0004662059274238904,18,39,24,47,0.46153846153846156,0.6831683168316832,0.9999922829383485,4.8936170212765955,No aggregate reversal under this configuration.,1147
BRD-K75081836,0.00048693966957027534,3,8,3,8,0.375,0.5148514851485149,0.8632956152758133,4.125,No aggregate reversal under this configuration.,1148
rottlerin,0.0005031896014869772,1,2,1,2,0.5,0.504950495049505,0.8558637452192873,4.0,No aggregate reversal under this configuration.,1149
akt inhibitor x,0.000512444840352537,1,2,1,2,0.5,0.48514851485148514,0.8351135755188718,4.5,No aggregate reversal under this configuration.,1150
mycophenolate mofetil,0.0005445592905420418,0,1,0,1,0.0,0.5742574257425742,0.9209696375273735,4.0,No aggregate reversal under this configuration.,1151
ru 24969,0.0005699898229652315,1,2,1,2,0.5,0.5841584158415841,0.926562081883864,3.0,No aggregate reversal under this configuration.,1152
BRD-K97534490,0.0005867556248306486,1,2,1,2,0.5,0.5742574257425742,0.9209696375273735,4.0,No aggregate reversal under this configuration.,1153
cgk 733,0.0005961289851276028,4,8,4,8,0.5,0.5445544554455446,0.8970818134445024,3.875,No aggregate reversal under this configuration.,1154
BRD-K64606589,0.0006901405145050311,5,11,5,11,0.45454545454545453,0.5841584158415841,0.926562081883864,5.454545454545454,No aggregate reversal under this configuration.,1155
vorinostat,0.0007150614831005903,48,99,139,289,0.48484848484848486,0.5841584158415841,0.926562081883864,5.782006920415225,No aggregate reversal under this configuration.,1156
ncgc00182357-01,0.0007226645442415178,0,1,0,1,0.0,0.693069306930693,1.0,3.0,No aggregate reversal under this configuration.,1157
serdemetan,0.0007458378348645612,2,4,2,4,0.5,0.5544554455445545,0.9062378822738671,5.5,No aggregate reversal under this configuration.,1158
BRD-A82238138 (budesonide),0.0007839144739004052,1,2,1,2,0.5,0.5841584158415841,0.926562081883864,4.0,No aggregate reversal under this configuration.,1159
rottlerin ncgc00025228-11,0.0008036895080050532,8,18,8,18,0.4444444444444444,0.6237623762376238,0.9601850348969323,4.555555555555555,No aggregate reversal under this configuration.,1160
prednisolone hemisuccinate,0.0008634266718489088,1,2,1,2,0.5,0.5148514851485149,0.8632956152758133,4.0,No aggregate reversal under this configuration.,1161
nu 1025,0.0008834138895688383,0,1,0,1,0.0,0.48514851485148514,0.8351135755188718,4.0,No aggregate reversal under this configuration.,1162
roscovitine,0.000888511153069636,6,12,6,12,0.5,0.6633663366336634,0.9863831988899604,4.916666666666667,No aggregate reversal under this configuration.,1163
amuvatinib,0.0009071258395681415,2,5,2,5,0.4,0.7128712871287128,1.0,5.0,No aggregate reversal under this configuration.,1164
vu0420364-1,0.0009240330293310024,2,4,2,4,0.5,0.5544554455445545,0.9062378822738671,4.25,No aggregate reversal under this configuration.,1165
CP466722,0.0009274801961609491,9,19,9,19,0.47368421052631576,0.7227722772277227,1.0,5.473684210526316,No aggregate reversal under this configuration.,1166
BRD-K00954209,0.0009320313005051488,1,2,1,2,0.5,0.49504950495049505,0.8459535671492535,4.5,No aggregate reversal under this configuration.,1167
BRD-A41451487,0.0009433097447082714,2,5,2,5,0.4,0.5544554455445545,0.9062378822738671,5.2,No aggregate reversal under this configuration.,1168
hycanthone,0.0009539556251004838,0,1,0,1,0.0,0.5643564356435643,0.915251628789822,3.0,No aggregate reversal under this configuration.,1169
BRD-K14704318,0.000957951527748351,0,1,0,1,0.0,0.5544554455445545,0.9062378822738671,7.0,No aggregate reversal under this configuration.,1170
decitabine,0.0009749042209385335,4,8,4,8,0.5,0.6534653465346535,0.9809815513925494,3.375,No aggregate reversal under this configuration.,1171
BRD-A06929388,0.000977339165591399,1,2,1,2,0.5,0.5841584158415841,0.926562081883864,4.0,No aggregate reversal under this configuration.,1172
BRD-U74615290,0.0009781145456776138,0,1,0,1,0.0,0.5742574257425742,0.9209696375273735,8.0,No aggregate reversal under this configuration.,1173
BRD-K72817452,0.0009807444486173832,0,1,0,1,0.0,0.6336633663366337,0.9667098310155955,4.0,No aggregate reversal under this configuration.,1174
BRD-A20697603,0.000995565466170213,5,11,7,14,0.45454545454545453,0.5445544554455446,0.8970818134445024,4.285714285714286,No aggregate reversal under this configuration.,1175
BRD-K17140735,0.0010135074191604202,8,19,8,19,0.42105263157894735,0.7029702970297029,1.0,4.947368421052632,No aggregate reversal under this configuration.,1176
BRD-A00420644,0.0010145971816766484,0,1,0,1,0.0,0.7722772277227723,1.0,3.0,No aggregate reversal under this configuration.,1177
methiothepin maleate,0.0010565422252148257,0,1,0,1,0.0,0.5643564356435643,0.915251628789822,3.0,No aggregate reversal under this configuration.,1178
h-5832,0.0010623741563972368,0,1,0,1,0.0,0.6039603960396039,0.9436253109503961,4.0,No aggregate reversal under this configuration.,1179
BRD-K39687892,0.001062645008593678,0,1,0,1,0.0,0.5148514851485149,0.8632956152758133,3.0,No aggregate reversal under this configuration.,1180
ro 08-2750,0.0010640705250677782,0,1,0,1,0.0,0.5148514851485149,0.8632956152758133,6.0,No aggregate reversal under this configuration.,1181
BRD-K68548958,0.0010857348521625437,9,18,9,18,0.5,0.7128712871287128,1.0,4.277777777777778,No aggregate reversal under this configuration.,1182
OTSSP167,0.0011077884006715092,13,28,13,28,0.4642857142857143,0.6435643564356436,0.9723361716702645,7.928571428571429,No aggregate reversal under this configuration.,1183
PF-477736,0.0011265894396038237,19,42,19,42,0.4523809523809524,0.7524752475247525,1.0,7.261904761904762,No aggregate reversal under this configuration.,1184
ch 55,0.001132027385456735,2,5,2,5,0.4,0.7623762376237624,1.0,4.2,No aggregate reversal under this configuration.,1185
vu0365114-2,0.001134424581894512,1,2,1,2,0.5,0.6732673267326733,0.9940220437138053,5.0,No aggregate reversal under this configuration.,1186
BRD-A43155244,0.0011392482287245747,2,6,2,6,0.3333333333333333,0.6237623762376238,0.9601850348969323,3.8333333333333335,No aggregate reversal under this configuration.,1187
BRD-K96433222,0.001144530467808982,0,1,0,1,0.0,0.5841584158415841,0.926562081883864,3.0,No aggregate reversal under this configuration.,1188
BRD-K39944607,0.001150323175595904,2,5,2,5,0.4,0.48514851485148514,0.8351135755188718,4.4,No aggregate reversal under this configuration.,1189
nnc 05-2090 hydrochloride,0.0011636606282995374,1,2,1,2,0.5,0.594059405940594,0.9367284335486444,3.5,No aggregate reversal under this configuration.,1190
SB-203580,0.0011689180429590071,2,4,2,4,0.5,0.6039603960396039,0.9436253109503961,5.25,No aggregate reversal under this configuration.,1191
BRD-K90826279,0.0011706591479580383,0,1,0,1,0.0,0.6138613861386139,0.9551215270657141,4.0,No aggregate reversal under this configuration.,1192
ncgc00241357-01,0.0011790030292582656,1,4,1,4,0.25,0.48514851485148514,0.8351135755188718,5.0,No aggregate reversal under this configuration.,1193
s1266,0.0012018212477307192,1,2,1,2,0.5,0.6336633663366337,0.9667098310155955,3.0,No aggregate reversal under this configuration.,1194
BRD-K64642496,0.0012330804920014432,5,10,5,10,0.5,0.5445544554455446,0.8970818134445024,4.8,No aggregate reversal under this configuration.,1195
sb 216763,0.0012332827066577432,2,4,2,4,0.5,0.594059405940594,0.9367284335486444,3.25,No aggregate reversal under this configuration.,1196
azacyclonol,0.0012400937316150102,0,1,0,1,0.0,0.5742574257425742,0.9209696375273735,6.0,No aggregate reversal under this configuration.,1197
BRD-K89224880,0.001241651769219588,1,2,1,2,0.5,0.6237623762376238,0.9601850348969323,4.0,No aggregate reversal under this configuration.,1198
mg-132,0.0012692218533002743,4,12,4,12,0.3333333333333333,0.6039603960396039,0.9436253109503961,4.583333333333333,No aggregate reversal under this configuration.,1199
CHIR-99021,0.001273047272337555,12,24,12,24,0.5,0.6732673267326733,0.9940220437138053,6.083333333333333,No aggregate reversal under this configuration.,1200
BRD-K76042595,0.0012935427138167635,0,1,0,1,0.0,0.5544554455445545,0.9062378822738671,3.0,No aggregate reversal under this configuration.,1201
BRD-K20492338,0.0012971946338208567,0,1,0,1,0.0,0.693069306930693,1.0,4.0,No aggregate reversal under this configuration.,1202
BRD-K95138506,0.0013168428457948906,3,6,3,6,0.5,0.6435643564356436,0.9723361716702645,4.0,No aggregate reversal under this configuration.,1203
nsc 663284,0.001333186443267997,3,7,3,7,0.42857142857142855,0.6435643564356436,0.9723361716702645,4.857142857142857,No aggregate reversal under this configuration.,1204
YM-201636,0.0013353483591485831,11,24,11,24,0.4583333333333333,0.7425742574257426,1.0,6.125,No aggregate reversal under this configuration.,1205
methyltestosterone,0.0013577764729830188,0,1,0,1,0.0,0.43564356435643564,0.7829077644606566,3.0,No aggregate reversal under this configuration.,1206
"l-701,324",0.001362559770527013,0,1,0,1,0.0,0.6138613861386139,0.9551215270657141,5.0,No aggregate reversal under this configuration.,1207
triflupromazine hydrochloride,0.0013634693420773222,1,3,1,3,0.3333333333333333,0.6237623762376238,0.9601850348969323,5.0,No aggregate reversal under this configuration.,1208
fenretinide,0.0014118885326849908,1,3,1,3,0.3333333333333333,0.5742574257425742,0.9209696375273735,3.3333333333333335,No aggregate reversal under this configuration.,1209
pd 00735,0.0014249931750877293,0,1,0,1,0.0,0.7326732673267327,1.0,3.0,No aggregate reversal under this configuration.,1210
mdl-28170,0.0014295099974937445,1,2,1,2,0.5,0.5643564356435643,0.915251628789822,3.5,No aggregate reversal under this configuration.,1211
sulindac,0.0014480073360088096,0,1,0,1,0.0,0.6039603960396039,0.9436253109503961,4.0,No aggregate reversal under this configuration.,1212
AT-7519,0.0014833632758452214,41,85,41,85,0.4823529411764706,0.7029702970297029,1.0,7.011764705882353,No aggregate reversal under this configuration.,1213
BRD-K37340241,0.0014906011066270122,0,1,0,1,0.0,0.6633663366336634,0.9863831988899604,4.0,No aggregate reversal under this configuration.,1214
isoliquiritigenin,0.0015407354773537161,3,9,3,9,0.3333333333333333,0.7524752475247525,1.0,3.5555555555555554,No aggregate reversal under this configuration.,1215
s1527,0.0015433458424266365,1,4,1,4,0.25,0.6435643564356436,0.9723361716702645,4.25,No aggregate reversal under this configuration.,1216
pyrvinium pamoate,0.0015577497110923098,0,1,0,1,0.0,0.5643564356435643,0.915251628789822,5.0,No aggregate reversal under this configuration.,1217
BRD-K20000640,0.0015705793493615032,1,2,1,2,0.5,0.7227722772277227,1.0,3.5,No aggregate reversal under this configuration.,1218
chelidonine (+),0.001580878019136536,1,3,1,3,0.3333333333333333,0.5841584158415841,0.926562081883864,4.0,No aggregate reversal under this configuration.,1219
BRD-K71726959,0.001586065319527677,4,11,4,11,0.36363636363636365,0.6633663366336634,0.9863831988899604,3.727272727272727,No aggregate reversal under this configuration.,1220
jak3 inhibitor vi,0.001586065319527677,5,11,5,11,0.45454545454545453,0.6237623762376238,0.9601850348969323,5.181818181818182,No aggregate reversal under this configuration.,1221
BRD-K88569143,0.001587172168098473,0,1,0,1,0.0,0.5247524752475248,0.8744322524532844,4.0,No aggregate reversal under this configuration.,1222
racepinephrine hcl,0.0016374144324851616,0,1,0,1,0.0,0.5148514851485149,0.8632956152758133,4.0,No aggregate reversal under this configuration.,1223
BRD-K16618170,0.0016454446044862573,0,1,0,1,0.0,0.5742574257425742,0.9209696375273735,5.0,No aggregate reversal under this configuration.,1224
BRD-A35020550,0.0016522043689536949,0,1,0,1,0.0,0.5445544554455446,0.8970818134445024,4.0,No aggregate reversal under this configuration.,1225
k784-3187,0.0016592047305127675,5,10,7,13,0.5,0.6732673267326733,0.9940220437138053,4.3076923076923075,No aggregate reversal under this configuration.,1226
BRD-K55116708,0.001682914703203862,0,1,0,1,0.0,0.594059405940594,0.9367284335486444,3.0,No aggregate reversal under this configuration.,1227
tubocurarine chloride pentahydrate (+),0.0017077977316162524,0,1,0,1,0.0,0.5841584158415841,0.926562081883864,6.0,No aggregate reversal under this configuration.,1228
imd 0354,0.0017398401848896326,12,26,16,36,0.46153846153846156,0.7623762376237624,1.0,5.194444444444445,No aggregate reversal under this configuration.,1229
indomethacin,0.0017656462194991646,0,1,0,1,0.0,0.6732673267326733,0.9940220437138053,3.0,No aggregate reversal under this configuration.,1230
BRD-K79382620,0.0017803492397265742,0,1,0,1,0.0,0.5544554455445545,0.9062378822738671,5.0,No aggregate reversal under this configuration.,1231
betamethasone acetate,0.0017868106732707757,0,1,0,1,0.0,0.6237623762376238,0.9601850348969323,4.0,No aggregate reversal under this configuration.,1232
"l-690,488",0.0017945707027894652,6,14,6,14,0.42857142857142855,0.7326732673267327,1.0,3.9285714285714284,No aggregate reversal under this configuration.,1233
irbesartan,0.0017962818916170166,1,2,1,2,0.5,0.6534653465346535,0.9809815513925494,4.5,No aggregate reversal under this configuration.,1234
BRD-A72837804,0.0017997903419562883,0,1,0,1,0.0,0.6039603960396039,0.9436253109503961,5.0,No aggregate reversal under this configuration.,1235
ponatinib,0.0018015993863843014,5,12,5,12,0.4166666666666667,0.6534653465346535,0.9809815513925494,6.083333333333333,No aggregate reversal under this configuration.,1236
BRD-A59145032,0.001812471950942027,0,2,0,2,0.0,0.594059405940594,0.9367284335486444,3.5,No aggregate reversal under this configuration.,1237
puromycin dihydrochloride,0.0018241078243067333,3,7,3,7,0.42857142857142855,0.6336633663366337,0.9667098310155955,3.5714285714285716,No aggregate reversal under this configuration.,1238
BRD-K35716340,0.0018350011904178665,2,5,2,5,0.4,0.7128712871287128,1.0,4.8,No aggregate reversal under this configuration.,1239
BRD-A98444709,0.0018414801622962133,0,2,0,2,0.0,0.6633663366336634,0.9863831988899604,4.0,No aggregate reversal under this configuration.,1240
BRD-A68061604,0.0018475424589440596,2,4,2,4,0.5,0.7425742574257426,1.0,4.0,No aggregate reversal under this configuration.,1241
BRD-K74840245,0.0018553106400536513,0,1,0,1,0.0,0.7920792079207921,1.0,5.0,No aggregate reversal under this configuration.,1242
GDC-0068,0.0018563809979651093,5,10,5,10,0.5,0.7029702970297029,1.0,4.9,No aggregate reversal under this configuration.,1243
securinine,0.0018705644054594645,1,3,1,3,0.3333333333333333,0.6633663366336634,0.9863831988899604,3.3333333333333335,No aggregate reversal under this configuration.,1244
triamcinolone diacetate,0.0018741907209881541,0,1,0,1,0.0,0.7722772277227723,1.0,3.0,No aggregate reversal under this configuration.,1245
BRD-K37043259,0.001881599219721579,0,1,0,1,0.0,0.7128712871287128,1.0,4.0,No aggregate reversal under this configuration.,1246
BRD-K15318909,0.001909839184272745,0,1,0,1,0.0,0.6237623762376238,0.9601850348969323,3.0,No aggregate reversal under this configuration.,1247
mitoxantrone,0.0019248074303696002,45,98,74,177,0.45918367346938777,0.7524752475247525,1.0,8.084745762711865,No aggregate reversal under this configuration.,1248
am 281,0.0019642548663935484,0,1,0,1,0.0,0.7029702970297029,1.0,3.0,No aggregate reversal under this configuration.,1249
angiogenesis inhibitor,0.0019704353041860474,1,3,1,3,0.3333333333333333,0.6138613861386139,0.9551215270657141,3.6666666666666665,No aggregate reversal under this configuration.,1250
BRD-K41925105,0.0019707762753216726,1,2,1,2,0.5,0.6336633663366337,0.9667098310155955,3.0,No aggregate reversal under this configuration.,1251
raclopride,0.0019735979777951197,0,1,0,1,0.0,0.594059405940594,0.9367284335486444,3.0,No aggregate reversal under this configuration.,1252
cyclopenthiazide,0.0019849880863416543,0,1,0,1,0.0,0.6237623762376238,0.9601850348969323,5.0,No aggregate reversal under this configuration.,1253
bml-259,0.0020109580153271226,2,6,2,6,0.3333333333333333,0.6831683168316832,0.9999922829383485,4.0,No aggregate reversal under this configuration.,1254
BRD-K12762134,0.0020369145191335095,0,1,0,1,0.0,0.5445544554455446,0.8970818134445024,5.0,No aggregate reversal under this configuration.,1255
salermide,0.002073135734312139,8,20,8,20,0.4,0.7722772277227723,1.0,5.45,No aggregate reversal under this configuration.,1256
mw-a1-12,0.0020790030531370987,6,14,6,14,0.42857142857142855,0.8118811881188119,1.0,4.0,No aggregate reversal under this configuration.,1257
raf1 kinase inhibitor i,0.0020791765392611967,0,1,0,1,0.0,0.6435643564356436,0.9723361716702645,5.0,No aggregate reversal under this configuration.,1258
BRD-K62970326,0.00210584377649373,0,1,0,1,0.0,0.7920792079207921,1.0,3.0,No aggregate reversal under this configuration.,1259
abt-751,0.00210584377649373,3,11,3,11,0.2727272727272727,0.6831683168316832,0.9999922829383485,4.7272727272727275,No aggregate reversal under this configuration.,1260
s1252,0.002119604516956794,0,1,0,1,0.0,0.5247524752475248,0.8744322524532844,3.0,No aggregate reversal under this configuration.,1261
BRD-K93215584,0.002125505631842579,0,1,0,1,0.0,0.7227722772277227,1.0,3.0,No aggregate reversal under this configuration.,1262
BRD-K19624190,0.0021490607444347213,1,2,1,2,0.5,0.7425742574257426,1.0,3.0,No aggregate reversal under this configuration.,1263
BRD-K28366633,0.0021866178160239095,3,6,3,6,0.5,0.7425742574257426,1.0,4.666666666666667,No aggregate reversal under this configuration.,1264
arcyriaflavin a,0.0022109844374605062,0,1,0,1,0.0,0.6138613861386139,0.9551215270657141,4.0,No aggregate reversal under this configuration.,1265
st056792,0.002217211883625644,1,5,1,5,0.2,0.7821782178217822,1.0,4.0,No aggregate reversal under this configuration.,1266
st4066738,0.0022439918518046627,0,1,0,1,0.0,0.6039603960396039,0.9436253109503961,3.0,No aggregate reversal under this configuration.,1267
sb 415286,0.0022498009884365632,0,1,0,1,0.0,0.5643564356435643,0.915251628789822,3.0,No aggregate reversal under this configuration.,1268
hli 373,0.0023224186486876545,5,11,5,11,0.45454545454545453,0.6633663366336634,0.9863831988899604,4.181818181818182,No aggregate reversal under this configuration.,1269
lde225 (nvp-lde225),0.002343112264069985,0,1,0,1,0.0,0.7128712871287128,1.0,4.0,No aggregate reversal under this configuration.,1270
trichostatin a,0.0023715409302447607,17,43,79,220,0.3953488372093023,0.7227722772277227,1.0,5.486363636363636,No aggregate reversal under this configuration.,1271
BRD-K74029109,0.0024062340084574,0,1,0,1,0.0,0.7326732673267327,1.0,3.0,No aggregate reversal under this configuration.,1272
mdl 29951,0.00240755793422902,0,1,0,1,0.0,0.6732673267326733,0.9940220437138053,4.0,No aggregate reversal under this configuration.,1273
BRD-K76357752,0.0024079413908154107,0,1,0,1,0.0,0.5247524752475248,0.8744322524532844,4.0,No aggregate reversal under this configuration.,1274
gitoxigenin,0.002413771236352379,2,7,2,7,0.2857142857142857,0.7326732673267327,1.0,4.142857142857143,No aggregate reversal under this configuration.,1275
BRD-K70748405,0.0024251490407140646,0,1,0,1,0.0,0.5544554455445545,0.9062378822738671,3.0,No aggregate reversal under this configuration.,1276
etilefrine hydrochloride,0.0024895930763856517,0,1,0,1,0.0,0.7524752475247525,1.0,4.0,No aggregate reversal under this configuration.,1277
estradiol benzoate,0.002497138607453987,0,1,0,1,0.0,0.5445544554455446,0.8970818134445024,3.0,No aggregate reversal under this configuration.,1278
BRD-K50204028,0.0025151959314491552,0,1,0,1,0.0,0.6633663366336634,0.9863831988899604,3.0,No aggregate reversal under this configuration.,1279
ALW-II-49-7,0.0025670720076115816,1,3,1,3,0.3333333333333333,0.7524752475247525,1.0,4.666666666666667,No aggregate reversal under this configuration.,1280
BRD-K86761848,0.002571095552946232,0,2,0,2,0.0,0.6336633663366337,0.9667098310155955,3.0,No aggregate reversal under this configuration.,1281
bas 09104376,0.0025945656346572305,0,1,0,1,0.0,0.504950495049505,0.8558637452192873,4.0,No aggregate reversal under this configuration.,1282
nsc 3852,0.002623844254013239,2,6,2,6,0.3333333333333333,0.7029702970297029,1.0,4.5,No aggregate reversal under this configuration.,1283
km 00927,0.0026432389204005353,4,11,4,11,0.36363636363636365,0.6732673267326733,0.9940220437138053,4.545454545454546,No aggregate reversal under this configuration.,1284
BRD-K60870698,0.0026503954548094404,5,10,5,10,0.5,0.7326732673267327,1.0,5.2,No aggregate reversal under this configuration.,1285
phorbol-12-myristate-13-acetate (pma),0.0026590395255795575,12,33,12,33,0.36363636363636365,0.7326732673267327,1.0,5.606060606060606,No aggregate reversal under this configuration.,1286
BRD-K05331696,0.0026767219460689757,0,1,0,1,0.0,0.6237623762376238,0.9601850348969323,3.0,No aggregate reversal under this configuration.,1287
paxilline,0.0027007512352965855,0,1,0,1,0.0,0.7524752475247525,1.0,3.0,No aggregate reversal under this configuration.,1288
BRD-K26818574,0.002713975724964823,1,2,1,2,0.5,0.6534653465346535,0.9809815513925494,3.0,No aggregate reversal under this configuration.,1289
ei-263,0.0027227937332619427,2,4,2,4,0.5,0.6633663366336634,0.9863831988899604,4.0,No aggregate reversal under this configuration.,1290
jzl-184,0.0027830773029302687,0,1,0,1,0.0,0.6237623762376238,0.9601850348969323,6.0,No aggregate reversal under this configuration.,1291
mw-ras12,0.002788290379436561,5,13,5,14,0.38461538461538464,0.7425742574257426,1.0,5.357142857142857,No aggregate reversal under this configuration.,1292
vinblastine sulfate,0.002803384031845803,2,5,4,8,0.4,0.7029702970297029,1.0,4.375,No aggregate reversal under this configuration.,1293
pioglitazone hydrochloride,0.0028185915252504634,0,2,0,2,0.0,0.6633663366336634,0.9863831988899604,3.5,No aggregate reversal under this configuration.,1294
tc 2559 difumarate,0.0028443667503809025,0,1,0,1,0.0,0.6336633663366337,0.9667098310155955,6.0,No aggregate reversal under this configuration.,1295
endecaphyllin x,0.002868149662545983,0,1,0,1,0.0,0.7326732673267327,1.0,3.0,No aggregate reversal under this configuration.,1296
BRD-K57080016,0.002873175590198792,4,9,4,9,0.4444444444444444,0.7227722772277227,1.0,4.111111111111111,No aggregate reversal under this configuration.,1297
antimycin a,0.002883535268273733,1,2,1,2,0.5,0.7128712871287128,1.0,3.0,No aggregate reversal under this configuration.,1298
RG-108,0.0029041731937034716,1,2,1,2,0.5,0.6831683168316832,0.9999922829383485,3.5,No aggregate reversal under this configuration.,1299
BRD-K99633092,0.0029106632304558436,0,1,0,1,0.0,0.5742574257425742,0.9209696375273735,3.0,No aggregate reversal under this configuration.,1300
mls-0390945.0001,0.0029239147096059284,0,1,0,1,0.0,0.7227722772277227,1.0,3.0,No aggregate reversal under this configuration.,1301
"ingenol 3, 20-dibenzoate",0.002929823057648562,9,25,9,25,0.36,0.7029702970297029,1.0,5.36,No aggregate reversal under this configuration.,1302
meloxicam sodium,0.0029645637576426248,0,1,0,1,0.0,0.6039603960396039,0.9436253109503961,7.0,No aggregate reversal under this configuration.,1303
BRD-K72451865,0.0029956717371288993,1,4,1,4,0.25,0.801980198019802,1.0,3.0,No aggregate reversal under this configuration.,1304
ei-346,0.0030160131019711838,2,5,2,5,0.4,0.7425742574257426,1.0,4.0,No aggregate reversal under this configuration.,1305
pf 750,0.003085024540022274,2,5,2,5,0.4,0.7425742574257426,1.0,5.2,No aggregate reversal under this configuration.,1306
BRD-K80786583,0.003098920315714352,2,5,2,5,0.4,0.7821782178217822,1.0,4.0,No aggregate reversal under this configuration.,1307
calcipotriol,0.0031039537771764816,0,1,0,1,0.0,0.693069306930693,1.0,3.0,No aggregate reversal under this configuration.,1308
XMD11-85H,0.0031045015089973178,8,18,8,18,0.4444444444444444,0.8514851485148515,1.0,5.277777777777778,No aggregate reversal under this configuration.,1309
BRD-K31342827,0.0031062762464563742,10,22,10,22,0.45454545454545453,0.8415841584158416,1.0,4.681818181818182,No aggregate reversal under this configuration.,1310
fk 888,0.0031155689096001382,0,1,0,1,0.0,0.6435643564356436,0.9723361716702645,8.0,No aggregate reversal under this configuration.,1311
BRD-K93605482,0.0031228580609755033,0,1,0,1,0.0,0.7425742574257426,1.0,3.0,No aggregate reversal under this configuration.,1312
BRD-U33728988,0.0031250905127689623,2,6,2,6,0.3333333333333333,0.7326732673267327,1.0,3.5,No aggregate reversal under this configuration.,1313
clocortolone pivalate,0.0031345247226419043,1,2,1,2,0.5,0.6633663366336634,0.9863831988899604,4.0,No aggregate reversal under this configuration.,1314
KU-60019,0.003166772180023596,3,7,3,7,0.42857142857142855,0.7623762376237624,1.0,5.0,No aggregate reversal under this configuration.,1315
pnu 74654,0.0031714146611142623,5,16,5,16,0.3125,0.9207920792079208,1.0,3.8125,No aggregate reversal under this configuration.,1316
s1367,0.0031922929875268296,2,4,2,4,0.5,0.7623762376237624,1.0,3.5,No aggregate reversal under this configuration.,1317
LY2603618,0.0032310136891079326,4,11,4,11,0.36363636363636365,0.8118811881188119,1.0,5.818181818181818,No aggregate reversal under this configuration.,1318
trolox,0.003238146379203391,0,1,0,1,0.0,0.6831683168316832,0.9999922829383485,3.0,No aggregate reversal under this configuration.,1319
b3063,0.003246430759646775,0,1,0,1,0.0,0.7128712871287128,1.0,3.0,No aggregate reversal under this configuration.,1320
sb 218078,0.0032472458957401133,3,7,3,7,0.42857142857142855,0.7524752475247525,1.0,4.285714285714286,No aggregate reversal under this configuration.,1321
proscillaridin a,0.0032593638288832133,3,11,3,13,0.2727272727272727,0.7227722772277227,1.0,4.846153846153846,No aggregate reversal under this configuration.,1322
mln4924,0.0032609428013616144,5,13,5,13,0.38461538461538464,0.7326732673267327,1.0,5.153846153846154,No aggregate reversal under this configuration.,1323
ncgc00167398-02,0.0032643530315359013,3,8,3,8,0.375,0.7227722772277227,1.0,4.625,No aggregate reversal under this configuration.,1324
BRD-K98824517,0.0032716294048718312,0,1,0,1,0.0,0.7128712871287128,1.0,3.0,No aggregate reversal under this configuration.,1325
BRD-K46373671,0.0032999732374043578,0,1,0,1,0.0,0.5841584158415841,0.926562081883864,3.0,No aggregate reversal under this configuration.,1326
celastrol,0.0033129768651358315,18,43,18,43,0.4186046511627907,0.8415841584158416,1.0,6.116279069767442,No aggregate reversal under this configuration.,1327
oxibendazole,0.0033137335906034586,2,5,2,5,0.4,0.7326732673267327,1.0,3.8,No aggregate reversal under this configuration.,1328
jak3 inhibitor ii,0.003314971995188031,1,3,1,3,0.3333333333333333,0.7623762376237624,1.0,4.0,No aggregate reversal under this configuration.,1329
flucytosine,0.003336833623749656,0,1,0,1,0.0,0.48514851485148514,0.8351135755188718,4.0,No aggregate reversal under this configuration.,1330
d3943,0.003354795560955987,1,2,1,2,0.5,0.7326732673267327,1.0,4.5,No aggregate reversal under this configuration.,1331
BRD-K53987746,0.003357999193014362,0,1,0,1,0.0,0.7326732673267327,1.0,3.0,No aggregate reversal under this configuration.,1332
QL-XI-92,0.0033728262754304295,4,8,4,8,0.5,0.8613861386138614,1.0,4.75,No aggregate reversal under this configuration.,1333
cycloheximide,0.003374466266870323,5,13,8,20,0.38461538461538464,0.7623762376237624,1.0,4.6,No aggregate reversal under this configuration.,1334
BRD-K00313977,0.0034074845368002224,0,2,0,2,0.0,0.6039603960396039,0.9436253109503961,4.0,No aggregate reversal under this configuration.,1335
ami-193,0.0034461755106231775,0,1,0,1,0.0,0.6633663366336634,0.9863831988899604,3.0,No aggregate reversal under this configuration.,1336
BRD-K71303366,0.0034500715821846537,0,2,0,2,0.0,0.6534653465346535,0.9809815513925494,3.0,No aggregate reversal under this configuration.,1337
n-formylmethionylalanine,0.003473609321761072,0,1,0,1,0.0,0.693069306930693,1.0,3.0,No aggregate reversal under this configuration.,1338
diloxanide furoate,0.003480738628302558,0,1,0,1,0.0,0.6435643564356436,0.9723361716702645,3.0,No aggregate reversal under this configuration.,1339
ZM-447439,0.0035421842101818393,3,8,3,8,0.375,0.8118811881188119,1.0,5.5,No aggregate reversal under this configuration.,1340
BRD-K91145395,0.003551073989587543,3,9,3,9,0.3333333333333333,0.693069306930693,1.0,5.0,No aggregate reversal under this configuration.,1341
ei-215,0.0035528802494878657,4,9,4,9,0.4444444444444444,0.8613861386138614,1.0,4.777777777777778,No aggregate reversal under this configuration.,1342
yk 4-279,0.0035757226938145535,1,2,1,2,0.5,0.7029702970297029,1.0,4.0,No aggregate reversal under this configuration.,1343
tretinoin,0.0035995435385421555,0,1,0,1,0.0,0.6534653465346535,0.9809815513925494,3.0,No aggregate reversal under this configuration.,1344
tyrphostin 47,0.003623215610772851,0,1,0,1,0.0,0.7128712871287128,1.0,3.0,No aggregate reversal under this configuration.,1345
enzastaurin,0.0036253874327740582,3,8,3,8,0.375,0.801980198019802,1.0,4.625,No aggregate reversal under this configuration.,1346
ite,0.0036565104413845426,0,1,0,1,0.0,0.693069306930693,1.0,3.0,No aggregate reversal under this configuration.,1347
ncgc00183218-01,0.0036736807776475196,0,1,0,1,0.0,0.8217821782178217,1.0,3.0,No aggregate reversal under this configuration.,1348
BRD-A68930007 (ouabain),0.00368373707867897,2,4,2,4,0.5,0.7326732673267327,1.0,4.5,No aggregate reversal under this configuration.,1349
pac 1,0.003716228023815984,5,14,5,18,0.35714285714285715,0.8415841584158416,1.0,5.166666666666667,No aggregate reversal under this configuration.,1350
auranofin,0.003727548718746059,4,11,4,11,0.36363636363636365,0.7227722772277227,1.0,3.909090909090909,No aggregate reversal under this configuration.,1351
diphenyleneiodonium chloride,0.003727548718746059,1,3,1,3,0.3333333333333333,0.7623762376237624,1.0,4.0,No aggregate reversal under this configuration.,1352
BRD-K64517075,0.003742786022367029,2,5,2,5,0.4,0.7821782178217822,1.0,6.2,No aggregate reversal under this configuration.,1353
mls-0091944.0001,0.0037699330361910307,0,1,0,1,0.0,0.7227722772277227,1.0,3.0,No aggregate reversal under this configuration.,1354
sb 202190,0.0037931828942800727,0,1,0,1,0.0,0.7722772277227723,1.0,3.0,No aggregate reversal under this configuration.,1355
tg101348,0.003795265286080921,12,30,12,30,0.4,0.7623762376237624,1.0,4.566666666666666,No aggregate reversal under this configuration.,1356
propyl-beta-carboline-3-carboxylate,0.0038034640145023935,0,1,0,1,0.0,0.6534653465346535,0.9809815513925494,3.0,No aggregate reversal under this configuration.,1357
BRD-K51377689,0.003841338218449631,0,1,0,1,0.0,0.7623762376237624,1.0,3.0,No aggregate reversal under this configuration.,1358
ncgc00182828-01,0.003841338218449631,0,1,0,1,0.0,0.8316831683168316,1.0,3.0,No aggregate reversal under this configuration.,1359
BRD-K91509126 (piceatannol),0.003886671959132698,0,2,0,2,0.0,0.6831683168316832,0.9999922829383485,4.0,No aggregate reversal under this configuration.,1360
bg fa 0953,0.003908461494330514,1,2,1,2,0.5,0.7722772277227723,1.0,4.0,No aggregate reversal under this configuration.,1361
BRD-A63583287,0.003911954989964987,3,6,3,6,0.5,0.693069306930693,1.0,3.1666666666666665,No aggregate reversal under this configuration.,1362
bms 191011,0.00391427180153031,0,1,0,1,0.0,0.5841584158415841,0.926562081883864,3.0,No aggregate reversal under this configuration.,1363
brefeldin a,0.003916276801681323,2,8,2,8,0.25,0.7326732673267327,1.0,5.625,No aggregate reversal under this configuration.,1364
fccp,0.003917589315262966,2,4,2,4,0.5,0.7623762376237624,1.0,4.75,No aggregate reversal under this configuration.,1365
iodipamide,0.0039217817968065245,0,1,0,1,0.0,0.693069306930693,1.0,4.0,No aggregate reversal under this configuration.,1366
ncgc00185094-01,0.003922478554923553,2,4,2,4,0.5,0.8613861386138614,1.0,3.5,No aggregate reversal under this configuration.,1367
dorsomorphin dihydrochloride,0.0039243864097152185,12,29,16,34,0.41379310344827586,0.7821782178217822,1.0,4.617647058823529,No aggregate reversal under this configuration.,1368
enrofloxacin,0.003928038949178399,0,1,0,1,0.0,0.7029702970297029,1.0,3.0,No aggregate reversal under this configuration.,1369
norethindrone,0.003944175080448123,0,3,0,4,0.0,0.6732673267326733,0.9940220437138053,3.25,No aggregate reversal under this configuration.,1370
BRD-K56196992,0.00394602166627311,2,6,2,6,0.3333333333333333,0.7920792079207921,1.0,3.8333333333333335,No aggregate reversal under this configuration.,1371
BRD-K37150847,0.003955122156528101,0,1,0,1,0.0,0.6336633663366337,0.9667098310155955,3.0,No aggregate reversal under this configuration.,1372
clobenpropit dihydrobromide,0.003971495442392104,1,2,1,2,0.5,0.7227722772277227,1.0,3.0,No aggregate reversal under this configuration.,1373
s1297,0.003978973304607506,0,2,0,2,0.0,0.7821782178217822,1.0,3.5,No aggregate reversal under this configuration.,1374
fluspirilen,0.0039893406071822715,1,3,1,3,0.3333333333333333,0.7524752475247525,1.0,4.0,No aggregate reversal under this configuration.,1375
BRD-K68756823,0.004004359189276992,0,1,0,1,0.0,0.7623762376237624,1.0,3.0,No aggregate reversal under this configuration.,1376
BRD-K70161581,0.004026418152652748,1,5,1,5,0.2,0.7128712871287128,1.0,3.8,No aggregate reversal under this configuration.,1377
ct-200783,0.004043299763378408,10,21,10,21,0.47619047619047616,0.8415841584158416,1.0,4.142857142857143,No aggregate reversal under this configuration.,1378
XMD-885,0.004050570228470309,4,10,4,10,0.4,0.8316831683168316,1.0,5.1,No aggregate reversal under this configuration.,1379
epitestosterone,0.004076420879146734,0,1,0,1,0.0,0.6831683168316832,0.9999922829383485,3.0,No aggregate reversal under this configuration.,1380
danazol,0.0040885343679488715,1,2,1,2,0.5,0.6831683168316832,0.9999922829383485,4.5,No aggregate reversal under this configuration.,1381
BRD-K52080565,0.004103991424249914,0,2,0,2,0.0,0.6336633663366337,0.9667098310155955,5.0,No aggregate reversal under this configuration.,1382
rhodomyrtoxin b,0.004139541486344245,3,8,3,8,0.375,0.801980198019802,1.0,5.75,No aggregate reversal under this configuration.,1383
BRD-A95445494,0.004144635473042622,1,2,1,2,0.5,0.7425742574257426,1.0,3.5,No aggregate reversal under this configuration.,1384
taxol,0.004175612866007375,1,3,1,3,0.3333333333333333,0.7227722772277227,1.0,4.0,No aggregate reversal under this configuration.,1385
BRD-A52193669,0.004216892124896918,2,4,2,4,0.5,0.8316831683168316,1.0,3.75,No aggregate reversal under this configuration.,1386
BRD-K82580504,0.0042228746880063435,0,1,0,1,0.0,0.7326732673267327,1.0,3.0,No aggregate reversal under this configuration.,1387
pifithrin- a hydrobromide,0.004243044514354811,0,1,0,1,0.0,0.6336633663366337,0.9667098310155955,3.0,No aggregate reversal under this configuration.,1388
zoxazolamine,0.004244738528454646,0,1,0,1,0.0,0.801980198019802,1.0,3.0,No aggregate reversal under this configuration.,1389
BRD-U82589721,0.00424533960640358,4,9,4,9,0.4444444444444444,0.7722772277227723,1.0,4.111111111111111,No aggregate reversal under this configuration.,1390
prednisolone,0.004246056504913311,0,1,0,1,0.0,0.6435643564356436,0.9723361716702645,4.0,No aggregate reversal under this configuration.,1391
niclosamide,0.00426345356790794,9,27,13,37,0.3333333333333333,0.8811881188118812,1.0,4.5675675675675675,No aggregate reversal under this configuration.,1392
"15-deoxy-?12,14-prostaglandin j2",0.004295969515651482,4,10,4,10,0.4,0.8514851485148515,1.0,4.6,No aggregate reversal under this configuration.,1393
BRD-K31841256,0.004319487424975696,0,1,0,1,0.0,0.7128712871287128,1.0,3.0,No aggregate reversal under this configuration.,1394
gr 127935 hydrochloride,0.00432362683719276,2,6,2,6,0.3333333333333333,0.8316831683168316,1.0,4.666666666666667,No aggregate reversal under this configuration.,1395
curcumin,0.004371211308365034,14,30,14,30,0.4666666666666667,0.7920792079207921,1.0,4.833333333333333,No aggregate reversal under this configuration.,1396
pkcbeta inhibitor,0.0043741079819784225,2,4,2,4,0.5,0.9306930693069307,1.0,3.25,No aggregate reversal under this configuration.,1397
emetine hydrochloride,0.004376427153247017,4,11,4,11,0.36363636363636365,0.7524752475247525,1.0,5.636363636363637,No aggregate reversal under this configuration.,1398
helveticoside,0.0043976323421270475,2,4,2,4,0.5,0.7128712871287128,1.0,4.5,No aggregate reversal under this configuration.,1399
arp 101,0.0044127253671841365,5,12,6,16,0.4166666666666667,0.8118811881188119,1.0,5.875,No aggregate reversal under this configuration.,1400
zileuton,0.004419799663594754,0,1,0,1,0.0,0.5148514851485149,0.8632956152758133,4.0,No aggregate reversal under this configuration.,1401
duloxetine hydrochloride,0.004469805623870473,0,1,0,1,0.0,0.693069306930693,1.0,3.0,No aggregate reversal under this configuration.,1402
ncgc00182364-01,0.00447543188781622,0,2,0,2,0.0,0.8217821782178217,1.0,3.0,No aggregate reversal under this configuration.,1403
np-009169,0.004498196605482065,1,4,1,4,0.25,0.7524752475247525,1.0,3.5,No aggregate reversal under this configuration.,1404
nocodazole,0.004547332263352447,1,5,1,5,0.2,0.8316831683168316,1.0,4.6,No aggregate reversal under this configuration.,1405
hy-11005,0.004588368786278175,1,3,1,3,0.3333333333333333,0.7227722772277227,1.0,4.666666666666667,No aggregate reversal under this configuration.,1406
way 213613,0.004591379439676736,0,1,0,1,0.0,0.6039603960396039,0.9436253109503961,3.0,No aggregate reversal under this configuration.,1407
norgestimate,0.004598211593086801,0,1,0,1,0.0,0.7029702970297029,1.0,7.0,No aggregate reversal under this configuration.,1408
s1039,0.004616834658581216,0,1,0,1,0.0,0.7821782178217822,1.0,3.0,No aggregate reversal under this configuration.,1409
np-001821,0.004624230919230524,0,1,0,1,0.0,0.6435643564356436,0.9723361716702645,4.0,No aggregate reversal under this configuration.,1410
mead acid (20:3 n-9),0.004722579986037389,0,1,0,1,0.0,0.6831683168316832,0.9999922829383485,4.0,No aggregate reversal under this configuration.,1411
pd 407824,0.004724162473454095,2,9,2,9,0.2222222222222222,0.7821782178217822,1.0,4.444444444444445,No aggregate reversal under this configuration.,1412
MLN-8054,0.004727630692965631,5,13,5,13,0.38461538461538464,0.9504950495049505,1.0,4.615384615384615,No aggregate reversal under this configuration.,1413
nortriptyline hydrochloride,0.004749179329795546,0,2,0,2,0.0,0.8217821782178217,1.0,3.0,No aggregate reversal under this configuration.,1414
BRD-K03857568,0.004753571410154213,1,3,1,3,0.3333333333333333,0.8217821782178217,1.0,3.6666666666666665,No aggregate reversal under this configuration.,1415
BRD-K08316444,0.00477052032481023,1,3,1,3,0.3333333333333333,0.8118811881188119,1.0,4.666666666666667,No aggregate reversal under this configuration.,1416
BRD-A41250203,0.004780427485907801,1,5,1,5,0.2,0.8217821782178217,1.0,4.0,No aggregate reversal under this configuration.,1417
methotrexate,0.0047819516377586605,1,3,1,3,0.3333333333333333,0.8118811881188119,1.0,4.333333333333333,No aggregate reversal under this configuration.,1418
bl-079,0.004783972516286218,0,1,0,1,0.0,0.7524752475247525,1.0,3.0,No aggregate reversal under this configuration.,1419
BRD-A54077041,0.004804061252726466,0,1,0,1,0.0,0.6831683168316832,0.9999922829383485,5.0,No aggregate reversal under this configuration.,1420
BRD-A11087911,0.004822812911513525,0,2,0,2,0.0,0.7722772277227723,1.0,3.0,No aggregate reversal under this configuration.,1421
valproic acid,0.004825318547301864,0,1,0,1,0.0,0.7029702970297029,1.0,3.0,No aggregate reversal under this configuration.,1422
piretanide,0.004837559522062544,0,1,0,1,0.0,0.801980198019802,1.0,3.0,No aggregate reversal under this configuration.,1423
GSK-J4,0.004847160701421446,2,5,2,5,0.4,0.8811881188118812,1.0,4.8,No aggregate reversal under this configuration.,1424
BRD-K48950795,0.004855250807017934,0,1,0,1,0.0,0.693069306930693,1.0,3.0,No aggregate reversal under this configuration.,1425
bufalin,0.00486077717173238,4,9,4,9,0.4444444444444444,0.693069306930693,1.0,5.111111111111111,No aggregate reversal under this configuration.,1426
chaetocin,0.004867160691211361,9,26,9,26,0.34615384615384615,0.900990099009901,1.0,4.5,No aggregate reversal under this configuration.,1427
terbutaline hemisulfate,0.0048938993352918205,0,1,0,1,0.0,0.7524752475247525,1.0,4.0,No aggregate reversal under this configuration.,1428
ursolic acid,0.004926666289574694,3,6,3,6,0.5,0.8514851485148515,1.0,4.5,No aggregate reversal under this configuration.,1429
ly 288513,0.004939467236677354,0,1,0,1,0.0,0.7128712871287128,1.0,5.0,No aggregate reversal under this configuration.,1430
BRD-K37865504,0.004952885828347776,4,12,4,13,0.3333333333333333,0.8415841584158416,1.0,4.923076923076923,No aggregate reversal under this configuration.,1431
BRD-A58924247,0.004970245814372009,2,6,2,6,0.3333333333333333,0.8217821782178217,1.0,5.5,No aggregate reversal under this configuration.,1432
r406,0.004974094123908326,2,7,2,7,0.2857142857142857,0.7227722772277227,1.0,3.7142857142857144,No aggregate reversal under this configuration.,1433
NU-7026,0.00502044665537781,1,3,1,3,0.3333333333333333,0.900990099009901,1.0,3.0,No aggregate reversal under this configuration.,1434
px12,0.005031151430613074,6,15,6,15,0.4,0.8712871287128713,1.0,4.266666666666667,No aggregate reversal under this configuration.,1435
BRD-K89546934,0.005042596952798788,0,1,0,1,0.0,0.6237623762376238,0.9601850348969323,3.0,No aggregate reversal under this configuration.,1436
nsc 95397,0.0050471830293429745,2,5,2,5,0.4,0.8613861386138614,1.0,4.6,No aggregate reversal under this configuration.,1437
tl hras24 brd-k93060291,0.0050542829697868856,1,4,1,4,0.25,0.900990099009901,1.0,4.25,No aggregate reversal under this configuration.,1438
BRD-K80334323 (norethynodrel),0.005083875660303462,0,1,0,1,0.0,0.5841584158415841,0.926562081883864,3.0,No aggregate reversal under this configuration.,1439
QL-XII-47,0.005123725010096733,26,64,26,64,0.40625,0.8514851485148515,1.0,7.890625,No aggregate reversal under this configuration.,1440
aminoglutethimide,0.005125032602904889,0,1,0,1,0.0,0.801980198019802,1.0,4.0,No aggregate reversal under this configuration.,1441
BRD-K68202742 (trichostatin a),0.005132273691347847,5,16,8,23,0.3125,0.8712871287128713,1.0,5.217391304347826,No aggregate reversal under this configuration.,1442
BRD-K86472598,0.00515919798970701,1,4,1,4,0.25,0.8217821782178217,1.0,3.5,No aggregate reversal under this configuration.,1443
tegaserod,0.005175441931464167,0,3,0,3,0.0,0.8712871287128713,1.0,4.0,No aggregate reversal under this configuration.,1444
gangleoidin acetate,0.0051861222139265965,0,1,0,1,0.0,0.8514851485148515,1.0,3.0,No aggregate reversal under this configuration.,1445
cyt997,0.005220275446128509,5,14,5,14,0.35714285714285715,0.9306930693069307,1.0,4.071428571428571,No aggregate reversal under this configuration.,1446
BRD-K50387473,0.005231320766725441,2,6,2,6,0.3333333333333333,0.7920792079207921,1.0,4.333333333333333,No aggregate reversal under this configuration.,1447
BRD-K18724229,0.005240060457227122,0,3,0,3,0.0,0.8118811881188119,1.0,3.3333333333333335,No aggregate reversal under this configuration.,1448
fostamatinib,0.00525015383378777,5,14,5,14,0.35714285714285715,0.9702970297029703,1.0,5.214285714285714,No aggregate reversal under this configuration.,1449
np-009265,0.005265580182234893,0,1,0,1,0.0,0.6534653465346535,0.9809815513925494,4.0,No aggregate reversal under this configuration.,1450
metoclopramide monohydrochloride,0.0052963543886891664,0,1,0,1,0.0,0.6435643564356436,0.9723361716702645,4.0,No aggregate reversal under this configuration.,1451
pp 2,0.005348478868957069,0,3,0,3,0.0,0.8118811881188119,1.0,3.0,No aggregate reversal under this configuration.,1452
dm-55-3 brd-k81592585,0.005401359347983395,0,1,0,1,0.0,0.8217821782178217,1.0,3.0,No aggregate reversal under this configuration.,1453
BRD-K56411643,0.0054025351084406505,5,14,5,14,0.35714285714285715,0.8811881188118812,1.0,5.714285714285714,No aggregate reversal under this configuration.,1454
guggulsterone,0.005421332150368011,1,2,1,2,0.5,0.8514851485148515,1.0,4.0,No aggregate reversal under this configuration.,1455
modafinil,0.005427639286031672,0,1,0,1,0.0,0.9702970297029703,1.0,3.0,No aggregate reversal under this configuration.,1456
b675700.cdx,0.005441089542564772,9,24,9,24,0.375,0.8910891089108911,1.0,5.0,No aggregate reversal under this configuration.,1457
2-chloro-7-methoxyphenothiazine,0.0054478861257640345,0,1,0,1,0.0,0.7425742574257426,1.0,3.0,No aggregate reversal under this configuration.,1458
SYK-inhibitor,0.005449256172059259,6,14,6,14,0.42857142857142855,0.9108910891089109,1.0,5.714285714285714,No aggregate reversal under this configuration.,1459
r3904,0.005456296842960979,0,1,0,1,0.0,0.8415841584158416,1.0,4.0,No aggregate reversal under this configuration.,1460
BRD-A40431293,0.005477924489548605,2,6,2,6,0.3333333333333333,0.8217821782178217,1.0,5.666666666666667,No aggregate reversal under this configuration.,1461
BRD-K22006123,0.0054781803517125515,0,1,0,1,0.0,0.7326732673267327,1.0,3.0,No aggregate reversal under this configuration.,1462
hts 10765,0.005479489221585096,0,1,0,1,0.0,0.7128712871287128,1.0,6.0,No aggregate reversal under this configuration.,1463
gr-239,0.005513544940294742,0,1,0,1,0.0,0.7326732673267327,1.0,3.0,No aggregate reversal under this configuration.,1464
hy-10992,0.005524359206366262,1,4,1,4,0.25,0.7722772277227723,1.0,3.25,No aggregate reversal under this configuration.,1465
ncgc00165208-01,0.005536112931441779,0,1,0,1,0.0,0.7128712871287128,1.0,4.0,No aggregate reversal under this configuration.,1466
BRD-K65904652,0.005556093136180254,0,3,0,3,0.0,0.900990099009901,1.0,3.0,No aggregate reversal under this configuration.,1467
BRD-K52914903,0.005654954432337706,0,2,0,2,0.0,0.7821782178217822,1.0,4.5,No aggregate reversal under this configuration.,1468
dy131,0.005678783119106318,0,1,0,1,0.0,0.8217821782178217,1.0,3.0,No aggregate reversal under this configuration.,1469
BRD-A27640568,0.005679294666841592,1,3,1,3,0.3333333333333333,0.7524752475247525,1.0,4.666666666666667,No aggregate reversal under this configuration.,1470
kenpaullone,0.005727957120376456,1,4,1,4,0.25,0.7821782178217822,1.0,4.0,No aggregate reversal under this configuration.,1471
BRD-K34966483,0.005758150603269013,0,1,0,1,0.0,0.693069306930693,1.0,6.0,No aggregate reversal under this configuration.,1472
nsc 693868,0.005780078702872952,0,1,0,1,0.0,0.8118811881188119,1.0,4.0,No aggregate reversal under this configuration.,1473
dihydroergocristine,0.0057805180532101,1,2,1,2,0.5,0.8217821782178217,1.0,5.0,No aggregate reversal under this configuration.,1474
BRD-K27169919,0.005811346809183458,1,2,1,2,0.5,0.8613861386138614,1.0,5.5,No aggregate reversal under this configuration.,1475
bromocriptine mesylate,0.00581627956524267,0,2,0,2,0.0,0.8811881188118812,1.0,3.5,No aggregate reversal under this configuration.,1476
veliparib,0.0059778287206724064,1,3,1,3,0.3333333333333333,0.9405940594059405,1.0,4.666666666666667,No aggregate reversal under this configuration.,1477
"ici-162,846",0.0059780507464718404,0,2,0,2,0.0,0.7425742574257426,1.0,4.5,No aggregate reversal under this configuration.,1478
dapt,0.0060088265023611346,0,1,0,1,0.0,0.7524752475247525,1.0,3.0,No aggregate reversal under this configuration.,1479
emetine dihydrochloride hydrate (74),0.006015222295095072,5,23,5,23,0.21739130434782608,0.8118811881188119,1.0,5.260869565217392,No aggregate reversal under this configuration.,1480
v2264,0.006035484509120648,1,4,1,4,0.25,0.8217821782178217,1.0,4.0,No aggregate reversal under this configuration.,1481
mk 212,0.00603688197428975,1,2,1,2,0.5,0.8217821782178217,1.0,3.5,No aggregate reversal under this configuration.,1482
anagrelide hydrochloride,0.006054917155001899,0,3,0,3,0.0,0.900990099009901,1.0,3.6666666666666665,No aggregate reversal under this configuration.,1483
phensuximide,0.006068174956418302,0,1,0,1,0.0,0.6732673267326733,0.9940220437138053,5.0,No aggregate reversal under this configuration.,1484
BRD-U04166717,0.006101792501325479,0,1,0,1,0.0,0.7128712871287128,1.0,5.0,No aggregate reversal under this configuration.,1485
nadolol,0.006118320841016738,0,2,0,2,0.0,0.7821782178217822,1.0,4.0,No aggregate reversal under this configuration.,1486
BRD-K18595892,0.006132594176181016,0,1,0,1,0.0,0.7227722772277227,1.0,3.0,No aggregate reversal under this configuration.,1487
BRD-K39345836,0.006151923784495326,0,1,0,1,0.0,0.7029702970297029,1.0,4.0,No aggregate reversal under this configuration.,1488
mdv3100,0.006151994421566115,0,1,0,1,0.0,0.8118811881188119,1.0,5.0,No aggregate reversal under this configuration.,1489
u-0126,0.006153030546567901,0,1,0,1,0.0,0.7623762376237624,1.0,4.0,No aggregate reversal under this configuration.,1490
nifedipine,0.006204947013601705,0,1,0,1,0.0,0.7722772277227723,1.0,3.0,No aggregate reversal under this configuration.,1491
hypericin,0.006225379390279738,0,1,0,1,0.0,0.7425742574257426,1.0,5.0,No aggregate reversal under this configuration.,1492
losartan,0.006229115421358117,0,2,0,2,0.0,0.8514851485148515,1.0,3.5,No aggregate reversal under this configuration.,1493
meclofenamic acid sodium salt monohydrate,0.006241292122837701,1,2,1,2,0.5,0.8910891089108911,1.0,3.0,No aggregate reversal under this configuration.,1494
ala-ala-phe-cmk,0.0062989256892878,0,1,0,1,0.0,0.7524752475247525,1.0,3.0,No aggregate reversal under this configuration.,1495
ncgc00241726-01,0.006309323716436442,1,2,1,2,0.5,0.6435643564356436,0.9723361716702645,5.0,No aggregate reversal under this configuration.,1496
BRD-K15519488,0.006349755672731564,0,1,0,1,0.0,0.8118811881188119,1.0,3.0,No aggregate reversal under this configuration.,1497
BRD-U43867373,0.006391448108439685,1,2,1,2,0.5,0.8613861386138614,1.0,3.5,No aggregate reversal under this configuration.,1498
BRD-K95196255,0.006397959082897509,2,5,2,5,0.4,0.8316831683168316,1.0,4.6,No aggregate reversal under this configuration.,1499
cgp 52432,0.00642963695642841,0,1,0,1,0.0,0.801980198019802,1.0,3.0,No aggregate reversal under this configuration.,1500
BRD-K75128590,0.006469611879072853,0,1,0,1,0.0,0.7425742574257426,1.0,6.0,No aggregate reversal under this configuration.,1501
piroxicam,0.006478995852892247,0,1,0,1,0.0,0.6237623762376238,0.9601850348969323,3.0,No aggregate reversal under this configuration.,1502
gp 2a,0.006499203428230722,0,1,0,1,0.0,0.8118811881188119,1.0,4.0,No aggregate reversal under this configuration.,1503
BRD-K60757524,0.006503429514663317,0,1,0,1,0.0,0.7227722772277227,1.0,3.0,No aggregate reversal under this configuration.,1504
s1030,0.006546969429373831,6,13,6,13,0.46153846153846156,0.8316831683168316,1.0,5.769230769230769,No aggregate reversal under this configuration.,1505
gm6001,0.00655736993995475,0,1,0,1,0.0,0.7128712871287128,1.0,3.0,No aggregate reversal under this configuration.,1506
bulleyaconitine a,0.00658240607738855,0,1,0,1,0.0,0.8415841584158416,1.0,3.0,No aggregate reversal under this configuration.,1507
BRD-K77547920,0.00658767555937526,2,6,2,6,0.3333333333333333,0.8910891089108911,1.0,4.666666666666667,No aggregate reversal under this configuration.,1508
cvf-csc-7 brd-a32595718,0.00660417955234895,0,2,0,3,0.0,0.8613861386138614,1.0,3.0,No aggregate reversal under this configuration.,1509
thimerosal,0.006656144404647635,1,2,1,2,0.5,0.8712871287128713,1.0,4.0,No aggregate reversal under this configuration.,1510
BRD-K56653679,0.0066614911245684695,1,7,1,7,0.14285714285714285,0.801980198019802,1.0,4.0,No aggregate reversal under this configuration.,1511
BRD-K02458594,0.006691309970915571,0,1,0,1,0.0,0.8118811881188119,1.0,3.0,No aggregate reversal under this configuration.,1512
XMD16-144,0.006711288585793378,19,45,19,45,0.4222222222222222,0.9801980198019802,1.0,7.777777777777778,No aggregate reversal under this configuration.,1513
ON-01910,0.006725221750182267,7,25,7,25,0.28,0.9504950495049505,1.0,4.92,No aggregate reversal under this configuration.,1514
narciclasine,0.006744894676301916,9,37,9,37,0.24324324324324326,0.8415841584158416,1.0,5.486486486486487,No aggregate reversal under this configuration.,1515
BRD-A57107094,0.006758274257979342,0,1,0,1,0.0,0.7029702970297029,1.0,10.0,No aggregate reversal under this configuration.,1516
(-)-gallocatechin gallate,0.006767723786269322,0,5,0,5,0.0,0.9207920792079208,1.0,4.4,No aggregate reversal under this configuration.,1517
BRD-K90543092,0.006781760534310486,0,1,0,1,0.0,0.7524752475247525,1.0,5.0,No aggregate reversal under this configuration.,1518
BRD-K35638681,0.006792803563483346,0,1,0,1,0.0,0.8217821782178217,1.0,4.0,No aggregate reversal under this configuration.,1519
ki 8751,0.006803405238356932,1,3,1,3,0.3333333333333333,0.8118811881188119,1.0,4.333333333333333,No aggregate reversal under this configuration.,1520
oxfendazole,0.00680596836281468,0,1,0,1,0.0,0.8712871287128713,1.0,4.0,No aggregate reversal under this configuration.,1521
dinaciclib,0.00682121472052585,18,39,18,39,0.46153846153846156,0.8910891089108911,1.0,8.205128205128204,No aggregate reversal under this configuration.,1522
bl-009,0.006835386313095427,1,3,1,3,0.3333333333333333,0.8514851485148515,1.0,3.3333333333333335,No aggregate reversal under this configuration.,1523
BRD-K72381041,0.006848714636989789,0,1,0,1,0.0,0.693069306930693,1.0,3.0,No aggregate reversal under this configuration.,1524
disulfiram,0.006877514334407869,1,2,1,2,0.5,0.8118811881188119,1.0,3.5,No aggregate reversal under this configuration.,1525
np-002491,0.006908216364919574,0,1,0,1,0.0,0.7029702970297029,1.0,4.0,No aggregate reversal under this configuration.,1526
syrosingopine,0.006909123865886336,0,1,0,1,0.0,0.8118811881188119,1.0,3.0,No aggregate reversal under this configuration.,1527
nicardipine hydrochloride,0.006929525067378596,0,1,0,1,0.0,0.7821782178217822,1.0,3.0,No aggregate reversal under this configuration.,1528
calyculin a,0.0069891280079816594,4,8,4,8,0.5,0.9207920792079208,1.0,4.5,No aggregate reversal under this configuration.,1529
zardaverine,0.007005314666024009,0,1,0,1,0.0,0.7425742574257426,1.0,6.0,No aggregate reversal under this configuration.,1530
vu0415533-1,0.007011563715517282,0,1,0,1,0.0,0.8118811881188119,1.0,3.0,No aggregate reversal under this configuration.,1531
np-010155,0.007021519128189589,0,1,0,1,0.0,0.900990099009901,1.0,3.0,No aggregate reversal under this configuration.,1532
BRD-K05104363,0.007027271322819427,0,2,0,2,0.0,0.8217821782178217,1.0,4.0,No aggregate reversal under this configuration.,1533
BRD-K45205755,0.007034174649868259,0,1,0,1,0.0,0.7227722772277227,1.0,3.0,No aggregate reversal under this configuration.,1534
api-2,0.007051914667773557,0,1,0,1,0.0,0.7821782178217822,1.0,4.0,No aggregate reversal under this configuration.,1535
BRD-K10906552,0.007096032621224568,0,1,0,1,0.0,0.7128712871287128,1.0,8.0,No aggregate reversal under this configuration.,1536
BRD-K66555411,0.007119076189729344,0,1,0,1,0.0,0.7821782178217822,1.0,3.0,No aggregate reversal under this configuration.,1537
h7270,0.007129409442141609,3,10,3,10,0.3,0.8811881188118812,1.0,5.6,No aggregate reversal under this configuration.,1538
tw 37,0.007131697838677555,5,15,5,15,0.3333333333333333,0.9504950495049505,1.0,4.6,No aggregate reversal under this configuration.,1539
amodiaquin dihydrochloride dihydrate,0.007222148531380692,0,2,0,2,0.0,0.7722772277227723,1.0,5.5,No aggregate reversal under this configuration.,1540
sch 442416,0.007228702785201437,0,1,0,1,0.0,0.7524752475247525,1.0,3.0,No aggregate reversal under this configuration.,1541
forskolin,0.007238240877030773,0,4,0,4,0.0,0.9207920792079208,1.0,3.5,No aggregate reversal under this configuration.,1542
ag 957,0.007248644648084453,2,6,2,6,0.3333333333333333,0.9108910891089109,1.0,4.5,No aggregate reversal under this configuration.,1543
ouabain,0.007310954457596805,5,13,6,16,0.38461538461538464,0.8910891089108911,1.0,4.625,No aggregate reversal under this configuration.,1544
BRD-K41931739,0.007430710808821824,0,1,0,1,0.0,0.7821782178217822,1.0,4.0,No aggregate reversal under this configuration.,1545
azacitidine,0.007492135223307222,6,17,6,17,0.35294117647058826,0.9702970297029703,1.0,6.588235294117647,No aggregate reversal under this configuration.,1546
gr-235,0.007492681674616565,0,1,0,1,0.0,0.8613861386138614,1.0,3.0,No aggregate reversal under this configuration.,1547
BRD-A25088322,0.007505570997716076,0,2,0,2,0.0,0.8910891089108911,1.0,3.5,No aggregate reversal under this configuration.,1548
dequalinium dichloride,0.007529007959042517,0,1,0,1,0.0,0.8217821782178217,1.0,3.0,No aggregate reversal under this configuration.,1549
ncgc00183690-01,0.007556268555917179,1,4,1,4,0.25,0.9306930693069307,1.0,6.0,No aggregate reversal under this configuration.,1550
BRD-K04156788,0.007564763406513507,0,1,0,1,0.0,0.7722772277227723,1.0,3.0,No aggregate reversal under this configuration.,1551
BRD-K16180117,0.007564763406513507,0,1,0,1,0.0,0.8217821782178217,1.0,3.0,No aggregate reversal under this configuration.,1552
s1352,0.007564763406513507,0,1,0,1,0.0,0.8118811881188119,1.0,3.0,No aggregate reversal under this configuration.,1553
eriodyctol,0.007567068347452386,0,1,0,1,0.0,0.8712871287128713,1.0,4.0,No aggregate reversal under this configuration.,1554
ly-294002,0.00757052791584046,1,4,1,4,0.25,1.0,1.0,3.0,No aggregate reversal under this configuration.,1555
ncgc00165188-01,0.007572605369198287,0,2,0,2,0.0,0.8811881188118812,1.0,4.0,No aggregate reversal under this configuration.,1556
BRD-K07395346,0.007609029244352946,0,1,0,1,0.0,0.8613861386138614,1.0,3.0,No aggregate reversal under this configuration.,1557
BRD-K54256913,0.00767687270081015,3,12,3,12,0.25,0.9603960396039604,1.0,4.166666666666667,No aggregate reversal under this configuration.,1558
BRD-A37735495,0.007682317661963196,1,4,1,4,0.25,0.9108910891089109,1.0,3.5,No aggregate reversal under this configuration.,1559
BRD-K63068307,0.007718482191886113,1,4,1,4,0.25,0.9603960396039604,1.0,3.25,No aggregate reversal under this configuration.,1560
I-BET,0.0077189564066166534,8,29,8,29,0.27586206896551724,0.9900990099009901,1.0,5.793103448275862,No aggregate reversal under this configuration.,1561
ncgc00167098-01,0.007787329336098988,0,1,0,1,0.0,0.7920792079207921,1.0,5.0,No aggregate reversal under this configuration.,1562
tropisetron hcl,0.007807712255453689,0,1,0,1,0.0,0.7524752475247525,1.0,5.0,No aggregate reversal under this configuration.,1563
erythromycin,0.007834580492206922,0,1,0,1,0.0,0.8712871287128713,1.0,5.0,No aggregate reversal under this configuration.,1564
motesanib,0.007846108225064163,0,2,0,2,0.0,0.9207920792079208,1.0,4.0,No aggregate reversal under this configuration.,1565
ncgc00188536-01,0.007922194846655798,1,3,1,3,0.3333333333333333,0.900990099009901,1.0,3.3333333333333335,No aggregate reversal under this configuration.,1566
BRD-U44618005,0.007934714246789718,0,1,0,1,0.0,0.7920792079207921,1.0,4.0,No aggregate reversal under this configuration.,1567
BRD-K56515112 (medrysone),0.007944196297987637,0,1,0,1,0.0,0.8613861386138614,1.0,3.0,No aggregate reversal under this configuration.,1568
BRD-K73319509,0.007956967783039545,0,2,0,2,0.0,0.8613861386138614,1.0,4.5,No aggregate reversal under this configuration.,1569
flurofamide,0.007957928780742956,0,1,0,1,0.0,0.7821782178217822,1.0,5.0,No aggregate reversal under this configuration.,1570
periplocymarin,0.007965428531969139,3,8,3,8,0.375,0.8712871287128713,1.0,4.75,No aggregate reversal under this configuration.,1571
ncgc00229595-01,0.007982952232506176,0,1,0,1,0.0,0.9306930693069307,1.0,3.0,No aggregate reversal under this configuration.,1572
BRD-K81473043,0.008046580549880212,2,8,2,8,0.25,0.9900990099009901,1.0,3.875,No aggregate reversal under this configuration.,1573
fludrocortisone acetate,0.008051444224855058,0,1,0,1,0.0,0.8910891089108911,1.0,4.0,No aggregate reversal under this configuration.,1574
vu0415556-1,0.008053465177238622,0,1,0,1,0.0,0.6831683168316832,0.9999922829383485,3.0,No aggregate reversal under this configuration.,1575
KIN001-220,0.008114988328176309,3,7,3,7,0.42857142857142855,0.9801980198019802,1.0,5.285714285714286,No aggregate reversal under this configuration.,1576
pp3,0.008178544991396825,0,1,0,1,0.0,0.7623762376237624,1.0,4.0,No aggregate reversal under this configuration.,1577
BRD-U86222656,0.008179690735661866,0,2,0,2,0.0,0.8712871287128713,1.0,4.5,No aggregate reversal under this configuration.,1578
ncgc00241435-01,0.008198757894779635,0,1,0,1,0.0,0.900990099009901,1.0,4.0,No aggregate reversal under this configuration.,1579
vu0415555-1,0.008274599527511875,0,1,0,1,0.0,0.8613861386138614,1.0,3.0,No aggregate reversal under this configuration.,1580
rosiglitazone hydrochloride,0.008330525314191456,1,3,1,3,0.3333333333333333,0.9405940594059405,1.0,4.666666666666667,No aggregate reversal under this configuration.,1581
BRD-K98676510,0.0083462498440711,0,3,0,3,0.0,0.7722772277227723,1.0,4.0,No aggregate reversal under this configuration.,1582
pizotyline malate,0.008346624251165821,0,1,0,1,0.0,0.900990099009901,1.0,3.0,No aggregate reversal under this configuration.,1583
GSK-3-inhibitor-II,0.008409956490333277,1,3,1,3,0.3333333333333333,0.9405940594059405,1.0,4.666666666666667,No aggregate reversal under this configuration.,1584
g-201,0.008412078064589924,0,1,0,1,0.0,0.8811881188118812,1.0,4.0,No aggregate reversal under this configuration.,1585
BRD-K68007270,0.008454692872062488,0,2,0,2,0.0,0.9504950495049505,1.0,3.0,No aggregate reversal under this configuration.,1586
bapta-am,0.008459772716188006,1,2,1,2,0.5,0.8910891089108911,1.0,4.5,No aggregate reversal under this configuration.,1587
piplartine,0.008485728334838101,7,30,9,35,0.23333333333333334,0.9801980198019802,1.0,4.257142857142857,No aggregate reversal under this configuration.,1588
zk 93423,0.008518475418395592,0,2,0,2,0.0,0.9207920792079208,1.0,4.0,No aggregate reversal under this configuration.,1589
brinzolamide,0.008555325358288962,0,1,0,1,0.0,0.8712871287128713,1.0,3.0,No aggregate reversal under this configuration.,1590
BRD-K15107389,0.008660102763513658,0,1,0,1,0.0,0.8712871287128713,1.0,3.0,No aggregate reversal under this configuration.,1591
cdc,0.008674113592887746,0,1,0,1,0.0,0.8910891089108911,1.0,3.0,No aggregate reversal under this configuration.,1592
hy-10181,0.008693174156339224,1,3,1,3,0.3333333333333333,0.9108910891089109,1.0,3.3333333333333335,No aggregate reversal under this configuration.,1593
qs 11,0.008695679701136058,2,6,2,6,0.3333333333333333,0.9702970297029703,1.0,3.0,No aggregate reversal under this configuration.,1594
k784-3188,0.008697334865557824,2,6,2,7,0.3333333333333333,0.9603960396039604,1.0,5.0,No aggregate reversal under this configuration.,1595
phenothiazine,0.008714099302436346,0,1,0,1,0.0,0.8415841584158416,1.0,4.0,No aggregate reversal under this configuration.,1596
BRD-K93568044 (hydrocortisone),0.00877845711699441,0,1,0,1,0.0,0.7524752475247525,1.0,6.0,No aggregate reversal under this configuration.,1597
loteprednol,0.008826326448128419,0,1,0,1,0.0,0.7623762376237624,1.0,4.0,No aggregate reversal under this configuration.,1598
VX-745,0.00886320018117892,1,2,1,2,0.5,0.9702970297029703,1.0,4.0,No aggregate reversal under this configuration.,1599
pazopanib,0.008874138546505735,2,6,2,6,0.3333333333333333,0.9801980198019802,1.0,5.0,No aggregate reversal under this configuration.,1600
imodium,0.008924263087088335,2,5,2,5,0.4,0.9504950495049505,1.0,4.8,No aggregate reversal under this configuration.,1601
hoechst  33342 (cell permeable) (bisbenzimide),0.008936633990644552,0,1,0,1,0.0,0.7722772277227723,1.0,5.0,No aggregate reversal under this configuration.,1602
benzethonium chloride,0.009024316015217526,0,2,0,2,0.0,0.8613861386138614,1.0,4.0,No aggregate reversal under this configuration.,1603
BRD-K29143967,0.00903771279869631,0,1,0,1,0.0,0.9306930693069307,1.0,4.0,No aggregate reversal under this configuration.,1604
"l-690,330",0.009131027005041412,0,1,0,1,0.0,0.8613861386138614,1.0,4.0,No aggregate reversal under this configuration.,1605
l 161982,0.009132353142917892,0,2,0,3,0.0,0.9405940594059405,1.0,4.0,No aggregate reversal under this configuration.,1606
BRD-K40373196,0.009145596516964689,1,4,1,4,0.25,0.8910891089108911,1.0,4.0,No aggregate reversal under this configuration.,1607
strophantine octahydrate,0.00916853217069908,2,9,2,9,0.2222222222222222,0.9702970297029703,1.0,4.888888888888889,No aggregate reversal under this configuration.,1608
"methyl 2,5-dihydroxycinnamate",0.00930536711904787,0,1,0,1,0.0,0.8118811881188119,1.0,6.0,No aggregate reversal under this configuration.,1609
minoxidil,0.00937284617021471,0,2,0,2,0.0,0.8910891089108911,1.0,4.0,No aggregate reversal under this configuration.,1610
c1386,0.009391845936265833,0,1,0,1,0.0,0.8316831683168316,1.0,3.0,No aggregate reversal under this configuration.,1611
paclitaxel,0.009391845936265833,0,1,0,1,0.0,0.7326732673267327,1.0,3.0,No aggregate reversal under this configuration.,1612
UNC669,0.009427163269903262,1,2,1,2,0.5,0.9603960396039604,1.0,5.0,No aggregate reversal under this configuration.,1613
BRD-K30849099,0.009481196953836776,0,2,0,2,0.0,0.9207920792079208,1.0,3.5,No aggregate reversal under this configuration.,1614
BRD-A30395175,0.009521807637081712,0,1,0,1,0.0,0.9108910891089109,1.0,4.0,No aggregate reversal under this configuration.,1615
homoharringtonine,0.009523993197724396,4,14,4,18,0.2857142857142857,0.8910891089108911,1.0,5.666666666666667,No aggregate reversal under this configuration.,1616
estradiol,0.009586824075899144,1,2,2,3,0.5,0.9504950495049505,1.0,3.0,No aggregate reversal under this configuration.,1617
pracinostat,0.009594980959972695,17,45,17,45,0.37777777777777777,1.0,1.0,8.377777777777778,No aggregate reversal under this configuration.,1618
carbazol-9-yl-p-tolyl-methanone,0.009633390281793629,0,3,0,3,0.0,0.8712871287128713,1.0,3.6666666666666665,No aggregate reversal under this configuration.,1619
hinokitiol,0.00969375190254459,2,5,2,5,0.4,0.9405940594059405,1.0,4.4,No aggregate reversal under this configuration.,1620
clobetasol propionate,0.009698565294672041,0,1,0,1,0.0,0.900990099009901,1.0,3.0,No aggregate reversal under this configuration.,1621
cilostazol,0.009702644625753756,0,1,0,1,0.0,0.9108910891089109,1.0,4.0,No aggregate reversal under this configuration.,1622
vu0365121-1,0.00971259162938291,0,2,0,2,0.0,0.8712871287128713,1.0,5.0,No aggregate reversal under this configuration.,1623
fluorometholone,0.009729014180225072,0,1,0,1,0.0,0.8910891089108911,1.0,4.0,No aggregate reversal under this configuration.,1624
remoxipride hydrochloride,0.00976261073582832,0,1,0,1,0.0,0.9504950495049505,1.0,4.0,No aggregate reversal under this configuration.,1625
mls-0435526.0001,0.009846979987889984,0,2,0,2,0.0,0.9108910891089109,1.0,3.5,No aggregate reversal under this configuration.,1626
penicillin v,0.009912034351525925,0,1,0,1,0.0,0.7722772277227723,1.0,5.0,No aggregate reversal under this configuration.,1627
AGK-2,0.009915481767014043,0,2,0,2,0.0,0.9702970297029703,1.0,3.5,No aggregate reversal under this configuration.,1628
BRD-K02562327,0.009982758145488988,0,1,0,1,0.0,0.7722772277227723,1.0,3.0,No aggregate reversal under this configuration.,1629
busulfan,0.009993795628956175,0,1,0,1,0.0,0.9504950495049505,1.0,4.0,No aggregate reversal under this configuration.,1630
ethyl-beta-carboline-3-carboxylate,0.010005703874504739,0,1,0,1,0.0,0.8712871287128713,1.0,3.0,No aggregate reversal under this configuration.,1631
tomoxetine hydrochloride,0.010023073112252884,0,2,0,2,0.0,0.9306930693069307,1.0,4.0,No aggregate reversal under this configuration.,1632
gr-108,0.0100430334503229,0,2,0,2,0.0,0.9207920792079208,1.0,4.5,No aggregate reversal under this configuration.,1633
BRD-K70917163,0.010049524424204901,0,2,0,2,0.0,0.8613861386138614,1.0,4.0,No aggregate reversal under this configuration.,1634
BRD-A18725729,0.010113112750186375,1,5,1,5,0.2,0.9504950495049505,1.0,4.2,No aggregate reversal under this configuration.,1635
cefixime,0.0101152054209386,0,1,0,1,0.0,0.7920792079207921,1.0,4.0,No aggregate reversal under this configuration.,1636
ly 303511,0.010139407662432544,0,1,0,1,0.0,0.8910891089108911,1.0,3.0,No aggregate reversal under this configuration.,1637
ncgc00188488-01,0.01019471522255812,0,1,0,1,0.0,0.900990099009901,1.0,4.0,No aggregate reversal under this configuration.,1638
stock1s-53863,0.010220440565059254,2,7,2,8,0.2857142857142857,0.9801980198019802,1.0,4.25,No aggregate reversal under this configuration.,1639
nylidrin hydrochloride,0.010272915446231923,0,1,0,1,0.0,0.9207920792079208,1.0,6.0,No aggregate reversal under this configuration.,1640
ncgc00181381-01,0.01028011118307046,0,1,0,1,0.0,0.8514851485148515,1.0,3.0,No aggregate reversal under this configuration.,1641
tinidazole,0.01037151077631785,0,1,0,1,0.0,0.9603960396039604,1.0,4.0,No aggregate reversal under this configuration.,1642
sb 431542,0.010379795156761237,0,1,0,1,0.0,0.9702970297029703,1.0,4.0,No aggregate reversal under this configuration.,1643
BRD-K14788918,0.010425398332563288,1,3,1,3,0.3333333333333333,0.9306930693069307,1.0,5.666666666666667,No aggregate reversal under this configuration.,1644
trazodone hydrochloride,0.010441437295145222,0,1,0,1,0.0,0.801980198019802,1.0,5.0,No aggregate reversal under this configuration.,1645
herniarin,0.010468594459583216,1,2,1,2,0.5,0.900990099009901,1.0,4.0,No aggregate reversal under this configuration.,1646
BRD-K94841585,0.010469611588925351,0,1,0,1,0.0,0.801980198019802,1.0,3.0,No aggregate reversal under this configuration.,1647
prestw-550,0.010492891538577655,0,2,0,2,0.0,0.8712871287128713,1.0,3.5,No aggregate reversal under this configuration.,1648
FR-180204,0.010495458398495593,1,2,1,2,0.5,0.9306930693069307,1.0,8.0,No aggregate reversal under this configuration.,1649
BRD-K97274161,0.010501429753884246,0,1,0,1,0.0,0.9306930693069307,1.0,4.0,No aggregate reversal under this configuration.,1650
BRD-K68174511,0.010511208996685735,3,8,3,8,0.375,1.0,1.0,6.0,No aggregate reversal under this configuration.,1651
ssr 69071,0.010561883455229333,0,3,0,3,0.0,0.9504950495049505,1.0,3.6666666666666665,No aggregate reversal under this configuration.,1652
lomerizine dihcl,0.010612701242493132,0,1,0,1,0.0,0.8910891089108911,1.0,3.0,No aggregate reversal under this configuration.,1653
alprostadil,0.01069547727493499,0,1,0,1,0.0,0.9207920792079208,1.0,3.0,No aggregate reversal under this configuration.,1654
penitrem a,0.010750453958090496,0,1,0,1,0.0,0.9108910891089109,1.0,3.0,No aggregate reversal under this configuration.,1655
ncgc00167097-01,0.010897591096066736,0,1,0,1,0.0,0.9603960396039604,1.0,3.0,No aggregate reversal under this configuration.,1656
BRD-A18411371,0.010906561685670595,0,2,0,2,0.0,0.9207920792079208,1.0,5.0,No aggregate reversal under this configuration.,1657
strophanthidin,0.01091620296272575,3,8,3,8,0.375,0.9603960396039604,1.0,5.0,No aggregate reversal under this configuration.,1658
gr-105,0.010947551987591758,0,1,0,1,0.0,0.900990099009901,1.0,4.0,No aggregate reversal under this configuration.,1659
tacrolimus,0.01097459455272375,0,2,0,2,0.0,0.900990099009901,1.0,3.0,No aggregate reversal under this configuration.,1660
BRD-K37021324,0.01097681055672054,0,1,0,1,0.0,0.9504950495049505,1.0,3.0,No aggregate reversal under this configuration.,1661
GSK1059615,0.01108195677004925,3,6,3,6,0.5,1.0,1.0,5.0,No aggregate reversal under this configuration.,1662
np-007374,0.01108792470537565,0,1,0,1,0.0,0.8316831683168316,1.0,4.0,No aggregate reversal under this configuration.,1663
ossk 647368,0.011118396029959393,0,2,0,2,0.0,0.9405940594059405,1.0,3.0,No aggregate reversal under this configuration.,1664
digitoxin,0.01112110004348047,4,13,4,13,0.3076923076923077,0.9504950495049505,1.0,5.076923076923077,No aggregate reversal under this configuration.,1665
BRD-K15885023,0.011221717906760442,0,1,0,1,0.0,0.8811881188118812,1.0,4.0,No aggregate reversal under this configuration.,1666
moclobemide,0.011286578907595476,0,1,0,1,0.0,0.693069306930693,1.0,3.0,No aggregate reversal under this configuration.,1667
sb 206553 hydrochloride,0.011288310890576067,0,1,0,1,0.0,0.8910891089108911,1.0,3.0,No aggregate reversal under this configuration.,1668
carbetapentane citrate,0.011372249527803111,0,1,0,1,0.0,0.9306930693069307,1.0,4.0,No aggregate reversal under this configuration.,1669
sunitinib,0.011452750843635708,9,22,9,22,0.4090909090909091,1.0,1.0,6.409090909090909,No aggregate reversal under this configuration.,1670
hy-13001,0.011475621942571608,0,2,0,2,0.0,0.9603960396039604,1.0,4.5,No aggregate reversal under this configuration.,1671
BRD-K93443135,0.01147616392235957,0,1,0,1,0.0,0.9306930693069307,1.0,3.0,No aggregate reversal under this configuration.,1672
BRD-A83124583,0.01149249855486959,0,1,0,1,0.0,0.8811881188118812,1.0,3.0,No aggregate reversal under this configuration.,1673
ic 261,0.011560840594541872,1,4,1,4,0.25,0.9900990099009901,1.0,4.0,No aggregate reversal under this configuration.,1674
15-delta prostaglandin j2,0.01156246997653382,1,2,1,2,0.5,0.9603960396039604,1.0,3.5,No aggregate reversal under this configuration.,1675
np-004102,0.01158757779008937,1,3,1,3,0.3333333333333333,0.9702970297029703,1.0,4.0,No aggregate reversal under this configuration.,1676
BRD-K00028814,0.011644156519136535,0,1,0,1,0.0,0.9108910891089109,1.0,4.0,No aggregate reversal under this configuration.,1677
gw 843682x,0.011663437081501003,0,3,0,4,0.0,0.9900990099009901,1.0,3.5,No aggregate reversal under this configuration.,1678
dexamethasone,0.011715490193199705,1,2,1,2,0.5,0.9504950495049505,1.0,3.0,No aggregate reversal under this configuration.,1679
bis-tyrphostin,0.011719720359231248,0,1,0,1,0.0,0.9108910891089109,1.0,5.0,No aggregate reversal under this configuration.,1680
CTB,0.011722127533145416,0,3,0,3,0.0,0.9801980198019802,1.0,3.3333333333333335,No aggregate reversal under this configuration.,1681
lasalocid sodium salt,0.011728332557566465,0,1,0,1,0.0,0.900990099009901,1.0,5.0,No aggregate reversal under this configuration.,1682
PHA-767491,0.011729662305481402,3,12,3,12,0.25,1.0,1.0,7.75,No aggregate reversal under this configuration.,1683
finasteride,0.01174605940889497,0,1,0,1,0.0,0.8415841584158416,1.0,5.0,No aggregate reversal under this configuration.,1684
BRD-K88832793,0.01176976634074812,0,1,0,1,0.0,0.8910891089108911,1.0,3.0,No aggregate reversal under this configuration.,1685
sodium dehydrocholate,0.011816172070045207,0,1,0,1,0.0,0.900990099009901,1.0,3.0,No aggregate reversal under this configuration.,1686
r2146,0.011860684016358853,2,7,2,7,0.2857142857142857,0.9900990099009901,1.0,4.0,No aggregate reversal under this configuration.,1687
BRD-K55127335,0.011992687319831842,0,1,0,1,0.0,0.9702970297029703,1.0,3.0,No aggregate reversal under this configuration.,1688
cct 018159,0.012022210030978673,1,3,1,3,0.3333333333333333,0.9702970297029703,1.0,3.6666666666666665,No aggregate reversal under this configuration.,1689
obaa,0.012068783152281133,0,1,0,1,0.0,0.8316831683168316,1.0,3.0,No aggregate reversal under this configuration.,1690
flurandrenolide,0.01207090669660943,0,1,0,1,0.0,0.8811881188118812,1.0,3.0,No aggregate reversal under this configuration.,1691
cabozantinib,0.012096690282832803,2,5,2,5,0.4,0.9702970297029703,1.0,6.8,No aggregate reversal under this configuration.,1692
metergoline,0.012209556176759527,0,1,0,1,0.0,0.8415841584158416,1.0,3.0,No aggregate reversal under this configuration.,1693
BRD-K47635719 (dexamethasone acetate),0.012288696247531374,0,1,0,1,0.0,0.9603960396039604,1.0,4.0,No aggregate reversal under this configuration.,1694
mw-a1-14 brd-k32010074,0.012300599230471283,0,2,0,2,0.0,0.9801980198019802,1.0,3.5,No aggregate reversal under this configuration.,1695
sarmentogenin,0.012407145222249468,1,4,1,4,0.25,0.8415841584158416,1.0,4.75,No aggregate reversal under this configuration.,1696
gsk-3b inhibitor viii,0.012439621707905487,0,2,0,2,0.0,0.9108910891089109,1.0,4.5,No aggregate reversal under this configuration.,1697
pyrazolanthrone,0.012534743869531722,0,2,0,2,0.0,0.9702970297029703,1.0,4.5,No aggregate reversal under this configuration.,1698
BRD-K88278225,0.012536115956478747,0,1,0,1,0.0,0.8712871287128713,1.0,3.0,No aggregate reversal under this configuration.,1699
BRD-K07877311,0.012630804031608848,1,2,1,2,0.5,0.9306930693069307,1.0,4.5,No aggregate reversal under this configuration.,1700
cgs 15943,0.012640611093645834,0,1,0,1,0.0,0.9207920792079208,1.0,3.0,No aggregate reversal under this configuration.,1701
BRD-K83336168,0.012679086063910303,0,3,0,3,0.0,0.9801980198019802,1.0,4.333333333333333,No aggregate reversal under this configuration.,1702
arvanil,0.012692922183555458,0,1,0,1,0.0,0.8811881188118812,1.0,3.0,No aggregate reversal under this configuration.,1703
11k-629s,0.012694953462551785,0,1,0,1,0.0,0.9603960396039604,1.0,3.0,No aggregate reversal under this configuration.,1704
le 300,0.012712102600953682,0,1,0,1,0.0,0.9603960396039604,1.0,3.0,No aggregate reversal under this configuration.,1705
arctigenin,0.012714184498244317,0,1,0,1,0.0,0.9801980198019802,1.0,3.0,No aggregate reversal under this configuration.,1706
delcorine,0.012716260544672278,0,1,0,1,0.0,0.9603960396039604,1.0,3.0,No aggregate reversal under this configuration.,1707
tcs 359,0.012716260544672278,0,1,0,1,0.0,0.9504950495049505,1.0,3.0,No aggregate reversal under this configuration.,1708
leflunomide,0.01272689303588665,0,1,0,1,0.0,0.9207920792079208,1.0,4.0,No aggregate reversal under this configuration.,1709
kirromycin,0.012770057240865615,0,1,0,1,0.0,0.900990099009901,1.0,3.0,No aggregate reversal under this configuration.,1710
aicar,0.012889618640828241,0,1,0,1,0.0,0.9207920792079208,1.0,3.0,No aggregate reversal under this configuration.,1711
mebendazole,0.012904468283527466,1,4,1,5,0.25,0.9900990099009901,1.0,4.0,No aggregate reversal under this configuration.,1712
BRD-K05114711,0.012973426788996531,0,1,0,1,0.0,0.9405940594059405,1.0,3.0,No aggregate reversal under this configuration.,1713
digoxin,0.013066983216238715,5,17,7,23,0.29411764705882354,0.9900990099009901,1.0,4.6521739130434785,No aggregate reversal under this configuration.,1714
dibutyrylcyclic amp,0.013124326541180417,0,1,0,1,0.0,0.9207920792079208,1.0,3.0,No aggregate reversal under this configuration.,1715
KI20227,0.013191133503214898,0,4,0,4,0.0,1.0,1.0,4.5,No aggregate reversal under this configuration.,1716
BRD-K58347372,0.01331907210205794,0,1,0,1,0.0,0.9306930693069307,1.0,3.0,No aggregate reversal under this configuration.,1717
BRD-K96083840,0.01331907210205794,0,1,0,1,0.0,0.9306930693069307,1.0,3.0,No aggregate reversal under this configuration.,1718
GW-843682X,0.013508651586431678,5,22,5,22,0.22727272727272727,1.0,1.0,4.818181818181818,No aggregate reversal under this configuration.,1719
BRD-K24861700,0.013539017224936709,0,1,0,1,0.0,0.9207920792079208,1.0,4.0,No aggregate reversal under this configuration.,1720
cyproheptadine hydrochloride,0.013628880729558219,0,1,0,1,0.0,0.900990099009901,1.0,3.0,No aggregate reversal under this configuration.,1721
prednicarbate,0.013664514657267087,0,1,0,1,0.0,0.9108910891089109,1.0,3.0,No aggregate reversal under this configuration.,1722
tivantinib,0.013737633593486499,4,18,4,18,0.2222222222222222,1.0,1.0,6.111111111111111,No aggregate reversal under this configuration.,1723
mrs 1334,0.013741747655019522,0,1,0,1,0.0,0.9108910891089109,1.0,3.0,No aggregate reversal under this configuration.,1724
BRD-K89059493,0.013837110444275276,0,1,0,1,0.0,0.9306930693069307,1.0,3.0,No aggregate reversal under this configuration.,1725
BI-2536,0.013989507581259664,30,94,36,104,0.3191489361702128,1.0,1.0,7.086538461538462,No aggregate reversal under this configuration.,1726
SB-216763,0.014013578753673366,2,5,2,5,0.4,0.9702970297029703,1.0,5.4,No aggregate reversal under this configuration.,1727
sulfacetamide sodic hydrate,0.014080315052941715,0,1,0,1,0.0,0.9603960396039604,1.0,3.0,No aggregate reversal under this configuration.,1728
BRD-K77547509,0.014132203529379325,0,1,0,1,0.0,0.9405940594059405,1.0,3.0,No aggregate reversal under this configuration.,1729
lidoflazine,0.014246572922547378,0,1,0,1,0.0,0.9504950495049505,1.0,3.0,No aggregate reversal under this configuration.,1730
thiocolchicoside,0.01431295273977069,0,1,0,1,0.0,0.900990099009901,1.0,7.0,No aggregate reversal under this configuration.,1731
rho kinase inhibitor iii [rockout],0.014335134262643556,0,2,0,2,0.0,0.9702970297029703,1.0,4.0,No aggregate reversal under this configuration.,1732
nitrendipine,0.01437567159329129,0,1,0,1,0.0,0.9801980198019802,1.0,3.0,No aggregate reversal under this configuration.,1733
isoflupredone acetate,0.014381448398340024,0,2,0,2,0.0,0.9405940594059405,1.0,4.0,No aggregate reversal under this configuration.,1734
skf 96365 hydrochloride,0.01438247047674799,0,2,0,2,0.0,0.9504950495049505,1.0,4.5,No aggregate reversal under this configuration.,1735
BRD-K51155404,0.014433854698087549,0,1,0,1,0.0,0.9603960396039604,1.0,3.0,No aggregate reversal under this configuration.,1736
BRD-K31851742,0.01453310556133176,0,1,0,1,0.0,0.8613861386138614,1.0,6.0,No aggregate reversal under this configuration.,1737
kf 38789,0.014560673578981389,2,6,2,6,0.3333333333333333,1.0,1.0,4.0,No aggregate reversal under this configuration.,1738
BRD-K37724988,0.01482091717885994,0,1,0,1,0.0,0.9603960396039604,1.0,3.0,No aggregate reversal under this configuration.,1739
(+)-JQ1,0.014979422110684093,7,39,7,39,0.1794871794871795,1.0,1.0,6.0,No aggregate reversal under this configuration.,1740
BRD-K22828860,0.015009155939082967,0,1,0,1,0.0,1.0,1.0,3.0,No aggregate reversal under this configuration.,1741
pindolol,0.015051123494710824,0,1,0,1,0.0,0.9702970297029703,1.0,3.0,No aggregate reversal under this configuration.,1742
s2004,0.01512079246200728,0,2,0,2,0.0,0.9603960396039604,1.0,5.5,No aggregate reversal under this configuration.,1743
BRD-K72703948,0.015189485843530175,0,1,0,1,0.0,0.9801980198019802,1.0,4.0,No aggregate reversal under this configuration.,1744
amg 9810,0.015194925917257612,0,1,0,1,0.0,0.9603960396039604,1.0,3.0,No aggregate reversal under this configuration.,1745
t 0070907,0.01527272734899559,0,1,0,1,0.0,0.9306930693069307,1.0,5.0,No aggregate reversal under this configuration.,1746
triamcinolone acetonide,0.015349992928617513,0,1,0,1,0.0,0.8910891089108911,1.0,3.0,No aggregate reversal under this configuration.,1747
"vegf receptor 3 kinase inhibitor, maz51",0.015349992928617513,0,3,0,3,0.0,1.0,1.0,3.6666666666666665,No aggregate reversal under this configuration.,1748
BRD-K31688005,0.01537550901544148,0,1,0,1,0.0,0.9702970297029703,1.0,3.0,No aggregate reversal under this configuration.,1749
cgp 7930,0.015406821352814409,0,1,0,1,0.0,0.9504950495049505,1.0,3.0,No aggregate reversal under this configuration.,1750
BRD-K36038115,0.015517294513685762,0,1,0,1,0.0,0.9306930693069307,1.0,3.0,No aggregate reversal under this configuration.,1751
I-BET151,0.015619357801150447,9,32,9,32,0.28125,1.0,1.0,6.90625,No aggregate reversal under this configuration.,1752
XMD-892,0.015715826857276623,3,11,3,11,0.2727272727272727,1.0,1.0,6.181818181818182,No aggregate reversal under this configuration.,1753
naproxen,0.015741854651141928,0,1,0,1,0.0,0.9801980198019802,1.0,4.0,No aggregate reversal under this configuration.,1754
BRD-K23478508 (digoxin),0.015792282756449533,3,7,3,7,0.42857142857142855,0.9900990099009901,1.0,6.0,No aggregate reversal under this configuration.,1755
PFI-1,0.015827382069049763,3,17,3,17,0.17647058823529413,1.0,1.0,6.294117647058823,No aggregate reversal under this configuration.,1756
ncgc00182608-01,0.01583757257254749,0,1,0,1,0.0,0.9801980198019802,1.0,3.0,No aggregate reversal under this configuration.,1757
bl-095,0.015842613818151316,0,2,0,2,0.0,0.9702970297029703,1.0,3.5,No aggregate reversal under this configuration.,1758
CX-5461,0.016020994998314973,1,14,1,14,0.07142857142857142,1.0,1.0,5.714285714285714,No aggregate reversal under this configuration.,1759
cymarin,0.016056084183334148,3,11,3,11,0.2727272727272727,1.0,1.0,5.090909090909091,No aggregate reversal under this configuration.,1760
prozac,0.016152514654643554,0,1,0,1,0.0,0.9702970297029703,1.0,3.0,No aggregate reversal under this configuration.,1761
mestranol,0.016175161482624607,0,1,0,1,0.0,0.9900990099009901,1.0,3.0,No aggregate reversal under this configuration.,1762
isoxsuprine hydrochloride,0.01619455478477938,0,1,0,1,0.0,0.9306930693069307,1.0,4.0,No aggregate reversal under this configuration.,1763
gmx-1778,0.016227714111862516,0,1,0,1,0.0,0.9306930693069307,1.0,4.0,No aggregate reversal under this configuration.,1764
BRD-K58972465,0.016440808416870435,0,1,0,1,0.0,1.0,1.0,5.0,No aggregate reversal under this configuration.,1765
BRD-K25731886,0.01650665901511522,0,2,0,2,0.0,0.9900990099009901,1.0,5.0,No aggregate reversal under this configuration.,1766
salmeterol,0.016539278403479817,0,2,0,2,0.0,0.9702970297029703,1.0,3.5,No aggregate reversal under this configuration.,1767
s1022,0.01660183443687341,0,1,0,1,0.0,0.9504950495049505,1.0,4.0,No aggregate reversal under this configuration.,1768
s1362,0.016614612365523675,0,1,0,1,0.0,0.9801980198019802,1.0,5.0,No aggregate reversal under this configuration.,1769
BRD-A80960055,0.016629427905520848,0,2,0,2,0.0,0.9900990099009901,1.0,5.5,No aggregate reversal under this configuration.,1770
BRD-A48631911,0.016648709750602782,0,1,0,1,0.0,1.0,1.0,4.0,No aggregate reversal under this configuration.,1771
pepstatin a,0.01667527219442857,0,2,0,2,0.0,0.9900990099009901,1.0,4.0,No aggregate reversal under this configuration.,1772
diphenylcyclopropenone,0.016700007506402312,0,2,0,2,0.0,0.9900990099009901,1.0,4.0,No aggregate reversal under this configuration.,1773
d-64131,0.01670277282909407,1,4,1,4,0.25,1.0,1.0,4.25,No aggregate reversal under this configuration.,1774
BRD-K23931216,0.016865141297055936,0,1,0,1,0.0,0.9900990099009901,1.0,4.0,No aggregate reversal under this configuration.,1775
brl 54443,0.01689926164823618,1,2,1,2,0.5,0.9801980198019802,1.0,5.0,No aggregate reversal under this configuration.,1776
JNK-IN-5A,0.01690678745837026,8,33,8,33,0.24242424242424243,1.0,1.0,5.181818181818182,No aggregate reversal under this configuration.,1777
sdz nkt 343,0.017050142231952697,0,1,0,1,0.0,0.9801980198019802,1.0,5.0,No aggregate reversal under this configuration.,1778
methoxamine hydrochloride,0.017061506426967767,0,1,0,1,0.0,0.9900990099009901,1.0,5.0,No aggregate reversal under this configuration.,1779
ginsenoside-rc,0.017103909857131006,0,1,0,1,0.0,0.9801980198019802,1.0,3.0,No aggregate reversal under this configuration.,1780
ed csc 15,0.017162070938283314,0,1,0,1,0.0,0.9504950495049505,1.0,6.0,No aggregate reversal under this configuration.,1781
np-010914,0.017213840064674163,0,1,0,1,0.0,0.9900990099009901,1.0,4.0,No aggregate reversal under this configuration.,1782
BRD-K23217072,0.017258131429347127,0,2,0,2,0.0,1.0,1.0,3.5,No aggregate reversal under this configuration.,1783
gliquidone,0.017286810976754476,0,1,0,1,0.0,0.9900990099009901,1.0,3.0,No aggregate reversal under this configuration.,1784
KIN001-260;,0.017406874102986844,1,2,1,2,0.5,1.0,1.0,6.0,No aggregate reversal under this configuration.,1785
BRD-K23644387,0.017467147800945177,0,1,0,1,0.0,0.9900990099009901,1.0,3.0,No aggregate reversal under this configuration.,1786
carbamazepine,0.017544492998684397,0,2,0,2,0.0,1.0,1.0,3.0,No aggregate reversal under this configuration.,1787
rev-5901,0.017557594005092395,0,1,0,1,0.0,0.9702970297029703,1.0,3.0,No aggregate reversal under this configuration.,1788
BRD-K49861754,0.017594074764973724,0,1,0,1,0.0,0.9405940594059405,1.0,3.0,No aggregate reversal under this configuration.,1789
dipropyldopamine,0.017684676764175282,0,1,0,1,0.0,0.9801980198019802,1.0,3.0,No aggregate reversal under this configuration.,1790
yc-1,0.017754740469186913,0,1,0,1,0.0,0.9900990099009901,1.0,3.0,No aggregate reversal under this configuration.,1791
etodolac,0.01777926377938184,0,2,0,2,0.0,0.9900990099009901,1.0,6.0,No aggregate reversal under this configuration.,1792
ei-155,0.017826927366866075,0,3,0,3,0.0,0.9702970297029703,1.0,4.666666666666667,No aggregate reversal under this configuration.,1793
bisacodyl,0.017827290183777114,0,2,0,2,0.0,0.9900990099009901,1.0,4.5,No aggregate reversal under this configuration.,1794
12k-613s,0.017871026103654444,0,1,0,1,0.0,0.9603960396039604,1.0,3.0,No aggregate reversal under this configuration.,1795
BRD-K42499654,0.0178729684106239,0,2,0,2,0.0,1.0,1.0,3.5,No aggregate reversal under this configuration.,1796
v4877,0.017934347186217482,3,10,3,10,0.3,1.0,1.0,5.3,No aggregate reversal under this configuration.,1797
BRD-K83048312,0.01804517364902237,0,1,0,1,0.0,0.9900990099009901,1.0,3.0,No aggregate reversal under this configuration.,1798
citalopram hydrobromide,0.01831123862616243,0,1,0,1,0.0,0.9900990099009901,1.0,4.0,No aggregate reversal under this configuration.,1799
evodiamine,0.018336512011668867,0,2,0,2,0.0,0.9603960396039604,1.0,6.0,No aggregate reversal under this configuration.,1800
bmy 45778,0.01840027338363076,0,1,0,1,0.0,0.9702970297029703,1.0,3.0,No aggregate reversal under this configuration.,1801
lumicolchicine gamma,0.01851685103967908,0,1,0,1,0.0,0.9603960396039604,1.0,6.0,No aggregate reversal under this configuration.,1802
BRD-K89329876,0.018531719645684046,0,1,0,1,0.0,0.9702970297029703,1.0,4.0,No aggregate reversal under this configuration.,1803
bay 36-7620,0.018573484661313838,0,1,0,1,0.0,0.9207920792079208,1.0,6.0,No aggregate reversal under this configuration.,1804
BIX-02189,0.01869223520874472,0,3,0,3,0.0,1.0,1.0,5.666666666666667,No aggregate reversal under this configuration.,1805
oxprenolol hydrochloride,0.01885196476231771,0,1,0,1,0.0,0.9900990099009901,1.0,4.0,No aggregate reversal under this configuration.,1806
bd 1063 dihydrochloride,0.018936725564708858,0,1,0,1,0.0,0.9801980198019802,1.0,3.0,No aggregate reversal under this configuration.,1807
linezolid,0.018999240033462893,0,1,0,1,0.0,0.9405940594059405,1.0,5.0,No aggregate reversal under this configuration.,1808
epicatechin monogallate,0.01918883634565341,0,1,0,1,0.0,0.9801980198019802,1.0,3.0,No aggregate reversal under this configuration.,1809
BRD-K43682718,0.019230227451409256,0,1,0,1,0.0,1.0,1.0,4.0,No aggregate reversal under this configuration.,1810
2-chloroadenosine,0.019390950166785152,0,1,0,1,0.0,0.9801980198019802,1.0,3.0,No aggregate reversal under this configuration.,1811
gw 5074,0.01939956151706944,0,1,0,1,0.0,0.9207920792079208,1.0,4.0,No aggregate reversal under this configuration.,1812
ncgc00188714-01,0.019405674738563028,0,1,0,1,0.0,0.9603960396039604,1.0,4.0,No aggregate reversal under this configuration.,1813
BRD-K25690923,0.019444220519620463,0,1,0,1,0.0,0.9702970297029703,1.0,4.0,No aggregate reversal under this configuration.,1814
BRD-A68065211,0.019506862154733316,1,3,1,3,0.3333333333333333,0.9801980198019802,1.0,6.333333333333333,No aggregate reversal under this configuration.,1815
fluocinolone acetonide,0.01958964216794978,1,3,1,3,0.3333333333333333,1.0,1.0,3.0,No aggregate reversal under this configuration.,1816
papaverine hydrochloride,0.01962527215546318,0,1,0,1,0.0,0.9603960396039604,1.0,3.0,No aggregate reversal under this configuration.,1817
ethacrynic acid,0.01976305610085506,0,1,0,1,0.0,0.9900990099009901,1.0,3.0,No aggregate reversal under this configuration.,1818
NPK76-II-72-1,0.019878316410984732,0,4,0,4,0.0,1.0,1.0,4.0,No aggregate reversal under this configuration.,1819
"l-750,667",0.019927278972735683,0,1,0,1,0.0,0.9702970297029703,1.0,7.0,No aggregate reversal under this configuration.,1820
6-diazo-5-oxo-l-norleucine,0.01994042008585452,1,4,1,4,0.25,1.0,1.0,4.25,No aggregate reversal under this configuration.,1821
abt-888 (veliparib),0.019953739849190633,0,1,0,1,0.0,0.9702970297029703,1.0,5.0,No aggregate reversal under this configuration.,1822
olmesartan medoxomil,0.019962687940398023,0,1,0,1,0.0,0.9306930693069307,1.0,3.0,No aggregate reversal under this configuration.,1823
norketamine hydrochloride,0.019987222874859073,0,1,0,1,0.0,0.9702970297029703,1.0,3.0,No aggregate reversal under this configuration.,1824
brivanib,0.02031970239369677,0,5,0,5,0.0,1.0,1.0,5.0,No aggregate reversal under this configuration.,1825
psb 06126,0.0206255449448831,0,1,0,1,0.0,0.9603960396039604,1.0,4.0,No aggregate reversal under this configuration.,1826
BRD-K60070073,0.020718143552658677,0,1,0,1,0.0,0.9801980198019802,1.0,3.0,No aggregate reversal under this configuration.,1827
BRD-K08451418,0.020966087902488464,0,1,0,1,0.0,0.9801980198019802,1.0,3.0,No aggregate reversal under this configuration.,1828
methylergometrine maleate,0.021024239174186245,0,1,0,1,0.0,1.0,1.0,3.0,No aggregate reversal under this configuration.,1829
"2,4-dideoxy-dc-45-a2",0.02108267681106716,0,2,0,2,0.0,1.0,1.0,4.5,No aggregate reversal under this configuration.,1830
BRD-K90735586,0.02128981041258727,0,2,0,2,0.0,1.0,1.0,4.0,No aggregate reversal under this configuration.,1831
BRD-K65050353,0.02133144231461069,0,1,0,1,0.0,0.9801980198019802,1.0,4.0,No aggregate reversal under this configuration.,1832
sc-68376,0.021431496137873693,0,1,0,1,0.0,0.9801980198019802,1.0,4.0,No aggregate reversal under this configuration.,1833
ncgc00161876-06,0.02144695127821227,0,1,0,1,0.0,1.0,1.0,4.0,No aggregate reversal under this configuration.,1834
glipizide,0.021637280785881504,0,1,0,1,0.0,0.9207920792079208,1.0,4.0,No aggregate reversal under this configuration.,1835
sb 366791,0.021665914566014282,0,1,0,1,0.0,0.9900990099009901,1.0,6.0,No aggregate reversal under this configuration.,1836
ys-035 hydrochloride,0.02179609959451638,0,1,0,1,0.0,0.9702970297029703,1.0,3.0,No aggregate reversal under this configuration.,1837
tubocurarine chloride,0.02190101740345978,0,1,0,1,0.0,1.0,1.0,3.0,No aggregate reversal under this configuration.,1838
BRD-K33720394,0.02192410126354361,0,2,0,2,0.0,0.9603960396039604,1.0,6.5,No aggregate reversal under this configuration.,1839
doramapimod,0.021933950708347513,0,1,0,1,0.0,1.0,1.0,5.0,No aggregate reversal under this configuration.,1840
BRD-K42644990,0.02208847341240078,0,1,0,1,0.0,0.9603960396039604,1.0,4.0,No aggregate reversal under this configuration.,1841
nafronyl oxalate,0.022821082021377483,0,1,0,1,0.0,0.9900990099009901,1.0,3.0,No aggregate reversal under this configuration.,1842
testosterone propionate,0.022851678337325994,0,1,0,2,0.0,0.9603960396039604,1.0,5.0,No aggregate reversal under this configuration.,1843
bw-b 70c,0.022957849231653858,0,1,0,1,0.0,0.9801980198019802,1.0,5.0,No aggregate reversal under this configuration.,1844
uk 356618,0.02309417660104862,0,1,0,1,0.0,1.0,1.0,3.0,No aggregate reversal under this configuration.,1845
KIN001-270,0.023235900990053373,0,1,0,1,0.0,1.0,1.0,6.0,No aggregate reversal under this configuration.,1846
s(+)-terguride,0.023332945161123688,0,1,0,1,0.0,0.9900990099009901,1.0,4.0,No aggregate reversal under this configuration.,1847
BRD-K74690444,0.02338168457746062,1,2,1,2,0.5,1.0,1.0,5.5,No aggregate reversal under this configuration.,1848
gant 58,0.023443048761449294,0,1,0,1,0.0,0.9702970297029703,1.0,3.0,No aggregate reversal under this configuration.,1849
albendazole,0.023475738391460728,1,2,1,2,0.5,1.0,1.0,4.5,No aggregate reversal under this configuration.,1850
BRD-K66359319,0.0235673904615651,0,1,0,1,0.0,0.9900990099009901,1.0,3.0,No aggregate reversal under this configuration.,1851
mocetinostat,0.02358943410741553,7,32,7,32,0.21875,1.0,1.0,6.9375,No aggregate reversal under this configuration.,1852
"mapp, d-erythro",0.023789726211202705,0,1,0,1,0.0,0.9900990099009901,1.0,4.0,No aggregate reversal under this configuration.,1853
entinostat,0.02390439677504628,3,29,3,29,0.10344827586206896,1.0,1.0,7.310344827586207,No aggregate reversal under this configuration.,1854
acitretin,0.023973282712872697,0,1,0,1,0.0,0.9900990099009901,1.0,4.0,No aggregate reversal under this configuration.,1855
CH5424802,0.024316121289512927,0,3,0,3,0.0,1.0,1.0,5.666666666666667,No aggregate reversal under this configuration.,1856
genistin,0.02459778098549668,0,1,0,1,0.0,0.9801980198019802,1.0,6.0,No aggregate reversal under this configuration.,1857
ml 3163,0.024633200245870405,0,1,0,1,0.0,0.9603960396039604,1.0,5.0,No aggregate reversal under this configuration.,1858
BRD-K67470788,0.024643707278053296,0,1,0,1,0.0,0.9801980198019802,1.0,3.0,No aggregate reversal under this configuration.,1859
altrenogest,0.02534369328746597,0,1,0,1,0.0,0.9702970297029703,1.0,4.0,No aggregate reversal under this configuration.,1860
lawsone,0.02537974737335774,0,1,0,1,0.0,1.0,1.0,6.0,No aggregate reversal under this configuration.,1861
src kinase inhibitor ii,0.02579088035472636,0,1,0,1,0.0,0.9900990099009901,1.0,4.0,No aggregate reversal under this configuration.,1862
BRD-K14939371,0.02632024116109064,0,1,0,1,0.0,1.0,1.0,3.0,No aggregate reversal under this configuration.,1863
s-250,0.026415188873980533,0,1,0,1,0.0,1.0,1.0,4.0,No aggregate reversal under this configuration.,1864
noscapine hydrochloride,0.027105609982864633,0,1,0,1,0.0,1.0,1.0,5.0,No aggregate reversal under this configuration.,1865
flunisolide,0.027218034404667975,0,1,0,1,0.0,1.0,1.0,3.0,No aggregate reversal under this configuration.,1866
formoterol hemifumarate,0.027775197673645814,0,1,0,1,0.0,1.0,1.0,7.0,No aggregate reversal under this configuration.,1867
gbr 13069 dihydrochloride,0.028658995928195034,0,1,0,1,0.0,1.0,1.0,3.0,No aggregate reversal under this configuration.,1868
ikk inhibitor x,0.028658995928195034,0,1,0,1,0.0,1.0,1.0,3.0,No aggregate reversal under this configuration.,1869
bl-010,0.032430139512802256,0,1,0,1,0.0,1.0,1.0,4.0,No aggregate reversal under this configuration.,1870
KIN001-242,0.0337755200349438,0,1,0,1,0.0,1.0,1.0,5.0,No aggregate reversal under this configuration.,1871
quizartinib,0.03444290176877564,0,4,0,4,0.0,1.0,1.0,7.5,No aggregate reversal under this configuration.,1872
jnj 16259685,0.03448604844030826,0,1,0,1,0.0,1.0,1.0,4.0,No aggregate reversal under this configuration.,1873
methotrimeprazine maleat salt,0.03588328805343005,0,1,0,1,0.0,1.0,1.0,4.0,No aggregate reversal under this configuration.,1874
pz0005,0.039944813432028894,0,1,0,1,0.0,1.0,1.0,4.0,No aggregate reversal under this configuration.,1875
IOX2,0.04446155027421099,0,1,0,1,0.0,1.0,1.0,5.0,No aggregate reversal under this configuration.,1876
BRD-K82857306,0.04458355683715879,0,1,0,1,0.0,1.0,1.0,6.0,No aggregate reversal under this configuration.,1877
GSK-J1,0.058533271802488906,0,1,0,1,0.0,1.0,1.0,5.0,No aggregate reversal under this configuration.,1878
