compound,score,supporting_contexts,contexts,supporting_signatures,signatures,consistency,permutation_p,permutation_fdr,naive_overlap,interpretation,rank
mdl 72222,-0.0461719291070499,1,1,1,1,1.0,0.009900990099009901,0.13312914025215472,5.0,Computational reversal candidate for further investigation.,1
tas 301,-0.044650232474981136,1,1,1,1,1.0,0.009900990099009901,0.13312914025215472,3.0,Computational reversal candidate for further investigation.,2
h 89 dihydrochloride,-0.04434534240239975,1,1,1,1,1.0,0.009900990099009901,0.13312914025215472,5.0,Computational reversal candidate for further investigation.,3
luteolin,-0.04432910733602034,1,1,1,1,1.0,0.009900990099009901,0.13312914025215472,4.0,Computational reversal candidate for further investigation.,4
gbr 13069 dihydrochloride,-0.044023455641160496,1,1,1,1,1.0,0.009900990099009901,0.13312914025215472,4.0,Computational reversal candidate for further investigation.,5
selinidin,-0.04172809589678537,1,1,1,1,1.0,0.009900990099009901,0.13312914025215472,5.0,Computational reversal candidate for further investigation.,6
ei-247,-0.04153767131644254,1,1,1,1,1.0,0.009900990099009901,0.13312914025215472,3.0,Computational reversal candidate for further investigation.,7
ncgc00188740-01,-0.04145652905853834,1,1,1,1,1.0,0.009900990099009901,0.13312914025215472,5.0,Computational reversal candidate for further investigation.,8
niguldipine,-0.0406154211386627,5,5,5,5,1.0,0.009900990099009901,0.13312914025215472,6.2,Computational reversal candidate for further investigation.,9
aripiprazole,-0.04048478667271122,1,1,1,1,1.0,0.009900990099009901,0.13312914025215472,4.0,Computational reversal candidate for further investigation.,10
BRD-K98731749,-0.04042106684968003,1,1,1,1,1.0,0.009900990099009901,0.13312914025215472,6.0,Computational reversal candidate for further investigation.,11
BRD-A24054354,-0.04023686404308484,1,1,1,1,1.0,0.019801980198019802,0.1529334751656984,5.0,Computational reversal candidate for further investigation.,12
cgp 71683 hydrochloride,-0.039962202524634505,3,4,3,4,0.75,0.009900990099009901,0.13312914025215472,5.25,Computational reversal candidate for further investigation.,13
ncgc00182357-01,-0.0398819845710245,1,1,1,1,1.0,0.009900990099009901,0.13312914025215472,4.0,Computational reversal candidate for further investigation.,14
BRD-K99582188,-0.039320507249023716,1,1,1,1,1.0,0.009900990099009901,0.13312914025215472,5.0,Computational reversal candidate for further investigation.,15
BRD-K19181733,-0.039219103215351644,3,3,3,3,1.0,0.009900990099009901,0.13312914025215472,4.666666666666667,Computational reversal candidate for further investigation.,16
selamectin,-0.037300898576898854,3,3,3,3,1.0,0.009900990099009901,0.13312914025215472,4.333333333333333,Computational reversal candidate for further investigation.,17
cyclopamine,-0.03492402584354129,1,1,1,1,1.0,0.009900990099009901,0.13312914025215472,3.0,Computational reversal candidate for further investigation.,18
BRD-K15716662,-0.03486747165806955,1,1,1,1,1.0,0.009900990099009901,0.13312914025215472,3.0,Computational reversal candidate for further investigation.,19
MGCD-265,-0.03415528697670894,1,1,1,1,1.0,0.019801980198019802,0.1529334751656984,4.0,Computational reversal candidate for further investigation.,20
BRD-K21165668,-0.03361043788243732,1,1,1,1,1.0,0.009900990099009901,0.13312914025215472,3.0,Computational reversal candidate for further investigation.,21
metoclopramide monohydrochloride,-0.03347613160437357,1,1,1,1,1.0,0.019801980198019802,0.1529334751656984,8.0,Computational reversal candidate for further investigation.,22
BRD-K82971429,-0.03288139280579912,1,1,1,1,1.0,0.009900990099009901,0.13312914025215472,3.0,Computational reversal candidate for further investigation.,23
BRD-K14027855,-0.03221832026821713,1,1,1,1,1.0,0.009900990099009901,0.13312914025215472,5.0,Computational reversal candidate for further investigation.,24
vu0415556-1,-0.0320324741447483,1,1,1,1,1.0,0.0297029702970297,0.18024302430243022,6.0,Computational reversal candidate for further investigation.,25
BRD-K58853583,-0.031974334054697046,1,1,1,1,1.0,0.04950495049504951,0.22622188869253673,5.0,Computational reversal candidate for further investigation.,26
BRD-K37724988,-0.03159133333406446,1,1,1,1,1.0,0.039603960396039604,0.2039113002209312,4.0,Computational reversal candidate for further investigation.,27
BRD-A80574334,-0.03146617665179588,1,1,1,1,1.0,0.019801980198019802,0.1529334751656984,3.0,Computational reversal candidate for further investigation.,28
rapamycin,-0.03125231061712574,1,1,1,1,1.0,0.009900990099009901,0.13312914025215472,5.0,Computational reversal candidate for further investigation.,29
BRD-K81814927,-0.031208889912638052,5,5,5,5,1.0,0.009900990099009901,0.13312914025215472,4.2,Computational reversal candidate for further investigation.,30
perphenazine,-0.03102332667686343,6,6,6,6,1.0,0.009900990099009901,0.13312914025215472,3.8333333333333335,Computational reversal candidate for further investigation.,31
eicosatrienoic acid (20:3 n-3),-0.0308858199794196,1,1,1,1,1.0,0.009900990099009901,0.13312914025215472,4.0,Computational reversal candidate for further investigation.,32
BRD-K58479490,-0.030155275599846765,2,2,2,2,1.0,0.009900990099009901,0.13312914025215472,4.0,Computational reversal candidate for further investigation.,33
vu0418947-2,-0.030035779556277134,3,3,3,3,1.0,0.019801980198019802,0.1529334751656984,5.0,Computational reversal candidate for further investigation.,34
gr 79236,-0.02986456780947895,1,1,1,1,1.0,0.019801980198019802,0.1529334751656984,3.0,Computational reversal candidate for further investigation.,35
BRD-K20401833,-0.029847641045088833,1,1,1,1,1.0,0.0891089108910891,0.3044690209423136,4.0,Computational reversal candidate for further investigation.,36
arg-csc-91,-0.0298005528452967,1,1,1,1,1.0,0.009900990099009901,0.13312914025215472,3.0,Computational reversal candidate for further investigation.,37
eugenol,-0.029425119389764248,1,1,1,1,1.0,0.019801980198019802,0.1529334751656984,4.0,Computational reversal candidate for further investigation.,38
BRD-K52911425,-0.029410942889768955,3,3,3,3,1.0,0.019801980198019802,0.1529334751656984,4.0,Computational reversal candidate for further investigation.,39
BRD-A72837804,-0.02939823103885554,1,1,1,1,1.0,0.04950495049504951,0.22622188869253673,6.0,Computational reversal candidate for further investigation.,40
zk 164015,-0.029382250699542187,1,1,1,1,1.0,0.019801980198019802,0.1529334751656984,4.0,Computational reversal candidate for further investigation.,41
quercetin,-0.029259538997773248,1,1,1,1,1.0,0.009900990099009901,0.13312914025215472,4.0,Computational reversal candidate for further investigation.,42
norgestrel,-0.029085011013459443,1,1,1,1,1.0,0.04950495049504951,0.22622188869253673,7.0,Computational reversal candidate for further investigation.,43
g-201,-0.028999767424489592,1,1,1,1,1.0,0.009900990099009901,0.13312914025215472,4.0,Computational reversal candidate for further investigation.,44
BRD-K60070073,-0.028796348303667948,1,1,1,1,1.0,0.019801980198019802,0.1529334751656984,3.0,Computational reversal candidate for further investigation.,45
toremifene,-0.02874504718487496,2,2,3,3,1.0,0.019801980198019802,0.1529334751656984,4.333333333333333,Computational reversal candidate for further investigation.,46
sertindole,-0.02874289647784796,1,1,1,1,1.0,0.009900990099009901,0.13312914025215472,4.0,Computational reversal candidate for further investigation.,47
e6 berbamine,-0.028640858436224062,2,2,2,2,1.0,0.009900990099009901,0.13312914025215472,3.0,Computational reversal candidate for further investigation.,48
dibutyrylcyclic amp,-0.02845880351339887,1,1,1,1,1.0,0.019801980198019802,0.1529334751656984,7.0,Computational reversal candidate for further investigation.,49
lasalocid sodium,-0.028328732352871932,3,3,3,3,1.0,0.019801980198019802,0.1529334751656984,4.666666666666667,Computational reversal candidate for further investigation.,50
embelin,-0.028133080887971867,2,2,2,2,1.0,0.009900990099009901,0.13312914025215472,3.0,Computational reversal candidate for further investigation.,51
fenretinide,-0.028114442650664626,1,1,1,1,1.0,0.04950495049504951,0.22622188869253673,3.0,Computational reversal candidate for further investigation.,52
promazine hydrochloride,-0.02808957617452934,3,4,3,4,0.75,0.009900990099009901,0.13312914025215472,3.75,Computational reversal candidate for further investigation.,53
a-1065,-0.0280811781272542,7,7,7,7,1.0,0.009900990099009901,0.13312914025215472,4.142857142857143,Computational reversal candidate for further investigation.,54
s1154,-0.028006880568927597,1,1,1,1,1.0,0.019801980198019802,0.1529334751656984,6.0,Computational reversal candidate for further investigation.,55
bl-052,-0.027890020781679736,1,1,1,1,1.0,0.009900990099009901,0.13312914025215472,3.0,Computational reversal candidate for further investigation.,56
mifepristone,-0.027836827400743818,2,2,2,2,1.0,0.009900990099009901,0.13312914025215472,3.5,Computational reversal candidate for further investigation.,57
gw 583340 dihydrochloride,-0.027533526759259706,2,2,2,2,1.0,0.009900990099009901,0.13312914025215472,4.5,Computational reversal candidate for further investigation.,58
lfm-a13,-0.027520660156493466,2,2,2,2,1.0,0.009900990099009901,0.13312914025215472,5.0,Computational reversal candidate for further investigation.,59
BRD-K27151060,-0.027492342909095527,1,1,1,1,1.0,0.019801980198019802,0.1529334751656984,3.0,Computational reversal candidate for further investigation.,60
vu0415108-1,-0.027091385261396164,1,1,1,1,1.0,0.0297029702970297,0.18024302430243022,3.0,Computational reversal candidate for further investigation.,61
BRD-K02216544,-0.02704799954825458,1,1,1,1,1.0,0.019801980198019802,0.1529334751656984,3.0,Computational reversal candidate for further investigation.,62
ag 9,-0.0269809442093041,1,1,1,1,1.0,0.009900990099009901,0.13312914025215472,4.0,Computational reversal candidate for further investigation.,63
st001903,-0.026931829292579597,1,1,1,1,1.0,0.009900990099009901,0.13312914025215472,5.0,Computational reversal candidate for further investigation.,64
inhibitor bec hydrochloride,-0.026924891343084994,2,2,2,2,1.0,0.019801980198019802,0.1529334751656984,5.5,Computational reversal candidate for further investigation.,65
sulfaguanidine,-0.026909804203838247,1,1,1,1,1.0,0.0594059405940594,0.24894552235492606,4.0,Computational reversal candidate for further investigation.,66
trazodone hydrochloride,-0.026721761968734385,1,1,1,1,1.0,0.039603960396039604,0.2039113002209312,3.0,Computational reversal candidate for further investigation.,67
BRD-K49865102,-0.026470420138227133,3,3,3,3,1.0,0.009900990099009901,0.13312914025215472,4.333333333333333,Computational reversal candidate for further investigation.,68
ei-156,-0.026246633534359364,2,3,2,3,0.6666666666666666,0.019801980198019802,0.1529334751656984,4.666666666666667,Computational reversal candidate for further investigation.,69
benzethonium chloride,-0.026239433687361934,1,1,1,1,1.0,0.0297029702970297,0.18024302430243022,6.0,Computational reversal candidate for further investigation.,70
fasudil hydrochloride,-0.026177608804845626,1,1,1,1,1.0,0.009900990099009901,0.13312914025215472,3.0,Computational reversal candidate for further investigation.,71
BRD-K78385490,-0.026144095264281637,2,2,2,2,1.0,0.0594059405940594,0.24894552235492606,4.0,Computational reversal candidate for further investigation.,72
BRD-K31754360,-0.026037146249626827,1,1,1,1,1.0,0.0297029702970297,0.18024302430243022,3.0,Computational reversal candidate for further investigation.,73
pf 750,-0.02579009849850073,5,5,5,5,1.0,0.009900990099009901,0.13312914025215472,4.4,Computational reversal candidate for further investigation.,74
benzoxiquine,-0.025739387420921387,1,1,1,1,1.0,0.009900990099009901,0.13312914025215472,4.0,Computational reversal candidate for further investigation.,75
BRD-K94841585,-0.02571296603898856,1,1,1,1,1.0,0.009900990099009901,0.13312914025215472,5.0,Computational reversal candidate for further investigation.,76
vincristine,-0.025679554160997146,1,1,1,1,1.0,0.039603960396039604,0.2039113002209312,4.0,Computational reversal candidate for further investigation.,77
kf 38789,-0.02563952625535173,4,4,4,4,1.0,0.009900990099009901,0.13312914025215472,3.25,Computational reversal candidate for further investigation.,78
BRD-K98834634,-0.025629880782921183,1,1,1,1,1.0,0.009900990099009901,0.13312914025215472,3.0,Computational reversal candidate for further investigation.,79
BRD-K10010115,-0.025306430987304077,1,1,1,1,1.0,0.019801980198019802,0.1529334751656984,4.0,Computational reversal candidate for further investigation.,80
terconazole,-0.025195141411304824,1,1,1,1,1.0,0.019801980198019802,0.1529334751656984,3.0,Computational reversal candidate for further investigation.,81
BRD-K11558771,-0.025141381222339686,1,1,1,1,1.0,0.009900990099009901,0.13312914025215472,5.0,Computational reversal candidate for further investigation.,82
cp 93129 dihydrochloride,-0.02510024576025603,2,2,2,2,1.0,0.009900990099009901,0.13312914025215472,5.0,Computational reversal candidate for further investigation.,83
s1011,-0.02503619425748797,4,5,4,5,0.8,0.009900990099009901,0.13312914025215472,4.0,Computational reversal candidate for further investigation.,84
pd 198306,-0.025031812739639534,8,9,8,9,0.8888888888888888,0.009900990099009901,0.13312914025215472,4.444444444444445,Computational reversal candidate for further investigation.,85
bml-st330,-0.024994901497581257,1,1,1,1,1.0,0.0297029702970297,0.18024302430243022,4.0,Computational reversal candidate for further investigation.,86
s-250,-0.02496962881794742,1,1,1,1,1.0,0.0594059405940594,0.24894552235492606,4.0,Computational reversal candidate for further investigation.,87
BRD-K11795542,-0.024857922552448633,1,1,1,1,1.0,0.0297029702970297,0.18024302430243022,4.0,Computational reversal candidate for further investigation.,88
s1362,-0.02483156511212793,1,1,1,1,1.0,0.04950495049504951,0.22622188869253673,3.0,Computational reversal candidate for further investigation.,89
dm-55-3 brd-k81592585,-0.024738905474761208,1,1,1,1,1.0,0.019801980198019802,0.1529334751656984,4.0,Computational reversal candidate for further investigation.,90
ethopropazine hydrochloride,-0.024689891138596064,1,1,1,1,1.0,0.0297029702970297,0.18024302430243022,3.0,Computational reversal candidate for further investigation.,91
pd 102807,-0.02467222188557186,1,1,1,1,1.0,0.0297029702970297,0.18024302430243022,3.0,Computational reversal candidate for further investigation.,92
BRD-K47635719 (dexamethasone acetate),-0.0245930706251863,1,1,1,1,1.0,0.04950495049504951,0.22622188869253673,5.0,Computational reversal candidate for further investigation.,93
rutin,-0.024508945164382467,1,1,1,1,1.0,0.039603960396039604,0.2039113002209312,3.0,Computational reversal candidate for further investigation.,94
beclomethasone dipropionate,-0.024396577680568295,2,2,2,2,1.0,0.019801980198019802,0.1529334751656984,3.5,Computational reversal candidate for further investigation.,95
cc-100,-0.024338359481841917,2,2,2,2,1.0,0.009900990099009901,0.13312914025215472,3.5,Computational reversal candidate for further investigation.,96
norethynodrel,-0.02423987720760156,1,1,1,1,1.0,0.07920792079207921,0.29084401563928497,7.0,Computational reversal candidate for further investigation.,97
BRD-K58288048,-0.024200857055952076,3,4,3,4,0.75,0.009900990099009901,0.13312914025215472,4.0,Computational reversal candidate for further investigation.,98
primaquine diphosphate,-0.024106099872272076,1,1,1,1,1.0,0.009900990099009901,0.13312914025215472,5.0,Computational reversal candidate for further investigation.,99
BRD-K64517075,-0.02404448365012897,2,3,2,3,0.6666666666666666,0.0297029702970297,0.18024302430243022,5.0,Computational reversal candidate for further investigation.,100
BRD-K46499837,-0.02400035891185307,1,1,1,1,1.0,0.0297029702970297,0.18024302430243022,5.0,Computational reversal candidate for further investigation.,101
BRD-K87964538,-0.023880019300615864,2,2,2,2,1.0,0.009900990099009901,0.13312914025215472,3.0,Computational reversal candidate for further investigation.,102
t 98475,-0.023771469187712814,3,3,3,3,1.0,0.009900990099009901,0.13312914025215472,3.6666666666666665,Computational reversal candidate for further investigation.,103
pronethalol hydrochloride,-0.023663890974462806,1,1,1,1,1.0,0.0297029702970297,0.18024302430243022,3.0,Computational reversal candidate for further investigation.,104
BRD-K19220233,-0.023587300283359872,7,7,7,7,1.0,0.0297029702970297,0.18024302430243022,4.285714285714286,Computational reversal candidate for further investigation.,105
y 134,-0.023538396727491716,3,3,3,3,1.0,0.009900990099009901,0.13312914025215472,4.0,Computational reversal candidate for further investigation.,106
metaxalone,-0.023513407137462077,1,1,1,1,1.0,0.019801980198019802,0.1529334751656984,3.0,Computational reversal candidate for further investigation.,107
p1075,-0.023513407137462077,1,1,1,1,1.0,0.04950495049504951,0.22622188869253673,3.0,Computational reversal candidate for further investigation.,108
BRD-K60093216,-0.023459412955518445,1,1,1,1,1.0,0.0297029702970297,0.18024302430243022,4.0,Computational reversal candidate for further investigation.,109
BRD-K11540476,-0.023447852453736814,1,1,1,1,1.0,0.0891089108910891,0.3044690209423136,4.0,Computational reversal candidate for further investigation.,110
AGK-2,-0.023355787832043062,1,1,1,1,1.0,0.019801980198019802,0.1529334751656984,4.0,Computational reversal candidate for further investigation.,111
s1266,-0.023289035912344595,4,4,4,4,1.0,0.009900990099009901,0.13312914025215472,3.5,Computational reversal candidate for further investigation.,112
hy-11009,-0.02321066237314169,1,1,1,1,1.0,0.07920792079207921,0.29084401563928497,7.0,Computational reversal candidate for further investigation.,113
rs 17053 hydrochloride,-0.02297457744938565,6,6,6,6,1.0,0.009900990099009901,0.13312914025215472,4.5,Computational reversal candidate for further investigation.,114
f9428,-0.02297147627327358,1,1,1,1,1.0,0.0297029702970297,0.18024302430243022,4.0,Computational reversal candidate for further investigation.,115
BRD-K41845021,-0.022970982457567082,1,1,1,1,1.0,0.019801980198019802,0.1529334751656984,3.0,Computational reversal candidate for further investigation.,116
BRD-K12105018,-0.022906498946368162,1,1,1,1,1.0,0.039603960396039604,0.2039113002209312,4.0,Computational reversal candidate for further investigation.,117
acitretin,-0.02287403715243177,1,1,1,1,1.0,0.0297029702970297,0.18024302430243022,6.0,Computational reversal candidate for further investigation.,118
BRD-K76938712,-0.02279606060145839,1,1,1,1,1.0,0.07920792079207921,0.29084401563928497,6.0,Computational reversal candidate for further investigation.,119
nortriptyline hydrochloride,-0.022675432517120658,3,3,3,3,1.0,0.009900990099009901,0.13312914025215472,4.666666666666667,Computational reversal candidate for further investigation.,120
BRD-K74623475,-0.022642725862766687,2,2,2,2,1.0,0.019801980198019802,0.1529334751656984,3.0,Computational reversal candidate for further investigation.,121
chlorpromazine,-0.02248959111970522,4,4,4,4,1.0,0.009900990099009901,0.13312914025215472,3.75,Computational reversal candidate for further investigation.,122
bithionate sodium,-0.022469564197422007,3,4,3,4,0.75,0.009900990099009901,0.13312914025215472,4.5,Computational reversal candidate for further investigation.,123
sertraline hydrochloride,-0.022385017977627125,3,3,3,3,1.0,0.009900990099009901,0.13312914025215472,3.0,Computational reversal candidate for further investigation.,124
"l-168,049",-0.02225545944524145,1,1,1,1,1.0,0.009900990099009901,0.13312914025215472,4.0,Computational reversal candidate for further investigation.,125
CTB,-0.02224672568669554,1,1,1,1,1.0,0.039603960396039604,0.2039113002209312,4.0,Computational reversal candidate for further investigation.,126
BRD-K07023879,-0.022141076904616926,2,2,2,2,1.0,0.009900990099009901,0.13312914025215472,5.0,Computational reversal candidate for further investigation.,127
mls-0390979,-0.02195530995236861,1,1,1,1,1.0,0.009900990099009901,0.13312914025215472,3.0,Computational reversal candidate for further investigation.,128
fluvastatin sodium salt,-0.021944269665289562,1,1,1,1,1.0,0.0297029702970297,0.18024302430243022,3.0,Computational reversal candidate for further investigation.,129
lasalocid sodium salt,-0.021739609672808028,2,2,2,2,1.0,0.019801980198019802,0.1529334751656984,6.0,Computational reversal candidate for further investigation.,130
a2478,-0.021715352810339587,2,2,2,2,1.0,0.009900990099009901,0.13312914025215472,3.5,Computational reversal candidate for further investigation.,131
BRD-K72451865,-0.021704882797063584,1,1,1,1,1.0,0.0297029702970297,0.18024302430243022,4.0,Computational reversal candidate for further investigation.,132
s1176,-0.021701966292088835,2,2,2,2,1.0,0.009900990099009901,0.13312914025215472,3.5,Computational reversal candidate for further investigation.,133
clobetasol propionate,-0.021686497256822812,2,2,2,2,1.0,0.019801980198019802,0.1529334751656984,3.0,Computational reversal candidate for further investigation.,134
ciglitazone,-0.021654655209292526,1,1,1,1,1.0,0.039603960396039604,0.2039113002209312,3.0,Computational reversal candidate for further investigation.,135
bl-010,-0.021606640841533725,1,1,1,1,1.0,0.039603960396039604,0.2039113002209312,4.0,Computational reversal candidate for further investigation.,136
BRD-K55612480,-0.021565025203071294,1,1,1,1,1.0,0.0594059405940594,0.24894552235492606,7.0,Computational reversal candidate for further investigation.,137
bis-tyrphostin,-0.02153555131229381,1,1,1,1,1.0,0.06930693069306931,0.2698638613861386,9.0,Computational reversal candidate for further investigation.,138
cgp 53353,-0.02149816187902681,1,1,1,1,1.0,0.019801980198019802,0.1529334751656984,3.0,Computational reversal candidate for further investigation.,139
BRD-A47832959,-0.021482579474003092,1,1,1,1,1.0,0.04950495049504951,0.22622188869253673,3.0,Computational reversal candidate for further investigation.,140
bml-259,-0.021471584130374678,4,5,4,5,0.8,0.009900990099009901,0.13312914025215472,3.8,Computational reversal candidate for further investigation.,141
dl-pdmp,-0.021457024660988266,17,21,17,21,0.8095238095238095,0.009900990099009901,0.13312914025215472,4.095238095238095,Computational reversal candidate for further investigation.,142
fluocinolone acetonide,-0.02141733734494803,2,3,2,3,0.6666666666666666,0.009900990099009901,0.13312914025215472,5.0,Computational reversal candidate for further investigation.,143
kynuramine,-0.021409067389588733,1,1,1,1,1.0,0.019801980198019802,0.1529334751656984,4.0,Computational reversal candidate for further investigation.,144
triclosan,-0.021397672736689424,3,3,3,3,1.0,0.0297029702970297,0.18024302430243022,4.0,Computational reversal candidate for further investigation.,145
BRD-K72703948,-0.02134292063065122,2,2,2,2,1.0,0.0297029702970297,0.18024302430243022,3.5,Computational reversal candidate for further investigation.,146
belinostat,-0.0213046122149688,26,30,26,30,0.8666666666666667,0.019801980198019802,0.1529334751656984,5.8,Computational reversal candidate for further investigation.,147
BRD-K76236182,-0.021294297707382226,2,2,2,2,1.0,0.009900990099009901,0.13312914025215472,3.0,Computational reversal candidate for further investigation.,148
d 4476,-0.021248378460219066,1,1,1,1,1.0,0.04950495049504951,0.22622188869253673,4.0,Computational reversal candidate for further investigation.,149
gitoxigenin,-0.021247806818374102,2,3,2,3,0.6666666666666666,0.009900990099009901,0.13312914025215472,3.6666666666666665,Computational reversal candidate for further investigation.,150
BRD-K77681376,-0.021244140759194598,3,5,3,5,0.6,0.04950495049504951,0.22622188869253673,4.4,Computational reversal candidate for further investigation.,151
BRD-A81530502,-0.021206769787496693,1,1,1,1,1.0,0.07920792079207921,0.29084401563928497,5.0,Computational reversal candidate for further investigation.,152
cyt997,-0.021157944179118995,7,7,7,7,1.0,0.019801980198019802,0.1529334751656984,3.7142857142857144,Computational reversal candidate for further investigation.,153
n-acetyl-dl-homocysteine thiolactone,-0.021149168895168997,1,1,1,1,1.0,0.0297029702970297,0.18024302430243022,3.0,Computational reversal candidate for further investigation.,154
ozagrel hydrochloride,-0.021110156545900025,1,1,1,1,1.0,0.039603960396039604,0.2039113002209312,3.0,Computational reversal candidate for further investigation.,155
BRD-U25771771,-0.021049277845120784,5,7,5,7,0.7142857142857143,0.009900990099009901,0.13312914025215472,5.142857142857143,Computational reversal candidate for further investigation.,156
alclometazone dipropionate,-0.02095334006459366,1,1,1,1,1.0,0.0891089108910891,0.3044690209423136,5.0,Computational reversal candidate for further investigation.,157
BRD-K04733502,-0.02094147228813225,2,2,2,2,1.0,0.019801980198019802,0.1529334751656984,3.0,Computational reversal candidate for further investigation.,158
chlorprothixene hydrochloride,-0.020916155025069216,3,3,3,3,1.0,0.009900990099009901,0.13312914025215472,4.0,Computational reversal candidate for further investigation.,159
rosuvastatin calcium,-0.02083457511721564,1,1,1,1,1.0,0.04950495049504951,0.22622188869253673,5.0,Computational reversal candidate for further investigation.,160
gr 127935 hydrochloride,-0.020815909825765005,3,4,3,4,0.75,0.019801980198019802,0.1529334751656984,5.0,Computational reversal candidate for further investigation.,161
kb-r7943 mesylate,-0.020779731726359087,4,4,4,4,1.0,0.009900990099009901,0.13312914025215472,3.75,Computational reversal candidate for further investigation.,162
hy-10344,-0.020633967813124987,1,1,1,1,1.0,0.009900990099009901,0.13312914025215472,3.0,Computational reversal candidate for further investigation.,163
amlodipine besylate,-0.02062395660008206,5,6,5,6,0.8333333333333334,0.009900990099009901,0.13312914025215472,3.6666666666666665,Computational reversal candidate for further investigation.,164
simvastatin,-0.02052202875201528,3,3,3,3,1.0,0.019801980198019802,0.1529334751656984,3.3333333333333335,Computational reversal candidate for further investigation.,165
halometasone,-0.0204314360391809,3,3,3,3,1.0,0.039603960396039604,0.2039113002209312,3.3333333333333335,Computational reversal candidate for further investigation.,166
s-8599,-0.02036971308898599,3,4,3,4,0.75,0.009900990099009901,0.13312914025215472,3.75,Computational reversal candidate for further investigation.,167
hydrocortisone hemisuccinate,-0.020341422721755358,1,1,1,1,1.0,0.06930693069306931,0.2698638613861386,6.0,Computational reversal candidate for further investigation.,168
np-006304,-0.0202557719117843,1,1,1,1,1.0,0.04950495049504951,0.22622188869253673,3.0,Computational reversal candidate for further investigation.,169
BRD-K97534490,-0.02024022744724021,1,1,1,1,1.0,0.0594059405940594,0.24894552235492606,5.0,Computational reversal candidate for further investigation.,170
s1170,-0.020071374529657987,4,5,4,5,0.8,0.009900990099009901,0.13312914025215472,4.6,Computational reversal candidate for further investigation.,171
BRD-K14749055,-0.020066103497293347,1,1,1,1,1.0,0.04950495049504951,0.22622188869253673,6.0,Computational reversal candidate for further investigation.,172
methyl benzethonium chloride,-0.019990805576588118,1,1,1,1,1.0,0.1188118811881188,0.36048604860486044,5.0,Computational reversal candidate for further investigation.,173
BRD-K89692698,-0.019969360684569407,2,2,2,2,1.0,0.019801980198019802,0.1529334751656984,3.5,Computational reversal candidate for further investigation.,174
BRD-K78294846,-0.01994517240627102,1,1,1,1,1.0,0.0891089108910891,0.3044690209423136,4.0,Computational reversal candidate for further investigation.,175
s1107,-0.019904499898700176,3,3,3,3,1.0,0.009900990099009901,0.13312914025215472,3.3333333333333335,Computational reversal candidate for further investigation.,176
hts 10859,-0.019892946127511954,2,2,2,2,1.0,0.0594059405940594,0.24894552235492606,4.5,Computational reversal candidate for further investigation.,177
wiskostatin,-0.019876222647320654,1,1,1,1,1.0,0.0297029702970297,0.18024302430243022,5.0,Computational reversal candidate for further investigation.,178
BRD-A18763547,-0.019868692718554036,6,7,6,7,0.8571428571428571,0.019801980198019802,0.1529334751656984,6.571428571428571,Computational reversal candidate for further investigation.,179
BRD-K26664453,-0.019832666705995317,5,5,5,5,1.0,0.009900990099009901,0.13312914025215472,3.8,Computational reversal candidate for further investigation.,180
s1297,-0.019729009096226262,1,1,1,1,1.0,0.06930693069306931,0.2698638613861386,4.0,Computational reversal candidate for further investigation.,181
chloroxine,-0.019506853143740878,2,2,2,2,1.0,0.039603960396039604,0.2039113002209312,3.5,Computational reversal candidate for further investigation.,182
cilostamide,-0.019483054885530898,1,1,1,1,1.0,0.0891089108910891,0.3044690209423136,4.0,Computational reversal candidate for further investigation.,183
hy-11066,-0.01940818263401822,5,5,5,5,1.0,0.009900990099009901,0.13312914025215472,3.4,Computational reversal candidate for further investigation.,184
BRD-K18595892,-0.01936583840257099,1,1,1,1,1.0,0.039603960396039604,0.2039113002209312,4.0,Computational reversal candidate for further investigation.,185
paroxetine hydrochloride,-0.019362032051671273,7,7,7,7,1.0,0.019801980198019802,0.1529334751656984,4.571428571428571,Computational reversal candidate for further investigation.,186
pracinostat,-0.01924200592301506,26,31,26,31,0.8387096774193549,0.009900990099009901,0.13312914025215472,6.290322580645161,Computational reversal candidate for further investigation.,187
nnc 05-2090 hydrochloride,-0.019218093945674537,3,3,3,3,1.0,0.0297029702970297,0.18024302430243022,4.333333333333333,Computational reversal candidate for further investigation.,188
hy-70044,-0.019204315306690783,4,6,4,6,0.6666666666666666,0.009900990099009901,0.13312914025215472,3.6666666666666665,Computational reversal candidate for further investigation.,189
rosiglitazone hydrochloride,-0.01914941257882859,4,5,4,5,0.8,0.009900990099009901,0.13312914025215472,3.8,Computational reversal candidate for further investigation.,190
ncgc00238427-01,-0.01912818141237082,1,1,1,1,1.0,0.06930693069306931,0.2698638613861386,6.0,Computational reversal candidate for further investigation.,191
BRD-K81609421,-0.019120365258247694,1,1,1,1,1.0,0.0297029702970297,0.18024302430243022,3.0,Computational reversal candidate for further investigation.,192
"betamethasone 17,21-dipropionate",-0.019120365258247694,1,1,1,1,1.0,0.07920792079207921,0.29084401563928497,3.0,Computational reversal candidate for further investigation.,193
chloroguanide hydrochloride,-0.019103858633368297,1,1,1,1,1.0,0.04950495049504951,0.22622188869253673,4.0,Computational reversal candidate for further investigation.,194
bibx 1382 dihydrochloride,-0.018909205000133832,4,5,4,5,0.8,0.019801980198019802,0.1529334751656984,4.0,Computational reversal candidate for further investigation.,195
BRD-A54632525,-0.018747785540915708,1,1,1,1,1.0,0.04950495049504951,0.22622188869253673,3.0,Computational reversal candidate for further investigation.,196
ncgc00185684-02,-0.01874627338680744,4,5,4,5,0.8,0.019801980198019802,0.1529334751656984,4.4,Computational reversal candidate for further investigation.,197
taxifolin-(+/-),-0.018712958610202845,1,1,1,1,1.0,0.1485148514851485,0.39710194195385207,5.0,Computational reversal candidate for further investigation.,198
at-mlpcn csc-006,-0.018705728011356504,6,6,6,6,1.0,0.009900990099009901,0.13312914025215472,4.5,Computational reversal candidate for further investigation.,199
BRD-K32501161,-0.01866479598424459,2,2,2,2,1.0,0.0297029702970297,0.18024302430243022,3.0,Computational reversal candidate for further investigation.,200
BRD-K84450674,-0.01865843469806506,2,3,2,3,0.6666666666666666,0.039603960396039604,0.2039113002209312,3.0,Computational reversal candidate for further investigation.,201
XMD-885,-0.01863454377121195,5,8,5,8,0.625,0.019801980198019802,0.1529334751656984,5.0,Computational reversal candidate for further investigation.,202
BRD-K30704475,-0.018604796826085034,1,1,1,1,1.0,0.019801980198019802,0.1529334751656984,3.0,Computational reversal candidate for further investigation.,203
linifanib,-0.01855718554208253,19,24,19,24,0.7916666666666666,0.009900990099009901,0.13312914025215472,5.625,Computational reversal candidate for further investigation.,204
BRD-K39687892,-0.01855609276264516,1,1,1,1,1.0,0.07920792079207921,0.29084401563928497,7.0,Computational reversal candidate for further investigation.,205
ntncb hydrochloride,-0.018555774417764806,2,2,2,2,1.0,0.0297029702970297,0.18024302430243022,4.0,Computational reversal candidate for further investigation.,206
aceclidine hydrochloride,-0.018515078727079897,1,1,1,1,1.0,0.039603960396039604,0.2039113002209312,3.0,Computational reversal candidate for further investigation.,207
BRD-A75301702,-0.018479478495001776,4,4,4,4,1.0,0.019801980198019802,0.1529334751656984,4.0,Computational reversal candidate for further investigation.,208
dinaciclib,-0.018428995799735018,28,37,28,37,0.7567567567567568,0.019801980198019802,0.1529334751656984,6.594594594594595,Computational reversal candidate for further investigation.,209
CP-724714,-0.0184077077511874,4,4,4,4,1.0,0.009900990099009901,0.13312914025215472,4.25,Computational reversal candidate for further investigation.,210
triflupromazine hydrochloride,-0.01838195590702833,5,5,5,5,1.0,0.009900990099009901,0.13312914025215472,3.6,Computational reversal candidate for further investigation.,211
hydrocortisone,-0.018370776850184685,1,1,1,1,1.0,0.12871287128712872,0.3741280815484348,5.0,Computational reversal candidate for further investigation.,212
hy-50940,-0.018237452177278797,4,5,4,5,0.8,0.0594059405940594,0.24894552235492606,3.6,Computational reversal candidate for further investigation.,213
BRD-K51556300,-0.01816046450125937,2,3,2,3,0.6666666666666666,0.009900990099009901,0.13312914025215472,4.0,Computational reversal candidate for further investigation.,214
terfenadine,-0.01816046450125937,5,5,5,5,1.0,0.019801980198019802,0.1529334751656984,3.2,Computational reversal candidate for further investigation.,215
PD-184352,-0.018156416397764382,22,27,22,27,0.8148148148148148,0.019801980198019802,0.1529334751656984,5.111111111111111,Computational reversal candidate for further investigation.,216
thm-i-94,-0.01815039089845328,10,14,10,14,0.7142857142857143,0.009900990099009901,0.13312914025215472,6.214285714285714,Computational reversal candidate for further investigation.,217
BRD-K61981833,-0.01814569326176316,1,1,1,1,1.0,0.04950495049504951,0.22622188869253673,3.0,Computational reversal candidate for further investigation.,218
malonoben,-0.018103348766592524,4,5,4,5,0.8,0.0297029702970297,0.18024302430243022,5.6,Computational reversal candidate for further investigation.,219
imodium,-0.018064889274336575,2,3,2,3,0.6666666666666666,0.09900990099009901,0.32182522600086094,4.666666666666667,Computational reversal candidate for further investigation.,220
hinokitiol,-0.018015360080302446,3,4,3,4,0.75,0.039603960396039604,0.2039113002209312,3.5,Computational reversal candidate for further investigation.,221
BRD-K11663430,-0.017971654731539655,3,3,3,3,1.0,0.0297029702970297,0.18024302430243022,4.666666666666667,Computational reversal candidate for further investigation.,222
nemonapride,-0.017851094533946,2,2,2,2,1.0,0.039603960396039604,0.2039113002209312,3.0,Computational reversal candidate for further investigation.,223
bms-754807,-0.0177887036693154,6,7,6,7,0.8571428571428571,0.009900990099009901,0.13312914025215472,4.857142857142857,Computational reversal candidate for further investigation.,224
ncgc00238548-02,-0.017756198469422602,1,1,1,1,1.0,0.0891089108910891,0.3044690209423136,3.0,Computational reversal candidate for further investigation.,225
thioridazine hydrochloride,-0.017722092926910828,5,6,6,7,0.8333333333333334,0.019801980198019802,0.1529334751656984,4.142857142857143,Computational reversal candidate for further investigation.,226
BRD-K55844427,-0.017707637449721928,3,3,3,3,1.0,0.019801980198019802,0.1529334751656984,3.6666666666666665,Computational reversal candidate for further investigation.,227
BRD-K38634661,-0.017702505053754564,1,1,1,1,1.0,0.019801980198019802,0.1529334751656984,4.0,Computational reversal candidate for further investigation.,228
BRD-K93215584,-0.0175999044076519,1,1,1,1,1.0,0.019801980198019802,0.1529334751656984,4.0,Computational reversal candidate for further investigation.,229
AZD7762,-0.01759778056334921,1,1,1,1,1.0,0.009900990099009901,0.13312914025215472,3.0,Computational reversal candidate for further investigation.,230
sb 203186 hydrochloride,-0.017581888201535625,1,1,1,1,1.0,0.0297029702970297,0.18024302430243022,3.0,Computational reversal candidate for further investigation.,231
cerivastatin na,-0.01752984025281665,1,1,1,1,1.0,0.1188118811881188,0.36048604860486044,4.0,Computational reversal candidate for further investigation.,232
BRD-K45818044,-0.01750261999975713,3,3,3,3,1.0,0.019801980198019802,0.1529334751656984,3.6666666666666665,Computational reversal candidate for further investigation.,233
sdz 21009,-0.017491851863284967,1,1,1,1,1.0,0.04950495049504951,0.22622188869253673,3.0,Computational reversal candidate for further investigation.,234
ncgc00012272-02,-0.017486160374486994,1,1,1,1,1.0,0.039603960396039604,0.2039113002209312,5.0,Computational reversal candidate for further investigation.,235
vu0418939-2,-0.017478586656503717,3,4,3,4,0.75,0.019801980198019802,0.1529334751656984,4.25,Computational reversal candidate for further investigation.,236
maprotiline hydrochloride,-0.017456334711062584,4,4,4,4,1.0,0.009900990099009901,0.13312914025215472,3.75,Computational reversal candidate for further investigation.,237
s1173,-0.017454514685870497,1,1,1,1,1.0,0.0594059405940594,0.24894552235492606,4.0,Computational reversal candidate for further investigation.,238
anafranil,-0.017447690079142333,2,2,2,2,1.0,0.0297029702970297,0.18024302430243022,3.5,Computational reversal candidate for further investigation.,239
s1205,-0.01740640423763168,5,6,5,6,0.8333333333333334,0.04950495049504951,0.22622188869253673,4.833333333333333,Computational reversal candidate for further investigation.,240
s1014,-0.01733839445949361,4,4,4,4,1.0,0.009900990099009901,0.13312914025215472,3.5,Computational reversal candidate for further investigation.,241
NVP-AEW541,-0.017315591126538292,8,9,8,9,0.8888888888888888,0.009900990099009901,0.13312914025215472,4.222222222222222,Computational reversal candidate for further investigation.,242
BRD-A76641868,-0.017283050328133955,1,1,1,1,1.0,0.06930693069306931,0.2698638613861386,3.0,Computational reversal candidate for further investigation.,243
BRD-K53308430,-0.01723627193261087,2,2,2,2,1.0,0.10891089108910891,0.34153432121735666,5.5,Computational reversal candidate for further investigation.,244
BRD-K40175214,-0.017183729920104033,6,6,6,6,1.0,0.0297029702970297,0.18024302430243022,4.166666666666667,Computational reversal candidate for further investigation.,245
ncgc00229595-01,-0.017180388356616425,1,1,1,1,1.0,0.0594059405940594,0.24894552235492606,3.0,Computational reversal candidate for further investigation.,246
aminogenistein,-0.017175725316733014,1,1,1,1,1.0,0.019801980198019802,0.1529334751656984,4.0,Computational reversal candidate for further investigation.,247
BRD-K60219430,-0.017165463803763298,8,8,8,8,1.0,0.009900990099009901,0.13312914025215472,3.625,Computational reversal candidate for further investigation.,248
"ici-199,441 hydrochloride",-0.017090542313954387,1,1,1,1,1.0,0.04950495049504951,0.22622188869253673,4.0,Computational reversal candidate for further investigation.,249
clonidine hydrochloride,-0.017073472105950498,1,1,1,1,1.0,0.09900990099009901,0.32182522600086094,4.0,Computational reversal candidate for further investigation.,250
BRD-A18411371,-0.016973992820839553,4,4,4,4,1.0,0.009900990099009901,0.13312914025215472,4.0,Computational reversal candidate for further investigation.,251
triamcinolone diacetate,-0.016966797361644,1,1,1,1,1.0,0.0594059405940594,0.24894552235492606,6.0,Computational reversal candidate for further investigation.,252
BRD-K92981876,-0.01694429255088349,2,2,2,2,1.0,0.009900990099009901,0.13312914025215472,3.0,Computational reversal candidate for further investigation.,253
fluvastatin,-0.0169293848733078,4,4,4,4,1.0,0.009900990099009901,0.13312914025215472,3.25,Computational reversal candidate for further investigation.,254
prothionamide,-0.016880446061919137,1,1,1,1,1.0,0.06930693069306931,0.2698638613861386,4.0,Computational reversal candidate for further investigation.,255
BRD-K02174945,-0.016863899015066276,1,1,1,1,1.0,0.10891089108910891,0.34153432121735666,4.0,Computational reversal candidate for further investigation.,256
n-benzylnaltrindole hydrochloride,-0.016845742352327782,2,3,2,3,0.6666666666666666,0.009900990099009901,0.13312914025215472,3.3333333333333335,Computational reversal candidate for further investigation.,257
s1017,-0.01680100150660443,5,5,5,5,1.0,0.019801980198019802,0.1529334751656984,4.4,Computational reversal candidate for further investigation.,258
BRD-K96405393,-0.016731101591184357,1,1,1,1,1.0,0.16831683168316833,0.42339725224204794,5.0,Computational reversal candidate for further investigation.,259
vx-680,-0.01669446113030444,9,11,9,11,0.8181818181818182,0.009900990099009901,0.13312914025215472,3.3636363636363638,Computational reversal candidate for further investigation.,260
BRD-K09485525,-0.016691648062218477,1,1,1,1,1.0,0.18811881188118812,0.4490345586282766,4.0,Computational reversal candidate for further investigation.,261
fk 888,-0.016673635496422857,2,2,2,2,1.0,0.039603960396039604,0.2039113002209312,4.0,Computational reversal candidate for further investigation.,262
triptolide,-0.016657409364210958,2,3,2,3,0.6666666666666666,0.13861386138613863,0.3884097555182805,5.0,Computational reversal candidate for further investigation.,263
cam-9-021 brd-k05563014,-0.01661844818172773,1,1,1,1,1.0,0.1485148514851485,0.39710194195385207,3.0,Computational reversal candidate for further investigation.,264
ncgc00180994-01,-0.01660446291058947,2,2,2,2,1.0,0.009900990099009901,0.13312914025215472,3.0,Computational reversal candidate for further investigation.,265
iniparib,-0.016585878514654658,1,1,1,1,1.0,0.0297029702970297,0.18024302430243022,3.0,Computational reversal candidate for further investigation.,266
pimozide,-0.01656237995105634,4,4,4,4,1.0,0.019801980198019802,0.1529334751656984,4.5,Computational reversal candidate for further investigation.,267
thapsigargin,-0.016469462298098397,4,4,4,4,1.0,0.0891089108910891,0.3044690209423136,4.5,Computational reversal candidate for further investigation.,268
s1130,-0.016449156814191648,2,2,2,2,1.0,0.019801980198019802,0.1529334751656984,3.0,Computational reversal candidate for further investigation.,269
epirubicin hydrochloride,-0.016412517421503646,10,11,16,17,0.9090909090909091,0.039603960396039604,0.2039113002209312,3.8823529411764706,Computational reversal candidate for further investigation.,270
ncgc00167098-01,-0.016393606218722986,1,1,1,1,1.0,0.15841584158415842,0.4106507738152456,5.0,Computational reversal candidate for further investigation.,271
ly 320135,-0.016346157572225094,1,1,1,1,1.0,0.1485148514851485,0.39710194195385207,3.0,Computational reversal candidate for further investigation.,272
BRD-K08448573,-0.016315887607311917,4,5,4,5,0.8,0.019801980198019802,0.1529334751656984,4.4,Computational reversal candidate for further investigation.,273
erlotinib,-0.016254588639612794,8,11,8,11,0.7272727272727273,0.019801980198019802,0.1529334751656984,4.181818181818182,Computational reversal candidate for further investigation.,274
BRD-K46692335,-0.01624395817984943,1,1,1,1,1.0,0.019801980198019802,0.1529334751656984,3.0,Computational reversal candidate for further investigation.,275
ei-148,-0.016224403174336075,1,1,1,1,1.0,0.04950495049504951,0.22622188869253673,3.0,Computational reversal candidate for further investigation.,276
palbociclib,-0.016219683042297636,14,20,14,20,0.7,0.039603960396039604,0.2039113002209312,3.8,Computational reversal candidate for further investigation.,277
syk inhibitor,-0.01621688267779194,3,3,3,3,1.0,0.019801980198019802,0.1529334751656984,4.0,Computational reversal candidate for further investigation.,278
remacemide hydrochloride,-0.01621613805538219,1,1,1,1,1.0,0.06930693069306931,0.2698638613861386,4.0,Computational reversal candidate for further investigation.,279
azasetron,-0.016195520763978583,1,1,1,1,1.0,0.1188118811881188,0.36048604860486044,6.0,Computational reversal candidate for further investigation.,280
nonoxynol-9,-0.016187972045126224,3,3,3,3,1.0,0.019801980198019802,0.1529334751656984,3.0,Computational reversal candidate for further investigation.,281
BRD-A11702965,-0.016187960041196797,4,4,4,4,1.0,0.1485148514851485,0.39710194195385207,5.0,Computational reversal candidate for further investigation.,282
mestanolone,-0.016178964777575418,1,1,1,1,1.0,0.32673267326732675,0.612500868943464,4.0,Computational reversal candidate for further investigation.,283
resveratrol,-0.016149317121930667,1,1,1,1,1.0,0.12871287128712872,0.3741280815484348,4.0,Computational reversal candidate for further investigation.,284
BRD-K74761218,-0.01613101515889296,6,7,6,7,0.8571428571428571,0.019801980198019802,0.1529334751656984,4.857142857142857,Computational reversal candidate for further investigation.,285
gr-235,-0.016064228390658776,1,1,1,1,1.0,0.06930693069306931,0.2698638613861386,3.0,Computational reversal candidate for further investigation.,286
BRD-K12401458,-0.015997890778971024,1,1,1,1,1.0,0.12871287128712872,0.3741280815484348,4.0,Computational reversal candidate for further investigation.,287
clomid,-0.015985608156514827,2,2,2,2,1.0,0.06930693069306931,0.2698638613861386,3.5,Computational reversal candidate for further investigation.,288
er 27319 maleate,-0.015939593977294254,8,10,8,10,0.8,0.07920792079207921,0.29084401563928497,4.4,Computational reversal candidate for further investigation.,289
u 18666a,-0.01592918059857211,4,4,4,4,1.0,0.039603960396039604,0.2039113002209312,3.25,Computational reversal candidate for further investigation.,290
BRD-K64642496,-0.01592265037383043,13,16,13,16,0.8125,0.009900990099009901,0.13312914025215472,4.375,Computational reversal candidate for further investigation.,291
clocortolone pivalate,-0.01591696595580769,1,1,1,1,1.0,0.0891089108910891,0.3044690209423136,4.0,Computational reversal candidate for further investigation.,292
pi 828,-0.01586902345165453,8,8,8,8,1.0,0.019801980198019802,0.1529334751656984,4.25,Computational reversal candidate for further investigation.,293
BRD-K11072542,-0.015854207840084344,2,2,2,2,1.0,0.0297029702970297,0.18024302430243022,4.0,Computational reversal candidate for further investigation.,294
nitazoxanide,-0.015850812549109965,2,2,2,2,1.0,0.009900990099009901,0.13312914025215472,3.0,Computational reversal candidate for further investigation.,295
BRD-U37049823,-0.01584580423832614,2,2,2,2,1.0,0.0297029702970297,0.18024302430243022,4.0,Computational reversal candidate for further investigation.,296
ncgc00184891-01,-0.015838489894130024,1,1,1,1,1.0,0.019801980198019802,0.1529334751656984,3.0,Computational reversal candidate for further investigation.,297
BRD-K07005393,-0.015836734950601138,3,4,3,4,0.75,0.009900990099009901,0.13312914025215472,4.25,Computational reversal candidate for further investigation.,298
KIN001-266,-0.015821285417412803,2,2,2,2,1.0,0.009900990099009901,0.13312914025215472,4.0,Computational reversal candidate for further investigation.,299
v2264,-0.015730902054066794,2,2,2,2,1.0,0.0891089108910891,0.3044690209423136,5.0,Computational reversal candidate for further investigation.,300
rg-13022,-0.015714384985661495,1,1,1,1,1.0,0.0594059405940594,0.24894552235492606,3.0,Computational reversal candidate for further investigation.,301
vu0410183-2,-0.015711823983855698,6,6,7,7,1.0,0.0297029702970297,0.18024302430243022,3.857142857142857,Computational reversal candidate for further investigation.,302
BRD-K86574132,-0.015709991389439057,12,13,12,13,0.9230769230769231,0.0297029702970297,0.18024302430243022,4.846153846153846,Computational reversal candidate for further investigation.,303
zardaverine,-0.015649534901206873,1,1,1,1,1.0,0.15841584158415842,0.4106507738152456,6.0,Computational reversal candidate for further investigation.,304
hy-10044,-0.015643385862988683,4,4,4,4,1.0,0.019801980198019802,0.1529334751656984,4.0,Computational reversal candidate for further investigation.,305
idarubicin hcl,-0.015613719927144144,4,4,4,4,1.0,0.039603960396039604,0.2039113002209312,4.0,Computational reversal candidate for further investigation.,306
hy-11006,-0.015540476669604519,7,8,7,8,0.875,0.009900990099009901,0.13312914025215472,4.25,Computational reversal candidate for further investigation.,307
BRD-K28789065,-0.015539103889071254,1,1,1,1,1.0,0.0594059405940594,0.24894552235492606,4.0,Computational reversal candidate for further investigation.,308
oxibendazole,-0.015518842321701656,3,3,4,4,1.0,0.039603960396039604,0.2039113002209312,4.5,Computational reversal candidate for further investigation.,309
BRD-A83255679,-0.015504186563325945,1,1,1,1,1.0,0.009900990099009901,0.13312914025215472,3.0,Computational reversal candidate for further investigation.,310
BRD-K16618170,-0.015502758606975706,1,1,1,1,1.0,0.12871287128712872,0.3741280815484348,5.0,Computational reversal candidate for further investigation.,311
chelerythrine chloride,-0.015484652814656514,2,3,2,3,0.6666666666666666,0.019801980198019802,0.1529334751656984,3.6666666666666665,Computational reversal candidate for further investigation.,312
guanabenz acetate,-0.01548437469152001,1,1,1,1,1.0,0.0891089108910891,0.3044690209423136,3.0,Computational reversal candidate for further investigation.,313
norethindrone,-0.015449749801220517,2,2,3,3,1.0,0.0297029702970297,0.18024302430243022,4.0,Computational reversal candidate for further investigation.,314
s1172,-0.015442144874472444,1,1,1,1,1.0,0.0594059405940594,0.24894552235492606,5.0,Computational reversal candidate for further investigation.,315
BRD-K80334323 (norethynodrel),-0.01544196357997608,2,2,2,2,1.0,0.09900990099009901,0.32182522600086094,3.5,Computational reversal candidate for further investigation.,316
XMD11-85H,-0.015439457980377418,3,4,3,4,0.75,0.019801980198019802,0.1529334751656984,5.25,Computational reversal candidate for further investigation.,317
BRD-K27484191,-0.015370838518725047,1,1,1,1,1.0,0.04950495049504951,0.22622188869253673,3.0,Computational reversal candidate for further investigation.,318
floxuridine,-0.015366796458798706,1,1,1,1,1.0,0.04950495049504951,0.22622188869253673,3.0,Computational reversal candidate for further investigation.,319
BRD-K45044657,-0.01535339196455613,2,3,2,3,0.6666666666666666,0.009900990099009901,0.13312914025215472,3.6666666666666665,Computational reversal candidate for further investigation.,320
ag-879,-0.01533758611606276,4,4,4,4,1.0,0.04950495049504951,0.22622188869253673,5.5,Computational reversal candidate for further investigation.,321
skf 86002 dihydrochloride,-0.015278587023631381,2,2,2,2,1.0,0.07920792079207921,0.29084401563928497,3.5,Computational reversal candidate for further investigation.,322
chlorambucil,-0.015271163980863936,1,1,1,1,1.0,0.0891089108910891,0.3044690209423136,3.0,Computational reversal candidate for further investigation.,323
BRD-K45399554,-0.015215962640609093,5,6,5,6,0.8333333333333334,0.009900990099009901,0.13312914025215472,4.5,Computational reversal candidate for further investigation.,324
tpl2,-0.015199011284909372,2,2,2,2,1.0,0.0297029702970297,0.18024302430243022,3.0,Computational reversal candidate for further investigation.,325
HG-5-113-01,-0.015164734556921071,10,15,10,15,0.6666666666666666,0.009900990099009901,0.13312914025215472,4.6,Computational reversal candidate for further investigation.,326
bifemelane hydrochloride,-0.015147650898291523,1,1,1,1,1.0,0.07920792079207921,0.29084401563928497,3.0,Computational reversal candidate for further investigation.,327
trametinib,-0.015105448718652504,28,37,28,37,0.7567567567567568,0.0297029702970297,0.18024302430243022,5.216216216216216,Computational reversal candidate for further investigation.,328
BRD-A05565054,-0.015088543092215932,2,2,2,2,1.0,0.009900990099009901,0.13312914025215472,4.0,Computational reversal candidate for further investigation.,329
"clomiphene citrate (z,e)",-0.015069392855785485,1,1,1,1,1.0,0.12871287128712872,0.3741280815484348,3.0,Computational reversal candidate for further investigation.,330
BRD-K81795824,-0.015067497077138822,4,4,4,4,1.0,0.039603960396039604,0.2039113002209312,4.5,Computational reversal candidate for further investigation.,331
arachidonamide,-0.01505338331064757,2,2,2,2,1.0,0.0594059405940594,0.24894552235492606,4.5,Computational reversal candidate for further investigation.,332
cis-(z)-flupenthixol,-0.015046557497768568,1,1,1,1,1.0,0.0594059405940594,0.24894552235492606,3.0,Computational reversal candidate for further investigation.,333
BRD-K50234570,-0.015044150921096011,5,6,5,6,0.8333333333333334,0.0297029702970297,0.18024302430243022,3.6666666666666665,Computational reversal candidate for further investigation.,334
bjm-csc-19 brd-k92817986,-0.01503998189517015,3,3,3,3,1.0,0.019801980198019802,0.1529334751656984,3.3333333333333335,Computational reversal candidate for further investigation.,335
ncgc00167094-01,-0.015025217750562286,1,1,1,1,1.0,0.12871287128712872,0.3741280815484348,3.0,Computational reversal candidate for further investigation.,336
rs 102895 hydrochloride,-0.01498640449471432,1,1,1,1,1.0,0.06930693069306931,0.2698638613861386,3.0,Computational reversal candidate for further investigation.,337
jak3 inhibitor i,-0.01494265542552607,1,1,1,1,1.0,0.12871287128712872,0.3741280815484348,4.0,Computational reversal candidate for further investigation.,338
c8273,-0.014941940496389661,4,5,4,5,0.8,0.019801980198019802,0.1529334751656984,4.2,Computational reversal candidate for further investigation.,339
t0516-4420,-0.014922604482694956,1,1,1,1,1.0,0.09900990099009901,0.32182522600086094,5.0,Computational reversal candidate for further investigation.,340
8-{[2-oxo-2-(1-pyrrolidinyl)ethyl]thio}quinoline,-0.014918283290159106,1,1,1,1,1.0,0.06930693069306931,0.2698638613861386,4.0,Computational reversal candidate for further investigation.,341
regorafenib,-0.01491409285489181,3,5,3,5,0.6,0.0297029702970297,0.18024302430243022,5.2,Computational reversal candidate for further investigation.,342
r3904,-0.014898763501772225,2,2,2,2,1.0,0.039603960396039604,0.2039113002209312,3.5,Computational reversal candidate for further investigation.,343
t7765,-0.014888521408788283,3,5,3,5,0.6,0.0297029702970297,0.18024302430243022,3.8,Computational reversal candidate for further investigation.,344
colforsin,-0.014867960607729592,1,1,1,1,1.0,0.10891089108910891,0.34153432121735666,4.0,Computational reversal candidate for further investigation.,345
s1095,-0.014864377057428983,3,4,3,4,0.75,0.019801980198019802,0.1529334751656984,4.5,Computational reversal candidate for further investigation.,346
pha 665752,-0.014854049483589,3,3,3,3,1.0,0.0297029702970297,0.18024302430243022,4.333333333333333,Computational reversal candidate for further investigation.,347
BRD-K14880289,-0.01480529580625961,1,1,1,1,1.0,0.16831683168316833,0.42339725224204794,4.0,Computational reversal candidate for further investigation.,348
a8674,-0.014764742430320082,1,1,1,1,1.0,0.18811881188118812,0.4490345586282766,6.0,Computational reversal candidate for further investigation.,349
BRD-K45842176,-0.014734809231430588,1,1,1,1,1.0,0.039603960396039604,0.2039113002209312,3.0,Computational reversal candidate for further investigation.,350
BRD-K07061353,-0.014683600535133096,2,2,2,2,1.0,0.0297029702970297,0.18024302430243022,3.0,Computational reversal candidate for further investigation.,351
jak3 inhibitor ii,-0.01467821772038666,3,3,3,3,1.0,0.04950495049504951,0.22622188869253673,3.6666666666666665,Computational reversal candidate for further investigation.,352
parbendazole,-0.014676868487021356,3,4,3,4,0.75,0.0297029702970297,0.18024302430243022,4.75,Computational reversal candidate for further investigation.,353
BRD-K61776140,-0.014610780902036206,3,3,3,3,1.0,0.0297029702970297,0.18024302430243022,3.6666666666666665,Computational reversal candidate for further investigation.,354
fk506,-0.014600889418874484,6,7,6,7,0.8571428571428571,0.019801980198019802,0.1529334751656984,3.7142857142857144,Computational reversal candidate for further investigation.,355
tl hras27 brd-k15166186,-0.014599759101979679,1,1,1,1,1.0,0.0297029702970297,0.18024302430243022,3.0,Computational reversal candidate for further investigation.,356
esculin hydrate,-0.014587763863147547,1,1,1,1,1.0,0.0891089108910891,0.3044690209423136,4.0,Computational reversal candidate for further investigation.,357
fenspiride hydrochloride,-0.01451670933368739,1,1,1,1,1.0,0.0297029702970297,0.18024302430243022,3.0,Computational reversal candidate for further investigation.,358
bms 191011,-0.01451160133009163,1,1,1,1,1.0,0.039603960396039604,0.2039113002209312,3.0,Computational reversal candidate for further investigation.,359
s1169,-0.014503785225017767,1,1,1,1,1.0,0.10891089108910891,0.34153432121735666,3.0,Computational reversal candidate for further investigation.,360
ncgc00182382-01,-0.014490409567409296,2,3,2,3,0.6666666666666666,0.0297029702970297,0.18024302430243022,4.0,Computational reversal candidate for further investigation.,361
danazol,-0.014481668260364865,2,2,2,2,1.0,0.06930693069306931,0.2698638613861386,3.0,Computational reversal candidate for further investigation.,362
na-tosyl-phe chloromethyl ketone,-0.014473313787708289,1,1,1,1,1.0,0.1485148514851485,0.39710194195385207,5.0,Computational reversal candidate for further investigation.,363
t5323840,-0.01446414719965088,3,4,4,5,0.75,0.0297029702970297,0.18024302430243022,3.6,Computational reversal candidate for further investigation.,364
vu0365117-1,-0.01440631457886982,2,2,2,2,1.0,0.06930693069306931,0.2698638613861386,4.0,Computational reversal candidate for further investigation.,365
kuc104233 kuc104233n,-0.014392595691266736,1,1,1,1,1.0,0.0891089108910891,0.3044690209423136,4.0,Computational reversal candidate for further investigation.,366
BRD-K52321331,-0.014387659294168506,1,2,1,2,0.5,0.039603960396039604,0.2039113002209312,3.0,Computational reversal candidate for further investigation.,367
ncgc00188714-01,-0.014383863705858355,1,1,1,1,1.0,0.18811881188118812,0.4490345586282766,4.0,Computational reversal candidate for further investigation.,368
BRD-K05452595,-0.014376087431938911,1,1,1,1,1.0,0.09900990099009901,0.32182522600086094,4.0,Computational reversal candidate for further investigation.,369
ei-215,-0.014291407835248907,5,8,5,8,0.625,0.039603960396039604,0.2039113002209312,5.125,Computational reversal candidate for further investigation.,370
BRD-K68690198,-0.014281102089122151,1,1,1,1,1.0,0.09900990099009901,0.32182522600086094,3.0,Computational reversal candidate for further investigation.,371
BRD-U68942961,-0.014263363136990177,6,7,6,7,0.8571428571428571,0.019801980198019802,0.1529334751656984,4.142857142857143,Computational reversal candidate for further investigation.,372
BRD-A75409952 (wortmannin),-0.014229670983612882,7,8,7,8,0.875,0.0297029702970297,0.18024302430243022,4.75,Computational reversal candidate for further investigation.,373
rimcazole dihydrochloride,-0.014193516310424072,1,1,1,1,1.0,0.15841584158415842,0.4106507738152456,5.0,Computational reversal candidate for further investigation.,374
BRD-K10846167,-0.014191512723519244,4,6,4,6,0.6666666666666666,0.0891089108910891,0.3044690209423136,3.8333333333333335,Computational reversal candidate for further investigation.,375
BRD-K85818861,-0.014177621644003381,3,4,3,4,0.75,0.039603960396039604,0.2039113002209312,4.0,Computational reversal candidate for further investigation.,376
BRD-U64289953,-0.014175920064065855,2,2,2,2,1.0,0.009900990099009901,0.13312914025215472,3.5,Computational reversal candidate for further investigation.,377
mibefradil dihydrochloride,-0.014174564881092809,3,3,3,3,1.0,0.019801980198019802,0.1529334751656984,4.333333333333333,Computational reversal candidate for further investigation.,378
tl hras24 brd-k93060291,-0.014152657987946375,2,2,2,2,1.0,0.06930693069306931,0.2698638613861386,5.0,Computational reversal candidate for further investigation.,379
cgk 733,-0.014144178219522956,4,5,4,5,0.8,0.06930693069306931,0.2698638613861386,3.4,Computational reversal candidate for further investigation.,380
liothyronine (l- isomer) sodium,-0.014144106448517392,1,1,1,1,1.0,0.0594059405940594,0.24894552235492606,3.0,Computational reversal candidate for further investigation.,381
gw 9508,-0.01412550086386077,1,1,1,1,1.0,0.0891089108910891,0.3044690209423136,3.0,Computational reversal candidate for further investigation.,382
ncgc00182353-01,-0.01412110677048188,1,1,1,1,1.0,0.15841584158415842,0.4106507738152456,4.0,Computational reversal candidate for further investigation.,383
SB590885,-0.014099058964889333,12,19,12,19,0.631578947368421,0.009900990099009901,0.13312914025215472,4.842105263157895,Computational reversal candidate for further investigation.,384
BRD-K73155123,-0.014095245061234708,1,1,1,1,1.0,0.06930693069306931,0.2698638613861386,3.0,Computational reversal candidate for further investigation.,385
AKT-inhibitor-1-2,-0.014083356779932221,7,8,7,8,0.875,0.009900990099009901,0.13312914025215472,3.625,Computational reversal candidate for further investigation.,386
antimycin a,-0.014073798319740831,1,1,1,1,1.0,0.0891089108910891,0.3044690209423136,3.0,Computational reversal candidate for further investigation.,387
artesunate,-0.014073798319740831,6,7,6,7,0.8571428571428571,0.019801980198019802,0.1529334751656984,4.428571428571429,Computational reversal candidate for further investigation.,388
ivermectin,-0.014042142700444422,4,4,4,4,1.0,0.019801980198019802,0.1529334751656984,3.75,Computational reversal candidate for further investigation.,389
cosmosiin,-0.014009638168842618,1,1,1,1,1.0,0.1782178217821782,0.4371248148436891,6.0,Computational reversal candidate for further investigation.,390
betamethasone,-0.013935301573101938,2,3,2,3,0.6666666666666666,0.04950495049504951,0.22622188869253673,5.333333333333333,Computational reversal candidate for further investigation.,391
eriodyctol,-0.013888848129907316,1,1,1,1,1.0,0.04950495049504951,0.22622188869253673,4.0,Computational reversal candidate for further investigation.,392
atorvastatin,-0.013877410759560994,1,1,1,1,1.0,0.15841584158415842,0.4106507738152456,5.0,Computational reversal candidate for further investigation.,393
mefenamic acid,-0.01387567623748177,1,1,1,1,1.0,0.0891089108910891,0.3044690209423136,5.0,Computational reversal candidate for further investigation.,394
cucurbitacin i,-0.013858589408362687,5,7,5,7,0.7142857142857143,0.039603960396039604,0.2039113002209312,4.142857142857143,Computational reversal candidate for further investigation.,395
s1216,-0.013853475464015419,5,7,5,7,0.7142857142857143,0.04950495049504951,0.22622188869253673,5.142857142857143,Computational reversal candidate for further investigation.,396
SAR-245408,-0.013836029797576008,4,4,4,4,1.0,0.0297029702970297,0.18024302430243022,4.25,Computational reversal candidate for further investigation.,397
ei-231,-0.013827710307581488,1,1,1,1,1.0,0.1485148514851485,0.39710194195385207,3.0,Computational reversal candidate for further investigation.,398
prenylamine lactate,-0.013827710307581488,1,1,1,1,1.0,0.04950495049504951,0.22622188869253673,3.0,Computational reversal candidate for further investigation.,399
BRD-K05153001,-0.013810988285101668,2,2,2,2,1.0,0.18811881188118812,0.4490345586282766,4.0,Computational reversal candidate for further investigation.,400
suloctidil,-0.01379732265620116,8,8,8,8,1.0,0.019801980198019802,0.1529334751656984,4.0,Computational reversal candidate for further investigation.,401
exemestane,-0.013794494583222537,1,1,1,1,1.0,0.22772277227722773,0.5013119686526957,3.0,Computational reversal candidate for further investigation.,402
BRD-K83213280,-0.013788571261760436,1,1,1,1,1.0,0.019801980198019802,0.1529334751656984,3.0,Computational reversal candidate for further investigation.,403
cyclosporine,-0.013775180518320607,11,12,17,18,0.9166666666666666,0.009900990099009901,0.13312914025215472,3.8333333333333335,Computational reversal candidate for further investigation.,404
mls-0075347.0001,-0.013738615818143413,1,1,1,1,1.0,0.1485148514851485,0.39710194195385207,4.0,Computational reversal candidate for further investigation.,405
BRD-K09299610,-0.013730965031358077,1,1,1,1,1.0,0.12871287128712872,0.3741280815484348,4.0,Computational reversal candidate for further investigation.,406
BRD-A75931230,-0.013620971268203389,2,3,2,3,0.6666666666666666,0.0891089108910891,0.3044690209423136,4.333333333333333,Computational reversal candidate for further investigation.,407
zolantidine dimaleate,-0.013582894944248323,1,1,1,1,1.0,0.21782178217821782,0.4881401809245673,4.0,Computational reversal candidate for further investigation.,408
ag 592,-0.013537202514607174,4,5,4,5,0.8,0.06930693069306931,0.2698638613861386,3.6,Computational reversal candidate for further investigation.,409
BRD-K70161581,-0.01353059112209292,2,4,2,4,0.5,0.009900990099009901,0.13312914025215472,4.25,Computational reversal candidate for further investigation.,410
pdgf receptor tyrosine kinase inhibitor i,-0.0135270916475184,4,4,4,4,1.0,0.0297029702970297,0.18024302430243022,3.5,Computational reversal candidate for further investigation.,411
BRD-K00486725,-0.013487805289939654,1,1,1,1,1.0,0.039603960396039604,0.2039113002209312,3.0,Computational reversal candidate for further investigation.,412
lapatinib,-0.013459157115425897,9,11,9,11,0.8181818181818182,0.009900990099009901,0.13312914025215472,4.818181818181818,Computational reversal candidate for further investigation.,413
BRD-K90999434,-0.013447975750885414,5,5,5,5,1.0,0.0297029702970297,0.18024302430243022,3.0,Computational reversal candidate for further investigation.,414
hy-50767,-0.013434202508198555,3,3,3,3,1.0,0.019801980198019802,0.1529334751656984,3.0,Computational reversal candidate for further investigation.,415
stock2s-79598,-0.013434202508198555,1,1,1,1,1.0,0.04950495049504951,0.22622188869253673,3.0,Computational reversal candidate for further investigation.,416
BRD-A43155244,-0.013430754751610333,5,6,5,6,0.8333333333333334,0.0594059405940594,0.24894552235492606,3.8333333333333335,Computational reversal candidate for further investigation.,417
ku-0063794,-0.01340737740790491,8,10,8,10,0.8,0.039603960396039604,0.2039113002209312,4.9,Computational reversal candidate for further investigation.,418
carbidopa,-0.013372893000491262,1,1,1,1,1.0,0.25742574257425743,0.5357780766940836,4.0,Computational reversal candidate for further investigation.,419
fccp,-0.01334836656248934,6,7,6,7,0.8571428571428571,0.0594059405940594,0.24894552235492606,4.142857142857143,Computational reversal candidate for further investigation.,420
np-004102,-0.013340903772828854,2,2,2,2,1.0,0.0891089108910891,0.3044690209423136,4.0,Computational reversal candidate for further investigation.,421
BRD-A17718497,-0.013327226659201358,2,2,2,2,1.0,0.0297029702970297,0.18024302430243022,3.0,Computational reversal candidate for further investigation.,422
hexylcaine hydrochloride,-0.01332537922689083,1,1,1,1,1.0,0.0891089108910891,0.3044690209423136,3.0,Computational reversal candidate for further investigation.,423
BRD-K83194053,-0.013317740854251161,1,1,1,1,1.0,0.0891089108910891,0.3044690209423136,3.0,Computational reversal candidate for further investigation.,424
cay10594,-0.01330577106860159,10,12,10,12,0.8333333333333334,0.009900990099009901,0.13312914025215472,4.166666666666667,Computational reversal candidate for further investigation.,425
phorbol-12-myristate-13-acetate (pma),-0.013301393776730919,19,21,19,21,0.9047619047619048,0.039603960396039604,0.2039113002209312,4.238095238095238,Computational reversal candidate for further investigation.,426
BRD-K85853281,-0.013259748469942201,2,3,2,3,0.6666666666666666,0.13861386138613863,0.3884097555182805,4.0,Computational reversal candidate for further investigation.,427
BRD-K72238567,-0.01321365716242945,4,5,4,5,0.8,0.07920792079207921,0.29084401563928497,4.4,Computational reversal candidate for further investigation.,428
neratinib,-0.01318737164136382,16,25,16,25,0.64,0.009900990099009901,0.13312914025215472,4.36,Computational reversal candidate for further investigation.,429
BRD-K87343924 (wortmannin),-0.013168369999143673,4,4,4,4,1.0,0.0297029702970297,0.18024302430243022,3.5,Computational reversal candidate for further investigation.,430
rimexolone,-0.013163003193718787,1,1,1,1,1.0,0.2079207920792079,0.47681467533256394,4.0,Computational reversal candidate for further investigation.,431
ku 0060648 trihydrochloride,-0.013139215778704832,23,32,23,32,0.71875,0.009900990099009901,0.13312914025215472,5.78125,Computational reversal candidate for further investigation.,432
spb02303,-0.01313827730136383,1,2,1,2,0.5,0.1188118811881188,0.36048604860486044,4.5,Computational reversal candidate for further investigation.,433
BRD-K53780220,-0.013124128855438625,5,6,5,6,0.8333333333333334,0.039603960396039604,0.2039113002209312,4.0,Computational reversal candidate for further investigation.,434
bh3i-1,-0.013061384498517615,1,1,1,1,1.0,0.12871287128712872,0.3741280815484348,4.0,Computational reversal candidate for further investigation.,435
medrysone,-0.01305794380089021,2,3,2,3,0.6666666666666666,0.07920792079207921,0.29084401563928497,4.0,Computational reversal candidate for further investigation.,436
BRD-K83972459,-0.013040979590276615,10,11,10,11,0.9090909090909091,0.009900990099009901,0.13312914025215472,5.0,Computational reversal candidate for further investigation.,437
meclocycline sulfosalicylate,-0.013028261598872281,1,1,1,1,1.0,0.1485148514851485,0.39710194195385207,3.0,Computational reversal candidate for further investigation.,438
BRD-K34508425,-0.01295047670160906,1,1,1,1,1.0,0.25742574257425743,0.5357780766940836,4.0,Computational reversal candidate for further investigation.,439
BRD-K14939371,-0.012942516467167164,2,2,2,2,1.0,0.0297029702970297,0.18024302430243022,4.0,Computational reversal candidate for further investigation.,440
BRD-K77480336,-0.012930151369119921,1,1,1,1,1.0,0.1782178217821782,0.4371248148436891,5.0,Computational reversal candidate for further investigation.,441
z-leu3-vs,-0.012897688826072106,2,2,2,2,1.0,0.18811881188118812,0.4490345586282766,4.0,Computational reversal candidate for further investigation.,442
AS-605240,-0.012866604166766169,20,31,20,31,0.6451612903225806,0.019801980198019802,0.1529334751656984,4.612903225806452,Computational reversal candidate for further investigation.,443
tpca-1,-0.012839734165327663,14,15,14,15,0.9333333333333333,0.019801980198019802,0.1529334751656984,3.6666666666666665,Computational reversal candidate for further investigation.,444
le 135,-0.012776649341861152,8,9,8,9,0.8888888888888888,0.019801980198019802,0.1529334751656984,3.6666666666666665,Computational reversal candidate for further investigation.,445
daunorubicin hydrochloride,-0.012738058187234492,9,11,12,15,0.8181818181818182,0.09900990099009901,0.32182522600086094,4.333333333333333,Computational reversal candidate for further investigation.,446
retinoic acid,-0.012667943057392893,4,5,4,5,0.8,0.019801980198019802,0.1529334751656984,3.0,Computational reversal candidate for further investigation.,447
jak3 inhibitor v,-0.012624827528563688,1,1,1,1,1.0,0.15841584158415842,0.4106507738152456,3.0,Computational reversal candidate for further investigation.,448
2-chloro-7-methoxyphenothiazine,-0.012616305735450676,1,1,1,1,1.0,0.27722772277227725,0.5589413310263065,5.0,Computational reversal candidate for further investigation.,449
BRD-K43226598,-0.01257543454733484,1,1,1,1,1.0,0.0891089108910891,0.3044690209423136,3.0,Computational reversal candidate for further investigation.,450
methiothepin maleate,-0.012557404035746084,1,1,1,1,1.0,0.2376237623762376,0.5098953064077935,3.0,Computational reversal candidate for further investigation.,451
BRD-K32568627,-0.012507944904386887,1,1,1,1,1.0,0.0891089108910891,0.3044690209423136,6.0,Computational reversal candidate for further investigation.,452
carbamazepine,-0.012483066627362965,1,1,1,1,1.0,0.1782178217821782,0.4371248148436891,4.0,Computational reversal candidate for further investigation.,453
amcinonide,-0.012467592518338805,1,1,1,1,1.0,0.16831683168316833,0.42339725224204794,3.0,Computational reversal candidate for further investigation.,454
BRD-K97764662,-0.012459074298154828,3,3,4,4,1.0,0.0297029702970297,0.18024302430243022,4.75,Computational reversal candidate for further investigation.,455
BRD-K63068307,-0.012440761427583902,2,4,2,4,0.5,0.019801980198019802,0.1529334751656984,4.0,Computational reversal candidate for further investigation.,456
flubendazole,-0.012433408234195874,2,3,2,3,0.6666666666666666,0.15841584158415842,0.4106507738152456,4.333333333333333,Computational reversal candidate for further investigation.,457
jak3 inhibitor vi,-0.012387119329796057,5,7,5,7,0.7142857142857143,0.0891089108910891,0.3044690209423136,4.142857142857143,Computational reversal candidate for further investigation.,458
reserpine,-0.012378986576401735,3,3,3,3,1.0,0.0594059405940594,0.24894552235492606,3.3333333333333335,Computational reversal candidate for further investigation.,459
pp 1,-0.012360819528598674,5,5,5,5,1.0,0.019801980198019802,0.1529334751656984,4.2,Computational reversal candidate for further investigation.,460
BRD-K74486276,-0.012336513169189732,3,3,3,3,1.0,0.019801980198019802,0.1529334751656984,3.0,Computational reversal candidate for further investigation.,461
daunorubicin,-0.012319631824913423,6,8,7,9,0.75,0.0891089108910891,0.3044690209423136,4.333333333333333,Computational reversal candidate for further investigation.,462
BRD-K75081836,-0.012317242166554167,5,7,5,7,0.7142857142857143,0.04950495049504951,0.22622188869253673,4.571428571428571,Computational reversal candidate for further investigation.,463
e3380,-0.012290618733587022,2,2,2,2,1.0,0.1188118811881188,0.36048604860486044,3.5,Computational reversal candidate for further investigation.,464
zk 93423,-0.012287652253558977,1,1,1,1,1.0,0.09900990099009901,0.32182522600086094,3.0,Computational reversal candidate for further investigation.,465
hy-10966,-0.012285231135697048,1,1,1,1,1.0,0.1782178217821782,0.4371248148436891,3.0,Computational reversal candidate for further investigation.,466
BRD-K26818574,-0.01228356665093833,2,2,2,2,1.0,0.04950495049504951,0.22622188869253673,3.5,Computational reversal candidate for further investigation.,467
BRD-K91913968,-0.012274613465181616,1,1,1,1,1.0,0.0891089108910891,0.3044690209423136,3.0,Computational reversal candidate for further investigation.,468
flecainide acetate,-0.012274613465181616,1,1,1,1,1.0,0.09900990099009901,0.32182522600086094,3.0,Computational reversal candidate for further investigation.,469
doxepin hydrochloride,-0.01226448167272701,2,2,2,2,1.0,0.0891089108910891,0.3044690209423136,4.0,Computational reversal candidate for further investigation.,470
BRD-K00627859,-0.012188198714997555,4,4,4,4,1.0,0.039603960396039604,0.2039113002209312,3.0,Computational reversal candidate for further investigation.,471
nutlin-3,-0.01218676660992022,3,3,3,3,1.0,0.07920792079207921,0.29084401563928497,3.3333333333333335,Computational reversal candidate for further investigation.,472
BRD-K03736784,-0.01217036071981423,3,5,3,5,0.6,0.04950495049504951,0.22622188869253673,3.8,Computational reversal candidate for further investigation.,473
rhodomyrtoxin b,-0.012163905083542838,9,11,9,11,0.8181818181818182,0.04950495049504951,0.22622188869253673,4.909090909090909,Computational reversal candidate for further investigation.,474
BRD-K59962020,-0.012110797051478783,3,4,3,4,0.75,0.0297029702970297,0.18024302430243022,3.25,Computational reversal candidate for further investigation.,475
BRD-K01834163,-0.012109575445205889,1,1,1,1,1.0,0.16831683168316833,0.42339725224204794,6.0,Computational reversal candidate for further investigation.,476
fluorometholone,-0.012107601360894912,2,2,2,2,1.0,0.04950495049504951,0.22622188869253673,3.0,Computational reversal candidate for further investigation.,477
BRD-K74980345,-0.012107321665082962,1,1,1,1,1.0,0.10891089108910891,0.34153432121735666,4.0,Computational reversal candidate for further investigation.,478
s4002,-0.012105916103771965,1,1,1,1,1.0,0.09900990099009901,0.32182522600086094,4.0,Computational reversal candidate for further investigation.,479
puromycin hydrochloride,-0.012104860247147662,3,5,3,5,0.6,0.06930693069306931,0.2698638613861386,3.6,Computational reversal candidate for further investigation.,480
dcebio,-0.012103672549655574,1,1,1,1,1.0,0.09900990099009901,0.32182522600086094,4.0,Computational reversal candidate for further investigation.,481
s1527,-0.012034889037362063,2,3,2,3,0.6666666666666666,0.04950495049504951,0.22622188869253673,3.3333333333333335,Computational reversal candidate for further investigation.,482
BRD-K31706415,-0.012025282630937823,3,4,3,4,0.75,0.009900990099009901,0.13312914025215472,3.5,Computational reversal candidate for further investigation.,483
ro 28-1675 ?,-0.012023463762222002,20,25,20,25,0.8,0.019801980198019802,0.1529334751656984,4.92,Computational reversal candidate for further investigation.,484
BRD-K10705233,-0.01202035249056672,12,14,12,14,0.8571428571428571,0.009900990099009901,0.13312914025215472,4.357142857142857,Computational reversal candidate for further investigation.,485
amiodarone hydrochloride,-0.011990183871590648,4,6,4,6,0.6666666666666666,0.019801980198019802,0.1529334751656984,3.1666666666666665,Computational reversal candidate for further investigation.,486
BRD-K14788918,-0.01197905530220366,1,1,1,1,1.0,0.0891089108910891,0.3044690209423136,7.0,Computational reversal candidate for further investigation.,487
hki-272,-0.011978406496153277,9,14,9,14,0.6428571428571429,0.0297029702970297,0.18024302430243022,3.9285714285714284,Computational reversal candidate for further investigation.,488
BRD-A61825514,-0.011971559847692635,1,1,1,1,1.0,0.18811881188118812,0.4490345586282766,3.0,Computational reversal candidate for further investigation.,489
BRD-K52075040,-0.011957757859949165,6,9,6,9,0.6666666666666666,0.019801980198019802,0.1529334751656984,4.666666666666667,Computational reversal candidate for further investigation.,490
BRD-K20492338,-0.011950122586615288,1,1,1,1,1.0,0.16831683168316833,0.42339725224204794,3.0,Computational reversal candidate for further investigation.,491
BRD-K89224880,-0.011864790416652084,2,3,2,3,0.6666666666666666,0.10891089108910891,0.34153432121735666,3.0,Computational reversal candidate for further investigation.,492
BRD-A83124583,-0.011853650389853691,3,4,3,4,0.75,0.039603960396039604,0.2039113002209312,3.5,Computational reversal candidate for further investigation.,493
BRD-K17140735,-0.01180681142132016,9,14,9,14,0.6428571428571429,0.019801980198019802,0.1529334751656984,4.0,Computational reversal candidate for further investigation.,494
BRD-K71935468,-0.011806710600905867,1,2,1,2,0.5,0.0891089108910891,0.3044690209423136,4.5,Computational reversal candidate for further investigation.,495
p0030,-0.011792740702299924,7,8,7,8,0.875,0.019801980198019802,0.1529334751656984,3.5,Computational reversal candidate for further investigation.,496
bulleyaconitine a,-0.01178773673672308,1,1,1,1,1.0,0.16831683168316833,0.42339725224204794,5.0,Computational reversal candidate for further investigation.,497
l-6307,-0.011778375125161463,6,7,6,7,0.8571428571428571,0.0594059405940594,0.24894552235492606,3.4285714285714284,Computational reversal candidate for further investigation.,498
hy-11004,-0.011750126901865894,3,3,3,3,1.0,0.04950495049504951,0.22622188869253673,3.6666666666666665,Computational reversal candidate for further investigation.,499
mls-0226420,-0.011744864937048093,1,1,1,1,1.0,0.12871287128712872,0.3741280815484348,3.0,Computational reversal candidate for further investigation.,500
BRD-K26304855,-0.011737196155130731,3,5,3,5,0.6,0.0891089108910891,0.3044690209423136,5.4,Computational reversal candidate for further investigation.,501
BRD-K16290432,-0.011729842710604177,1,2,1,2,0.5,0.019801980198019802,0.1529334751656984,3.0,Computational reversal candidate for further investigation.,502
s1122,-0.011719039821449543,7,8,7,8,0.875,0.039603960396039604,0.2039113002209312,4.75,Computational reversal candidate for further investigation.,503
np-009169,-0.011711078032005395,1,1,1,1,1.0,0.12871287128712872,0.3741280815484348,3.0,Computational reversal candidate for further investigation.,504
BRD-K49010888,-0.011698485181704923,6,7,6,7,0.8571428571428571,0.019801980198019802,0.1529334751656984,4.285714285714286,Computational reversal candidate for further investigation.,505
BRD-K00007652,-0.011671892285308152,1,1,1,1,1.0,0.06930693069306931,0.2698638613861386,4.0,Computational reversal candidate for further investigation.,506
bongkrekic acid,-0.011640309704640224,1,1,1,1,1.0,0.1485148514851485,0.39710194195385207,3.0,Computational reversal candidate for further investigation.,507
metixene hydrochloride,-0.011637899007564179,1,1,1,1,1.0,0.039603960396039604,0.2039113002209312,3.0,Computational reversal candidate for further investigation.,508
PF-431396,-0.01162444966708472,15,22,15,22,0.6818181818181818,0.009900990099009901,0.13312914025215472,5.545454545454546,Computational reversal candidate for further investigation.,509
BRD-K56343971,-0.01158452655441347,7,10,10,13,0.7,0.009900990099009901,0.13312914025215472,3.5384615384615383,Computational reversal candidate for further investigation.,510
kn-62,-0.011584351136121586,2,2,2,2,1.0,0.1188118811881188,0.36048604860486044,3.0,Computational reversal candidate for further investigation.,511
isotretinoin,-0.011581137614372496,2,2,2,2,1.0,0.07920792079207921,0.29084401563928497,3.0,Computational reversal candidate for further investigation.,512
ncgc00181061-03,-0.011539034929590908,1,1,1,1,1.0,0.21782178217821782,0.4881401809245673,3.0,Computational reversal candidate for further investigation.,513
tyrphostin ag 1478,-0.011533253430654153,20,29,20,29,0.6896551724137931,0.019801980198019802,0.1529334751656984,4.482758620689655,Computational reversal candidate for further investigation.,514
"l-690,488",-0.011499003285183872,4,6,4,6,0.6666666666666666,0.0297029702970297,0.18024302430243022,4.166666666666667,Computational reversal candidate for further investigation.,515
gmx-1778,-0.011498804015674574,1,1,1,1,1.0,0.15841584158415842,0.4106507738152456,4.0,Computational reversal candidate for further investigation.,516
BRD-K57678861,-0.011495826488884621,1,1,1,1,1.0,0.07920792079207921,0.29084401563928497,3.0,Computational reversal candidate for further investigation.,517
digitoxigenin,-0.011473937075377486,7,8,8,9,0.875,0.09900990099009901,0.32182522600086094,5.0,Computational reversal candidate for further investigation.,518
ncgc00187945-01,-0.011472580052036512,2,2,2,2,1.0,0.07920792079207921,0.29084401563928497,3.5,Computational reversal candidate for further investigation.,519
BRD-K11758216,-0.011457505719007579,1,1,1,1,1.0,0.2376237623762376,0.5098953064077935,4.0,Computational reversal candidate for further investigation.,520
BRD-K13810148,-0.011452457589241377,5,5,5,5,1.0,0.07920792079207921,0.29084401563928497,7.8,Computational reversal candidate for further investigation.,521
trimeprazine tartrate,-0.01143765487667393,1,1,1,1,1.0,0.07920792079207921,0.29084401563928497,3.0,Computational reversal candidate for further investigation.,522
ncgc00241357-01,-0.011424469132774583,2,3,2,3,0.6666666666666666,0.09900990099009901,0.32182522600086094,4.666666666666667,Computational reversal candidate for further investigation.,523
curcubitacin i,-0.011423856949320816,20,29,20,29,0.6896551724137931,0.009900990099009901,0.13312914025215472,4.896551724137931,Computational reversal candidate for further investigation.,524
BRD-K62310379 (fluticasone propionate),-0.011423308125042591,2,2,2,2,1.0,0.19801980198019803,0.4655333457874089,3.0,Computational reversal candidate for further investigation.,525
skf 81297 hydrobromide,-0.011408320289766195,1,1,1,1,1.0,0.12871287128712872,0.3741280815484348,3.0,Computational reversal candidate for further investigation.,526
BRD-K40373196,-0.011389789762389697,2,3,2,3,0.6666666666666666,0.09900990099009901,0.32182522600086094,4.666666666666667,Computational reversal candidate for further investigation.,527
pkc-412,-0.011341961171017476,5,6,5,6,0.8333333333333334,0.009900990099009901,0.13312914025215472,4.0,Computational reversal candidate for further investigation.,528
BRD-U32049204,-0.011320892968087939,1,1,1,1,1.0,0.297029702970297,0.5843668577384055,4.0,Computational reversal candidate for further investigation.,529
stk397047,-0.011305751241147757,2,2,2,2,1.0,0.1485148514851485,0.39710194195385207,3.5,Computational reversal candidate for further investigation.,530
BRD-K15563106,-0.011303910834706384,10,13,10,13,0.7692307692307693,0.009900990099009901,0.13312914025215472,3.923076923076923,Computational reversal candidate for further investigation.,531
salermide,-0.011299144156164863,16,23,16,23,0.6956521739130435,0.019801980198019802,0.1529334751656984,4.739130434782608,Computational reversal candidate for further investigation.,532
ncs-382,-0.011298484467920962,1,1,1,1,1.0,0.07920792079207921,0.29084401563928497,4.0,Computational reversal candidate for further investigation.,533
lonidamine,-0.011293821428037549,3,3,3,3,1.0,0.09900990099009901,0.32182522600086094,3.3333333333333335,Computational reversal candidate for further investigation.,534
ag-014699 (pf-01367338),-0.011276388578545876,1,1,1,1,1.0,0.24752475247524752,0.5245167373880245,5.0,Computational reversal candidate for further investigation.,535
niguldipine hydrochloride,-0.011272860394287354,9,13,9,13,0.6923076923076923,0.009900990099009901,0.13312914025215472,4.076923076923077,Computational reversal candidate for further investigation.,536
BRD-K94390040,-0.01126219399809937,1,1,1,1,1.0,0.12871287128712872,0.3741280815484348,3.0,Computational reversal candidate for further investigation.,537
cyclopiazonic acid,-0.01124021864629645,3,3,3,3,1.0,0.0594059405940594,0.24894552235492606,3.0,Computational reversal candidate for further investigation.,538
necrostatin-1,-0.01124021864629645,1,1,1,1,1.0,0.07920792079207921,0.29084401563928497,3.0,Computational reversal candidate for further investigation.,539
flufenamic acid,-0.011208383220239173,1,1,1,1,1.0,0.16831683168316833,0.42339725224204794,3.0,Computational reversal candidate for further investigation.,540
ro 31-8220 mesylate,-0.01113912811522606,6,9,7,11,0.6666666666666666,0.12871287128712872,0.3741280815484348,4.0,Computational reversal candidate for further investigation.,541
PIK-93,-0.011133227002586994,6,8,6,8,0.75,0.019801980198019802,0.1529334751656984,4.125,Computational reversal candidate for further investigation.,542
s1064,-0.011132151132000338,1,2,1,2,0.5,0.07920792079207921,0.29084401563928497,4.5,Computational reversal candidate for further investigation.,543
4-aminosalicylic acid,-0.011131852385832464,1,1,1,1,1.0,0.15841584158415842,0.4106507738152456,3.0,Computational reversal candidate for further investigation.,544
stock1n-27488,-0.01111499661248724,4,4,4,4,1.0,0.039603960396039604,0.2039113002209312,4.5,Computational reversal candidate for further investigation.,545
metergoline,-0.011073045914769715,2,3,2,3,0.6666666666666666,0.0594059405940594,0.24894552235492606,4.333333333333333,Computational reversal candidate for further investigation.,546
tgx-115,-0.011063032015269644,4,6,4,6,0.6666666666666666,0.0594059405940594,0.24894552235492606,4.166666666666667,Computational reversal candidate for further investigation.,547
BRD-A16820783,-0.01105756485273933,3,3,3,3,1.0,0.04950495049504951,0.22622188869253673,4.333333333333333,Computational reversal candidate for further investigation.,548
gant 58,-0.01105756485273933,2,3,2,3,0.6666666666666666,0.07920792079207921,0.29084401563928497,3.3333333333333335,Computational reversal candidate for further investigation.,549
BRD-K01614657,-0.011050262424721912,4,5,4,5,0.8,0.039603960396039604,0.2039113002209312,6.2,Computational reversal candidate for further investigation.,550
cgp 57380,-0.011012459223834696,5,5,5,5,1.0,0.039603960396039604,0.2039113002209312,4.0,Computational reversal candidate for further investigation.,551
akt inhibitor x,-0.010989312344835984,5,7,5,7,0.7142857142857143,0.019801980198019802,0.1529334751656984,3.7142857142857144,Computational reversal candidate for further investigation.,552
halcinonide,-0.010987582616067089,2,2,2,2,1.0,0.21782178217821782,0.4881401809245673,3.5,Computational reversal candidate for further investigation.,553
temsirolimus [ci779],-0.01094796726883188,8,11,8,11,0.7272727272727273,0.009900990099009901,0.13312914025215472,3.909090909090909,Computational reversal candidate for further investigation.,554
withaferin-a,-0.010933720525466078,33,48,43,62,0.6875,0.019801980198019802,0.1529334751656984,4.709677419354839,Computational reversal candidate for further investigation.,555
BRD-K37865504,-0.010876170850310844,7,10,7,10,0.7,0.019801980198019802,0.1529334751656984,4.1,Computational reversal candidate for further investigation.,556
BRD-K99616396,-0.010857576601475023,1,1,1,1,1.0,0.10891089108910891,0.34153432121735666,4.0,Computational reversal candidate for further investigation.,557
jnj 16259685,-0.010857467614549018,1,1,1,1,1.0,0.12871287128712872,0.3741280815484348,3.0,Computational reversal candidate for further investigation.,558
valdecoxib,-0.010840722917202521,8,11,8,11,0.7272727272727273,0.019801980198019802,0.1529334751656984,3.909090909090909,Computational reversal candidate for further investigation.,559
iproniazide phosphate,-0.010829186968076571,1,1,1,1,1.0,0.13861386138613863,0.3884097555182805,3.0,Computational reversal candidate for further investigation.,560
cercosporin,-0.010826294937186117,5,6,5,6,0.8333333333333334,0.06930693069306931,0.2698638613861386,5.166666666666667,Computational reversal candidate for further investigation.,561
BRD-K58674774,-0.01078739159475901,1,1,1,1,1.0,0.07920792079207921,0.29084401563928497,3.0,Computational reversal candidate for further investigation.,562
BRD-K88868628,-0.010762296409698514,1,2,1,2,0.5,0.09900990099009901,0.32182522600086094,4.5,Computational reversal candidate for further investigation.,563
BRD-A68061604,-0.010746493105644546,2,2,2,2,1.0,0.039603960396039604,0.2039113002209312,3.0,Computational reversal candidate for further investigation.,564
api-2,-0.010739463294557328,4,4,4,4,1.0,0.04950495049504951,0.22622188869253673,3.5,Computational reversal candidate for further investigation.,565
SU-11274,-0.010673209106549775,2,3,2,3,0.6666666666666666,0.06930693069306931,0.2698638613861386,3.3333333333333335,Computational reversal candidate for further investigation.,566
felamidin,-0.010666986200073149,1,1,1,1,1.0,0.22772277227722773,0.5013119686526957,5.0,Computational reversal candidate for further investigation.,567
hy-50877,-0.010662741995069419,2,2,2,2,1.0,0.21782178217821782,0.4881401809245673,4.5,Computational reversal candidate for further investigation.,568
afatinib,-0.010617797662477807,25,39,25,39,0.6410256410256411,0.009900990099009901,0.13312914025215472,5.256410256410256,Computational reversal candidate for further investigation.,569
indirubin-3-oxime,-0.01061513587779166,1,1,1,1,1.0,0.1782178217821782,0.4371248148436891,3.0,Computational reversal candidate for further investigation.,570
sb 202190,-0.01061513587779166,3,3,3,3,1.0,0.0594059405940594,0.24894552235492606,3.6666666666666665,Computational reversal candidate for further investigation.,571
ski ii,-0.010608217086521573,12,14,12,14,0.8571428571428571,0.039603960396039604,0.2039113002209312,4.357142857142857,Computational reversal candidate for further investigation.,572
methotrexate,-0.010572036951993467,1,1,1,1,1.0,0.19801980198019803,0.4655333457874089,3.0,Computational reversal candidate for further investigation.,573
podofilox,-0.010572036951993467,4,5,5,6,0.8,0.0297029702970297,0.18024302430243022,4.166666666666667,Computational reversal candidate for further investigation.,574
BRD-K41220170,-0.010567579890229929,1,1,1,1,1.0,0.18811881188118812,0.4490345586282766,3.0,Computational reversal candidate for further investigation.,575
ver155008,-0.010533542843479838,1,2,1,2,0.5,0.09900990099009901,0.32182522600086094,4.0,Computational reversal candidate for further investigation.,576
mefexamide hydrochloride,-0.010525808936525948,1,1,1,1,1.0,0.16831683168316833,0.42339725224204794,4.0,Computational reversal candidate for further investigation.,577
BRD-K91701654,-0.01052113927062671,2,2,2,2,1.0,0.1485148514851485,0.39710194195385207,3.5,Computational reversal candidate for further investigation.,578
BRD-A35020550,-0.010510537547618009,1,1,1,1,1.0,0.2871287128712871,0.5696853124802925,3.0,Computational reversal candidate for further investigation.,579
ncgc00182362-01,-0.010501945260773578,4,4,4,4,1.0,0.06930693069306931,0.2698638613861386,3.25,Computational reversal candidate for further investigation.,580
BRD-K56411643,-0.01049771737765611,7,8,7,8,0.875,0.10891089108910891,0.34153432121735666,4.625,Computational reversal candidate for further investigation.,581
BRD-A60245366,-0.010454047422704737,5,7,5,7,0.7142857142857143,0.1485148514851485,0.39710194195385207,4.142857142857143,Computational reversal candidate for further investigation.,582
BRD-K73261812,-0.010429345920262553,8,12,8,12,0.6666666666666666,0.019801980198019802,0.1529334751656984,3.6666666666666665,Computational reversal candidate for further investigation.,583
BRD-K37043259,-0.01036908438939698,3,3,3,3,1.0,0.039603960396039604,0.2039113002209312,3.6666666666666665,Computational reversal candidate for further investigation.,584
BRD-A58924247,-0.010358855881921043,2,3,2,3,0.6666666666666666,0.1485148514851485,0.39710194195385207,5.333333333333333,Computational reversal candidate for further investigation.,585
BRD-K23282736,-0.010328167308138396,1,1,1,1,1.0,0.15841584158415842,0.4106507738152456,3.0,Computational reversal candidate for further investigation.,586
devazepide,-0.010303665788169514,1,1,1,1,1.0,0.22772277227722773,0.5013119686526957,4.0,Computational reversal candidate for further investigation.,587
flunisolide,-0.010290847836400198,2,2,2,2,1.0,0.1485148514851485,0.39710194195385207,3.5,Computational reversal candidate for further investigation.,588
BRD-K82837433,-0.010285329974850472,1,2,1,2,0.5,0.06930693069306931,0.2698638613861386,3.5,Computational reversal candidate for further investigation.,589
evista,-0.010273915744340365,1,1,1,1,1.0,0.1782178217821782,0.4371248148436891,3.0,Computational reversal candidate for further investigation.,590
BRD-K49371609,-0.01025612466255904,19,25,19,25,0.76,0.0594059405940594,0.24894552235492606,4.48,Computational reversal candidate for further investigation.,591
hy-11001,-0.010250741741296119,9,12,9,12,0.75,0.0594059405940594,0.24894552235492606,4.833333333333333,Computational reversal candidate for further investigation.,592
BRD-U51951544,-0.010250166558917966,8,10,8,10,0.8,0.1188118811881188,0.36048604860486044,4.3,Computational reversal candidate for further investigation.,593
np-003021,-0.010244693983208951,1,1,1,1,1.0,0.2079207920792079,0.47681467533256394,3.0,Computational reversal candidate for further investigation.,594
BRD-K10906552,-0.010243173688866644,3,4,3,4,0.75,0.07920792079207921,0.29084401563928497,5.75,Computational reversal candidate for further investigation.,595
corticosterone,-0.010238635744652207,1,1,1,1,1.0,0.26732673267326734,0.5466451459150291,3.0,Computational reversal candidate for further investigation.,596
nrb 03823,-0.010216806014691816,1,1,1,1,1.0,0.31683168316831684,0.6054789528032558,4.0,Computational reversal candidate for further investigation.,597
ncgc00238536-01,-0.01019880240515986,1,1,1,1,1.0,0.21782178217821782,0.4881401809245673,3.0,Computational reversal candidate for further investigation.,598
BRD-K95138506,-0.010195535864347719,3,4,3,4,0.75,0.0594059405940594,0.24894552235492606,4.0,Computational reversal candidate for further investigation.,599
BRD-A51777634,-0.010133245572706076,4,4,4,4,1.0,0.13861386138613863,0.3884097555182805,4.5,Computational reversal candidate for further investigation.,600
ncgc00167107-01,-0.01009498622659409,1,1,1,1,1.0,0.2376237623762376,0.5098953064077935,5.0,Computational reversal candidate for further investigation.,601
"ly-165,163",-0.01007502525522004,1,2,1,2,0.5,0.13861386138613863,0.3884097555182805,3.0,Computational reversal candidate for further investigation.,602
thiazolopyrimidine,-0.010050526739211977,1,2,1,2,0.5,0.2376237623762376,0.5098953064077935,5.5,Computational reversal candidate for further investigation.,603
ei-293,-0.009979124594106254,4,5,4,5,0.8,0.2079207920792079,0.47681467533256394,4.6,Computational reversal candidate for further investigation.,604
BRD-K24861700,-0.009960726127053687,1,1,1,1,1.0,0.13861386138613863,0.3884097555182805,3.0,Computational reversal candidate for further investigation.,605
ag 494,-0.009960726127053687,1,1,1,1,1.0,0.15841584158415842,0.4106507738152456,3.0,Computational reversal candidate for further investigation.,606
flurofamide,-0.009952048608642317,1,1,1,1,1.0,0.16831683168316833,0.42339725224204794,4.0,Computational reversal candidate for further investigation.,607
BRD-K69501658,-0.00985185089978442,1,1,1,1,1.0,0.1485148514851485,0.39710194195385207,3.0,Computational reversal candidate for further investigation.,608
ropinirole hcl,-0.009843776013425398,1,1,1,1,1.0,0.21782178217821782,0.4881401809245673,4.0,Computational reversal candidate for further investigation.,609
at-csc-18 brd-k01121114,-0.009823992994516778,1,1,1,1,1.0,0.31683168316831684,0.6054789528032558,5.0,Computational reversal candidate for further investigation.,610
BRD-K28120860,-0.009765531953557869,1,1,1,1,1.0,0.0891089108910891,0.3044690209423136,3.0,Computational reversal candidate for further investigation.,611
BMS-345541,-0.009737114757995952,15,23,15,23,0.6521739130434783,0.009900990099009901,0.13312914025215472,4.782608695652174,Computational reversal candidate for further investigation.,612
cgs 15943,-0.009723930338900157,1,1,1,1,1.0,0.1485148514851485,0.39710194195385207,3.0,Computational reversal candidate for further investigation.,613
BRD-K24346336,-0.009713629756249901,1,1,1,1,1.0,0.1188118811881188,0.36048604860486044,3.0,Computational reversal candidate for further investigation.,614
perhexiline maleate,-0.009673646634413155,11,16,11,16,0.6875,0.039603960396039604,0.2039113002209312,5.125,Computational reversal candidate for further investigation.,615
ethyl-beta-carboline-3-carboxylate,-0.009672467559533559,1,1,1,1,1.0,0.16831683168316833,0.42339725224204794,5.0,Computational reversal candidate for further investigation.,616
BRD-A90643929,-0.009612260225117745,2,2,2,2,1.0,0.04950495049504951,0.22622188869253673,4.0,Computational reversal candidate for further investigation.,617
BRD-A94377914,-0.009594173220581165,7,9,7,9,0.7777777777777778,0.06930693069306931,0.2698638613861386,4.888888888888889,Computational reversal candidate for further investigation.,618
BRD-K23657553,-0.009555770754756237,2,2,2,2,1.0,0.19801980198019803,0.4655333457874089,3.5,Computational reversal candidate for further investigation.,619
"2,4-dideoxy-dc-45-a2",-0.009548979562725006,1,1,1,1,1.0,0.33663366336633666,0.6217078229562087,3.0,Computational reversal candidate for further investigation.,620
pp-110,-0.009490101277684775,15,20,15,20,0.75,0.009900990099009901,0.13312914025215472,3.95,Computational reversal candidate for further investigation.,621
QL-X-138,-0.009476443222824133,19,29,19,29,0.6551724137931034,0.07920792079207921,0.29084401563928497,4.620689655172414,Computational reversal candidate for further investigation.,622
ci 976,-0.009443780295194302,2,3,2,3,0.6666666666666666,0.06930693069306931,0.2698638613861386,3.3333333333333335,Computational reversal candidate for further investigation.,623
HG-5-88-01,-0.009429469149881187,11,14,11,14,0.7857142857142857,0.009900990099009901,0.13312914025215472,4.285714285714286,Computational reversal candidate for further investigation.,624
olvanil,-0.009413960447499694,1,2,1,2,0.5,0.1188118811881188,0.36048604860486044,4.0,Computational reversal candidate for further investigation.,625
minocycline hydrochloride,-0.009391002663371468,1,1,1,1,1.0,0.10891089108910891,0.34153432121735666,3.0,Computational reversal candidate for further investigation.,626
BRD-K02123250,-0.009368141136994086,1,1,1,1,1.0,0.13861386138613863,0.3884097555182805,3.0,Computational reversal candidate for further investigation.,627
GW-5074,-0.009340046063959655,2,2,2,2,1.0,0.1188118811881188,0.36048604860486044,4.5,Computational reversal candidate for further investigation.,628
BRD-K32927008,-0.009281163774311952,2,2,2,2,1.0,0.06930693069306931,0.2698638613861386,3.0,Computational reversal candidate for further investigation.,629
TGX-221,-0.00924313902402449,2,4,2,4,0.5,0.0891089108910891,0.3044690209423136,4.0,Computational reversal candidate for further investigation.,630
ncgc00242335-01,-0.009238242760849348,2,2,2,2,1.0,0.12871287128712872,0.3741280815484348,5.0,Computational reversal candidate for further investigation.,631
akti-1/2,-0.009198541710633447,7,9,7,9,0.7777777777777778,0.04950495049504951,0.22622188869253673,3.7777777777777777,Computational reversal candidate for further investigation.,632
ncgc00242557-01,-0.009171300525719493,1,1,1,1,1.0,0.39603960396039606,0.6828395016623433,4.0,Computational reversal candidate for further investigation.,633
s1148,-0.009163643181105494,1,1,1,1,1.0,0.1485148514851485,0.39710194195385207,4.0,Computational reversal candidate for further investigation.,634
BRD-K59488055,-0.009161236922759133,1,1,1,1,1.0,0.15841584158415842,0.4106507738152456,3.0,Computational reversal candidate for further investigation.,635
BRD-K81514393,-0.009161236922759133,1,1,1,1,1.0,0.06930693069306931,0.2698638613861386,3.0,Computational reversal candidate for further investigation.,636
triamcinolone,-0.0091455249632433,1,1,1,1,1.0,0.16831683168316833,0.42339725224204794,4.0,Computational reversal candidate for further investigation.,637
wortmannin,-0.009076613828298472,22,29,74,91,0.7586206896551724,0.009900990099009901,0.13312914025215472,4.362637362637362,Computational reversal candidate for further investigation.,638
darinaparsin,-0.00907044869530902,1,1,1,1,1.0,0.25742574257425743,0.5357780766940836,4.0,Computational reversal candidate for further investigation.,639
cvf-csc-7 brd-a32595718,-0.00906356820088135,2,2,2,2,1.0,0.13861386138613863,0.3884097555182805,3.5,Computational reversal candidate for further investigation.,640
BRD-A27640568,-0.009054520002365226,2,2,2,2,1.0,0.1782178217821782,0.4371248148436891,5.5,Computational reversal candidate for further investigation.,641
BRD-K68007270,-0.009050003304891488,1,1,1,1,1.0,0.2079207920792079,0.47681467533256394,4.0,Computational reversal candidate for further investigation.,642
ag14361,-0.009018452709531291,12,21,12,21,0.5714285714285714,0.06930693069306931,0.2698638613861386,3.857142857142857,Computational reversal candidate for further investigation.,643
dg-041,-0.009011947516699498,8,13,8,13,0.6153846153846154,0.0594059405940594,0.24894552235492606,4.538461538461538,Computational reversal candidate for further investigation.,644
PLX-4720,-0.009008380653748193,8,12,8,12,0.6666666666666666,0.039603960396039604,0.2039113002209312,4.916666666666667,Computational reversal candidate for further investigation.,645
methiazole,-0.008974302739462738,1,1,1,1,1.0,0.1485148514851485,0.39710194195385207,4.0,Computational reversal candidate for further investigation.,646
kn-93,-0.008961948896814828,1,1,1,1,1.0,0.1782178217821782,0.4371248148436891,5.0,Computational reversal candidate for further investigation.,647
s1003,-0.008908941979260177,8,8,8,8,1.0,0.06930693069306931,0.2698638613861386,4.25,Computational reversal candidate for further investigation.,648
quetiapine,-0.008907858002000871,1,1,1,1,1.0,0.2079207920792079,0.47681467533256394,3.0,Computational reversal candidate for further investigation.,649
vu0418934-2,-0.008903657870996182,2,2,2,2,1.0,0.10891089108910891,0.34153432121735666,3.5,Computational reversal candidate for further investigation.,650
BRD-K71726959,-0.008888451437400743,9,14,9,14,0.6428571428571429,0.039603960396039604,0.2039113002209312,4.928571428571429,Computational reversal candidate for further investigation.,651
hycanthone,-0.008884311656360425,1,1,1,1,1.0,0.3564356435643564,0.6448966290627126,4.0,Computational reversal candidate for further investigation.,652
GDC-0879,-0.008865848340097338,7,9,7,9,0.7777777777777778,0.0297029702970297,0.18024302430243022,4.333333333333333,Computational reversal candidate for further investigation.,653
iopanoic acid,-0.008831489211689986,2,2,2,2,1.0,0.2376237623762376,0.5098953064077935,3.5,Computational reversal candidate for further investigation.,654
ikk 16,-0.008821421315747967,8,11,8,11,0.7272727272727273,0.04950495049504951,0.22622188869253673,4.0,Computational reversal candidate for further investigation.,655
BRD-K05323277,-0.008810669025340893,1,1,1,1,1.0,0.1782178217821782,0.4371248148436891,3.0,Computational reversal candidate for further investigation.,656
BRD-K63350243,-0.008810669025340893,1,1,1,1,1.0,0.0594059405940594,0.24894552235492606,3.0,Computational reversal candidate for further investigation.,657
r2146,-0.008792754782883062,7,10,7,10,0.7,0.0297029702970297,0.18024302430243022,4.7,Computational reversal candidate for further investigation.,658
dihydroergocristine,-0.00878446322718734,1,1,1,1,1.0,0.1782178217821782,0.4371248148436891,3.0,Computational reversal candidate for further investigation.,659
BRD-K65955264,-0.008758392927791115,4,6,4,6,0.6666666666666666,0.039603960396039604,0.2039113002209312,3.5,Computational reversal candidate for further investigation.,660
BRD-K83670234,-0.008757253302965298,5,5,5,5,1.0,0.1782178217821782,0.4371248148436891,3.8,Computational reversal candidate for further investigation.,661
uk 356618,-0.008666348324578138,1,2,1,2,0.5,0.18811881188118812,0.4490345586282766,4.0,Computational reversal candidate for further investigation.,662
m9948,-0.008609661727492033,1,1,1,1,1.0,0.15841584158415842,0.4106507738152456,4.0,Computational reversal candidate for further investigation.,663
podophyllotoxin,-0.008582835421921214,1,1,1,1,1.0,0.2079207920792079,0.47681467533256394,4.0,Computational reversal candidate for further investigation.,664
s1080,-0.008565636337997486,2,2,2,2,1.0,0.07920792079207921,0.29084401563928497,3.5,Computational reversal candidate for further investigation.,665
mln4924,-0.00855790220222654,14,20,14,20,0.7,0.019801980198019802,0.1529334751656984,3.9,Computational reversal candidate for further investigation.,666
ncgc00183247-01,-0.008551045117836982,1,1,1,1,1.0,0.16831683168316833,0.42339725224204794,5.0,Computational reversal candidate for further investigation.,667
cyclosporin a,-0.008490821057884856,5,6,6,7,0.8333333333333334,0.0297029702970297,0.18024302430243022,3.5714285714285716,Computational reversal candidate for further investigation.,668
BRD-K94173926,-0.00849024996551242,2,3,2,3,0.6666666666666666,0.06930693069306931,0.2698638613861386,3.6666666666666665,Computational reversal candidate for further investigation.,669
ncgc00188488-01,-0.008470598220309376,1,1,1,1,1.0,0.24752475247524752,0.5245167373880245,5.0,Computational reversal candidate for further investigation.,670
naltrexone hydrochloride dihydrate,-0.008455845218890702,1,1,1,1,1.0,0.2871287128712871,0.5696853124802925,4.0,Computational reversal candidate for further investigation.,671
tocainide hydrochloride,-0.008441873596625335,1,1,1,1,1.0,0.1188118811881188,0.36048604860486044,3.0,Computational reversal candidate for further investigation.,672
"mapp, d-erythro",-0.008428298891939513,1,1,1,1,1.0,0.22772277227722773,0.5013119686526957,5.0,Computational reversal candidate for further investigation.,673
BRD-K16541732,-0.008402031875879196,1,1,1,1,1.0,0.12871287128712872,0.3741280815484348,3.0,Computational reversal candidate for further investigation.,674
BRD-K17086338,-0.00839710482361903,1,1,1,1,1.0,0.16831683168316833,0.42339725224204794,7.0,Computational reversal candidate for further investigation.,675
s1175,-0.008390895237378921,5,5,5,5,1.0,0.09900990099009901,0.32182522600086094,4.4,Computational reversal candidate for further investigation.,676
norethindrone acetate,-0.008354011358846381,1,1,1,1,1.0,0.10891089108910891,0.34153432121735666,5.0,Computational reversal candidate for further investigation.,677
mdl-28170,-0.008337479128814471,2,3,2,3,0.6666666666666666,0.1188118811881188,0.36048604860486044,3.3333333333333335,Computational reversal candidate for further investigation.,678
rifabutin,-0.008312640630193496,1,1,1,1,1.0,0.18811881188118812,0.4490345586282766,3.0,Computational reversal candidate for further investigation.,679
WZ-3105,-0.008303360526943538,37,58,37,58,0.6379310344827587,0.039603960396039604,0.2039113002209312,5.603448275862069,Computational reversal candidate for further investigation.,680
hy-70061,-0.00827782385560566,1,2,1,2,0.5,0.12871287128712872,0.3741280815484348,3.0,Computational reversal candidate for further investigation.,681
p8624,-0.00827775592289506,8,10,8,10,0.8,0.13861386138613863,0.3884097555182805,5.7,Computational reversal candidate for further investigation.,682
protriptyline hydrochloride,-0.008249588116013812,1,1,1,1,1.0,0.2376237623762376,0.5098953064077935,3.0,Computational reversal candidate for further investigation.,683
BRD-U29336476,-0.008247849462249133,9,12,9,12,0.75,0.0297029702970297,0.18024302430243022,5.166666666666667,Computational reversal candidate for further investigation.,684
BRD-K16940042,-0.008247815417559394,1,1,1,1,1.0,0.07920792079207921,0.29084401563928497,3.0,Computational reversal candidate for further investigation.,685
w-13 hydrochloride,-0.00823210676279242,1,1,1,1,1.0,0.22772277227722773,0.5013119686526957,3.0,Computational reversal candidate for further investigation.,686
BRD-K06666320,-0.008230137494781714,6,8,6,8,0.75,0.1485148514851485,0.39710194195385207,5.0,Computational reversal candidate for further investigation.,687
PI-103,-0.008223061060455013,24,41,24,41,0.5853658536585366,0.0594059405940594,0.24894552235492606,4.780487804878049,Computational reversal candidate for further investigation.,688
abt-888 (veliparib),-0.008190182051072662,1,1,1,1,1.0,0.31683168316831684,0.6054789528032558,7.0,Computational reversal candidate for further investigation.,689
doxorubicin,-0.008177521158425025,7,11,9,13,0.6363636363636364,0.24752475247524752,0.5245167373880245,4.384615384615385,Computational reversal candidate for further investigation.,690
vincristine sulfate,-0.008160901197302698,4,6,6,8,0.6666666666666666,0.09900990099009901,0.32182522600086094,3.75,Computational reversal candidate for further investigation.,691
ketoprofen,-0.008125784543593098,1,1,1,1,1.0,0.21782178217821782,0.4881401809245673,3.0,Computational reversal candidate for further investigation.,692
BRD-K00366212,-0.00809593136106387,1,1,1,1,1.0,0.31683168316831684,0.6054789528032558,4.0,Computational reversal candidate for further investigation.,693
mk-2206,-0.008087598296641966,7,10,7,10,0.7,0.039603960396039604,0.2039113002209312,4.1,Computational reversal candidate for further investigation.,694
cot-10b,-0.00808639595834127,17,23,17,23,0.7391304347826086,0.09900990099009901,0.32182522600086094,4.3478260869565215,Computational reversal candidate for further investigation.,695
s1142,-0.008053712472369814,4,6,4,6,0.6666666666666666,0.039603960396039604,0.2039113002209312,3.5,Computational reversal candidate for further investigation.,696
BRD-K50002132,-0.00804444434445677,1,1,1,1,1.0,0.09900990099009901,0.32182522600086094,3.0,Computational reversal candidate for further investigation.,697
sb 203580,-0.008035938549943571,1,1,1,1,1.0,0.019801980198019802,0.1529334751656984,4.0,Computational reversal candidate for further investigation.,698
a112550.cdx,-0.008026879552204087,2,4,2,4,0.5,0.06930693069306931,0.2698638613861386,5.5,Computational reversal candidate for further investigation.,699
indirubin-3?-monoxime,-0.008008833196657635,1,1,1,1,1.0,0.2376237623762376,0.5098953064077935,4.0,Computational reversal candidate for further investigation.,700
BRD-K68588778,-0.008005455746028269,2,3,2,3,0.6666666666666666,0.12871287128712872,0.3741280815484348,3.3333333333333335,Computational reversal candidate for further investigation.,701
BRD-A11087911,-0.007992417745024918,4,4,4,4,1.0,0.06930693069306931,0.2698638613861386,3.5,Computational reversal candidate for further investigation.,702
rottlerin ncgc00025228-11,-0.00799231852222878,15,21,15,21,0.7142857142857143,0.10891089108910891,0.34153432121735666,3.9523809523809526,Computational reversal candidate for further investigation.,703
BRD-K16309743,-0.007974656435814065,1,1,1,1,1.0,0.1782178217821782,0.4371248148436891,3.0,Computational reversal candidate for further investigation.,704
doxorubicin hydrochloride,-0.007962461306759485,10,12,14,16,0.8333333333333334,0.1188118811881188,0.36048604860486044,4.8125,Computational reversal candidate for further investigation.,705
AZD-8330,-0.007919153424275144,25,39,25,39,0.6410256410256411,0.10891089108910891,0.34153432121735666,4.897435897435898,Computational reversal candidate for further investigation.,706
clemastine fumarate,-0.00791513847423635,1,1,1,1,1.0,0.1485148514851485,0.39710194195385207,3.0,Computational reversal candidate for further investigation.,707
ncgc00183255-01,-0.00789196151514349,2,3,2,3,0.6666666666666666,0.18811881188118812,0.4490345586282766,3.6666666666666665,Computational reversal candidate for further investigation.,708
gsk-3 inhibitor ii,-0.007889683620276443,3,3,3,3,1.0,0.0891089108910891,0.3044690209423136,4.666666666666667,Computational reversal candidate for further investigation.,709
BRD-K81473043,-0.007872179281476469,7,10,7,10,0.7,0.07920792079207921,0.29084401563928497,5.0,Computational reversal candidate for further investigation.,710
curcumin,-0.00785744697762494,17,28,17,28,0.6071428571428571,0.06930693069306931,0.2698638613861386,4.321428571428571,Computational reversal candidate for further investigation.,711
milrinone,-0.007852312239167063,1,1,1,1,1.0,0.1485148514851485,0.39710194195385207,3.0,Computational reversal candidate for further investigation.,712
GSK-J2,-0.007798891510674475,1,1,1,1,1.0,0.1188118811881188,0.36048604860486044,3.0,Computational reversal candidate for further investigation.,713
chemistry 1735,-0.007789437843785069,1,1,1,1,1.0,0.1782178217821782,0.4371248148436891,4.0,Computational reversal candidate for further investigation.,714
hdac6 inhibitor isox,-0.007733760287880471,26,37,26,37,0.7027027027027027,0.07920792079207921,0.29084401563928497,4.72972972972973,Computational reversal candidate for further investigation.,715
tws119,-0.0077056866871987005,4,6,4,6,0.6666666666666666,0.18811881188118812,0.4490345586282766,3.6666666666666665,Computational reversal candidate for further investigation.,716
mephentermine sulfate,-0.007699850177413922,1,1,1,1,1.0,0.2079207920792079,0.47681467533256394,3.0,Computational reversal candidate for further investigation.,717
zm 306416 hydrochloride,-0.007636270606837552,1,1,1,1,1.0,0.25742574257425743,0.5357780766940836,5.0,Computational reversal candidate for further investigation.,718
cinobufagin,-0.007592209345737755,5,8,5,8,0.625,0.1188118811881188,0.36048604860486044,4.5,Computational reversal candidate for further investigation.,719
bibr1532,-0.007579578686407323,6,9,6,9,0.6666666666666666,0.0297029702970297,0.18024302430243022,3.7777777777777777,Computational reversal candidate for further investigation.,720
BRD-K31856043,-0.007570709266028526,1,2,1,2,0.5,0.039603960396039604,0.2039113002209312,3.0,Computational reversal candidate for further investigation.,721
UNC669,-0.007511749418490341,1,1,1,1,1.0,0.13861386138613863,0.3884097555182805,3.0,Computational reversal candidate for further investigation.,722
p5172,-0.007467296435221265,1,2,1,2,0.5,0.2079207920792079,0.47681467533256394,3.5,Computational reversal candidate for further investigation.,723
BRD-A63583287,-0.007458017301305815,3,4,3,4,0.75,0.18811881188118812,0.4490345586282766,3.25,Computational reversal candidate for further investigation.,724
BRD-A82238138 (budesonide),-0.00745152051810074,1,1,1,1,1.0,0.25742574257425743,0.5357780766940836,4.0,Computational reversal candidate for further investigation.,725
BIX-01294,-0.007443134774271125,3,5,3,5,0.6,0.13861386138613863,0.3884097555182805,4.6,Computational reversal candidate for further investigation.,726
BRD-K91145395,-0.007408830832955024,3,5,3,5,0.6,0.09900990099009901,0.32182522600086094,5.4,Computational reversal candidate for further investigation.,727
dactinomycin,-0.007391496144460972,9,11,12,14,0.8181818181818182,0.1485148514851485,0.39710194195385207,3.857142857142857,Computational reversal candidate for further investigation.,728
phenothiazine,-0.007373808337107544,1,1,1,1,1.0,0.26732673267326734,0.5466451459150291,4.0,Computational reversal candidate for further investigation.,729
rs 504393,-0.007334284413973583,3,4,3,4,0.75,0.039603960396039604,0.2039113002209312,4.5,Computational reversal candidate for further investigation.,730
olomoucine,-0.0072976966336733996,1,2,1,2,0.5,0.21782178217821782,0.4881401809245673,4.0,Computational reversal candidate for further investigation.,731
dm163 brd-k06180729,-0.007297143740898804,1,1,1,1,1.0,0.3069306930693069,0.5938441670253982,4.0,Computational reversal candidate for further investigation.,732
BRD-K56653679,-0.007285688739823327,4,6,4,6,0.6666666666666666,0.10891089108910891,0.34153432121735666,4.333333333333333,Computational reversal candidate for further investigation.,733
jnj 10191584 maleate,-0.007285481764346872,2,2,2,2,1.0,0.2079207920792079,0.47681467533256394,4.0,Computational reversal candidate for further investigation.,734
BRD-K93754473 (tamoxifen citrate),-0.007275277585732189,1,1,1,1,1.0,0.13861386138613863,0.3884097555182805,3.0,Computational reversal candidate for further investigation.,735
BRD-K88964386,-0.007255452123709787,1,1,1,1,1.0,0.1485148514851485,0.39710194195385207,4.0,Computational reversal candidate for further investigation.,736
BI-2536,-0.007245043434944774,33,56,33,60,0.5892857142857143,0.04950495049504951,0.22622188869253673,4.55,Computational reversal candidate for further investigation.,737
BRD-K51454562,-0.0071926511823695635,1,1,1,1,1.0,0.31683168316831684,0.6054789528032558,3.0,Computational reversal candidate for further investigation.,738
BRD-U74615290,-0.007179229701158118,1,1,1,1,1.0,0.43564356435643564,0.7263316875844588,3.0,Computational reversal candidate for further investigation.,739
gw 5074,-0.00716845558459041,2,3,2,3,0.6666666666666666,0.09900990099009901,0.32182522600086094,5.333333333333333,Computational reversal candidate for further investigation.,740
ag 18,-0.0071589453701638335,1,1,1,1,1.0,0.16831683168316833,0.42339725224204794,7.0,Computational reversal candidate for further investigation.,741
BRD-A67438293,-0.00715450983300608,1,1,1,1,1.0,0.2079207920792079,0.47681467533256394,3.0,Computational reversal candidate for further investigation.,742
ncgc00182913-03,-0.007143395570791451,1,1,1,1,1.0,0.38613861386138615,0.6751104483694395,4.0,Computational reversal candidate for further investigation.,743
niclosamide,-0.007132402602528137,17,25,25,33,0.68,0.0594059405940594,0.24894552235492606,5.03030303030303,Computational reversal candidate for further investigation.,744
GSK-690693,-0.007111423037259998,8,14,8,14,0.5714285714285714,0.019801980198019802,0.1529334751656984,4.142857142857143,Computational reversal candidate for further investigation.,745
1391-0741,-0.007091893774944731,1,2,1,2,0.5,0.13861386138613863,0.3884097555182805,3.0,Computational reversal candidate for further investigation.,746
sirolimus,-0.007082124170894329,24,40,26,43,0.6,0.009900990099009901,0.13312914025215472,4.162790697674419,Computational reversal candidate for further investigation.,747
triciribine,-0.00707711942546061,4,7,4,7,0.5714285714285714,0.0594059405940594,0.24894552235492606,4.428571428571429,Computational reversal candidate for further investigation.,748
(e)-capsaicin,-0.007076596896892415,1,2,1,2,0.5,0.0594059405940594,0.24894552235492606,3.0,Computational reversal candidate for further investigation.,749
h7270,-0.007075498141720576,9,12,9,12,0.75,0.16831683168316833,0.42339725224204794,6.166666666666667,Computational reversal candidate for further investigation.,750
hli 373,-0.0070640849601684794,7,10,7,10,0.7,0.25742574257425743,0.5357780766940836,4.8,Computational reversal candidate for further investigation.,751
ha-1004,-0.007062234894585,1,1,1,1,1.0,0.25742574257425743,0.5357780766940836,3.0,Computational reversal candidate for further investigation.,752
ptb1,-0.007052839455643125,1,1,1,1,1.0,0.3564356435643564,0.6448966290627126,5.0,Computational reversal candidate for further investigation.,753
mbcq,-0.007035971522110418,1,1,1,1,1.0,0.13861386138613863,0.3884097555182805,3.0,Computational reversal candidate for further investigation.,754
hy-11005,-0.007035932975596905,2,2,2,2,1.0,0.15841584158415842,0.4106507738152456,3.0,Computational reversal candidate for further investigation.,755
t 0070907,-0.007003120318410997,2,2,2,2,1.0,0.19801980198019803,0.4655333457874089,3.5,Computational reversal candidate for further investigation.,756
scriptaid,-0.006997834285270374,6,10,6,10,0.6,0.1782178217821782,0.4371248148436891,5.4,Computational reversal candidate for further investigation.,757
norketamine hydrochloride,-0.006939371015803883,1,1,1,1,1.0,0.26732673267326734,0.5466451459150291,6.0,Computational reversal candidate for further investigation.,758
a3145,-0.006924744092393745,1,1,1,1,1.0,0.15841584158415842,0.4106507738152456,3.0,Computational reversal candidate for further investigation.,759
penicillin g potassium,-0.006924744092393745,1,1,1,1,1.0,0.09900990099009901,0.32182522600086094,3.0,Computational reversal candidate for further investigation.,760
s1085,-0.006922901764575297,7,9,7,9,0.7777777777777778,0.1782178217821782,0.4371248148436891,5.555555555555555,Computational reversal candidate for further investigation.,761
tcs 359,-0.006922901764575297,1,1,1,1,1.0,0.27722772277227725,0.5589413310263065,3.0,Computational reversal candidate for further investigation.,762
azd8055,-0.0069179839413891706,13,17,13,17,0.7647058823529411,0.0891089108910891,0.3044690209423136,4.117647058823529,Computational reversal candidate for further investigation.,763
lde225 (nvp-lde225),-0.006897798317139992,2,3,2,3,0.6666666666666666,0.07920792079207921,0.29084401563928497,3.0,Computational reversal candidate for further investigation.,764
t5212475,-0.006826205135588108,5,7,5,7,0.7142857142857143,0.1782178217821782,0.4371248148436891,4.0,Computational reversal candidate for further investigation.,765
"ingenol 3, 20-dibenzoate",-0.006755812361748591,16,23,16,23,0.6956521739130435,0.06930693069306931,0.2698638613861386,4.391304347826087,Computational reversal candidate for further investigation.,766
hy-10518,-0.006745887406460757,5,8,5,8,0.625,0.18811881188118812,0.4490345586282766,4.625,Computational reversal candidate for further investigation.,767
pp 2,-0.006744080381879682,5,7,5,7,0.7142857142857143,0.0891089108910891,0.3044690209423136,4.428571428571429,Computational reversal candidate for further investigation.,768
delta1-hydrocortisone 21-hemisuccinate,-0.006726438400612273,1,1,1,1,1.0,0.2376237623762376,0.5098953064077935,3.0,Computational reversal candidate for further investigation.,769
vorinostat,-0.006713055337245141,66,92,220,282,0.717391304347826,0.04950495049504951,0.22622188869253673,5.698581560283688,Computational reversal candidate for further investigation.,770
ncgc00182608-01,-0.006709069198825352,1,1,1,1,1.0,0.40594059405940597,0.6916161989945576,4.0,Computational reversal candidate for further investigation.,771
PD-0325901,-0.0067037817045218885,44,70,81,137,0.6285714285714286,0.04950495049504951,0.22622188869253673,4.7226277372262775,Computational reversal candidate for further investigation.,772
buspar,-0.006701682781468637,1,1,1,1,1.0,0.16831683168316833,0.42339725224204794,3.0,Computational reversal candidate for further investigation.,773
chr 2797,-0.006675919000168302,11,18,11,18,0.6111111111111112,0.13861386138613863,0.3884097555182805,4.111111111111111,Computational reversal candidate for further investigation.,774
cabergoline,-0.00667459879239713,1,1,1,1,1.0,0.2871287128712871,0.5696853124802925,3.0,Computational reversal candidate for further investigation.,775
mometasone furoate,-0.006653487669045296,1,1,1,1,1.0,0.3069306930693069,0.5938441670253982,4.0,Computational reversal candidate for further investigation.,776
bi 2536,-0.006650706502712361,28,40,28,40,0.7,0.039603960396039604,0.2039113002209312,6.375,Computational reversal candidate for further investigation.,777
chloroquine diphosphate,-0.006618007281353203,1,1,1,1,1.0,0.21782178217821782,0.4881401809245673,3.0,Computational reversal candidate for further investigation.,778
bufalin,-0.006609951394697001,4,7,4,7,0.5714285714285714,0.18811881188118812,0.4490345586282766,3.857142857142857,Computational reversal candidate for further investigation.,779
BRD-A80960055,-0.006566960027560493,1,2,1,2,0.5,0.18811881188118812,0.4490345586282766,3.5,Computational reversal candidate for further investigation.,780
tozasertib,-0.006551451966377865,5,6,5,6,0.8333333333333334,0.04950495049504951,0.22622188869253673,4.5,Computational reversal candidate for further investigation.,781
tripelennamine citrate,-0.0065402633222505155,1,1,1,1,1.0,0.22772277227722773,0.5013119686526957,3.0,Computational reversal candidate for further investigation.,782
2-fluoropalmitic acid,-0.006534968477568517,1,1,1,1,1.0,0.2376237623762376,0.5098953064077935,4.0,Computational reversal candidate for further investigation.,783
(+)-JQ1,-0.006532206698684002,10,17,10,17,0.5882352941176471,0.1485148514851485,0.39710194195385207,4.647058823529412,Computational reversal candidate for further investigation.,784
r406,-0.006525881223809782,3,5,3,5,0.6,0.15841584158415842,0.4106507738152456,4.6,Computational reversal candidate for further investigation.,785
ossk 645683,-0.006525503762961879,2,2,2,2,1.0,0.15841584158415842,0.4106507738152456,3.5,Computational reversal candidate for further investigation.,786
ncgc00183696-01,-0.006513251138620299,2,4,2,4,0.5,0.12871287128712872,0.3741280815484348,5.0,Computational reversal candidate for further investigation.,787
BRD-K57480017,-0.006488866085727404,1,1,1,1,1.0,0.21782178217821782,0.4881401809245673,5.0,Computational reversal candidate for further investigation.,788
nifedipine,-0.00647339135048478,1,2,1,2,0.5,0.22772277227722773,0.5013119686526957,3.0,Computational reversal candidate for further investigation.,789
lylamine hydrochloride,-0.006454433296948626,5,7,5,7,0.7142857142857143,0.0594059405940594,0.24894552235492606,4.428571428571429,Computational reversal candidate for further investigation.,790
rottlerin,-0.006450013415334275,4,4,4,4,1.0,0.18811881188118812,0.4490345586282766,4.0,Computational reversal candidate for further investigation.,791
tetrindole mesylate,-0.006444173505108614,4,4,4,4,1.0,0.0891089108910891,0.3044690209423136,3.75,Computational reversal candidate for further investigation.,792
nnc 55-0396 dihydrochloride,-0.006436268072267642,4,5,4,5,0.8,0.1782178217821782,0.4371248148436891,5.2,Computational reversal candidate for further investigation.,793
tretinoin,-0.006408895060405113,1,1,1,1,1.0,0.2376237623762376,0.5098953064077935,4.0,Computational reversal candidate for further investigation.,794
eo 1428,-0.006345002085993721,2,2,2,2,1.0,0.24752475247524752,0.5245167373880245,3.5,Computational reversal candidate for further investigation.,795
RAF 265,-0.006275129064417708,5,8,5,8,0.625,0.09900990099009901,0.32182522600086094,3.375,Computational reversal candidate for further investigation.,796
BRD-K50204028,-0.006271230913127679,1,1,1,1,1.0,0.1782178217821782,0.4371248148436891,3.0,Computational reversal candidate for further investigation.,797
brefeldin a,-0.006271230913127679,7,11,7,11,0.6363636363636364,0.19801980198019803,0.4655333457874089,5.0,Computational reversal candidate for further investigation.,798
AZD-6482,-0.006257641615552438,3,4,3,4,0.75,0.13861386138613863,0.3884097555182805,3.5,Computational reversal candidate for further investigation.,799
BRD-K17953061,-0.006257105938011458,4,4,4,4,1.0,0.3069306930693069,0.5938441670253982,4.25,Computational reversal candidate for further investigation.,800
azd-7545-a,-0.006204225045629946,2,2,2,2,1.0,0.19801980198019803,0.4655333457874089,3.5,Computational reversal candidate for further investigation.,801
BRD-U31801276,-0.006197499117114012,1,2,1,2,0.5,0.12871287128712872,0.3741280815484348,3.5,Computational reversal candidate for further investigation.,802
nobiletin,-0.006165180229815761,1,1,1,1,1.0,0.22772277227722773,0.5013119686526957,3.0,Computational reversal candidate for further investigation.,803
BRD-K33720404,-0.006158937264519072,1,1,1,1,1.0,0.33663366336633666,0.6217078229562087,4.0,Computational reversal candidate for further investigation.,804
k784-3131,-0.006117827502418888,5,8,6,9,0.625,0.19801980198019803,0.4655333457874089,4.0,Computational reversal candidate for further investigation.,805
vemurafenib,-0.006103807673692905,6,10,6,10,0.6,0.10891089108910891,0.34153432121735666,4.8,Computational reversal candidate for further investigation.,806
WH-4-025,-0.006100875444811396,11,20,11,20,0.55,0.09900990099009901,0.32182522600086094,4.0,Computational reversal candidate for further investigation.,807
hy-13001,-0.0060982040908845285,2,2,2,2,1.0,0.21782178217821782,0.4881401809245673,3.5,Computational reversal candidate for further investigation.,808
fostamatinib,-0.00604590312096722,4,7,4,7,0.5714285714285714,0.1188118811881188,0.36048604860486044,3.5714285714285716,Computational reversal candidate for further investigation.,809
importazole,-0.006041961333852097,11,17,11,17,0.6470588235294118,0.16831683168316833,0.42339725224204794,4.117647058823529,Computational reversal candidate for further investigation.,810
c3930,-0.006027886530736814,2,3,2,3,0.6666666666666666,0.1485148514851485,0.39710194195385207,4.0,Computational reversal candidate for further investigation.,811
mg-132,-0.006022413383971231,6,9,6,9,0.6666666666666666,0.26732673267326734,0.5466451459150291,4.333333333333333,Computational reversal candidate for further investigation.,812
BRD-K83336168,-0.005999214546715151,2,3,2,3,0.6666666666666666,0.19801980198019803,0.4655333457874089,3.3333333333333335,Computational reversal candidate for further investigation.,813
OTSSP167,-0.005970127965406886,16,27,16,27,0.5925925925925926,0.16831683168316833,0.42339725224204794,6.185185185185185,Computational reversal candidate for further investigation.,814
BRD-K38615104,-0.005932578325087055,3,6,3,6,0.5,0.36633663366336633,0.651458770996034,4.5,Computational reversal candidate for further investigation.,815
"tamoxifen, 4-hydroxy-, (z)-",-0.005925991428716199,3,4,3,4,0.75,0.04950495049504951,0.22622188869253673,3.25,Computational reversal candidate for further investigation.,816
trichostatin a,-0.005904155877966989,30,43,163,227,0.6976744186046512,0.1485148514851485,0.39710194195385207,5.634361233480176,Computational reversal candidate for further investigation.,817
bcl-2 inhibitor,-0.005877448697985412,3,3,3,3,1.0,0.19801980198019803,0.4655333457874089,4.333333333333333,Computational reversal candidate for further investigation.,818
naproxol,-0.00586611289109431,1,2,1,2,0.5,0.3465346534653465,0.6337311813373118,4.0,Computational reversal candidate for further investigation.,819
BRD-A19248578,-0.00586513847753233,1,1,1,1,1.0,0.3069306930693069,0.5938441670253982,5.0,Computational reversal candidate for further investigation.,820
GDC-0941,-0.005823687563131766,19,29,19,29,0.6551724137931034,0.0594059405940594,0.24894552235492606,4.0344827586206895,Computational reversal candidate for further investigation.,821
BRD-K87909389,-0.005823115136237279,8,13,8,13,0.6153846153846154,0.37623762376237624,0.6652678512884401,4.846153846153846,Computational reversal candidate for further investigation.,822
dichlorobenzamil,-0.005814639199732303,1,2,1,2,0.5,0.27722772277227725,0.5589413310263065,3.0,Computational reversal candidate for further investigation.,823
way 170523,-0.00578022110732801,2,3,2,3,0.6666666666666666,0.2376237623762376,0.5098953064077935,3.6666666666666665,Computational reversal candidate for further investigation.,824
BRD-A62809825,-0.005771774025459083,3,5,3,5,0.6,0.3069306930693069,0.5938441670253982,5.0,Computational reversal candidate for further investigation.,825
s1222,-0.005771407353470943,1,1,1,1,1.0,0.3069306930693069,0.5938441670253982,3.0,Computational reversal candidate for further investigation.,826
BRD-K07877311,-0.00576711417380675,1,2,1,2,0.5,0.38613861386138615,0.6751104483694395,7.0,Computational reversal candidate for further investigation.,827
e0886,-0.005765462137280472,1,1,1,1,1.0,0.26732673267326734,0.5466451459150291,3.0,Computational reversal candidate for further investigation.,828
pik-90,-0.005679081192316766,3,5,3,5,0.6,0.13861386138613863,0.3884097555182805,3.8,Computational reversal candidate for further investigation.,829
5-azacytidine,-0.005675674997249721,2,3,2,3,0.6666666666666666,0.21782178217821782,0.4881401809245673,5.0,Computational reversal candidate for further investigation.,830
dexamethasone,-0.005670934525517253,3,3,4,4,1.0,0.25742574257425743,0.5357780766940836,3.75,Computational reversal candidate for further investigation.,831
bx-795,-0.005663169089466628,10,14,10,14,0.7142857142857143,0.1188118811881188,0.36048604860486044,4.214285714285714,Computational reversal candidate for further investigation.,832
BRD-K48803730,-0.005661325269821962,2,2,2,2,1.0,0.13861386138613863,0.3884097555182805,3.0,Computational reversal candidate for further investigation.,833
foretinib,-0.0056558254713031005,9,14,9,14,0.6428571428571429,0.19801980198019803,0.4655333457874089,5.142857142857143,Computational reversal candidate for further investigation.,834
erk inhibitor 11e,-0.005655468684778103,1,1,1,1,1.0,0.3465346534653465,0.6337311813373118,3.0,Computational reversal candidate for further investigation.,835
LDN-193189,-0.005654418086546603,14,22,14,22,0.6363636363636364,0.0594059405940594,0.24894552235492606,4.818181818181818,Computational reversal candidate for further investigation.,836
uzi/1930680,-0.005647370697569795,1,1,1,1,1.0,0.31683168316831684,0.6054789528032558,6.0,Computational reversal candidate for further investigation.,837
o-2050,-0.005625078033025601,2,2,2,2,1.0,0.21782178217821782,0.4881401809245673,3.0,Computational reversal candidate for further investigation.,838
BRD-K06750613,-0.005597023165929456,4,5,4,5,0.8,0.22772277227722773,0.5013119686526957,5.4,Computational reversal candidate for further investigation.,839
BRD-K07403598,-0.005569051003915363,1,2,1,2,0.5,0.10891089108910891,0.34153432121735666,3.0,Computational reversal candidate for further investigation.,840
XMD-1150,-0.005565118190025952,14,22,14,22,0.6363636363636364,0.0891089108910891,0.3044690209423136,4.2272727272727275,Computational reversal candidate for further investigation.,841
nimodipine,-0.0055544176407202606,1,1,1,1,1.0,0.46534653465346537,0.7602558332756353,5.0,Computational reversal candidate for further investigation.,842
ftt,-0.0055283551610062045,1,1,1,1,1.0,0.33663366336633666,0.6217078229562087,3.0,Computational reversal candidate for further investigation.,843
BRD-K55722623,-0.0055227808576825905,1,2,1,2,0.5,0.31683168316831684,0.6054789528032558,3.5,Computational reversal candidate for further investigation.,844
s1019,-0.005507329150347219,4,4,4,4,1.0,0.16831683168316833,0.42339725224204794,3.5,Computational reversal candidate for further investigation.,845
selumetinib,-0.005500471856025429,19,32,19,32,0.59375,0.12871287128712872,0.3741280815484348,5.21875,Computational reversal candidate for further investigation.,846
aminocaproic acid,-0.005486325850242722,1,1,1,1,1.0,0.36633663366336633,0.651458770996034,4.0,Computational reversal candidate for further investigation.,847
lanatoside c,-0.005467202736209704,1,1,1,1,1.0,0.39603960396039606,0.6828395016623433,8.0,Computational reversal candidate for further investigation.,848
BRD-K26849279,-0.005448539643531558,1,1,1,1,1.0,0.27722772277227725,0.5589413310263065,3.0,Computational reversal candidate for further investigation.,849
trifluoperazine dihydrochloride,-0.005428984785397576,1,2,1,2,0.5,0.22772277227722773,0.5013119686526957,4.0,Computational reversal candidate for further investigation.,850
dorsomorphin dihydrochloride,-0.0054088421687837115,15,27,19,33,0.5555555555555556,0.10891089108910891,0.34153432121735666,4.636363636363637,Computational reversal candidate for further investigation.,851
gw 843682x,-0.005407655683093409,2,3,2,4,0.6666666666666666,0.13861386138613863,0.3884097555182805,3.5,Computational reversal candidate for further investigation.,852
XMD-892,-0.00540370545441572,4,6,4,6,0.6666666666666666,0.1188118811881188,0.36048604860486044,4.5,Computational reversal candidate for further investigation.,853
beclomethasone,-0.005403470116432227,1,2,1,2,0.5,0.32673267326732675,0.612500868943464,3.0,Computational reversal candidate for further investigation.,854
vu0418946-2,-0.005391690886556787,6,10,7,11,0.6,0.21782178217821782,0.4881401809245673,4.7272727272727275,Computational reversal candidate for further investigation.,855
BRD-K02113016,-0.005383372736006791,1,2,1,2,0.5,0.38613861386138615,0.6751104483694395,4.0,Computational reversal candidate for further investigation.,856
hy-10459,-0.0053763146970089,6,8,6,8,0.75,0.3564356435643564,0.6448966290627126,4.625,Computational reversal candidate for further investigation.,857
thiothixene,-0.005375586000366573,2,3,2,3,0.6666666666666666,0.1485148514851485,0.39710194195385207,3.3333333333333335,Computational reversal candidate for further investigation.,858
BRD-A37735495,-0.005375106165216116,1,1,1,1,1.0,0.45544554455445546,0.7486611457979572,6.0,Computational reversal candidate for further investigation.,859
oxaprozin,-0.005362694583587734,1,1,1,1,1.0,0.32673267326732675,0.612500868943464,3.0,Computational reversal candidate for further investigation.,860
BRD-K68202742 (trichostatin a),-0.005358609647701419,10,14,14,20,0.7142857142857143,0.21782178217821782,0.4881401809245673,5.15,Computational reversal candidate for further investigation.,861
amiloride hydrochloride dihydrate,-0.005348059787609104,1,1,1,1,1.0,0.25742574257425743,0.5357780766940836,6.0,Computational reversal candidate for further investigation.,862
BRD-K60870698,-0.005343395426114584,4,7,4,7,0.5714285714285714,0.24752475247524752,0.5245167373880245,5.0,Computational reversal candidate for further investigation.,863
cccp,-0.0053270709904452975,4,4,4,4,1.0,0.1485148514851485,0.39710194195385207,3.5,Computational reversal candidate for further investigation.,864
fit,-0.005305982226793575,1,1,1,1,1.0,0.26732673267326734,0.5466451459150291,5.0,Computational reversal candidate for further investigation.,865
piceatannol,-0.005264608723097374,1,2,1,2,0.5,0.2376237623762376,0.5098953064077935,3.0,Computational reversal candidate for further investigation.,866
mesoridazine besylate,-0.005261876568601205,1,1,1,1,1.0,0.26732673267326734,0.5466451459150291,4.0,Computational reversal candidate for further investigation.,867
BRD-K22832646,-0.005236698029256111,1,1,1,1,1.0,0.13861386138613863,0.3884097555182805,3.0,Computational reversal candidate for further investigation.,868
BRD-A20697603,-0.00522904223743887,6,10,6,10,0.6,0.18811881188118812,0.4490345586282766,4.0,Computational reversal candidate for further investigation.,869
BRD-K14316227,-0.005214861239478467,1,1,1,1,1.0,0.3564356435643564,0.6448966290627126,3.0,Computational reversal candidate for further investigation.,870
skatole,-0.005205172964475339,1,2,1,2,0.5,0.21782178217821782,0.4881401809245673,5.0,Computational reversal candidate for further investigation.,871
KIN001-242,-0.005194810257041988,1,1,1,1,1.0,0.15841584158415842,0.4106507738152456,4.0,Computational reversal candidate for further investigation.,872
np-001236,-0.005175155534211307,5,6,5,6,0.8333333333333334,0.1485148514851485,0.39710194195385207,4.5,Computational reversal candidate for further investigation.,873
BRD-K19295594,-0.0051615310209284625,6,10,6,10,0.6,0.10891089108910891,0.34153432121735666,4.3,Computational reversal candidate for further investigation.,874
jte 907,-0.005153958324476553,1,1,1,1,1.0,0.42574257425742573,0.7142844446024494,4.0,Computational reversal candidate for further investigation.,875
hy-10992,-0.005097661591916646,4,5,4,5,0.8,0.2376237623762376,0.5098953064077935,5.0,Computational reversal candidate for further investigation.,876
pp-30,-0.005092232660456187,2,4,2,4,0.5,0.13861386138613863,0.3884097555182805,4.25,Computational reversal candidate for further investigation.,877
gr-231,-0.0050723364849895244,2,4,2,4,0.5,0.2376237623762376,0.5098953064077935,4.5,Computational reversal candidate for further investigation.,878
BRD-K68174511,-0.005071503766765254,5,8,5,8,0.625,0.2376237623762376,0.5098953064077935,5.125,Computational reversal candidate for further investigation.,879
zm 336372,-0.005062257107586194,13,17,13,17,0.7647058823529411,0.0594059405940594,0.24894552235492606,3.8823529411764706,Computational reversal candidate for further investigation.,880
BRD-K04923131,-0.0050322792560470895,2,3,2,3,0.6666666666666666,0.18811881188118812,0.4490345586282766,3.6666666666666665,Computational reversal candidate for further investigation.,881
px12,-0.005001240576375628,8,13,8,13,0.6153846153846154,0.13861386138613863,0.3884097555182805,4.3076923076923075,Computational reversal candidate for further investigation.,882
ro 08-2750,-0.004966330204661252,1,1,1,1,1.0,0.4158415841584158,0.7020848426306046,4.0,Computational reversal candidate for further investigation.,883
BRD-K71303366,-0.004954267943093791,2,2,2,2,1.0,0.18811881188118812,0.4490345586282766,5.0,Computational reversal candidate for further investigation.,884
ei-155,-0.004951771204656195,2,2,2,2,1.0,0.39603960396039606,0.6828395016623433,10.0,Computational reversal candidate for further investigation.,885
vinblastine sulfate,-0.0049514836571471176,4,6,6,9,0.6666666666666666,0.10891089108910891,0.34153432121735666,4.333333333333333,Computational reversal candidate for further investigation.,886
ZSTK-474,-0.004942438917240369,20,32,20,32,0.625,0.12871287128712872,0.3741280815484348,4.3125,Computational reversal candidate for further investigation.,887
HG-14-10-04,-0.004934760559841438,6,11,6,11,0.5454545454545454,0.1485148514851485,0.39710194195385207,5.2727272727272725,Computational reversal candidate for further investigation.,888
k3644,-0.004928878295374699,1,1,1,1,1.0,0.27722772277227725,0.5589413310263065,3.0,Computational reversal candidate for further investigation.,889
thioguanosine,-0.004907587884522016,1,1,1,1,1.0,0.42574257425742573,0.7142844446024494,4.0,Computational reversal candidate for further investigation.,890
kanamycin a sulfate,-0.004891700782410344,1,1,1,1,1.0,0.2079207920792079,0.47681467533256394,3.0,Computational reversal candidate for further investigation.,891
chelidonine (+),-0.0048321895083653,2,4,2,4,0.5,0.3069306930693069,0.5938441670253982,4.5,Computational reversal candidate for further investigation.,892
BRD-K15592317,-0.004812832148680571,1,1,1,1,1.0,0.26732673267326734,0.5466451459150291,4.0,Computational reversal candidate for further investigation.,893
BRD-K64857848,-0.0048012222211028955,2,4,2,4,0.5,0.24752475247524752,0.5245167373880245,6.25,Computational reversal candidate for further investigation.,894
JNK-9L,-0.004797859815990073,36,58,36,58,0.6206896551724138,0.12871287128712872,0.3741280815484348,6.051724137931035,Computational reversal candidate for further investigation.,895
linolenic acid (18:3 n-3),-0.004789830813393849,1,1,1,1,1.0,0.33663366336633666,0.6217078229562087,4.0,Computational reversal candidate for further investigation.,896
fu jmbii113b,-0.004785113569975227,1,1,1,1,1.0,0.32673267326732675,0.612500868943464,3.0,Computational reversal candidate for further investigation.,897
BRD-K25737009,-0.004769238080403955,12,21,12,21,0.5714285714285714,0.12871287128712872,0.3741280815484348,5.476190476190476,Computational reversal candidate for further investigation.,898
BMS-387032,-0.004764284268199002,44,78,44,78,0.5641025641025641,0.1188118811881188,0.36048604860486044,6.153846153846154,Computational reversal candidate for further investigation.,899
tacrolimus,-0.004751166032008872,1,1,1,1,1.0,0.297029702970297,0.5843668577384055,3.0,Computational reversal candidate for further investigation.,900
BRD-K86472598,-0.004731067318395306,3,5,3,5,0.6,0.22772277227722773,0.5013119686526957,3.4,Computational reversal candidate for further investigation.,901
ei-332,-0.004724480789445076,3,3,3,3,1.0,0.18811881188118812,0.4490345586282766,3.6666666666666665,Computational reversal candidate for further investigation.,902
fluspirilen,-0.004703910227915089,3,3,3,3,1.0,0.12871287128712872,0.3741280815484348,4.333333333333333,Computational reversal candidate for further investigation.,903
BRD-K33720394,-0.004688140420853687,2,3,2,3,0.6666666666666666,0.2079207920792079,0.47681467533256394,3.6666666666666665,Computational reversal candidate for further investigation.,904
diphenoxylate,-0.004688017803123867,1,1,1,1,1.0,0.26732673267326734,0.5466451459150291,4.0,Computational reversal candidate for further investigation.,905
I-BET,-0.004649303187484803,10,16,10,16,0.625,0.2079207920792079,0.47681467533256394,4.5625,Computational reversal candidate for further investigation.,906
BRD-K86086851,-0.004600533983429822,1,1,1,1,1.0,0.39603960396039606,0.6828395016623433,5.0,Computational reversal candidate for further investigation.,907
BRD-K53414658,-0.004545848761528486,3,5,3,5,0.6,0.22772277227722773,0.5013119686526957,4.0,Computational reversal candidate for further investigation.,908
aloisine,-0.004526720961635564,1,1,1,1,1.0,0.2079207920792079,0.47681467533256394,3.0,Computational reversal candidate for further investigation.,909
vu0365121-1,-0.004500169599056867,2,2,2,2,1.0,0.36633663366336633,0.651458770996034,3.5,Computational reversal candidate for further investigation.,910
BX-795,-0.004432116070816807,4,6,4,6,0.6666666666666666,0.09900990099009901,0.32182522600086094,4.833333333333333,Computational reversal candidate for further investigation.,911
ncgc00181233-01,-0.004392372469966051,1,1,1,1,1.0,0.44554455445544555,0.7382294080471877,5.0,Computational reversal candidate for further investigation.,912
anagrelide hydrochloride,-0.004391418946822812,1,1,1,1,1.0,0.2079207920792079,0.47681467533256394,3.0,Computational reversal candidate for further investigation.,913
hoechst  33342 (cell permeable) (bisbenzimide),-0.004366595439181973,2,3,2,3,0.6666666666666666,0.22772277227722773,0.5013119686526957,4.0,Computational reversal candidate for further investigation.,914
s1057,-0.004362131186589161,5,8,5,8,0.625,0.13861386138613863,0.3884097555182805,4.375,Computational reversal candidate for further investigation.,915
pentobarbital,-0.004341186459354863,1,1,1,1,1.0,0.33663366336633666,0.6217078229562087,3.0,Computational reversal candidate for further investigation.,916
penicillin v,-0.004340101684694117,1,1,1,1,1.0,0.594059405940594,0.8925217280570501,4.0,Computational reversal candidate for further investigation.,917
BRD-K64314806,-0.004340009533049065,1,1,1,1,1.0,0.45544554455445546,0.7486611457979572,3.0,Computational reversal candidate for further investigation.,918
"4-(3,4-dimethoxyphenyl)pyridine hydrobromide wg-7",-0.004319728552271762,1,1,1,1,1.0,0.2871287128712871,0.5696853124802925,3.0,Computational reversal candidate for further investigation.,919
as605240,-0.0043012083442115975,7,9,7,9,0.7777777777777778,0.21782178217821782,0.4881401809245673,3.5555555555555554,Computational reversal candidate for further investigation.,920
BRD-K61105081,-0.004287850624467777,1,2,1,2,0.5,0.21782178217821782,0.4881401809245673,3.0,Computational reversal candidate for further investigation.,921
pac 1,-0.004273286278570204,8,12,12,17,0.6666666666666666,0.09900990099009901,0.32182522600086094,4.764705882352941,Computational reversal candidate for further investigation.,922
A443654,-0.004252141395870388,46,84,46,84,0.5476190476190477,0.0891089108910891,0.3044690209423136,5.2976190476190474,Computational reversal candidate for further investigation.,923
leoidin dimethyl ether,-0.004250101885476037,1,1,1,1,1.0,0.43564356435643564,0.7263316875844588,4.0,Computational reversal candidate for further investigation.,924
pelitinib,-0.004243447182122069,17,30,17,30,0.5666666666666667,0.10891089108910891,0.34153432121735666,4.6,Computational reversal candidate for further investigation.,925
abt-751,-0.004221120852927948,5,7,5,7,0.7142857142857143,0.22772277227722773,0.5013119686526957,3.857142857142857,Computational reversal candidate for further investigation.,926
dihomo-gamma-linolenic acid,-0.00418262535896153,1,1,1,1,1.0,0.3069306930693069,0.5938441670253982,3.0,Computational reversal candidate for further investigation.,927
BRD-K72307842,-0.004140448461896497,1,1,1,1,1.0,0.2376237623762376,0.5098953064077935,4.0,Computational reversal candidate for further investigation.,928
BRD-K39829853,-0.0040979949016038755,1,2,1,2,0.5,0.27722772277227725,0.5589413310263065,4.5,Computational reversal candidate for further investigation.,929
BRD-K68756823,-0.004069996853774537,1,1,1,1,1.0,0.33663366336633666,0.6217078229562087,3.0,Computational reversal candidate for further investigation.,930
ly 303511,-0.004063150083097899,1,1,1,1,1.0,0.33663366336633666,0.6217078229562087,3.0,Computational reversal candidate for further investigation.,931
BRD-K82857306,-0.0040625785361886576,1,1,1,1,1.0,0.44554455445544555,0.7382294080471877,3.0,Computational reversal candidate for further investigation.,932
BRD-K53592093,-0.004003793240856781,1,1,1,1,1.0,0.5247524752475248,0.8283466015520471,7.0,Computational reversal candidate for further investigation.,933
BRD-K31851742,-0.003993429845158811,1,1,1,1,1.0,0.40594059405940597,0.6916161989945576,7.0,Computational reversal candidate for further investigation.,934
BRD-K31342827,-0.003990620654161045,9,13,9,13,0.6923076923076923,0.2079207920792079,0.47681467533256394,4.923076923076923,Computational reversal candidate for further investigation.,935
"ici 192,605",-0.003957356556124017,1,2,1,2,0.5,0.2871287128712871,0.5696853124802925,4.5,Computational reversal candidate for further investigation.,936
gr-103,-0.003943457276342762,1,1,1,1,1.0,0.38613861386138615,0.6751104483694395,8.0,Computational reversal candidate for further investigation.,937
ym-155,-0.003934702367393963,12,19,12,19,0.631578947368421,0.10891089108910891,0.34153432121735666,4.052631578947368,Computational reversal candidate for further investigation.,938
ncgc00166395-02,-0.003901460859526621,1,2,1,2,0.5,0.26732673267326734,0.5466451459150291,3.0,Computational reversal candidate for further investigation.,939
BRD-K89209981,-0.0038851483653655357,1,2,1,2,0.5,0.24752475247524752,0.5245167373880245,3.5,Computational reversal candidate for further investigation.,940
enzastaurin,-0.003867366847758625,3,6,3,6,0.5,0.2079207920792079,0.47681467533256394,4.833333333333333,Computational reversal candidate for further investigation.,941
pd 160170,-0.0038628088010259744,1,1,1,1,1.0,0.44554455445544555,0.7382294080471877,5.0,Computational reversal candidate for further investigation.,942
cgs 21680 hydrochloride,-0.0038575314643955663,1,1,1,1,1.0,0.36633663366336633,0.651458770996034,4.0,Computational reversal candidate for further investigation.,943
at-csc-07 brd-k33720404,-0.003797661602518313,1,1,1,1,1.0,0.2376237623762376,0.5098953064077935,5.0,Computational reversal candidate for further investigation.,944
BRD-K66792149,-0.003778338015846783,5,8,5,8,0.625,0.25742574257425743,0.5357780766940836,4.625,Computational reversal candidate for further investigation.,945
BRD-K58214070,-0.003778331024349815,2,2,2,2,1.0,0.3069306930693069,0.5938441670253982,4.0,Computational reversal candidate for further investigation.,946
16-hydroxytriptolide,-0.003765050393990674,19,27,19,27,0.7037037037037037,0.2871287128712871,0.5696853124802925,4.777777777777778,Computational reversal candidate for further investigation.,947
gemcitabine,-0.0037126141080903925,4,6,4,6,0.6666666666666666,0.19801980198019803,0.4655333457874089,3.6666666666666665,Computational reversal candidate for further investigation.,948
BRD-K19724398,-0.0036917725947666997,4,5,4,5,0.8,0.27722772277227725,0.5589413310263065,3.6,Computational reversal candidate for further investigation.,949
arp 101,-0.0036880105377260653,9,15,12,19,0.6,0.12871287128712872,0.3741280815484348,4.631578947368421,Computational reversal candidate for further investigation.,950
BRD-K19540840,-0.0036662153730056954,1,1,1,1,1.0,0.25742574257425743,0.5357780766940836,3.0,Computational reversal candidate for further investigation.,951
16beta-bromoandrosterone,-0.0036421728887969292,1,1,1,1,1.0,0.38613861386138615,0.6751104483694395,3.0,Computational reversal candidate for further investigation.,952
sib 1757,-0.0036332032560454927,1,1,1,1,1.0,0.3069306930693069,0.5938441670253982,4.0,Computational reversal candidate for further investigation.,953
ncgc00183690-01,-0.003614482278386278,2,3,2,3,0.6666666666666666,0.1485148514851485,0.39710194195385207,4.333333333333333,Computational reversal candidate for further investigation.,954
cytarabine,-0.0035929395201161358,1,1,1,1,1.0,0.25742574257425743,0.5357780766940836,4.0,Computational reversal candidate for further investigation.,955
betamethasone acetate,-0.0035842099758520646,1,1,1,1,1.0,0.4752475247524752,0.771709490671048,3.0,Computational reversal candidate for further investigation.,956
BRD-K90826279,-0.0035062471468527176,2,2,2,2,1.0,0.19801980198019803,0.4655333457874089,3.5,Computational reversal candidate for further investigation.,957
CGP-60474,-0.003473375411748737,71,119,167,264,0.5966386554621849,0.2376237623762376,0.5098953064077935,6.386363636363637,Computational reversal candidate for further investigation.,958
BRD-K01436366,-0.003454307631359347,8,12,8,12,0.6666666666666666,0.15841584158415842,0.4106507738152456,4.916666666666667,Computational reversal candidate for further investigation.,959
s1018,-0.003421918142620368,2,3,2,3,0.6666666666666666,0.25742574257425743,0.5357780766940836,3.3333333333333335,Computational reversal candidate for further investigation.,960
ys-035 hydrochloride,-0.0033616824472731616,1,1,1,1,1.0,0.38613861386138615,0.6751104483694395,3.0,Computational reversal candidate for further investigation.,961
k784-3188,-0.003353697619395907,3,4,3,4,0.75,0.3069306930693069,0.5938441670253982,3.75,Computational reversal candidate for further investigation.,962
gefitinib,-0.0033512889335131956,10,20,10,20,0.5,0.13861386138613863,0.3884097555182805,4.25,Computational reversal candidate for further investigation.,963
carmofur,-0.003338715339184762,1,1,1,1,1.0,0.32673267326732675,0.612500868943464,4.0,Computational reversal candidate for further investigation.,964
AT-7519,-0.003300607025602905,43,78,43,78,0.5512820512820513,0.1485148514851485,0.39710194195385207,5.641025641025641,Computational reversal candidate for further investigation.,965
mitoxantrone dihydrochloride,-0.0032778850249612296,5,10,8,13,0.5,0.3465346534653465,0.6337311813373118,5.538461538461538,Computational reversal candidate for further investigation.,966
BS-181,-0.003266129884060642,1,1,1,1,1.0,0.3069306930693069,0.5938441670253982,4.0,Computational reversal candidate for further investigation.,967
trimipramine maleate salt,-0.00325726559667258,1,1,1,1,1.0,0.38613861386138615,0.6751104483694395,5.0,Computational reversal candidate for further investigation.,968
domperidone,-0.003217278999531515,1,1,1,1,1.0,0.36633663366336633,0.651458770996034,4.0,Computational reversal candidate for further investigation.,969
km 00927,-0.0032014265259572685,8,13,8,13,0.6153846153846154,0.3564356435643564,0.6448966290627126,5.615384615384615,Computational reversal candidate for further investigation.,970
desoxymetasone,-0.003183425955052095,1,1,1,1,1.0,0.3564356435643564,0.6448966290627126,3.0,Computational reversal candidate for further investigation.,971
s1030,-0.0031789521345408018,7,12,7,12,0.5833333333333334,0.3564356435643564,0.6448966290627126,6.75,Computational reversal candidate for further investigation.,972
BRD-K64606589,-0.003177879386571412,11,15,11,15,0.7333333333333333,0.27722772277227725,0.5589413310263065,5.333333333333333,Computational reversal candidate for further investigation.,973
dy131,-0.0031668849085165806,1,2,1,2,0.5,0.24752475247524752,0.5245167373880245,3.5,Computational reversal candidate for further investigation.,974
imd 0354,-0.0031519215985863058,17,26,22,34,0.6538461538461539,0.18811881188118812,0.4490345586282766,4.323529411764706,Computational reversal candidate for further investigation.,975
BRD-K88569143,-0.003144396788350706,1,2,1,2,0.5,0.39603960396039606,0.6828395016623433,5.0,Computational reversal candidate for further investigation.,976
pravastatin sodium salt,-0.0031199559666241607,1,1,1,1,1.0,0.36633663366336633,0.651458770996034,4.0,Computational reversal candidate for further investigation.,977
GSK-2126458,-0.003117752625717807,36,69,36,69,0.5217391304347826,0.24752475247524752,0.5245167373880245,4.811594202898551,Computational reversal candidate for further investigation.,978
pnu 74654,-0.003114421067403444,7,12,7,12,0.5833333333333334,0.16831683168316833,0.42339725224204794,4.083333333333333,Computational reversal candidate for further investigation.,979
camptothecin,-0.0031038265437211008,6,9,6,9,0.6666666666666666,0.37623762376237624,0.6652678512884401,4.0,Computational reversal candidate for further investigation.,980
ssr 69071,-0.003062100432393788,1,1,1,1,1.0,0.40594059405940597,0.6916161989945576,6.0,Computational reversal candidate for further investigation.,981
BRD-K79554012,-0.002981800975639855,1,1,1,1,1.0,0.3564356435643564,0.6448966290627126,3.0,Computational reversal candidate for further investigation.,982
mk-0591,-0.0029750270368960148,8,13,8,13,0.6153846153846154,0.1782178217821782,0.4371248148436891,3.923076923076923,Computational reversal candidate for further investigation.,983
canertinib,-0.0029335037885356336,19,32,19,32,0.59375,0.16831683168316833,0.42339725224204794,4.625,Computational reversal candidate for further investigation.,984
alfadolone acetate,-0.002920808150594872,1,1,1,1,1.0,0.297029702970297,0.5843668577384055,4.0,Computational reversal candidate for further investigation.,985
JW-7-24-1,-0.002916385363994712,15,28,15,28,0.5357142857142857,0.15841584158415842,0.4106507738152456,4.178571428571429,Computational reversal candidate for further investigation.,986
bms-536924,-0.0029083318254937334,6,10,6,10,0.6,0.2871287128712871,0.5696853124802925,5.0,Computational reversal candidate for further investigation.,987
thiethylperazine dimalate,-0.0029006313723605164,1,2,1,2,0.5,0.297029702970297,0.5843668577384055,3.0,Computational reversal candidate for further investigation.,988
helveticoside,-0.0028679926554612805,1,2,1,2,0.5,0.3465346534653465,0.6337311813373118,5.0,Computational reversal candidate for further investigation.,989
meloxicam sodium,-0.002862165556205088,1,1,1,1,1.0,0.26732673267326734,0.5466451459150291,4.0,Computational reversal candidate for further investigation.,990
dihydroergocristine mesylate,-0.002847642951350789,1,1,1,1,1.0,0.36633663366336633,0.651458770996034,3.0,Computational reversal candidate for further investigation.,991
imperatorin,-0.002847642951350789,1,1,1,1,1.0,0.32673267326732675,0.612500868943464,3.0,Computational reversal candidate for further investigation.,992
np-009265,-0.0028218745871107717,1,2,1,2,0.5,0.39603960396039606,0.6828395016623433,4.0,Computational reversal candidate for further investigation.,993
ethacrynic acid,-0.0028216171620077564,1,2,1,2,0.5,0.4752475247524752,0.771709490671048,5.0,Computational reversal candidate for further investigation.,994
BRD-K61717269,-0.0028100651755656927,7,8,7,8,0.875,0.27722772277227725,0.5589413310263065,3.125,Computational reversal candidate for further investigation.,995
BRD-K06009608,-0.0028011544347104752,1,2,1,2,0.5,0.38613861386138615,0.6751104483694395,5.0,Computational reversal candidate for further investigation.,996
BRD-K71670746,-0.002770654948499824,1,1,1,1,1.0,0.27722772277227725,0.5589413310263065,3.0,Computational reversal candidate for further investigation.,997
BRD-K93578426,-0.00276625956622069,1,2,1,2,0.5,0.3069306930693069,0.5938441670253982,4.0,Computational reversal candidate for further investigation.,998
bmy 45778,-0.002765695195647091,1,1,1,1,1.0,0.32673267326732675,0.612500868943464,5.0,Computational reversal candidate for further investigation.,999
BRD-K65404805,-0.002735905402877622,1,1,1,1,1.0,0.33663366336633666,0.6217078229562087,3.0,Computational reversal candidate for further investigation.,1000
BRD-K08307026,-0.002731258239974244,4,6,4,6,0.6666666666666666,0.31683168316831684,0.6054789528032558,3.8333333333333335,Computational reversal candidate for further investigation.,1001
bibu 1361 dihydrochloride,-0.0027254009603463938,4,5,4,5,0.8,0.24752475247524752,0.5245167373880245,4.6,Computational reversal candidate for further investigation.,1002
pj 34 hydrochloride,-0.002716905623233223,1,2,1,2,0.5,0.32673267326732675,0.612500868943464,3.0,Computational reversal candidate for further investigation.,1003
clopidogrel,-0.002687754057080032,1,1,1,1,1.0,0.3564356435643564,0.6448966290627126,5.0,Computational reversal candidate for further investigation.,1004
benazepril hydrochloride,-0.0026781925643281513,1,1,1,1,1.0,0.32673267326732675,0.612500868943464,4.0,Computational reversal candidate for further investigation.,1005
BRD-K23673040,-0.002661560091576161,1,2,1,2,0.5,0.3069306930693069,0.5938441670253982,3.0,Computational reversal candidate for further investigation.,1006
c3393m50,-0.0026548903909787134,1,2,1,2,0.5,0.48514851485148514,0.7803292377430514,5.0,Computational reversal candidate for further investigation.,1007
BRD-K27170250,-0.0026132967825746216,1,1,1,1,1.0,0.37623762376237624,0.6652678512884401,3.0,Computational reversal candidate for further investigation.,1008
r(+)-6-bromo-apb,-0.0026093858722674506,1,1,1,1,1.0,0.32673267326732675,0.612500868943464,6.0,Computational reversal candidate for further investigation.,1009
quinine hemisulfate salt monohydrate,-0.0026043307649540387,2,3,2,3,0.6666666666666666,0.45544554455445546,0.7486611457979572,4.666666666666667,Computational reversal candidate for further investigation.,1010
BRD-K19166598,-0.0025870019682969654,3,5,3,5,0.6,0.22772277227722773,0.5013119686526957,3.6,Computational reversal candidate for further investigation.,1011
nicardipine hydrochloride,-0.0025817949188987046,2,3,2,3,0.6666666666666666,0.2871287128712871,0.5696853124802925,3.0,Computational reversal candidate for further investigation.,1012
pyrimethamine,-0.0025816524782022025,1,2,1,2,0.5,0.3069306930693069,0.5938441670253982,3.0,Computational reversal candidate for further investigation.,1013
aminopurvalanol a,-0.002563052375977526,4,8,4,8,0.5,0.36633663366336633,0.651458770996034,4.5,Computational reversal candidate for further investigation.,1014
BYL719,-0.0025334810056436285,6,10,6,10,0.6,0.15841584158415842,0.4106507738152456,3.7,Computational reversal candidate for further investigation.,1015
ca-074-me,-0.002526430873275298,1,2,1,2,0.5,0.31683168316831684,0.6054789528032558,4.0,Computational reversal candidate for further investigation.,1016
sb 225002,-0.0025050550898365834,3,6,3,6,0.5,0.36633663366336633,0.651458770996034,4.0,Computational reversal candidate for further investigation.,1017
qs 11,-0.0024630973440583574,1,2,1,2,0.5,0.2871287128712871,0.5696853124802925,4.0,Computational reversal candidate for further investigation.,1018
mls-0146291.0001,-0.0024541554763709795,1,1,1,1,1.0,0.297029702970297,0.5843668577384055,3.0,Computational reversal candidate for further investigation.,1019
sutent,-0.002429303037918589,3,5,3,5,0.6,0.32673267326732675,0.612500868943464,4.8,Computational reversal candidate for further investigation.,1020
crizotinib,-0.0024069088786724414,5,9,5,9,0.5555555555555556,0.16831683168316833,0.42339725224204794,4.0,Computational reversal candidate for further investigation.,1021
BRD-U00779237,-0.0024065607478265943,4,5,4,5,0.8,0.48514851485148514,0.7803292377430514,4.6,Computational reversal candidate for further investigation.,1022
NPK76-II-72-1,-0.0024034450195598647,2,3,2,3,0.6666666666666666,0.3465346534653465,0.6337311813373118,4.0,Computational reversal candidate for further investigation.,1023
s1042,-0.0023841590245473,2,4,2,4,0.5,0.33663366336633666,0.6217078229562087,3.25,Computational reversal candidate for further investigation.,1024
diphenylcyclopropenone,-0.00233809499646845,1,1,1,1,1.0,0.32673267326732675,0.612500868943464,5.0,Computational reversal candidate for further investigation.,1025
mls-0425618,-0.00233089862400512,1,1,1,1,1.0,0.31683168316831684,0.6054789528032558,4.0,Computational reversal candidate for further investigation.,1026
THZ-2-98-01,-0.0022777775323681027,7,11,7,11,0.6363636363636364,0.1188118811881188,0.36048604860486044,3.3636363636363638,Computational reversal candidate for further investigation.,1027
BRD-A06664848,-0.0022502314103138186,1,1,1,1,1.0,0.38613861386138615,0.6751104483694395,4.0,Computational reversal candidate for further investigation.,1028
dexamethasone acetate,-0.0022455577186691012,1,1,1,1,1.0,0.39603960396039606,0.6828395016623433,3.0,Computational reversal candidate for further investigation.,1029
BRD-K17025677,-0.0022325362452974415,1,1,1,1,1.0,0.4158415841584158,0.7020848426306046,3.0,Computational reversal candidate for further investigation.,1030
PF-562271,-0.0022033059763015314,15,30,15,30,0.5,0.2079207920792079,0.47681467533256394,5.0,Computational reversal candidate for further investigation.,1031
cinnarizine,-0.0021687161442000757,1,1,1,1,1.0,0.32673267326732675,0.612500868943464,3.0,Computational reversal candidate for further investigation.,1032
AZ-628,-0.0021612556386491812,7,13,7,13,0.5384615384615384,0.2871287128712871,0.5696853124802925,6.0,Computational reversal candidate for further investigation.,1033
np-002491,-0.0021389120009319643,1,2,1,2,0.5,0.45544554455445546,0.7486611457979572,3.0,Computational reversal candidate for further investigation.,1034
jlk 6,-0.002134174916759524,1,1,1,1,1.0,0.2376237623762376,0.5098953064077935,3.0,Computational reversal candidate for further investigation.,1035
BRD-K49814456,-0.0021257803189757376,1,1,1,1,1.0,0.42574257425742573,0.7142844446024494,3.0,Computational reversal candidate for further investigation.,1036
BRD-A36630025,-0.002117818107190787,13,21,13,21,0.6190476190476191,0.32673267326732675,0.612500868943464,4.333333333333333,Computational reversal candidate for further investigation.,1037
BRD-K88278225,-0.00211329029173476,1,1,1,1,1.0,0.3465346534653465,0.6337311813373118,5.0,Computational reversal candidate for further investigation.,1038
BRD-K42499654,-0.0021130275966643516,2,2,2,2,1.0,0.32673267326732675,0.612500868943464,3.5,Computational reversal candidate for further investigation.,1039
BRD-K12184916,-0.00209599765332486,4,7,4,7,0.5714285714285714,0.36633663366336633,0.651458770996034,3.857142857142857,Computational reversal candidate for further investigation.,1040
pi 103 hydrochloride,-0.0020871843559429615,6,11,6,11,0.5454545454545454,0.33663366336633666,0.6217078229562087,4.363636363636363,Computational reversal candidate for further investigation.,1041
carbazol-9-yl-p-tolyl-methanone,-0.002083495374855108,2,3,2,3,0.6666666666666666,0.39603960396039606,0.6828395016623433,4.333333333333333,Computational reversal candidate for further investigation.,1042
tg101348,-0.002033718375298539,18,33,18,33,0.5454545454545454,0.3465346534653465,0.6337311813373118,5.575757575757576,Computational reversal candidate for further investigation.,1043
bntx maleate,-0.0020190062201784556,5,9,5,9,0.5555555555555556,0.33663366336633666,0.6217078229562087,3.7777777777777777,Computational reversal candidate for further investigation.,1044
ncgc00167398-02,-0.002016477517810783,3,6,3,6,0.5,0.297029702970297,0.5843668577384055,3.8333333333333335,Computational reversal candidate for further investigation.,1045
AZD-5438,-0.001986677580973562,31,57,31,57,0.543859649122807,0.26732673267326734,0.5466451459150291,5.2631578947368425,Computational reversal candidate for further investigation.,1046
BRD-K82580504,-0.0019646855257649523,1,1,1,1,1.0,0.27722772277227725,0.5589413310263065,3.0,Computational reversal candidate for further investigation.,1047
BRD-A15010982,-0.0019490324572168285,1,2,1,2,0.5,0.2871287128712871,0.5696853124802925,6.5,Computational reversal candidate for further investigation.,1048
erythrosine sodium,-0.001944796638809507,1,2,1,2,0.5,0.36633663366336633,0.651458770996034,3.0,Computational reversal candidate for further investigation.,1049
BRD-K06436323,-0.0019094813787643404,1,1,1,1,1.0,0.43564356435643564,0.7263316875844588,5.0,Computational reversal candidate for further investigation.,1050
moclobemide,-0.0019071137054869538,1,1,1,1,1.0,0.504950495049505,0.8073160609474122,3.0,Computational reversal candidate for further investigation.,1051
tw 37,-0.0019021624275886496,8,14,8,14,0.5714285714285714,0.2079207920792079,0.47681467533256394,4.0,Computational reversal candidate for further investigation.,1052
brompheniramine maleate,-0.001901121153700603,1,2,1,2,0.5,0.5148514851485149,0.8196400559987855,4.5,Computational reversal candidate for further investigation.,1053
nsc 693868,-0.0018522315470846473,1,2,1,2,0.5,0.3465346534653465,0.6337311813373118,3.0,Computational reversal candidate for further investigation.,1054
BRD-K39944607,-0.0018375727896399827,2,4,2,4,0.5,0.40594059405940597,0.6916161989945576,4.75,Computational reversal candidate for further investigation.,1055
MK-2206,-0.0017752073117531615,12,21,12,21,0.5714285714285714,0.15841584158415842,0.4106507738152456,4.476190476190476,Computational reversal candidate for further investigation.,1056
chlormadinone acetate,-0.001750008975485189,1,2,1,2,0.5,0.2871287128712871,0.5696853124802925,3.5,Computational reversal candidate for further investigation.,1057
cay10618,-0.0017230702068678277,4,8,4,8,0.5,0.297029702970297,0.5843668577384055,4.75,Computational reversal candidate for further investigation.,1058
bisacodyl,-0.0017222410409189906,2,3,2,3,0.6666666666666666,0.2871287128712871,0.5696853124802925,4.333333333333333,Computational reversal candidate for further investigation.,1059
BRD-A57107094,-0.0016763683627490536,1,1,1,1,1.0,0.504950495049505,0.8073160609474122,13.0,Computational reversal candidate for further investigation.,1060
sb 431542,-0.0016678373432745114,1,1,1,1,1.0,0.27722772277227725,0.5589413310263065,3.0,Computational reversal candidate for further investigation.,1061
nifuroxazide,-0.001632604729676558,1,1,1,1,1.0,0.43564356435643564,0.7263316875844588,6.0,Computational reversal candidate for further investigation.,1062
ei-232,-0.0016307166535497897,1,2,1,2,0.5,0.5247524752475248,0.8283466015520471,5.0,Computational reversal candidate for further investigation.,1063
amoxapine,-0.0016244375725386472,1,2,1,2,0.5,0.26732673267326734,0.5466451459150291,5.0,Computational reversal candidate for further investigation.,1064
k784-3187,-0.001610452910348367,5,9,7,13,0.5555555555555556,0.33663366336633666,0.6217078229562087,3.8461538461538463,Computational reversal candidate for further investigation.,1065
noscapine hydrochloride,-0.0015253552952537702,1,1,1,1,1.0,0.32673267326732675,0.612500868943464,3.0,Computational reversal candidate for further investigation.,1066
s1152,-0.0014956515673670689,1,1,1,1,1.0,0.25742574257425743,0.5357780766940836,3.0,Computational reversal candidate for further investigation.,1067
BRD-A25170757,-0.0014848202741981316,2,2,2,2,1.0,0.40594059405940597,0.6916161989945576,3.0,Computational reversal candidate for further investigation.,1068
prestw-550,-0.001444618710698048,1,1,1,1,1.0,0.4752475247524752,0.771709490671048,6.0,Computational reversal candidate for further investigation.,1069
BRD-K42489623,-0.001441693287692553,1,2,1,2,0.5,0.39603960396039606,0.6828395016623433,3.5,Computational reversal candidate for further investigation.,1070
3-methyladenine,-0.00141868277280182,1,1,1,1,1.0,0.45544554455445546,0.7486611457979572,3.0,Computational reversal candidate for further investigation.,1071
torin-1,-0.001402477647561789,26,50,26,50,0.52,0.25742574257425743,0.5357780766940836,3.96,Computational reversal candidate for further investigation.,1072
BRD-A31107743,-0.0013667550543916165,6,12,6,12,0.5,0.2376237623762376,0.5098953064077935,4.333333333333333,Computational reversal candidate for further investigation.,1073
BRD-K34966483,-0.0013461140478910486,1,1,1,1,1.0,0.5445544554455446,0.8460284931236266,4.0,Computational reversal candidate for further investigation.,1074
torin-2,-0.0013344368512948875,27,48,27,48,0.5625,0.32673267326732675,0.612500868943464,4.645833333333333,Computational reversal candidate for further investigation.,1075
estradiol valerate,-0.0013245063332287068,1,1,1,1,1.0,0.43564356435643564,0.7263316875844588,5.0,Computational reversal candidate for further investigation.,1076
BRD-K32896438,-0.001271725168324087,2,3,2,3,0.6666666666666666,0.32673267326732675,0.612500868943464,5.333333333333333,Computational reversal candidate for further investigation.,1077
BRD-K94544211,-0.0012500576551090978,1,1,1,1,1.0,0.32673267326732675,0.612500868943464,3.0,Computational reversal candidate for further investigation.,1078
BRD-K02223034,-0.0012416512708551663,1,1,1,1,1.0,0.2376237623762376,0.5098953064077935,3.0,Computational reversal candidate for further investigation.,1079
BRD-K67470788,-0.0012153914085356052,1,1,1,1,1.0,0.39603960396039606,0.6828395016623433,10.0,Computational reversal candidate for further investigation.,1080
BRD-K95196255,-0.001212880607103499,4,7,4,7,0.5714285714285714,0.3069306930693069,0.5938441670253982,4.571428571428571,Computational reversal candidate for further investigation.,1081
thalidomide,-0.001212880607103499,1,1,1,1,1.0,0.36633663366336633,0.651458770996034,3.0,Computational reversal candidate for further investigation.,1082
puromycin dihydrochloride,-0.001210668365841109,3,6,3,6,0.5,0.39603960396039606,0.6828395016623433,4.166666666666667,Computational reversal candidate for further investigation.,1083
BRD-K25536815,-0.00116768832181397,1,1,1,1,1.0,0.39603960396039606,0.6828395016623433,6.0,Computational reversal candidate for further investigation.,1084
cct 018159,-0.0011490562051594236,2,4,2,4,0.5,0.38613861386138615,0.6751104483694395,3.5,Computational reversal candidate for further investigation.,1085
ru 24969,-0.0011358846045592882,1,1,1,1,1.0,0.37623762376237624,0.6652678512884401,4.0,Computational reversal candidate for further investigation.,1086
ppt,-0.0010975084921861335,1,1,1,1,1.0,0.46534653465346537,0.7602558332756353,4.0,Computational reversal candidate for further investigation.,1087
mebendazole,-0.001091508379727517,3,4,3,4,0.75,0.39603960396039606,0.6828395016623433,4.25,Computational reversal candidate for further investigation.,1088
QL-XII-47,-0.001036850056788977,28,53,28,53,0.5283018867924528,0.31683168316831684,0.6054789528032558,6.018867924528302,Computational reversal candidate for further investigation.,1089
bas 00535043,-0.0010353771979940071,1,2,1,2,0.5,0.45544554455445546,0.7486611457979572,3.0,Computational reversal candidate for further investigation.,1090
BRD-K32112425,-0.001022954975839611,1,1,1,1,1.0,0.5544554455445545,0.8543093386008016,5.0,Computational reversal candidate for further investigation.,1091
NVP-TAE684,-0.001015435143388779,15,30,15,30,0.5,0.26732673267326734,0.5466451459150291,5.033333333333333,Computational reversal candidate for further investigation.,1092
am 404,-0.001006520523551836,1,2,1,2,0.5,0.43564356435643564,0.7263316875844588,3.5,Computational reversal candidate for further investigation.,1093
"androsta-1,4-dien-3,17-dione",-0.0010051054470356993,1,1,1,1,1.0,0.46534653465346537,0.7602558332756353,4.0,Computational reversal candidate for further investigation.,1094
6-diazo-5-oxo-l-norleucine,-0.0010043193058214281,2,4,2,4,0.5,0.33663366336633666,0.6217078229562087,4.0,Computational reversal candidate for further investigation.,1095
OSI-930,-0.0009654807502116093,2,4,2,4,0.5,0.24752475247524752,0.5245167373880245,3.75,Computational reversal candidate for further investigation.,1096
BRD-K46171503,-0.0009554103402175432,1,1,1,1,1.0,0.45544554455445546,0.7486611457979572,4.0,Computational reversal candidate for further investigation.,1097
BRD-K00954209,-0.000955042149147909,1,2,1,2,0.5,0.5346534653465347,0.8390153876848642,3.5,Computational reversal candidate for further investigation.,1098
gr-108,-0.0009376368390990007,1,1,1,1,1.0,0.5247524752475248,0.8283466015520471,4.0,Computational reversal candidate for further investigation.,1099
sodium dehydrocholate,-0.0009095641701183247,1,1,1,1,1.0,0.5247524752475248,0.8283466015520471,5.0,Computational reversal candidate for further investigation.,1100
rg 108,-0.0008957382254550323,2,3,2,3,0.6666666666666666,0.44554455445544555,0.7382294080471877,5.0,Computational reversal candidate for further investigation.,1101
I-BET151,-0.0008610029255532742,12,23,12,23,0.5217391304347826,0.48514851485148514,0.7803292377430514,4.782608695652174,Computational reversal candidate for further investigation.,1102
kuc104135 kuc104135n,-0.0008395070276934896,2,3,2,3,0.6666666666666666,0.46534653465346537,0.7602558332756353,4.666666666666667,Computational reversal candidate for further investigation.,1103
bvt 948,-0.0008265949395564638,1,1,1,1,1.0,0.43564356435643564,0.7263316875844588,9.0,Computational reversal candidate for further investigation.,1104
piretanide,-0.0008027124118628885,1,1,1,1,1.0,0.3564356435643564,0.6448966290627126,5.0,Computational reversal candidate for further investigation.,1105
ketorolac tromethamine,-0.0007765479324615089,1,1,1,1,1.0,0.5346534653465347,0.8390153876848642,4.0,Computational reversal candidate for further investigation.,1106
prozac,-0.0007733295189613024,1,2,1,2,0.5,0.48514851485148514,0.7803292377430514,3.5,Computational reversal candidate for further investigation.,1107
mitomycin c,-0.0007690708685618346,4,8,4,8,0.5,0.4752475247524752,0.771709490671048,4.5,Computational reversal candidate for further investigation.,1108
bo2 (inhibits rad51),-0.0007433905872380919,5,10,5,10,0.5,0.21782178217821782,0.4881401809245673,4.1,Computational reversal candidate for further investigation.,1109
BRD-A47816767,-0.0007422071834008916,2,3,2,3,0.6666666666666666,0.36633663366336633,0.651458770996034,4.666666666666667,Computational reversal candidate for further investigation.,1110
BRD-K65904652,-0.0007372973904276586,1,2,1,2,0.5,0.3465346534653465,0.6337311813373118,4.0,Computational reversal candidate for further investigation.,1111
prima-1 met,-0.0007315842813342523,1,2,1,2,0.5,0.4158415841584158,0.7020848426306046,3.0,Computational reversal candidate for further investigation.,1112
BRD-A26199074,-0.0007257346352522722,3,5,3,5,0.6,0.26732673267326734,0.5466451459150291,3.2,Computational reversal candidate for further investigation.,1113
hy-10181,-0.0006994588180973004,2,4,2,4,0.5,0.40594059405940597,0.6916161989945576,4.0,Computational reversal candidate for further investigation.,1114
BRD-K52522949,-0.0006668294184875847,4,7,4,7,0.5714285714285714,0.33663366336633666,0.6217078229562087,5.714285714285714,Computational reversal candidate for further investigation.,1115
s1485,-0.0006398183015859683,1,1,1,1,1.0,0.36633663366336633,0.651458770996034,3.0,Computational reversal candidate for further investigation.,1116
ag 825,-0.0006256727258396981,1,1,1,1,1.0,0.297029702970297,0.5843668577384055,6.0,Computational reversal candidate for further investigation.,1117
cabozantinib,-0.0005666908321744577,2,3,2,3,0.6666666666666666,0.42574257425742573,0.7142844446024494,4.666666666666667,Computational reversal candidate for further investigation.,1118
BRD-K41859756,-0.0005574524492568947,10,18,10,18,0.5555555555555556,0.2871287128712871,0.5696853124802925,4.777777777777778,Computational reversal candidate for further investigation.,1119
BRD-A68065211,-0.0005505631848816842,3,3,3,3,1.0,0.4752475247524752,0.771709490671048,5.0,Computational reversal candidate for further investigation.,1120
alvocidib,-0.0005277213104971736,43,84,43,84,0.5119047619047619,0.4752475247524752,0.771709490671048,5.880952380952381,Computational reversal candidate for further investigation.,1121
BRD-K82384352,-0.0004935511625936417,1,1,1,1,1.0,0.38613861386138615,0.6751104483694395,3.0,Computational reversal candidate for further investigation.,1122
oxindole i,-0.00048720565383585015,1,2,1,2,0.5,0.4158415841584158,0.7020848426306046,3.5,Computational reversal candidate for further investigation.,1123
methyltestosterone,-0.00047789860616328627,1,2,1,2,0.5,0.44554455445544555,0.7382294080471877,5.5,Computational reversal candidate for further investigation.,1124
hts 10765,-0.00047082800024404216,1,2,1,2,0.5,0.40594059405940597,0.6916161989945576,4.0,Computational reversal candidate for further investigation.,1125
arvanil,-0.0004681128822518789,1,1,1,1,1.0,0.40594059405940597,0.6916161989945576,3.0,Computational reversal candidate for further investigation.,1126
genistin,-0.0004681128822518789,1,1,1,1,1.0,0.36633663366336633,0.651458770996034,3.0,Computational reversal candidate for further investigation.,1127
BRD-K53638321,-0.00045843419047162867,1,1,1,1,1.0,0.25742574257425743,0.5357780766940836,3.0,Computational reversal candidate for further investigation.,1128
blebbistatin,-0.0004281529460429534,1,1,1,1,1.0,0.5445544554455446,0.8460284931236266,3.0,Computational reversal candidate for further investigation.,1129
diflorasone diacetate,-0.0004135203090473226,1,2,1,2,0.5,0.5346534653465347,0.8390153876848642,3.5,Computational reversal candidate for further investigation.,1130
s2004,-0.00040421768168785385,1,2,1,2,0.5,0.48514851485148514,0.7803292377430514,9.0,Computational reversal candidate for further investigation.,1131
BRD-K74797618,-0.0003863147989669486,2,4,2,4,0.5,0.39603960396039606,0.6828395016623433,4.5,Computational reversal candidate for further investigation.,1132
nafronyl oxalate,-0.0003858970321895191,1,2,1,2,0.5,0.5544554455445545,0.8543093386008016,4.0,Computational reversal candidate for further investigation.,1133
BRD-K18726304,-0.00038419136992108756,1,2,1,2,0.5,0.5445544554455446,0.8460284931236266,4.0,Computational reversal candidate for further investigation.,1134
BRD-K03829970,-0.00037833901024006064,3,6,3,6,0.5,0.4158415841584158,0.7020848426306046,4.5,Computational reversal candidate for further investigation.,1135
methylene blue,-0.00037141799353490406,5,8,5,8,0.625,0.4158415841584158,0.7020848426306046,5.625,Computational reversal candidate for further investigation.,1136
BRD-K16533489,-0.00035622439653930707,2,3,2,3,0.6666666666666666,0.2376237623762376,0.5098953064077935,4.666666666666667,Computational reversal candidate for further investigation.,1137
BRD-K56196992,-0.00033744184076812587,2,4,2,4,0.5,0.3564356435643564,0.6448966290627126,4.0,Computational reversal candidate for further investigation.,1138
geldanamycin,-0.0003176054140944804,59,116,142,227,0.5086206896551724,0.27722772277227725,0.5589413310263065,4.819383259911894,Computational reversal candidate for further investigation.,1139
BRD-K55116708,-0.00031423005427302225,1,1,1,1,1.0,0.36633663366336633,0.651458770996034,3.0,Computational reversal candidate for further investigation.,1140
BRD-K04853698,-0.000288112626561662,10,19,10,19,0.5263157894736842,0.31683168316831684,0.6054789528032558,4.578947368421052,Computational reversal candidate for further investigation.,1141
h5902,-0.00025907247825048604,1,1,1,1,1.0,0.2871287128712871,0.5696853124802925,3.0,Computational reversal candidate for further investigation.,1142
fenofibrate,-0.0002386324777835674,1,1,1,1,1.0,0.36633663366336633,0.651458770996034,3.0,Computational reversal candidate for further investigation.,1143
gsk-3b inhibitor viii,-0.0002338484680353848,1,2,1,2,0.5,0.4158415841584158,0.7020848426306046,4.0,Computational reversal candidate for further investigation.,1144
hy-50878,-0.00023300300831458195,2,4,2,4,0.5,0.3465346534653465,0.6337311813373118,3.75,Computational reversal candidate for further investigation.,1145
BRD-K03122949,-0.0002328108755411968,2,3,2,3,0.6666666666666666,0.37623762376237624,0.6652678512884401,3.3333333333333335,Computational reversal candidate for further investigation.,1146
pd 98059,-0.00022379154349333723,1,1,1,1,1.0,0.40594059405940597,0.6916161989945576,3.0,Computational reversal candidate for further investigation.,1147
pkcbeta inhibitor,-0.0002065551856004844,2,4,2,4,0.5,0.40594059405940597,0.6916161989945576,4.75,Computational reversal candidate for further investigation.,1148
BRD-K65366129,-0.00019048633245077537,1,1,1,1,1.0,0.33663366336633666,0.6217078229562087,3.0,Computational reversal candidate for further investigation.,1149
tivantinib,-0.00017898299234522927,7,14,7,14,0.5,0.44554455445544555,0.7382294080471877,5.5,Computational reversal candidate for further investigation.,1150
hy-11068,-0.00012440285673897752,1,2,1,2,0.5,0.44554455445544555,0.7382294080471877,3.5,Computational reversal candidate for further investigation.,1151
BRD-K02562327,-0.00011273219936120023,1,1,1,1,1.0,0.42574257425742573,0.7142844446024494,5.0,Computational reversal candidate for further investigation.,1152
s1040,-8.085050614825562e-05,3,5,3,5,0.6,0.2079207920792079,0.47681467533256394,3.4,Computational reversal candidate for further investigation.,1153
saracatinib,-7.44079309099423e-05,13,26,13,27,0.5,0.26732673267326734,0.5466451459150291,4.666666666666667,Computational reversal candidate for further investigation.,1154
methylstat,-5.4805295842363846e-05,2,4,2,4,0.5,0.39603960396039606,0.6828395016623433,5.75,Computational reversal candidate for further investigation.,1155
mevastatin,-2.8242497200555838e-05,1,2,2,3,0.5,0.40594059405940597,0.6916161989945576,4.666666666666667,Computational reversal candidate for further investigation.,1156
BRD-K56593336,-5.263623241737875e-06,1,2,1,2,0.5,0.40594059405940597,0.6916161989945576,4.5,Computational reversal candidate for further investigation.,1157
BRD-K98896788,4.6630398834110465e-06,0,1,0,1,0.0,0.594059405940594,0.8925217280570501,3.0,No aggregate reversal under this configuration.,1158
masitinib,7.613832541483734e-06,1,2,1,2,0.5,0.5544554455445545,0.8543093386008016,3.0,No aggregate reversal under this configuration.,1159
BRD-K38625260,9.241152186188241e-06,1,2,1,2,0.5,0.594059405940594,0.8925217280570501,4.0,No aggregate reversal under this configuration.,1160
OSI-027,2.2661470416121196e-05,10,21,10,21,0.47619047619047616,0.5445544554455446,0.8460284931236266,4.238095238095238,No aggregate reversal under this configuration.,1161
mst- 312,5.522763651716594e-05,2,4,2,4,0.5,0.5148514851485149,0.8196400559987855,3.75,No aggregate reversal under this configuration.,1162
herniarin,6.40149641822534e-05,1,3,1,3,0.3333333333333333,0.5346534653465347,0.8390153876848642,4.0,No aggregate reversal under this configuration.,1163
sulconazole nitrate,6.466736156708792e-05,0,1,0,1,0.0,0.4158415841584158,0.7020848426306046,3.0,No aggregate reversal under this configuration.,1164
prednicarbate,7.111263805681736e-05,1,2,1,2,0.5,0.5742574257425742,0.8754381147739569,3.5,No aggregate reversal under this configuration.,1165
BMS509744,9.282628371517967e-05,2,5,2,5,0.4,0.5346534653465347,0.8390153876848642,4.4,No aggregate reversal under this configuration.,1166
ursolic acid,9.424206308270358e-05,0,1,0,1,0.0,0.36633663366336633,0.651458770996034,4.0,No aggregate reversal under this configuration.,1167
BRD-K77547920,0.00014608351258480748,2,4,2,4,0.5,0.40594059405940597,0.6916161989945576,4.5,No aggregate reversal under this configuration.,1168
dc-45-a2,0.00019078383185194663,1,2,1,2,0.5,0.48514851485148514,0.7803292377430514,3.5,No aggregate reversal under this configuration.,1169
teniposide,0.00022126674542460867,9,19,9,19,0.47368421052631576,0.6435643564356436,0.9367770889238456,4.157894736842105,No aggregate reversal under this configuration.,1170
BRD-K36354764,0.0002523309774560296,2,5,2,5,0.4,0.4752475247524752,0.771709490671048,3.2,No aggregate reversal under this configuration.,1171
azacitidine,0.00026672587597817606,5,11,5,11,0.45454545454545453,0.6237623762376238,0.9215904199115564,4.636363636363637,No aggregate reversal under this configuration.,1172
BRD-K84762162,0.00027150377130398876,1,2,1,2,0.5,0.504950495049505,0.8073160609474122,3.0,No aggregate reversal under this configuration.,1173
ly 225910,0.00028956328648290647,0,1,0,1,0.0,0.7128712871287128,0.9725229457252293,3.0,No aggregate reversal under this configuration.,1174
BRD-K99502566,0.0002978130141947106,0,1,0,1,0.0,0.6633663366336634,0.9515208619864289,3.0,No aggregate reversal under this configuration.,1175
idelalisib,0.0003112363267534172,0,1,0,1,0.0,0.693069306930693,0.9702970297029702,3.0,No aggregate reversal under this configuration.,1176
calcipotriol,0.0003166937755025639,1,2,1,2,0.5,0.45544554455445546,0.7486611457979572,3.5,No aggregate reversal under this configuration.,1177
BRD-K12762134,0.0003719765453891856,0,1,0,1,0.0,0.5148514851485149,0.8196400559987855,3.0,No aggregate reversal under this configuration.,1178
KIN001-244,0.00038170514256162004,2,5,2,5,0.4,0.6831683168316832,0.9636540257799366,4.6,No aggregate reversal under this configuration.,1179
unc0321,0.0004103244264954068,0,1,0,1,0.0,0.48514851485148514,0.7803292377430514,5.0,No aggregate reversal under this configuration.,1180
BRD-K34363599,0.00041107083861374565,1,2,1,2,0.5,0.42574257425742573,0.7142844446024494,6.5,No aggregate reversal under this configuration.,1181
arachidonyl trifluoro-methyl ketone,0.0004137504366741526,8,19,8,19,0.42105263157894735,0.37623762376237624,0.6652678512884401,4.368421052631579,No aggregate reversal under this configuration.,1182
HG-6-64-01,0.00047944211279899937,12,27,12,27,0.4444444444444444,0.6039603960396039,0.9023197283757152,4.0,No aggregate reversal under this configuration.,1183
cdk1/5 inhibitor,0.0005101988551619858,0,1,0,1,0.0,0.6633663366336634,0.9515208619864289,4.0,No aggregate reversal under this configuration.,1184
lobendazole,0.0005231225284780972,0,1,0,1,0.0,0.6039603960396039,0.9023197283757152,3.0,No aggregate reversal under this configuration.,1185
bg fa 0953,0.000548879305716443,0,1,0,1,0.0,0.46534653465346537,0.7602558332756353,3.0,No aggregate reversal under this configuration.,1186
BRD-K50387473,0.0006411430648112192,4,9,4,9,0.4444444444444444,0.6336633663366337,0.9266954864500535,4.666666666666667,No aggregate reversal under this configuration.,1187
PHA-767491,0.0006470292051589674,5,10,5,10,0.5,0.5247524752475248,0.8283466015520471,5.7,No aggregate reversal under this configuration.,1188
mirtazapine,0.0006579722290343849,0,1,0,1,0.0,0.6039603960396039,0.9023197283757152,3.0,No aggregate reversal under this configuration.,1189
TAK-715,0.0006638578963638116,1,2,1,2,0.5,0.5247524752475248,0.8283466015520471,3.0,No aggregate reversal under this configuration.,1190
ch 55,0.0006781307491390475,2,5,2,5,0.4,0.5643564356435643,0.8652848057570317,3.4,No aggregate reversal under this configuration.,1191
emd 386088 hydrochloride,0.0007041409659593952,1,2,1,2,0.5,0.46534653465346537,0.7602558332756353,3.5,No aggregate reversal under this configuration.,1192
BRD-K72817452,0.0007668054926901586,1,2,1,2,0.5,0.5544554455445545,0.8543093386008016,3.0,No aggregate reversal under this configuration.,1193
BRD-U43867373,0.0007717606028816004,2,5,2,5,0.4,0.7029702970297029,0.9725229457252293,3.4,No aggregate reversal under this configuration.,1194
BRD-K38340366,0.000776458241942236,2,4,2,4,0.5,0.6831683168316832,0.9636540257799366,3.5,No aggregate reversal under this configuration.,1195
BRD-K89329876,0.0008311375622619775,1,2,1,2,0.5,0.5841584158415841,0.8876358367544072,4.5,No aggregate reversal under this configuration.,1196
homosalate,0.0008811850672310719,1,2,1,2,0.5,0.5544554455445545,0.8543093386008016,3.0,No aggregate reversal under this configuration.,1197
BRD-A41250203,0.0009005585721427092,1,2,1,2,0.5,0.5742574257425742,0.8754381147739569,3.5,No aggregate reversal under this configuration.,1198
BRD-K29143967,0.0009073015992677944,0,1,0,1,0.0,0.5247524752475248,0.8283466015520471,4.0,No aggregate reversal under this configuration.,1199
gliquidone,0.0009258029692154478,0,1,0,1,0.0,0.5742574257425742,0.8754381147739569,3.0,No aggregate reversal under this configuration.,1200
pifithrin- a hydrobromide,0.0009564856849256231,0,1,0,1,0.0,0.5544554455445545,0.8543093386008016,4.0,No aggregate reversal under this configuration.,1201
BRD-K57080016,0.0009807961668949396,5,11,5,11,0.45454545454545453,0.7524752475247525,1.0,3.727272727272727,No aggregate reversal under this configuration.,1202
mammea a/ba + a/bb,0.0010314117286545155,1,2,1,2,0.5,0.5643564356435643,0.8652848057570317,3.5,No aggregate reversal under this configuration.,1203
BRD-K28366633,0.0010467771246599473,2,4,2,4,0.5,0.5742574257425742,0.8754381147739569,3.5,No aggregate reversal under this configuration.,1204
ncgc00242340-01,0.0010478167660799816,1,3,1,3,0.3333333333333333,0.46534653465346537,0.7602558332756353,3.6666666666666665,No aggregate reversal under this configuration.,1205
ct-200783,0.0011211975984766259,7,17,7,17,0.4117647058823529,0.5148514851485149,0.8196400559987855,4.647058823529412,No aggregate reversal under this configuration.,1206
topotecan hcl,0.0011217881847807708,2,4,2,4,0.5,0.6237623762376238,0.9215904199115564,6.0,No aggregate reversal under this configuration.,1207
tl hras26 brd-k01877528,0.0011550395943236294,1,5,1,5,0.2,0.5445544554455446,0.8460284931236266,4.2,No aggregate reversal under this configuration.,1208
leflunomide,0.0011633898991605784,0,1,0,1,0.0,0.5445544554455446,0.8460284931236266,4.0,No aggregate reversal under this configuration.,1209
BRD-K01578344,0.0011802857711546459,0,1,0,1,0.0,0.7128712871287128,0.9725229457252293,4.0,No aggregate reversal under this configuration.,1210
biperiden hydrochloride,0.001185469284340894,0,1,0,1,0.0,0.504950495049505,0.8073160609474122,3.0,No aggregate reversal under this configuration.,1211
BX-912,0.0012241262531697376,4,8,4,8,0.5,0.6336633663366337,0.9266954864500535,3.75,No aggregate reversal under this configuration.,1212
ncgc00181920-01,0.0012282413686219304,0,1,0,1,0.0,0.8118811881188119,1.0,3.0,No aggregate reversal under this configuration.,1213
HG-9-91-01,0.0012526455520188284,2,4,2,4,0.5,0.5544554455445545,0.8543093386008016,3.25,No aggregate reversal under this configuration.,1214
km00799,0.0012569017296750508,0,1,0,1,0.0,0.5544554455445545,0.8543093386008016,3.0,No aggregate reversal under this configuration.,1215
ncgc00181736-02,0.0012925135270400842,1,2,1,2,0.5,0.5445544554455446,0.8460284931236266,4.5,No aggregate reversal under this configuration.,1216
iodophenpropit dihydrobromide,0.0013007716199041602,1,3,1,3,0.3333333333333333,0.6237623762376238,0.9215904199115564,3.0,No aggregate reversal under this configuration.,1217
BRD-K79222491,0.0013108689448007357,3,7,3,7,0.42857142857142855,0.6039603960396039,0.9023197283757152,4.285714285714286,No aggregate reversal under this configuration.,1218
NVP-AUY922,0.0013112790489894829,34,71,34,71,0.4788732394366197,0.6633663366336634,0.9515208619864289,4.802816901408451,No aggregate reversal under this configuration.,1219
s1053,0.0013275393101456479,4,10,5,12,0.4,0.4158415841584158,0.7020848426306046,5.333333333333333,No aggregate reversal under this configuration.,1220
bromocriptine mesylate,0.0013351379054128594,0,1,0,1,0.0,0.5247524752475248,0.8283466015520471,5.0,No aggregate reversal under this configuration.,1221
amg 9810,0.0013436280878868518,1,2,1,2,0.5,0.6237623762376238,0.9215904199115564,4.5,No aggregate reversal under this configuration.,1222
s1452,0.0014059980383258498,0,1,0,1,0.0,0.504950495049505,0.8073160609474122,4.0,No aggregate reversal under this configuration.,1223
WZ-4-145,0.0014258775387422208,17,39,17,39,0.4358974358974359,0.6336633663366337,0.9266954864500535,5.17948717948718,No aggregate reversal under this configuration.,1224
psh 023,0.0014327665294486874,0,1,0,1,0.0,0.6732673267326733,0.9605623157735622,3.0,No aggregate reversal under this configuration.,1225
ei-195,0.001442170523795844,0,1,0,1,0.0,0.7623762376237624,1.0,3.0,No aggregate reversal under this configuration.,1226
BRD-K48950795,0.0014887691236915492,0,2,0,2,0.0,0.38613861386138615,0.6751104483694395,3.0,No aggregate reversal under this configuration.,1227
enrofloxacin,0.0014887691236915492,0,1,0,1,0.0,0.48514851485148514,0.7803292377430514,3.0,No aggregate reversal under this configuration.,1228
akt inhibitor iv,0.0014933549602298558,4,16,4,16,0.25,0.5445544554455446,0.8460284931236266,4.25,No aggregate reversal under this configuration.,1229
ncgc00165188-01,0.001511231517584837,2,5,2,5,0.4,0.6435643564356436,0.9367770889238456,4.4,No aggregate reversal under this configuration.,1230
zm 39923 hydrochloride,0.0015253552952537702,0,1,0,1,0.0,0.7029702970297029,0.9725229457252293,3.0,No aggregate reversal under this configuration.,1231
jzl-184,0.0015549632705855933,0,1,0,1,0.0,0.48514851485148514,0.7803292377430514,3.0,No aggregate reversal under this configuration.,1232
r-96544 hydrochloride,0.0016150016741771833,0,1,0,1,0.0,0.5346534653465347,0.8390153876848642,4.0,No aggregate reversal under this configuration.,1233
dacomitinib,0.001628647890867977,4,8,4,8,0.5,0.5445544554455446,0.8460284931236266,4.5,No aggregate reversal under this configuration.,1234
BRD-A31312900,0.0016378231727661717,0,1,0,1,0.0,0.7821782178217822,1.0,3.0,No aggregate reversal under this configuration.,1235
rs 39604 hydrochloride,0.0016768657495792195,1,3,1,3,0.3333333333333333,0.6732673267326733,0.9605623157735622,3.6666666666666665,No aggregate reversal under this configuration.,1236
h-5832,0.0017190678657104854,0,1,0,1,0.0,0.6534653465346535,0.9467649090490444,4.0,No aggregate reversal under this configuration.,1237
psb 36,0.0017366764250538744,0,1,0,1,0.0,0.6039603960396039,0.9023197283757152,4.0,No aggregate reversal under this configuration.,1238
sid 26681509,0.001786319505230262,3,8,3,8,0.375,0.5742574257425742,0.8754381147739569,4.125,No aggregate reversal under this configuration.,1239
cgs 12066b,0.0017896634526643578,1,2,1,2,0.5,0.594059405940594,0.8925217280570501,3.5,No aggregate reversal under this configuration.,1240
BRD-K92158425,0.0018030803160045499,3,6,3,6,0.5,0.6435643564356436,0.9367770889238456,4.5,No aggregate reversal under this configuration.,1241
st056792,0.0018045010873899694,2,4,2,4,0.5,0.5247524752475248,0.8283466015520471,4.5,No aggregate reversal under this configuration.,1242
chemistry 2804,0.0018498480205188434,13,32,13,32,0.40625,0.42574257425742573,0.7142844446024494,4.6875,No aggregate reversal under this configuration.,1243
YM-201636,0.001863625561728192,6,14,6,14,0.42857142857142855,0.7326732673267327,0.9887121564141974,4.357142857142857,No aggregate reversal under this configuration.,1244
hy-10161,0.0018831341379381599,1,3,2,4,0.3333333333333333,0.5643564356435643,0.8652848057570317,4.75,No aggregate reversal under this configuration.,1245
BRD-A42737819,0.0018975352556144971,1,2,1,2,0.5,0.594059405940594,0.8925217280570501,3.0,No aggregate reversal under this configuration.,1246
tranilast,0.0019050796020280165,0,1,0,1,0.0,0.48514851485148514,0.7803292377430514,4.0,No aggregate reversal under this configuration.,1247
rocilinostat,0.0019094970369825134,4,8,4,8,0.5,0.6435643564356436,0.9367770889238456,4.875,No aggregate reversal under this configuration.,1248
nintedanib,0.001911605533359814,10,21,10,21,0.47619047619047616,0.7029702970297029,0.9725229457252293,4.380952380952381,No aggregate reversal under this configuration.,1249
nocodazole,0.0019156387930714452,1,3,2,4,0.3333333333333333,0.7425742574257426,0.9948898115618012,4.25,No aggregate reversal under this configuration.,1250
DCC-2036,0.0019272579859239266,7,15,7,15,0.4666666666666667,0.693069306930693,0.9702970297029702,4.933333333333334,No aggregate reversal under this configuration.,1251
clofarabine,0.0019327222687241918,1,3,1,3,0.3333333333333333,0.6534653465346535,0.9467649090490444,3.6666666666666665,No aggregate reversal under this configuration.,1252
BRD-K31841256,0.001935258357918883,0,1,0,1,0.0,0.594059405940594,0.8925217280570501,4.0,No aggregate reversal under this configuration.,1253
ncgc00182393-01,0.0019489931722230518,2,4,2,4,0.5,0.4158415841584158,0.7020848426306046,3.75,No aggregate reversal under this configuration.,1254
roscovitine,0.001978616372377274,3,7,3,7,0.42857142857142855,0.7128712871287128,0.9725229457252293,3.5714285714285716,No aggregate reversal under this configuration.,1255
BRD-K61175124,0.002061880815347407,0,1,0,1,0.0,0.6138613861386139,0.9127342328504926,3.0,No aggregate reversal under this configuration.,1256
BRD-K01896723,0.0020646646078886937,1,4,1,4,0.25,0.7128712871287128,0.9725229457252293,4.0,No aggregate reversal under this configuration.,1257
pd 407824,0.0020659533407406407,3,6,3,6,0.5,0.7128712871287128,0.9725229457252293,4.333333333333333,No aggregate reversal under this configuration.,1258
dasatinib,0.002080481245583782,37,78,53,123,0.47435897435897434,0.7425742574257426,0.9948898115618012,4.455284552845528,No aggregate reversal under this configuration.,1259
celastrol,0.002111792720640784,18,38,18,38,0.47368421052631576,0.6633663366336634,0.9515208619864289,4.7894736842105265,No aggregate reversal under this configuration.,1260
BRD-K14704318,0.002120608514389068,0,1,0,1,0.0,0.45544554455445546,0.7486611457979572,11.0,No aggregate reversal under this configuration.,1261
BRD-A94570195,0.0021208019581918803,0,1,0,1,0.0,0.8613861386138614,1.0,4.0,No aggregate reversal under this configuration.,1262
fluocinonide,0.0021349417023079666,0,1,0,1,0.0,0.6336633663366337,0.9266954864500535,4.0,No aggregate reversal under this configuration.,1263
BRD-A95445494,0.0021727516006000147,0,1,0,1,0.0,0.6831683168316832,0.9636540257799366,3.0,No aggregate reversal under this configuration.,1264
BRD-U88878891,0.002176230219829524,0,1,0,1,0.0,0.594059405940594,0.8925217280570501,4.0,No aggregate reversal under this configuration.,1265
BRD-K62818989,0.0021782032473730163,0,1,0,1,0.0,0.504950495049505,0.8073160609474122,4.0,No aggregate reversal under this configuration.,1266
mw-ras12,0.0021888124918998876,5,12,6,13,0.4166666666666667,0.5445544554455446,0.8460284931236266,3.8461538461538463,No aggregate reversal under this configuration.,1267
nitrofurazone,0.0022503939848397643,0,1,0,1,0.0,0.6831683168316832,0.9636540257799366,6.0,No aggregate reversal under this configuration.,1268
glycopyrrolate,0.002264416382886254,0,1,0,1,0.0,0.6534653465346535,0.9467649090490444,3.0,No aggregate reversal under this configuration.,1269
BRD-K94325918,0.002363367248920868,6,13,6,13,0.46153846153846156,0.5346534653465347,0.8390153876848642,4.153846153846154,No aggregate reversal under this configuration.,1270
GSK-2334470,0.0023911234632031206,1,5,1,5,0.2,0.7128712871287128,0.9725229457252293,3.8,No aggregate reversal under this configuration.,1271
ncgc00181381-01,0.002517491698785173,0,1,0,1,0.0,0.6435643564356436,0.9367770889238456,4.0,No aggregate reversal under this configuration.,1272
s1118,0.0025927955556734744,1,4,1,4,0.25,0.6831683168316832,0.9636540257799366,3.0,No aggregate reversal under this configuration.,1273
parthenolide,0.002630089090961902,18,44,19,48,0.4090909090909091,0.7425742574257426,0.9948898115618012,4.708333333333333,No aggregate reversal under this configuration.,1274
lomatin,0.0026421478735561338,0,1,0,1,0.0,0.6831683168316832,0.9636540257799366,3.0,No aggregate reversal under this configuration.,1275
BRD-K56515112 (medrysone),0.002643660027664401,0,1,0,1,0.0,0.7425742574257426,0.9948898115618012,5.0,No aggregate reversal under this configuration.,1276
BRD-K69159985,0.0026620967441539824,0,1,0,1,0.0,0.5544554455445545,0.8543093386008016,3.0,No aggregate reversal under this configuration.,1277
sb 216763,0.0026761273261029722,0,1,0,1,0.0,0.6435643564356436,0.9367770889238456,3.0,No aggregate reversal under this configuration.,1278
vu0365114-2,0.0026922789651229696,1,2,1,2,0.5,0.6831683168316832,0.9636540257799366,5.0,No aggregate reversal under this configuration.,1279
deguelin(-),0.002710369659420362,0,1,0,1,0.0,0.693069306930693,0.9702970297029702,3.0,No aggregate reversal under this configuration.,1280
cdc,0.0027225294669026927,1,3,1,3,0.3333333333333333,0.7326732673267327,0.9887121564141974,4.0,No aggregate reversal under this configuration.,1281
BRD-K77547509,0.0027435561896629592,1,3,1,3,0.3333333333333333,0.6633663366336634,0.9515208619864289,4.333333333333333,No aggregate reversal under this configuration.,1282
ON-01910,0.0027536881161749336,10,21,10,21,0.47619047619047616,0.801980198019802,1.0,4.380952380952381,No aggregate reversal under this configuration.,1283
nizatidine,0.0027817455645509433,0,1,0,1,0.0,0.5544554455445545,0.8543093386008016,5.0,No aggregate reversal under this configuration.,1284
BRD-K78930611,0.002798185368907519,1,2,1,2,0.5,0.7128712871287128,0.9725229457252293,4.5,No aggregate reversal under this configuration.,1285
gm6001,0.002830217785300548,0,1,0,1,0.0,0.6138613861386139,0.9127342328504926,4.0,No aggregate reversal under this configuration.,1286
BRD-K52678950,0.002841485824634434,0,1,0,1,0.0,0.6138613861386139,0.9127342328504926,4.0,No aggregate reversal under this configuration.,1287
c247,0.0028553047143699333,1,2,1,2,0.5,0.6633663366336634,0.9515208619864289,3.0,No aggregate reversal under this configuration.,1288
BRD-K35424586,0.00286219719164374,2,4,2,4,0.5,0.5841584158415841,0.8876358367544072,4.25,No aggregate reversal under this configuration.,1289
calpeptin,0.0028646285180980694,0,1,0,1,0.0,0.7425742574257426,0.9948898115618012,3.0,No aggregate reversal under this configuration.,1290
BRD-K96076993,0.0029199018988228624,2,5,2,5,0.4,0.594059405940594,0.8925217280570501,3.2,No aggregate reversal under this configuration.,1291
mls-0435541.0001,0.0029199018988228624,1,3,1,3,0.3333333333333333,0.594059405940594,0.8925217280570501,3.3333333333333335,No aggregate reversal under this configuration.,1292
gamma-linolenic acid (18:3 n-6),0.00294260511472356,0,2,0,2,0.0,0.5643564356435643,0.8652848057570317,3.0,No aggregate reversal under this configuration.,1293
BRD-K80786583,0.002996135433778613,2,5,2,5,0.4,0.6831683168316832,0.9636540257799366,4.4,No aggregate reversal under this configuration.,1294
articaine hydrochloride,0.0030655188899861427,0,1,0,1,0.0,0.7029702970297029,0.9725229457252293,3.0,No aggregate reversal under this configuration.,1295
r(-)-n-allylnorapomorphine,0.003098397882723574,0,1,0,1,0.0,0.7128712871287128,0.9725229457252293,3.0,No aggregate reversal under this configuration.,1296
15-delta prostaglandin j2,0.0031273434364034,1,2,1,2,0.5,0.6138613861386139,0.9127342328504926,3.0,No aggregate reversal under this configuration.,1297
WYE-125132,0.0031286563368650116,22,46,22,46,0.4782608695652174,0.6336633663366337,0.9266954864500535,3.9782608695652173,No aggregate reversal under this configuration.,1298
tyrphostin 47,0.003138546729018643,0,1,0,1,0.0,0.5643564356435643,0.8652848057570317,3.0,No aggregate reversal under this configuration.,1299
entinostat,0.0031398984496820237,9,19,9,19,0.47368421052631576,0.6633663366336634,0.9515208619864289,5.105263157894737,No aggregate reversal under this configuration.,1300
11k-629s,0.003166199869467105,0,1,0,1,0.0,0.594059405940594,0.8925217280570501,3.0,No aggregate reversal under this configuration.,1301
bisindolylmaleimide iv,0.003169731077371997,0,1,0,1,0.0,0.7326732673267327,0.9887121564141974,4.0,No aggregate reversal under this configuration.,1302
nsc 632839 hydrochloride,0.0031737192684696963,3,8,3,8,0.375,0.594059405940594,0.8925217280570501,3.75,No aggregate reversal under this configuration.,1303
t542500,0.003179805084710106,5,11,5,11,0.45454545454545453,0.7425742574257426,0.9948898115618012,4.454545454545454,No aggregate reversal under this configuration.,1304
BRD-K89451433,0.003183425955052095,0,1,0,1,0.0,0.5148514851485149,0.8196400559987855,3.0,No aggregate reversal under this configuration.,1305
testosterone propionate,0.0031997196602445727,0,1,0,1,0.0,0.6237623762376238,0.9215904199115564,5.0,No aggregate reversal under this configuration.,1306
st4049616,0.0033044244265577117,0,1,0,1,0.0,0.6633663366336634,0.9515208619864289,4.0,No aggregate reversal under this configuration.,1307
s1120,0.0033100427572420755,3,7,3,7,0.42857142857142855,0.594059405940594,0.8925217280570501,6.857142857142857,No aggregate reversal under this configuration.,1308
BRD-K70714754,0.0033599332132068643,0,1,0,1,0.0,0.49504950495049505,0.7955696687467543,3.0,No aggregate reversal under this configuration.,1309
ryuvidine,0.0033881990003713416,2,4,2,4,0.5,0.6237623762376238,0.9215904199115564,3.25,No aggregate reversal under this configuration.,1310
b675700.cdx,0.0033945346201133837,9,19,9,19,0.47368421052631576,0.7029702970297029,0.9725229457252293,4.315789473684211,No aggregate reversal under this configuration.,1311
u-0126,0.003419243473838522,2,4,2,4,0.5,0.7128712871287128,0.9725229457252293,3.25,No aggregate reversal under this configuration.,1312
piplartine,0.0034319544313641576,11,31,13,38,0.3548387096774194,0.6336633663366337,0.9266954864500535,4.552631578947368,No aggregate reversal under this configuration.,1313
rhamnetin,0.003494479066373523,0,1,0,1,0.0,0.6633663366336634,0.9515208619864289,4.0,No aggregate reversal under this configuration.,1314
BRD-K88551539,0.0035150227158070105,0,1,0,1,0.0,0.8217821782178217,1.0,3.0,No aggregate reversal under this configuration.,1315
BRD-K84203638,0.0035304994255377095,3,8,3,8,0.375,0.7623762376237624,1.0,5.25,No aggregate reversal under this configuration.,1316
BRD-K59705555,0.00353536451473639,0,1,0,1,0.0,0.5643564356435643,0.8652848057570317,3.0,No aggregate reversal under this configuration.,1317
mitoxantrone,0.003552368715967256,42,87,67,138,0.4827586206896552,0.8217821782178217,1.0,5.6521739130434785,No aggregate reversal under this configuration.,1318
BRD-K50140147,0.0035986888827667404,2,7,3,9,0.2857142857142857,0.8118811881188119,1.0,3.5555555555555554,No aggregate reversal under this configuration.,1319
BRD-K43620258,0.0036097514846512154,8,23,8,23,0.34782608695652173,0.6633663366336634,0.9515208619864289,4.521739130434782,No aggregate reversal under this configuration.,1320
vu0420364-1,0.0036103711488900785,1,2,1,2,0.5,0.6831683168316832,0.9636540257799366,4.0,No aggregate reversal under this configuration.,1321
buparlisib,0.0036515225535774173,11,23,11,23,0.4782608695652174,0.9306930693069307,1.0,4.260869565217392,No aggregate reversal under this configuration.,1322
AS-601245,0.0037235001194937806,11,25,11,25,0.44,0.7722772277227723,1.0,4.8,No aggregate reversal under this configuration.,1323
le 300,0.003731410050177137,0,1,0,1,0.0,0.7425742574257426,0.9948898115618012,4.0,No aggregate reversal under this configuration.,1324
ncgc00188530-01,0.00379695991581799,1,2,1,2,0.5,0.48514851485148514,0.7803292377430514,4.0,No aggregate reversal under this configuration.,1325
mk 212,0.003805537772716712,0,1,0,1,0.0,0.7623762376237624,1.0,3.0,No aggregate reversal under this configuration.,1326
AZD-7762,0.0038316278432648726,20,44,20,44,0.45454545454545453,0.8118811881188119,1.0,5.25,No aggregate reversal under this configuration.,1327
rondual-kinase-inhibitor,0.003884240123352404,1,2,1,2,0.5,0.7920792079207921,1.0,3.0,No aggregate reversal under this configuration.,1328
quinacrine dihydrochloride dihydrate,0.003896162641088498,12,34,12,36,0.35294117647058826,0.801980198019802,1.0,4.611111111111111,No aggregate reversal under this configuration.,1329
stk661558,0.003900120089384857,1,2,1,2,0.5,0.6831683168316832,0.9636540257799366,3.5,No aggregate reversal under this configuration.,1330
brazilin,0.003937597506973736,1,4,1,4,0.25,0.6336633663366337,0.9266954864500535,4.0,No aggregate reversal under this configuration.,1331
btb06091sc,0.003946691891069089,1,2,1,2,0.5,0.6831683168316832,0.9636540257799366,5.0,No aggregate reversal under this configuration.,1332
BRD-K05104363,0.00401913501015291,1,5,1,7,0.2,0.8316831683168316,1.0,3.7142857142857144,No aggregate reversal under this configuration.,1333
mln2238,0.004022004574911767,6,17,6,17,0.35294117647058826,0.693069306930693,0.9702970297029702,4.235294117647059,No aggregate reversal under this configuration.,1334
BRD-K23644387,0.004028941334431938,1,2,1,2,0.5,0.7029702970297029,0.9725229457252293,4.0,No aggregate reversal under this configuration.,1335
BRD-K37694030 (doxepin hydrochloride),0.004078596085955693,0,1,0,1,0.0,0.7029702970297029,0.9725229457252293,3.0,No aggregate reversal under this configuration.,1336
BRD-K45435259,0.004143974634914883,0,1,0,1,0.0,0.6831683168316832,0.9636540257799366,3.0,No aggregate reversal under this configuration.,1337
BRD-K54256913,0.004216994731488444,5,12,5,12,0.4166666666666667,0.900990099009901,1.0,4.166666666666667,No aggregate reversal under this configuration.,1338
methazolamide,0.00421938818498359,0,1,0,1,0.0,0.7722772277227723,1.0,3.0,No aggregate reversal under this configuration.,1339
KIN001-265,0.004240389762433996,3,9,3,9,0.3333333333333333,0.7722772277227723,1.0,4.222222222222222,No aggregate reversal under this configuration.,1340
nilotinib,0.004243482898405463,3,9,3,9,0.3333333333333333,0.7722772277227723,1.0,4.222222222222222,No aggregate reversal under this configuration.,1341
KIN001-220,0.004256729422069729,2,5,2,5,0.4,0.8316831683168316,1.0,3.8,No aggregate reversal under this configuration.,1342
BRD-K85318537 (obaa),0.004290882194591877,0,1,0,1,0.0,0.5841584158415841,0.8876358367544072,7.0,No aggregate reversal under this configuration.,1343
ml 3163,0.00437171566808278,0,1,0,1,0.0,0.6336633663366337,0.9266954864500535,5.0,No aggregate reversal under this configuration.,1344
ncgc00183244-01,0.004391113003439516,0,1,0,1,0.0,0.8613861386138614,1.0,3.0,No aggregate reversal under this configuration.,1345
ncgc00184716-01,0.004437423756279058,0,1,0,1,0.0,0.5445544554455446,0.8460284931236266,4.0,No aggregate reversal under this configuration.,1346
BRD-K73319509,0.0044626062638280315,0,1,0,1,0.0,0.6336633663366337,0.9266954864500535,6.0,No aggregate reversal under this configuration.,1347
PHA-665752,0.00446828967359331,3,6,3,6,0.5,0.7128712871287128,0.9725229457252293,3.6666666666666665,No aggregate reversal under this configuration.,1348
BRD-K52080565,0.004492995168904567,0,1,0,1,0.0,0.693069306930693,0.9702970297029702,3.0,No aggregate reversal under this configuration.,1349
piroxicam,0.004520810662453979,0,1,0,1,0.0,0.7821782178217822,1.0,5.0,No aggregate reversal under this configuration.,1350
BRD-K31491153,0.004599536345654967,0,1,0,1,0.0,0.6633663366336634,0.9515208619864289,5.0,No aggregate reversal under this configuration.,1351
BRD-K86761848,0.0046439486812331,0,2,0,2,0.0,0.6732673267326733,0.9605623157735622,3.0,No aggregate reversal under this configuration.,1352
BRD-K82732294,0.004706161214651384,1,2,1,2,0.5,0.594059405940594,0.8925217280570501,4.5,No aggregate reversal under this configuration.,1353
BRD-K98676510,0.004717416830778219,0,2,0,2,0.0,0.6138613861386139,0.9127342328504926,3.5,No aggregate reversal under this configuration.,1354
BRD-K71554540,0.004727977694529532,0,1,0,1,0.0,0.5247524752475248,0.8283466015520471,3.0,No aggregate reversal under this configuration.,1355
BRD-K53903639,0.00472945173671424,7,19,7,19,0.3684210526315789,0.7029702970297029,0.9725229457252293,4.368421052631579,No aggregate reversal under this configuration.,1356
"l-690,330",0.004745956058360001,0,2,0,2,0.0,0.7128712871287128,0.9725229457252293,3.0,No aggregate reversal under this configuration.,1357
ncgc00182361-01,0.004754163607587392,0,2,0,2,0.0,0.6534653465346535,0.9467649090490444,3.5,No aggregate reversal under this configuration.,1358
t5345967,0.0047546165774670105,0,1,0,1,0.0,0.6831683168316832,0.9636540257799366,7.0,No aggregate reversal under this configuration.,1359
spironolactone,0.004768637483411484,0,1,0,1,0.0,0.6237623762376238,0.9215904199115564,4.0,No aggregate reversal under this configuration.,1360
s1104,0.004814867167527635,0,2,0,2,0.0,0.7425742574257426,0.9948898115618012,6.5,No aggregate reversal under this configuration.,1361
BRD-K10649245,0.004835824647554572,0,1,0,1,0.0,0.5742574257425742,0.8754381147739569,3.0,No aggregate reversal under this configuration.,1362
lovastatin,0.004872685571637507,1,4,1,4,0.25,0.7623762376237624,1.0,4.0,No aggregate reversal under this configuration.,1363
cjd-pla-49-3,0.004875036604502505,0,1,0,1,0.0,0.6633663366336634,0.9515208619864289,4.0,No aggregate reversal under this configuration.,1364
albendazole,0.0049031949743278125,1,2,1,2,0.5,0.7920792079207921,1.0,4.0,No aggregate reversal under this configuration.,1365
GW-843682X,0.004915840760451987,5,13,5,13,0.38461538461538464,0.8910891089108911,1.0,4.0,No aggregate reversal under this configuration.,1366
bapta-am,0.004926931762791771,1,3,1,3,0.3333333333333333,0.7128712871287128,0.9725229457252293,3.3333333333333335,No aggregate reversal under this configuration.,1367
NVP-BGJ398,0.004953479775567081,0,1,0,1,0.0,0.6534653465346535,0.9467649090490444,4.0,No aggregate reversal under this configuration.,1368
BRD-K79390395,0.0049654067987561145,0,2,0,2,0.0,0.5445544554455446,0.8460284931236266,4.0,No aggregate reversal under this configuration.,1369
CYT387,0.004976937454716138,3,7,3,7,0.42857142857142855,0.8118811881188119,1.0,3.7142857142857144,No aggregate reversal under this configuration.,1370
bjm-ctd2-9,0.004991274649392355,6,20,6,20,0.3,0.693069306930693,0.9702970297029702,4.2,No aggregate reversal under this configuration.,1371
AT7867,0.005014477315053044,3,6,3,6,0.5,0.7623762376237624,1.0,5.833333333333333,No aggregate reversal under this configuration.,1372
sch 39166 hydrobromide,0.005074104913294161,0,1,0,1,0.0,0.9702970297029703,1.0,3.0,No aggregate reversal under this configuration.,1373
ibrutinib,0.00507488802187483,1,3,1,3,0.3333333333333333,0.693069306930693,0.9702970297029702,4.333333333333333,No aggregate reversal under this configuration.,1374
h-8,0.00507704026357703,0,1,0,1,0.0,0.6336633663366337,0.9266954864500535,3.0,No aggregate reversal under this configuration.,1375
BRD-A52193669,0.005083928843838568,1,3,1,3,0.3333333333333333,0.594059405940594,0.8925217280570501,3.6666666666666665,No aggregate reversal under this configuration.,1376
BRD-K68548958,0.005107462984793169,2,16,2,16,0.125,0.7722772277227723,1.0,4.8125,No aggregate reversal under this configuration.,1377
BRD-K69852452,0.005119529017248461,4,9,5,11,0.4444444444444444,0.7029702970297029,0.9725229457252293,3.909090909090909,No aggregate reversal under this configuration.,1378
radicicol,0.0051253685389142534,29,69,39,97,0.42028985507246375,0.8811881188118812,1.0,4.958762886597938,No aggregate reversal under this configuration.,1379
bay 11-7821,0.005132954749040928,2,5,2,6,0.4,0.6237623762376238,0.9215904199115564,4.166666666666667,No aggregate reversal under this configuration.,1380
GDC-0068,0.005139725889579153,1,6,1,6,0.16666666666666666,0.8316831683168316,1.0,4.666666666666667,No aggregate reversal under this configuration.,1381
moban,0.005146132641084296,0,1,0,1,0.0,0.7029702970297029,0.9725229457252293,3.0,No aggregate reversal under this configuration.,1382
tizanidine hcl,0.005146132641084296,0,1,0,1,0.0,0.6633663366336634,0.9515208619864289,3.0,No aggregate reversal under this configuration.,1383
KIN001-127,0.005169658605279158,1,3,1,3,0.3333333333333333,0.7326732673267327,0.9887121564141974,4.0,No aggregate reversal under this configuration.,1384
BRD-K03176945,0.005171806384080627,0,2,0,2,0.0,0.7326732673267327,0.9887121564141974,3.5,No aggregate reversal under this configuration.,1385
st4029573,0.005178347878543987,1,4,1,4,0.25,0.693069306930693,0.9702970297029702,4.0,No aggregate reversal under this configuration.,1386
GDC-0980,0.005179939108124527,18,42,18,42,0.42857142857142855,0.7920792079207921,1.0,4.5,No aggregate reversal under this configuration.,1387
tanespimycin,0.0052396082666641254,4,8,7,16,0.5,0.7623762376237624,1.0,5.5625,No aggregate reversal under this configuration.,1388
BRD-K05649647,0.005305435077653228,4,14,4,14,0.2857142857142857,0.7623762376237624,1.0,4.142857142857143,No aggregate reversal under this configuration.,1389
GSK-1059615,0.005345164214470885,20,49,28,83,0.40816326530612246,0.9108910891089109,1.0,4.433734939759036,No aggregate reversal under this configuration.,1390
ncgc00188700-01,0.005349802800390411,0,1,0,1,0.0,0.7029702970297029,0.9725229457252293,5.0,No aggregate reversal under this configuration.,1391
CP466722,0.005369128611248631,5,13,5,13,0.38461538461538464,0.9306930693069307,1.0,3.769230769230769,No aggregate reversal under this configuration.,1392
8-cpt-2-me-camp,0.005370405221644913,0,1,0,1,0.0,0.7128712871287128,0.9725229457252293,3.0,No aggregate reversal under this configuration.,1393
mocetinostat,0.005377465562972807,6,20,6,20,0.3,0.7821782178217822,1.0,4.15,No aggregate reversal under this configuration.,1394
ponatinib,0.005392938580323857,3,8,3,8,0.375,0.7722772277227723,1.0,4.5,No aggregate reversal under this configuration.,1395
raltitrexed,0.005467646846210246,1,2,1,2,0.5,0.7029702970297029,0.9725229457252293,4.5,No aggregate reversal under this configuration.,1396
isoflupredone acetate,0.005494118942678806,1,2,1,2,0.5,0.7128712871287128,0.9725229457252293,5.0,No aggregate reversal under this configuration.,1397
ncgc00188531-01,0.005506679523269784,0,2,0,2,0.0,0.6336633663366337,0.9266954864500535,4.0,No aggregate reversal under this configuration.,1398
vandetanib,0.005604645416988501,1,6,1,6,0.16666666666666666,0.7227722772277227,0.9824446444644465,3.8333333333333335,No aggregate reversal under this configuration.,1399
ag 957,0.005609162731977008,1,5,1,5,0.2,0.7425742574257426,0.9948898115618012,4.2,No aggregate reversal under this configuration.,1400
BRD-K41925105,0.005622504228362258,2,4,2,4,0.5,0.7920792079207921,1.0,3.25,No aggregate reversal under this configuration.,1401
imatinib,0.005649905039895049,0,1,0,1,0.0,0.7524752475247525,1.0,3.0,No aggregate reversal under this configuration.,1402
BRD-A68739437,0.005651620733997841,0,1,0,1,0.0,0.6831683168316832,0.9636540257799366,4.0,No aggregate reversal under this configuration.,1403
paclitaxel,0.005664981133896177,1,2,2,3,0.5,0.801980198019802,1.0,4.666666666666667,No aggregate reversal under this configuration.,1404
ic 261,0.005679541222319644,1,3,1,3,0.3333333333333333,0.801980198019802,1.0,4.666666666666667,No aggregate reversal under this configuration.,1405
sarmentogenin,0.0056931750592006305,0,1,0,1,0.0,0.7821782178217822,1.0,5.0,No aggregate reversal under this configuration.,1406
GSK-1904529A,0.005697628377301861,1,6,1,6,0.16666666666666666,0.9306930693069307,1.0,4.5,No aggregate reversal under this configuration.,1407
s1249,0.005720712348810716,1,3,1,3,0.3333333333333333,0.6831683168316832,0.9636540257799366,4.333333333333333,No aggregate reversal under this configuration.,1408
naloxone hydrochloride,0.005759377889887906,0,1,0,1,0.0,0.801980198019802,1.0,4.0,No aggregate reversal under this configuration.,1409
minoxidil,0.005830189678107455,1,4,1,4,0.25,0.9207920792079208,1.0,3.25,No aggregate reversal under this configuration.,1410
digoxin,0.005852906616862017,5,13,5,18,0.38461538461538464,0.8415841584158416,1.0,4.0,No aggregate reversal under this configuration.,1411
s1252,0.00586307556666728,0,1,0,1,0.0,0.7920792079207921,1.0,3.0,No aggregate reversal under this configuration.,1412
BRD-K01868942,0.005894915990931917,1,2,1,2,0.5,0.7821782178217822,1.0,3.0,No aggregate reversal under this configuration.,1413
BRD-K45114207,0.005902095994030934,0,1,0,1,0.0,0.7524752475247525,1.0,3.0,No aggregate reversal under this configuration.,1414
ouabain,0.005913373610729034,4,12,4,14,0.3333333333333333,0.8217821782178217,1.0,4.357142857142857,No aggregate reversal under this configuration.,1415
purmorphamine,0.0059480958118087335,0,1,0,1,0.0,0.8118811881188119,1.0,3.0,No aggregate reversal under this configuration.,1416
compound 58,0.005948503469135806,0,1,0,1,0.0,0.7029702970297029,0.9725229457252293,3.0,No aggregate reversal under this configuration.,1417
digoxigenin,0.00595886663345817,1,2,1,2,0.5,0.7821782178217822,1.0,5.5,No aggregate reversal under this configuration.,1418
BRD-A30395175,0.005982694366651914,0,1,0,1,0.0,0.7227722772277227,0.9824446444644465,3.0,No aggregate reversal under this configuration.,1419
5-nonyloxytryptamine,0.005999214546715151,2,5,2,5,0.4,0.7029702970297029,0.9725229457252293,3.4,No aggregate reversal under this configuration.,1420
ncgc00182390-01,0.006057910562490965,1,3,1,3,0.3333333333333333,0.7623762376237624,1.0,4.333333333333333,No aggregate reversal under this configuration.,1421
barasertib,0.0060720287724061765,0,1,0,1,0.0,0.7920792079207921,1.0,3.0,No aggregate reversal under this configuration.,1422
everolimus,0.006074669741176701,6,15,6,15,0.4,0.9405940594059405,1.0,3.6666666666666665,No aggregate reversal under this configuration.,1423
nu 1025,0.00609689330190954,1,2,1,2,0.5,0.8217821782178217,1.0,3.0,No aggregate reversal under this configuration.,1424
dcpib,0.006098006947638338,0,1,0,1,0.0,0.7326732673267327,0.9887121564141974,3.0,No aggregate reversal under this configuration.,1425
yo-2,0.00613981236989527,0,1,0,1,0.0,0.5742574257425742,0.8754381147739569,4.0,No aggregate reversal under this configuration.,1426
irinotecan hydrochloride trihydrate,0.006161339355916506,2,7,3,9,0.2857142857142857,0.8811881188118812,1.0,4.333333333333333,No aggregate reversal under this configuration.,1427
KIN001-055,0.006178758449027945,1,2,1,2,0.5,0.8811881188118812,1.0,3.0,No aggregate reversal under this configuration.,1428
ncgc00184830-01,0.006219759892484253,2,7,2,7,0.2857142857142857,0.8415841584158416,1.0,4.428571428571429,No aggregate reversal under this configuration.,1429
kuc103428n,0.006235728737762829,1,2,1,2,0.5,0.7722772277227723,1.0,3.5,No aggregate reversal under this configuration.,1430
np-001821,0.006263558763513123,0,2,0,2,0.0,0.8217821782178217,1.0,3.5,No aggregate reversal under this configuration.,1431
pyrrolidinedithiocarbamate ammonium,0.006299071366554046,0,1,0,1,0.0,0.7029702970297029,0.9725229457252293,3.0,No aggregate reversal under this configuration.,1432
protein tyrosine phosphatase inhibitor iv,0.006303656250106489,0,1,0,1,0.0,0.7722772277227723,1.0,4.0,No aggregate reversal under this configuration.,1433
ed csc 15,0.006309085711489736,1,2,1,2,0.5,0.7722772277227723,1.0,5.0,No aggregate reversal under this configuration.,1434
hexylresorcinol,0.006326581049503587,0,1,0,1,0.0,0.7524752475247525,1.0,4.0,No aggregate reversal under this configuration.,1435
rf 01079,0.006336377949890818,0,1,0,1,0.0,0.6336633663366337,0.9266954864500535,3.0,No aggregate reversal under this configuration.,1436
TG-101348,0.006379960703335029,7,15,7,15,0.4666666666666667,0.8712871287128713,1.0,4.133333333333334,No aggregate reversal under this configuration.,1437
ncgc00165208-01,0.006403788729864893,1,4,1,4,0.25,0.8514851485148515,1.0,3.25,No aggregate reversal under this configuration.,1438
mafenide hydrochloride,0.006410708455068534,1,2,1,2,0.5,0.8910891089108911,1.0,3.0,No aggregate reversal under this configuration.,1439
PFI-1,0.006411179472758884,4,10,4,10,0.4,0.900990099009901,1.0,4.8,No aggregate reversal under this configuration.,1440
AZD-8055,0.006424850575953335,14,35,14,35,0.4,0.900990099009901,1.0,4.171428571428572,No aggregate reversal under this configuration.,1441
BRD-K59470558,0.006467938785977376,0,2,0,2,0.0,0.8415841584158416,1.0,3.0,No aggregate reversal under this configuration.,1442
budesonide,0.006490105473707938,1,3,1,3,0.3333333333333333,0.8712871287128713,1.0,3.6666666666666665,No aggregate reversal under this configuration.,1443
l 655240,0.006504795375921397,0,1,0,1,0.0,0.7227722772277227,0.9824446444644465,3.0,No aggregate reversal under this configuration.,1444
BRD-K00317371,0.006578155327498492,1,6,1,6,0.16666666666666666,0.8613861386138614,1.0,4.0,No aggregate reversal under this configuration.,1445
"15-deoxy-?12,14-prostaglandin j2",0.006657843763950913,3,9,3,9,0.3333333333333333,0.8712871287128713,1.0,3.888888888888889,No aggregate reversal under this configuration.,1446
BRD-K72615639,0.006703334767837893,0,2,0,2,0.0,0.7623762376237624,1.0,4.0,No aggregate reversal under this configuration.,1447
SB-525334,0.006723164623610475,2,6,2,6,0.3333333333333333,0.9801980198019802,1.0,3.8333333333333335,No aggregate reversal under this configuration.,1448
nsc 663284,0.006760821050674918,2,8,2,9,0.25,0.8811881188118812,1.0,4.333333333333333,No aggregate reversal under this configuration.,1449
methylandrostenediol,0.006761117092891193,0,1,0,1,0.0,0.801980198019802,1.0,6.0,No aggregate reversal under this configuration.,1450
thiotepa,0.006819425128134427,0,1,0,1,0.0,0.8217821782178217,1.0,4.0,No aggregate reversal under this configuration.,1451
elesclomol,0.006843170717840517,1,4,1,4,0.25,0.7128712871287128,0.9725229457252293,3.75,No aggregate reversal under this configuration.,1452
manumycin a,0.006847855843788688,7,26,7,29,0.2692307692307692,0.8514851485148515,1.0,4.310344827586207,No aggregate reversal under this configuration.,1453
pregnenolone succinate,0.006863773904636105,0,1,0,1,0.0,0.6039603960396039,0.9023197283757152,4.0,No aggregate reversal under this configuration.,1454
ncgc00183371-01,0.006868911738889371,1,5,1,5,0.2,0.7722772277227723,1.0,4.2,No aggregate reversal under this configuration.,1455
iodipamide,0.00692512460829155,0,1,0,1,0.0,0.693069306930693,0.9702970297029702,5.0,No aggregate reversal under this configuration.,1456
BRD-K67870070,0.006949588353353866,0,2,0,2,0.0,0.7920792079207921,1.0,3.0,No aggregate reversal under this configuration.,1457
BRD-A77467113,0.0070019722946256125,0,1,0,1,0.0,0.7920792079207921,1.0,4.0,No aggregate reversal under this configuration.,1458
securinine,0.007072320241688373,0,2,0,2,0.0,0.7920792079207921,1.0,3.0,No aggregate reversal under this configuration.,1459
peitc,0.007108092512152744,0,1,0,1,0.0,0.7128712871287128,0.9725229457252293,3.0,No aggregate reversal under this configuration.,1460
BRD-K22215695,0.007128852520080029,0,1,0,1,0.0,0.801980198019802,1.0,3.0,No aggregate reversal under this configuration.,1461
menadione,0.007136290611593836,6,18,7,20,0.3333333333333333,0.8118811881188119,1.0,4.1,No aggregate reversal under this configuration.,1462
ncgc00185087-01,0.0071834218160155144,1,3,1,3,0.3333333333333333,0.7821782178217822,1.0,5.0,No aggregate reversal under this configuration.,1463
paxilline,0.007193519881647119,0,1,0,1,0.0,0.7722772277227723,1.0,4.0,No aggregate reversal under this configuration.,1464
PF-3758309,0.0071981514837230285,8,24,8,24,0.3333333333333333,0.9207920792079208,1.0,4.916666666666667,No aggregate reversal under this configuration.,1465
amsacrine,0.007200090909521457,4,11,4,11,0.36363636363636365,0.8712871287128713,1.0,4.454545454545454,No aggregate reversal under this configuration.,1466
cymarin,0.007230707358473313,2,6,2,6,0.3333333333333333,0.7821782178217822,1.0,4.5,No aggregate reversal under this configuration.,1467
rifapentine,0.007234688230772665,0,1,0,1,0.0,0.9306930693069307,1.0,4.0,No aggregate reversal under this configuration.,1468
jfd02227,0.007251232409183567,0,1,0,1,0.0,0.6336633663366337,0.9266954864500535,5.0,No aggregate reversal under this configuration.,1469
ei-346,0.0072919995490611685,1,2,1,2,0.5,0.7128712871287128,0.9725229457252293,3.0,No aggregate reversal under this configuration.,1470
BRD-U82589721,0.0073256769046734635,0,4,0,4,0.0,0.8316831683168316,1.0,4.25,No aggregate reversal under this configuration.,1471
s1367,0.007452784227128991,1,3,1,3,0.3333333333333333,0.7623762376237624,1.0,3.6666666666666665,No aggregate reversal under this configuration.,1472
ncgc00182364-01,0.0074535496009122135,1,3,1,3,0.3333333333333333,0.8415841584158416,1.0,4.0,No aggregate reversal under this configuration.,1473
BRD-K94580036,0.007465802286813818,0,1,0,1,0.0,0.801980198019802,1.0,4.0,No aggregate reversal under this configuration.,1474
b3063,0.00747051138456893,0,2,0,2,0.0,0.7623762376237624,1.0,3.0,No aggregate reversal under this configuration.,1475
gyki 52466 hydrochloride,0.007476983870568922,0,1,0,1,0.0,0.7920792079207921,1.0,4.0,No aggregate reversal under this configuration.,1476
mycophenolic acid,0.007487174554646494,1,4,2,5,0.25,0.8514851485148515,1.0,3.6,No aggregate reversal under this configuration.,1477
s1455,0.007526548289526954,0,2,0,2,0.0,0.9405940594059405,1.0,3.5,No aggregate reversal under this configuration.,1478
GSK-429286A,0.007557371822296845,1,2,1,2,0.5,0.8613861386138614,1.0,3.5,No aggregate reversal under this configuration.,1479
s8822,0.007573713413993153,0,1,0,1,0.0,0.8613861386138614,1.0,3.0,No aggregate reversal under this configuration.,1480
HG-14-8-02,0.007677307560168895,1,6,1,6,0.16666666666666666,0.693069306930693,0.9702970297029702,6.333333333333333,No aggregate reversal under this configuration.,1481
GSK1059615,0.007688064305281479,1,4,1,4,0.25,0.9603960396039604,1.0,4.25,No aggregate reversal under this configuration.,1482
deracoxib,0.007692298491491513,0,1,0,1,0.0,0.8613861386138614,1.0,3.0,No aggregate reversal under this configuration.,1483
lumicolchicine gamma,0.007741830872662419,0,1,0,1,0.0,0.6138613861386139,0.9127342328504926,3.0,No aggregate reversal under this configuration.,1484
docetaxel,0.00779962466889029,0,1,0,1,0.0,0.7722772277227723,1.0,5.0,No aggregate reversal under this configuration.,1485
vinpocetine,0.007812864532716398,0,1,0,1,0.0,0.5841584158415841,0.8876358367544072,4.0,No aggregate reversal under this configuration.,1486
ABT-737,0.007820544403615437,1,2,1,2,0.5,0.8316831683168316,1.0,3.0,No aggregate reversal under this configuration.,1487
strophanthidin,0.007845754761158598,1,7,1,7,0.14285714285714285,0.8415841584158416,1.0,4.142857142857143,No aggregate reversal under this configuration.,1488
BRD-K03857568,0.007883098327219049,0,1,0,1,0.0,0.6039603960396039,0.9023197283757152,5.0,No aggregate reversal under this configuration.,1489
ho-013,0.00788601408160599,0,1,0,1,0.0,0.6732673267326733,0.9605623157735622,4.0,No aggregate reversal under this configuration.,1490
irbesartan,0.007945807322753122,0,2,0,2,0.0,0.8118811881188119,1.0,3.0,No aggregate reversal under this configuration.,1491
ncgc00165289-01,0.007985834761540866,3,6,3,6,0.5,0.8514851485148515,1.0,4.833333333333333,No aggregate reversal under this configuration.,1492
BRD-K99146421,0.008014686668119556,0,1,0,1,0.0,0.9306930693069307,1.0,3.0,No aggregate reversal under this configuration.,1493
kenpaullone,0.008030169944992374,0,1,0,1,0.0,0.8217821782178217,1.0,3.0,No aggregate reversal under this configuration.,1494
t5220758,0.008045077096214614,0,2,0,2,0.0,0.8811881188118812,1.0,3.0,No aggregate reversal under this configuration.,1495
s1475,0.008095127166896069,1,2,1,2,0.5,0.8910891089108911,1.0,3.5,No aggregate reversal under this configuration.,1496
TWS-119,0.008121427400780853,4,15,4,15,0.26666666666666666,0.9801980198019802,1.0,4.266666666666667,No aggregate reversal under this configuration.,1497
BRD-K78701355,0.00815095893885117,0,1,0,1,0.0,0.6534653465346535,0.9467649090490444,4.0,No aggregate reversal under this configuration.,1498
d3943,0.008238969957117865,1,2,1,2,0.5,0.8514851485148515,1.0,4.0,No aggregate reversal under this configuration.,1499
praziquantel,0.008243290014403118,0,1,0,1,0.0,0.7128712871287128,0.9725229457252293,3.0,No aggregate reversal under this configuration.,1500
(-)-gallocatechin gallate,0.008245645098382395,1,3,1,3,0.3333333333333333,0.7920792079207921,1.0,4.333333333333333,No aggregate reversal under this configuration.,1501
gr-237,0.008268258385481085,1,3,1,3,0.3333333333333333,0.8613861386138614,1.0,4.333333333333333,No aggregate reversal under this configuration.,1502
fgin-1-27,0.008325827054072709,0,1,0,1,0.0,0.7623762376237624,1.0,5.0,No aggregate reversal under this configuration.,1503
l-sulforophane,0.008337479128814471,2,5,2,5,0.4,0.8514851485148515,1.0,3.6,No aggregate reversal under this configuration.,1504
7b-cis,0.00834258241366341,4,14,4,14,0.2857142857142857,0.9207920792079208,1.0,3.9285714285714284,No aggregate reversal under this configuration.,1505
PHA-793887,0.008345656135574371,19,50,19,50,0.38,1.0,1.0,4.92,No aggregate reversal under this configuration.,1506
BRD-K23478508 (digoxin),0.008358859573891538,2,6,2,6,0.3333333333333333,0.8910891089108911,1.0,4.833333333333333,No aggregate reversal under this configuration.,1507
BRD-K00313977,0.008376500707701077,0,2,0,2,0.0,0.7821782178217822,1.0,4.0,No aggregate reversal under this configuration.,1508
siguazodan,0.008405286366953637,0,1,0,1,0.0,0.6732673267326733,0.9605623157735622,4.0,No aggregate reversal under this configuration.,1509
mycophenolate mofetil,0.008410068179941473,0,2,0,2,0.0,0.8415841584158416,1.0,3.5,No aggregate reversal under this configuration.,1510
auranofin,0.008433741535447091,4,14,4,14,0.2857142857142857,0.8811881188118812,1.0,3.9285714285714284,No aggregate reversal under this configuration.,1511
"dibutyryl-camp, sodium salt",0.008450913212254385,0,1,0,1,0.0,0.7326732673267327,0.9887121564141974,6.0,No aggregate reversal under this configuration.,1512
indole-3-carbinol,0.008455277053727927,0,1,0,1,0.0,0.8514851485148515,1.0,3.0,No aggregate reversal under this configuration.,1513
BRD-A41451487,0.008470062729582145,1,3,1,3,0.3333333333333333,0.7326732673267327,0.9887121564141974,5.333333333333333,No aggregate reversal under this configuration.,1514
BRD-K74126469,0.008473783646956345,0,1,0,1,0.0,0.7722772277227723,1.0,3.0,No aggregate reversal under this configuration.,1515
sildenafil citrate,0.008489587190489426,0,1,0,1,0.0,0.8811881188118812,1.0,5.0,No aggregate reversal under this configuration.,1516
BRD-K60218670,0.00850468195943321,0,1,0,1,0.0,0.8514851485148515,1.0,3.0,No aggregate reversal under this configuration.,1517
t018500,0.00850468195943321,0,1,0,1,0.0,0.801980198019802,1.0,3.0,No aggregate reversal under this configuration.,1518
JNK-IN-5A,0.00850831108929178,9,21,9,21,0.42857142857142855,0.9405940594059405,1.0,4.380952380952381,No aggregate reversal under this configuration.,1519
TPCA-1,0.008551626729562226,4,9,4,9,0.4444444444444444,0.9405940594059405,1.0,4.222222222222222,No aggregate reversal under this configuration.,1520
BRD-K92317137,0.008585034840156497,8,30,10,34,0.26666666666666666,0.7623762376237624,1.0,4.5588235294117645,No aggregate reversal under this configuration.,1521
garcinol,0.008640831073792238,0,2,0,2,0.0,0.9207920792079208,1.0,3.0,No aggregate reversal under this configuration.,1522
CHIR-99021,0.008688756999670217,7,17,7,17,0.4117647058823529,0.9801980198019802,1.0,4.882352941176471,No aggregate reversal under this configuration.,1523
nefazodone hydrochloride,0.008695956184763832,0,1,0,1,0.0,0.9108910891089109,1.0,4.0,No aggregate reversal under this configuration.,1524
ki 8751,0.008739385048416278,0,2,0,2,0.0,0.6732673267326733,0.9605623157735622,5.0,No aggregate reversal under this configuration.,1525
ncgc00182378-01,0.008765430683826013,1,2,1,2,0.5,0.7722772277227723,1.0,4.5,No aggregate reversal under this configuration.,1526
azacytidine-5,0.008768943724177258,0,2,0,2,0.0,0.7821782178217822,1.0,4.5,No aggregate reversal under this configuration.,1527
sb 218078,0.008814692047711152,3,9,3,10,0.3333333333333333,0.9504950495049505,1.0,4.0,No aggregate reversal under this configuration.,1528
BRD-K53461563,0.00883098927346276,0,1,0,1,0.0,0.7128712871287128,0.9725229457252293,3.0,No aggregate reversal under this configuration.,1529
dovitinib,0.00886471250082153,10,22,10,22,0.45454545454545453,0.9801980198019802,1.0,5.181818181818182,No aggregate reversal under this configuration.,1530
ncgc00182371-01,0.0088893885598034,1,3,1,3,0.3333333333333333,0.7722772277227723,1.0,3.6666666666666665,No aggregate reversal under this configuration.,1531
ncgc00241077-01,0.008895734276445185,0,1,0,1,0.0,0.7128712871287128,0.9725229457252293,6.0,No aggregate reversal under this configuration.,1532
BRD-K35004659,0.008917413182818273,0,2,0,2,0.0,0.8118811881188119,1.0,4.0,No aggregate reversal under this configuration.,1533
sib 1893,0.008941599835620262,2,5,2,5,0.4,0.8910891089108911,1.0,3.4,No aggregate reversal under this configuration.,1534
s1140,0.00896955397787776,0,1,0,1,0.0,0.7623762376237624,1.0,3.0,No aggregate reversal under this configuration.,1535
a-275,0.008991074768388351,2,5,2,5,0.4,0.9207920792079208,1.0,3.8,No aggregate reversal under this configuration.,1536
BRD-K52446745,0.009004240442128063,0,1,0,1,0.0,0.7821782178217822,1.0,3.0,No aggregate reversal under this configuration.,1537
BRD-K96433222,0.009045366834818857,0,2,0,2,0.0,0.8316831683168316,1.0,3.0,No aggregate reversal under this configuration.,1538
papaverine hydrochloride,0.009089235494380957,0,1,0,1,0.0,0.8613861386138614,1.0,4.0,No aggregate reversal under this configuration.,1539
proscillaridin a,0.009100512017925185,2,7,2,8,0.2857142857142857,0.8811881188118812,1.0,4.5,No aggregate reversal under this configuration.,1540
strophantine octahydrate,0.009116515143209021,0,4,0,4,0.0,0.8613861386138614,1.0,5.25,No aggregate reversal under this configuration.,1541
INK-128,0.009126291931450646,5,23,5,23,0.21739130434782608,0.9405940594059405,1.0,4.391304347826087,No aggregate reversal under this configuration.,1542
BRD-K86027709,0.009146491299540763,0,1,0,1,0.0,0.7623762376237624,1.0,4.0,No aggregate reversal under this configuration.,1543
BRD-U44618005,0.009150335534636605,0,1,0,1,0.0,0.8514851485148515,1.0,5.0,No aggregate reversal under this configuration.,1544
losartan potassium,0.009161236922759133,0,3,0,3,0.0,0.8712871287128713,1.0,3.3333333333333335,No aggregate reversal under this configuration.,1545
stock1s-53863,0.009179987335089167,1,3,1,3,0.3333333333333333,0.7722772277227723,1.0,3.0,No aggregate reversal under this configuration.,1546
NVP-BGT226,0.009225315773963915,6,20,6,20,0.3,0.8613861386138614,1.0,5.35,No aggregate reversal under this configuration.,1547
itavastatin ca,0.009246882602979746,0,2,0,2,0.0,0.8514851485148515,1.0,6.0,No aggregate reversal under this configuration.,1548
BRD-K80346834,0.009255275444091694,1,2,1,2,0.5,0.900990099009901,1.0,3.5,No aggregate reversal under this configuration.,1549
BRD-K00430421,0.009274541009424077,0,1,0,1,0.0,0.8316831683168316,1.0,3.0,No aggregate reversal under this configuration.,1550
BRD-K35716340,0.009302763339840281,2,7,2,7,0.2857142857142857,0.9504950495049505,1.0,4.142857142857143,No aggregate reversal under this configuration.,1551
BRD-K23217072,0.00934294260666098,0,1,0,1,0.0,0.8217821782178217,1.0,4.0,No aggregate reversal under this configuration.,1552
ncgc00181799-01,0.009352422140957679,0,1,0,1,0.0,0.7722772277227723,1.0,4.0,No aggregate reversal under this configuration.,1553
D-4476,0.009452068945999051,1,3,1,3,0.3333333333333333,0.9504950495049505,1.0,3.6666666666666665,No aggregate reversal under this configuration.,1554
BRD-K72381041,0.009567136584024593,0,2,0,2,0.0,0.8316831683168316,1.0,4.5,No aggregate reversal under this configuration.,1555
bl-081,0.009647439066336477,0,1,0,1,0.0,0.8217821782178217,1.0,5.0,No aggregate reversal under this configuration.,1556
WZ-4002,0.009660722915833784,2,5,2,5,0.4,0.9207920792079208,1.0,4.8,No aggregate reversal under this configuration.,1557
linsitinib,0.009690495290111232,3,7,3,7,0.42857142857142855,0.9900990099009901,1.0,3.7142857142857144,No aggregate reversal under this configuration.,1558
nsc 3852,0.009712628869451196,1,3,1,3,0.3333333333333333,0.8217821782178217,1.0,4.0,No aggregate reversal under this configuration.,1559
4-demethoxydaunorubicin hydrochloride (65),0.009720908817755145,3,10,3,10,0.3,0.9702970297029703,1.0,4.1,No aggregate reversal under this configuration.,1560
yk 4-279,0.009732486743636297,0,3,0,3,0.0,0.8910891089108911,1.0,5.0,No aggregate reversal under this configuration.,1561
mek1/2 inhibitor,0.00975432974820449,0,2,0,2,0.0,0.8217821782178217,1.0,3.0,No aggregate reversal under this configuration.,1562
ncgc00183226-01,0.009772599693660455,1,3,1,3,0.3333333333333333,0.9108910891089109,1.0,5.333333333333333,No aggregate reversal under this configuration.,1563
BRD-A59145032,0.00977370040760785,1,4,1,4,0.25,0.8712871287128713,1.0,3.75,No aggregate reversal under this configuration.,1564
palda,0.00981538888195842,1,4,1,4,0.25,0.8712871287128713,1.0,3.25,No aggregate reversal under this configuration.,1565
citalopram hydrobromide,0.00992118130123492,0,1,0,1,0.0,0.801980198019802,1.0,3.0,No aggregate reversal under this configuration.,1566
penitrem a,0.00992118130123492,0,1,0,1,0.0,0.8316831683168316,1.0,3.0,No aggregate reversal under this configuration.,1567
phenformin hydrochloride,0.009927569453247569,0,1,0,1,0.0,0.7524752475247525,1.0,5.0,No aggregate reversal under this configuration.,1568
digitoxin,0.009965958154898761,2,9,2,9,0.2222222222222222,0.8613861386138614,1.0,5.111111111111111,No aggregate reversal under this configuration.,1569
BRD-K04534322,0.009995826965749858,0,1,0,1,0.0,0.7326732673267327,0.9887121564141974,5.0,No aggregate reversal under this configuration.,1570
BRD-K02458594,0.01008747236993067,0,1,0,1,0.0,0.8811881188118812,1.0,4.0,No aggregate reversal under this configuration.,1571
BRD-A49848186,0.010090988565275221,1,3,1,3,0.3333333333333333,0.7722772277227723,1.0,3.0,No aggregate reversal under this configuration.,1572
ncgc00184834-01,0.010111245005761093,0,3,0,3,0.0,0.8415841584158416,1.0,4.666666666666667,No aggregate reversal under this configuration.,1573
BRD-K78524708,0.010119209900456025,0,1,0,1,0.0,0.7722772277227723,1.0,3.0,No aggregate reversal under this configuration.,1574
NVP-BEZ235,0.01020858976017524,13,55,13,55,0.23636363636363636,0.9405940594059405,1.0,4.418181818181818,No aggregate reversal under this configuration.,1575
testosterone,0.010238635744652207,0,1,0,1,0.0,0.9108910891089109,1.0,3.0,No aggregate reversal under this configuration.,1576
BRD-K98824517,0.01027525345188936,1,3,1,3,0.3333333333333333,0.900990099009901,1.0,4.0,No aggregate reversal under this configuration.,1577
AZD4547,0.010287077709014719,2,4,2,4,0.5,0.900990099009901,1.0,5.25,No aggregate reversal under this configuration.,1578
b4313,0.010302425200798073,0,2,0,2,0.0,0.7524752475247525,1.0,3.0,No aggregate reversal under this configuration.,1579
flucloxacillin sodium,0.010309340991205274,0,1,0,1,0.0,0.8514851485148515,1.0,4.0,No aggregate reversal under this configuration.,1580
cid 755673,0.010427227372497284,0,1,0,1,0.0,0.9306930693069307,1.0,3.0,No aggregate reversal under this configuration.,1581
"vegf receptor 3 kinase inhibitor, maz51",0.01042729349561268,1,2,1,2,0.5,0.9405940594059405,1.0,4.0,No aggregate reversal under this configuration.,1582
thonzonium bromide,0.010435404752934306,0,1,0,1,0.0,0.7524752475247525,1.0,4.0,No aggregate reversal under this configuration.,1583
ncgc00167097-01,0.010465286273210547,0,1,0,1,0.0,0.7722772277227723,1.0,3.0,No aggregate reversal under this configuration.,1584
"n,n-hexamethyleneamiloride",0.010544325124017316,0,1,0,1,0.0,0.8217821782178217,1.0,5.0,No aggregate reversal under this configuration.,1585
calyculin a,0.010600731145742014,1,5,1,5,0.2,0.9108910891089109,1.0,4.8,No aggregate reversal under this configuration.,1586
BRD-K25690923,0.01067178281943924,0,1,0,1,0.0,0.8811881188118812,1.0,5.0,No aggregate reversal under this configuration.,1587
nsc 23766,0.010698717089665397,2,6,2,6,0.3333333333333333,0.9801980198019802,1.0,3.3333333333333335,No aggregate reversal under this configuration.,1588
ALW-II-49-7,0.010701809887218786,0,2,0,2,0.0,0.9801980198019802,1.0,3.0,No aggregate reversal under this configuration.,1589
m-3m3fbs,0.010723466038337817,3,8,3,8,0.375,0.9702970297029703,1.0,3.875,No aggregate reversal under this configuration.,1590
CC-401,0.010789225467039452,3,7,3,7,0.42857142857142855,0.9603960396039604,1.0,4.285714285714286,No aggregate reversal under this configuration.,1591
fu jmbii105b,0.010802995382256304,0,1,0,1,0.0,0.9603960396039604,1.0,3.0,No aggregate reversal under this configuration.,1592
purvalanol a,0.010843342171038462,2,5,2,5,0.4,0.9207920792079208,1.0,4.0,No aggregate reversal under this configuration.,1593
forskolin,0.010856046392111546,1,4,1,4,0.25,0.9702970297029703,1.0,3.5,No aggregate reversal under this configuration.,1594
nitrendipine,0.010893821441263347,0,1,0,1,0.0,0.8712871287128713,1.0,3.0,No aggregate reversal under this configuration.,1595
stk674938,0.010897689127437243,0,1,0,1,0.0,0.8910891089108911,1.0,3.0,No aggregate reversal under this configuration.,1596
KIN236,0.010973288593769056,1,2,1,2,0.5,0.9207920792079208,1.0,3.5,No aggregate reversal under this configuration.,1597
emetine dihydrochloride hydrate (74),0.01097863225187923,3,18,3,18,0.16666666666666666,0.9702970297029703,1.0,4.222222222222222,No aggregate reversal under this configuration.,1598
ethotoin,0.011055080423258257,0,1,0,1,0.0,0.8613861386138614,1.0,3.0,No aggregate reversal under this configuration.,1599
ncgc00185094-01,0.011069439470132766,0,2,0,2,0.0,0.900990099009901,1.0,4.0,No aggregate reversal under this configuration.,1600
lawsone,0.011078468291924716,0,1,0,1,0.0,0.8118811881188119,1.0,5.0,No aggregate reversal under this configuration.,1601
isoeugenitol,0.011080546624333719,0,1,0,1,0.0,0.7227722772277227,0.9824446444644465,7.0,No aggregate reversal under this configuration.,1602
dabrafenib,0.011094835091127974,3,12,3,12,0.25,0.9306930693069307,1.0,4.583333333333333,No aggregate reversal under this configuration.,1603
s1035,0.011200448371040488,0,2,0,2,0.0,0.9702970297029703,1.0,3.0,No aggregate reversal under this configuration.,1604
gw 7647,0.011309411807700561,0,2,0,2,0.0,0.6732673267326733,0.9605623157735622,3.5,No aggregate reversal under this configuration.,1605
ncgc00182609-01,0.01132961765340335,1,2,1,2,0.5,0.7920792079207921,1.0,6.0,No aggregate reversal under this configuration.,1606
bms 299897,0.011345283063359381,0,1,0,1,0.0,0.9405940594059405,1.0,3.0,No aggregate reversal under this configuration.,1607
BRD-K86899078,0.011368954775992493,0,2,0,2,0.0,0.8712871287128713,1.0,4.0,No aggregate reversal under this configuration.,1608
BRD-A50774520,0.011374599476022807,0,1,0,1,0.0,0.8217821782178217,1.0,4.0,No aggregate reversal under this configuration.,1609
fluticasone propionate,0.01157624149362222,0,1,0,1,0.0,0.900990099009901,1.0,3.0,No aggregate reversal under this configuration.,1610
BRD-K28907958,0.011584081614857786,2,12,2,12,0.16666666666666666,0.9504950495049505,1.0,3.75,No aggregate reversal under this configuration.,1611
BRD-K28916077,0.011618440958427118,0,2,0,2,0.0,0.8811881188118812,1.0,3.5,No aggregate reversal under this configuration.,1612
l-cis-diltiazem,0.011632988479847561,0,1,0,1,0.0,0.7326732673267327,0.9887121564141974,8.0,No aggregate reversal under this configuration.,1613
cortisone,0.011655754852638743,0,1,0,1,0.0,0.9801980198019802,1.0,3.0,No aggregate reversal under this configuration.,1614
BRD-K77877933,0.011695481636395149,0,4,0,4,0.0,0.801980198019802,1.0,4.75,No aggregate reversal under this configuration.,1615
BRD-A06929388,0.011757505172511555,1,2,1,2,0.5,0.801980198019802,1.0,4.0,No aggregate reversal under this configuration.,1616
ossk 647368,0.011854402213811406,0,2,0,2,0.0,0.8910891089108911,1.0,3.5,No aggregate reversal under this configuration.,1617
BRD-K11671649,0.011865143098469106,0,1,0,1,0.0,0.7920792079207921,1.0,6.0,No aggregate reversal under this configuration.,1618
PF-477736,0.011887465539669954,10,29,10,29,0.3448275862068966,0.9900990099009901,1.0,4.448275862068965,No aggregate reversal under this configuration.,1619
BRD-A93393712,0.01189451334414219,0,2,0,2,0.0,0.9108910891089109,1.0,3.5,No aggregate reversal under this configuration.,1620
hy-10159,0.01193341220741426,2,6,2,6,0.3333333333333333,0.9306930693069307,1.0,4.333333333333333,No aggregate reversal under this configuration.,1621
mw-a1-12,0.0119646771676346,3,9,3,9,0.3333333333333333,0.9306930693069307,1.0,5.0,No aggregate reversal under this configuration.,1622
etodolac,0.012120930322554086,0,1,0,1,0.0,0.8514851485148515,1.0,3.0,No aggregate reversal under this configuration.,1623
BRD-K92301463,0.012135151705255252,1,2,1,2,0.5,0.9108910891089109,1.0,3.0,No aggregate reversal under this configuration.,1624
salubrinal,0.012172000477026245,0,1,0,1,0.0,0.8811881188118812,1.0,3.0,No aggregate reversal under this configuration.,1625
sb 205607,0.012304648407532391,0,1,0,1,0.0,0.8415841584158416,1.0,3.0,No aggregate reversal under this configuration.,1626
u0126,0.012353163219325829,1,3,1,3,0.3333333333333333,0.900990099009901,1.0,4.333333333333333,No aggregate reversal under this configuration.,1627
"camptothecine (s,+)",0.012422499906112935,1,2,1,2,0.5,0.8811881188118812,1.0,3.5,No aggregate reversal under this configuration.,1628
BRD-K75477256,0.012433081024218917,0,1,0,1,0.0,0.8514851485148515,1.0,6.0,No aggregate reversal under this configuration.,1629
BRD-K04695623,0.01250867296251996,0,1,0,1,0.0,0.8514851485148515,1.0,3.0,No aggregate reversal under this configuration.,1630
gr 159897,0.01250867296251996,0,1,0,1,0.0,0.7920792079207921,1.0,3.0,No aggregate reversal under this configuration.,1631
piperacillin,0.01250867296251996,0,1,0,1,0.0,0.900990099009901,1.0,3.0,No aggregate reversal under this configuration.,1632
BRD-K37798499,0.012509871311649106,0,1,0,1,0.0,0.7920792079207921,1.0,3.0,No aggregate reversal under this configuration.,1633
SB-203580,0.012515493998992117,1,4,1,4,0.25,0.9900990099009901,1.0,4.0,No aggregate reversal under this configuration.,1634
etoposide,0.012525306645250821,0,2,0,3,0.0,0.9603960396039604,1.0,3.0,No aggregate reversal under this configuration.,1635
x0379,0.012537989375183387,1,3,1,3,0.3333333333333333,0.9306930693069307,1.0,3.3333333333333335,No aggregate reversal under this configuration.,1636
sorafenib,0.012595486518540644,3,11,3,11,0.2727272727272727,0.9603960396039604,1.0,4.545454545454546,No aggregate reversal under this configuration.,1637
decitabine,0.012616660729388867,2,5,2,5,0.4,0.9801980198019802,1.0,3.6,No aggregate reversal under this configuration.,1638
periplocymarin,0.012643632703729004,2,7,2,7,0.2857142857142857,0.9306930693069307,1.0,5.142857142857143,No aggregate reversal under this configuration.,1639
dephostatin,0.012644236277596988,0,1,0,1,0.0,0.7821782178217822,1.0,3.0,No aggregate reversal under this configuration.,1640
triacsin-c,0.012657539851034384,0,1,0,1,0.0,0.900990099009901,1.0,3.0,No aggregate reversal under this configuration.,1641
BRD-K55827386,0.012688437363721699,0,2,0,2,0.0,0.9504950495049505,1.0,4.5,No aggregate reversal under this configuration.,1642
BRD-K83816656,0.012736539367199132,0,1,0,1,0.0,0.7425742574257426,0.9948898115618012,5.0,No aggregate reversal under this configuration.,1643
ncgc00184713-01,0.012775785086388929,0,1,0,1,0.0,0.9306930693069307,1.0,3.0,No aggregate reversal under this configuration.,1644
s1022,0.01279271078797918,0,1,0,1,0.0,0.9405940594059405,1.0,3.0,No aggregate reversal under this configuration.,1645
BRD-K06765193,0.012878262033933566,1,3,1,3,0.3333333333333333,0.9603960396039604,1.0,3.3333333333333335,No aggregate reversal under this configuration.,1646
ag-490,0.012974322882878857,0,1,0,1,0.0,0.8811881188118812,1.0,5.0,No aggregate reversal under this configuration.,1647
isoliquiritigenin,0.013014279025493023,1,3,1,3,0.3333333333333333,0.9108910891089109,1.0,3.3333333333333335,No aggregate reversal under this configuration.,1648
ncgc00165199-01,0.013022791920148056,1,7,1,7,0.14285714285714285,0.9702970297029703,1.0,4.0,No aggregate reversal under this configuration.,1649
BRD-K95760042,0.013022977800010157,0,1,0,1,0.0,0.8415841584158416,1.0,6.0,No aggregate reversal under this configuration.,1650
ly-294002,0.013049150345477486,0,2,0,2,0.0,0.9108910891089109,1.0,5.5,No aggregate reversal under this configuration.,1651
s6005,0.013061318647025037,1,2,1,2,0.5,0.8910891089108911,1.0,4.5,No aggregate reversal under this configuration.,1652
ncgc00185090-03,0.013064335520856238,1,5,1,5,0.2,0.9405940594059405,1.0,5.4,No aggregate reversal under this configuration.,1653
penfluridol,0.013090135586708771,2,8,2,8,0.25,0.9405940594059405,1.0,4.0,No aggregate reversal under this configuration.,1654
WZ-7043,0.013166503743274037,0,1,0,1,0.0,0.9504950495049505,1.0,3.0,No aggregate reversal under this configuration.,1655
ei-263,0.013225300549140711,1,2,1,2,0.5,0.8712871287128713,1.0,7.0,No aggregate reversal under this configuration.,1656
GSK-461364,0.013292701570598427,5,23,5,23,0.21739130434782608,0.9900990099009901,1.0,4.913043478260869,No aggregate reversal under this configuration.,1657
BRD-A18725729,0.013312350169136414,0,1,0,1,0.0,0.8316831683168316,1.0,3.0,No aggregate reversal under this configuration.,1658
cyclo [arg-gly-asp-d-phe-val],0.013344017779522781,0,1,0,1,0.0,0.8118811881188119,1.0,3.0,No aggregate reversal under this configuration.,1659
ncgc00011606-02,0.013355982246875975,0,1,0,1,0.0,0.900990099009901,1.0,4.0,No aggregate reversal under this configuration.,1660
diphenyleneiodonium chloride,0.013380272465041849,0,1,0,1,0.0,0.7227722772277227,0.9824446444644465,5.0,No aggregate reversal under this configuration.,1661
C646,0.013412560308935407,1,4,1,4,0.25,0.9603960396039604,1.0,5.5,No aggregate reversal under this configuration.,1662
lenalidomide,0.013425776941004965,0,1,0,1,0.0,0.9207920792079208,1.0,3.0,No aggregate reversal under this configuration.,1663
BRD-U33728988,0.013455751149909614,2,10,2,10,0.2,0.9900990099009901,1.0,4.5,No aggregate reversal under this configuration.,1664
BRD-U73238814,0.013464988897952898,0,1,0,1,0.0,0.8712871287128713,1.0,4.0,No aggregate reversal under this configuration.,1665
GSK-3-inhibitor-II,0.013476420723716166,0,1,0,1,0.0,0.9108910891089109,1.0,3.0,No aggregate reversal under this configuration.,1666
ncgc00182380-01,0.013487805289939654,1,3,1,3,0.3333333333333333,0.9603960396039604,1.0,3.3333333333333335,No aggregate reversal under this configuration.,1667
su11652,0.013497814291124649,4,12,4,12,0.3333333333333333,0.9801980198019802,1.0,4.083333333333333,No aggregate reversal under this configuration.,1668
XMD16-144,0.013516240161421486,8,27,8,27,0.2962962962962963,0.9900990099009901,1.0,4.518518518518518,No aggregate reversal under this configuration.,1669
s1483,0.013611200064753186,0,1,0,1,0.0,0.8712871287128713,1.0,3.0,No aggregate reversal under this configuration.,1670
PD-173074,0.013646048927800233,3,7,3,7,0.42857142857142855,0.9900990099009901,1.0,3.2857142857142856,No aggregate reversal under this configuration.,1671
mercaptopurine,0.013678937485837114,0,1,0,1,0.0,0.8613861386138614,1.0,3.0,No aggregate reversal under this configuration.,1672
progesterone,0.013732092188768256,0,1,0,1,0.0,0.9900990099009901,1.0,3.0,No aggregate reversal under this configuration.,1673
diflunisal,0.013914398985301484,0,1,0,1,0.0,0.9504950495049505,1.0,3.0,No aggregate reversal under this configuration.,1674
sibutramine hcl,0.013930803079532268,0,1,0,1,0.0,0.900990099009901,1.0,3.0,No aggregate reversal under this configuration.,1675
BRD-K18163752,0.013931652546220682,0,2,0,2,0.0,0.9207920792079208,1.0,3.5,No aggregate reversal under this configuration.,1676
rk-682,0.014055832828229375,0,1,0,1,0.0,0.8811881188118812,1.0,3.0,No aggregate reversal under this configuration.,1677
ipratropium bromide,0.014088230313661621,0,1,0,1,0.0,0.9603960396039604,1.0,3.0,No aggregate reversal under this configuration.,1678
"na-tosyl-lys chloromethyl ketone, hydrochloride",0.014088230313661621,0,1,0,1,0.0,0.9207920792079208,1.0,3.0,No aggregate reversal under this configuration.,1679
pifithrin- ?,0.01409937820488208,3,9,3,9,0.3333333333333333,0.9603960396039604,1.0,3.7777777777777777,No aggregate reversal under this configuration.,1680
KIN001-043,0.01410458878592821,11,33,11,33,0.3333333333333333,1.0,1.0,4.424242424242424,No aggregate reversal under this configuration.,1681
(-)-JQ1,0.014192752846346423,0,1,0,1,0.0,0.9603960396039604,1.0,3.0,No aggregate reversal under this configuration.,1682
KU-60019,0.01421545747708753,2,5,2,5,0.4,0.9801980198019802,1.0,4.6,No aggregate reversal under this configuration.,1683
BRD-K51443908,0.014217231989648344,1,2,1,2,0.5,0.900990099009901,1.0,3.5,No aggregate reversal under this configuration.,1684
daminozide,0.014250145636833932,0,1,0,1,0.0,0.9306930693069307,1.0,3.0,No aggregate reversal under this configuration.,1685
BRD-A98444709,0.014296020766597741,0,2,0,2,0.0,0.9504950495049505,1.0,4.0,No aggregate reversal under this configuration.,1686
sunitinib,0.014326419726936702,8,20,8,20,0.4,1.0,1.0,4.9,No aggregate reversal under this configuration.,1687
evodiamine,0.014345129853896393,1,3,1,3,0.3333333333333333,0.9801980198019802,1.0,5.0,No aggregate reversal under this configuration.,1688
stk249718,0.014402135947121279,0,1,0,1,0.0,0.9108910891089109,1.0,3.0,No aggregate reversal under this configuration.,1689
cefixime,0.014416375255878834,0,1,0,1,0.0,0.8811881188118812,1.0,6.0,No aggregate reversal under this configuration.,1690
A66,0.014439778002113813,1,5,1,5,0.2,0.9900990099009901,1.0,4.0,No aggregate reversal under this configuration.,1691
BRD-K51189903,0.014457012987365594,0,1,0,1,0.0,0.8811881188118812,1.0,3.0,No aggregate reversal under this configuration.,1692
SB-216763,0.014493676129124675,1,4,1,4,0.25,1.0,1.0,3.5,No aggregate reversal under this configuration.,1693
PF 573228,0.014542517754974149,1,4,1,4,0.25,0.9900990099009901,1.0,4.5,No aggregate reversal under this configuration.,1694
prednisolone,0.014752748430207928,0,1,0,1,0.0,0.8217821782178217,1.0,5.0,No aggregate reversal under this configuration.,1695
BRD-K33045404,0.014780301281698723,0,1,0,1,0.0,0.9207920792079208,1.0,3.0,No aggregate reversal under this configuration.,1696
src kinase inhibitor ii,0.014817818808738205,0,1,0,1,0.0,0.8910891089108911,1.0,3.0,No aggregate reversal under this configuration.,1697
BRD-K18724229,0.014978946748878133,0,3,0,3,0.0,0.9405940594059405,1.0,4.333333333333333,No aggregate reversal under this configuration.,1698
BRD-K94991378,0.015011908474760038,0,2,0,2,0.0,0.9405940594059405,1.0,3.5,No aggregate reversal under this configuration.,1699
VE821,0.01506325504035466,3,8,3,8,0.375,1.0,1.0,5.25,No aggregate reversal under this configuration.,1700
BRD-K22631935,0.015139020627985915,0,1,0,1,0.0,0.9405940594059405,1.0,5.0,No aggregate reversal under this configuration.,1701
CGK-733,0.01524219398345413,1,6,1,6,0.16666666666666666,0.9603960396039604,1.0,4.5,No aggregate reversal under this configuration.,1702
c1386,0.01555195421908055,0,1,0,1,0.0,0.9108910891089109,1.0,5.0,No aggregate reversal under this configuration.,1703
v-ama37,0.015601917108149094,0,1,0,1,0.0,0.9108910891089109,1.0,3.0,No aggregate reversal under this configuration.,1704
BRD-U86922168,0.01560532908231858,1,9,1,9,0.1111111111111111,0.9801980198019802,1.0,5.444444444444445,No aggregate reversal under this configuration.,1705
BRD-K53423944,0.015637163605220515,1,3,1,3,0.3333333333333333,0.9900990099009901,1.0,3.3333333333333335,No aggregate reversal under this configuration.,1706
nsc 95397,0.015661416524566384,2,5,2,5,0.4,0.9801980198019802,1.0,4.2,No aggregate reversal under this configuration.,1707
NU-7441,0.01567588275374979,2,10,2,10,0.2,0.9900990099009901,1.0,3.6,No aggregate reversal under this configuration.,1708
BRD-K05331696,0.015714384985661495,1,3,1,3,0.3333333333333333,0.9504950495049505,1.0,3.0,No aggregate reversal under this configuration.,1709
BRD-K91937579,0.01580580997457922,0,1,0,1,0.0,0.8910891089108911,1.0,3.0,No aggregate reversal under this configuration.,1710
tipifarnib-p2,0.01586006932147051,0,2,0,2,0.0,0.9900990099009901,1.0,3.0,No aggregate reversal under this configuration.,1711
BRD-K63239300,0.01586144374499071,0,1,0,1,0.0,0.9207920792079208,1.0,3.0,No aggregate reversal under this configuration.,1712
brl 54443,0.015931614230252644,0,1,0,1,0.0,0.7821782178217822,1.0,4.0,No aggregate reversal under this configuration.,1713
GSK-1070916,0.016111788894912934,4,16,4,16,0.25,1.0,1.0,4.9375,No aggregate reversal under this configuration.,1714
BRD-A40431293,0.01618752938270787,1,4,1,4,0.25,0.8415841584158416,1.0,3.0,No aggregate reversal under this configuration.,1715
nadolol,0.016197107926390345,0,1,0,1,0.0,0.8415841584158416,1.0,4.0,No aggregate reversal under this configuration.,1716
dequalinium dichloride,0.016265643656117913,0,1,0,1,0.0,0.900990099009901,1.0,3.0,No aggregate reversal under this configuration.,1717
GSK-J4,0.016273613546278282,1,2,1,2,0.5,0.9504950495049505,1.0,5.0,No aggregate reversal under this configuration.,1718
12k-613s,0.01649943923343588,0,1,0,1,0.0,0.9207920792079208,1.0,3.0,No aggregate reversal under this configuration.,1719
jas07 007,0.016595339516442768,0,1,0,1,0.0,0.9207920792079208,1.0,5.0,No aggregate reversal under this configuration.,1720
BRD-K52800308,0.01663686154356689,0,1,0,1,0.0,0.9702970297029703,1.0,5.0,No aggregate reversal under this configuration.,1721
BRD-K25731886,0.016657345179794284,0,1,0,1,0.0,0.8811881188118812,1.0,5.0,No aggregate reversal under this configuration.,1722
pz0004,0.016745659100414874,0,2,0,2,0.0,0.9207920792079208,1.0,3.0,No aggregate reversal under this configuration.,1723
rolipram,0.016877134577340035,0,1,0,1,0.0,0.9306930693069307,1.0,4.0,No aggregate reversal under this configuration.,1724
mrs 1220,0.017062168176070182,0,1,0,1,0.0,0.8217821782178217,1.0,4.0,No aggregate reversal under this configuration.,1725
KW-2449,0.017128583552351098,2,5,2,5,0.4,0.9801980198019802,1.0,5.0,No aggregate reversal under this configuration.,1726
y27632,0.01713088432746321,0,1,0,1,0.0,0.9702970297029703,1.0,3.0,No aggregate reversal under this configuration.,1727
BRD-A80383043,0.017203428885479977,0,1,0,1,0.0,0.900990099009901,1.0,4.0,No aggregate reversal under this configuration.,1728
UNC1215,0.01725320026450906,0,1,0,1,0.0,0.9504950495049505,1.0,4.0,No aggregate reversal under this configuration.,1729
olaparib,0.01726170247430918,0,6,0,7,0.0,1.0,1.0,4.285714285714286,No aggregate reversal under this configuration.,1730
BRD-K89558221,0.01760175762297,0,1,0,1,0.0,0.9108910891089109,1.0,3.0,No aggregate reversal under this configuration.,1731
BRD-K88198340,0.017665674114135953,0,4,0,4,0.0,0.9900990099009901,1.0,3.75,No aggregate reversal under this configuration.,1732
BRD-A68930007 (ouabain),0.017707853163167146,0,1,0,1,0.0,0.8910891089108911,1.0,3.0,No aggregate reversal under this configuration.,1733
BRD-K36055864 (cycloheximide),0.01770985842260408,3,9,3,9,0.3333333333333333,1.0,1.0,4.222222222222222,No aggregate reversal under this configuration.,1734
BRD-K08463963,0.017736917199619482,0,1,0,1,0.0,0.7920792079207921,1.0,3.0,No aggregate reversal under this configuration.,1735
BRD-K52914903,0.017909513132238684,0,1,0,1,0.0,0.9207920792079208,1.0,4.0,No aggregate reversal under this configuration.,1736
motesanib,0.018038014127340636,0,2,0,2,0.0,0.9900990099009901,1.0,4.5,No aggregate reversal under this configuration.,1737
BRD-K66254772,0.018069638699110404,0,2,0,2,0.0,0.9603960396039604,1.0,4.5,No aggregate reversal under this configuration.,1738
etomidate,0.01809974340526061,0,1,0,1,0.0,0.9207920792079208,1.0,5.0,No aggregate reversal under this configuration.,1739
NVP-TAE226,0.018172182729166344,4,15,4,15,0.26666666666666666,1.0,1.0,4.733333333333333,No aggregate reversal under this configuration.,1740
ALW-II-38-3,0.018179225665009013,1,6,1,6,0.16666666666666666,1.0,1.0,4.333333333333333,No aggregate reversal under this configuration.,1741
sdm25n hydrochloride,0.018189320376284887,0,1,0,1,0.0,0.9504950495049505,1.0,3.0,No aggregate reversal under this configuration.,1742
rhizocarpic acid,0.01831713910280834,0,1,0,1,0.0,0.8910891089108911,1.0,4.0,No aggregate reversal under this configuration.,1743
SYK-inhibitor,0.0183245417181088,2,7,2,7,0.2857142857142857,1.0,1.0,4.285714285714286,No aggregate reversal under this configuration.,1744
cgp 54626 hydrochloride,0.01845938996022104,0,1,0,1,0.0,0.9108910891089109,1.0,3.0,No aggregate reversal under this configuration.,1745
JWE-035,0.018635159687015998,2,11,2,11,0.18181818181818182,0.9801980198019802,1.0,5.7272727272727275,No aggregate reversal under this configuration.,1746
wr 216174,0.01869277194952265,0,1,0,1,0.0,0.8811881188118812,1.0,4.0,No aggregate reversal under this configuration.,1747
BRD-K15318909,0.018714432319536782,0,1,0,1,0.0,0.9801980198019802,1.0,5.0,No aggregate reversal under this configuration.,1748
BRD-K68437527,0.018782561404155157,0,1,0,1,0.0,0.9306930693069307,1.0,4.0,No aggregate reversal under this configuration.,1749
lfm-a12,0.01889739128947268,0,2,0,2,0.0,0.9801980198019802,1.0,3.5,No aggregate reversal under this configuration.,1750
BRD-K53932786,0.01897236196380876,0,3,0,3,0.0,0.9108910891089109,1.0,4.333333333333333,No aggregate reversal under this configuration.,1751
tubocurarine chloride,0.01905366941764977,0,1,0,1,0.0,0.9603960396039604,1.0,7.0,No aggregate reversal under this configuration.,1752
BIX-02189,0.019072668533971122,0,1,0,1,0.0,0.9405940594059405,1.0,6.0,No aggregate reversal under this configuration.,1753
BRD-K05549170,0.019093872386168848,0,1,0,1,0.0,0.9405940594059405,1.0,4.0,No aggregate reversal under this configuration.,1754
v4877,0.019186122326366187,1,11,1,11,0.09090909090909091,0.9900990099009901,1.0,5.909090909090909,No aggregate reversal under this configuration.,1755
tivozanib,0.019357912408712624,3,6,3,6,0.5,1.0,1.0,4.5,No aggregate reversal under this configuration.,1756
prostaglandin a1,0.019532646358448265,0,6,0,6,0.0,0.9801980198019802,1.0,4.333333333333333,No aggregate reversal under this configuration.,1757
fluprostenol,0.01974939100606003,0,1,0,1,0.0,0.9108910891089109,1.0,3.0,No aggregate reversal under this configuration.,1758
ala-ala-phe-cmk,0.01999769112391879,0,2,0,2,0.0,1.0,1.0,3.5,No aggregate reversal under this configuration.,1759
BRD-K99633092,0.019999548039820125,1,4,1,4,0.25,0.9504950495049505,1.0,4.0,No aggregate reversal under this configuration.,1760
UNC0638,0.020065056218207186,0,2,0,2,0.0,0.9801980198019802,1.0,6.5,No aggregate reversal under this configuration.,1761
gr 32191 hydrochloride,0.020087383232266054,0,1,0,1,0.0,0.8712871287128713,1.0,3.0,No aggregate reversal under this configuration.,1762
BRD-K39345836,0.020103710678565707,0,2,0,2,0.0,0.9504950495049505,1.0,5.0,No aggregate reversal under this configuration.,1763
memantine hydrochloride,0.020249642920948212,0,1,0,1,0.0,0.9306930693069307,1.0,3.0,No aggregate reversal under this configuration.,1764
gatifloxacin,0.020819402472473922,0,1,0,1,0.0,0.9801980198019802,1.0,4.0,No aggregate reversal under this configuration.,1765
SGI-1776,0.020896386221800414,1,3,1,3,0.3333333333333333,0.9405940594059405,1.0,4.666666666666667,No aggregate reversal under this configuration.,1766
bd 1063 dihydrochloride,0.02090212218265521,0,1,0,1,0.0,0.9801980198019802,1.0,4.0,No aggregate reversal under this configuration.,1767
ruxolitinib,0.0209969538193335,1,3,1,3,0.3333333333333333,0.9900990099009901,1.0,3.6666666666666665,No aggregate reversal under this configuration.,1768
prunetin,0.02104119031078075,0,1,0,1,0.0,0.9306930693069307,1.0,4.0,No aggregate reversal under this configuration.,1769
BRD-A86792397,0.02104720161245873,0,1,0,1,0.0,0.9801980198019802,1.0,3.0,No aggregate reversal under this configuration.,1770
"brl 37344, sodium salt",0.021257730043053914,0,1,0,1,0.0,0.9702970297029703,1.0,4.0,No aggregate reversal under this configuration.,1771
cladribine,0.02133567728969369,0,1,0,1,0.0,0.9108910891089109,1.0,4.0,No aggregate reversal under this configuration.,1772
LY2603618,0.02134543604272541,3,11,3,11,0.2727272727272727,0.9900990099009901,1.0,5.181818181818182,No aggregate reversal under this configuration.,1773
mdl 29951,0.021359861240070555,0,1,0,1,0.0,0.9801980198019802,1.0,3.0,No aggregate reversal under this configuration.,1774
ncgc00238551-02,0.021515831132051015,0,1,0,1,0.0,1.0,1.0,3.0,No aggregate reversal under this configuration.,1775
mls-0437446.0001,0.021571937189900595,0,1,0,1,0.0,0.8514851485148515,1.0,6.0,No aggregate reversal under this configuration.,1776
BRD-K60895275,0.021604984234859816,0,1,0,1,0.0,0.9108910891089109,1.0,3.0,No aggregate reversal under this configuration.,1777
bromhexine hydrochloride,0.021621787656562946,0,1,0,1,0.0,0.9801980198019802,1.0,3.0,No aggregate reversal under this configuration.,1778
anisomycin,0.021727601760082163,2,11,2,11,0.18181818181818182,0.9702970297029703,1.0,6.2727272727272725,No aggregate reversal under this configuration.,1779
chaetocin,0.021804699087510947,1,12,1,12,0.08333333333333333,0.9900990099009901,1.0,4.75,No aggregate reversal under this configuration.,1780
BRD-K80348542,0.02182033255029333,1,10,1,10,0.1,1.0,1.0,6.6,No aggregate reversal under this configuration.,1781
BRD-K54687541,0.021886149674949142,0,1,0,1,0.0,0.9801980198019802,1.0,3.0,No aggregate reversal under this configuration.,1782
jtc 801,0.02192862571408744,0,3,0,3,0.0,0.9504950495049505,1.0,4.333333333333333,No aggregate reversal under this configuration.,1783
glipizide,0.02230690841859022,0,1,0,1,0.0,0.8811881188118812,1.0,6.0,No aggregate reversal under this configuration.,1784
emetine,0.022369864594143335,2,13,2,16,0.15384615384615385,1.0,1.0,6.625,No aggregate reversal under this configuration.,1785
pivmecillinam hydrochloride,0.022397334404708723,0,1,0,1,0.0,0.9603960396039604,1.0,3.0,No aggregate reversal under this configuration.,1786
BRD-K67090983,0.022443848151665072,0,1,0,1,0.0,0.9207920792079208,1.0,4.0,No aggregate reversal under this configuration.,1787
cyproheptadine hydrochloride,0.02244493846097379,0,2,0,2,0.0,1.0,1.0,4.0,No aggregate reversal under this configuration.,1788
BRD-K86901264,0.022683994154093657,0,1,0,1,0.0,0.9801980198019802,1.0,3.0,No aggregate reversal under this configuration.,1789
XMD-1499,0.022937976874327005,1,5,1,5,0.2,1.0,1.0,3.4,No aggregate reversal under this configuration.,1790
Y-39983,0.022942933335412648,4,11,4,11,0.36363636363636365,1.0,1.0,4.636363636363637,No aggregate reversal under this configuration.,1791
tyrphostin-AG-1478,0.022994931366341897,0,2,0,2,0.0,1.0,1.0,4.0,No aggregate reversal under this configuration.,1792
CX-5461,0.023136536984723816,2,8,2,8,0.25,1.0,1.0,4.75,No aggregate reversal under this configuration.,1793
d-64131,0.023163961510724272,0,1,0,1,0.0,0.9702970297029703,1.0,3.0,No aggregate reversal under this configuration.,1794
bay 36-7620,0.023194823913293822,0,1,0,1,0.0,0.9504950495049505,1.0,4.0,No aggregate reversal under this configuration.,1795
meclofenamic acid sodium salt monohydrate,0.02333528710255688,0,1,0,1,0.0,0.9801980198019802,1.0,3.0,No aggregate reversal under this configuration.,1796
BRD-U86222656,0.023530793815480976,0,1,0,1,0.0,0.9504950495049505,1.0,4.0,No aggregate reversal under this configuration.,1797
tolbutamide,0.023560911559372462,0,1,0,1,0.0,0.9900990099009901,1.0,3.0,No aggregate reversal under this configuration.,1798
emetine hydrochloride,0.02360279235225675,1,10,1,10,0.1,0.9900990099009901,1.0,5.8,No aggregate reversal under this configuration.,1799
guggulsterone,0.02370171960046971,0,1,0,1,0.0,0.9702970297029703,1.0,3.0,No aggregate reversal under this configuration.,1800
narciclasine,0.023853378572329196,1,37,1,37,0.02702702702702703,0.9900990099009901,1.0,6.027027027027027,No aggregate reversal under this configuration.,1801
ncgc00012588-02,0.0238554319851164,0,1,0,1,0.0,0.9801980198019802,1.0,3.0,No aggregate reversal under this configuration.,1802
BRD-K04363266,0.024251706437295288,0,1,0,1,0.0,0.9207920792079208,1.0,3.0,No aggregate reversal under this configuration.,1803
BRD-K51998148,0.02430977119076211,0,1,0,1,0.0,0.9702970297029703,1.0,3.0,No aggregate reversal under this configuration.,1804
cycloheximide,0.024538836662710107,0,17,0,21,0.0,1.0,1.0,5.0,No aggregate reversal under this configuration.,1805
NU-7026,0.02458072535338626,0,1,0,1,0.0,1.0,1.0,3.0,No aggregate reversal under this configuration.,1806
MK-1775,0.02482519566398634,4,17,4,17,0.23529411764705882,1.0,1.0,4.9411764705882355,No aggregate reversal under this configuration.,1807
JW55,0.025041521285860263,0,1,0,1,0.0,0.9801980198019802,1.0,5.0,No aggregate reversal under this configuration.,1808
tubocurarine chloride pentahydrate (+),0.025051635348405606,0,1,0,1,0.0,0.9702970297029703,1.0,4.0,No aggregate reversal under this configuration.,1809
rs 100329 hydrochloride,0.025103325262361344,0,1,0,1,0.0,0.9801980198019802,1.0,3.0,No aggregate reversal under this configuration.,1810
sb 366791,0.02512408527028863,0,1,0,1,0.0,0.9603960396039604,1.0,3.0,No aggregate reversal under this configuration.,1811
BRD-K99475920,0.025180676781332557,0,1,0,1,0.0,0.9801980198019802,1.0,3.0,No aggregate reversal under this configuration.,1812
endecaphyllin x,0.02520546729094319,0,1,0,1,0.0,1.0,1.0,3.0,No aggregate reversal under this configuration.,1813
AZ20,0.025338844486674197,3,14,3,14,0.21428571428571427,1.0,1.0,5.571428571428571,No aggregate reversal under this configuration.,1814
BRD-K41931739,0.025352595706591735,0,1,0,1,0.0,0.9900990099009901,1.0,4.0,No aggregate reversal under this configuration.,1815
BRD-K09854848,0.025526983661523922,0,5,0,5,0.0,0.9900990099009901,1.0,5.0,No aggregate reversal under this configuration.,1816
rofecoxib,0.02559160222403953,0,1,0,1,0.0,0.9900990099009901,1.0,3.0,No aggregate reversal under this configuration.,1817
AST1306,0.025595509011424794,1,4,1,4,0.25,1.0,1.0,4.25,No aggregate reversal under this configuration.,1818
np-000732,0.02588409431767305,0,1,0,1,0.0,0.9900990099009901,1.0,5.0,No aggregate reversal under this configuration.,1819
h-9 dihydrochloride,0.0259450479972621,1,3,1,3,0.3333333333333333,0.9801980198019802,1.0,5.0,No aggregate reversal under this configuration.,1820
ncgc00188536-01,0.02597219188338194,0,5,0,5,0.0,0.9801980198019802,1.0,5.4,No aggregate reversal under this configuration.,1821
bml-257,0.026054274263443013,0,1,0,1,0.0,0.9306930693069307,1.0,3.0,No aggregate reversal under this configuration.,1822
kuc104495 kuc104495n,0.026312837990367863,0,2,0,2,0.0,0.9702970297029703,1.0,4.5,No aggregate reversal under this configuration.,1823
stock4s-72743,0.02672042475377933,0,2,0,2,0.0,1.0,1.0,4.0,No aggregate reversal under this configuration.,1824
arg-a1-2 brd-k39580048,0.026745437994747854,0,1,0,1,0.0,0.900990099009901,1.0,3.0,No aggregate reversal under this configuration.,1825
bosutinib,0.02720239639030935,1,5,1,5,0.2,1.0,1.0,4.4,No aggregate reversal under this configuration.,1826
BRD-K67941506,0.02744462455786423,0,1,0,1,0.0,1.0,1.0,4.0,No aggregate reversal under this configuration.,1827
hemado,0.027478376025567474,0,1,0,1,0.0,0.9801980198019802,1.0,3.0,No aggregate reversal under this configuration.,1828
BRD-A15914070,0.027770896183728175,0,1,0,1,0.0,1.0,1.0,3.0,No aggregate reversal under this configuration.,1829
BRD-K58547240,0.02792685974864627,0,1,0,1,0.0,0.9801980198019802,1.0,3.0,No aggregate reversal under this configuration.,1830
dihydrosamidin,0.02798088275893713,0,1,0,1,0.0,0.9504950495049505,1.0,3.0,No aggregate reversal under this configuration.,1831
AZD-1480,0.028029347363547265,0,1,0,1,0.0,0.9900990099009901,1.0,3.0,No aggregate reversal under this configuration.,1832
gr-109,0.028075595741236848,0,2,0,2,0.0,1.0,1.0,4.5,No aggregate reversal under this configuration.,1833
flavokawain b,0.028125182535287563,0,2,0,2,0.0,1.0,1.0,5.0,No aggregate reversal under this configuration.,1834
amuvatinib,0.028264691057982485,0,2,0,2,0.0,0.9900990099009901,1.0,6.0,No aggregate reversal under this configuration.,1835
ZM-447439,0.02837583444525109,1,10,1,10,0.1,1.0,1.0,4.8,No aggregate reversal under this configuration.,1836
KIN001-260;,0.02841284128088984,0,1,0,1,0.0,1.0,1.0,3.0,No aggregate reversal under this configuration.,1837
ncgc00182388-01,0.02847834334553065,0,1,0,1,0.0,0.9900990099009901,1.0,3.0,No aggregate reversal under this configuration.,1838
caffeic acid phenethyl ester,0.028621782432107064,0,1,0,1,0.0,0.9306930693069307,1.0,5.0,No aggregate reversal under this configuration.,1839
BRD-K60757524,0.028775741330148104,0,1,0,1,0.0,0.9405940594059405,1.0,5.0,No aggregate reversal under this configuration.,1840
cy 208-243,0.02882593187239344,0,1,0,1,0.0,0.9900990099009901,1.0,3.0,No aggregate reversal under this configuration.,1841
QL-XI-92,0.02930798810279847,1,5,1,5,0.2,1.0,1.0,4.2,No aggregate reversal under this configuration.,1842
ei-328,0.02989388422214238,0,1,0,1,0.0,1.0,1.0,4.0,No aggregate reversal under this configuration.,1843
serdemetan,0.0303163054646681,0,2,0,2,0.0,1.0,1.0,4.0,No aggregate reversal under this configuration.,1844
clofibric acid,0.03041765137616281,0,1,0,1,0.0,1.0,1.0,4.0,No aggregate reversal under this configuration.,1845
BMS-777607,0.03074026940451144,1,4,1,4,0.25,1.0,1.0,6.25,No aggregate reversal under this configuration.,1846
sb 206553 hydrochloride,0.031437012433285935,0,1,0,1,0.0,1.0,1.0,4.0,No aggregate reversal under this configuration.,1847
SB-239063,0.031478297566312784,0,2,0,2,0.0,1.0,1.0,3.0,No aggregate reversal under this configuration.,1848
BRD-K34968258,0.03159810786592369,0,1,0,1,0.0,0.9603960396039604,1.0,5.0,No aggregate reversal under this configuration.,1849
benzonatate,0.0319727814773697,0,1,0,1,0.0,0.9900990099009901,1.0,6.0,No aggregate reversal under this configuration.,1850
CH5424802,0.03216292371732406,0,1,0,1,0.0,0.9603960396039604,1.0,4.0,No aggregate reversal under this configuration.,1851
ncgc00188535-01,0.03227520916679009,0,2,0,2,0.0,0.9900990099009901,1.0,6.5,No aggregate reversal under this configuration.,1852
MLN-8054,0.03249811895184046,1,10,1,10,0.1,1.0,1.0,4.8,No aggregate reversal under this configuration.,1853
metaproterenol,0.03300060604273913,0,1,0,1,0.0,1.0,1.0,3.0,No aggregate reversal under this configuration.,1854
mls-0435534.0001,0.033202500235295515,0,1,0,1,0.0,0.9801980198019802,1.0,4.0,No aggregate reversal under this configuration.,1855
sulpiride,0.034691269358987066,0,1,0,1,0.0,0.9801980198019802,1.0,5.0,No aggregate reversal under this configuration.,1856
BRD-K34495954,0.03550374161802273,0,1,0,1,0.0,1.0,1.0,5.0,No aggregate reversal under this configuration.,1857
arctigenin,0.035572905224943094,0,1,0,1,0.0,0.9801980198019802,1.0,6.0,No aggregate reversal under this configuration.,1858
HY-11007,0.03573370779583973,0,1,0,1,0.0,1.0,1.0,3.0,No aggregate reversal under this configuration.,1859
bw-b 70c,0.03653627443189446,0,1,0,1,0.0,1.0,1.0,5.0,No aggregate reversal under this configuration.,1860
homoharringtonine,0.03848527545858679,0,11,0,16,0.0,1.0,1.0,6.6875,No aggregate reversal under this configuration.,1861
skf 96365 hydrochloride,0.03876988643633027,0,1,0,1,0.0,1.0,1.0,5.0,No aggregate reversal under this configuration.,1862
thiocolchicoside,0.03943105268737062,0,1,0,1,0.0,0.9900990099009901,1.0,6.0,No aggregate reversal under this configuration.,1863
thiophene-2-carboxylic acid benzothiazol-2-ylamide mls-0446110.0001,0.03954071064767062,0,1,0,1,0.0,0.9900990099009901,1.0,3.0,No aggregate reversal under this configuration.,1864
quizartinib,0.040646284106494124,0,3,0,3,0.0,1.0,1.0,4.0,No aggregate reversal under this configuration.,1865
GSK-J1,0.04101061253024535,0,1,0,1,0.0,1.0,1.0,5.0,No aggregate reversal under this configuration.,1866
brivanib,0.04122858937157061,0,2,0,2,0.0,1.0,1.0,6.5,No aggregate reversal under this configuration.,1867
sb 415286,0.041439827626871525,0,1,0,1,0.0,0.9900990099009901,1.0,6.0,No aggregate reversal under this configuration.,1868
ag 555,0.05434188135010056,0,1,0,1,0.0,1.0,1.0,6.0,No aggregate reversal under this configuration.,1869
