compound,configurations_present,top_k_frequency,evaluated_configurations,mean_rank,rank_sd,baseline,relaxed,stringent,multi-context
tas 301,2,2,4,5.5,3.5,2.0,9,,
selinidin,3,2,4,14.0,13.490737563232042,6.0,3,33.0,
mdl 72222,3,2,4,18.666666666666668,21.545816814923082,1.0,49,6.0,
gw 583340 dihydrochloride,3,2,4,29.333333333333332,20.336065390226192,58.0,13,,17.0
lfm-a13,4,2,4,49.75,35.51320177060919,59.0,104,18.0,18.0
perphenazine,4,2,4,123.5,181.21603129966178,31.0,437,20.0,6.0
cgp 71683 hydrochloride,4,2,4,145.75,212.952312736913,13.0,513,55.0,2.0
promazine hydrochloride,4,2,4,170.75,254.81794972097236,53.0,611,5.0,14.0
niguldipine,4,2,4,218.5,349.328999655053,9.0,823,41.0,1.0
BRD-K19181733,4,2,4,277.75,401.2744540834864,16.0,968,124.0,3.0
selamectin,4,2,4,497.0,827.4264317750551,17.0,1930,37.0,4.0
BRD-K90430314,1,1,4,1.0,0.0,,1,,
"stat3 inhibitor vi, s31-201",1,1,4,2.0,0.0,,2,,
ncgc00186101-01,1,1,4,5.0,0.0,,5,,
racepinephrine hcl,1,1,4,6.0,0.0,,6,,
BRD-K75128590,1,1,4,11.0,0.0,,11,,
BRD-K19593010,1,1,4,12.0,0.0,,12,,
icariin,1,1,4,19.0,0.0,,19,,
BRD-K20401833,2,1,4,20.0,16.0,36.0,4,,
BRD-K28180706,1,1,4,20.0,0.0,,20,,
aripiprazole,2,1,4,27.0,17.0,10.0,44,,
luteolin,2,1,4,27.5,23.5,4.0,51,,
BRD-A72837804,2,1,4,29.0,11.0,40.0,18,,
embelin,3,1,4,44.333333333333336,23.342855200015464,51.0,69,,13.0
ei-247,2,1,4,46.5,39.5,7.0,86,,
BRD-K11540476,2,1,4,62.0,48.0,110.0,14,,
bl-010,2,1,4,72.0,64.0,136.0,8,,
linifanib,4,1,4,83.5,74.47986305035744,204.0,15,29.0,86.0
cyclopamine,2,1,4,97.0,79.0,18.0,176,,
mifepristone,3,1,4,102.66666666666667,95.05904597786694,57.0,235,,16.0
a-1065,4,1,4,109.0,131.7896050529024,54.0,336,31.0,15.0
BRD-K81814927,4,1,4,115.75,123.46532914142334,30.0,109,319.0,5.0
lasalocid sodium,4,1,4,122.75,153.22104130960605,50.0,387,42.0,12.0
toremifene,4,1,4,132.25,183.32535967508696,46.0,449,24.0,10.0
cam-9-021 brd-k05563014,2,1,4,140.0,124.0,264.0,16,,
BRD-K52911425,3,1,4,146.33333333333334,173.438429677188,39.0,391,,9.0
nortriptyline hydrochloride,4,1,4,182.25,226.72491592235733,120.0,568,3.0,38.0
BRD-K58479490,4,1,4,221.0,326.7009335768724,33.0,786,58.0,7.0
bh3i-1,2,1,4,226.0,209.0,435.0,17,,
bithionate sodium,4,1,4,237.25,318.100907732122,123.0,783,2.0,41.0
BRD-K11758216,2,1,4,263.5,256.5,520.0,7,,
TGX-221,4,1,4,267.25,242.3740652380118,630.0,101,1.0,337.0
BRD-K10846167,4,1,4,305.25,234.53291346845117,375.0,646,14.0,186.0
ei-215,4,1,4,308.25,238.53655380255665,370.0,661,19.0,183.0
vu0418947-2,3,1,4,316.0,417.32800848573135,34.0,906,,8.0
inhibitor bec hydrochloride,4,1,4,324.5,441.894500984115,65.0,1087,127.0,19.0
BRD-A60245366,4,1,4,326.0,203.79892050744527,582.0,392,16.0,314.0
BRD-K82971429,3,1,4,326.0,436.30799518994223,23.0,943,12.0,
BRD-K99582188,2,1,4,326.5,311.5,15.0,638,,
e6 berbamine,4,1,4,356.25,567.5426746069409,48.0,1339,27.0,11.0
gbr 13069 dihydrochloride,2,1,4,372.5,367.5,5.0,740,,
BRD-U64289953,4,1,4,381.0,352.01349405953175,377.0,948,11.0,188.0
hy-10459,4,1,4,447.75,297.9407449477161,857.0,455,15.0,464.0
WH-4-025,4,1,4,519.5,334.4147873524734,807.0,830,9.0,432.0
BRD-K15716662,2,1,4,525.5,506.5,19.0,1032,,
BRD-K49865102,3,1,4,538.6666666666666,699.8387115773335,68.0,1528,,20.0
BRD-K98731749,3,1,4,541.0,684.1422853958574,11.0,1507,105.0,
s1014,4,1,4,546.0,741.812981822238,241.0,1823,10.0,110.0
unc0321,2,1,4,595.0,585.0,1180.0,10,,
BRD-K52321331,3,1,4,634.3333333333334,649.4722643979666,367.0,1529,7.0,
BRD-A58924247,4,1,4,674.5,677.161908261237,585.0,1792,4.0,317.0
hy-50878,4,1,4,688.0,438.0176937065442,1145.0,996,13.0,598.0
ponatinib,4,1,4,796.0,514.2693846613854,1395.0,1081,17.0,691.0
tetrindole mesylate,4,1,4,808.75,748.5443791118868,792.0,2013,8.0,422.0
ncgc00188740-01,2,1,4,845.5,837.5,8.0,1683,,
BRD-A24054354,2,1,4,882.0,870.0,12.0,1752,,
ncgc00182357-01,2,1,4,1008.0,994.0,14.0,2002,,
h 89 dihydrochloride,2,1,4,1020.0,1017.0,3.0,2037,,
MGCD-265,2,1,4,1193.5,1173.5,20.0,2367,,
pt-630,1,0,4,21.0,0.0,,21,,
BRD-K11611839,1,0,4,22.0,0.0,,22,,
BRD-K14711204,1,0,4,23.0,0.0,,23,,
arg-a1-22 brd-k91349888,1,0,4,28.0,0.0,,28,,
BRD-K37724988,2,0,4,28.5,1.5,27.0,30,,
sb 205384,1,0,4,29.0,0.0,,29,,
BRD-K21165668,2,0,4,29.5,8.5,21.0,38,,
sdz nkt 343,1,0,4,31.0,0.0,,31,,
daphnetin,1,0,4,32.0,0.0,,32,,
eugenol,2,0,4,32.5,5.5,38.0,27,,
torasemide,1,0,4,33.0,0.0,,33,,
mefloquine,1,0,4,34.0,0.0,,34,,
BRD-K34974324,1,0,4,37.0,0.0,,37,,
BRD-K66426634,1,0,4,40.0,0.0,,40,,
ly 288513,1,0,4,41.0,0.0,,41,,
sulfisoxazole,1,0,4,42.0,0.0,,42,,
bu 239 hydrochloride,1,0,4,43.0,0.0,,43,,
eicosatrienoic acid (20:3 n-3),2,0,4,46.0,14.0,32.0,60,,
tropisetron hcl,1,0,4,46.0,0.0,,46,,
BRD-K92107474,1,0,4,48.0,0.0,,48,,
km 01366,1,0,4,52.0,0.0,,52,,
sb 221284,1,0,4,53.0,0.0,,53,,
sertindole,2,0,4,54.0,7.0,47.0,61,,
ncgc00241435-01,1,0,4,56.0,0.0,,56,,
BRD-K63511615,1,0,4,57.0,0.0,,57,,
BRD-K23582869,1,0,4,58.0,0.0,,58,,
g-201,2,0,4,59.0,15.0,44.0,74,,
BRD-A50388635,1,0,4,62.0,0.0,,62,,
BRD-K98834634,2,0,4,63.0,16.0,79.0,47,,
rapamycin,2,0,4,64.5,35.5,29.0,100,,
f9428,3,0,4,65.0,38.60915262818736,115.0,59,21.0,
npc 15199,1,0,4,66.0,0.0,,66,,
cp 93129 dihydrochloride,4,0,4,66.75,29.71847068743612,83.0,55,104.0,25.0
"nf-kb activation inhibitor ii, jsh-23",1,0,4,67.0,0.0,,67,,
BRD-K58853583,2,0,4,68.0,42.0,26.0,110,,
BRD-K19410523,1,0,4,71.0,0.0,,71,,
prednisolone hemisuccinate,1,0,4,72.0,0.0,,72,,
BRD-K06592610,1,0,4,73.0,0.0,,73,,
pd 198306,4,0,4,73.5,35.195880440756135,85.0,123,59.0,27.0
amperozide,1,0,4,75.0,0.0,,75,,
cc-100,3,0,4,79.0,35.95367389665021,96.0,112,,29.0
trazodone hydrochloride,2,0,4,80.0,13.0,67.0,93,,
bl-052,2,0,4,80.5,24.5,56.0,105,,
ncgc00183260-01,1,0,4,83.0,0.0,,83,,
(s)-(-)-bay k 8644,1,0,4,84.0,0.0,,84,,
pronethalol hydrochloride,2,0,4,84.0,20.0,104.0,64,,
mt-21,1,0,4,85.0,0.0,,85,,
benzoxiquine,3,0,4,85.66666666666667,54.41405047309829,75.0,25,157.0,
halometasone,3,0,4,85.66666666666667,58.99340829467494,166.0,26,,65.0
fasudil hydrochloride,2,0,4,86.5,15.5,71.0,102,,
gr 79236,2,0,4,87.5,52.5,35.0,140,,
vu0415108-1,2,0,4,89.0,28.0,61.0,117,,
naloxone benzoylhydrazone,1,0,4,90.0,0.0,,90,,
cjd-pla-20-1,1,0,4,92.0,0.0,,92,,
p1075,2,0,4,94.5,13.5,108.0,81,,
pd 123319 ditrifluoroacetate,1,0,4,95.0,0.0,,95,,
fenretinide,2,0,4,97.0,45.0,52.0,142,,
bas 02859604,1,0,4,98.0,0.0,,98,,
primaquine diphosphate,2,0,4,98.0,1.0,99.0,97,,
BRD-A84327315,1,0,4,99.0,0.0,,99,,
BRD-K12105018,2,0,4,99.5,17.5,117.0,82,,
vu0415556-1,3,0,4,100.33333333333333,68.63105872869966,25.0,191,85.0,
t 98475,4,0,4,103.25,78.90619430691103,103.0,232,45.0,33.0
BRD-K87964538,4,0,4,105.25,89.22828867573332,102.0,252,35.0,32.0
BRD-K19220233,3,0,4,105.33333333333333,58.379981348251754,105.0,177,,34.0
beclomethasone dipropionate,3,0,4,106.0,68.61972505531239,95.0,195,,28.0
BRD-K85123403,1,0,4,107.0,0.0,,107,,
ncgc00241732-01,1,0,4,108.0,0.0,,108,,
ag 9,2,0,4,109.0,46.0,63.0,155,,
kynuramine,2,0,4,110.0,34.0,144.0,76,,
BRD-K27151060,2,0,4,111.0,51.0,60.0,162,,
gw 4064,1,0,4,111.0,0.0,,111,,
BRD-K30849099,1,0,4,114.0,0.0,,114,,
BRD-K72703948,3,0,4,114.66666666666667,44.31202495435698,146.0,146,,52.0
ikk inhibitor x,1,0,4,115.0,0.0,,115,,
BRD-K81209512 (ag 494),1,0,4,121.0,0.0,,121,,
hts 10859,3,0,4,123.0,43.688289811649376,177.0,122,,70.0
n-acetyl-dl-homocysteine thiolactone,2,0,4,124.0,30.0,154.0,94,,
tolazamide,1,0,4,125.0,0.0,,125,,
BRD-K58288048,4,0,4,125.25,109.34206647032056,98.0,63,310.0,30.0
BRD-K72505034,1,0,4,126.0,0.0,,126,,
dicyclomine hydrochloride,1,0,4,128.0,0.0,,128,,
dinaciclib,4,0,4,128.5,67.82882867925703,209.0,39,177.0,89.0
belinostat,4,0,4,129.0,46.54030511288038,147.0,179,137.0,53.0
sertraline,1,0,4,129.0,0.0,,129,,
BRD-K60093216,2,0,4,129.5,20.5,109.0,150,,
hy-10456,1,0,4,131.0,0.0,,131,,
hydrocortisone,2,0,4,131.0,81.0,212.0,50,,
st001903,3,0,4,131.0,75.81996219114507,64.0,237,92.0,
cilostamide,2,0,4,131.5,51.5,183.0,80,,
BRD-K54822214,1,0,4,135.0,0.0,,135,,
sulfinpyrazone,1,0,4,136.0,0.0,,136,,
BRD-K12168891,1,0,4,137.0,0.0,,137,,
riluzole hydrochloride,1,0,4,138.0,0.0,,138,,
ncgc00241071-01,1,0,4,139.0,0.0,,139,,
KIN001-266,4,0,4,139.5,98.90525769644402,299.0,68,47.0,144.0
s1266,3,0,4,142.33333333333334,101.49657903375638,112.0,279,,36.0
"tiratricol, 3,3',5-triiodothyroacetic acid",1,0,4,144.0,0.0,,144,,
clozapine,1,0,4,145.0,0.0,,145,,
BRD-K46499837,2,0,4,146.5,45.5,101.0,192,,
ethopropazine hydrochloride,2,0,4,148.0,57.0,91.0,205,,
triclosan,3,0,4,148.0,80.45288476286396,145.0,248,,51.0
terconazole,2,0,4,150.0,69.0,81.0,219,,
benperidol,1,0,4,151.0,0.0,,151,,
paroxetine hydrochloride,4,0,4,151.75,49.721097131901665,186.0,204,142.0,75.0
ntncb hydrochloride,4,0,4,152.5,91.43987095353974,206.0,273,44.0,87.0
BRD-K86492010,1,0,4,153.0,0.0,,153,,
"l-168,049",2,0,4,155.0,30.0,125.0,185,,
"betamethasone 17,21-dipropionate",2,0,4,155.5,37.5,193.0,118,,
y 134,3,0,4,156.66666666666666,125.25795605691303,106.0,329,,35.0
BRD-K15885023,1,0,4,158.0,0.0,,158,,
trametinib,4,0,4,159.75,107.2016207899862,328.0,35,114.0,162.0
cfm 1571 hydrochloride,1,0,4,160.0,0.0,,160,,
hy-11009,2,0,4,160.5,47.5,113.0,208,,
diltiazem hydrochloride,1,0,4,161.0,0.0,,161,,
mls-0390979,2,0,4,161.0,33.0,128.0,194,,
pd 102807,2,0,4,161.0,69.0,92.0,230,,
mls-0454415.0001,1,0,4,165.0,0.0,,165,,
dl-pdmp,4,0,4,165.5,99.48492348089735,142.0,324,147.0,49.0
BRD-A43087975,1,0,4,166.0,0.0,,166,,
vidarabine,1,0,4,168.0,0.0,,168,,
PD-184352,4,0,4,168.75,59.31431108931469,216.0,127,237.0,95.0
metaxalone,2,0,4,169.0,62.0,107.0,231,,
bis-tyrphostin,2,0,4,170.0,32.0,138.0,202,,
BRD-K74623475,3,0,4,170.33333333333334,132.06395756938713,121.0,351,,39.0
BRD-K14749055,2,0,4,171.5,0.5,172.0,171,,
BRD-K37340241,1,0,4,172.0,0.0,,172,,
diperodon hydrochloride,1,0,4,173.0,0.0,,173,,
BRD-K78385490,3,0,4,174.0,180.761352801606,72.0,428,,22.0
BRD-K95976153,1,0,4,175.0,0.0,,175,,
sulfaguanidine,2,0,4,176.0,110.0,66.0,286,,
BRD-K96405393,2,0,4,181.0,78.0,259.0,103,,
benzethonium chloride,3,0,4,181.0,78.61721609588237,70.0,242,231.0,
g5797,1,0,4,183.0,0.0,,183,,
ei-286,1,0,4,184.0,0.0,,184,,
ozagrel hydrochloride,2,0,4,184.5,29.5,155.0,214,,
BRD-K07005393,4,0,4,185.0,86.15973537563819,298.0,70,229.0,143.0
ncgc00185684-02,4,0,4,185.75,152.22906259975457,197.0,429,36.0,81.0
BRD-K24102129,1,0,4,187.0,0.0,,187,,
hy-11066,4,0,4,187.0,96.89685237405806,184.0,340,150.0,74.0
prothionamide,2,0,4,187.0,68.0,255.0,119,,
s1173,3,0,4,187.66666666666666,53.85371131335539,238.0,113,212.0,
triptolide,4,0,4,187.75,104.05857725339128,263.0,312,54.0,122.0
BRD-K12401458,2,0,4,188.0,99.0,287.0,89,,
sb 334867,1,0,4,189.0,0.0,,189,,
ay 9944,1,0,4,193.0,0.0,,193,,
ei-156,4,0,4,195.75,250.83199058333847,69.0,629,64.0,21.0
pracinostat,4,0,4,196.25,77.02394108327618,187.0,281,241.0,76.0
s1011,3,0,4,196.33333333333334,201.27316981875376,84.0,479,,26.0
tropicamide,1,0,4,197.0,0.0,,197,,
BRD-K20718732,1,0,4,198.0,0.0,,198,,
ncgc00242337-01,1,0,4,200.0,0.0,,200,,
vu0418939-2,4,0,4,205.0,107.6522178127325,236.0,368,110.0,106.0
gr 127935 hydrochloride,4,0,4,205.5,177.7772482631003,161.0,507,93.0,61.0
bl-079,1,0,4,206.0,0.0,,206,,
kuc104218 kuc104218n,1,0,4,207.0,0.0,,207,,
clomid,3,0,4,208.0,62.65780079128216,288.0,201,,135.0
ebt or (erichrome black t),1,0,4,209.0,0.0,,209,,
nemonapride,3,0,4,209.66666666666666,83.81461023526201,223.0,305,,101.0
BRD-K00824317 (flurandrenolide),1,0,4,210.0,0.0,,210,,
triamcinolone diacetate,2,0,4,211.0,41.0,252.0,170,,
BRD-K39687892,3,0,4,211.33333333333334,40.66393433443886,205.0,264,165.0,
erlotinib,4,0,4,211.75,117.61669736903855,274.0,371,73.0,129.0
BRD-K78294846,2,0,4,212.0,37.0,175.0,249,,
BRD-A80574334,2,0,4,212.5,184.5,28.0,397,,
triprolidine hydrochloride,1,0,4,213.0,0.0,,213,,
nonoxynol-9,3,0,4,214.0,61.746794788609606,281.0,229,,132.0
skf 89976a hydrochloride,1,0,4,216.0,0.0,,216,,
hy-50940,3,0,4,217.33333333333334,104.14839839809774,213.0,347,,92.0
CP-724714,4,0,4,219.5,144.02169975389126,210.0,457,121.0,90.0
danthron,1,0,4,220.0,0.0,,220,,
iniparib,2,0,4,222.0,44.0,266.0,178,,
BRD-K02216544,2,0,4,223.0,161.0,62.0,384,,
BRD-K53308430,4,0,4,224.5,79.52829685086938,244.0,334,208.0,112.0
clobetasol propionate,3,0,4,224.66666666666666,193.03597822398004,134.0,493,,47.0
CG-930,1,0,4,225.0,0.0,,225,,
BRD-K56477805,1,0,4,227.0,0.0,,227,,
loxapine succinate,1,0,4,228.0,0.0,,228,,
kb-r7943 mesylate,4,0,4,229.0,219.59280498231266,162.0,604,88.0,62.0
metoclopramide monohydrochloride,3,0,4,229.66666666666666,192.52763149451792,22.0,486,181.0,
pf 750,4,0,4,229.75,281.75288374744275,74.0,715,107.0,23.0
d 4476,3,0,4,230.33333333333334,126.50516019339115,149.0,409,133.0,
chloroguanide hydrochloride,2,0,4,230.5,36.5,194.0,267,,
BRD-K81609421,2,0,4,232.0,40.0,192.0,272,,
idarubicin hcl,3,0,4,232.66666666666666,64.51011979182456,306.0,243,,149.0
AS-605240,4,0,4,233.0,148.19075544716006,443.0,24,238.0,227.0
ciglitazone,2,0,4,233.5,98.5,135.0,332,,
BRD-K74711637,1,0,4,234.0,0.0,,234,,
lapatinib,4,0,4,234.25,119.84860241154254,413.0,77,240.0,207.0
VX-745,1,0,4,238.0,0.0,,238,,
BRD-K04733502,3,0,4,239.0,188.92855792600545,158.0,500,,59.0
BRD-K30704475,2,0,4,243.0,40.0,203.0,283,,
BRD-K18761689,1,0,4,245.0,0.0,,245,,
at-mlpcn csc-006,4,0,4,245.25,156.16717804967854,199.0,503,197.0,82.0
hy-10344,2,0,4,245.5,82.5,163.0,328,,
hy-11006,4,0,4,245.5,93.41439931830638,307.0,366,159.0,150.0
ambroxol hydrochloride,1,0,4,246.0,0.0,,246,,
sdz 21009,3,0,4,246.0,109.73908449894535,234.0,386,118.0,
imodium,4,0,4,246.25,120.93050690375857,220.0,435,232.0,98.0
ag 82,1,0,4,250.0,0.0,,250,,
BRD-K88708949,1,0,4,251.0,0.0,,251,,
BRD-K96704648,1,0,4,255.0,0.0,,255,,
BRD-K58972465,1,0,4,256.0,0.0,,256,,
fk506,3,0,4,257.3333333333333,73.41359244414862,355.0,239,,178.0
BRD-K50234570,3,0,4,258.6666666666667,69.67224858020748,334.0,276,,166.0
BRD-K55844427,3,0,4,258.6666666666667,141.00197004139892,227.0,445,,104.0
rimexolone,2,0,4,259.5,171.5,431.0,88,,
BRD-K16618170,3,0,4,260.0,166.03814822704652,311.0,36,433.0,
hydrocortisone valerate,1,0,4,260.0,0.0,,260,,
s1480,1,0,4,262.0,0.0,,262,,
BRD-K31754360,2,0,4,262.5,189.5,73.0,452,,
BRD-U25771771,4,0,4,262.75,217.2433830983121,156.0,627,210.0,58.0
hy-11067,1,0,4,265.0,0.0,,265,,
s1170,4,0,4,265.25,217.93161197953822,171.0,634,189.0,67.0
BRD-A84102390,1,0,4,268.0,0.0,,268,,
rosuvastatin calcium,2,0,4,269.0,109.0,160.0,378,,
ei-148,2,0,4,269.5,6.5,276.0,263,,
BRD-A11702965,4,0,4,271.0,82.72544953035916,282.0,326,343.0,133.0
vx-680,4,0,4,271.0,95.97395480024775,260.0,372,332.0,120.0
n-benzylnaltrindole hydrochloride,3,0,4,271.3333333333333,131.4390437511709,257.0,439,,118.0
BRD-A76019558,1,0,4,274.0,0.0,,274,,
BRD-K85818861,4,0,4,275.0,127.0255879734473,376.0,421,116.0,187.0
s-8599,4,0,4,275.0,307.0724670171522,167.0,802,65.0,66.0
alclometazone dipropionate,2,0,4,275.5,118.5,157.0,394,,
BRD-K47635719 (dexamethasone acetate),2,0,4,276.5,183.5,93.0,460,,
norethindrone,4,0,4,277.0,172.8742317408815,314.0,543,98.0,153.0
betamethasone,4,0,4,277.25,115.48890639364458,391.0,132,390.0,196.0
chloroxine,3,0,4,278.3333333333333,217.90262861093612,182.0,580,,73.0
BRD-K75081836,4,0,4,278.5,132.02745926510894,463.0,314,97.0,240.0
daunorubicin hydrochloride,4,0,4,279.5,100.27088311169898,446.0,181,261.0,230.0
SB590885,4,0,4,280.25,117.103319765069,384.0,407,138.0,192.0
skf 86002 dihydrochloride,3,0,4,282.3333333333333,89.81586100956162,322.0,367,,158.0
ncgc00184891-01,2,0,4,283.0,14.0,297.0,269,,
BRD-K32501161,3,0,4,283.3333333333333,206.19138897851406,200.0,567,,83.0
l-6307,3,0,4,283.6666666666667,166.8618856686238,498.0,91,,262.0
dmbi,1,0,4,284.0,0.0,,284,,
BRD-K85660637,1,0,4,285.0,0.0,,285,,
BRD-K61776140,3,0,4,287.0,78.39642849007855,354.0,330,,177.0
chlorprothixene hydrochloride,4,0,4,287.25,325.82923057945555,159.0,848,82.0,60.0
mls-0435526.0001,1,0,4,288.0,0.0,,288,,
dm-55-3 brd-k81592585,2,0,4,288.5,198.5,90.0,487,,
s1169,3,0,4,290.0,86.57944328765345,360.0,342,168.0,
tpl2,3,0,4,290.0,95.13148795220224,325.0,385,,160.0
BMS-345541,4,0,4,290.25,207.55526372511008,612.0,154,69.0,326.0
BRD-K97534490,2,0,4,290.5,120.5,170.0,411,,
er 27319 maleate,4,0,4,290.5,146.33266894306274,289.0,211,526.0,136.0
oxibendazole,3,0,4,291.0,107.71567512050726,309.0,413,,151.0
cyt997,3,0,4,291.3333333333333,266.4136299482859,153.0,664,,57.0
BRD-K64642496,4,0,4,291.5,229.8069842280691,291.0,665,72.0,138.0
ag 592,4,0,4,292.5,94.52645132448377,409.0,362,195.0,204.0
dicloxacillin sodium salt hydrate,1,0,4,293.0,0.0,,293,,
eriodyctol,2,0,4,294.0,98.0,392.0,196,,
epirubicin hydrochloride,4,0,4,295.0,121.63264364470584,270.0,315,468.0,127.0
thioridazine hydrochloride,4,0,4,295.25,193.93603971412844,226.0,619,233.0,103.0
BRD-K97764662,4,0,4,295.5,101.44086947576899,455.0,188,307.0,232.0
qx 222,1,0,4,296.0,0.0,,296,,
BRD-K14975149,1,0,4,297.0,0.0,,297,,
BRD-A96272097,1,0,4,298.0,0.0,,298,,
triflupromazine hydrochloride,4,0,4,298.5,260.11680068769107,211.0,743,149.0,91.0
clonidine hydrochloride,2,0,4,299.5,49.5,250.0,349,,
BRD-K29622226,1,0,4,300.0,0.0,,300,,
BRD-K60219430,4,0,4,300.25,241.00038900383544,248.0,708,131.0,114.0
naproxen,1,0,4,302.0,0.0,,302,,
ku-0063794,4,0,4,302.25,125.99280733438715,418.0,434,146.0,211.0
d163-0113,1,0,4,303.0,0.0,,303,,
malonoben,4,0,4,304.0,265.1433574502669,219.0,757,143.0,97.0
NVP-AEW541,4,0,4,305.5,300.6946125224062,242.0,813,56.0,111.0
palbociclib,4,0,4,306.25,146.89856193986378,277.0,538,280.0,130.0
hexylcaine hydrochloride,2,0,4,306.5,116.5,423.0,190,,
lasalocid sodium salt,4,0,4,306.5,264.4101926930957,130.0,730,322.0,44.0
BRD-K02174945,2,0,4,307.0,51.0,256.0,358,,
BRD-K73567619,1,0,4,307.0,0.0,,307,,
kf 38789,4,0,4,307.25,443.67182409975055,78.0,1075,52.0,24.0
zardaverine,2,0,4,307.5,3.5,304.0,311,,
BRD-K03736784,4,0,4,307.75,98.47429867737064,473.0,290,222.0,246.0
BRD-A32214171,1,0,4,309.0,0.0,,309,,
t7765,3,0,4,309.0,101.45278047775066,344.0,412,,171.0
AZD-8330,4,0,4,309.25,259.46423163896793,706.0,79,76.0,376.0
ncgc00229595-01,2,0,4,310.5,64.5,246.0,375,,
bibx 1382 dihydrochloride,4,0,4,311.5,232.5602072582496,195.0,275,696.0,80.0
bulleyaconitine a,3,0,4,311.6666666666667,146.4270770345734,497.0,299,139.0,
fk 888,3,0,4,314.3333333333333,183.0015179050588,262.0,560,,121.0
fluocinolone acetonide,4,0,4,315.75,299.60672138655366,143.0,820,250.0,50.0
bumetanide,1,0,4,316.0,0.0,,316,,
bjm-csc-19 brd-k92817986,3,0,4,317.3333333333333,116.20766851728084,335.0,450,,167.0
BRD-U68942961,4,0,4,320.75,242.68433715425476,372.0,688,39.0,184.0
PF-431396,4,0,4,324.0,112.10932164632877,509.0,212,308.0,267.0
PLX-4720,4,0,4,324.5,200.860025888677,645.0,147,161.0,345.0
methiothepin maleate,2,0,4,325.0,126.0,451.0,199,,
tl hras27 brd-k15166186,2,0,4,325.0,31.0,356.0,294,,
BRD-K95138506,4,0,4,327.0,184.01766219577945,599.0,306,80.0,323.0
kn-93,3,0,4,327.3333333333333,227.68740754717982,647.0,134,201.0,
BRD-K46692335,2,0,4,328.5,53.5,275.0,382,,
hy-50767,3,0,4,329.3333333333333,87.59883307188261,415.0,364,,209.0
BRD-K38634661,2,0,4,329.5,101.5,228.0,431,,
BRD-K73155123,2,0,4,331.0,54.0,385.0,277,,
sb 216641 hydrochloride,1,0,4,331.0,0.0,,331,,
4-aminosalicylic acid,2,0,4,332.0,212.0,544.0,120,,
neratinib,4,0,4,332.0,82.02743443507178,429.0,292,388.0,219.0
ncgc00180994-01,3,0,4,334.3333333333333,206.7548199088852,265.0,615,,123.0
BRD-K45399554,4,0,4,335.0,117.71363557379408,324.0,370,487.0,159.0
BRD-K08448573,4,0,4,336.75,145.78301512864934,273.0,484,462.0,128.0
cucurbitacin i,4,0,4,337.5,245.7941211664754,395.0,707,51.0,197.0
afatinib,4,0,4,338.25,158.3846188870624,569.0,124,353.0,307.0
ncgc00012508-02,1,0,4,339.0,0.0,,339,,
tpca-1,4,0,4,339.25,108.29906509291759,444.0,451,234.0,228.0
BRD-K76236182,3,0,4,340.0,340.1685856552111,148.0,818,,54.0
mls-0226420,2,0,4,341.0,159.0,500.0,182,,
pf3845,1,0,4,341.0,0.0,,341,,
halcinonide,4,0,4,343.75,196.07826881120712,553.0,45,480.0,297.0
kuc104233 kuc104233n,2,0,4,344.5,21.5,366.0,323,,
BRD-K90417362,1,0,4,345.0,0.0,,345,,
rs 102895 hydrochloride,2,0,4,345.0,8.0,337.0,353,,
s1017,4,0,4,345.0,281.4844578302681,258.0,825,178.0,119.0
vu0410183-2,4,0,4,345.0,265.5098868215645,302.0,791,141.0,146.0
s1205,4,0,4,345.25,287.22932910829286,240.0,836,196.0,109.0
BRD-K56343971,3,0,4,346.3333333333333,115.7650878095618,510.0,261,,268.0
s1064,2,0,4,347.5,195.5,543.0,152,,
BRD-U32049204,2,0,4,348.0,181.0,529.0,167,,
urapidil hydrochloride,1,0,4,348.0,0.0,,348,,
gw 5074,4,0,4,348.5,257.1871886389367,740.0,215,46.0,393.0
ly 320135,2,0,4,348.5,76.5,272.0,425,,
levocetirizine,1,0,4,350.0,0.0,,350,,
AKT-inhibitor-1-2,4,0,4,351.5,256.4980506748541,386.0,752,75.0,193.0
gw 9508,3,0,4,351.6666666666667,132.79139865049828,382.0,497,176.0,
BRD-K14788918,3,0,4,352.6666666666667,98.40844588866457,487.0,254,317.0,
s1216,4,0,4,352.75,101.09247004599304,396.0,475,342.0,198.0
BRD-K74980345,3,0,4,354.6666666666667,147.04496666741852,478.0,438,148.0,
a2478,3,0,4,354.6666666666667,378.7543912470044,131.0,888,,45.0
BRD-K48204702,1,0,4,355.0,0.0,,355,,
BRD-K90999434,4,0,4,355.0,173.60443542720907,414.0,613,185.0,208.0
jak3 inhibitor ii,3,0,4,358.0,151.92761434314698,352.0,547,,175.0
methyl benzethonium chloride,3,0,4,358.3333333333333,233.0340938336897,173.0,687,215.0,
cis-(z)-flupenthixol,3,0,4,358.6666666666667,180.1376017258905,333.0,591,152.0,
linezolid,1,0,4,359.0,0.0,,359,,
maprotiline hydrochloride,4,0,4,359.25,362.1273084151484,237.0,980,113.0,107.0
hy-11004,3,0,4,360.0,100.81997156648411,499.0,318,,263.0
selumetinib,4,0,4,360.0,322.92491387317887,846.0,65,70.0,459.0
BRD-K92980438,1,0,4,361.0,0.0,,361,,
fluvastatin sodium salt,2,0,4,361.0,232.0,129.0,593,,
BRD-K14939371,4,0,4,361.25,227.16665138175543,440.0,690,90.0,225.0
BRD-A83255679,2,0,4,362.0,52.0,310.0,414,,
antimycin a,2,0,4,362.0,25.0,387.0,337,,
s1095,4,0,4,363.0,122.3315167894194,346.0,494,440.0,172.0
vincristine,2,0,4,363.0,286.0,77.0,649,,
BRD-K07023879,4,0,4,363.25,464.602181979379,127.0,1166,117.0,43.0
"ici-199,441 hydrochloride",3,0,4,364.3333333333333,227.41494136392086,249.0,682,162.0,
BRD-K53780220,4,0,4,365.0,109.48515881159419,434.0,502,302.0,222.0
jte 013,1,0,4,365.0,0.0,,365,,
arg-csc-91,2,0,4,367.5,330.5,37.0,698,,
hinokitiol,4,0,4,367.5,300.3618650894284,221.0,876,274.0,99.0
cay10594,4,0,4,368.0,94.95788540189804,425.0,465,367.0,215.0
PD-0325901,4,0,4,369.0,264.7158854319098,772.0,54,239.0,411.0
BRD-K63068307,4,0,4,369.25,238.89995290916238,456.0,711,77.0,233.0
ncgc00181061-03,2,0,4,369.5,143.5,513.0,226,,
acitretin,3,0,4,369.6666666666667,232.1039039357637,118.0,678,313.0,
chlorpromazine,4,0,4,370.0,461.94534308725315,122.0,1167,151.0,40.0
BRD-U51951544,4,0,4,370.75,131.08465775978516,593.0,253,316.0,321.0
nnc 05-2090 hydrochloride,4,0,4,372.25,470.00073138240964,188.0,1181,43.0,77.0
s1176,3,0,4,372.6666666666667,402.0301260132407,133.0,939,,46.0
dibenzyline,1,0,4,373.0,0.0,,373,,
BRD-A75301702,3,0,4,374.0,323.34501697103667,208.0,826,,88.0
verapamil hydrochloride,1,0,4,374.0,0.0,,374,,
chelerythrine chloride,3,0,4,374.6666666666667,212.07126684730824,312.0,660,,152.0
BRD-K55127335,1,0,4,376.0,0.0,,376,,
withaferin-a,4,0,4,376.75,181.3068876242709,555.0,116,537.0,299.0
terfenadine,4,0,4,377.5,401.62824850849324,215.0,1069,132.0,94.0
pi 828,4,0,4,378.0,255.71272944458593,293.0,809,271.0,139.0
s-250,2,0,4,378.5,291.5,87.0,670,,
fludrocortisone acetate,1,0,4,379.0,0.0,,379,,
BRD-K96621343,1,0,4,380.0,0.0,,380,,
BRD-K41220170,2,0,4,380.5,194.5,575.0,186,,
BRD-K49371609,4,0,4,381.75,195.61872993146642,591.0,526,91.0,319.0
cgp 57380,3,0,4,382.3333333333333,119.29049510427151,551.0,301,,295.0
thm-i-94,4,0,4,383.25,422.78385435113296,217.0,1111,109.0,96.0
BRD-A81530502,3,0,4,384.3333333333333,344.9602231497938,152.0,872,129.0,
rimcazole dihydrochloride,2,0,4,387.0,13.0,374.0,400,,
HG-5-113-01,4,0,4,387.25,172.6026868272913,326.0,424,638.0,161.0
"clomiphene citrate (z,e)",2,0,4,388.0,58.0,330.0,446,,
nnc 26-9100,1,0,4,388.0,0.0,,388,,
gelsemine,1,0,4,389.0,0.0,,389,,
pdgf receptor tyrosine kinase inhibitor i,4,0,4,390.0,298.20043594870884,411.0,864,79.0,206.0
BRD-A17718497,3,0,4,390.6666666666667,133.30999795797598,422.0,536,,214.0
BRD-A35020550,2,0,4,391.0,188.0,579.0,203,,
amlodipine besylate,4,0,4,391.25,361.8123650457513,164.0,993,345.0,63.0
BRD-K02123250,2,0,4,391.5,235.5,627.0,156,,
rs 17053 hydrochloride,4,0,4,393.75,545.8591278892385,114.0,1338,86.0,37.0
akti-1/2,4,0,4,394.25,154.7843257568414,632.0,402,204.0,339.0
BRD-A83124583,3,0,4,394.6666666666667,99.11048828902463,493.0,432,,259.0
BRD-K40175214,3,0,4,397.3333333333333,313.437216821629,245.0,834,,113.0
BRD-K81514393,2,0,4,397.5,238.5,636.0,159,,
oxprenolol hydrochloride,1,0,4,399.0,0.0,,399,,
u 18666a,3,0,4,399.0,269.67016891009655,290.0,770,,137.0
BRD-K45031696,1,0,4,401.0,0.0,,401,,
fluvastatin,4,0,4,401.0,474.86998220565596,254.0,1211,22.0,117.0
p0030,4,0,4,401.0,189.97236641153893,496.0,663,184.0,261.0
BRD-K18595892,2,0,4,401.5,216.5,185.0,618,,
bms 191011,2,0,4,401.5,42.5,359.0,444,,
BRD-K87343924 (wortmannin),4,0,4,401.75,118.4533135880968,430.0,551,406.0,220.0
aminogenistein,2,0,4,402.0,155.0,247.0,557,,
WZ-3105,4,0,4,403.0,162.88799833014096,680.0,282,289.0,361.0
BRD-K74761218,4,0,4,404.5,363.6663993277355,285.0,1027,172.0,134.0
BRD-K45842176,2,0,4,405.5,55.5,350.0,461,,
carbidopa,2,0,4,406.0,13.0,419.0,393,,
prednisolone acetate,1,0,4,406.0,0.0,,406,,
iopanoic acid,3,0,4,407.0,182.90070165711958,654.0,217,,350.0
hy-70044,3,0,4,407.3333333333333,389.90112706799005,189.0,955,,78.0
norethynodrel,3,0,4,408.0,254.33966789839658,97.0,720,407.0,
rg-13022,2,0,4,408.0,107.0,301.0,515,,
BRD-K14681867,1,0,4,410.0,0.0,,410,,
BRD-K45044657,4,0,4,410.0,187.77113729218343,320.0,650,514.0,156.0
ku 0060648 trihydrochloride,4,0,4,410.25,181.60723416207847,432.0,696,292.0,221.0
dm163 brd-k06180729,3,0,4,410.6666666666667,247.44202463517703,732.0,130,370.0,
esculin hydrate,2,0,4,413.5,56.5,357.0,470,,
BRD-K81795824,3,0,4,414.3333333333333,245.59089740641627,331.0,748,,164.0
BRD-A75409952 (wortmannin),4,0,4,414.5,156.58464164789598,373.0,609,491.0,185.0
BRD-K30647638,1,0,4,415.0,0.0,,415,,
BRD-K69888333,1,0,4,416.0,0.0,,416,,
fenspiride hydrochloride,2,0,4,417.0,59.0,358.0,476,,
artesunate,4,0,4,417.5,146.25747844127494,388.0,581,507.0,194.0
BRD-K18861610,1,0,4,418.0,0.0,,418,,
BRD-K57678861,2,0,4,418.0,99.0,517.0,319,,
brl 15572 hydrochloride,1,0,4,419.0,0.0,,419,,
simvastatin,3,0,4,419.3333333333333,433.0668411329698,165.0,1029,,64.0
cinobufagin,4,0,4,419.75,218.23997686033601,719.0,469,108.0,383.0
BRD-K49010888,4,0,4,420.5,118.92539678302528,505.0,563,348.0,266.0
ivermectin,4,0,4,420.5,163.81315575984732,389.0,655,443.0,195.0
medrysone,4,0,4,420.75,269.22051834880637,436.0,854,170.0,223.0
BRD-K09299610,2,0,4,421.0,15.0,406.0,436,,
sertraline hydrochloride,3,0,4,421.3333333333333,479.64523927123014,124.0,1098,,42.0
epigallocatechin,1,0,4,422.0,0.0,,422,,
cyclopiazonic acid,3,0,4,422.3333333333333,103.91128694976094,538.0,443,,286.0
vemurafenib,4,0,4,423.5,263.87733892852566,806.0,396,61.0,431.0
spb02303,3,0,4,424.0,213.60867647796206,433.0,681,158.0,
ncgc00188488-01,2,0,4,425.0,245.0,670.0,180,,
BRD-K05452595,2,0,4,426.0,57.0,369.0,483,,
ncgc00183406-01,1,0,4,426.0,0.0,,426,,
bml-259,4,0,4,426.25,333.64605122794427,141.0,777,739.0,48.0
floxuridine,2,0,4,426.5,107.5,319.0,534,,
GSK-J2,2,0,4,427.0,286.0,713.0,141,,
BRD-K26664453,3,0,4,427.3333333333333,428.42450391586567,180.0,1030,,72.0
BRD-K68690198,2,0,4,429.5,58.5,371.0,488,,
erythromycin,1,0,4,430.0,0.0,,430,,
liothyronine (l- isomer) sodium,3,0,4,431.3333333333333,232.58307954124453,381.0,738,175.0,
BRD-K37043259,4,0,4,431.75,190.0189135323113,584.0,645,182.0,316.0
flunisolide,3,0,4,432.0,114.15778554264269,588.0,390,,318.0
cgk 733,4,0,4,432.5,182.57669621285189,380.0,459,700.0,191.0
2-chloro-7-methoxyphenothiazine,3,0,4,433.0,106.74580397686209,449.0,555,295.0,
c8273,3,0,4,433.3333333333333,263.7300808697323,339.0,793,,168.0
BRD-K89692698,4,0,4,436.5,589.3613068398705,174.0,1454,50.0,68.0
ro 28-1675 ?,4,0,4,436.75,118.6009591023614,484.0,579,431.0,253.0
ag-879,4,0,4,437.25,362.6240305054258,321.0,1057,214.0,157.0
2-fluoropalmitic acid,2,0,4,439.5,343.5,783.0,96,,
flurandrenolide,1,0,4,440.0,0.0,,440,,
gefitinib,4,0,4,440.5,339.88270035410744,963.0,106,174.0,519.0
BRD-K55612480,3,0,4,440.6666666666667,329.1305043427134,137.0,898,287.0,
s1107,3,0,4,440.6666666666667,452.0710366991256,176.0,1077,,69.0
zaprinast,1,0,4,441.0,0.0,,441,,
s1172,3,0,4,441.6666666666667,401.22673002790935,315.0,984,26.0,
s1084,1,0,4,442.0,0.0,,442,,
XMD-885,4,0,4,443.25,386.03327252971343,202.0,1082,404.0,85.0
BRD-K58674774,2,0,4,444.5,117.5,562.0,327,,
BRD-K26304855,4,0,4,446.0,170.31881869012597,501.0,320,699.0,264.0
zk 93423,2,0,4,446.0,19.0,465.0,427,,
BRD-K07061353,3,0,4,448.0,272.10659675943174,351.0,819,,174.0
BRD-K41845021,2,0,4,448.0,332.0,116.0,780,,
cyclosporine,4,0,4,448.0,219.4891796877468,404.0,803,383.0,202.0
suloctidil,4,0,4,450.0,271.5023020160234,401.0,904,294.0,201.0
anafranil,3,0,4,451.0,396.07154235903727,239.0,1006,,108.0
felamidin,2,0,4,451.0,116.0,567.0,335,,
digitoxigenin,4,0,4,451.25,132.56389968615136,518.0,625,389.0,273.0
ro 31-8220 mesylate,4,0,4,451.5,98.55328507969686,541.0,467,511.0,287.0
triamcinolone,2,0,4,451.5,185.5,637.0,266,,
BRD-K84450674,3,0,4,451.6666666666667,439.829007178421,201.0,1070,,84.0
mdl-28170,3,0,4,451.6666666666667,161.0017253185678,678.0,317,,360.0
oxfendazole,1,0,4,454.0,0.0,,454,,
retinoic acid,3,0,4,454.6666666666667,185.8320627759256,447.0,686,,231.0
bibr1532,4,0,4,455.25,172.30405537885636,720.0,247,470.0,384.0
BRD-K76938712,3,0,4,455.3333333333333,356.6420552256219,119.0,949,298.0,
zd 2079 hydrochloride,1,0,4,458.0,0.0,,458,,
delta1-hydrocortisone 21-hemisuccinate,2,0,4,458.5,310.5,769.0,148,,
BRD-K06666320,4,0,4,459.75,135.078449428471,687.0,352,436.0,364.0
hydrocortisone hemisuccinate,3,0,4,461.0,376.1444757891131,168.0,992,223.0,
BRD-U37049823,4,0,4,462.0,293.2473358787766,296.0,924,486.0,142.0
pentetic acid,1,0,4,462.0,0.0,,462,,
pha 665752,4,0,4,462.0,383.6573992509463,347.0,1117,211.0,173.0
homochlorcyclizine dihydrochloride,1,0,4,463.0,0.0,,463,,
fenbendazole,1,0,4,464.0,0.0,,464,,
tyrphostin ag 1478,4,0,4,464.25,148.96203375357092,514.0,675,397.0,271.0
w-13 hydrochloride,2,0,4,465.0,221.0,686.0,244,,
zolantidine dimaleate,2,0,4,465.0,57.0,408.0,522,,
BRD-A18763547,4,0,4,466.25,398.6862017928386,179.0,1094,521.0,71.0
BRD-K20123385,1,0,4,468.0,0.0,,468,,
BRD-K51556300,4,0,4,469.5,576.668232175139,214.0,1465,106.0,93.0
BRD-A75931230,4,0,4,470.0,189.84072271248863,407.0,550,720.0,203.0
pimozide,4,0,4,470.0,493.46377779934363,267.0,1320,169.0,124.0
hy-11001,4,0,4,470.5,119.4162886711859,592.0,583,387.0,320.0
s1003,4,0,4,470.5,283.81816361889173,648.0,814,74.0,346.0
BRD-K71726959,4,0,4,471.0,118.56854557596631,651.0,383,502.0,348.0
BRD-K23657553,4,0,4,471.5,102.44144669029231,619.0,478,459.0,330.0
BRD-K35638681,1,0,4,472.0,0.0,,472,,
probucol,1,0,4,473.0,0.0,,473,,
BRD-K86456986,1,0,4,474.0,0.0,,474,,
pelitinib,4,0,4,474.25,282.32018613623785,925.0,221,249.0,502.0
syk inhibitor,3,0,4,474.6666666666667,386.75774789337515,278.0,1015,,131.0
cosmosiin,3,0,4,475.3333333333333,217.55816591329216,390.0,774,262.0,
np-003021,2,0,4,475.5,118.5,594.0,357,,
BRD-K72451865,2,0,4,477.0,345.0,132.0,822,,
jas07 010,1,0,4,477.0,0.0,,477,,
ncgc00188714-01,2,0,4,478.0,110.0,368.0,588,,
HG-5-88-01,4,0,4,478.25,139.85058991652485,624.0,343,612.0,334.0
fccp,3,0,4,479.3333333333333,246.10205651766142,420.0,806,,212.0
BRD-K98856658,1,0,4,480.0,0.0,,480,,
biperiden,1,0,4,481.0,0.0,,481,,
BRD-K62310379 (fluticasone propionate),3,0,4,482.0,152.08111870533656,525.0,643,,278.0
azd-7545-a,4,0,4,482.0,236.20965263934494,801.0,553,145.0,429.0
parbendazole,4,0,4,482.0,480.5439626090416,353.0,1299,100.0,176.0
GDC-0941,4,0,4,483.0,258.6745058949567,821.0,565,102.0,444.0
doxorubicin,4,0,4,483.25,170.74158105159972,690.0,271,606.0,366.0
BRD-K85853281,3,0,4,483.6666666666667,244.17662095749918,427.0,807,,217.0
BRD-K61981833,2,0,4,485.5,267.5,218.0,753,,
BRD-K73261812,3,0,4,486.3333333333333,121.4834236520449,583.0,561,,315.0
dactinomycin,4,0,4,486.5,153.6627801388482,728.0,325,505.0,388.0
ncgc00167094-01,2,0,4,486.5,150.5,336.0,637,,
BRD-A94377914,4,0,4,486.75,181.90021302901215,618.0,712,288.0,329.0
rosiglitazone hydrochloride,4,0,4,489.25,642.1839203063247,190.0,1599,89.0,79.0
puromycin hydrochloride,4,0,4,489.5,175.56978669463604,480.0,746,482.0,250.0
ikk 16,4,0,4,490.25,244.78498217823739,655.0,788,167.0,351.0
BRD-A47832959,2,0,4,492.0,352.0,140.0,844,,
BRD-K38615104,3,0,4,492.6666666666667,244.53538712332733,815.0,223,,440.0
1391-0741,2,0,4,493.0,253.0,746.0,240,,
quercetin,3,0,4,493.6666666666667,628.1763729682576,42.0,1382,57.0,
naproxol,2,0,4,494.0,325.0,819.0,169,,
ncgc00182833-01,1,0,4,495.0,0.0,,495,,
milrinone,2,0,4,496.0,216.0,712.0,280,,
GDC-0879,4,0,4,496.5,124.63045374225354,653.0,403,581.0,349.0
z-leu3-vs,3,0,4,497.3333333333333,247.24796370355725,442.0,824,,226.0
niridazole,1,0,4,498.0,0.0,,498,,
BRD-K77681376,4,0,4,498.25,493.86251882482435,151.0,1310,476.0,56.0
BRD-K64517075,3,0,4,498.3333333333333,612.7665859761684,100.0,1364,,31.0
avermectin b1a,1,0,4,499.0,0.0,,499,,
CGP-60474,4,0,4,499.5,290.1486687889503,958.0,346,179.0,515.0
BRD-K31706415,3,0,4,500.0,209.77607108533613,483.0,765,,252.0
tl hras24 brd-k93060291,4,0,4,501.5,511.0599279927942,379.0,1366,71.0,190.0
BRD-K72238567,3,0,4,503.6666666666667,269.50118532000727,428.0,865,,218.0
BRD-K84091085,1,0,4,504.0,0.0,,504,,
BRD-K11072542,3,0,4,504.6666666666667,411.65141672158603,294.0,1080,,140.0
ptb1,2,0,4,505.0,248.0,753.0,257,,
sb 200646 hydrochloride,1,0,4,505.0,0.0,,505,,
fluphenazine dihydrochloride,1,0,4,506.0,0.0,,506,,
atorvastatin,2,0,4,507.0,114.0,393.0,621,,
ncgc00166395-02,3,0,4,507.0,311.0755535235773,939.0,363,219.0,
BRD-K27484191,2,0,4,507.5,189.5,318.0,697,,
pkc-412,4,0,4,507.5,238.8351942239669,528.0,889,333.0,280.0
syrosingopine,1,0,4,508.0,0.0,,508,,
mirtazepine,1,0,4,509.0,0.0,,509,,
jak3 inhibitor v,2,0,4,509.5,61.5,448.0,571,,
mibefradil dihydrochloride,4,0,4,509.5,320.6544089826304,378.0,1043,428.0,189.0
SAR-245408,3,0,4,510.0,310.51892051854105,397.0,934,,199.0
a112550.cdx,4,0,4,511.0,312.51319972122775,699.0,896,78.0,371.0
amcinonide,2,0,4,511.5,57.5,454.0,569,,
gr 103691,1,0,4,512.0,0.0,,512,,
valdecoxib,3,0,4,512.0,156.65886505397643,559.0,676,,301.0
nitazoxanide,3,0,4,513.0,421.9036224858311,295.0,1103,,141.0
"2,5-dideoxyadenosine",1,0,4,514.0,0.0,,514,,
daunorubicin,4,0,4,514.0,199.9237354592996,462.0,796,559.0,239.0
v2264,4,0,4,514.0,411.55983769070565,300.0,1209,402.0,145.0
clemastine fumarate,2,0,4,514.5,192.5,707.0,322,,
BRD-A90643929,4,0,4,514.75,235.46377109865543,617.0,851,263.0,328.0
pp-110,4,0,4,515.75,166.87027146858725,621.0,733,378.0,331.0
BRD-K83213280,2,0,4,517.0,114.0,403.0,631,,
duloxetine hydrochloride,1,0,4,517.0,0.0,,517,,
BRD-K34387287,1,0,4,518.0,0.0,,518,,
ncgc00238548-02,2,0,4,518.5,293.5,225.0,812,,
p8624,4,0,4,518.75,113.22847477556165,682.0,511,520.0,362.0
PF-04217903,1,0,4,520.0,0.0,,520,,
BRD-A05565054,3,0,4,521.0,394.7691308431634,329.0,1071,,163.0
BRD-K18749194,1,0,4,521.0,0.0,,521,,
thiothixene,4,0,4,521.5,235.71009736538653,858.0,564,199.0,465.0
gitoxigenin,3,0,4,522.3333333333334,594.9993464048697,150.0,1362,,55.0
vu0365117-1,3,0,4,522.3333333333334,359.746515696199,365.0,1020,,182.0
vincristine sulfate,3,0,4,522.6666666666666,132.5753454539049,691.0,510,,367.0
doxorubicin hydrochloride,4,0,4,522.75,120.43748378308142,705.0,471,540.0,375.0
BRD-K86574132,4,0,4,523.75,379.43996560720905,303.0,1144,501.0,147.0
BRD-K45818044,3,0,4,525.0,506.16466358949504,233.0,1237,,105.0
BRD-K57353465,1,0,4,525.0,0.0,,525,,
jnj 16259685,2,0,4,525.0,33.0,558.0,492,,
BRD-K11663430,3,0,4,526.3333333333334,519.054482261309,222.0,1257,,100.0
BRD-K17953061,4,0,4,526.5,172.5,800.0,537,341.0,428.0
BRD-K90735586,1,0,4,527.0,0.0,,527,,
podofilox,4,0,4,527.0,180.7802533464316,574.0,795,429.0,310.0
ropinirole hcl,2,0,4,528.0,81.0,609.0,447,,
ag14361,4,0,4,529.0,160.21235907382427,643.0,727,403.0,343.0
r(+)-skf-81297,1,0,4,529.0,0.0,,529,,
BRD-K74989018,1,0,4,530.0,0.0,,530,,
BRD-K91913968,2,0,4,531.0,63.0,468.0,594,,
BRD-K10705233,4,0,4,531.75,297.9482966892075,485.0,1028,360.0,254.0
l 755507,1,0,4,532.0,0.0,,532,,
rs 504393,4,0,4,532.0,249.5245478905833,730.0,811,198.0,389.0
sappanone a trimethyl ether,1,0,4,533.0,0.0,,533,,
vu0418934-2,4,0,4,533.0,278.6512156801043,650.0,928,207.0,347.0
hy-13001,3,0,4,533.6666666666666,196.25889930282284,808.0,360,,433.0
XMD11-85H,4,0,4,534.25,425.5169649966967,317.0,1254,411.0,155.0
tgx-115,4,0,4,534.25,240.9557791379987,547.0,920,379.0,291.0
dg-041,4,0,4,534.5,363.2660870491491,644.0,1063,87.0,344.0
BRD-K60067222,1,0,4,535.0,0.0,,535,,
hli 373,4,0,4,536.0,213.47013842690035,751.0,258,736.0,399.0
"2,4-dideoxy-dc-45-a2",2,0,4,536.5,83.5,620.0,453,,
BI-2536,4,0,4,536.5,136.0597295308204,737.0,433,584.0,392.0
LDN-193189,4,0,4,538.5,194.0289926789293,836.0,559,305.0,454.0
s1154,2,0,4,539.0,484.0,55.0,1023,,
BRD-K60772276,1,0,4,540.0,0.0,,540,,
omeprazole,1,0,4,541.0,0.0,,541,,
phorbol-12-myristate-13-acetate (pma),4,0,4,541.25,404.68344109933633,426.0,1230,293.0,216.0
s4002,2,0,4,542.5,63.5,479.0,606,,
thiazolopyrimidine,2,0,4,542.5,60.5,603.0,482,,
BRD-K83972459,4,0,4,544.25,309.4546614610935,437.0,1056,460.0,224.0
niguldipine hydrochloride,4,0,4,544.25,357.653725690087,536.0,1130,226.0,285.0
canertinib,4,0,4,544.75,321.24708169880705,984.0,78,587.0,530.0
gangleoidin acetate,1,0,4,546.0,0.0,,546,,
temsirolimus [ci779],4,0,4,546.75,410.24710541331063,554.0,1207,128.0,298.0
BRD-K27170250,2,0,4,547.5,460.5,1008.0,87,,
BRD-K31851742,2,0,4,549.0,385.0,934.0,164,,
le 135,4,0,4,549.75,497.9685607545922,445.0,1390,135.0,229.0
ski ii,4,0,4,550.0,206.86106448532067,572.0,870,449.0,309.0
ei-231,2,0,4,550.5,152.5,398.0,703,,
t0516-4420,2,0,4,550.5,210.5,340.0,761,,
kn-62,3,0,4,551.3333333333334,248.6313647864154,511.0,874,,269.0
AZ-628,4,0,4,552.0,301.52197266534324,1033.0,218,408.0,549.0
BRD-K94390040,3,0,4,552.3333333333334,252.53030621205755,537.0,869,251.0,
BRD-K16180117,1,0,4,554.0,0.0,,554,,
BRD-K80334323 (norethynodrel),3,0,4,554.0,455.9561382413883,316.0,1192,,154.0
BRD-K92981876,3,0,4,555.3333333333334,527.4114986316557,253.0,1297,,116.0
BRD-U29336476,4,0,4,555.5,240.54157644781495,684.0,884,291.0,363.0
cyclosporin a,4,0,4,555.5,276.44212775913877,668.0,952,245.0,357.0
hy-10044,3,0,4,555.6666666666666,469.90377265516344,305.0,1214,,148.0
megestrol acetate,1,0,4,556.0,0.0,,556,,
cpccoet,1,0,4,558.0,0.0,,558,,
clocortolone pivalate,2,0,4,559.5,267.5,292.0,827,,
ncgc00182362-01,3,0,4,560.3333333333334,195.2303482783578,580.0,789,,312.0
thapsigargin,4,0,4,561.5,606.0703342022277,268.0,1607,246.0,125.0
cvf-csc-7 brd-a32595718,3,0,4,562.3333333333334,158.8087599039241,640.0,706,,341.0
reserpine,4,0,4,564.25,567.310485977476,459.0,1514,48.0,236.0
aceclidine hydrochloride,2,0,4,564.5,357.5,207.0,922,,
hydrocortisone phosphate triethylamine,1,0,4,566.0,0.0,,566,,
ncgc00182382-01,3,0,4,567.6666666666666,427.4711166331072,361.0,1163,,179.0
np-006304,2,0,4,569.0,400.0,169.0,969,,
BRD-K87909389,4,0,4,570.0,159.01100590839616,822.0,423,590.0,445.0
desloratadine,1,0,4,570.0,0.0,,570,,
bms-754807,4,0,4,570.75,519.2260466309448,224.0,1429,528.0,102.0
jak3 inhibitor i,2,0,4,571.5,233.5,338.0,805,,
zd 7155 hydrochloride,1,0,4,572.0,0.0,,572,,
BRD-K17140735,4,0,4,572.5,417.2490263619557,494.0,1276,260.0,260.0
flurofamide,2,0,4,573.0,34.0,607.0,539,,
GSK-690693,4,0,4,574.0,196.61256317946726,745.0,794,362.0,395.0
ranolazine,1,0,4,574.0,0.0,,574,,
salermide,4,0,4,574.0,390.33126956471216,532.0,1224,257.0,283.0
bl-009,1,0,4,575.0,0.0,,575,,
tozasertib,4,0,4,576.75,139.07259794797824,781.0,490,621.0,415.0
BRD-K77480336,2,0,4,577.5,136.5,441.0,714,,
ei-293,3,0,4,577.6666666666666,196.43545731076375,604.0,804,,325.0
AT-7519,4,0,4,579.75,263.23124339637195,965.0,607,227.0,520.0
mefenamic acid,2,0,4,580.5,186.5,394.0,767,,
cgs 15943,2,0,4,581.0,32.0,613.0,549,,
jte 907,2,0,4,582.0,293.0,875.0,289,,
BRD-A51777634,4,0,4,583.75,193.77354695623447,600.0,868,543.0,324.0
rottlerin ncgc00025228-11,4,0,4,583.75,208.95498917230955,703.0,866,392.0,374.0
BRD-K71142328,1,0,4,584.0,0.0,,584,,
wortmannin,4,0,4,584.5,269.645600742901,638.0,1004,356.0,340.0
curcubitacin i,4,0,4,585.25,250.54178793167418,524.0,975,565.0,277.0
flecainide acetate,2,0,4,585.5,116.5,469.0,702,,
A443654,4,0,4,585.75,266.6377458275553,923.0,716,203.0,501.0
BRD-K53414658,3,0,4,586.0,234.5548976252681,908.0,356,,494.0
BRD-K98173387,1,0,4,586.0,0.0,,586,,
BRD-K51454562,3,0,4,586.3333333333334,184.91860071093143,738.0,695,326.0,
rhodomyrtoxin b,4,0,4,587.5,603.4262589579608,474.0,1597,32.0,247.0
sib 1757,2,0,4,587.5,365.5,953.0,222,,
BRD-A11087911,3,0,4,588.6666666666666,152.56546864288202,702.0,691,,373.0
BRD-K55216615,1,0,4,590.0,0.0,,590,,
sr 202,1,0,4,592.0,0.0,,592,,
brompheniramine maleate,2,0,4,593.0,460.0,1053.0,133,,
BRD-K62300190,1,0,4,595.0,0.0,,595,,
r3904,3,0,4,595.6666666666666,484.8259710681991,343.0,1274,,170.0
BRD-K20492338,2,0,4,596.0,105.0,491.0,701,,
BRD-K58679021,1,0,4,596.0,0.0,,596,,
buspar,2,0,4,596.5,176.5,773.0,420,,
mometasone furoate,2,0,4,596.5,179.5,776.0,417,,
gsk-3 inhibitor ii,4,0,4,597.0,331.7913500982206,709.0,1083,218.0,378.0
BRD-K71303366,4,0,4,598.5,170.94516664708598,884.0,576,455.0,479.0
BRD-K42687792,1,0,4,599.0,0.0,,599,,
metixene hydrochloride,2,0,4,600.5,92.5,508.0,693,,
pp 1,4,0,4,601.0,496.6764540422668,460.0,1448,259.0,237.0
way 213613,1,0,4,601.0,0.0,,601,,
foretinib,4,0,4,601.75,155.9044178334918,834.0,654,466.0,453.0
pizotyline malate,1,0,4,602.0,0.0,,602,,
BRD-K87387614,1,0,4,603.0,0.0,,603,,
ncgc00241357-01,4,0,4,604.0,541.0170976965516,523.0,1506,111.0,276.0
sericetin dimethyl ether,1,0,4,605.0,0.0,,605,,
BRD-K23282736,2,0,4,606.0,20.0,586.0,626,,
p5172,2,0,4,606.0,117.0,723.0,489,,
fipronil,1,0,4,608.0,0.0,,608,,
BRD-K06750613,4,0,4,610.75,269.86049636803085,839.0,900,248.0,456.0
metergoline,4,0,4,610.75,343.12488615662954,546.0,1184,423.0,290.0
BRD-K74486276,4,0,4,611.25,577.2431788250078,461.0,1592,154.0,238.0
BRD-K42644990,1,0,4,612.0,0.0,,612,,
quinine hemisulfate salt monohydrate,3,0,4,612.3333333333334,298.45193173366386,1010.0,291,,536.0
BRD-K94841585,2,0,4,614.0,538.0,76.0,1152,,
mk-2206,4,0,4,614.0,324.107235340404,694.0,1109,285.0,368.0
na-tosyl-phe chloromethyl ketone,3,0,4,615.0,583.8886880219551,363.0,1422,60.0,
iproniazide phosphate,2,0,4,615.5,55.5,560.0,671,,
BRD-K62169556,1,0,4,616.0,0.0,,616,,
ei-332,3,0,4,616.0,202.7083290510448,902.0,456,,490.0
ncgc00242335-01,3,0,4,616.3333333333334,221.51348090403488,631.0,880,,338.0
BRD-K89209981,2,0,4,617.5,322.5,940.0,295,,
chr 2797,4,0,4,617.5,344.50145137575254,774.0,1093,191.0,412.0
ly 303511,2,0,4,620.5,310.5,931.0,310,,
NVP-AUY922,4,0,4,621.5,384.70085781032515,1219.0,157,483.0,627.0
BRD-K94173926,3,0,4,621.6666666666666,198.7969371550332,669.0,838,,358.0
cot-10b,4,0,4,622.0,211.9646196892302,695.0,929,495.0,369.0
BRD-K51791390,1,0,4,623.0,0.0,,623,,
BMS-387032,4,0,4,623.75,222.5414287273271,899.0,771,337.0,488.0
ranitidine,1,0,4,624.0,0.0,,624,,
s1085,4,0,4,624.5,240.5644404312491,761.0,950,384.0,403.0
BRD-K86086851,3,0,4,625.3333333333334,204.62703199289732,907.0,542,427.0,
azd8055,4,0,4,626.0,315.15472390557625,763.0,1072,265.0,404.0
meclocycline sulfosalicylate,2,0,4,627.0,189.0,438.0,816,,
nafronyl oxalate,3,0,4,627.0,357.80441584754095,1133.0,377,371.0,
amiodarone hydrochloride,4,0,4,627.25,576.6378304447255,486.0,1605,163.0,255.0
ci 976,4,0,4,627.75,470.24322164173725,623.0,1391,164.0,333.0
BRD-A82238138 (budesonide),2,0,4,628.0,97.0,725.0,531,,
ncgc00183401-01,1,0,4,628.0,0.0,,628,,
flubendazole,4,0,4,629.5,658.3314134993104,457.0,1746,81.0,234.0
s1527,3,0,4,629.6666666666666,383.9360479153903,482.0,1156,,251.0
BRD-K16940042,2,0,4,631.5,53.5,685.0,578,,
HG-14-10-04,4,0,4,632.5,321.11096212991544,888.0,979,180.0,483.0
GSK-2126458,4,0,4,633.0,207.91103866798414,978.0,598,430.0,526.0
ncgc00181233-01,2,0,4,633.0,279.0,912.0,354,,
s(-)-timolol,1,0,4,633.0,0.0,,633,,
zm 336372,4,0,4,633.0,212.3946797827102,880.0,801,375.0,476.0
"ly-165,163",2,0,4,634.0,32.0,602.0,666,,
np-001236,4,0,4,634.25,275.3346827045224,873.0,926,268.0,470.0
stock2s-51049,1,0,4,635.0,0.0,,635,,
ei-232,3,0,4,635.6666666666666,324.2389379591675,1063.0,278,566.0,
ncgc00242557-01,2,0,4,637.0,4.0,633.0,641,,
QL-X-138,4,0,4,638.0,205.84945955722108,622.0,908,690.0,332.0
BRD-K00627859,4,0,4,639.25,692.2490068609706,471.0,1808,34.0,244.0
bml-st330,2,0,4,639.5,553.5,86.0,1193,,
BRD-K48654774,1,0,4,640.0,0.0,,640,,
BRD-K55116708,2,0,4,641.5,498.5,1140.0,143,,
camptothecin,4,0,4,642.0,195.39703170723962,980.0,544,516.0,528.0
arachidonamide,3,0,4,642.3333333333334,561.1216940696158,332.0,1430,,165.0
bifemelane hydrochloride,2,0,4,643.0,316.0,327.0,959,,
dienestrol,1,0,4,644.0,0.0,,644,,
BRD-K60070073,2,0,4,644.5,599.5,45.0,1244,,
BRD-K32836707,1,0,4,647.0,0.0,,647,,
bromocriptine mesylate,3,0,4,648.6666666666666,407.50978175035533,1221.0,304,421.0,
GW-5074,4,0,4,650.0,251.86008020327478,628.0,1039,598.0,335.0
aminocaproic acid,3,0,4,650.0,169.14096684915415,847.0,669,434.0,
cerivastatin na,3,0,4,650.6666666666666,646.5690647993882,232.0,1564,156.0,
naltrexone hydrochloride dihydrate,3,0,4,651.0,220.0924048363929,671.0,910,372.0,
e933505,1,0,4,652.0,0.0,,652,,
m9948,2,0,4,652.5,10.5,663.0,642,,
hy-10992,4,0,4,653.5,391.05018859476337,876.0,1147,119.0,472.0
uzi/1930680,3,0,4,654.6666666666666,296.86173362171303,837.0,891,236.0,
topotecan hcl,4,0,4,655.75,350.31798055480965,1207.0,236,557.0,623.0
isradipine,1,0,4,656.0,0.0,,656,,
BRD-K81473043,3,0,4,656.6666666666666,208.38159441008432,710.0,881,,379.0
dexamethasone acetate,2,0,4,658.0,371.0,1029.0,287,,
BRD-K26818574,4,0,4,658.25,666.8614455042367,467.0,1794,130.0,242.0
ritodrine hydrochloride,1,0,4,659.0,0.0,,659,,
BRD-K83194053,2,0,4,659.5,235.5,424.0,895,,
as605240,4,0,4,659.5,199.70040060049953,920.0,784,435.0,499.0
brefeldin a,4,0,4,660.0,327.0535124410071,798.0,1126,290.0,426.0
niclosamide,4,0,4,661.25,373.8230697803441,744.0,1235,272.0,394.0
BRD-K37865504,4,0,4,661.5,550.3078683791465,556.0,1588,202.0,300.0
pp 2,4,0,4,661.5,447.81720601156,768.0,1333,136.0,409.0
NVP-TAE684,4,0,4,661.75,375.3953749049127,1092.0,885,95.0,575.0
"ici-162,846",1,0,4,662.0,0.0,,662,,
BRD-K68174511,4,0,4,662.25,336.57790702896705,879.0,1078,217.0,475.0
ag 18,3,0,4,662.6666666666666,181.35477814371353,741.0,835,412.0,
PI-103,4,0,4,663.5,274.1810533206115,688.0,1095,506.0,365.0
chemistry 1735,2,0,4,664.0,50.0,714.0,614,,
CTB,2,0,4,664.5,538.5,126.0,1203,,
ncgc00185837-02,1,0,4,667.0,0.0,,667,,
BRD-A43155244,4,0,4,668.0,672.4786241955948,417.0,1824,221.0,210.0
dibenzepine hydrochloride,1,0,4,668.0,0.0,,668,,
np-004102,4,0,4,669.25,613.9578059606376,421.0,1725,318.0,213.0
c3393m50,2,0,4,670.0,337.0,1007.0,333,,
perhexiline maleate,4,0,4,671.5,490.8286360839188,615.0,1489,255.0,327.0
mead ethanolamide,1,0,4,672.0,0.0,,672,,
BRD-K83670234,3,0,4,673.3333333333334,265.91268408174057,661.0,1005,,354.0
BRD-K17086338,3,0,4,674.0,440.5004729471543,675.0,1213,134.0,
BRD-K06009608,3,0,4,674.3333333333334,235.65841569714604,996.0,589,438.0,
BRD-K63350243,2,0,4,674.5,17.5,657.0,692,,
WZ-4-145,4,0,4,675.5,390.7751911265606,1224.0,726,123.0,629.0
wiskostatin,2,0,4,675.5,497.5,178.0,1173,,
r2146,3,0,4,676.0,272.19110933313016,658.0,1018,,352.0
dexamethasone,3,0,4,677.3333333333334,164.03319447260938,831.0,751,,450.0
PF-562271,4,0,4,678.75,237.83331873394022,1031.0,742,394.0,548.0
s1362,2,0,4,679.0,590.0,89.0,1269,,
chlormadinone acetate,3,0,4,679.6666666666666,269.11501052317556,1057.0,448,534.0,
BRD-K68588778,3,0,4,682.3333333333334,246.11966375909276,701.0,974,,372.0
XMD-1150,4,0,4,682.75,208.95259629877776,841.0,936,497.0,457.0
(+)-JQ1,4,0,4,683.25,485.88546747150195,784.0,1418,115.0,416.0
BRD-K89224880,3,0,4,683.3333333333334,446.39095968544086,492.0,1300,,258.0
taxifolin-(+/-),2,0,4,683.5,485.5,198.0,1169,,
BRD-A63583287,3,0,4,684.3333333333334,229.92800805662822,724.0,944,,385.0
gr-108,2,0,4,684.5,414.5,1099.0,270,,
BRD-K90826279,3,0,4,686.0,193.92954046938456,957.0,587,,514.0
pj 34 hydrochloride,2,0,4,686.0,317.0,1003.0,369,,
at-csc-18 brd-k01121114,2,0,4,687.0,77.0,610.0,764,,
diphenoxylate,3,0,4,687.0,379.70866024712507,905.0,1003,153.0,
hki-272,4,0,4,688.0,459.85432475948295,488.0,1462,546.0,256.0
ncs-382,2,0,4,688.0,155.0,533.0,843,,
BRD-A16820783,3,0,4,688.6666666666666,394.0637286305633,548.0,1226,,292.0
BRD-K49553303,1,0,4,689.0,0.0,,689,,
BRD-K71670746,2,0,4,689.0,308.0,997.0,381,,
BRD-K32927008,3,0,4,689.6666666666666,316.4557192123761,629.0,1104,,336.0
vu0418946-2,4,0,4,691.25,392.62092086387855,855.0,1241,206.0,463.0
BRD-A27640568,3,0,4,691.6666666666666,308.2751296416166,641.0,1092,,342.0
BRD-K88569143,3,0,4,691.6666666666666,219.70636970486058,976.0,658,441.0,
BRD-K15563106,3,0,4,693.0,417.7295775977564,531.0,1266,,282.0
a8674,3,0,4,693.0,536.7482339669751,349.0,1451,279.0,
s1175,4,0,4,693.0,284.1874381460236,676.0,1142,595.0,359.0
baccatin iii,1,0,4,694.0,0.0,,694,,
darinaparsin,2,0,4,694.5,55.5,639.0,750,,
KIN001-242,2,0,4,695.5,176.5,872.0,519,,
BRD-K40373196,4,0,4,695.75,747.9877589239011,527.0,1954,23.0,279.0
eo 1428,3,0,4,696.6666666666666,195.28497694964204,795.0,871,,424.0
imd 0354,4,0,4,697.0,322.756099864898,975.0,1034,254.0,525.0
16-hydroxytriptolide,4,0,4,699.0,177.29636206081614,947.0,785,555.0,509.0
BRD-A47816767,4,0,4,699.25,304.2682821130063,1110.0,821,283.0,583.0
BRD-K83336168,3,0,4,700.0,185.8440206194431,813.0,849,,438.0
gr-231,4,0,4,700.0,420.3094098399416,878.0,1282,166.0,474.0
fluorometholone,3,0,4,702.0,488.3707607955251,477.0,1380,,249.0
minocycline hydrochloride,2,0,4,702.0,76.0,626.0,778,,
vu0365114-2,3,0,4,702.3333333333334,456.36924621285436,1279.0,163,665.0,
s1142,4,0,4,703.75,414.3985853016393,696.0,1383,366.0,370.0
AZD-6482,3,0,4,704.3333333333334,199.36788998119923,799.0,887,,427.0
BRD-K34966483,2,0,4,706.0,368.0,1074.0,338,,
bongkrekic acid,2,0,4,706.0,199.0,507.0,905,,
BRD-U88878891,2,0,4,707.0,558.0,1265.0,149,,
BRD-K38340366,3,0,4,707.3333333333334,367.4636792331394,1195.0,308,,619.0
cercosporin,3,0,4,707.3333333333334,404.16360823585075,561.0,1259,,302.0
cct 018159,4,0,4,707.5,315.5,1085.0,909,264.0,572.0
jak3 inhibitor vi,3,0,4,708.3333333333334,519.7450229573044,458.0,1432,,235.0
s1122,4,0,4,709.5,584.9745720969416,503.0,1712,358.0,265.0
RAF 265,4,0,4,709.75,223.02508267008892,796.0,1022,596.0,425.0
taxol,1,0,4,710.0,0.0,,710,,
mg-132,4,0,4,710.5,271.09085192975436,812.0,1108,485.0,437.0
e3380,4,0,4,711.0,722.1485304284707,464.0,1949,190.0,241.0
BRD-K01436366,4,0,4,711.75,312.0804183219447,959.0,1066,306.0,516.0
bcl-2 inhibitor,4,0,4,711.75,273.9711435534772,818.0,1112,474.0,443.0
BRD-K31856043,2,0,4,715.0,6.0,721.0,709,,
mln4924,4,0,4,715.25,321.2252908785359,666.0,1234,605.0,356.0
bi 2536,4,0,4,715.75,323.5408590889256,777.0,1220,453.0,413.0
mbcq,3,0,4,716.3333333333334,301.2422428692379,754.0,1065,330.0,
vu0365121-1,3,0,4,716.3333333333334,170.54878741547503,910.0,744,,495.0
sb 203186 hydrochloride,2,0,4,716.5,485.5,231.0,1202,,
azasetron,3,0,4,716.6666666666666,773.0598654409345,280.0,1803,67.0,
BRD-K74133369,1,0,4,717.0,0.0,,717,,
gsk-3b inhibitor viii,3,0,4,717.6666666666666,485.7587421298309,1144.0,971,38.0,
ZSTK-474,4,0,4,719.25,304.59019600111884,887.0,1131,377.0,482.0
ver155008,3,0,4,719.6666666666666,621.9498014756139,576.0,1543,40.0,
sirolimus,4,0,4,720.0,313.8909046149633,747.0,1218,519.0,396.0
BRD-K39944607,3,0,4,721.0,236.22446951998856,1055.0,548,,560.0
curcumin,4,0,4,721.5,314.573123454627,711.0,1227,568.0,380.0
ncgc00242296-02,1,0,4,722.0,0.0,,722,,
kuc103875 kuc103875n,1,0,4,723.0,0.0,,723,,
BRD-K02562327,3,0,4,725.0,303.7400204121939,1152.0,552,471.0,
rutin,2,0,4,725.0,631.0,94.0,1356,,
vu0415113-1,1,0,4,725.0,0.0,,725,,
BRD-K04923131,4,0,4,725.5,181.07664123237984,881.0,915,629.0,477.0
BRD-K59962020,3,0,4,726.0,523.7448488211285,475.0,1455,,248.0
"l-741,626",1,0,4,728.0,0.0,,728,,
resveratrol,2,0,4,728.0,444.0,284.0,1172,,
sutent,4,0,4,728.75,271.0824367235915,1020.0,967,386.0,542.0
ticlopidine hydrochloride,1,0,4,729.0,0.0,,729,,
geldanamycin,4,0,4,729.25,297.88787739684875,1139.0,847,335.0,596.0
BRD-K48950795,2,0,4,730.0,497.0,1227.0,233,,
triciribine,4,0,4,730.25,473.82453239569605,748.0,1495,281.0,397.0
bas 00535043,3,0,4,730.6666666666666,411.22283767103966,1090.0,947,155.0,
pz0013,1,0,4,731.0,0.0,,731,,
BRD-K62970326,1,0,4,732.0,0.0,,732,,
domperidone,2,0,4,732.5,236.5,969.0,496,,
alvocidib,4,0,4,733.25,383.3929935457872,1121.0,1051,171.0,590.0
nafadotride,1,0,4,734.0,0.0,,734,,
BRD-K79222491,4,0,4,734.25,283.8981991841442,1218.0,491,602.0,626.0
BRD-K48803730,3,0,4,734.3333333333334,202.633220924463,833.0,918,,452.0
hydroquinidine,1,0,4,735.0,0.0,,735,,
noscapine hydrochloride,2,0,4,735.5,330.5,1066.0,405,,
BRD-K32827536,1,0,4,736.0,0.0,,736,,
omdm-2,1,0,4,737.0,0.0,,737,,
pac 1,4,0,4,737.25,398.6611186208156,922.0,1285,242.0,500.0
BRD-A68061604,3,0,4,737.3333333333334,442.69954697163274,564.0,1345,,303.0
s1057,4,0,4,737.5,519.0859755377716,915.0,1471,66.0,498.0
BRD-K59470558,3,0,4,737.6666666666666,511.823103121468,1442.0,241,530.0,
BRD-A62809825,4,0,4,737.75,398.78526489829085,825.0,1351,328.0,447.0
BRD-A18411371,4,0,4,738.25,865.5233604588614,251.0,2230,357.0,115.0
pi 103 hydrochloride,4,0,4,738.25,282.6387933387772,1041.0,985,374.0,553.0
tanespimycin,4,0,4,739.0,393.83879951066274,1388.0,344,538.0,686.0
BRD-K16541732,2,0,4,741.0,67.0,674.0,808,,
BRD-K57732441,1,0,4,741.0,0.0,,741,,
akt inhibitor x,4,0,4,741.5,658.6472880077773,552.0,1865,253.0,296.0
gr-235,2,0,4,743.0,457.0,286.0,1200,,
chlorambucil,2,0,4,743.5,420.5,323.0,1164,,
BRD-K99502566,2,0,4,744.0,431.0,1175.0,313,,
pentobarbital,2,0,4,744.5,171.5,916.0,573,,
OTSSP167,4,0,4,744.75,400.7407983971684,814.0,1371,355.0,439.0
BRD-K10010115,2,0,4,747.0,667.0,80.0,1414,,
BRD-K70161581,3,0,4,748.6666666666666,629.4920350744894,410.0,1631,,205.0
trimipramine maleate salt,3,0,4,748.6666666666666,169.91239572857015,968.0,724,554.0,
bufalin,4,0,4,748.75,221.23672276545773,779.0,1036,766.0,414.0
lylamine hydrochloride,4,0,4,748.75,498.0488806332166,790.0,1541,244.0,420.0
sb 202190,3,0,4,749.6666666666666,451.5915066615944,571.0,1370,,308.0
dihydroergocristine,2,0,4,750.0,91.0,659.0,841,,
BRD-K93215584,2,0,4,751.0,522.0,229.0,1273,,
BRD-K56411643,4,0,4,752.5,721.1145886750593,581.0,1972,144.0,313.0
"l-690,488",3,0,4,753.0,517.9980694944721,515.0,1472,,272.0
BRD-K19295594,4,0,4,754.0,173.73399206833417,874.0,916,755.0,471.0
BRD-K73125384,1,0,4,754.0,0.0,,754,,
cccp,4,0,4,754.25,402.2576133524386,864.0,1361,324.0,468.0
xylazine,1,0,4,755.0,0.0,,755,,
t5212475,3,0,4,755.6666666666666,281.76862060129326,765.0,1096,,406.0
BRD-K07395346,1,0,4,756.0,0.0,,756,,
carbamazepine,2,0,4,756.0,303.0,453.0,1059,,
dcebio,2,0,4,757.0,276.0,481.0,1033,,
dorsomorphin dihydrochloride,4,0,4,758.75,485.6466694007074,851.0,1504,220.0,460.0
gant 58,3,0,4,759.0,489.2960930425121,549.0,1435,,293.0
prl-3 inhibitor i,1,0,4,759.0,0.0,,759,,
importazole,4,0,4,759.25,340.9966092206783,810.0,1296,496.0,435.0
fluspirilen,4,0,4,759.75,287.1353121787705,903.0,1161,484.0,491.0
torin-2,4,0,4,761.25,332.63446529185757,1075.0,1088,314.0,568.0
exemestane,2,0,4,761.5,359.5,402.0,1121,,
endo-iwr 1,1,0,4,762.0,0.0,,762,,
BRD-K67010098,1,0,4,763.0,0.0,,763,,
BRD-K09485525,2,0,4,764.5,503.5,261.0,1268,,
lde225 (nvp-lde225),4,0,4,765.0,580.6121769305222,764.0,1705,186.0,405.0
bx-795,4,0,4,765.25,402.4719710737631,832.0,1396,382.0,451.0
BRD-K34098590,1,0,4,766.0,0.0,,766,,
BRD-K53592093,2,0,4,766.5,166.5,933.0,600,,
dipropyl-5ct,1,0,4,768.0,0.0,,768,,
BRD-K01614657,4,0,4,769.0,577.9632341248014,550.0,1757,475.0,294.0
JNK-9L,4,0,4,769.0,387.0820326494114,895.0,1343,352.0,486.0
BRD-K52075040,4,0,4,770.25,600.1122290871933,490.0,1793,541.0,257.0
s1071,1,0,4,772.0,0.0,,772,,
BRD-K71172276,1,0,4,773.0,0.0,,773,,
fit,3,0,4,773.0,150.34183272351933,865.0,893,561.0,
troglitazone,1,0,4,775.0,0.0,,775,,
amoxicillin crystalline,1,0,4,776.0,0.0,,776,,
calcipotriol,3,0,4,776.3333333333334,301.97608440993395,1177.0,704,448.0,
ncgc00187945-01,3,0,4,777.0,547.3250100869379,519.0,1538,,274.0
pp-30,3,0,4,777.6666666666666,219.73519416687796,877.0,983,,473.0
PIK-93,4,0,4,778.25,606.2096893814879,542.0,1816,467.0,288.0
bucladesine,1,0,4,779.0,0.0,,779,,
t 0070907,4,0,4,779.5,581.1877923700738,756.0,1731,230.0,401.0
chelidonine (+),4,0,4,780.5,620.2328191896975,892.0,1716,30.0,484.0
BRD-A20589515,1,0,4,782.0,0.0,,782,,
BRD-A31107743,4,0,4,783.25,329.291948732428,1073.0,1134,359.0,567.0
BRD-A76641868,3,0,4,785.3333333333334,853.9650005838777,243.0,1991,122.0,
ncgc00238427-01,3,0,4,786.6666666666666,683.6443194787444,191.0,1744,425.0,
piroxicam,2,0,4,787.0,563.0,1350.0,224,,
sp 600125,1,0,4,787.0,0.0,,787,,
jnj 10191584 maleate,3,0,4,790.0,350.8855463917924,734.0,1245,,391.0
obaa,1,0,4,790.0,0.0,,790,,
kuc104135 kuc104135n,4,0,4,791.5,209.9339181742674,1103.0,863,620.0,580.0
clobenpropit dihydrobromide,1,0,4,792.0,0.0,,792,,
t5323840,3,0,4,795.0,742.6937457660459,364.0,1840,,181.0
BRD-K11795542,2,0,4,795.5,707.5,88.0,1503,,
mitoxantrone dihydrochloride,4,0,4,796.25,345.7689799562708,966.0,1278,420.0,521.0
vorinostat,4,0,4,796.25,458.5457310890594,770.0,1553,452.0,410.0
BRD-K25737009,4,0,4,796.5,594.249316364773,898.0,1702,99.0,487.0
MK-2206,4,0,4,796.75,507.17914734342145,1056.0,1458,112.0,561.0
kuc103885 kuc103885n,1,0,4,797.0,0.0,,797,,
h7270,4,0,4,797.5,477.37851857828707,750.0,1591,451.0,398.0
ncgc00229596-01,1,0,4,798.0,0.0,,798,,
arp 101,4,0,4,798.5,313.2111907323875,950.0,1239,493.0,512.0
hy-10518,3,0,4,798.6666666666666,332.6603205807523,767.0,1221,,408.0
BRD-K13810148,4,0,4,799.25,728.1766183420063,521.0,2051,350.0,275.0
BRD-K25536815,2,0,4,800.0,284.0,1084.0,516,,
"l-750,667",1,0,4,800.0,0.0,,800,,
dibutyrylcyclic amp,3,0,4,800.6666666666666,1053.1332088371137,49.0,2290,63.0,
nutlin-3,3,0,4,801.0,632.6141530717335,472.0,1686,,245.0
stock1n-27488,4,0,4,801.25,785.5699761956283,545.0,2146,225.0,289.0
desoxymetasone,2,0,4,801.5,169.5,971.0,632,,
16beta-bromoandrosterone,2,0,4,802.5,149.5,952.0,653,,
celastrol,4,0,4,804.5,269.4164991235689,1260.0,739,574.0,645.0
bntx maleate,3,0,4,805.0,199.35061240604873,1044.0,815,,556.0
rf 01079,2,0,4,805.0,631.0,1436.0,174,,
saracatinib,4,0,4,805.75,324.3373051315559,1154.0,1085,381.0,603.0
ncgc00012272-02,2,0,4,806.0,571.0,235.0,1377,,
BRD-K16309743,2,0,4,808.5,104.5,704.0,913,,
BRD-K11558771,3,0,4,808.6666666666666,1014.2564873946936,82.0,2243,101.0,
c3930,4,0,4,808.75,613.7700607719474,811.0,1800,188.0,436.0
HG-14-8-02,3,0,4,809.3333333333334,477.9416514829213,1481.0,408,539.0,
hy-10966,2,0,4,809.5,343.5,466.0,1153,,
rho kinase inhibitor iii [rockout],1,0,4,810.0,0.0,,810,,
gw 843682x,4,0,4,811.0,287.8949461175031,852.0,1248,683.0,461.0
BRD-K05153001,3,0,4,811.3333333333334,727.729497974503,400.0,1834,,200.0
BRD-K68202742 (trichostatin a),4,0,4,813.75,528.6196056712237,861.0,1653,275.0,466.0
QL-XII-47,4,0,4,815.25,187.04327707779288,1089.0,855,743.0,574.0
BRD-U74615290,2,0,4,815.5,76.5,739.0,892,,
BRD-K74561903,1,0,4,817.0,0.0,,817,,
BRD-K88551539,2,0,4,818.0,497.0,1315.0,321,,
bibu 1361 dihydrochloride,4,0,4,818.75,435.19959501359835,1002.0,1434,304.0,535.0
AZD-7762,4,0,4,819.5,296.1085105159931,1327.0,700,583.0,668.0
BRD-K65904652,2,0,4,819.5,291.5,1111.0,528,,
bms-536924,4,0,4,819.5,225.38688959209674,987.0,1086,673.0,532.0
BRD-K78930611,3,0,4,819.6666666666666,430.5046134737957,1285.0,927,247.0,
BRD-K52522949,4,0,4,819.75,305.5915370228698,1115.0,1128,450.0,586.0
BRD-K99616396,2,0,4,820.5,263.5,557.0,1084,,
ncgc00182913-03,2,0,4,821.0,78.0,743.0,899,,
ncgc00183696-01,3,0,4,821.3333333333334,343.3796085319505,787.0,1258,,419.0
nifedipine,2,0,4,822.5,33.5,789.0,856,,
methotrexate,2,0,4,824.5,251.5,573.0,1076,,
ppt,2,0,4,824.5,262.5,1087.0,562,,
ncgc00183255-01,3,0,4,825.6666666666666,422.6427438024802,708.0,1392,,377.0
skatole,2,0,4,826.0,45.0,871.0,781,,
mephentermine sulfate,2,0,4,827.0,110.0,717.0,937,,
rottlerin,3,0,4,827.6666666666666,347.97828795614373,791.0,1271,,421.0
BRD-A54632525,2,0,4,828.0,632.0,196.0,1460,,
econazole nitrate,1,0,4,829.0,0.0,,829,,
BRD-U00779237,4,0,4,829.25,236.4311474827291,1022.0,1100,651.0,544.0
pnu 74654,4,0,4,829.25,208.055731716288,979.0,1060,751.0,527.0
idelalisib,2,0,4,830.5,345.5,1176.0,485,,
sid 26681509,4,0,4,830.75,354.94814762159274,1239.0,1097,354.0,633.0
abt-751,3,0,4,831.0,238.6755119403748,926.0,1064,,503.0
GW-843682X,4,0,4,832.0,312.08252113824,1366.0,577,708.0,677.0
deoxycorticosterone,1,0,4,832.0,0.0,,832,,
helveticoside,2,0,4,833.0,156.0,989.0,677,,
olomoucine,2,0,4,833.0,102.0,731.0,935,,
pterostilbene,1,0,4,833.0,0.0,,833,,
nocodazole,3,0,4,835.3333333333334,293.35113582341705,1250.0,617,639.0,
api-2,4,0,4,835.75,805.4422310134973,565.0,2216,258.0,304.0
BRD-K69159985,2,0,4,836.0,441.0,1277.0,395,,
norketamine hydrochloride,3,0,4,836.0,492.1815383236826,758.0,1474,276.0,
doxepin hydrochloride,3,0,4,836.6666666666666,685.3526261875869,470.0,1797,,243.0
BRD-K21773564,1,0,4,837.0,0.0,,837,,
BRD-K92158425,4,0,4,837.75,236.70802162157497,1241.0,745,731.0,634.0
way 170523,4,0,4,837.75,349.00313394008367,824.0,1395,686.0,446.0
BRD-K08307026,3,0,4,838.6666666666666,215.5865384377131,1001.0,981,,534.0
BRD-K93568044 (hydrocortisone),1,0,4,839.0,0.0,,839,,
BX-912,4,0,4,839.75,298.7376566487727,1212.0,1044,479.0,624.0
amyleine hydrochloride,1,0,4,840.0,0.0,,840,,
I-BET,4,0,4,841.5,246.1610245347545,906.0,1179,788.0,493.0
BRD-K64606589,4,0,4,842.75,479.60524131831585,973.0,1563,311.0,524.0
nnc 55-0396 dihydrochloride,3,0,4,843.3333333333334,365.48628185230456,793.0,1314,,423.0
ei-195,2,0,4,846.0,380.0,1226.0,466,,
hdac6 inhibitor isox,4,0,4,846.0,593.8627787629058,715.0,1851,437.0,381.0
BRD-K50387473,4,0,4,847.0,277.1975829620453,1187.0,1050,536.0,615.0
GSK-2334470,3,0,4,847.6666666666666,347.8479872332485,1271.0,853,419.0,
"tamoxifen, 4-hydroxy-, (z)-",4,0,4,848.25,741.6172783181363,816.0,2052,84.0,441.0
tyrphostin 47,2,0,4,848.5,450.5,1299.0,398,,
puromycin dihydrochloride,4,0,4,849.0,330.60852983551405,1083.0,1261,481.0,571.0
BRD-K00007652,2,0,4,850.0,344.0,506.0,1194,,
BRD-K46681113,1,0,4,850.0,0.0,,850,,
BRD-K32112425,2,0,4,850.5,240.5,1091.0,610,,
BRD-K88964386,2,0,4,851.0,115.0,736.0,966,,
isotretinoin,3,0,4,851.3333333333334,658.4635314292069,512.0,1772,,270.0
BYL719,4,0,4,852.5,243.88368129089736,1015.0,1154,701.0,540.0
buparlisib,4,0,4,853.5,273.1972730464197,1322.0,760,666.0,666.0
BRD-K35424586,4,0,4,854.0,443.54875718459635,1289.0,1253,224.0,650.0
BRD-K61717269,4,0,4,854.0,416.0751134110282,995.0,1470,418.0,533.0
BRD-K54256913,4,0,4,854.75,460.6497449255779,1338.0,1223,187.0,671.0
radicicol,4,0,4,855.5,325.7978667824576,1379.0,852,508.0,683.0
trifluoperazine dihydrochloride,3,0,4,855.6666666666666,135.18957882256393,850.0,1024,693.0,
"ingenol 3, 20-dibenzoate",4,0,4,856.5,725.0208617688183,766.0,2061,192.0,407.0
BRD-K79131428,1,0,4,858.0,0.0,,858,,
trichostatin a,4,0,4,858.25,574.9318981409886,817.0,1809,365.0,442.0
alfadolone acetate,3,0,4,859.0,393.16493570341015,985.0,1265,327.0,
pyrimethamine,2,0,4,859.0,154.0,1013.0,705,,
ncgc00229600-01,1,0,4,860.0,0.0,,860,,
sb 225002,3,0,4,861.0,226.29773897824668,1017.0,1025,,541.0
sc-68376,1,0,4,862.0,0.0,,862,,
BRD-K28789065,2,0,4,862.5,554.5,308.0,1417,,
ym-155,4,0,4,863.25,514.433365461456,938.0,1670,340.0,505.0
BRD-K64857848,4,0,4,864.25,450.21959919577023,894.0,1589,489.0,485.0
tg101348,4,0,4,865.25,463.09522508875,1043.0,1532,331.0,555.0
BRD-K41859756,4,0,4,865.75,342.6480519425143,1119.0,1283,473.0,588.0
bay 11-7821,4,0,4,867.75,418.95129490192534,1380.0,1123,284.0,684.0
erk inhibitor 11e,2,0,4,868.0,33.0,835.0,901,,
rocilinostat,4,0,4,868.25,543.4640627493229,1248.0,1491,96.0,638.0
BRD-K60870698,3,0,4,869.6666666666666,331.53112808436083,863.0,1279,,467.0
KIN001-244,4,0,4,869.75,546.4532802536736,1179.0,1562,126.0,612.0
BRD-K68007270,2,0,4,870.5,228.5,642.0,1099,,
BRD-K95196255,4,0,4,870.75,339.24649961348166,1081.0,1317,515.0,570.0
dasatinib,4,0,4,871.0,430.21680580842025,1259.0,1303,278.0,644.0
ibrutinib,3,0,4,872.6666666666666,363.59531839059144,1374.0,721,523.0,
BRD-A36630025,4,0,4,873.0,394.67898347897875,1037.0,1442,463.0,550.0
vu0420363-1,1,0,4,873.0,0.0,,873,,
azacitidine,4,0,4,873.75,214.83292927295852,1172.0,970,742.0,611.0
BRD-K63923597,1,0,4,875.0,0.0,,875,,
a3145,2,0,4,875.0,116.0,759.0,991,,
cay10618,4,0,4,875.0,244.17002273006406,1058.0,1162,718.0,562.0
BRD-K14027855,2,0,4,875.5,851.5,24.0,1727,,
fostamatinib,3,0,4,877.3333333333334,392.8598845503176,809.0,1389,,434.0
BRD-K17773477,1,0,4,878.0,0.0,,878,,
nimodipine,3,0,4,878.6666666666666,428.62908077834487,842.0,1421,373.0,
BRD-K45542213,1,0,4,879.0,0.0,,879,,
BRD-K19166598,3,0,4,879.6666666666666,244.49312646552846,1011.0,1091,,537.0
BRD-K24346336,2,0,4,880.0,266.0,614.0,1146,,
GDC-0980,4,0,4,880.0,414.78789760551115,1387.0,1139,309.0,685.0
AS-601245,4,0,4,880.5,460.0263579404989,1323.0,1304,228.0,667.0
skf 81297 hydrobromide,2,0,4,881.0,355.0,526.0,1236,,
KIN001-055,3,0,4,881.3333333333334,405.4901012629312,1428.0,758,458.0,
BRD-K77987635,1,0,4,882.0,0.0,,882,,
bisacodyl,4,0,4,882.75,228.45171809378016,1059.0,1135,774.0,563.0
vitexin,1,0,4,883.0,0.0,,883,,
cgp 53353,2,0,4,886.5,747.5,139.0,1634,,
ncgc00182608-01,2,0,4,889.0,118.0,771.0,1007,,
BRD-K28120860,2,0,4,890.5,279.5,611.0,1170,,
tivantinib,4,0,4,891.25,297.4645987340342,1150.0,1225,589.0,601.0
digoxin,4,0,4,891.5,317.58266640356806,1411.0,877,585.0,693.0
BIX-01294,4,0,4,893.0,767.9710280993678,726.0,2191,269.0,386.0
8-{[2-oxo-2-(1-pyrrolidinyl)ethyl]thio}quinoline,2,0,4,894.0,553.0,341.0,1447,,
erastin,1,0,4,894.0,0.0,,894,,
abt-888 (veliparib),3,0,4,894.3333333333334,680.302547074135,689.0,1811,183.0,
chloroquine diphosphate,2,0,4,894.5,116.5,778.0,1011,,
fenofibrate,2,0,4,895.5,247.5,1143.0,648,,
leoidin dimethyl ether,2,0,4,895.5,28.5,924.0,867,,
GSK-1904529A,3,0,4,896.6666666666666,419.2949107993349,1407.0,903,380.0,
BRD-K64985742,1,0,4,897.0,0.0,,897,,
vinblastine sulfate,4,0,4,898.25,448.6660088529105,886.0,1632,594.0,481.0
BRD-K94325918,4,0,4,898.5,616.9045712263769,1270.0,1649,28.0,647.0
s1297,3,0,4,900.0,1108.5615303927277,181.0,2466,53.0,
regorafenib,3,0,4,900.3333333333334,914.6629008668834,342.0,2190,,169.0
isoflupredone acetate,2,0,4,900.5,496.5,1397.0,404,,
mocetinostat,4,0,4,901.25,319.1593449987012,1394.0,961,560.0,690.0
HG-6-64-01,4,0,4,902.75,430.9857161206158,1183.0,1446,368.0,614.0
XMD-892,4,0,4,903.25,381.29737410582834,853.0,1512,786.0,462.0
crizotinib,4,0,4,905.25,322.1524289835481,1021.0,1375,682.0,543.0
mk-0591,4,0,4,905.5,306.6255860165619,983.0,1358,752.0,529.0
zm 306416 hydrochloride,3,0,4,906.0,656.1895051482206,718.0,1787,213.0,
BX-795,4,0,4,906.75,564.3147946846689,911.0,1825,395.0,496.0
s1030,4,0,4,906.75,652.3332641372813,972.0,1932,200.0,523.0
BRD-K23149109,1,0,4,907.0,0.0,,907,,
aminopurvalanol a,4,0,4,908.25,278.506171385842,1014.0,1293,787.0,539.0
r406,4,0,4,909.5,601.0975378422373,785.0,1924,512.0,417.0
benazepril hydrochloride,3,0,4,910.0,369.89998648283296,1005.0,1308,417.0,
scriptaid,4,0,4,910.0,715.362495522375,757.0,2120,361.0,402.0
BRD-K86027709,3,0,4,910.6666666666666,453.59771702345336,1543.0,501,688.0,
BRD-K31342827,4,0,4,910.75,615.6274746143158,935.0,1901,303.0,504.0
BRD-K65955264,3,0,4,911.0,585.6181918850085,660.0,1720,,353.0
olmesartan medoxomil,1,0,4,911.0,0.0,,911,,
amoxapine,3,0,4,911.3333333333334,320.81181746036447,1064.0,1205,465.0,
s1130,3,0,4,911.6666666666666,1011.6700164689188,269.0,2340,,126.0
tacrolimus,2,0,4,912.5,12.5,900.0,925,,
tw 37,4,0,4,913.0,355.23583715610675,1052.0,1431,610.0,559.0
mebendazole,4,0,4,913.75,638.207009911361,1088.0,1854,140.0,573.0
BRD-K49861754,1,0,4,914.0,0.0,,914,,
thalidomide,2,0,4,914.5,167.5,1082.0,747,,
bvt 948,3,0,4,914.6666666666666,155.5513491494761,1104.0,917,723.0,
ON-01910,4,0,4,914.75,245.71159415054063,1283.0,986,741.0,649.0
BRD-U82589721,3,0,4,915.3333333333334,490.94082014932195,1471.0,998,277.0,
BRD-K84203638,4,0,4,918.0,372.163270621914,1316.0,1247,447.0,662.0
JW-7-24-1,4,0,4,918.0,404.8376217695188,986.0,1552,603.0,531.0
albendazole,3,0,4,918.6666666666666,320.1044968270344,1365.0,630,761.0,
BRD-K34332553,1,0,4,919.0,0.0,,919,,
pik-90,4,0,4,919.0,449.8838739052557,829.0,1659,740.0,448.0
tws119,3,0,4,919.6666666666666,541.6458457536827,716.0,1661,,382.0
trimeprazine tartrate,2,0,4,920.0,398.0,522.0,1318,,
scoulerine,1,0,4,921.0,0.0,,921,,
km 00927,4,0,4,921.5,581.2819883670919,970.0,1848,346.0,522.0
hy-11005,3,0,4,922.3333333333334,508.7476999675008,755.0,1612,,400.0
BRD-A25170757,4,0,4,922.75,465.7952205637151,1068.0,1619,439.0,565.0
BRD-K46532897,1,0,4,923.0,0.0,,923,,
norgestrel,3,0,4,924.3333333333334,1038.8728935191682,43.0,2383,347.0,
np-009265,3,0,4,924.6666666666666,661.0891686367951,993.0,1698,83.0,
nobiletin,2,0,4,925.5,122.5,803.0,1048,,
BRD-K12184916,3,0,4,925.6666666666666,270.7721469345685,1040.0,1185,,552.0
AZD7762,2,0,4,926.0,696.0,230.0,1622,,
amg 9810,3,0,4,930.6666666666666,221.89687294376688,1222.0,886,684.0,
lonidamine,3,0,4,930.6666666666666,744.7743879114594,534.0,1974,,284.0
BRD-K03829970,4,0,4,931.0,364.4043084267803,1135.0,1426,571.0,592.0
BRD-A20697603,3,0,4,931.3333333333334,405.34457221260806,869.0,1456,,469.0
BRD-A14985772,1,0,4,932.0,0.0,,932,,
ethyl-beta-carboline-3-carboxylate,3,0,4,932.3333333333334,686.1876970301606,616.0,1885,296.0,
hoechst  33342 (cell permeable) (bisbenzimide),4,0,4,932.75,518.3543069175754,914.0,1785,535.0,497.0
mitomycin c,4,0,4,932.75,305.58908275656705,1108.0,1340,702.0,581.0
psh 024,1,0,4,933.0,0.0,,933,,
ncgc00183247-01,2,0,4,934.0,267.0,667.0,1201,,
dihydroergocristine mesylate,3,0,4,934.3333333333334,404.5222147450276,991.0,1399,413.0,
rg 108,3,0,4,934.3333333333334,252.14061332694675,1101.0,1124,,578.0
BRD-K16290432,2,0,4,934.5,432.5,502.0,1367,,
devazepide,2,0,4,937.5,350.5,587.0,1288,,
ossk 645683,4,0,4,939.25,796.3489734406644,786.0,2280,273.0,418.0
bl-077,1,0,4,940.0,0.0,,940,,
r(-)-n-allylnorapomorphine,2,0,4,940.5,355.5,1296.0,585,,
tocainide hydrochloride,2,0,4,941.0,269.0,672.0,1210,,
BRD-K68756823,2,0,4,942.0,12.0,930.0,954,,
genistein,1,0,4,942.0,0.0,,942,,
BRD-K56653679,4,0,4,942.5,676.9381434075051,733.0,2096,551.0,390.0
dc-45-a2,2,0,4,943.5,225.5,1169.0,718,,
rhamnetin,3,0,4,944.0,270.2640683973115,1314.0,842,676.0,
ei-273,1,0,4,945.0,0.0,,945,,
I-BET151,4,0,4,945.75,372.264271049479,1102.0,1483,619.0,579.0
ttnpb,1,0,4,946.0,0.0,,946,,
guanabenz acetate,2,0,4,946.5,633.5,313.0,1580,,
fluticasone propionate,3,0,4,947.3333333333334,468.83282971889054,1610.0,597,635.0,
BRD-A26199074,4,0,4,949.25,470.6895872015866,1113.0,1644,456.0,584.0
fluocinonide,2,0,4,949.5,313.5,1263.0,636,,
ncgc00238536-01,2,0,4,950.0,352.0,598.0,1302,,
BRD-K96083840,1,0,4,951.0,0.0,,951,,
tegaserod,1,0,4,953.0,0.0,,953,,
pravastatin sodium salt,2,0,4,954.0,23.0,977.0,931,,
sunitinib,4,0,4,954.75,424.5011042388465,1687.0,651,724.0,757.0
KI20227,1,0,4,956.0,0.0,,956,,
podophyllotoxin,3,0,4,957.6666666666666,579.4171400832239,664.0,1767,442.0,
(-)-cotinine,1,0,4,958.0,0.0,,958,,
BRD-K03122949,3,0,4,959.0,254.6225965358665,1146.0,1132,,599.0
BRD-K32485462,1,0,4,960.0,0.0,,960,,
lenalidomide,2,0,4,961.0,702.0,1663.0,259,,
BRD-K17025677,3,0,4,961.3333333333334,411.9363489127362,1030.0,1428,426.0,
veliparib,1,0,4,962.0,0.0,,962,,
BRD-K23673040,3,0,4,962.6666666666666,343.48152141790035,1006.0,1360,522.0,
BRD-K69569876,1,0,4,963.0,0.0,,963,,
colforsin,3,0,4,963.3333333333334,892.191434365717,345.0,2225,320.0,
st4049616,2,0,4,963.5,343.5,1307.0,620,,
gliclazide,1,0,4,964.0,0.0,,964,,
BRD-K56196992,4,0,4,964.75,564.6513858125206,1138.0,1801,325.0,595.0
tc 2559 difumarate,1,0,4,965.0,0.0,,965,,
THZ-2-98-01,4,0,4,965.75,571.0583923733194,1027.0,1873,416.0,547.0
BRD-K50002132,2,0,4,967.5,270.5,697.0,1238,,
sb 216763,2,0,4,967.5,310.5,1278.0,657,,
ag 494,2,0,4,968.0,362.0,606.0,1330,,
BRD-K42499654,3,0,4,969.6666666666666,317.3445376173278,1039.0,1319,,551.0
GSK-1059615,4,0,4,971.5,339.32469700863214,1390.0,1217,591.0,688.0
glycopyrrolate,2,0,4,971.5,297.5,1269.0,674,,
penicillin v,2,0,4,971.5,54.5,917.0,1026,,
rizatriptan benzoate,1,0,4,972.0,0.0,,972,,
BRD-K05649647,4,0,4,972.25,324.44365843702354,1389.0,1187,626.0,687.0
SU-11274,4,0,4,972.75,881.1204160045322,566.0,2489,531.0,305.0
pioglitazone hydrochloride,1,0,4,973.0,0.0,,973,,
olvanil,2,0,4,974.0,349.0,625.0,1323,,
mst- 312,4,0,4,974.75,620.5889843527679,1162.0,1888,243.0,606.0
nitrofurazone,2,0,4,976.0,292.0,1268.0,684,,
BRD-K96167523,1,0,4,977.0,0.0,,977,,
TWS-119,4,0,4,977.5,314.3958492092413,1497.0,957,745.0,711.0
BRD-K81441552,1,0,4,978.0,0.0,,978,,
fu jmbii113b,2,0,4,979.0,82.0,897.0,1061,,
BRD-K02113016,2,0,4,981.0,125.0,856.0,1106,,
hy-70061,2,0,4,981.0,300.0,681.0,1281,,
px12,3,0,4,982.3333333333334,458.27235958058344,882.0,1587,,478.0
BRD-K43620258,4,0,4,982.5,708.9472829484573,1320.0,1920,25.0,665.0
mk 212,2,0,4,982.5,343.5,1326.0,639,,
pd 160170,3,0,4,983.6666666666666,495.26580966408557,942.0,1610,399.0,
PD-173074,4,0,4,984.75,554.4449364003607,1671.0,1306,209.0,753.0
mls-0435437.0002,1,0,4,987.0,0.0,,987,,
BRD-K69501658,2,0,4,988.5,380.5,608.0,1369,,
"ici-185,282",1,0,4,990.0,0.0,,990,,
BRD-K32896438,4,0,4,990.25,491.05161388595394,1077.0,1759,556.0,569.0
JNK-IN-5A,4,0,4,993.25,500.8085337731377,1519.0,1425,312.0,717.0
enzastaurin,4,0,4,993.75,529.4395031540431,941.0,1870,658.0,506.0
mdv3100,1,0,4,994.0,0.0,,994,,
OSI-027,4,0,4,994.5,482.57512368542166,1161.0,1709,503.0,605.0
BRD-K71382703,1,0,4,995.0,0.0,,995,,
s2004,2,0,4,995.0,136.0,1131.0,859,,
BRD-K91145395,3,0,4,995.3333333333334,635.2471085246189,727.0,1872,,387.0
BRD-A42737819,3,0,4,996.0,344.40189701374567,1246.0,1233,509.0,
zk 756326,1,0,4,997.0,0.0,,997,,
PFI-1,4,0,4,998.25,454.95514888832724,1440.0,1443,410.0,700.0
BRD-K22832646,2,0,4,998.5,130.5,868.0,1129,,
le 300,2,0,4,998.5,325.5,1324.0,673,,
BRD-A67438293,2,0,4,999.0,257.0,742.0,1256,,
gw 0742,1,0,4,999.0,0.0,,999,,
"l-165,041",1,0,4,1000.0,0.0,,1000,,
OSI-930,4,0,4,1000.25,599.373579247534,1096.0,1937,391.0,577.0
AZD-5438,4,0,4,1001.0,643.9328381127957,1046.0,2031,369.0,558.0
BRD-K92470030,1,0,4,1001.0,0.0,,1001,,
sb 218078,4,0,4,1002.25,569.3537454869336,1528.0,1555,205.0,721.0
beclomethasone,2,0,4,1002.5,148.5,854.0,1151,,
betamethasone acetate,3,0,4,1002.6666666666666,513.8205480083057,956.0,1654,398.0,
BRD-K96076993,4,0,4,1003.25,638.0777284155904,1291.0,1878,193.0,651.0
mestanolone,2,0,4,1003.5,720.5,283.0,1724,,
BRD-K14880289,2,0,4,1005.0,657.0,348.0,1662,,
teniposide,4,0,4,1005.25,374.29959591215163,1170.0,1539,703.0,609.0
BMS509744,4,0,4,1006.0,326.5601016658342,1166.0,1452,799.0,607.0
BRD-K59705555,2,0,4,1008.0,309.0,1317.0,699,,
BRD-K79404599,1,0,4,1008.0,0.0,,1008,,
s1018,3,0,4,1008.3333333333334,422.28926368334567,960.0,1548,,517.0
k784-3187,4,0,4,1009.0,844.9174515892071,1065.0,2339,68.0,564.0
mls-0091943.0001,1,0,4,1009.0,0.0,,1009,,
BRD-K70977695,1,0,4,1010.0,0.0,,1010,,
BRD-K86472598,3,0,4,1011.0,477.4962478037567,901.0,1643,,489.0
dacomitinib,4,0,4,1011.0,467.9797004144517,1234.0,1668,510.0,632.0
quetiapine,2,0,4,1011.5,362.5,649.0,1374,,
danazol,3,0,4,1012.6666666666666,1051.5034738675645,362.0,2496,,180.0
"pifithrin-a, cyclic-",1,0,4,1013.0,0.0,,1013,,
genistin,2,0,4,1014.5,112.5,1127.0,902,,
cdc,2,0,4,1015.0,266.0,1281.0,749,,
BRD-K19724398,3,0,4,1015.3333333333334,441.36631296715683,949.0,1586,,511.0
BRD-K85318537 (obaa),3,0,4,1015.6666666666666,319.64598473241546,1343.0,1122,582.0,
BRD-K22546959,1,0,4,1016.0,0.0,,1016,,
ic 261,3,0,4,1016.3333333333334,304.2984645961191,1405.0,982,662.0,
mitoxantrone,4,0,4,1016.75,365.4027743463369,1318.0,1441,645.0,663.0
BRD-K71554540,2,0,4,1017.0,338.0,1355.0,679,,
BRD-K96704748,1,0,4,1017.0,0.0,,1017,,
5-azacytidine,3,0,4,1019.0,558.7790260917101,830.0,1778,,449.0
BRD-K59488055,2,0,4,1019.0,384.0,635.0,1403,,
flumethasone,1,0,4,1019.0,0.0,,1019,,
s1042,3,0,4,1019.0,384.17791017530755,1024.0,1487,,546.0
kanamycin a sulfate,2,0,4,1020.0,129.0,891.0,1149,,
ro 08-2750,2,0,4,1020.5,137.5,883.0,1158,,
rondual-kinase-inhibitor,2,0,4,1020.5,307.5,1328.0,713,,
BRD-K53987746,1,0,4,1021.0,0.0,,1021,,
s1080,3,0,4,1021.3333333333334,734.1254812511429,665.0,2044,,355.0
arachidonyl trifluoro-methyl ketone,4,0,4,1021.75,386.84969626458286,1182.0,1579,713.0,613.0
cinnarizine,2,0,4,1022.0,10.0,1032.0,1012,,
necrostatin-1,2,0,4,1022.0,483.0,539.0,1505,,
km00799,2,0,4,1023.0,192.0,1215.0,831,,
ncgc00183226-01,3,0,4,1023.6666666666666,616.9799204368179,1563.0,1348,160.0,
akt inhibitor iv,4,0,4,1023.75,458.8389559529574,1229.0,1678,558.0,630.0
BRD-K50140147,4,0,4,1024.25,363.2150705849084,1319.0,1450,664.0,664.0
clofarabine,2,0,4,1025.5,226.5,1252.0,799,,
BRD-K04853698,4,0,4,1026.75,563.7793783919379,1141.0,1900,469.0,597.0
WYE-125132,4,0,4,1026.75,443.47963594735666,1298.0,1611,545.0,653.0
imperatorin,3,0,4,1027.0,514.5800877090627,992.0,1674,415.0,
BRD-K10906552,3,0,4,1028.0,813.0694927249453,595.0,2167,,322.0
quinacrine dihydrochloride dihydrate,4,0,4,1029.0,431.17339899395466,1329.0,1570,548.0,669.0
budesonide,2,0,4,1032.5,410.5,1443.0,622,,
BRD-K58214070,3,0,4,1034.0,469.54446008871196,946.0,1648,,508.0
np-002491,2,0,4,1034.5,0.5,1034.0,1035,,
BRD-K19540840,2,0,4,1035.5,84.5,951.0,1120,,
ncgc00241077-01,3,0,4,1035.6666666666667,387.6100560557679,1532.0,989,586.0,
methylstat,4,0,4,1035.75,505.77286156930165,1155.0,1814,570.0,604.0
ch 55,4,0,4,1037.5,475.4458433933354,1191.0,1749,593.0,617.0
s1053,4,0,4,1037.75,667.2841879589236,1220.0,2033,270.0,628.0
fti-276 trifluoroacetate,1,0,4,1038.0,0.0,,1038,,
ncgc00188531-01,2,0,4,1039.0,359.0,1398.0,680,,
isorotenone,1,0,4,1040.0,0.0,,1040,,
k784-3131,3,0,4,1040.3333333333333,617.2629549515794,805.0,1886,,430.0
thiethylperazine dimalate,3,0,4,1040.6666666666667,795.3235540052586,988.0,2040,94.0,
ritanserin,1,0,4,1042.0,0.0,,1042,,
BRD-A68065211,4,0,4,1042.25,867.5293582928476,1120.0,2398,62.0,589.0
piplartine,4,0,4,1042.5,444.070658792044,1313.0,1629,567.0,661.0
BRD-K33720394,3,0,4,1042.6666666666667,515.6363921300443,904.0,1732,,492.0
TG-101348,4,0,4,1043.25,320.7556507686186,1437.0,1280,757.0,699.0
pd 407824,4,0,4,1043.25,514.3332455713902,1258.0,1782,490.0,643.0
d5816,1,0,4,1045.0,0.0,,1045,,
methiazole,2,0,4,1045.5,399.5,646.0,1445,,
toltrazuril,1,0,4,1046.0,0.0,,1046,,
isoxsuprine hydrochloride,1,0,4,1047.0,0.0,,1047,,
s1019,3,0,4,1047.0,581.2073640276765,845.0,1838,,458.0
hy-50877,3,0,4,1047.3333333333333,869.7437681422168,568.0,2268,,306.0
ouabain,4,0,4,1048.0,613.7405803757806,1415.0,1831,252.0,694.0
HG-9-91-01,4,0,4,1049.25,787.9978981570954,1214.0,2238,120.0,625.0
ryuvidine,3,0,4,1050.0,282.0685495879799,1310.0,1182,,658.0
BRD-K68548958,4,0,4,1050.5,391.19656184583215,1377.0,1501,643.0,681.0
KIN001-265,3,0,4,1051.6666666666667,280.25266377958934,1340.0,1143,,672.0
ag 825,3,0,4,1052.0,388.5228436012482,1117.0,1492,547.0,
aristolochic acid,1,0,4,1052.0,0.0,,1052,,
BRD-K86899078,3,0,4,1053.3333333333333,413.91249746239305,1608.0,938,614.0,
BRD-K71489689,1,0,4,1054.0,0.0,,1054,,
BRD-K01834163,3,0,4,1054.3333333333333,839.9025075699096,476.0,2242,445.0,
tremorine dihydrochloride,1,0,4,1055.0,0.0,,1055,,
AZD4547,4,0,4,1057.25,391.6742109202494,1578.0,1289,628.0,734.0
thiostrepton,1,0,4,1058.0,0.0,,1058,,
dichlorobenzamil,2,0,4,1058.5,235.5,823.0,1294,,
meloxicam sodium,2,0,4,1058.5,68.5,990.0,1127,,
stk397047,3,0,4,1058.6666666666667,929.2937581243559,530.0,2365,,281.0
"4-(3,4-dimethoxyphenyl)pyridine hydrobromide wg-7",2,0,4,1059.0,140.0,919.0,1199,,
thioguanosine,2,0,4,1059.0,169.0,890.0,1228,,
t542500,4,0,4,1060.0,426.4926728561699,1304.0,1636,644.0,656.0
apo866,1,0,4,1062.0,0.0,,1062,,
proscillaridin a,4,0,4,1062.5,447.7758926070049,1540.0,1467,518.0,725.0
"l-690,330",2,0,4,1063.0,294.0,1357.0,769,,
sib 1893,4,0,4,1064.5,355.6645188938587,1534.0,1284,717.0,723.0
ag-014699 (pf-01367338),2,0,4,1065.0,530.0,535.0,1595,,
BRD-K32568627,2,0,4,1066.5,614.5,452.0,1681,,
BRD-K63954456,1,0,4,1067.0,0.0,,1067,,
PHA-665752,4,0,4,1067.25,435.63079264441353,1348.0,1633,613.0,675.0
nintedanib,4,0,4,1067.25,449.9090880389059,1249.0,1721,660.0,639.0
cilnidipine,1,0,4,1068.0,0.0,,1068,,
ncgc00167398-02,3,0,4,1068.0,426.9293462233144,1045.0,1602,,557.0
bo2 (inhibits rad51),3,0,4,1070.3333333333333,383.9117375416154,1109.0,1520,,582.0
BRD-K77547920,3,0,4,1071.3333333333333,345.6716489515576,1168.0,1438,,608.0
BRD-K05977823,1,0,4,1073.0,0.0,,1073,,
BRD-K12393722,1,0,4,1074.0,0.0,,1074,,
dihomo-gamma-linolenic acid,2,0,4,1074.5,147.5,927.0,1222,,
u-0126,3,0,4,1074.6666666666667,294.2349779040932,1312.0,1252,,660.0
ct-200783,4,0,4,1074.75,534.7360914507268,1206.0,1895,576.0,622.0
ncgc00165188-01,4,0,4,1076.25,554.6221123431701,1230.0,1917,527.0,631.0
BRD-K33720404,2,0,4,1076.5,272.5,804.0,1349,,
BRD-K04695623,2,0,4,1077.0,553.0,1630.0,524,,
BRD-K37798499,2,0,4,1078.0,555.0,1633.0,523,,
jjt-705,1,0,4,1079.0,0.0,,1079,,
b675700.cdx,4,0,4,1079.25,572.8055407378669,1311.0,1903,444.0,659.0
BRD-K94580036,2,0,4,1079.5,394.5,1474.0,685,,
rifabutin,2,0,4,1080.0,401.0,679.0,1481,,
nicardipine hydrochloride,3,0,4,1080.6666666666667,473.61400129453756,1012.0,1692,,538.0
chemistry 2804,4,0,4,1081.25,556.5529512094963,1243.0,1921,525.0,636.0
BRD-K91701654,3,0,4,1082.0,908.1266431506126,578.0,2357,,311.0
BRD-K66792149,4,0,4,1082.25,721.2937595044061,945.0,2298,579.0,507.0
BRD-K31841256,2,0,4,1082.5,170.5,1253.0,912,,
gemcitabine,3,0,4,1083.0,531.6069976966068,948.0,1791,,510.0
ncgc00167097-01,2,0,4,1083.0,501.0,1584.0,582,,
PF-477736,4,0,4,1083.75,370.81826748422196,1619.0,1240,734.0,742.0
KIN001-220,4,0,4,1085.75,441.24050981295903,1342.0,1679,648.0,674.0
s1120,4,0,4,1086.75,668.9777182388065,1308.0,2067,315.0,657.0
at-csc-07 brd-k33720404,2,0,4,1088.0,144.0,944.0,1232,,
PHA-767491,4,0,4,1088.5,681.646719349547,1188.0,2157,393.0,616.0
BRD-K74797618,4,0,4,1089.5,800.8715564932994,1132.0,2369,266.0,591.0
BRD-K62818989,3,0,4,1090.0,464.42509263245745,1266.0,1550,454.0,
BRD-U43867373,4,0,4,1090.75,546.8552710727034,1194.0,1944,607.0,618.0
diflorasone diacetate,2,0,4,1091.5,38.5,1130.0,1053,,
NVP-BGT226,4,0,4,1091.75,586.0893169986978,1547.0,1764,329.0,727.0
st056792,3,0,4,1092.3333333333333,329.75378019903815,1242.0,1400,,635.0
ha-1004,2,0,4,1096.0,344.0,752.0,1440,,
entinostat,4,0,4,1097.0,466.11693811746426,1300.0,1766,668.0,654.0
BRD-K95760042,2,0,4,1097.5,552.5,1650.0,545,,
irbesartan,3,0,4,1098.6666666666667,331.6125584004455,1491.0,1125,680.0,
BRD-K69852452,4,0,4,1098.75,780.1805480143682,1378.0,2210,125.0,682.0
bl-081,3,0,4,1099.0,404.2631156396372,1556.0,1168,573.0,
BRD-K23478508 (digoxin),4,0,4,1099.25,401.4563332418608,1507.0,1494,681.0,715.0
BRD-K57480017,2,0,4,1099.5,311.5,788.0,1411,,
cymarin,4,0,4,1099.5,532.1679716029516,1467.0,1761,461.0,709.0
ncgc00183690-01,4,0,4,1100.5,772.3854283969888,954.0,2403,532.0,513.0
BRD-K54285697,1,0,4,1102.0,0.0,,1102,,
BRD-A15010982,3,0,4,1102.6666666666667,677.9785312890733,1048.0,1959,301.0,
jfd02227,3,0,4,1104.0,454.0374433898596,1469.0,1379,464.0,
AZD-8055,4,0,4,1104.25,474.2980998275241,1441.0,1695,580.0,701.0
sorafenib,4,0,4,1104.5,398.8793677291419,1637.0,1341,695.0,745.0
CC-401,4,0,4,1106.0,455.8689504671271,1591.0,1524,572.0,737.0
BRD-K44276885,1,0,4,1107.0,0.0,,1107,,
AT7867,4,0,4,1108.25,692.3215925420786,1372.0,2099,282.0,680.0
BRD-K28366633,3,0,4,1109.0,365.88613893760265,1204.0,1502,,621.0
BRD-K07877311,2,0,4,1110.0,283.0,827.0,1393,,
methylprednisolone,1,0,4,1110.0,0.0,,1110,,
norethindrone acetate,2,0,4,1111.5,434.5,677.0,1546,,
o-2050,3,0,4,1111.6666666666667,676.1717401830856,838.0,2042,,455.0
parthenolide,4,0,4,1113.25,536.3400856732601,1274.0,1922,609.0,648.0
sb 203580,2,0,4,1114.0,416.0,698.0,1530,,
ssr 69071,3,0,4,1114.0,420.13410557424004,981.0,1682,679.0,
bjm-ctd2-9,4,0,4,1114.25,711.5754966972935,1371.0,2140,267.0,679.0
BRD-K80786583,3,0,4,1115.6666666666667,330.7590596726801,1294.0,1401,,652.0
"mapp, d-erythro",2,0,4,1116.0,443.0,673.0,1559,,
prozac,3,0,4,1116.6666666666667,385.8551829666439,1107.0,1594,649.0,
amsacrine,4,0,4,1116.75,528.3073797515988,1466.0,1789,504.0,708.0
nilotinib,4,0,4,1117.25,558.4659233113512,1341.0,1926,529.0,673.0
BRD-K00317371,3,0,4,1117.6666666666667,393.6668077899832,1445.0,1344,564.0,
n-[2-(piperidinylamino)ethyl]-4-iodobenzamide,1,0,4,1118.0,0.0,,1118,,
ca-074-me,3,0,4,1118.6666666666667,441.206175034857,1016.0,1703,637.0,
itraconazole,1,0,4,1119.0,0.0,,1119,,
enrofloxacin,2,0,4,1121.0,107.0,1228.0,1014,,
pkcbeta inhibitor,4,0,4,1121.0,595.7138574852863,1148.0,2084,652.0,600.0
s1152,2,0,4,1121.5,54.5,1067.0,1176,,
BRD-K01578344,3,0,4,1121.6666666666667,475.6457598769161,1210.0,1655,500.0,
CP466722,4,0,4,1122.5,625.5447625869791,1392.0,2008,401.0,689.0
BRD-K93578426,2,0,4,1123.5,125.5,998.0,1249,,
DCC-2036,4,0,4,1125.25,494.25467878412644,1251.0,1880,730.0,640.0
dy131,2,0,4,1125.5,151.5,974.0,1277,,
8-cpt-2-me-camp,2,0,4,1127.0,266.0,1393.0,861,,
cabozantinib,3,0,4,1127.0,444.62793434511065,1118.0,1676,,587.0
methylene blue,3,0,4,1129.6666666666667,435.6239458778893,1136.0,1660,,593.0
manumycin a,4,0,4,1129.75,653.7711277656731,1453.0,2023,338.0,705.0
NVP-TAE226,4,0,4,1130.5,695.1850473075497,1740.0,1845,173.0,764.0
GSK1059615,3,0,4,1131.3333333333333,288.24218212391395,1482.0,1136,776.0,
hy-10161,3,0,4,1131.6666666666667,295.2257140261028,1245.0,1423,727.0,
pifithrin- ?,4,0,4,1132.0,391.5737478432383,1680.0,1326,768.0,754.0
psh 025,1,0,4,1133.0,0.0,,1133,,
BRD-K64314806,2,0,4,1134.0,216.0,918.0,1350,,
BRD-U31801276,2,0,4,1134.0,332.0,802.0,1466,,
ncgc00167098-01,2,0,4,1134.0,863.0,271.0,1997,,
lamivudine,1,0,4,1137.0,0.0,,1137,,
torin-1,4,0,4,1137.25,737.0567735934593,1072.0,2361,550.0,566.0
etazolate hydrochloride,1,0,4,1138.0,0.0,,1138,,
stock2s-79598,2,0,4,1139.0,723.0,416.0,1862,,
BRD-A81541225,1,0,4,1140.0,0.0,,1140,,
mek1/2 inhibitor,2,0,4,1140.5,421.5,1562.0,719,,
metoprolol tartrate,1,0,4,1141.0,0.0,,1141,,
GDC-0068,3,0,4,1141.6666666666667,353.4216870664403,1381.0,1402,642.0,
mefexamide hydrochloride,2,0,4,1142.5,565.5,577.0,1708,,
BRD-A41451487,3,0,4,1145.0,486.9175152596861,1514.0,1464,457.0,
BRD-K90864987,1,0,4,1145.0,0.0,,1145,,
ncgc00184830-01,4,0,4,1145.25,595.5906207287015,1429.0,1977,477.0,698.0
nifuroxazide,2,0,4,1146.5,84.5,1062.0,1231,,
everolimus,4,0,4,1146.75,690.5654838608718,1423.0,2132,336.0,696.0
norgestrel-(-)-d,1,0,4,1148.0,0.0,,1148,,
s1249,3,0,4,1148.0,325.51600063079337,1408.0,1347,689.0,
s1040,3,0,4,1149.3333333333333,445.4064311265486,1153.0,1693,,602.0
homatropine bromide,1,0,4,1150.0,0.0,,1150,,
NU-7441,4,0,4,1153.0,684.9697073593838,1708.0,1909,235.0,760.0
mesoridazine besylate,2,0,4,1153.0,286.0,867.0,1439,,
bapta-am,2,0,4,1154.0,213.0,1367.0,941,,
mln2238,4,0,4,1154.0,538.0204457081534,1334.0,1956,656.0,670.0
rg-14620,1,0,4,1155.0,0.0,,1155,,
roscovitine,4,0,4,1155.25,522.8141997880317,1255.0,1968,756.0,642.0
NPK76-II-72-1,3,0,4,1155.6666666666667,560.6718192391062,1023.0,1899,,545.0
ys-035 hydrochloride,3,0,4,1155.6666666666667,705.9392482517333,961.0,2101,405.0,
BRD-K65404805,2,0,4,1156.5,156.5,1000.0,1313,,
BRD-K15467014,1,0,4,1157.0,0.0,,1157,,
auranofin,4,0,4,1157.5,589.0876420363951,1511.0,1931,472.0,716.0
cabergoline,2,0,4,1157.5,382.5,775.0,1540,,
dovitinib,4,0,4,1157.5,429.82816333972346,1530.0,1641,737.0,722.0
BRD-A89907244,1,0,4,1159.0,0.0,,1159,,
stock3s-04022,1,0,4,1160.0,0.0,,1160,,
"15-deoxy-?12,14-prostaglandin j2",4,0,4,1160.25,494.5110590269949,1446.0,1826,667.0,702.0
ei-155,3,0,4,1161.0,696.607493499747,885.0,2118,,480.0
anagrelide hydrochloride,2,0,4,1162.5,249.5,913.0,1412,,
irinotecan hydrochloride trihydrate,4,0,4,1163.75,714.7109118377864,1427.0,2197,334.0,697.0
ossk 647368,3,0,4,1164.3333333333333,449.20398731781336,1617.0,1324,552.0,
BRD-A61825514,2,0,4,1165.0,676.0,489.0,1841,,
BRD-K80094086,1,0,4,1165.0,0.0,,1165,,
s1367,3,0,4,1165.0,701.898853112042,1472.0,1829,194.0,
emetine dihydrochloride hydrate (74),4,0,4,1165.25,485.13728727031486,1598.0,1697,627.0,739.0
vinpocetine,2,0,4,1166.0,320.0,1486.0,846,,
BRD-K53903639,4,0,4,1167.5,659.0847821031829,1356.0,2160,478.0,676.0
estradiol valerate,2,0,4,1170.0,94.0,1076.0,1264,,
BRD-K39757396,1,0,4,1171.0,0.0,,1171,,
ncgc00182390-01,3,0,4,1173.0,487.42657566721437,1421.0,1606,492.0,
BRD-A77467113,2,0,4,1174.0,284.0,1458.0,890,,
BRD-K41429297,1,0,4,1174.0,0.0,,1174,,
BRD-A30395175,2,0,4,1174.5,244.5,1419.0,930,,
BRD-A30455275,1,0,4,1175.0,0.0,,1175,,
BRD-K86761848,2,0,4,1177.0,175.0,1352.0,1002,,
triamcinolone acetonide,1,0,4,1177.0,0.0,,1177,,
piretanide,3,0,4,1177.6666666666667,669.8678144894624,1105.0,2032,396.0,
BRD-A37735495,3,0,4,1178.0,1075.9656128334213,859.0,2626,49.0,
yc-1,1,0,4,1178.0,0.0,,1178,,
SB-525334,4,0,4,1180.5,503.55660059222737,1448.0,1874,697.0,703.0
aloisine a,1,0,4,1183.0,0.0,,1183,,
BRD-K51443908,2,0,4,1183.5,500.5,1684.0,683,,
phenothiazine,2,0,4,1184.5,455.5,729.0,1640,,
BRD-K42489623,2,0,4,1185.5,115.5,1070.0,1301,,
periplocymarin,4,0,4,1186.0,452.0940167708482,1639.0,1637,721.0,747.0
tiabendazole,1,0,4,1186.0,0.0,,1186,,
zk 164015,2,0,4,1186.0,1145.0,41.0,2331,,
methyltestosterone,3,0,4,1186.6666666666667,589.5452107816292,1124.0,1938,498.0,
BRD-K60690191,1,0,4,1188.0,0.0,,1188,,
PHA-793887,4,0,4,1188.25,509.9599861753861,1506.0,1859,674.0,714.0
linolenic acid (18:3 n-3),3,0,4,1188.6666666666667,881.1512671247517,896.0,2384,286.0,
BRD-K28907958,4,0,4,1188.75,683.1750782193391,1611.0,2064,339.0,741.0
UNC669,2,0,4,1189.0,467.0,722.0,1656,,
t5715534,1,0,4,1189.0,0.0,,1189,,
BRD-K16533489,3,0,4,1190.0,509.6488987528571,1137.0,1839,,594.0
jas07 005,1,0,4,1190.0,0.0,,1190,,
prestw-550,2,0,4,1190.0,121.0,1069.0,1311,,
BRD-K60297835,1,0,4,1191.0,0.0,,1191,,
BRD-K88868628,2,0,4,1191.5,628.5,563.0,1820,,
BRD-K34363599,3,0,4,1193.0,694.0739633977539,1181.0,2049,349.0,
r(+)-6-bromo-apb,3,0,4,1194.3333333333333,716.7195329338309,1009.0,2150,424.0,
BRD-K77547509,3,0,4,1194.6666666666667,433.8942523498349,1282.0,1677,625.0,
a-275,3,0,4,1195.0,344.0067828788652,1536.0,1325,,724.0
terbutaline hemisulfate,1,0,4,1195.0,0.0,,1195,,
BRD-K15592317,2,0,4,1195.5,302.5,893.0,1498,,
5-nonyloxytryptamine,3,0,4,1196.0,354.92064840843886,1420.0,1473,,695.0
TPCA-1,4,0,4,1196.0,573.1819082978806,1520.0,1969,577.0,718.0
celecoxib,1,0,4,1196.0,0.0,,1196,,
BRD-K00486725,2,0,4,1196.5,784.5,412.0,1981,,
vu0402605,1,0,4,1198.0,0.0,,1198,,
BRD-K34508425,2,0,4,1202.5,763.5,439.0,1966,,
bmy 45778,3,0,4,1203.6666666666667,640.3708994706808,999.0,2070,542.0,
BRD-K46171503,2,0,4,1204.5,107.5,1097.0,1312,,
forskolin,3,0,4,1205.0,381.3511068119072,1594.0,1334,687.0,
ncgc00182615-01,1,0,4,1206.0,0.0,,1206,,
ac-1133,1,0,4,1208.0,0.0,,1208,,
BRD-K82580504,2,0,4,1210.0,163.0,1047.0,1373,,
dabrafenib,4,0,4,1210.75,448.2155591899951,1603.0,1711,789.0,740.0
6-diazo-5-oxo-l-norleucine,3,0,4,1211.3333333333333,572.1843137389287,1095.0,1963,,576.0
BRD-A68739437,3,0,4,1211.6666666666667,461.97931651632297,1403.0,1657,575.0,
BRD-K76698671,1,0,4,1212.0,0.0,,1212,,
ki 8751,3,0,4,1212.0,472.65843904451765,1525.0,1567,544.0,
prednisolone,3,0,4,1213.6666666666667,386.3826543150657,1695.0,1197,749.0,
BRD-K43226598,2,0,4,1214.0,764.0,450.0,1978,,
corticosterone,2,0,4,1214.0,618.0,596.0,1832,,
BRD-K87573634,1,0,4,1215.0,0.0,,1215,,
prima-1 met,2,0,4,1216.5,104.5,1112.0,1321,,
CHIR-99021,4,0,4,1216.75,690.5604155321965,1523.0,2192,432.0,720.0
BRD-K72615639,3,0,4,1218.0,640.9217320911085,1447.0,1863,344.0,
YM-201636,4,0,4,1218.0,704.7996169124953,1244.0,2360,631.0,637.0
XMD16-144,4,0,4,1218.25,478.20046790023116,1669.0,1723,729.0,752.0
BRD-K45435259,2,0,4,1219.0,118.0,1337.0,1101,,
flunarizine dihydrochloride,1,0,4,1219.0,0.0,,1219,,
s1452,3,0,4,1221.6666666666667,548.6865123992833,1223.0,1893,549.0,
stk661558,2,0,4,1223.0,107.0,1330.0,1116,,
BRD-K71935468,2,0,4,1223.5,728.5,495.0,1952,,
barasertib,2,0,4,1226.5,195.5,1422.0,1031,,
salubrinal,2,0,4,1226.5,398.5,1625.0,828,,
hy-10181,3,0,4,1227.3333333333333,576.329959504295,1114.0,1983,,585.0
BRD-K38625260,2,0,4,1229.0,69.0,1160.0,1298,,
structure possibly contains amino acid derivative which is not supported in current version!,1,0,4,1229.0,0.0,,1229,,
nsc 3852,3,0,4,1230.3333333333333,356.44292047332846,1559.0,1397,735.0,
m-3m3fbs,4,0,4,1231.0,515.4929679442776,1590.0,1882,716.0,736.0
BRD-K92317137,4,0,4,1233.25,758.8670420435981,1521.0,2329,364.0,719.0
k784-3188,3,0,4,1234.0,721.7534204976101,962.0,2222,,518.0
sarmentogenin,3,0,4,1236.6666666666667,440.353141113912,1406.0,1671,633.0,
dcpib,2,0,4,1237.0,188.0,1425.0,1049,,
su11652,4,0,4,1237.5,540.6017480548875,1668.0,1876,655.0,751.0
tripelennamine citrate,2,0,4,1240.5,458.5,782.0,1699,,
nylidrin hydrochloride,1,0,4,1242.0,0.0,,1242,,
BRD-K14316227,2,0,4,1243.0,373.0,870.0,1616,,
AGK-2,2,0,4,1243.5,1132.5,111.0,2376,,
PF 573228,3,0,4,1243.6666666666667,456.4357080198213,1694.0,1419,618.0,
ketoprofen,2,0,4,1244.0,552.0,692.0,1796,,
l-sulforophane,3,0,4,1245.0,376.93766062838563,1504.0,1519,,712.0
blebbistatin,2,0,4,1246.0,117.0,1129.0,1363,,
latanoprost,1,0,4,1246.0,0.0,,1246,,
NVP-BEZ235,4,0,4,1246.75,578.7298052632161,1575.0,2029,650.0,733.0
nsc 663284,4,0,4,1247.0,709.858084408426,1449.0,2318,517.0,704.0
carmofur,2,0,4,1247.5,283.5,964.0,1531,,
BRD-K36354764,3,0,4,1248.3333333333333,555.4663706192201,1171.0,1964,,610.0
BRD-K88008216,1,0,4,1250.0,0.0,,1250,,
am 404,3,0,4,1251.6666666666667,917.2808851285533,1093.0,2446,216.0,
BRD-K57080016,3,0,4,1252.3333333333333,538.0249890933402,1202.0,1935,,620.0
t018500,2,0,4,1253.0,265.0,1518.0,988,,
herniarin,3,0,4,1253.6666666666667,456.0514103573071,1163.0,1852,746.0,
pd 158780,1,0,4,1255.0,0.0,,1255,,
BRD-K06436323,2,0,4,1259.0,209.0,1050.0,1468,,
testosterone propionate,3,0,4,1259.3333333333333,602.6620575044985,1306.0,1973,499.0,
erythromycin estolate,1,0,4,1260.0,0.0,,1260,,
ncgc00182393-01,3,0,4,1260.6666666666667,508.6992125892165,1254.0,1887,,641.0
BRD-A48631911,1,0,4,1262.0,0.0,,1262,,
BRD-K82732294,3,0,4,1263.0,509.4022640965258,1353.0,1837,599.0,
compound 58,2,0,4,1266.0,151.0,1417.0,1115,,
prednicarbate,3,0,4,1266.6666666666667,521.4136766735431,1165.0,1950,685.0,
dmeob,1,0,4,1267.0,0.0,,1267,,
ketorolac tromethamine,2,0,4,1269.5,163.5,1106.0,1433,,
BRD-K33680967,1,0,4,1270.0,0.0,,1270,,
ncgc00167107-01,2,0,4,1273.5,672.5,601.0,1946,,
linsitinib,3,0,4,1274.0,384.7908522821196,1558.0,1534,,730.0
ncgc00184716-01,3,0,4,1274.6666666666667,554.2516476194626,1346.0,1915,563.0,
quipazine dimaleate salt,1,0,4,1275.0,0.0,,1275,,
nsc 23766,3,0,4,1278.0,385.2436458485288,1588.0,1511,,735.0
tizanidine hcl,2,0,4,1281.5,101.5,1383.0,1180,,
lovastatin,3,0,4,1281.6666666666667,465.70185980112024,1363.0,1807,675.0,
capsazepine,1,0,4,1286.0,0.0,,1286,,
PF-3758309,4,0,4,1286.75,735.1164448575478,1465.0,2413,562.0,707.0
oligomycin c,1,0,4,1287.0,0.0,,1287,,
BRD-A57107094,2,0,4,1287.5,227.5,1060.0,1515,,
BRD-A68930007 (ouabain),2,0,4,1289.0,444.0,1733.0,845,,
KU-60019,4,0,4,1290.0,849.9097010859448,1683.0,2465,256.0,756.0
cjd-pla-49-3,2,0,4,1290.0,74.0,1364.0,1216,,
mrs 1334,1,0,4,1290.0,0.0,,1290,,
indatraline,1,0,4,1291.0,0.0,,1291,,
BRD-K00954209,2,0,4,1291.5,193.5,1098.0,1485,,
BRD-K37150847,1,0,4,1292.0,0.0,,1292,,
gr-103,3,0,4,1292.0,729.9675791887381,937.0,2309,630.0,
BRD-K56515112 (medrysone),2,0,4,1292.5,16.5,1276.0,1309,,
BRD-K61105081,2,0,4,1292.5,371.5,921.0,1664,,
isoreserpine,1,0,4,1295.0,0.0,,1295,,
lanatoside c,2,0,4,1295.0,447.0,848.0,1742,,
ncgc00182364-01,3,0,4,1295.3333333333333,465.92154799803893,1473.0,1756,657.0,
ABT-737,2,0,4,1296.0,191.0,1487.0,1105,,
BRD-K36055864 (cycloheximide),4,0,4,1297.5,802.5161992134489,1734.0,2370,323.0,763.0
btb06091sc,2,0,4,1297.5,34.5,1332.0,1263,,
BRD-A80960055,2,0,4,1299.5,519.5,780.0,1819,,
BRD-U33728988,4,0,4,1299.75,640.2048012159859,1664.0,2163,622.0,750.0
15-delta prostaglandin j2,2,0,4,1302.0,5.0,1297.0,1307,,
"camptothecine (s,+)",2,0,4,1302.0,326.0,1628.0,976,,
BRD-K35716340,4,0,4,1302.75,632.5477748755425,1551.0,2226,706.0,728.0
kenpaullone,2,0,4,1303.5,190.5,1494.0,1113,,
prenylamine lactate,2,0,4,1304.0,905.0,399.0,2209,,
tivozanib,4,0,4,1304.5,551.7374828666257,1756.0,1948,747.0,767.0
Y-39983,4,0,4,1304.75,749.446587489729,1791.0,2257,400.0,771.0
cgs 21680 hydrochloride,2,0,4,1305.0,362.0,943.0,1667,,
deguelin(-),2,0,4,1305.5,25.5,1280.0,1331,,
r-96544 hydrochloride,2,0,4,1305.5,72.5,1233.0,1378,,
menadione,4,0,4,1305.75,633.0412210117127,1462.0,2276,779.0,706.0
BRD-K02223034,3,0,4,1306.3333333333333,811.3512734253203,1079.0,2394,446.0,
BRD-A52193669,3,0,4,1307.3333333333333,754.374059881583,1376.0,2195,351.0,
ml 3163,2,0,4,1308.0,36.0,1344.0,1272,,
mls-0075347.0001,2,0,4,1309.0,904.0,405.0,2213,,
GSK-J4,3,0,4,1309.3333333333333,380.9394819244769,1718.0,1409,801.0,
gr 32191 hydrochloride,2,0,4,1309.5,452.5,1762.0,857,,
penfluridol,4,0,4,1310.25,649.2119742426198,1654.0,2203,636.0,748.0
gyki 52466 hydrochloride,3,0,4,1310.3333333333333,674.4708213769435,1476.0,2041,414.0,
KW-2449,4,0,4,1311.5,768.8746646885954,1726.0,2349,409.0,762.0
pifithrin- a hydrobromide,2,0,4,1314.0,113.0,1201.0,1427,,
"reichstein/c,aeos substance/c-*s",1,0,4,1315.0,0.0,,1315,,
GSK-461364,4,0,4,1315.5,706.0642676130835,1657.0,2303,553.0,749.0
BRD-K10114046,1,0,4,1316.0,0.0,,1316,,
mw-a1-12,4,0,4,1318.75,650.0066826579555,1622.0,2239,670.0,744.0
cytarabine,2,0,4,1321.5,366.5,955.0,1688,,
BRD-K07403598,2,0,4,1322.0,482.0,840.0,1804,,
rifampicin,1,0,4,1322.0,0.0,,1322,,
INK-128,4,0,4,1323.75,676.3802092758185,1542.0,2336,691.0,726.0
ipratropium bromide,3,0,4,1324.3333333333333,462.5021321272176,1678.0,1624,671.0,
aloisine,2,0,4,1324.5,415.5,909.0,1740,,
levofloxacin,1,0,4,1327.0,0.0,,1327,,
olopatadine hydrochloride,1,0,4,1328.0,0.0,,1328,,
h5902,2,0,4,1329.0,187.0,1142.0,1516,,
mls-0425600,1,0,4,1329.0,0.0,,1329,,
s1252,2,0,4,1331.5,80.5,1412.0,1251,,
tl hras26 brd-k01877528,3,0,4,1331.6666666666667,641.6293495642342,1208.0,2172,615.0,
s2001,1,0,4,1332.0,0.0,,1332,,
BRD-K70871370,1,0,4,1336.0,0.0,,1336,,
BRD-K82837433,2,0,4,1337.0,748.0,589.0,2085,,
BRD-K85051645,1,0,4,1337.0,0.0,,1337,,
BRD-K98896788,2,0,4,1338.0,180.0,1158.0,1518,,
gm6001,3,0,4,1339.0,625.3356432082428,1286.0,2130,601.0,
citalopram hydrobromide,2,0,4,1340.0,226.0,1566.0,1114,,
iodipamide,3,0,4,1340.6666666666667,707.7180857438143,1456.0,2144,422.0,
WZ-7043,3,0,4,1342.3333333333333,487.40423560827713,1655.0,1718,654.0,
BRD-K92301463,3,0,4,1343.0,405.1970713944841,1624.0,1635,770.0,
indirubin-3-oxime,2,0,4,1343.5,773.5,570.0,2117,,
brazilin,3,0,4,1344.0,594.0723861618212,1331.0,2078,623.0,
BRD-A41250203,2,0,4,1345.5,147.5,1198.0,1493,,
BRD-K81365078,1,0,4,1346.0,0.0,,1346,,
flufenamic acid,2,0,4,1346.0,806.0,540.0,2152,,
psh 023,2,0,4,1347.0,122.0,1225.0,1469,,
gmx-1778,2,0,4,1348.5,832.5,516.0,2181,,
mammea a/ba + a/bb,2,0,4,1349.5,146.5,1203.0,1496,,
evista,2,0,4,1350.5,760.5,590.0,2111,,
BRD-K24861700,2,0,4,1351.5,746.5,605.0,2098,,
BRD-K11671649,3,0,4,1352.0,774.3672685920207,1618.0,2139,299.0,
mls-0390945.0001,1,0,4,1352.0,0.0,,1352,,
BRD-A84524947,1,0,4,1353.0,0.0,,1353,,
BRD-K84762162,2,0,4,1353.0,180.0,1173.0,1533,,
BRD-K31484631,1,0,4,1354.0,0.0,,1354,,
BRD-K53638321,2,0,4,1355.0,227.0,1128.0,1582,,
levonorgestrel,1,0,4,1357.0,0.0,,1357,,
carbazol-9-yl-p-tolyl-methanone,3,0,4,1357.6666666666667,816.1765876464616,1042.0,2477,,554.0
u0126,2,0,4,1358.0,269.0,1627.0,1089,,
BRD-K41925105,3,0,4,1358.3333333333333,527.50376512611,1401.0,1982,,692.0
ncgc00182353-01,2,0,4,1358.5,975.5,383.0,2334,,
sulconazole nitrate,2,0,4,1359.0,195.0,1164.0,1554,,
hy-10159,4,0,4,1359.75,687.6195805094558,1621.0,2368,707.0,743.0
mls-0146291.0001,2,0,4,1364.5,345.5,1019.0,1710,,
BRD-K08316444,1,0,4,1365.0,0.0,,1365,,
BRD-K01896723,2,0,4,1366.0,109.0,1257.0,1475,,
uk 356618,2,0,4,1366.5,704.5,662.0,2071,,
"amethopterin (r,s)",1,0,4,1368.0,0.0,,1368,,
protriptyline hydrochloride,2,0,4,1369.0,686.0,683.0,2055,,
BRD-K00366212,2,0,4,1370.5,677.5,693.0,2048,,
BRD-K05323277,2,0,4,1371.5,715.5,656.0,2087,,
BRD-K72817452,2,0,4,1372.0,179.0,1193.0,1551,,
mw-ras12,3,0,4,1372.6666666666667,640.829843943686,1267.0,2205,,646.0
WZ-4002,4,0,4,1372.75,757.7560210912217,1557.0,2536,669.0,729.0
indirubin-3?-monoxime,2,0,4,1373.0,673.0,700.0,2046,,
SGI-1776,3,0,4,1373.3333333333333,919.8247417609267,1766.0,2251,103.0,
JWE-035,4,0,4,1375.75,654.9184586648936,1746.0,2263,728.0,766.0
labetalol hydrochloride,1,0,4,1376.0,0.0,,1376,,
lomatin,2,0,4,1376.5,101.5,1275.0,1478,,
"ici 192,605",2,0,4,1379.0,443.0,936.0,1822,,
BRD-K82857306,2,0,4,1379.5,447.5,932.0,1827,,
KIN001-043,4,0,4,1380.75,693.5655610683102,1681.0,2377,710.0,755.0
BRD-K10554164,1,0,4,1381.0,0.0,,1381,,
mls-0437446.0001,3,0,4,1381.3333333333333,451.0560448054716,1776.0,1618,750.0,
paclitaxel,3,0,4,1382.3333333333333,596.6474857252164,1404.0,2102,641.0,
BRD-K49814456,2,0,4,1382.5,346.5,1036.0,1729,,
VE821,4,0,4,1382.75,661.5063775202776,1700.0,2315,758.0,758.0
mls-0425618,3,0,4,1384.0,822.9232446994474,1026.0,2522,604.0,
sq 22536,1,0,4,1384.0,0.0,,1384,,
ncgc00181381-01,3,0,4,1384.6666666666667,752.9538867391253,1272.0,2358,524.0,
am-251,1,0,4,1385.0,0.0,,1385,,
thiotepa,3,0,4,1385.3333333333333,577.9067591075764,1451.0,2058,647.0,
ursolic acid,2,0,4,1385.5,218.5,1167.0,1604,,
idoxuridine,1,0,4,1386.0,0.0,,1386,,
formoterol hemifumarate,1,0,4,1387.0,0.0,,1387,,
BRD-K08463963,2,0,4,1388.0,347.0,1735.0,1041,,
BRD-K97274161,1,0,4,1388.0,0.0,,1388,,
tretinoin,2,0,4,1391.0,597.0,794.0,1988,,
s1222,2,0,4,1393.0,567.0,826.0,1960,,
karakoline,1,0,4,1398.0,0.0,,1398,,
JW55,3,0,4,1399.3333333333333,785.824973444398,1808.0,2090,300.0,
nsc 632839 hydrochloride,3,0,4,1400.6666666666667,652.372252288182,1303.0,2244,,655.0
d3943,2,0,4,1402.0,97.0,1499.0,1305,,
ruxolitinib,2,0,4,1402.5,365.5,1768.0,1037,,
gavestinel,1,0,4,1404.0,0.0,,1404,,
BRD-K89329876,2,0,4,1405.0,209.0,1196.0,1614,,
BRD-K91509126 (piceatannol),1,0,4,1405.0,0.0,,1405,,
strophanthidin,3,0,4,1405.3333333333333,551.7906205155076,1488.0,2036,692.0,
BRD-K55536701,1,0,4,1406.0,0.0,,1406,,
MK-1775,4,0,4,1407.0,655.2358354058483,1807.0,2275,773.0,773.0
finasteride,1,0,4,1407.0,0.0,,1407,,
nrb 03823,2,0,4,1407.0,810.0,597.0,2217,,
digoxigenin,3,0,4,1408.0,838.5718017359436,1418.0,2430,376.0,
s1174,1,0,4,1408.0,0.0,,1408,,
BRD-K88832793,1,0,4,1413.0,0.0,,1413,,
SYK-inhibitor,4,0,4,1413.0,709.3719052795931,1744.0,2418,725.0,765.0
digitoxin,3,0,4,1413.3333333333333,504.9002101625847,1569.0,1939,,732.0
gliquidone,2,0,4,1415.0,215.0,1200.0,1630,,
gr-207,1,0,4,1415.0,0.0,,1415,,
coumestrol,1,0,4,1416.0,0.0,,1416,,
BRD-A31312900,2,0,4,1416.5,181.5,1235.0,1598,,
BRD-K55827386,3,0,4,1416.6666666666667,472.6565584250601,1642.0,1849,759.0,
CX-5461,4,0,4,1417.5,780.9034831526877,1793.0,2513,592.0,772.0
AZ20,4,0,4,1418.0,661.135765179891,1814.0,2299,785.0,774.0
isocarboxazid,1,0,4,1420.0,0.0,,1420,,
BRD-K29143967,2,0,4,1422.5,223.5,1199.0,1646,,
ncgc00165289-01,3,0,4,1423.6666666666667,556.9095278608746,1492.0,2069,,710.0
BRD-K05520923,1,0,4,1424.0,0.0,,1424,,
3-methyladenine,2,0,4,1425.0,354.0,1071.0,1779,,
AST1306,3,0,4,1425.6666666666667,507.51967668477863,1818.0,1750,709.0,
ncgc00185090-03,3,0,4,1428.3333333333333,579.0684089312956,1653.0,1998,634.0,
BRD-K93754473 (tamoxifen citrate),2,0,4,1428.5,693.5,735.0,2122,,
np-009169,2,0,4,1429.0,925.0,504.0,2354,,
4-demethoxydaunorubicin hydrochloride (65),3,0,4,1430.6666666666667,526.4790805171865,1560.0,2001,,731.0
BRD-K89451433,2,0,4,1432.5,127.5,1305.0,1560,,
BRD-K72381041,3,0,4,1433.3333333333333,622.8334894300045,1555.0,2128,617.0,
GSK-1070916,4,0,4,1434.5,733.0335940460028,1714.0,2509,754.0,761.0
emetine,4,0,4,1436.0,689.857594000385,1785.0,2397,792.0,770.0
mwp00339,1,0,4,1436.0,0.0,,1436,,
remacemide hydrochloride,2,0,4,1437.0,1158.0,279.0,2595,,
sb 431542,2,0,4,1439.0,378.0,1061.0,1817,,
BRD-K18163752,2,0,4,1440.0,236.0,1676.0,1204,,
iodophenpropit dihydrobromide,2,0,4,1441.5,224.5,1217.0,1666,,
BRD-K78373679,1,0,4,1444.0,0.0,,1444,,
BRD-K79554012,2,0,4,1444.5,462.5,982.0,1907,,
BRD-K33116223,1,0,4,1449.0,0.0,,1449,,
strophantine octahydrate,3,0,4,1449.0,668.6169805401794,1541.0,2218,588.0,
D-4476,3,0,4,1449.6666666666667,513.5953876566866,1554.0,2020,775.0,
ru 24969,3,0,4,1449.6666666666667,868.1130238754757,1086.0,2647,616.0,
minoxidil,2,0,4,1450.0,40.0,1410.0,1490,,
s1148,2,0,4,1450.0,816.0,634.0,2266,,
phenformin hydrochloride,3,0,4,1452.3333333333333,708.1508000105313,1568.0,2256,533.0,
desoximetasone,1,0,4,1453.0,0.0,,1453,,
ncgc00188530-01,2,0,4,1453.0,128.0,1325.0,1581,,
ly 225910,2,0,4,1456.0,282.0,1174.0,1738,,
BRD-U04166717,1,0,4,1457.0,0.0,,1457,,
leflunomide,2,0,4,1458.0,249.0,1209.0,1707,,
s1104,2,0,4,1458.5,97.5,1361.0,1556,,
7b-cis,3,0,4,1458.6666666666667,590.8278561100142,1505.0,2158,,713.0
BRD-K72264770,1,0,4,1459.0,0.0,,1459,,
BRD-K28100108,1,0,4,1461.0,0.0,,1461,,
jzl-184,2,0,4,1461.0,229.0,1232.0,1690,,
BRD-K00944562,1,0,4,1463.0,0.0,,1463,,
methylandrostenediol,3,0,4,1464.0,736.5464456954949,1450.0,2373,569.0,
biperiden hydrochloride,2,0,4,1465.0,254.0,1211.0,1719,,
naloxone hydrochloride,2,0,4,1465.0,56.0,1409.0,1521,,
CYT387,3,0,4,1466.6666666666667,686.817459171083,1370.0,2352,,678.0
BRD-K65366129,2,0,4,1469.5,320.5,1149.0,1790,,
thiophene-2-carboxylic acid benzothiazol-2-ylamide mls-0446110.0001,3,0,4,1469.6666666666667,482.6526241051172,1864.0,1755,790.0,
BRD-K26849279,2,0,4,1471.5,622.5,849.0,2094,,
SB-203580,3,0,4,1474.3333333333333,626.3068115725888,1634.0,2149,640.0,
sb 239063,1,0,4,1476.0,0.0,,1476,,
BRD-K28916077,2,0,4,1477.0,135.0,1612.0,1342,,
ncgc00010428-03,1,0,4,1477.0,0.0,,1477,,
UNC0638,3,0,4,1478.0,819.6621255127018,1761.0,2310,363.0,
brivanib,2,0,4,1478.5,388.5,1867.0,1090,,
k3644,2,0,4,1478.5,589.5,889.0,2068,,
stk222600,1,0,4,1479.0,0.0,,1479,,
"l-741,742 hydrochloride",1,0,4,1480.0,0.0,,1480,,
(e)-capsaicin,2,0,4,1482.0,733.0,749.0,2215,,
BRD-K77830450 (forskolin),1,0,4,1482.0,0.0,,1482,,
mafenide hydrochloride,2,0,4,1482.0,43.0,1439.0,1525,,
BRD-K14704318,3,0,4,1482.3333333333333,828.1535016059657,1261.0,2589,597.0,
anisomycin,4,0,4,1484.25,757.3464778422093,1779.0,2591,798.0,769.0
BRD-K94544211,2,0,4,1485.0,407.0,1078.0,1892,,
"na-tosyl-lys chloromethyl ketone, hydrochloride",3,0,4,1487.6666666666667,603.244744877419,1679.0,2112,672.0,
"r(-)-2,10,11-trihydroxy-n-propyl-noraporphine",1,0,4,1488.0,0.0,,1488,,
gamma-linolenic acid (18:3 n-6),2,0,4,1489.0,196.0,1293.0,1685,,
ncgc00184834-01,3,0,4,1489.0,712.0173218866706,1573.0,2316,578.0,
LY2603618,4,0,4,1491.75,778.9256623709351,1773.0,2642,784.0,768.0
vu0420364-1,2,0,4,1493.0,172.0,1321.0,1665,,
nsc 693868,2,0,4,1495.0,441.0,1054.0,1936,,
h-5832,2,0,4,1495.5,258.5,1237.0,1754,,
BRD-A94570195,2,0,4,1496.0,234.0,1262.0,1730,,
BRD-K73945663,1,0,4,1497.0,0.0,,1497,,
mirtazapine,2,0,4,1497.0,308.0,1189.0,1805,,
x0379,2,0,4,1497.5,138.5,1636.0,1359,,
lawsone,3,0,4,1498.0,869.7658688788993,1601.0,2508,385.0,
raltitrexed,3,0,4,1498.3333333333333,752.62223075207,1396.0,2467,632.0,
BRD-A31374339,1,0,4,1499.0,0.0,,1499,,
clopidogrel,2,0,4,1499.0,495.0,1004.0,1994,,
e0886,2,0,4,1499.5,671.5,828.0,2171,,
nu 1025,2,0,4,1499.5,75.5,1424.0,1575,,
BRD-K96274284,1,0,4,1500.0,0.0,,1500,,
BRD-K39829853,2,0,4,1502.5,573.5,929.0,2076,,
pd 98059,2,0,4,1502.5,355.5,1147.0,1858,,
olaparib,3,0,4,1507.0,910.6770375202543,1730.0,2494,297.0,
ncgc00181375-01,1,0,4,1508.0,0.0,,1508,,
pyrrolidinedithiocarbamate ammonium,2,0,4,1508.5,76.5,1432.0,1585,,
risperidone,1,0,4,1509.0,0.0,,1509,,
BRD-K64525051,1,0,4,1513.0,0.0,,1513,,
BRD-A06664848,2,0,4,1513.5,485.5,1028.0,1999,,
vu0365118-1,1,0,4,1517.0,0.0,,1517,,
hts 10765,2,0,4,1517.5,392.5,1125.0,1910,,
BRD-K53423944,3,0,4,1520.0,757.7787715861843,1706.0,2341,513.0,
BRD-K12762134,2,0,4,1521.0,343.0,1178.0,1864,,
evodiamine,2,0,4,1521.5,166.5,1688.0,1355,,
loteprednol,1,0,4,1522.0,0.0,,1522,,
elesclomol,2,0,4,1522.5,70.5,1452.0,1593,,
BRD-K98714523,1,0,4,1523.0,0.0,,1523,,
jlk 6,2,0,4,1524.5,489.5,1035.0,2014,,
C646,3,0,4,1524.6666666666667,796.3120549689605,1662.0,2424,488.0,
s1352,1,0,4,1527.0,0.0,,1527,,
calyculin a,3,0,4,1528.0,728.6535527944676,1586.0,2390,608.0,
docetaxel,2,0,4,1529.5,44.5,1485.0,1574,,
ed csc 15,2,0,4,1529.5,95.5,1434.0,1625,,
hycanthone,2,0,4,1530.0,878.0,652.0,2408,,
BRD-K33045404,2,0,4,1534.0,162.0,1696.0,1372,,
indirubin,1,0,4,1536.0,0.0,,1536,,
ftt,2,0,4,1537.0,694.0,843.0,2231,,
mw-a1-14 brd-k32010074,1,0,4,1537.0,0.0,,1537,,
sdm25n hydrochloride,2,0,4,1538.5,203.5,1742.0,1335,,
mls-0435541.0001,2,0,4,1539.0,247.0,1292.0,1786,,
KIN001-127,3,0,4,1539.3333333333333,744.625334573629,1384.0,2519,715.0,
KIN001-260;,2,0,4,1540.0,297.0,1837.0,1243,,
s1022,2,0,4,1541.0,104.0,1645.0,1437,,
cgs 9343b,1,0,4,1542.0,0.0,,1542,,
etomidate,3,0,4,1543.6666666666667,695.6250586502921,1739.0,2281,611.0,
BRD-K52099002,1,0,4,1544.0,0.0,,1544,,
c247,2,0,4,1545.0,257.0,1288.0,1802,,
prochlorperazine edisylate,1,0,4,1545.0,0.0,,1545,,
CGK-733,3,0,4,1545.3333333333333,583.7878229478773,1702.0,2169,765.0,
articaine hydrochloride,2,0,4,1546.5,251.5,1295.0,1798,,
sew 05685,1,0,4,1547.0,0.0,,1547,,
BRD-K83691318,1,0,4,1549.0,0.0,,1549,,
BRD-K03176945,2,0,4,1551.0,166.0,1385.0,1717,,
homosalate,2,0,4,1551.0,354.0,1197.0,1905,,
BRD-K78701355,3,0,4,1552.0,886.7213015748898,1498.0,2664,494.0,
nsc 95397,3,0,4,1553.0,595.4695626142448,1707.0,2193,,759.0
papaverine hydrochloride,2,0,4,1554.0,15.0,1539.0,1569,,
BRD-K78524708,2,0,4,1554.5,19.5,1574.0,1535,,
ezetimibe,1,0,4,1557.0,0.0,,1557,,
kuc103443n,1,0,4,1558.0,0.0,,1558,,
escitalopram oxalate,1,0,4,1561.0,0.0,,1561,,
BRD-K67470788,2,0,4,1561.5,481.5,1080.0,2043,,
ALW-II-38-3,3,0,4,1562.6666666666667,648.8309144573458,1741.0,2253,694.0,
BRD-K56593336,2,0,4,1564.0,407.0,1157.0,1971,,
cinanserin,1,0,4,1565.0,0.0,,1565,,
gibberellic acid,1,0,4,1566.0,0.0,,1566,,
BRD-K68191783,1,0,4,1568.0,0.0,,1568,,
(-)-gallocatechin gallate,2,0,4,1569.5,68.5,1501.0,1638,,
ag 957,3,0,4,1570.0,740.585354072484,1400.0,2550,760.0,
t5345967,2,0,4,1570.0,211.0,1359.0,1781,,
triamterene,1,0,4,1571.0,0.0,,1571,,
fenobam,1,0,4,1572.0,0.0,,1572,,
BRD-K52914903,2,0,4,1573.0,163.0,1736.0,1410,,
am580,1,0,4,1573.0,0.0,,1573,,
BRD-K67870070,2,0,4,1574.0,117.0,1457.0,1691,,
b3063,2,0,4,1574.0,99.0,1475.0,1673,,
mls-0454435.0001,1,0,4,1576.0,0.0,,1576,,
QL-XI-92,3,0,4,1576.3333333333333,935.5712455797022,1842.0,2566,321.0,
ncgc00189555-02,1,0,4,1577.0,0.0,,1577,,
decitabine,3,0,4,1578.0,656.2032205549335,1638.0,2350,,746.0
zoxazolamine,1,0,4,1578.0,0.0,,1578,,
BRD-K52446745,2,0,4,1578.5,41.5,1537.0,1620,,
BRD-K18726304,2,0,4,1579.0,445.0,1134.0,2024,,
bd 1063 dihydrochloride,2,0,4,1580.5,186.5,1767.0,1394,,
calcipotriene,1,0,4,1583.0,0.0,,1583,,
azacyclonol,1,0,4,1584.0,0.0,,1584,,
sodium dehydrocholate,2,0,4,1586.0,486.0,1100.0,2072,,
mycophenolate mofetil,2,0,4,1586.5,76.5,1510.0,1663,,
fgin-1-27,2,0,4,1587.5,84.5,1503.0,1672,,
ncgc00183371-01,2,0,4,1588.5,133.5,1455.0,1722,,
2-chloroadenosine,1,0,4,1590.0,0.0,,1590,,
"dibutyryl-camp, sodium salt",2,0,4,1590.5,78.5,1512.0,1669,,
masitinib,2,0,4,1592.0,433.0,1159.0,2025,,
diphenylcyclopropenone,2,0,4,1593.0,568.0,1025.0,2161,,
BRD-U73238814,2,0,4,1595.5,69.5,1665.0,1526,,
brinzolamide,1,0,4,1596.0,0.0,,1596,,
BRD-K72307842,2,0,4,1597.5,669.5,928.0,2267,,
mls-0390857.0001,1,0,4,1600.0,0.0,,1600,,
cycloheximide,3,0,4,1600.3333333333333,646.7355633401405,1805.0,2270,726.0,
kuc103672 kuc103672n,1,0,4,1601.0,0.0,,1601,,
tcs 359,2,0,4,1602.0,840.0,762.0,2442,,
arctigenin,3,0,4,1602.3333333333333,640.4583428208964,1858.0,2227,722.0,
prostaglandin a1,3,0,4,1602.6666666666667,647.3568481825839,1757.0,2307,744.0,
BRD-K74949371,1,0,4,1603.0,0.0,,1603,,
ncgc00182380-01,3,0,4,1603.0,794.108724713856,1667.0,2542,600.0,
BRD-K37694030 (doxepin hydrochloride),2,0,4,1603.5,267.5,1336.0,1871,,
bw-b 70c,3,0,4,1605.6666666666667,630.7954413983101,1860.0,2219,738.0,
meprylcaine hydrochloride,1,0,4,1608.0,0.0,,1608,,
BRD-K57592392,1,0,4,1609.0,0.0,,1609,,
testosterone,2,0,4,1610.5,34.5,1576.0,1645,,
tipifarnib-p2,2,0,4,1610.5,100.5,1711.0,1510,,
zm 39923 hydrochloride,2,0,4,1611.5,380.5,1231.0,1992,,
valyltryptophan,1,0,4,1613.0,0.0,,1613,,
BRD-K77877933,3,0,4,1613.6666666666667,778.9383087824664,1615.0,2567,659.0,
fu jmbii105b,3,0,4,1614.3333333333333,817.8738017295551,1592.0,2627,624.0,
purvalanol a,3,0,4,1614.3333333333333,724.3895514308736,1593.0,2512,,738.0
piceatannol,2,0,4,1614.5,748.5,866.0,2363,,
rhizocarpic acid,2,0,4,1614.5,128.5,1743.0,1486,,
BRD-A50774520,2,0,4,1615.0,6.0,1609.0,1621,,
gr 55562 dihydrochloride,1,0,4,1615.0,0.0,,1615,,
penicillin g potassium,2,0,4,1615.5,855.5,760.0,2471,,
rs 39604 hydrochloride,2,0,4,1616.0,380.0,1236.0,1996,,
s1475,2,0,4,1616.5,120.5,1496.0,1737,,
gw 7647,3,0,4,1616.6666666666667,797.3515884197858,1605.0,2599,646.0,
BRD-K17023947,1,0,4,1617.0,0.0,,1617,,
cefixime,3,0,4,1618.0,752.0855447797588,1690.0,2501,663.0,
ncgc00183244-01,2,0,4,1621.0,276.0,1345.0,1897,,
rolipram,3,0,4,1622.6666666666667,753.7737650574534,1724.0,2491,653.0,
nelfinavir,1,0,4,1623.0,0.0,,1623,,
caffeic acid phenethyl ester,3,0,4,1625.0,646.656529130161,1839.0,2288,748.0,
BRD-K31688005,1,0,4,1626.0,0.0,,1626,,
t5220758,2,0,4,1626.5,131.5,1495.0,1758,,
chaetocin,3,0,4,1626.6666666666667,659.718290046761,1780.0,2347,753.0,
dcb,1,0,4,1627.0,0.0,,1627,,
phenamil,1,0,4,1628.0,0.0,,1628,,
imatinib,2,0,4,1634.0,232.0,1402.0,1866,,
BRD-K67090983,2,0,4,1635.5,151.5,1787.0,1484,,
ncgc00181920-01,2,0,4,1636.0,423.0,1213.0,2059,,
ho-013,2,0,4,1639.0,149.0,1490.0,1788,,
linoleic acid,1,0,4,1639.0,0.0,,1639,,
BRD-A95445494,2,0,4,1640.0,376.0,1264.0,2016,,
arvanil,2,0,4,1640.0,514.0,1126.0,2154,,
BRD-A80383043,3,0,4,1642.0,685.2945838591362,1728.0,2435,763.0,
BRD-K50204028,2,0,4,1642.0,845.0,797.0,2487,,
kuc104487 kuc104487n,1,0,4,1642.0,0.0,,1642,,
moclobemide,2,0,4,1643.0,592.0,1051.0,2235,,
oxindole i,2,0,4,1643.5,520.5,1123.0,2164,,
erythrosine sodium,2,0,4,1644.5,595.5,1049.0,2240,,
BRD-K88278225,2,0,4,1646.0,608.0,1038.0,2254,,
ncgc00183388-01,1,0,4,1647.0,0.0,,1647,,
bg fa 0953,2,0,4,1650.0,464.0,1186.0,2114,,
mls-0391006,1,0,4,1650.0,0.0,,1650,,
tamoxifen citrate,1,0,4,1651.0,0.0,,1651,,
BRD-A81282034,1,0,4,1652.0,0.0,,1652,,
h-8,2,0,4,1654.5,279.5,1375.0,1934,,
ethacrynic acid,2,0,4,1655.5,661.5,994.0,2317,,
sch 39166 hydrobromide,2,0,4,1656.5,283.5,1373.0,1940,,
gw 441756,1,0,4,1658.0,0.0,,1658,,
BRD-K74126469,2,0,4,1660.5,145.5,1515.0,1806,,
"vegf receptor 3 kinase inhibitor, maz51",2,0,4,1661.5,79.5,1582.0,1741,,
emd 386088 hydrochloride,2,0,4,1663.0,471.0,1192.0,2134,,
BRD-K53461563,2,0,4,1664.0,135.0,1529.0,1799,,
BRD-K88198340,3,0,4,1665.6666666666667,781.5712095231986,1732.0,2588,677.0,
psb 36,2,0,4,1666.5,428.5,1238.0,2095,,
narciclasine,3,0,4,1666.6666666666667,678.252820774738,1801.0,2422,777.0,
ncgc00181736-02,2,0,4,1671.5,455.5,1216.0,2127,,
v4877,3,0,4,1674.0,752.9501975562528,1755.0,2553,714.0,
salmeterol,1,0,4,1675.0,0.0,,1675,,
oxaprozin,2,0,4,1677.5,817.5,860.0,2495,,
BRD-K91449330,1,0,4,1680.0,0.0,,1680,,
deracoxib,2,0,4,1680.0,197.0,1483.0,1877,,
hy-11068,2,0,4,1682.5,531.5,1151.0,2214,,
BRD-K80348542,3,0,4,1684.6666666666667,702.6389937624837,1781.0,2493,780.0,
NVP-BGJ398,2,0,4,1685.5,317.5,1368.0,2003,,
ribavirin,1,0,4,1687.0,0.0,,1687,,
BRD-K39345836,3,0,4,1688.0,809.662069425675,1763.0,2640,661.0,
BRD-K55722623,2,0,4,1688.0,844.0,844.0,2532,,
azacytidine-5,2,0,4,1688.5,161.5,1527.0,1850,,
BRD-K97926541,1,0,4,1689.0,0.0,,1689,,
glipizide,3,0,4,1690.3333333333333,769.952523788895,1784.0,2583,704.0,
XMD-1499,3,0,4,1690.6666666666667,713.0036621380161,1790.0,2510,772.0,
tyrphostin-AG-1478,3,0,4,1690.6666666666667,766.7795569059525,1792.0,2575,705.0,
stock1s-53863,2,0,4,1691.0,145.0,1546.0,1836,,
l-cis-diltiazem,2,0,4,1691.5,78.5,1613.0,1770,,
np-000732,3,0,4,1692.0,781.258386621652,1819.0,2579,678.0,
mls-0435555.0001,1,0,4,1694.0,0.0,,1694,,
crotamiton,1,0,4,1696.0,0.0,,1696,,
BRD-K52678950,2,0,4,1698.5,411.5,1287.0,2110,,
palda,2,0,4,1699.0,134.0,1565.0,1833,,
BRD-K05104363,2,0,4,1699.5,366.5,1333.0,2066,,
BRD-K70917163,1,0,4,1700.0,0.0,,1700,,
BMS-777607,3,0,4,1700.3333333333333,710.1053130033288,1846.0,2488,767.0,
sb 415286,3,0,4,1700.3333333333333,682.7573181999263,1868.0,2440,793.0,
cisapride,1,0,4,1701.0,0.0,,1701,,
BRD-K68437527,3,0,4,1701.3333333333333,789.863419979823,1749.0,2644,711.0,
st4029573,2,0,4,1702.0,316.0,1386.0,2018,,
ncgc00012852-02,1,0,4,1704.0,0.0,,1704,,
BRD-A19248578,2,0,4,1705.0,885.0,820.0,2590,,
vandetanib,2,0,4,1705.5,306.5,1399.0,2012,,
kuc104495 kuc104495n,3,0,4,1705.6666666666667,751.6871394107761,1823.0,2562,732.0,
BRD-K88329126,1,0,4,1706.0,0.0,,1706,,
11k-629s,2,0,4,1708.0,407.0,1301.0,2115,,
sulpiride,3,0,4,1708.0,693.7953588775296,1856.0,2474,794.0,
ncgc00181799-01,2,0,4,1710.5,157.5,1553.0,1868,,
mls-0091944.0001,1,0,4,1713.0,0.0,,1713,,
cinanserin hydrochloride,1,0,4,1714.0,0.0,,1714,,
BRD-A06929388,2,0,4,1714.5,98.5,1616.0,1813,,
hypericin,1,0,4,1715.0,0.0,,1715,,
calpeptin,2,0,4,1715.5,425.5,1290.0,2141,,
isoliquiritigenin,2,0,4,1715.5,67.5,1648.0,1783,,
stk674938,2,0,4,1715.5,119.5,1596.0,1835,,
emetine hydrochloride,3,0,4,1716.0,720.5030649946374,1799.0,2554,795.0,
kuc103428n,2,0,4,1720.0,290.0,1430.0,2010,,
s1485,2,0,4,1724.5,608.5,1116.0,2333,,
BRD-K53610452,1,0,4,1726.0,0.0,,1726,,
methazolamide,2,0,4,1727.5,388.5,1339.0,2116,,
flutamide,1,0,4,1728.0,0.0,,1728,,
ei-346,2,0,4,1732.5,262.5,1470.0,1995,,
BRD-K54687541,2,0,4,1733.0,49.0,1782.0,1684,,
stock4s-23872,1,0,4,1733.0,0.0,,1733,,
colchicine,1,0,4,1734.0,0.0,,1734,,
ginsenoside-rc,1,0,4,1735.0,0.0,,1735,,
BRD-A85891951,1,0,4,1736.0,0.0,,1736,,
ZM-447439,3,0,4,1736.0,809.7917427750585,1836.0,2674,698.0,
MLN-8054,3,0,4,1738.6666666666667,742.1214336092323,1853.0,2585,778.0,
BRD-K58306044,1,0,4,1739.0,0.0,,1739,,
l 655240,2,0,4,1739.0,295.0,1444.0,2034,,
np-001821,2,0,4,1742.0,311.0,1431.0,2053,,
amuvatinib,3,0,4,1743.0,806.8758681895664,1835.0,2682,712.0,
lidoflazine,1,0,4,1743.0,0.0,,1743,,
ikk-3 inhibitor ix,1,0,4,1745.0,0.0,,1745,,
nizatidine,2,0,4,1745.5,461.5,1284.0,2207,,
BS-181,2,0,4,1746.5,779.5,967.0,2526,,
stock2s-69948,1,0,4,1747.0,0.0,,1747,,
BRD-K63979920,1,0,4,1748.0,0.0,,1748,,
bisindolylmaleimide iv,2,0,4,1748.0,446.0,1302.0,2194,,
qs 11,2,0,4,1748.5,730.5,1018.0,2479,,
securinine,2,0,4,1748.5,289.5,1459.0,2038,,
triacsin-c,2,0,4,1749.0,108.0,1641.0,1857,,
12k-613s,2,0,4,1749.5,30.5,1719.0,1780,,
paxilline,2,0,4,1749.5,285.5,1464.0,2035,,
bosutinib,3,0,4,1751.0,771.3732343468151,1826.0,2656,771.0,
fluconazole,1,0,4,1751.0,0.0,,1751,,
ncgc00182388-01,3,0,4,1751.0,768.7474661204852,1838.0,2646,769.0,
flavokawain b,3,0,4,1751.6666666666667,748.9523052608594,1834.0,2625,796.0,
BRD-A85712510,1,0,4,1753.0,0.0,,1753,,
s1140,2,0,4,1755.0,220.0,1535.0,1975,,
BRD-K61175124,2,0,4,1755.5,499.5,1256.0,2255,,
BRD-K34495954,3,0,4,1755.6666666666667,808.2480367367983,1857.0,2691,719.0,
BRD-K67941506,3,0,4,1757.0,809.0306957505794,1827.0,2711,733.0,
s1455,2,0,4,1758.5,280.5,1478.0,2039,,
s1118,2,0,4,1759.0,486.0,1273.0,2245,,
aminolevulinic acid,1,0,4,1760.0,0.0,,1760,,
BRD-K06765193,2,0,4,1760.5,114.5,1646.0,1875,,
ncgc00188700-01,2,0,4,1761.0,370.0,1391.0,2131,,
isoquercitrin,1,0,4,1762.0,0.0,,1762,,
azathioprine,1,0,4,1763.0,0.0,,1763,,
rs 56812 hydrochloride,1,0,4,1765.0,0.0,,1765,,
ac-1121,1,0,4,1768.0,0.0,,1768,,
mls-0435534.0001,3,0,4,1768.6666666666667,772.77954309248,1855.0,2669,782.0,
BRD-K09186807,1,0,4,1769.0,0.0,,1769,,
BRD-K22215695,2,0,4,1769.0,308.0,1461.0,2077,,
arcyriaflavin a,1,0,4,1771.0,0.0,,1771,,
dihydrosamidin,3,0,4,1772.0,800.0304160884551,1831.0,2721,764.0,
FR-180204,1,0,4,1773.0,0.0,,1773,,
BRD-K83816656,2,0,4,1773.5,130.5,1643.0,1904,,
gw 3965 hydrochloride,1,0,4,1774.0,0.0,,1774,,
BRD-K16057611,1,0,4,1775.0,0.0,,1775,,
BRD-K79779816,1,0,4,1776.0,0.0,,1776,,
BRD-K35573744,1,0,4,1777.0,0.0,,1777,,
BRD-K98824517,2,0,4,1778.0,201.0,1577.0,1979,,
rifapentine,2,0,4,1780.0,312.0,1468.0,2092,,
metaproterenol,3,0,4,1780.3333333333333,787.60240956688,1854.0,2706,781.0,
BRD-K52080565,2,0,4,1780.5,431.5,1349.0,2212,,
KIN236,2,0,4,1781.0,184.0,1597.0,1965,,
skf 96365 hydrochloride,3,0,4,1781.3333333333333,801.3826939872249,1862.0,2720,762.0,
GSK-J1,3,0,4,1784.0,785.9783712036865,1866.0,2703,783.0,
cgs 12066b,2,0,4,1785.0,545.0,1240.0,2330,,
cyclo [arg-gly-asp-d-phe-val],2,0,4,1785.0,126.0,1659.0,1911,,
BRD-K00313977,2,0,4,1785.5,277.5,1508.0,2063,,
homoharringtonine,3,0,4,1788.6666666666667,779.3930687115171,1861.0,2705,800.0,
quizartinib,3,0,4,1789.3333333333333,786.0679925355623,1865.0,2712,791.0,
thiocolchicoside,3,0,4,1789.3333333333333,781.899538872411,1863.0,2708,797.0,
amiloride hydrochloride dihydrate,2,0,4,1790.0,928.0,862.0,2718,,
ncgc00182378-01,2,0,4,1791.5,265.5,1526.0,2057,,
benzamil hydrochloride,1,0,4,1795.0,0.0,,1795,,
lobendazole,2,0,4,1795.5,610.5,1185.0,2406,,
sb 366791,2,0,4,1797.5,13.5,1811.0,1784,,
s8822,2,0,4,1800.5,320.5,1480.0,2121,,
sildenafil citrate,2,0,4,1801.0,285.0,1516.0,2086,,
cdk1/5 inhibitor,2,0,4,1802.5,618.5,1184.0,2421,,
BRD-U86922168,2,0,4,1803.5,98.5,1705.0,1902,,
ncgc00182609-01,2,0,4,1806.0,200.0,1606.0,2006,,
s6005,2,0,4,1807.0,155.0,1652.0,1962,,
"n,n-hexamethyleneamiloride",2,0,4,1807.5,222.5,1585.0,2030,,
d0196,1,0,4,1810.0,0.0,,1810,,
telmisartan,1,0,4,1812.0,0.0,,1812,,
doxycycline,1,0,4,1815.0,0.0,,1815,,
BRD-K03857568,2,0,4,1817.0,328.0,1489.0,2145,,
ncgc00182371-01,2,0,4,1817.5,286.5,1531.0,2104,,
BRD-A89352139,1,0,4,1818.0,0.0,,1818,,
BRD-K01868942,2,0,4,1818.5,405.5,1413.0,2224,,
fulvestrant,1,0,4,1821.0,0.0,,1821,,
praziquantel,2,0,4,1821.0,321.0,1500.0,2142,,
BRD-K31491153,2,0,4,1821.5,470.5,1351.0,2292,,
BRD-K99146421,2,0,4,1823.0,330.0,1493.0,2153,,
BRD-K73319509,2,0,4,1824.0,477.0,1347.0,2301,,
progesterone,2,0,4,1826.5,153.5,1673.0,1980,,
BRD-A49848186,2,0,4,1827.0,255.0,1572.0,2082,,
"l-733,060 hydrochloride",1,0,4,1828.0,0.0,,1828,,
norpramin,1,0,4,1830.0,0.0,,1830,,
ncgc00165199-01,2,0,4,1838.0,189.0,1649.0,2027,,
BRD-A98444709,2,0,4,1839.5,153.5,1686.0,1993,,
ncgc00185094-01,2,0,4,1841.5,241.5,1600.0,2083,,
BRD-K97936712,1,0,4,1842.0,0.0,,1842,,
BRD-A98248982,1,0,4,1843.0,0.0,,1843,,
BRD-A00420644,1,0,4,1844.0,0.0,,1844,,
indole-3-carbinol,2,0,4,1845.0,332.0,1513.0,2177,,
BRD-K68038686,1,0,4,1846.0,0.0,,1846,,
donepezil hydrochloride,1,0,4,1847.0,0.0,,1847,,
NU-7026,2,0,4,1847.5,41.5,1806.0,1889,,
mevastatin,2,0,4,1848.0,692.0,1156.0,2540,,
spironolactone,2,0,4,1849.0,489.0,1360.0,2338,,
BRD-K60218670,2,0,4,1849.5,332.5,1517.0,2182,,
BRD-K70714754,2,0,4,1852.5,543.5,1309.0,2396,,
ncgc00183243-01,1,0,4,1853.0,0.0,,1853,,
BRD-K82384352,2,0,4,1854.0,732.0,1122.0,2586,,
BRD-K86269644,1,0,4,1855.0,0.0,,1855,,
tranilast,2,0,4,1855.5,608.5,1247.0,2464,,
"chrysene-1,4-quinone",1,0,4,1856.0,0.0,,1856,,
cladribine,2,0,4,1859.5,87.5,1772.0,1947,,
butamben,1,0,4,1860.0,0.0,,1860,,
hexylresorcinol,2,0,4,1860.5,425.5,1435.0,2286,,
st638,1,0,4,1861.0,0.0,,1861,,
BRD-K22631935,2,0,4,1861.5,160.5,1701.0,2022,,
meclofenamic acid sodium salt monohydrate,2,0,4,1861.5,65.5,1796.0,1927,,
s1035,2,0,4,1863.5,259.5,1604.0,2123,,
BRD-K57037351,1,0,4,1867.0,0.0,,1867,,
ethotoin,2,0,4,1868.0,269.0,1599.0,2137,,
(-)-JQ1,2,0,4,1869.0,187.0,1682.0,2056,,
amitriptyline hydrochloride,1,0,4,1869.0,0.0,,1869,,
penitrem a,2,0,4,1871.0,304.0,1567.0,2175,,
ncgc00242340-01,2,0,4,1871.5,666.5,1205.0,2538,,
isoeugenitol,2,0,4,1874.5,272.5,1602.0,2147,,
mycophenolic acid,2,0,4,1875.0,398.0,1477.0,2273,,
BRD-U44618005,2,0,4,1877.5,333.5,1544.0,2211,,
ciclopirox ethanolamine,1,0,4,1879.0,0.0,,1879,,
quinidine gluconate,1,0,4,1881.0,0.0,,1881,,
alfaxalone,1,0,4,1883.0,0.0,,1883,,
trapidil,1,0,4,1884.0,0.0,,1884,,
"androsta-1,4-dien-3,17-dione",2,0,4,1886.0,792.0,1094.0,2678,,
d-64131,2,0,4,1889.5,95.5,1794.0,1985,,
bendroflumethiazide,1,0,4,1890.0,0.0,,1890,,
ncgc00165208-01,2,0,4,1890.5,452.5,1438.0,2343,,
odq,1,0,4,1891.0,0.0,,1891,,
BRD-K75477256,2,0,4,1894.0,265.0,1629.0,2159,,
ter14687,1,0,4,1894.0,0.0,,1894,,
ag 556,1,0,4,1896.0,0.0,,1896,,
cp 94253 hydrochloride,1,0,4,1898.0,0.0,,1898,,
BRD-K00430421,2,0,4,1905.0,355.0,1550.0,2260,,
ketanserin tartrate hydrate,1,0,4,1906.0,0.0,,1906,,
alprostadil,1,0,4,1908.0,0.0,,1908,,
s1039,1,0,4,1912.0,0.0,,1912,,
purmorphamine,2,0,4,1912.5,496.5,1416.0,2409,,
immepip dihydrobromide,1,0,4,1913.0,0.0,,1913,,
s1005,1,0,4,1914.0,0.0,,1914,,
s(+)-terguride,1,0,4,1916.0,0.0,,1916,,
BRD-K10649245,2,0,4,1917.0,555.0,1362.0,2472,,
BRD-K05197617,1,0,4,1918.0,0.0,,1918,,
tosufloxacin hydrochloride,1,0,4,1919.0,0.0,,1919,,
siguazodan,2,0,4,1922.0,413.0,1509.0,2335,,
1483-0018,1,0,4,1923.0,0.0,,1923,,
BRD-A59145032,2,0,4,1924.5,360.5,1564.0,2285,,
flucloxacillin sodium,2,0,4,1924.5,344.5,1580.0,2269,,
pregnenolone succinate,2,0,4,1924.5,470.5,1454.0,2395,,
BRD-K02641134,1,0,4,1925.0,0.0,,1925,,
BRD-A93393712,2,0,4,1926.0,306.0,1620.0,2232,,
thioproperazine dimesylate,1,0,4,1928.0,0.0,,1928,,
BRD-K23217072,2,0,4,1928.5,376.5,1552.0,2305,,
BRD-K35004659,2,0,4,1928.5,395.5,1533.0,2324,,
BRD-K98676510,2,0,4,1929.0,575.0,1354.0,2504,,
axon1408,1,0,4,1929.0,0.0,,1929,,
BRD-A86792397,2,0,4,1929.5,159.5,1770.0,2089,,
TAK-715,2,0,4,1931.5,741.5,1190.0,2673,,
BRD-K53932786,2,0,4,1932.0,181.0,1751.0,2113,,
lumicolchicine gamma,2,0,4,1932.0,448.0,1484.0,2380,,
orlistat,1,0,4,1933.0,0.0,,1933,,
memantine hydrochloride,2,0,4,1935.0,171.0,1764.0,2106,,
losartan potassium,2,0,4,1936.0,391.0,1545.0,2327,,
BRD-K74155249,1,0,4,1941.0,0.0,,1941,,
protein tyrosine phosphatase inhibitor iv,2,0,4,1941.0,508.0,1433.0,2449,,
trequinsin hydrochloride,1,0,4,1942.0,0.0,,1942,,
BRD-K28610502,1,0,4,1943.0,0.0,,1943,,
pivmecillinam hydrochloride,2,0,4,1943.0,157.0,1786.0,2100,,
gr-237,2,0,4,1943.5,441.5,1502.0,2385,,
ncgc00183412-01,1,0,4,1945.0,0.0,,1945,,
BRD-K96433222,2,0,4,1945.5,407.5,1538.0,2353,,
nitrendipine,2,0,4,1945.5,350.5,1595.0,2296,,
ncgc00182361-01,2,0,4,1946.0,588.0,1358.0,2534,,
ncgc00185087-01,2,0,4,1947.0,484.0,1463.0,2431,,
ischemin,1,0,4,1951.0,0.0,,1951,,
BRD-K58347372,1,0,4,1953.0,0.0,,1953,,
etodolac,2,0,4,1953.0,330.0,1623.0,2283,,
BRD-K44136596,1,0,4,1955.0,0.0,,1955,,
BRD-K92754162,1,0,4,1957.0,0.0,,1957,,
mdm2 inhibitor,1,0,4,1958.0,0.0,,1958,,
BRD-K06217810,1,0,4,1961.0,0.0,,1961,,
diphenyleneiodonium chloride,2,0,4,1961.5,300.5,1661.0,2262,,
A66,2,0,4,1962.5,271.5,1691.0,2234,,
BRD-K80346834,2,0,4,1963.5,414.5,1549.0,2378,,
garcinol,2,0,4,1963.5,441.5,1522.0,2405,,
yo-2,2,0,4,1965.5,539.5,1426.0,2505,,
kuc104137 kuc104137c,1,0,4,1967.0,0.0,,1967,,
cortisone,2,0,4,1967.5,353.5,1614.0,2321,,
1541b,1,0,4,1970.0,0.0,,1970,,
BRD-K23644387,2,0,4,1970.5,635.5,1335.0,2606,,
etoposide,2,0,4,1974.0,339.0,1635.0,2313,,
lfm-a12,2,0,4,1975.0,225.0,1750.0,2200,,
ALW-II-49-7,2,0,4,1975.5,386.5,1589.0,2362,,
BRD-K11362964,1,0,4,1976.0,0.0,,1976,,
moban,2,0,4,1976.5,594.5,1382.0,2571,,
stk249718,2,0,4,1976.5,287.5,1689.0,2264,,
nadolol,2,0,4,1978.5,262.5,1716.0,2241,,
UNC1215,2,0,4,1981.0,252.0,1729.0,2233,,
gw 1929,1,0,4,1984.0,0.0,,1984,,
ncgc00184713-01,2,0,4,1985.0,341.0,1644.0,2326,,
dexchlorpheniramine maleate,1,0,4,1986.0,0.0,,1986,,
prostaglandin e2,1,0,4,1987.0,0.0,,1987,,
mls-0390876,1,0,4,1989.0,0.0,,1989,,
serdemetan,2,0,4,1989.5,145.5,1844.0,2135,,
BRD-K93127801,1,0,4,1990.0,0.0,,1990,,
sb 205607,2,0,4,1990.5,364.5,1626.0,2355,,
GSK-429286A,2,0,4,1992.5,513.5,1479.0,2506,,
nefazodone hydrochloride,2,0,4,1993.5,469.5,1524.0,2463,,
thimerosal,1,0,4,2000.0,0.0,,2000,,
"l-ornithine, n5-[imino(methylamino)methyl]-[cas]",1,0,4,2004.0,0.0,,2004,,
KU-55933,1,0,4,2005.0,0.0,,2005,,
BRD-K78559095,1,0,4,2007.0,0.0,,2007,,
pz0004,2,0,4,2008.0,285.0,1723.0,2293,,
heat hydrochloride,1,0,4,2009.0,0.0,,2009,,
ag-490,2,0,4,2010.5,363.5,1647.0,2374,,
skf 77434 hydrobromide,1,0,4,2011.0,0.0,,2011,,
yk 4-279,2,0,4,2011.5,450.5,1561.0,2462,,
b4313,2,0,4,2012.0,433.0,1579.0,2445,,
BRD-K60895275,2,0,4,2012.5,235.5,1777.0,2248,,
thonzonium bromide,2,0,4,2013.0,430.0,1583.0,2443,,
dephostatin,2,0,4,2014.5,374.5,1640.0,2389,,
ncgc00187898-02,1,0,4,2015.0,0.0,,2015,,
peitc,2,0,4,2016.5,556.5,1460.0,2573,,
naltrexone hydrochloride,1,0,4,2017.0,0.0,,2017,,
ala-ala-phe-cmk,2,0,4,2018.5,259.5,1759.0,2278,,
beta-escin,1,0,4,2019.0,0.0,,2019,,
disulfiram,1,0,4,2021.0,0.0,,2021,,
mercaptopurine,2,0,4,2022.0,350.0,1672.0,2372,,
BRD-K42021584,1,0,4,2026.0,0.0,,2026,,
BRD-U44700465,1,0,4,2028.0,0.0,,2028,,
BRD-K79390395,2,0,4,2034.5,665.5,1369.0,2700,,
BRD-K25690923,2,0,4,2036.0,449.0,1587.0,2485,,
diflunisal,2,0,4,2037.5,363.5,1674.0,2401,,
BRD-K52800308,2,0,4,2040.0,319.0,1721.0,2359,,
BRD-K09854848,2,0,4,2044.0,228.0,1816.0,2272,,
939792-14-0,1,0,4,2045.0,0.0,,2045,,
BRD-K89059493,1,0,4,2047.0,0.0,,2047,,
BRD-K04534322,2,0,4,2047.5,477.5,1570.0,2525,,
BRD-K57309821,1,0,4,2050.0,0.0,,2050,,
nitrocaramiphen hydrochloride,1,0,4,2054.0,0.0,,2054,,
BRD-K02458594,2,0,4,2055.0,484.0,1571.0,2539,,
BRD-K15107389,1,0,4,2060.0,0.0,,2060,,
bms 299897,2,0,4,2061.5,454.5,1607.0,2516,,
BRD-A15914070,2,0,4,2062.0,233.0,1829.0,2295,,
st019365,1,0,4,2062.0,0.0,,2062,,
stock4s-72743,2,0,4,2063.0,239.0,1824.0,2302,,
BRD-K45114207,2,0,4,2064.5,650.5,1414.0,2715,,
cilostazol,1,0,4,2065.0,0.0,,2065,,
ei-263,2,0,4,2065.5,409.5,1656.0,2475,,
itavastatin ca,2,0,4,2071.0,523.0,1548.0,2594,,
BRD-K34092011,1,0,4,2073.0,0.0,,2073,,
ncgc00238551-02,2,0,4,2073.0,298.0,1775.0,2371,,
BRD-K94991378,2,0,4,2073.5,374.5,1699.0,2448,,
np-010914,1,0,4,2074.0,0.0,,2074,,
"cp 55,940",1,0,4,2075.0,0.0,,2075,,
mrs 1220,2,0,4,2076.0,351.0,1725.0,2427,,
BRD-K66254772,2,0,4,2077.0,339.0,1738.0,2416,,
BRD-A10523515,1,0,4,2079.0,0.0,,2079,,
calcitriol,1,0,4,2080.0,0.0,,2080,,
altrenogest,1,0,4,2081.0,0.0,,2081,,
cid 755673,2,0,4,2081.5,500.5,1581.0,2582,,
BRD-K05331696,2,0,4,2082.0,373.0,1709.0,2455,,
BRD-K91937579,2,0,4,2083.5,373.5,1710.0,2457,,
clofibric acid,2,0,4,2083.5,238.5,1845.0,2322,,
gr 159897,2,0,4,2084.0,453.0,1631.0,2537,,
cyproheptadine hydrochloride,2,0,4,2085.0,297.0,1788.0,2382,,
sulindac,1,0,4,2088.0,0.0,,2088,,
s1483,2,0,4,2088.5,418.5,1670.0,2507,,
vu0404997-2,1,0,4,2091.0,0.0,,2091,,
BRD-A40431293,2,0,4,2091.5,376.5,1715.0,2468,,
kuc104131 kuc104131n,1,0,4,2093.0,0.0,,2093,,
doxylamine succinate,1,0,4,2097.0,0.0,,2097,,
ei-328,2,0,4,2097.0,254.0,1843.0,2351,,
ly-294002,2,0,4,2097.0,446.0,1651.0,2543,,
BIX-02189,2,0,4,2100.0,347.0,1753.0,2447,,
jas07 007,2,0,4,2100.5,380.5,1720.0,2481,,
daminozide,2,0,4,2101.5,416.5,1685.0,2518,,
BRD-A25337146,1,0,4,2103.0,0.0,,2103,,
"brl 37344, sodium salt",2,0,4,2104.0,333.0,1771.0,2437,,
icilin,1,0,4,2105.0,0.0,,2105,,
dppe fumarate,1,0,4,2107.0,0.0,,2107,,
pre-084 hydrochloride,1,0,4,2108.0,0.0,,2108,,
BRD-U32365159,1,0,4,2109.0,0.0,,2109,,
y27632,2,0,4,2112.0,385.0,1727.0,2497,,
guggulsterone,2,0,4,2114.0,314.0,1800.0,2428,,
clebopride maleate,1,0,4,2119.0,0.0,,2119,,
ncgc00011606-02,2,0,4,2120.0,460.0,1660.0,2580,,
cy 208-243,2,0,4,2120.5,279.5,1841.0,2400,,
BRD-K25731886,2,0,4,2121.0,399.0,1722.0,2520,,
BRD-K65242613,1,0,4,2124.0,0.0,,2124,,
piperacillin,2,0,4,2124.0,492.0,1632.0,2616,,
BRD-K90697054,1,0,4,2125.0,0.0,,2125,,
sibutramine hcl,2,0,4,2126.0,451.0,1675.0,2577,,
sulfacetamide sodic hydrate,1,0,4,2126.0,0.0,,2126,,
"methyldopa (l,-)",1,0,4,2129.0,0.0,,2129,,
pd 166793,1,0,4,2133.0,0.0,,2133,,
ct-incb,1,0,4,2136.0,0.0,,2136,,
st4062971,1,0,4,2138.0,0.0,,2138,,
BRD-A18725729,2,0,4,2138.5,480.5,1658.0,2619,,
brl 54443,2,0,4,2138.5,425.5,1713.0,2564,,
rk-682,2,0,4,2138.5,461.5,1677.0,2600,,
westcort,1,0,4,2143.0,0.0,,2143,,
BRD-K99633092,2,0,4,2144.0,384.0,1760.0,2528,,
kuc104488 kuc104488n,1,0,4,2148.0,0.0,,2148,,
SB-216763,2,0,4,2148.5,455.5,1693.0,2604,,
BRD-K34968258,2,0,4,2149.5,300.5,1849.0,2450,,
benzopurpurin (b),1,0,4,2151.0,0.0,,2151,,
rs 100329 hydrochloride,2,0,4,2151.0,341.0,1810.0,2492,,
wr 216174,2,0,4,2152.5,405.5,1747.0,2558,,
BRD-K18724229,2,0,4,2154.0,456.0,1698.0,2610,,
GSK-3-inhibitor-II,2,0,4,2154.5,488.5,1666.0,2643,,
BRD-K98739056,1,0,4,2155.0,0.0,,2155,,
BRD-K93605482,1,0,4,2156.0,0.0,,2156,,
ncgc00012588-02,2,0,4,2156.5,354.5,1802.0,2511,,
jtc 801,2,0,4,2157.0,374.0,1783.0,2531,,
glimepiride,1,0,4,2162.0,0.0,,2162,,
BRD-K43782924,1,0,4,2165.0,0.0,,2165,,
butein,1,0,4,2166.0,0.0,,2166,,
gr-109,2,0,4,2168.0,335.0,1833.0,2503,,
"methyl 2,5-dihydroxycinnamate",1,0,4,2168.0,0.0,,2168,,
BRD-K89558221,2,0,4,2169.5,438.5,1731.0,2608,,
BRD-K86901264,2,0,4,2170.0,381.0,1789.0,2551,,
mls-0437633.0003,1,0,4,2170.0,0.0,,2170,,
BRD-U86222656,2,0,4,2171.0,374.0,1797.0,2545,,
cirazoline hydrochloride,1,0,4,2173.0,0.0,,2173,,
abt-263,1,0,4,2174.0,0.0,,2174,,
BRD-K30993697,1,0,4,2176.0,0.0,,2176,,
BRD-K63239300,2,0,4,2176.5,464.5,1712.0,2641,,
dequalinium dichloride,2,0,4,2177.0,460.0,1717.0,2637,,
angiogenesis inhibitor,1,0,4,2178.0,0.0,,2178,,
v-ama37,2,0,4,2178.5,474.5,1704.0,2653,,
BRD-K88784410,1,0,4,2179.0,0.0,,2179,,
clotrimazole,1,0,4,2180.0,0.0,,2180,,
BRD-K04363266,2,0,4,2181.0,378.0,1803.0,2559,,
BRD-K58547240,2,0,4,2182.5,352.5,1830.0,2535,,
BRD-K33164466,1,0,4,2183.0,0.0,,2183,,
np-001445,1,0,4,2184.0,0.0,,2184,,
apigenin triacetate,1,0,4,2185.0,0.0,,2185,,
bromhexine hydrochloride,2,0,4,2185.0,407.0,1778.0,2592,,
BRD-K95495709,1,0,4,2186.0,0.0,,2186,,
ncgc00188535-01,2,0,4,2186.5,334.5,1852.0,2521,,
BRD-K20000640,1,0,4,2187.0,0.0,,2187,,
sb 206553 hydrochloride,2,0,4,2188.0,341.0,1847.0,2529,,
src kinase inhibitor ii,2,0,4,2188.0,491.0,1697.0,2679,,
trap 101,1,0,4,2188.0,0.0,,2188,,
BRD-K20914082,1,0,4,2189.0,0.0,,2189,,
h-9 dihydrochloride,2,0,4,2190.5,370.5,1820.0,2561,,
tubocurarine chloride,2,0,4,2192.5,440.5,1752.0,2633,,
mdl 29951,2,0,4,2193.0,419.0,1774.0,2612,,
BRD-K51189903,2,0,4,2194.0,502.0,1692.0,2696,,
BRD-K89009594,1,0,4,2196.0,0.0,,2196,,
SB-239063,2,0,4,2197.5,349.5,1848.0,2547,,
k048-0112,1,0,4,2198.0,0.0,,2198,,
ncgc00188536-01,2,0,4,2198.5,377.5,1821.0,2576,,
ncgc00186542-01,1,0,4,2199.0,0.0,,2199,,
gatifloxacin,2,0,4,2199.5,434.5,1765.0,2634,,
c1386,2,0,4,2200.0,497.0,1703.0,2697,,
penicillic acid,1,0,4,2201.0,0.0,,2201,,
motesanib,2,0,4,2201.5,464.5,1737.0,2666,,
jas07 004,1,0,4,2202.0,0.0,,2202,,
BRD-A25088322,1,0,4,2204.0,0.0,,2204,,
bay 36-7620,2,0,4,2206.0,411.0,1795.0,2617,,
hemicholinium bromide,1,0,4,2206.0,0.0,,2206,,
BRD-K51377689,1,0,4,2208.0,0.0,,2208,,
fluprostenol,2,0,4,2208.5,450.5,1758.0,2659,,
BRD-K51998148,2,0,4,2214.0,410.0,1804.0,2624,,
BRD-K41931739,2,0,4,2215.0,400.0,1815.0,2615,,
BRD-K05549170,2,0,4,2219.5,465.5,1754.0,2685,,
rofecoxib,2,0,4,2219.5,402.5,1817.0,2622,,
fenoterol hydrobromide,1,0,4,2220.0,0.0,,2220,,
phenolphthalein,1,0,4,2221.0,0.0,,2221,,
rs 67506 hydrochloride,1,0,4,2223.0,0.0,,2223,,
BRD-K99475920,2,0,4,2224.0,412.0,1812.0,2636,,
bml-257,2,0,4,2225.5,403.5,1822.0,2629,,
arg-a1-2 brd-k39580048,2,0,4,2227.5,402.5,1825.0,2630,,
RG-108,1,0,4,2228.0,0.0,,2228,,
n- (2-aminoethyl)-4-chlorobenzamide (ro-16-6491),1,0,4,2229.0,0.0,,2229,,
BRD-K15318909,2,0,4,2232.5,484.5,1748.0,2717,,
tubocurarine chloride pentahydrate (+),2,0,4,2233.5,424.5,1809.0,2658,,
cgp 54626 hydrochloride,2,0,4,2234.0,489.0,1745.0,2723,,
BRD-K06405410,1,0,4,2236.0,0.0,,2236,,
"tyrphostin b44, (+) enantiomer",1,0,4,2237.0,0.0,,2237,,
tolbutamide,2,0,4,2237.5,439.5,1798.0,2677,,
hemado,2,0,4,2241.5,413.5,1828.0,2655,,
prunetin,2,0,4,2242.5,473.5,1769.0,2716,,
BRD-K79382620,1,0,4,2246.0,0.0,,2246,,
AZD-1480,2,0,4,2247.0,415.0,1832.0,2662,,
benzo[a]pyrene,1,0,4,2247.0,0.0,,2247,,
BRD-K71599932,1,0,4,2249.0,0.0,,2249,,
pipamperone,1,0,4,2250.0,0.0,,2250,,
BRD-K97701319,1,0,4,2252.0,0.0,,2252,,
endecaphyllin x,2,0,4,2257.0,444.0,1813.0,2701,,
estradiol,1,0,4,2258.0,0.0,,2258,,
ncgc00183237-01,1,0,4,2259.0,0.0,,2259,,
z2777,1,0,4,2261.0,0.0,,2261,,
IOX2,1,0,4,2265.0,0.0,,2265,,
CH5424802,2,0,4,2267.0,416.0,1851.0,2683,,
tipifarnib-p1,1,0,4,2271.0,0.0,,2271,,
BRD-K60757524,2,0,4,2272.0,432.0,1840.0,2704,,
HY-11007,2,0,4,2272.5,413.5,1859.0,2686,,
tms,1,0,4,2274.0,0.0,,2274,,
ncgc00181801-01,1,0,4,2277.0,0.0,,2277,,
mls-0390982,1,0,4,2279.0,0.0,,2279,,
ncgc00183218-01,1,0,4,2282.0,0.0,,2282,,
ag 555,2,0,4,2284.0,415.0,1869.0,2699,,
depo-medrol,1,0,4,2284.0,0.0,,2284,,
benzonatate,2,0,4,2286.0,436.0,1850.0,2722,,
aminoglutethimide,1,0,4,2287.0,0.0,,2287,,
BRD-K06476055,1,0,4,2289.0,0.0,,2289,,
ifenprodil tartrate,1,0,4,2291.0,0.0,,2291,,
norgestimate,1,0,4,2294.0,0.0,,2294,,
ncgc00185984-01,1,0,4,2297.0,0.0,,2297,,
BRD-K05593511,1,0,4,2300.0,0.0,,2300,,
cmpd-1,1,0,4,2304.0,0.0,,2304,,
BRD-K63368502,1,0,4,2306.0,0.0,,2306,,
az 10417808,1,0,4,2308.0,0.0,,2308,,
pyrvinium pamoate,1,0,4,2311.0,0.0,,2311,,
BRD-K71835137,1,0,4,2312.0,0.0,,2312,,
hydrocortisone acetate,1,0,4,2314.0,0.0,,2314,,
BRD-A28422330,1,0,4,2319.0,0.0,,2319,,
tremulacin,1,0,4,2320.0,0.0,,2320,,
BRD-K22630935,1,0,4,2323.0,0.0,,2323,,
osi-906,1,0,4,2325.0,0.0,,2325,,
estradiol benzoate,1,0,4,2328.0,0.0,,2328,,
BRD-K15519488,1,0,4,2332.0,0.0,,2332,,
ncgc00188012-01,1,0,4,2337.0,0.0,,2337,,
BRD-K28115298,1,0,4,2342.0,0.0,,2342,,
BRD-K84106030,1,0,4,2344.0,0.0,,2344,,
BRD-K58900438,1,0,4,2345.0,0.0,,2345,,
pd 00735,1,0,4,2346.0,0.0,,2346,,
hts 12526,1,0,4,2348.0,0.0,,2348,,
coumarinic acid methyl ether,1,0,4,2356.0,0.0,,2356,,
epitestosterone,1,0,4,2364.0,0.0,,2364,,
3-deoxydenosine,1,0,4,2366.0,0.0,,2366,,
molsidomine,1,0,4,2375.0,0.0,,2375,,
bl-008,1,0,4,2379.0,0.0,,2379,,
bas 09104376,1,0,4,2381.0,0.0,,2381,,
799264-48-5 mls-0425609,1,0,4,2386.0,0.0,,2386,,
et-004,1,0,4,2387.0,0.0,,2387,,
BRD-K82594686,1,0,4,2388.0,0.0,,2388,,
BRD-K42629487,1,0,4,2391.0,0.0,,2391,,
BRD-K22006123,1,0,4,2392.0,0.0,,2392,,
BRD-K65983740,1,0,4,2393.0,0.0,,2393,,
terbutaline,1,0,4,2399.0,0.0,,2399,,
kirromycin,1,0,4,2402.0,0.0,,2402,,
nrb 04155,1,0,4,2404.0,0.0,,2404,,
s1481,1,0,4,2407.0,0.0,,2407,,
BRD-K27169919,1,0,4,2410.0,0.0,,2410,,
tinidazole,1,0,4,2411.0,0.0,,2411,,
raf1 kinase inhibitor i,1,0,4,2412.0,0.0,,2412,,
BRD-K27630941,1,0,4,2414.0,0.0,,2414,,
tibolone,1,0,4,2415.0,0.0,,2415,,
pentylenetetrazole,1,0,4,2417.0,0.0,,2417,,
BRD-K82492171,1,0,4,2419.0,0.0,,2419,,
c-1,1,0,4,2420.0,0.0,,2420,,
bl-095,1,0,4,2423.0,0.0,,2423,,
rs 67333 hydrochloride,1,0,4,2425.0,0.0,,2425,,
BRD-K74840245,1,0,4,2426.0,0.0,,2426,,
BRD-K24031526,1,0,4,2429.0,0.0,,2429,,
pazopanib,1,0,4,2432.0,0.0,,2432,,
t5247673,1,0,4,2433.0,0.0,,2433,,
vinorelbine,1,0,4,2434.0,0.0,,2434,,
harpagoside,1,0,4,2436.0,0.0,,2436,,
ncgc00183691-01,1,0,4,2438.0,0.0,,2438,,
oxymetholone,1,0,4,2439.0,0.0,,2439,,
methoxsalen,1,0,4,2441.0,0.0,,2441,,
cjd-fun-4-2,1,0,4,2444.0,0.0,,2444,,
sulfasalazine,1,0,4,2451.0,0.0,,2451,,
oxymetazoline hydrochloride,1,0,4,2452.0,0.0,,2452,,
kemadrin,1,0,4,2453.0,0.0,,2453,,
np-002257,1,0,4,2454.0,0.0,,2454,,
losartan,1,0,4,2456.0,0.0,,2456,,
BRD-K74690444,1,0,4,2458.0,0.0,,2458,,
rho-kinase inhibitor ii,1,0,4,2459.0,0.0,,2459,,
BRD-K67847053 (guanabenz acetate),1,0,4,2460.0,0.0,,2460,,
BRD-K42419294,1,0,4,2461.0,0.0,,2461,,
BRD-K61496577 (flumethasone),1,0,4,2469.0,0.0,,2469,,
BRD-K19624190,1,0,4,2470.0,0.0,,2470,,
BRD-K46373671,1,0,4,2473.0,0.0,,2473,,
linopirdine dihydrochloride,1,0,4,2476.0,0.0,,2476,,
remoxipride hydrochloride,1,0,4,2478.0,0.0,,2478,,
cam-9-026 brd-k91442916,1,0,4,2480.0,0.0,,2480,,
y-27152,1,0,4,2482.0,0.0,,2482,,
t 0901317,1,0,4,2483.0,0.0,,2483,,
dihydro-7-desacetyldeoxygedunin,1,0,4,2484.0,0.0,,2484,,
BRD-K94248251,1,0,4,2486.0,0.0,,2486,,
ncgc00188537-01,1,0,4,2490.0,0.0,,2490,,
acyclovir,1,0,4,2498.0,0.0,,2498,,
sr 142948,1,0,4,2499.0,0.0,,2499,,
BRD-K53833301,1,0,4,2500.0,0.0,,2500,,
candesartan,1,0,4,2502.0,0.0,,2502,,
spb02137,1,0,4,2514.0,0.0,,2514,,
gr-239,1,0,4,2515.0,0.0,,2515,,
mpmq hydrochloride,1,0,4,2517.0,0.0,,2517,,
ncgc00181921-02,1,0,4,2523.0,0.0,,2523,,
BRD-K13665914,1,0,4,2524.0,0.0,,2524,,
BRD-K45735142,1,0,4,2527.0,0.0,,2527,,
amodiaquin dihydrochloride dihydrate,1,0,4,2530.0,0.0,,2530,,
cgs 20625,1,0,4,2533.0,0.0,,2533,,
BRD-K71574320,1,0,4,2541.0,0.0,,2541,,
luzindole,1,0,4,2544.0,0.0,,2544,,
BRD-K75302809,1,0,4,2546.0,0.0,,2546,,
ly 364947,1,0,4,2548.0,0.0,,2548,,
BRD-K22096725,1,0,4,2549.0,0.0,,2549,,
BRD-K89626439,1,0,4,2552.0,0.0,,2552,,
mosapride,1,0,4,2555.0,0.0,,2555,,
gr-206,1,0,4,2556.0,0.0,,2556,,
BRD-K24705176,1,0,4,2557.0,0.0,,2557,,
BRD-K35483542,1,0,4,2560.0,0.0,,2560,,
"l-689,560",1,0,4,2563.0,0.0,,2563,,
ro 90-7501,1,0,4,2565.0,0.0,,2565,,
BRD-K22322324,1,0,4,2568.0,0.0,,2568,,
n6 -cyclopentyladenosine,1,0,4,2569.0,0.0,,2569,,
riboflavine,1,0,4,2570.0,0.0,,2570,,
BRD-K64058329,1,0,4,2572.0,0.0,,2572,,
vu0413247-1,1,0,4,2574.0,0.0,,2574,,
tomoxetine hydrochloride,1,0,4,2578.0,0.0,,2578,,
ncgc00165193-01,1,0,4,2581.0,0.0,,2581,,
BRD-K37270826 (mifepristone),1,0,4,2584.0,0.0,,2584,,
phosphodiesterase v inhibitor ii,1,0,4,2587.0,0.0,,2587,,
valproic acid,1,0,4,2593.0,0.0,,2593,,
lomerizine dihcl,1,0,4,2596.0,0.0,,2596,,
t3205,1,0,4,2597.0,0.0,,2597,,
ncgc00182607-01,1,0,4,2598.0,0.0,,2598,,
troxipide,1,0,4,2601.0,0.0,,2601,,
BRD-K88742110,1,0,4,2602.0,0.0,,2602,,
proadifen hydrochloride,1,0,4,2603.0,0.0,,2603,,
ioxaglic acid,1,0,4,2605.0,0.0,,2605,,
cv 1808,1,0,4,2607.0,0.0,,2607,,
ncgc00182327-02,1,0,4,2609.0,0.0,,2609,,
A 769662,1,0,4,2611.0,0.0,,2611,,
nisoldipine,1,0,4,2613.0,0.0,,2613,,
l 161982,1,0,4,2614.0,0.0,,2614,,
methoxamine hydrochloride,1,0,4,2618.0,0.0,,2618,,
BRD-K66555411,1,0,4,2620.0,0.0,,2620,,
lofepramine,1,0,4,2621.0,0.0,,2621,,
jwh 015,1,0,4,2623.0,0.0,,2623,,
py 7715,1,0,4,2628.0,0.0,,2628,,
dipyridamole,1,0,4,2631.0,0.0,,2631,,
epicatechin monogallate,1,0,4,2632.0,0.0,,2632,,
KIN001-270,1,0,4,2635.0,0.0,,2635,,
ossk 645668,1,0,4,2638.0,0.0,,2638,,
f4679,1,0,4,2639.0,0.0,,2639,,
w-7 hydrochloride,1,0,4,2645.0,0.0,,2645,,
BRD-K27630390,1,0,4,2648.0,0.0,,2648,,
mls-0216981,1,0,4,2649.0,0.0,,2649,,
miglitol,1,0,4,2650.0,0.0,,2650,,
sb 222200,1,0,4,2651.0,0.0,,2651,,
BRD-K03015355,1,0,4,2652.0,0.0,,2652,,
rev-5901,1,0,4,2654.0,0.0,,2654,,
BRD-K05114711,1,0,4,2657.0,0.0,,2657,,
np-004121,1,0,4,2660.0,0.0,,2660,,
BRD-K70748405,1,0,4,2661.0,0.0,,2661,,
BRD-K19922318,1,0,4,2663.0,0.0,,2663,,
fu jmbii127b,1,0,4,2665.0,0.0,,2665,,
piribedil dihydrochloride,1,0,4,2667.0,0.0,,2667,,
BRD-K67742177,1,0,4,2668.0,0.0,,2668,,
bms 182874 hydrochloride,1,0,4,2670.0,0.0,,2670,,
picotamide monohydrate,1,0,4,2671.0,0.0,,2671,,
mestranol,1,0,4,2672.0,0.0,,2672,,
mls-0106435.0004,1,0,4,2675.0,0.0,,2675,,
BRD-K69406317,1,0,4,2676.0,0.0,,2676,,
cd 01333,1,0,4,2680.0,0.0,,2680,,
BRD-K44241590,1,0,4,2681.0,0.0,,2681,,
mls-0359128.0001,1,0,4,2684.0,0.0,,2684,,
BRD-K45253154,1,0,4,2687.0,0.0,,2687,,
BRD-K09716788,1,0,4,2688.0,0.0,,2688,,
ncgc00188324-02,1,0,4,2689.0,0.0,,2689,,
BRD-K73285375,1,0,4,2690.0,0.0,,2690,,
BRD-K16118047,1,0,4,2692.0,0.0,,2692,,
mls-0351065,1,0,4,2693.0,0.0,,2693,,
"l-701,252",1,0,4,2694.0,0.0,,2694,,
BRD-K10143126,1,0,4,2695.0,0.0,,2695,,
BRD-K93296644,1,0,4,2698.0,0.0,,2698,,
BRD-A39121618,1,0,4,2702.0,0.0,,2702,,
BRD-K78549347,1,0,4,2707.0,0.0,,2707,,
deacetoxy-7-oxisogedunin,1,0,4,2709.0,0.0,,2709,,
KIN001-269,1,0,4,2710.0,0.0,,2710,,
ncgc00241726-01,1,0,4,2713.0,0.0,,2713,,
vindesine,1,0,4,2714.0,0.0,,2714,,
BRD-K93443135,1,0,4,2719.0,0.0,,2719,,
