compound,score,supporting_contexts,contexts,supporting_signatures,signatures,consistency,permutation_p,permutation_fdr,naive_overlap,interpretation,rank
ncgc00182913-03,-0.04811341401030393,1,1,1,1,1.0,0.009900990099009901,0.23639889762172092,6.0,Computational reversal candidate for further investigation.,1
cam-9-026 brd-k91442916,-0.046387674320151125,1,1,1,1,1.0,0.009900990099009901,0.23639889762172092,10.0,Computational reversal candidate for further investigation.,2
"l-ornithine, n5-[imino(methylamino)methyl]-[cas]",-0.04621958717083609,1,1,1,1,1.0,0.019801980198019802,0.25620886110957464,7.0,Computational reversal candidate for further investigation.,3
epigallocatechin,-0.04430484704364778,1,1,1,1,1.0,0.009900990099009901,0.23639889762172092,5.0,Computational reversal candidate for further investigation.,4
felamidin,-0.04370915357531953,1,1,1,1,1.0,0.009900990099009901,0.23639889762172092,5.0,Computational reversal candidate for further investigation.,5
sibutramine hcl,-0.042931690404234765,1,1,1,1,1.0,0.009900990099009901,0.23639889762172092,8.0,Computational reversal candidate for further investigation.,6
"ici-162,846",-0.042241188171462,1,1,1,1,1.0,0.019801980198019802,0.25620886110957464,7.0,Computational reversal candidate for further investigation.,7
kuc104488 kuc104488n,-0.04121893430556617,1,1,1,1,1.0,0.009900990099009901,0.23639889762172092,5.0,Computational reversal candidate for further investigation.,8
deoxyandirobin lactone,-0.040888666807620086,1,1,1,1,1.0,0.009900990099009901,0.23639889762172092,6.0,Computational reversal candidate for further investigation.,9
BRD-K28180706,-0.04051285082350871,1,1,1,1,1.0,0.009900990099009901,0.23639889762172092,7.0,Computational reversal candidate for further investigation.,10
fk 888,-0.039625218258233966,1,1,1,1,1.0,0.019801980198019802,0.25620886110957464,6.0,Computational reversal candidate for further investigation.,11
BRD-K68756823,-0.03927653228555417,1,1,1,1,1.0,0.009900990099009901,0.23639889762172092,6.0,Computational reversal candidate for further investigation.,12
mdl 72222,-0.03847566736287515,1,1,1,1,1.0,0.009900990099009901,0.23639889762172092,6.0,Computational reversal candidate for further investigation.,13
bcl-2 inhibitor,-0.03779172600102698,1,1,1,1,1.0,0.009900990099009901,0.23639889762172092,5.0,Computational reversal candidate for further investigation.,14
BRD-K34387287,-0.037504337355936786,1,1,1,1,1.0,0.0297029702970297,0.28078399676702365,6.0,Computational reversal candidate for further investigation.,15
kuc103885 kuc103885n,-0.03699649119763573,1,1,1,1,1.0,0.009900990099009901,0.23639889762172092,5.0,Computational reversal candidate for further investigation.,16
BRD-K60757524,-0.03696212617050092,1,1,1,1,1.0,0.009900990099009901,0.23639889762172092,7.0,Computational reversal candidate for further investigation.,17
erastin,-0.0363412902162174,1,1,1,1,1.0,0.019801980198019802,0.25620886110957464,6.0,Computational reversal candidate for further investigation.,18
propyl-beta-carboline-3-carboxylate,-0.03541944145832423,1,1,1,1,1.0,0.0297029702970297,0.28078399676702365,6.0,Computational reversal candidate for further investigation.,19
pentobarbital,-0.03522264287641978,1,1,1,1,1.0,0.039603960396039604,0.30271542005685714,6.0,Computational reversal candidate for further investigation.,20
thiethylperazine dimalate,-0.03466353304523542,1,1,1,1,1.0,0.009900990099009901,0.23639889762172092,5.0,Computational reversal candidate for further investigation.,21
norgestrel-(-)-d,-0.03451115110529568,1,1,1,1,1.0,0.009900990099009901,0.23639889762172092,5.0,Computational reversal candidate for further investigation.,22
azacyclonol,-0.03402977710834067,1,1,1,1,1.0,0.039603960396039604,0.30271542005685714,6.0,Computational reversal candidate for further investigation.,23
n-benzylnaltrindole hydrochloride,-0.0338978869800278,1,1,1,1,1.0,0.0297029702970297,0.28078399676702365,6.0,Computational reversal candidate for further investigation.,24
ncgc00182607-01,-0.03357385006401115,1,1,1,1,1.0,0.009900990099009901,0.23639889762172092,4.0,Computational reversal candidate for further investigation.,25
gamma-linolenic acid (18:3 n-6),-0.03342945812148438,1,1,1,1,1.0,0.0297029702970297,0.28078399676702365,8.0,Computational reversal candidate for further investigation.,26
arg-a1-22 brd-k91349888,-0.033040202309123266,1,1,1,1,1.0,0.0297029702970297,0.28078399676702365,8.0,Computational reversal candidate for further investigation.,27
BRD-A85891951,-0.03301392259393576,1,1,1,1,1.0,0.0297029702970297,0.28078399676702365,6.0,Computational reversal candidate for further investigation.,28
VE821,-0.03300933000657546,1,1,1,1,1.0,0.009900990099009901,0.23639889762172092,7.0,Computational reversal candidate for further investigation.,29
rifampicin,-0.03261337580913415,1,1,1,1,1.0,0.009900990099009901,0.23639889762172092,4.0,Computational reversal candidate for further investigation.,30
BRD-K50384076,-0.031828539808362755,1,1,1,1,1.0,0.019801980198019802,0.25620886110957464,5.0,Computational reversal candidate for further investigation.,31
linolenic acid (18:3 n-3),-0.03169318910916462,1,1,1,1,1.0,0.009900990099009901,0.23639889762172092,4.0,Computational reversal candidate for further investigation.,32
BRD-A54077041,-0.03155555044792303,1,1,1,1,1.0,0.019801980198019802,0.25620886110957464,5.0,Computational reversal candidate for further investigation.,33
"dibutyryl-camp, sodium salt",-0.03136427644059488,3,3,3,3,1.0,0.009900990099009901,0.23639889762172092,4.333333333333333,Computational reversal candidate for further investigation.,34
n-chlorophenyl-n-hexylpiperazine,-0.030774326503725684,1,1,1,1,1.0,0.019801980198019802,0.25620886110957464,7.0,Computational reversal candidate for further investigation.,35
s(+)-terguride,-0.030527716539444555,1,1,1,1,1.0,0.019801980198019802,0.25620886110957464,3.0,Computational reversal candidate for further investigation.,36
BRD-K15592317,-0.030445117243948744,3,3,3,3,1.0,0.009900990099009901,0.23639889762172092,4.666666666666667,Computational reversal candidate for further investigation.,37
h5902,-0.030276669241294303,1,1,1,1,1.0,0.009900990099009901,0.23639889762172092,4.0,Computational reversal candidate for further investigation.,38
BRD-K98173387,-0.029892187788469513,1,1,1,1,1.0,0.009900990099009901,0.23639889762172092,3.0,Computational reversal candidate for further investigation.,39
eo 1428,-0.029731185874914082,1,1,1,1,1.0,0.019801980198019802,0.25620886110957464,4.0,Computational reversal candidate for further investigation.,40
ritodrine hydrochloride,-0.029290876508569007,2,2,2,2,1.0,0.009900990099009901,0.23639889762172092,4.5,Computational reversal candidate for further investigation.,41
ncgc00181061-03,-0.02925326811109987,1,1,1,1,1.0,0.019801980198019802,0.25620886110957464,4.0,Computational reversal candidate for further investigation.,42
diclofenac sodium,-0.029237551420799444,1,1,1,1,1.0,0.0297029702970297,0.28078399676702365,5.0,Computational reversal candidate for further investigation.,43
HG-9-91-01,-0.02920309329627331,5,6,5,6,0.8333333333333334,0.009900990099009901,0.23639889762172092,6.666666666666667,Computational reversal candidate for further investigation.,44
ml 3163,-0.029065372141777884,1,1,1,1,1.0,0.04950495049504951,0.31759962699871097,6.0,Computational reversal candidate for further investigation.,45
isoeugenitol,-0.02903166741222909,1,1,1,1,1.0,0.0594059405940594,0.3260288114119469,4.0,Computational reversal candidate for further investigation.,46
ncgc00187898-02,-0.02896192806448756,1,1,1,1,1.0,0.009900990099009901,0.23639889762172092,8.0,Computational reversal candidate for further investigation.,47
BRD-A81282034,-0.02885649975313906,1,1,1,1,1.0,0.0594059405940594,0.3260288114119469,6.0,Computational reversal candidate for further investigation.,48
BRD-K11611839,-0.028736880278523294,1,1,1,1,1.0,0.0297029702970297,0.28078399676702365,4.0,Computational reversal candidate for further investigation.,49
BRD-K74126469,-0.028736880278523294,1,1,1,1,1.0,0.019801980198019802,0.25620886110957464,4.0,Computational reversal candidate for further investigation.,50
kn-93,-0.02854390657041016,2,2,2,2,1.0,0.009900990099009901,0.23639889762172092,3.0,Computational reversal candidate for further investigation.,51
icariin,-0.02842747038100862,1,1,1,1,1.0,0.019801980198019802,0.25620886110957464,7.0,Computational reversal candidate for further investigation.,52
pindolol,-0.028361515834687795,1,1,1,1,1.0,0.009900990099009901,0.23639889762172092,5.0,Computational reversal candidate for further investigation.,53
trioxsalen,-0.028191993735559032,1,1,1,1,1.0,0.009900990099009901,0.23639889762172092,4.0,Computational reversal candidate for further investigation.,54
zm 306416 hydrochloride,-0.02780258100738995,1,1,1,1,1.0,0.009900990099009901,0.23639889762172092,3.0,Computational reversal candidate for further investigation.,55
st023431,-0.027536148250514297,1,1,1,1,1.0,0.009900990099009901,0.23639889762172092,5.0,Computational reversal candidate for further investigation.,56
TAK-715,-0.027484600122436507,1,1,1,1,1.0,0.0297029702970297,0.28078399676702365,5.0,Computational reversal candidate for further investigation.,57
nizatidine,-0.027426549477700353,2,2,2,2,1.0,0.009900990099009901,0.23639889762172092,3.5,Computational reversal candidate for further investigation.,58
zoxazolamine,-0.02734142717356587,1,1,1,1,1.0,0.009900990099009901,0.23639889762172092,3.0,Computational reversal candidate for further investigation.,59
norcyclobenzaprine,-0.027227526520356052,1,1,1,1,1.0,0.07920792079207921,0.36040382034274154,6.0,Computational reversal candidate for further investigation.,60
s(-)-timolol,-0.027227526520356052,1,1,1,1,1.0,0.04950495049504951,0.31759962699871097,6.0,Computational reversal candidate for further investigation.,61
BRD-K14880289,-0.027160786310298335,1,1,1,1,1.0,0.009900990099009901,0.23639889762172092,3.0,Computational reversal candidate for further investigation.,62
BRD-K02641134,-0.02710879209130807,1,1,1,1,1.0,0.019801980198019802,0.25620886110957464,4.0,Computational reversal candidate for further investigation.,63
dipropyldopamine,-0.026673224592088773,2,2,2,2,1.0,0.019801980198019802,0.25620886110957464,4.5,Computational reversal candidate for further investigation.,64
jzl-184,-0.026551251847832816,1,1,1,1,1.0,0.06930693069306931,0.342980451891343,7.0,Computational reversal candidate for further investigation.,65
SB-216763,-0.026392344376911077,4,4,4,4,1.0,0.009900990099009901,0.23639889762172092,6.0,Computational reversal candidate for further investigation.,66
exemestane,-0.026353761584406325,2,3,2,3,0.6666666666666666,0.019801980198019802,0.25620886110957464,5.0,Computational reversal candidate for further investigation.,67
stk222600,-0.02633424622516329,1,1,1,1,1.0,0.0297029702970297,0.28078399676702365,5.0,Computational reversal candidate for further investigation.,68
ncgc00010428-03,-0.026327772906795645,1,1,1,1,1.0,0.019801980198019802,0.25620886110957464,5.0,Computational reversal candidate for further investigation.,69
y27632,-0.026267799852049325,2,2,2,2,1.0,0.009900990099009901,0.23639889762172092,4.5,Computational reversal candidate for further investigation.,70
gw 441756,-0.025884663443546674,1,1,1,1,1.0,0.06930693069306931,0.342980451891343,8.0,Computational reversal candidate for further investigation.,71
p5172,-0.025875085495697447,1,1,1,1,1.0,0.0297029702970297,0.28078399676702365,5.0,Computational reversal candidate for further investigation.,72
mesoridazine besylate,-0.02587327397162767,3,3,3,3,1.0,0.009900990099009901,0.23639889762172092,6.0,Computational reversal candidate for further investigation.,73
BRD-K73418978,-0.025847844678510305,1,1,1,1,1.0,0.019801980198019802,0.25620886110957464,4.0,Computational reversal candidate for further investigation.,74
ncgc00241071-01,-0.025820635147909228,1,1,1,1,1.0,0.019801980198019802,0.25620886110957464,4.0,Computational reversal candidate for further investigation.,75
BRD-K60218670,-0.0257669054910157,1,1,1,1,1.0,0.019801980198019802,0.25620886110957464,3.0,Computational reversal candidate for further investigation.,76
BRD-K32112425,-0.025690402797090554,1,1,1,1,1.0,0.019801980198019802,0.25620886110957464,5.0,Computational reversal candidate for further investigation.,77
lasalocid sodium,-0.025626384622218633,2,3,2,3,0.6666666666666666,0.039603960396039604,0.30271542005685714,4.333333333333333,Computational reversal candidate for further investigation.,78
ncgc00238536-01,-0.02554379752578973,1,1,1,1,1.0,0.009900990099009901,0.23639889762172092,4.0,Computational reversal candidate for further investigation.,79
methotrexate,-0.025501271021261825,1,1,2,2,1.0,0.009900990099009901,0.23639889762172092,6.5,Computational reversal candidate for further investigation.,80
glipizide,-0.02542360803078642,1,1,1,1,1.0,0.04950495049504951,0.31759962699871097,5.0,Computational reversal candidate for further investigation.,81
BRD-K02562327,-0.025411060133936347,1,1,1,1,1.0,0.0594059405940594,0.3260288114119469,3.0,Computational reversal candidate for further investigation.,82
levocetirizine,-0.02520299113455555,1,1,1,1,1.0,0.0297029702970297,0.28078399676702365,4.0,Computational reversal candidate for further investigation.,83
BRD-K41775742,-0.025075513994139084,1,1,1,1,1.0,0.009900990099009901,0.23639889762172092,4.0,Computational reversal candidate for further investigation.,84
danthron,-0.025013030864460634,1,1,1,1,1.0,0.0297029702970297,0.28078399676702365,3.0,Computational reversal candidate for further investigation.,85
fenofibrate,-0.02500388729951243,1,1,1,1,1.0,0.0297029702970297,0.28078399676702365,3.0,Computational reversal candidate for further investigation.,86
ncgc00242279-01,-0.024942942421775097,1,1,1,1,1.0,0.0297029702970297,0.28078399676702365,3.0,Computational reversal candidate for further investigation.,87
8-cpt-2-me-camp,-0.02493718006066385,1,1,1,1,1.0,0.039603960396039604,0.30271542005685714,4.0,Computational reversal candidate for further investigation.,88
ncgc00181799-01,-0.024885397843238788,1,1,1,1,1.0,0.019801980198019802,0.25620886110957464,5.0,Computational reversal candidate for further investigation.,89
niridazole,-0.0247405297428104,1,1,1,1,1.0,0.019801980198019802,0.25620886110957464,4.0,Computational reversal candidate for further investigation.,90
BRD-K05520923,-0.02455494169727975,1,1,1,1,1.0,0.009900990099009901,0.23639889762172092,4.0,Computational reversal candidate for further investigation.,91
kirromycin,-0.024519498354889945,1,1,1,1,1.0,0.009900990099009901,0.23639889762172092,4.0,Computational reversal candidate for further investigation.,92
vu0413247-1,-0.02446768308468095,1,1,1,1,1.0,0.0297029702970297,0.28078399676702365,3.0,Computational reversal candidate for further investigation.,93
"n,n-hexamethyleneamiloride",-0.024404487272273203,2,2,2,2,1.0,0.009900990099009901,0.23639889762172092,4.5,Computational reversal candidate for further investigation.,94
enrofloxacin,-0.024401913017342416,3,3,3,3,1.0,0.019801980198019802,0.25620886110957464,3.6666666666666665,Computational reversal candidate for further investigation.,95
cp 94253 hydrochloride,-0.024337941819616647,1,1,1,1,1.0,0.0594059405940594,0.3260288114119469,5.0,Computational reversal candidate for further investigation.,96
lobendazole,-0.024311724282889986,2,2,2,2,1.0,0.009900990099009901,0.23639889762172092,4.0,Computational reversal candidate for further investigation.,97
benzopurpurin (b),-0.024299502139231176,1,1,1,1,1.0,0.019801980198019802,0.25620886110957464,3.0,Computational reversal candidate for further investigation.,98
su 4312,-0.02422114782399363,1,1,1,1,1.0,0.039603960396039604,0.30271542005685714,3.0,Computational reversal candidate for further investigation.,99
BRD-K86086851,-0.02409282891254663,1,1,1,1,1.0,0.0297029702970297,0.28078399676702365,5.0,Computational reversal candidate for further investigation.,100
BRD-A01317026,-0.024078006071273486,1,1,1,1,1.0,0.039603960396039604,0.30271542005685714,3.0,Computational reversal candidate for further investigation.,101
thiazolopyrimidine,-0.02388816054349572,2,2,2,2,1.0,0.039603960396039604,0.30271542005685714,9.0,Computational reversal candidate for further investigation.,102
BRD-K64304398,-0.023862899438647577,1,1,1,1,1.0,0.019801980198019802,0.25620886110957464,4.0,Computational reversal candidate for further investigation.,103
BRD-K09299610,-0.023855467261678698,1,1,1,1,1.0,0.0297029702970297,0.28078399676702365,4.0,Computational reversal candidate for further investigation.,104
ethyl-beta-carboline-3-carboxylate,-0.023817712970301247,2,2,2,2,1.0,0.019801980198019802,0.25620886110957464,6.0,Computational reversal candidate for further investigation.,105
mls-0435534.0001,-0.02376788353325244,1,1,1,1,1.0,0.0297029702970297,0.28078399676702365,4.0,Computational reversal candidate for further investigation.,106
dapt,-0.023632193886585433,1,1,1,1,1.0,0.06930693069306931,0.342980451891343,4.0,Computational reversal candidate for further investigation.,107
n- (2-aminoethyl)-4-chlorobenzamide (ro-16-6491),-0.02362675016420572,1,1,1,1,1.0,0.0594059405940594,0.3260288114119469,4.0,Computational reversal candidate for further investigation.,108
dihydroergocristine mesylate,-0.023608041022113856,1,1,1,1,1.0,0.019801980198019802,0.25620886110957464,5.0,Computational reversal candidate for further investigation.,109
cortisone,-0.023607384502474994,1,1,1,1,1.0,0.0297029702970297,0.28078399676702365,4.0,Computational reversal candidate for further investigation.,110
chloramphenicol,-0.023260883160699734,1,1,1,1,1.0,0.04950495049504951,0.31759962699871097,3.0,Computational reversal candidate for further investigation.,111
bmy 7378 dihydrochloride,-0.0232320144849487,1,1,1,1,1.0,0.019801980198019802,0.25620886110957464,3.0,Computational reversal candidate for further investigation.,112
BRD-K97764662,-0.023155232330201003,1,1,2,2,1.0,0.039603960396039604,0.30271542005685714,4.0,Computational reversal candidate for further investigation.,113
bl-079,-0.0229445611657791,1,1,1,1,1.0,0.019801980198019802,0.25620886110957464,3.0,Computational reversal candidate for further investigation.,114
BRD-K62970326,-0.022893301830710262,2,2,2,2,1.0,0.019801980198019802,0.25620886110957464,4.5,Computational reversal candidate for further investigation.,115
sch 58261,-0.02283769106163213,2,2,2,2,1.0,0.009900990099009901,0.23639889762172092,3.5,Computational reversal candidate for further investigation.,116
hypericin,-0.022821422993673506,2,2,2,2,1.0,0.019801980198019802,0.25620886110957464,4.5,Computational reversal candidate for further investigation.,117
BRD-K45114207,-0.02281564914766377,1,1,1,1,1.0,0.06930693069306931,0.342980451891343,5.0,Computational reversal candidate for further investigation.,118
BIX-02189,-0.02280862437213864,5,6,5,6,0.8333333333333334,0.009900990099009901,0.23639889762172092,5.0,Computational reversal candidate for further investigation.,119
chelidonine (+),-0.02279936392907163,1,1,1,1,1.0,0.07920792079207921,0.36040382034274154,6.0,Computational reversal candidate for further investigation.,120
"brl 37344, sodium salt",-0.022693525020767435,1,1,1,1,1.0,0.0594059405940594,0.3260288114119469,6.0,Computational reversal candidate for further investigation.,121
"l-750,667",-0.022674259451602452,1,1,1,1,1.0,0.0297029702970297,0.28078399676702365,3.0,Computational reversal candidate for further investigation.,122
way 170523,-0.0226559507430083,3,4,3,4,0.75,0.009900990099009901,0.23639889762172092,5.25,Computational reversal candidate for further investigation.,123
BRD-K31841256,-0.022649332417606242,1,1,1,1,1.0,0.019801980198019802,0.25620886110957464,4.0,Computational reversal candidate for further investigation.,124
BRD-K02458594,-0.02256377551530645,1,1,1,1,1.0,0.019801980198019802,0.25620886110957464,3.0,Computational reversal candidate for further investigation.,125
bd 1063 dihydrochloride,-0.022468669071783097,1,1,1,1,1.0,0.07920792079207921,0.36040382034274154,3.0,Computational reversal candidate for further investigation.,126
BRD-K79619196,-0.022407317594896572,1,1,1,1,1.0,0.019801980198019802,0.25620886110957464,5.0,Computational reversal candidate for further investigation.,127
s1452,-0.022392926992630843,3,3,3,3,1.0,0.019801980198019802,0.25620886110957464,6.0,Computational reversal candidate for further investigation.,128
BRD-K98896788,-0.022240697659944117,1,1,1,1,1.0,0.0297029702970297,0.28078399676702365,5.0,Computational reversal candidate for further investigation.,129
BRD-K86901264,-0.022221982256066468,1,1,1,1,1.0,0.009900990099009901,0.23639889762172092,3.0,Computational reversal candidate for further investigation.,130
BRD-K72817452,-0.022214734769272187,1,1,1,1,1.0,0.039603960396039604,0.30271542005685714,5.0,Computational reversal candidate for further investigation.,131
BRD-K15885023,-0.022135804953275436,1,1,1,1,1.0,0.039603960396039604,0.30271542005685714,5.0,Computational reversal candidate for further investigation.,132
tianeptine,-0.02205209096903399,1,1,1,1,1.0,0.0594059405940594,0.3260288114119469,4.0,Computational reversal candidate for further investigation.,133
naringenine,-0.022022780816818903,1,1,1,1,1.0,0.1188118811881188,0.4220372957541153,7.0,Computational reversal candidate for further investigation.,134
BRD-K10846167,-0.021956744137508033,1,1,1,1,1.0,0.10891089108910891,0.407492122394792,3.0,Computational reversal candidate for further investigation.,135
BRD-K16331660,-0.021918395591629575,1,1,1,1,1.0,0.019801980198019802,0.25620886110957464,4.0,Computational reversal candidate for further investigation.,136
c247,-0.021914360087372575,1,1,1,1,1.0,0.0297029702970297,0.28078399676702365,3.0,Computational reversal candidate for further investigation.,137
BRD-K41557448,-0.02186992645180643,1,1,1,1,1.0,0.0297029702970297,0.28078399676702365,4.0,Computational reversal candidate for further investigation.,138
BRD-K28610502,-0.021817457570413878,1,1,1,1,1.0,0.009900990099009901,0.23639889762172092,4.0,Computational reversal candidate for further investigation.,139
BRD-K76236182,-0.02176154129313619,1,1,1,1,1.0,0.04950495049504951,0.31759962699871097,4.0,Computational reversal candidate for further investigation.,140
pimozide,-0.02175400250739487,7,7,7,7,1.0,0.009900990099009901,0.23639889762172092,4.571428571428571,Computational reversal candidate for further investigation.,141
cabergoline,-0.02172793967166233,1,1,1,1,1.0,0.0891089108910891,0.3752295229522952,3.0,Computational reversal candidate for further investigation.,142
BRD-K23978082,-0.021727435021733035,1,1,1,1,1.0,0.009900990099009901,0.23639889762172092,3.0,Computational reversal candidate for further investigation.,143
BRD-K86761848,-0.021688514214729504,2,2,2,2,1.0,0.0297029702970297,0.28078399676702365,3.5,Computational reversal candidate for further investigation.,144
ketoprofen,-0.021658429328155357,2,2,2,2,1.0,0.04950495049504951,0.31759962699871097,5.0,Computational reversal candidate for further investigation.,145
"amethopterin (r,s)",-0.021556749220195397,1,1,1,1,1.0,0.009900990099009901,0.23639889762172092,3.0,Computational reversal candidate for further investigation.,146
BRD-K47448802,-0.02152500845342919,1,1,1,1,1.0,0.0297029702970297,0.28078399676702365,3.0,Computational reversal candidate for further investigation.,147
BRD-K00486725,-0.021508404408489203,1,1,1,1,1.0,0.009900990099009901,0.23639889762172092,3.0,Computational reversal candidate for further investigation.,148
sb 200646 hydrochloride,-0.02150602696151553,1,1,1,1,1.0,0.07920792079207921,0.36040382034274154,4.0,Computational reversal candidate for further investigation.,149
BRD-K73567619,-0.021318639328708262,1,1,1,1,1.0,0.019801980198019802,0.25620886110957464,3.0,Computational reversal candidate for further investigation.,150
BRD-K61981833,-0.021295693744187872,2,2,2,2,1.0,0.009900990099009901,0.23639889762172092,4.0,Computational reversal candidate for further investigation.,151
zd 2079 hydrochloride,-0.021248391484849832,2,2,2,2,1.0,0.039603960396039604,0.30271542005685714,4.0,Computational reversal candidate for further investigation.,152
mephentermine sulfate,-0.021244057431689722,2,2,2,2,1.0,0.009900990099009901,0.23639889762172092,4.5,Computational reversal candidate for further investigation.,153
ncgc00166395-02,-0.021180376817771726,2,3,2,3,0.6666666666666666,0.009900990099009901,0.23639889762172092,4.0,Computational reversal candidate for further investigation.,154
clozapine,-0.021100789593749156,1,1,1,1,1.0,0.019801980198019802,0.25620886110957464,3.0,Computational reversal candidate for further investigation.,155
cgs 21680 hydrochloride,-0.021039370205257382,1,1,1,1,1.0,0.04950495049504951,0.31759962699871097,5.0,Computational reversal candidate for further investigation.,156
(-)-cotinine,-0.021002557692202363,1,1,1,1,1.0,0.0594059405940594,0.3260288114119469,5.0,Computational reversal candidate for further investigation.,157
azacytidine-5,-0.020963790018096003,2,3,2,3,0.6666666666666666,0.009900990099009901,0.23639889762172092,5.666666666666667,Computational reversal candidate for further investigation.,158
flurofamide,-0.020760479546632456,1,1,1,1,1.0,0.0891089108910891,0.3752295229522952,4.0,Computational reversal candidate for further investigation.,159
BRD-K30802967,-0.02072058668221739,1,1,1,1,1.0,0.0594059405940594,0.3260288114119469,3.0,Computational reversal candidate for further investigation.,160
BRD-K05549170,-0.020699871224665385,1,1,1,1,1.0,0.09900990099009901,0.3886558147340158,6.0,Computational reversal candidate for further investigation.,161
thioproperazine dimesylate,-0.020672552471757512,1,1,1,1,1.0,0.009900990099009901,0.23639889762172092,3.0,Computational reversal candidate for further investigation.,162
e933505,-0.020628334235381397,1,1,1,1,1.0,0.009900990099009901,0.23639889762172092,3.0,Computational reversal candidate for further investigation.,163
gitoxigenin,-0.020624902873316243,4,5,4,6,0.8,0.009900990099009901,0.23639889762172092,3.8333333333333335,Computational reversal candidate for further investigation.,164
BRD-K65366129,-0.020606712926113484,1,1,1,1,1.0,0.0594059405940594,0.3260288114119469,7.0,Computational reversal candidate for further investigation.,165
rifapentine,-0.020463636013188263,2,2,2,2,1.0,0.009900990099009901,0.23639889762172092,4.5,Computational reversal candidate for further investigation.,166
ncgc00188537-01,-0.020462238459713754,1,1,1,1,1.0,0.009900990099009901,0.23639889762172092,4.0,Computational reversal candidate for further investigation.,167
lumicolchicine gamma,-0.02034564110033741,1,1,1,1,1.0,0.009900990099009901,0.23639889762172092,8.0,Computational reversal candidate for further investigation.,168
GSK-3-inhibitor-II,-0.020277064662542123,1,1,1,1,1.0,0.04950495049504951,0.31759962699871097,7.0,Computational reversal candidate for further investigation.,169
KIN001-244,-0.020258663814508082,2,2,2,2,1.0,0.019801980198019802,0.25620886110957464,6.5,Computational reversal candidate for further investigation.,170
haloperidol,-0.020246846404339335,1,1,1,1,1.0,0.009900990099009901,0.23639889762172092,3.0,Computational reversal candidate for further investigation.,171
carbidopa,-0.020216047837784044,1,1,1,1,1.0,0.019801980198019802,0.25620886110957464,4.0,Computational reversal candidate for further investigation.,172
BRD-K82580504,-0.020179131585332168,1,1,1,1,1.0,0.039603960396039604,0.30271542005685714,4.0,Computational reversal candidate for further investigation.,173
hy-10161,-0.020168552680474055,1,2,1,2,0.5,0.0594059405940594,0.3260288114119469,4.0,Computational reversal candidate for further investigation.,174
BRD-K60093216,-0.020099030247396753,1,1,1,1,1.0,0.0594059405940594,0.3260288114119469,3.0,Computational reversal candidate for further investigation.,175
mifepristone,-0.020077669625699304,2,2,2,2,1.0,0.019801980198019802,0.25620886110957464,5.5,Computational reversal candidate for further investigation.,176
BRD-K14236372,-0.02005464120232161,1,1,1,1,1.0,0.06930693069306931,0.342980451891343,3.0,Computational reversal candidate for further investigation.,177
dipropyl-5ct,-0.02005464120232161,1,1,1,1,1.0,0.009900990099009901,0.23639889762172092,3.0,Computational reversal candidate for further investigation.,178
dm163 brd-k06180729,-0.02005464120232161,1,1,1,1,1.0,0.039603960396039604,0.30271542005685714,3.0,Computational reversal candidate for further investigation.,179
ncgc00189555-02,-0.02005464120232161,1,1,1,1,1.0,0.04950495049504951,0.31759962699871097,3.0,Computational reversal candidate for further investigation.,180
ncgc00241435-01,-0.02005464120232161,1,1,1,1,1.0,0.0594059405940594,0.3260288114119469,3.0,Computational reversal candidate for further investigation.,181
ncgc00242557-01,-0.020026782702298115,1,1,1,1,1.0,0.0297029702970297,0.28078399676702365,5.0,Computational reversal candidate for further investigation.,182
BRD-K79390395,-0.020007787526004687,2,2,2,2,1.0,0.039603960396039604,0.30271542005685714,5.0,Computational reversal candidate for further investigation.,183
cilostazol,-0.01995343343135883,2,2,2,2,1.0,0.009900990099009901,0.23639889762172092,3.5,Computational reversal candidate for further investigation.,184
hexylcaine hydrochloride,-0.01984682770368829,2,2,2,2,1.0,0.0297029702970297,0.28078399676702365,4.5,Computational reversal candidate for further investigation.,185
iproniazide phosphate,-0.019806016424966218,1,1,1,1,1.0,0.039603960396039604,0.30271542005685714,4.0,Computational reversal candidate for further investigation.,186
ketanserin tartrate hydrate,-0.01973519004210012,2,2,2,2,1.0,0.019801980198019802,0.25620886110957464,5.5,Computational reversal candidate for further investigation.,187
BRD-K46171503,-0.019653665416101376,1,1,1,1,1.0,0.0594059405940594,0.3260288114119469,3.0,Computational reversal candidate for further investigation.,188
trazodone hydrochloride,-0.019591191737331082,1,1,1,1,1.0,0.0891089108910891,0.3752295229522952,6.0,Computational reversal candidate for further investigation.,189
zardaverine,-0.019525671646159405,1,1,1,1,1.0,0.10891089108910891,0.407492122394792,5.0,Computational reversal candidate for further investigation.,190
ppt,-0.019515923647163185,1,1,1,1,1.0,0.0594059405940594,0.3260288114119469,3.0,Computational reversal candidate for further investigation.,191
BRD-K72264770,-0.019509487743292107,1,1,1,1,1.0,0.0594059405940594,0.3260288114119469,6.0,Computational reversal candidate for further investigation.,192
BRD-A11095214,-0.019509255325541697,2,2,2,2,1.0,0.009900990099009901,0.23639889762172092,5.0,Computational reversal candidate for further investigation.,193
methoxsalen,-0.019469459278171678,1,1,1,1,1.0,0.06930693069306931,0.342980451891343,3.0,Computational reversal candidate for further investigation.,194
BRD-K06405410,-0.01946297151877427,1,1,1,1,1.0,0.039603960396039604,0.30271542005685714,3.0,Computational reversal candidate for further investigation.,195
SB-525334,-0.019450746548420716,5,6,5,6,0.8333333333333334,0.009900990099009901,0.23639889762172092,4.166666666666667,Computational reversal candidate for further investigation.,196
glimepiride,-0.01943370645550755,2,2,2,2,1.0,0.04950495049504951,0.31759962699871097,3.5,Computational reversal candidate for further investigation.,197
rs 504393,-0.019387470963411965,2,2,2,2,1.0,0.009900990099009901,0.23639889762172092,3.0,Computational reversal candidate for further investigation.,198
obaa,-0.01932942254709513,3,3,3,3,1.0,0.009900990099009901,0.23639889762172092,5.0,Computational reversal candidate for further investigation.,199
BRD-K85123403,-0.019157773607181232,1,1,1,1,1.0,0.06930693069306931,0.342980451891343,4.0,Computational reversal candidate for further investigation.,200
mls-0454415.0001,-0.01913782751814256,1,1,1,1,1.0,0.0297029702970297,0.28078399676702365,4.0,Computational reversal candidate for further investigation.,201
BRD-K34092011,-0.019093994675103428,1,1,1,1,1.0,0.019801980198019802,0.25620886110957464,3.0,Computational reversal candidate for further investigation.,202
BRD-K75430629,-0.019072275326371298,1,1,1,1,1.0,0.019801980198019802,0.25620886110957464,3.0,Computational reversal candidate for further investigation.,203
np-004102,-0.01903207992633806,1,1,1,1,1.0,0.0891089108910891,0.3752295229522952,5.0,Computational reversal candidate for further investigation.,204
tetrahydropalmatine,-0.018999064561057058,1,1,1,1,1.0,0.039603960396039604,0.30271542005685714,5.0,Computational reversal candidate for further investigation.,205
ptb1,-0.01898505227764019,1,1,1,1,1.0,0.10891089108910891,0.407492122394792,7.0,Computational reversal candidate for further investigation.,206
aristolochic acid,-0.01895526128270462,1,1,2,2,1.0,0.009900990099009901,0.23639889762172092,5.5,Computational reversal candidate for further investigation.,207
ac-1121,-0.018948993266849054,1,1,1,1,1.0,0.09900990099009901,0.3886558147340158,5.0,Computational reversal candidate for further investigation.,208
fluvoxamine maleate,-0.018784942300938356,2,2,2,2,1.0,0.009900990099009901,0.23639889762172092,4.0,Computational reversal candidate for further investigation.,209
hy-70061,-0.018748891586220156,2,2,2,2,1.0,0.0297029702970297,0.28078399676702365,3.0,Computational reversal candidate for further investigation.,210
BRD-K66555411,-0.0187478998798552,1,1,1,1,1.0,0.09900990099009901,0.3886558147340158,4.0,Computational reversal candidate for further investigation.,211
sulfamethazine sodium salt,-0.018726751503907735,1,1,1,1,1.0,0.039603960396039604,0.30271542005685714,3.0,Computational reversal candidate for further investigation.,212
BRD-K56596360,-0.018721083956205253,1,1,1,1,1.0,0.019801980198019802,0.25620886110957464,3.0,Computational reversal candidate for further investigation.,213
amodiaquin dihydrochloride dihydrate,-0.01871665867686719,3,3,3,3,1.0,0.019801980198019802,0.25620886110957464,4.333333333333333,Computational reversal candidate for further investigation.,214
jlk 6,-0.018701912876171622,2,3,2,3,0.6666666666666666,0.019801980198019802,0.25620886110957464,4.333333333333333,Computational reversal candidate for further investigation.,215
deoxycorticosterone,-0.018695492423205232,2,3,2,3,0.6666666666666666,0.04950495049504951,0.31759962699871097,3.3333333333333335,Computational reversal candidate for further investigation.,216
eicosatrienoic acid (20:3 n-3),-0.018668562805422437,1,1,1,1,1.0,0.039603960396039604,0.30271542005685714,4.0,Computational reversal candidate for further investigation.,217
np-010155,-0.018529889385000546,1,1,1,1,1.0,0.04950495049504951,0.31759962699871097,5.0,Computational reversal candidate for further investigation.,218
ossk 645668,-0.01851768326711503,3,4,3,4,0.75,0.009900990099009901,0.23639889762172092,3.75,Computational reversal candidate for further investigation.,219
biperiden hydrochloride,-0.018508883535299538,2,3,2,3,0.6666666666666666,0.009900990099009901,0.23639889762172092,3.6666666666666665,Computational reversal candidate for further investigation.,220
gr-235,-0.018508717286254577,1,1,1,1,1.0,0.04950495049504951,0.31759962699871097,3.0,Computational reversal candidate for further investigation.,221
BRD-K52446745,-0.018482849638516024,1,1,1,1,1.0,0.04950495049504951,0.31759962699871097,3.0,Computational reversal candidate for further investigation.,222
lomerizine dihcl,-0.018415085533797476,1,1,1,1,1.0,0.06930693069306931,0.342980451891343,5.0,Computational reversal candidate for further investigation.,223
1483-0018,-0.01839077844209244,2,3,2,3,0.6666666666666666,0.019801980198019802,0.25620886110957464,4.666666666666667,Computational reversal candidate for further investigation.,224
BRD-K55127335,-0.018365741782579395,1,1,1,1,1.0,0.04950495049504951,0.31759962699871097,3.0,Computational reversal candidate for further investigation.,225
acyclovir,-0.018365741782579395,1,1,1,1,1.0,0.019801980198019802,0.25620886110957464,3.0,Computational reversal candidate for further investigation.,226
disulfiram,-0.018353805373782835,2,2,2,2,1.0,0.0297029702970297,0.28078399676702365,5.5,Computational reversal candidate for further investigation.,227
ethopropazine hydrochloride,-0.01835107924319923,1,1,1,1,1.0,0.06930693069306931,0.342980451891343,3.0,Computational reversal candidate for further investigation.,228
BRD-K24051260,-0.018320369609352655,3,3,3,3,1.0,0.009900990099009901,0.23639889762172092,3.6666666666666665,Computational reversal candidate for further investigation.,229
fluorometholone,-0.018225987638921685,1,1,1,1,1.0,0.019801980198019802,0.25620886110957464,3.0,Computational reversal candidate for further investigation.,230
s1040,-0.018224866148047542,2,3,2,3,0.6666666666666666,0.019801980198019802,0.25620886110957464,3.6666666666666665,Computational reversal candidate for further investigation.,231
ncgc00182615-01,-0.0182008318576734,1,1,1,1,1.0,0.0594059405940594,0.3260288114119469,4.0,Computational reversal candidate for further investigation.,232
BRD-K89692698,-0.018192859119257217,1,1,1,1,1.0,0.0891089108910891,0.3752295229522952,4.0,Computational reversal candidate for further investigation.,233
BRD-K11663430,-0.01812161585815814,1,1,1,1,1.0,0.07920792079207921,0.36040382034274154,4.0,Computational reversal candidate for further investigation.,234
brompheniramine maleate,-0.018088536146290954,2,2,2,2,1.0,0.019801980198019802,0.25620886110957464,3.0,Computational reversal candidate for further investigation.,235
akt inhibitor x,-0.01804868401243179,1,1,1,1,1.0,0.10891089108910891,0.407492122394792,5.0,Computational reversal candidate for further investigation.,236
gr-231,-0.01799955798865897,2,2,2,2,1.0,0.039603960396039604,0.30271542005685714,4.5,Computational reversal candidate for further investigation.,237
ketotifen fumarate,-0.017988912875596265,1,1,1,1,1.0,0.039603960396039604,0.30271542005685714,5.0,Computational reversal candidate for further investigation.,238
itavastatin ca,-0.017988169919621145,3,4,3,4,0.75,0.009900990099009901,0.23639889762172092,4.5,Computational reversal candidate for further investigation.,239
sulpiride,-0.017987535946802764,3,3,3,3,1.0,0.019801980198019802,0.25620886110957464,4.666666666666667,Computational reversal candidate for further investigation.,240
BRD-K02920722,-0.017982002854331047,1,1,1,1,1.0,0.06930693069306931,0.342980451891343,5.0,Computational reversal candidate for further investigation.,241
fluvastatin,-0.017913805964471705,1,1,1,1,1.0,0.07920792079207921,0.36040382034274154,4.0,Computational reversal candidate for further investigation.,242
BRD-K88708949,-0.017905468899845046,1,1,1,1,1.0,0.0594059405940594,0.3260288114119469,6.0,Computational reversal candidate for further investigation.,243
rimcazole dihydrochloride,-0.017863021569243548,1,1,1,1,1.0,0.0891089108910891,0.3752295229522952,6.0,Computational reversal candidate for further investigation.,244
BRD-K18861610,-0.01782241738962686,1,1,1,1,1.0,0.039603960396039604,0.30271542005685714,4.0,Computational reversal candidate for further investigation.,245
BRD-K34711351,-0.017729246679020722,1,1,1,1,1.0,0.039603960396039604,0.30271542005685714,4.0,Computational reversal candidate for further investigation.,246
HG-5-88-01,-0.017672995550532068,9,11,9,11,0.8181818181818182,0.009900990099009901,0.23639889762172092,4.2727272727272725,Computational reversal candidate for further investigation.,247
"clomiphene citrate (z,e)",-0.0176119265768811,1,1,1,1,1.0,0.04950495049504951,0.31759962699871097,3.0,Computational reversal candidate for further investigation.,248
BRD-K67742177,-0.017605341407412413,1,1,1,1,1.0,0.019801980198019802,0.25620886110957464,4.0,Computational reversal candidate for further investigation.,249
anafranil,-0.01760323322185688,2,2,2,2,1.0,0.009900990099009901,0.23639889762172092,4.0,Computational reversal candidate for further investigation.,250
pd 160170,-0.01750515719558144,2,2,2,2,1.0,0.009900990099009901,0.23639889762172092,5.0,Computational reversal candidate for further investigation.,251
BRD-U44700465,-0.017500548065615903,2,2,2,2,1.0,0.009900990099009901,0.23639889762172092,3.0,Computational reversal candidate for further investigation.,252
12k-516s,-0.017466161258571325,2,2,2,2,1.0,0.009900990099009901,0.23639889762172092,3.5,Computational reversal candidate for further investigation.,253
fenobam,-0.01742941635482561,1,1,1,1,1.0,0.13861386138613863,0.44899259156684906,5.0,Computational reversal candidate for further investigation.,254
oxymetazoline hydrochloride,-0.01742140837520314,1,1,1,1,1.0,0.07920792079207921,0.36040382034274154,4.0,Computational reversal candidate for further investigation.,255
ici-89406,-0.01741220073589135,1,1,1,1,1.0,0.0891089108910891,0.3752295229522952,3.0,Computational reversal candidate for further investigation.,256
tc 2559 difumarate,-0.01739207978732874,2,2,2,2,1.0,0.019801980198019802,0.25620886110957464,3.5,Computational reversal candidate for further investigation.,257
BRD-K30849099,-0.017355156952259587,2,2,2,2,1.0,0.019801980198019802,0.25620886110957464,4.0,Computational reversal candidate for further investigation.,258
BRD-K99633092,-0.01734474323196973,2,2,2,2,1.0,0.04950495049504951,0.31759962699871097,4.0,Computational reversal candidate for further investigation.,259
vu0420363-1,-0.017298105571558652,1,1,1,1,1.0,0.0297029702970297,0.28078399676702365,5.0,Computational reversal candidate for further investigation.,260
tracazolate hydrochloride,-0.017278266622482996,1,1,1,1,1.0,0.1485148514851485,0.4567867145280265,4.0,Computational reversal candidate for further investigation.,261
BRD-K11540476,-0.01727753262874762,1,1,1,1,1.0,0.06930693069306931,0.342980451891343,4.0,Computational reversal candidate for further investigation.,262
nsc 663284,-0.017155078865972784,5,6,6,7,0.8333333333333334,0.019801980198019802,0.25620886110957464,5.142857142857143,Computational reversal candidate for further investigation.,263
bisindolylmaleimide iv,-0.017143801698348185,1,1,1,1,1.0,0.019801980198019802,0.25620886110957464,3.0,Computational reversal candidate for further investigation.,264
mdm2 inhibitor,-0.017121208037716676,2,3,2,3,0.6666666666666666,0.009900990099009901,0.23639889762172092,3.3333333333333335,Computational reversal candidate for further investigation.,265
amyleine hydrochloride,-0.01711771414826633,1,1,1,1,1.0,0.10891089108910891,0.407492122394792,4.0,Computational reversal candidate for further investigation.,266
ftt,-0.017109762528403134,1,1,1,1,1.0,0.0891089108910891,0.3752295229522952,5.0,Computational reversal candidate for further investigation.,267
"ici 192,605",-0.017105509408756676,1,1,1,1,1.0,0.13861386138613863,0.44899259156684906,6.0,Computational reversal candidate for further investigation.,268
verapamil hydrochloride,-0.017071297715593098,1,1,1,1,1.0,0.07920792079207921,0.36040382034274154,5.0,Computational reversal candidate for further investigation.,269
BRD-K37043259,-0.017035760128568694,3,3,3,3,1.0,0.009900990099009901,0.23639889762172092,3.0,Computational reversal candidate for further investigation.,270
BRD-K91449330,-0.01700400638119358,1,1,1,1,1.0,0.0297029702970297,0.28078399676702365,6.0,Computational reversal candidate for further investigation.,271
way 213613,-0.016984229005514856,3,3,3,3,1.0,0.009900990099009901,0.23639889762172092,4.333333333333333,Computational reversal candidate for further investigation.,272
s1297,-0.016946327980118133,2,2,2,2,1.0,0.0594059405940594,0.3260288114119469,4.0,Computational reversal candidate for further investigation.,273
BRD-K74623475,-0.016884981584808213,1,1,1,1,1.0,0.039603960396039604,0.30271542005685714,5.0,Computational reversal candidate for further investigation.,274
pracinostat,-0.016843285216647623,21,32,21,32,0.65625,0.009900990099009901,0.23639889762172092,7.0625,Computational reversal candidate for further investigation.,275
BRD-K48950795,-0.016812502053169368,3,5,3,5,0.6,0.0297029702970297,0.28078399676702365,3.6,Computational reversal candidate for further investigation.,276
BRD-K46373671,-0.016774998602322108,2,2,2,2,1.0,0.0297029702970297,0.28078399676702365,3.5,Computational reversal candidate for further investigation.,277
kb-r7943 mesylate,-0.0167188422349281,1,1,1,1,1.0,0.0594059405940594,0.3260288114119469,3.0,Computational reversal candidate for further investigation.,278
BRD-K96704748,-0.01671729237003128,2,2,2,2,1.0,0.04950495049504951,0.31759962699871097,4.0,Computational reversal candidate for further investigation.,279
s2001,-0.016673773094161723,1,1,1,1,1.0,0.16831683168316833,0.486668891608262,5.0,Computational reversal candidate for further investigation.,280
alclometazone dipropionate,-0.01666014441259224,2,2,2,2,1.0,0.0594059405940594,0.3260288114119469,3.0,Computational reversal candidate for further investigation.,281
ncgc00188530-01,-0.01662698340052875,2,3,2,3,0.6666666666666666,0.0594059405940594,0.3260288114119469,5.0,Computational reversal candidate for further investigation.,282
bas 09104376,-0.016601450975099682,1,1,1,1,1.0,0.019801980198019802,0.25620886110957464,3.0,Computational reversal candidate for further investigation.,283
rs 39604 hydrochloride,-0.01649981273050226,4,4,4,4,1.0,0.019801980198019802,0.25620886110957464,3.0,Computational reversal candidate for further investigation.,284
BRD-A50388635,-0.01645971853529882,1,1,1,1,1.0,0.0891089108910891,0.3752295229522952,4.0,Computational reversal candidate for further investigation.,285
masitinib,-0.016459232873984264,3,3,3,3,1.0,0.009900990099009901,0.23639889762172092,3.0,Computational reversal candidate for further investigation.,286
BRD-A85712510,-0.01644208024985796,1,1,1,1,1.0,0.06930693069306931,0.342980451891343,4.0,Computational reversal candidate for further investigation.,287
lomatin,-0.016351350547819044,2,2,2,2,1.0,0.019801980198019802,0.25620886110957464,3.5,Computational reversal candidate for further investigation.,288
pkcbeta inhibitor,-0.016278779183596943,2,3,2,3,0.6666666666666666,0.009900990099009901,0.23639889762172092,3.6666666666666665,Computational reversal candidate for further investigation.,289
zk 93423,-0.01627620799249198,1,1,1,1,1.0,0.07920792079207921,0.36040382034274154,5.0,Computational reversal candidate for further investigation.,290
ncgc00186101-01,-0.01624390971251345,1,1,1,1,1.0,0.07920792079207921,0.36040382034274154,3.0,Computational reversal candidate for further investigation.,291
jak3 inhibitor v,-0.01622731075943053,1,1,1,1,1.0,0.2079207920792079,0.5291698400609292,5.0,Computational reversal candidate for further investigation.,292
BRD-K96274284,-0.01620569092962224,1,1,1,1,1.0,0.039603960396039604,0.30271542005685714,3.0,Computational reversal candidate for further investigation.,293
BRD-K26300881,-0.01620255241578865,1,1,1,1,1.0,0.019801980198019802,0.25620886110957464,3.0,Computational reversal candidate for further investigation.,294
triacsin-c,-0.016158436655362946,1,2,1,2,0.5,0.07920792079207921,0.36040382034274154,6.0,Computational reversal candidate for further investigation.,295
BRD-K58479490,-0.01613455844196364,1,1,1,1,1.0,0.06930693069306931,0.342980451891343,4.0,Computational reversal candidate for further investigation.,296
vesamicol,-0.01607238291449356,1,1,1,1,1.0,0.0891089108910891,0.3752295229522952,3.0,Computational reversal candidate for further investigation.,297
"l-733,060 hydrochloride",-0.01606893560852844,1,1,1,1,1.0,0.039603960396039604,0.30271542005685714,3.0,Computational reversal candidate for further investigation.,298
s1481,-0.01605639505725715,1,1,1,1,1.0,0.039603960396039604,0.30271542005685714,3.0,Computational reversal candidate for further investigation.,299
cgp 53353,-0.016052149334081542,2,2,2,2,1.0,0.04950495049504951,0.31759962699871097,3.5,Computational reversal candidate for further investigation.,300
BRD-K62169556,-0.01600857091727461,2,2,2,2,1.0,0.039603960396039604,0.30271542005685714,4.0,Computational reversal candidate for further investigation.,301
ncgc00012588-02,-0.01600071553947754,1,1,1,1,1.0,0.0594059405940594,0.3260288114119469,3.0,Computational reversal candidate for further investigation.,302
bp 554 maleate,-0.015991869278639867,1,1,1,1,1.0,0.13861386138613863,0.44899259156684906,3.0,Computational reversal candidate for further investigation.,303
chemistry 1735,-0.01596253279050986,1,2,1,2,0.5,0.039603960396039604,0.30271542005685714,3.5,Computational reversal candidate for further investigation.,304
arachidonamide,-0.015918031804563852,2,3,2,3,0.6666666666666666,0.019801980198019802,0.25620886110957464,3.6666666666666665,Computational reversal candidate for further investigation.,305
BRD-K56477805,-0.01590479866671195,1,1,1,1,1.0,0.12871287128712872,0.4396740559011653,5.0,Computational reversal candidate for further investigation.,306
prednicarbate,-0.01590377647603635,2,2,2,2,1.0,0.04950495049504951,0.31759962699871097,4.5,Computational reversal candidate for further investigation.,307
molsidomine,-0.015874932868842603,1,1,1,1,1.0,0.0594059405940594,0.3260288114119469,3.0,Computational reversal candidate for further investigation.,308
dibenzyline,-0.015828355667647648,2,2,2,2,1.0,0.0297029702970297,0.28078399676702365,5.5,Computational reversal candidate for further investigation.,309
BRD-K88569143,-0.01580906102429538,1,1,1,1,1.0,0.1782178217821782,0.4937230565161779,5.0,Computational reversal candidate for further investigation.,310
GW-5074,-0.015653019211615653,5,6,5,6,0.8333333333333334,0.009900990099009901,0.23639889762172092,4.166666666666667,Computational reversal candidate for further investigation.,311
BRD-K21773564,-0.01565167479344328,1,1,1,1,1.0,0.07920792079207921,0.36040382034274154,5.0,Computational reversal candidate for further investigation.,312
ncgc00188773-01,-0.015648489024397944,1,1,1,1,1.0,0.06930693069306931,0.342980451891343,6.0,Computational reversal candidate for further investigation.,313
l 655240,-0.015587927067315412,1,1,1,1,1.0,0.10891089108910891,0.407492122394792,4.0,Computational reversal candidate for further investigation.,314
fu jmbii105b,-0.015582658966705519,1,1,1,1,1.0,0.0891089108910891,0.3752295229522952,4.0,Computational reversal candidate for further investigation.,315
BRD-A45657137,-0.015561607406479267,1,1,1,1,1.0,0.04950495049504951,0.31759962699871097,5.0,Computational reversal candidate for further investigation.,316
ncgc00183409-01,-0.015553306671168941,1,1,1,1,1.0,0.04950495049504951,0.31759962699871097,3.0,Computational reversal candidate for further investigation.,317
vu0404997-2,-0.01555003517811626,1,1,1,1,1.0,0.07920792079207921,0.36040382034274154,6.0,Computational reversal candidate for further investigation.,318
arg-a1-2 brd-k39580048,-0.015518813085464836,1,1,1,1,1.0,0.13861386138613863,0.44899259156684906,4.0,Computational reversal candidate for further investigation.,319
danazol,-0.015510539013598834,2,3,2,5,0.6666666666666666,0.039603960396039604,0.30271542005685714,5.0,Computational reversal candidate for further investigation.,320
dm-55-3 brd-k81592585,-0.015480890790513773,1,1,1,1,1.0,0.04950495049504951,0.31759962699871097,3.0,Computational reversal candidate for further investigation.,321
ezetimibe,-0.015440137126479778,2,2,2,2,1.0,0.009900990099009901,0.23639889762172092,3.0,Computational reversal candidate for further investigation.,322
ncgc00012508-02,-0.015437935102731821,1,1,1,1,1.0,0.09900990099009901,0.3886558147340158,5.0,Computational reversal candidate for further investigation.,323
amperozide,-0.015435147961737589,1,1,1,1,1.0,0.1188118811881188,0.4220372957541153,3.0,Computational reversal candidate for further investigation.,324
BRD-K16940042,-0.015427356938240192,1,1,1,1,1.0,0.009900990099009901,0.23639889762172092,3.0,Computational reversal candidate for further investigation.,325
chelerythrine chloride,-0.015400814723038406,3,4,3,4,0.75,0.019801980198019802,0.25620886110957464,4.5,Computational reversal candidate for further investigation.,326
riluzole hydrochloride,-0.015355913991596953,1,1,1,1,1.0,0.06930693069306931,0.342980451891343,3.0,Computational reversal candidate for further investigation.,327
BRD-K48654774,-0.015325103012684534,1,1,1,1,1.0,0.0594059405940594,0.3260288114119469,4.0,Computational reversal candidate for further investigation.,328
BRD-K37150847,-0.015322677396549002,1,1,1,1,1.0,0.039603960396039604,0.30271542005685714,4.0,Computational reversal candidate for further investigation.,329
skf 81297 hydrobromide,-0.015318886329110682,2,2,2,2,1.0,0.0297029702970297,0.28078399676702365,3.0,Computational reversal candidate for further investigation.,330
butein,-0.0153056213998645,1,1,1,1,1.0,0.0594059405940594,0.3260288114119469,4.0,Computational reversal candidate for further investigation.,331
norethynodrel,-0.015304379768692086,2,2,2,2,1.0,0.06930693069306931,0.342980451891343,4.5,Computational reversal candidate for further investigation.,332
w-13 hydrochloride,-0.015286427763945192,1,1,1,1,1.0,0.09900990099009901,0.3886558147340158,3.0,Computational reversal candidate for further investigation.,333
kuc104135 kuc104135n,-0.01527905391420267,3,3,3,3,1.0,0.07920792079207921,0.36040382034274154,6.333333333333333,Computational reversal candidate for further investigation.,334
e3380,-0.015271332569104314,5,5,5,5,1.0,0.019801980198019802,0.25620886110957464,6.4,Computational reversal candidate for further investigation.,335
suloctidil,-0.015252755975075055,4,5,4,5,0.8,0.06930693069306931,0.342980451891343,4.8,Computational reversal candidate for further investigation.,336
nortriptyline hydrochloride,-0.015240904284923099,2,2,2,2,1.0,0.0594059405940594,0.3260288114119469,4.5,Computational reversal candidate for further investigation.,337
BRD-K20401833,-0.015142615575755797,1,1,1,1,1.0,0.0891089108910891,0.3752295229522952,5.0,Computational reversal candidate for further investigation.,338
BRD-K62818989,-0.015124158924026701,2,2,2,2,1.0,0.0297029702970297,0.28078399676702365,5.5,Computational reversal candidate for further investigation.,339
t018500,-0.015117531948351328,1,1,1,1,1.0,0.06930693069306931,0.342980451891343,5.0,Computational reversal candidate for further investigation.,340
stock3s-04022,-0.015090888213121182,2,2,2,2,1.0,0.09900990099009901,0.3886558147340158,6.0,Computational reversal candidate for further investigation.,341
BRD-K95976153,-0.015059457087668754,1,1,1,1,1.0,0.0297029702970297,0.28078399676702365,4.0,Computational reversal candidate for further investigation.,342
racephedrine hydrochloride,-0.015057211893788287,1,1,1,1,1.0,0.039603960396039604,0.30271542005685714,4.0,Computational reversal candidate for further investigation.,343
BRD-K18749194,-0.015022690925960841,1,1,1,1,1.0,0.07920792079207921,0.36040382034274154,4.0,Computational reversal candidate for further investigation.,344
BRD-K71142328,-0.014973900185368963,1,1,1,1,1.0,0.06930693069306931,0.342980451891343,3.0,Computational reversal candidate for further investigation.,345
BRD-K27484191,-0.014958143760362037,2,2,2,2,1.0,0.04950495049504951,0.31759962699871097,4.0,Computational reversal candidate for further investigation.,346
nafronyl oxalate,-0.014936424978143646,2,3,2,3,0.6666666666666666,0.019801980198019802,0.25620886110957464,4.666666666666667,Computational reversal candidate for further investigation.,347
km00799,-0.014925865974909087,1,1,1,1,1.0,0.0594059405940594,0.3260288114119469,3.0,Computational reversal candidate for further investigation.,348
homochlorcyclizine dihydrochloride,-0.014909482286682013,1,1,1,1,1.0,0.0594059405940594,0.3260288114119469,3.0,Computational reversal candidate for further investigation.,349
moclobemide,-0.014852741382048892,2,2,2,2,1.0,0.0594059405940594,0.3260288114119469,4.0,Computational reversal candidate for further investigation.,350
vu0415108-1,-0.014832230562730954,1,1,1,1,1.0,0.07920792079207921,0.36040382034274154,4.0,Computational reversal candidate for further investigation.,351
BRD-K57678861,-0.014831056976729401,1,1,1,1,1.0,0.0594059405940594,0.3260288114119469,4.0,Computational reversal candidate for further investigation.,352
bms 191011,-0.01480123953253279,1,1,1,1,1.0,0.1485148514851485,0.4567867145280265,5.0,Computational reversal candidate for further investigation.,353
quinine hemisulfate salt monohydrate,-0.014777097854742245,3,5,3,5,0.6,0.009900990099009901,0.23639889762172092,5.4,Computational reversal candidate for further investigation.,354
dihomo-gamma-linolenic acid,-0.01469261398322045,1,1,1,1,1.0,0.0594059405940594,0.3260288114119469,3.0,Computational reversal candidate for further investigation.,355
BRD-K30993697,-0.014676657519974996,1,1,1,1,1.0,0.07920792079207921,0.36040382034274154,4.0,Computational reversal candidate for further investigation.,356
BRD-K77987635,-0.014676657519974996,1,1,1,1,1.0,0.07920792079207921,0.36040382034274154,4.0,Computational reversal candidate for further investigation.,357
BRD-K52080565,-0.01467471724551635,2,2,2,2,1.0,0.0891089108910891,0.3752295229522952,6.0,Computational reversal candidate for further investigation.,358
ncgc00182823-01,-0.01461901574477779,1,1,1,1,1.0,0.039603960396039604,0.30271542005685714,5.0,Computational reversal candidate for further investigation.,359
mefloquine,-0.014521006255290746,1,1,1,1,1.0,0.04950495049504951,0.31759962699871097,6.0,Computational reversal candidate for further investigation.,360
ntncb hydrochloride,-0.014501536865992256,1,1,1,1,1.0,0.12871287128712872,0.4396740559011653,4.0,Computational reversal candidate for further investigation.,361
BRD-K64517075,-0.014470426733447561,4,5,4,5,0.8,0.0594059405940594,0.3260288114119469,5.2,Computational reversal candidate for further investigation.,362
BRD-K74989018,-0.014394007648719398,1,1,1,1,1.0,0.0891089108910891,0.3752295229522952,4.0,Computational reversal candidate for further investigation.,363
BRD-K66254772,-0.01438876702399634,2,2,2,2,1.0,0.09900990099009901,0.3886558147340158,4.0,Computational reversal candidate for further investigation.,364
ncgc00242337-01,-0.014356087250943691,2,2,2,2,1.0,0.019801980198019802,0.25620886110957464,3.5,Computational reversal candidate for further investigation.,365
mls-0437446.0001,-0.014327934008856444,2,3,2,3,0.6666666666666666,0.0891089108910891,0.3752295229522952,5.666666666666667,Computational reversal candidate for further investigation.,366
np-002491,-0.014325536913102416,2,2,2,2,1.0,0.019801980198019802,0.25620886110957464,4.0,Computational reversal candidate for further investigation.,367
ncgc00188012-01,-0.014301029300685966,1,1,1,1,1.0,0.04950495049504951,0.31759962699871097,4.0,Computational reversal candidate for further investigation.,368
dubinidine,-0.014285575069353622,2,2,2,2,1.0,0.1485148514851485,0.4567867145280265,3.5,Computational reversal candidate for further investigation.,369
hy-11007,-0.014279367925730906,1,1,1,1,1.0,0.0297029702970297,0.28078399676702365,3.0,Computational reversal candidate for further investigation.,370
BRD-K69406317,-0.014249042767895924,2,2,2,2,1.0,0.0594059405940594,0.3260288114119469,4.0,Computational reversal candidate for further investigation.,371
dihydroergocristine,-0.014195086839205081,2,2,2,2,1.0,0.0594059405940594,0.3260288114119469,3.5,Computational reversal candidate for further investigation.,372
etodolac,-0.01418961216125022,1,1,2,2,1.0,0.09900990099009901,0.3886558147340158,4.5,Computational reversal candidate for further investigation.,373
equilin,-0.014138462098619553,1,1,1,1,1.0,0.0297029702970297,0.28078399676702365,4.0,Computational reversal candidate for further investigation.,374
bo2 (inhibits rad51),-0.01413167282913939,10,11,10,11,0.9090909090909091,0.019801980198019802,0.25620886110957464,4.909090909090909,Computational reversal candidate for further investigation.,375
BRD-K23282736,-0.014084428995856785,1,1,1,1,1.0,0.06930693069306931,0.342980451891343,3.0,Computational reversal candidate for further investigation.,376
BRD-K45842176,-0.01405232044203427,3,3,3,3,1.0,0.039603960396039604,0.30271542005685714,3.3333333333333335,Computational reversal candidate for further investigation.,377
np-004121,-0.01403413764274435,1,1,1,1,1.0,0.04950495049504951,0.31759962699871097,4.0,Computational reversal candidate for further investigation.,378
gp 2a,-0.014023358618455661,1,1,1,1,1.0,0.16831683168316833,0.486668891608262,4.0,Computational reversal candidate for further investigation.,379
BRD-K72451865,-0.01392690220096822,2,2,2,2,1.0,0.0297029702970297,0.28078399676702365,3.5,Computational reversal candidate for further investigation.,380
heliotrine,-0.013911919037465352,1,1,1,1,1.0,0.06930693069306931,0.342980451891343,3.0,Computational reversal candidate for further investigation.,381
BRD-K48803730,-0.01389595533548091,2,2,2,2,1.0,0.0297029702970297,0.28078399676702365,4.5,Computational reversal candidate for further investigation.,382
ver155008,-0.013889803360314595,2,2,2,2,1.0,0.04950495049504951,0.31759962699871097,3.5,Computational reversal candidate for further investigation.,383
BRD-K42021584,-0.013887515502765804,1,1,1,1,1.0,0.0891089108910891,0.3752295229522952,5.0,Computational reversal candidate for further investigation.,384
BRD-K57353465,-0.013886275008911405,2,2,2,2,1.0,0.0594059405940594,0.3260288114119469,4.0,Computational reversal candidate for further investigation.,385
ifenprodil tartrate,-0.013864742806044805,1,1,1,1,1.0,0.04950495049504951,0.31759962699871097,3.0,Computational reversal candidate for further investigation.,386
decitabine,-0.013819646404694713,4,6,4,6,0.6666666666666666,0.009900990099009901,0.23639889762172092,3.5,Computational reversal candidate for further investigation.,387
skf 96365 hydrochloride,-0.013810606860269938,1,1,1,1,1.0,0.1782178217821782,0.4937230565161779,3.0,Computational reversal candidate for further investigation.,388
dichlorphenamide,-0.013798964793840865,1,1,1,1,1.0,0.04950495049504951,0.31759962699871097,3.0,Computational reversal candidate for further investigation.,389
BRD-K86574132,-0.01379841480010826,6,10,6,10,0.6,0.04950495049504951,0.31759962699871097,5.8,Computational reversal candidate for further investigation.,390
(+)-3-hydroxy-n-methylmorphinan d-tartrate,-0.01376877728474521,1,1,1,1,1.0,0.12871287128712872,0.4396740559011653,3.0,Computational reversal candidate for further investigation.,391
KI20227,-0.01376689816751831,1,1,1,1,1.0,0.06930693069306931,0.342980451891343,4.0,Computational reversal candidate for further investigation.,392
at-csc-18 brd-k01121114,-0.013753801664894795,1,1,1,1,1.0,0.19801980198019803,0.5182077529786877,7.0,Computational reversal candidate for further investigation.,393
k784-3188,-0.013740870129742767,5,6,5,6,0.8333333333333334,0.0297029702970297,0.28078399676702365,4.833333333333333,Computational reversal candidate for further investigation.,394
sulconazole nitrate,-0.013703159655951246,2,2,2,2,1.0,0.06930693069306931,0.342980451891343,4.5,Computational reversal candidate for further investigation.,395
BRD-U64289953,-0.013698875636404418,3,3,3,3,1.0,0.04950495049504951,0.31759962699871097,3.0,Computational reversal candidate for further investigation.,396
nu 1025,-0.013660246192638056,2,2,2,2,1.0,0.0297029702970297,0.28078399676702365,5.5,Computational reversal candidate for further investigation.,397
hy-50878,-0.01365145678019749,4,4,4,4,1.0,0.039603960396039604,0.30271542005685714,4.75,Computational reversal candidate for further investigation.,398
BRD-K38340366,-0.013650944404310573,1,1,1,1,1.0,0.0594059405940594,0.3260288114119469,4.0,Computational reversal candidate for further investigation.,399
"r(-)-2,10,11-trihydroxyaporphine",-0.013627234936786916,1,1,1,1,1.0,0.1188118811881188,0.4220372957541153,4.0,Computational reversal candidate for further investigation.,400
gr 32191 hydrochloride,-0.013545332444136148,1,2,1,2,0.5,0.07920792079207921,0.36040382034274154,4.5,Computational reversal candidate for further investigation.,401
ursolic acid,-0.01353227219617157,8,9,8,9,0.8888888888888888,0.0297029702970297,0.28078399676702365,5.0,Computational reversal candidate for further investigation.,402
BRD-K89784888,-0.013485808476380933,1,1,1,1,1.0,0.04950495049504951,0.31759962699871097,5.0,Computational reversal candidate for further investigation.,403
BRD-K32501161,-0.013456982190743231,3,4,3,4,0.75,0.039603960396039604,0.30271542005685714,4.75,Computational reversal candidate for further investigation.,404
gr 79236,-0.013425047962531158,1,1,1,1,1.0,0.09900990099009901,0.3886558147340158,3.0,Computational reversal candidate for further investigation.,405
GSK-429286A,-0.013416113571853,4,6,4,6,0.6666666666666666,0.009900990099009901,0.23639889762172092,3.8333333333333335,Computational reversal candidate for further investigation.,406
o-2050,-0.013385726980803841,2,2,2,2,1.0,0.0297029702970297,0.28078399676702365,3.5,Computational reversal candidate for further investigation.,407
nornicotine,-0.013379167618576476,1,1,1,1,1.0,0.09900990099009901,0.3886558147340158,7.0,Computational reversal candidate for further investigation.,408
parbendazole,-0.013341737617605336,3,4,3,4,0.75,0.04950495049504951,0.31759962699871097,4.0,Computational reversal candidate for further investigation.,409
hispidin,-0.013258063081857504,1,1,1,1,1.0,0.04950495049504951,0.31759962699871097,4.0,Computational reversal candidate for further investigation.,410
BRD-K91836367,-0.013245896762803201,1,1,1,1,1.0,0.1188118811881188,0.4220372957541153,4.0,Computational reversal candidate for further investigation.,411
vinpocetine,-0.01324277118461599,1,1,1,1,1.0,0.21782178217821782,0.5407023017414282,5.0,Computational reversal candidate for further investigation.,412
BRD-K48970916 (danazol),-0.013152827401595776,1,1,1,1,1.0,0.12871287128712872,0.4396740559011653,6.0,Computational reversal candidate for further investigation.,413
CP-724714,-0.013151568344725735,5,7,5,7,0.7142857142857143,0.019801980198019802,0.25620886110957464,4.285714285714286,Computational reversal candidate for further investigation.,414
BRD-K51556300,-0.013082418814012606,3,4,3,4,0.75,0.019801980198019802,0.25620886110957464,3.5,Computational reversal candidate for further investigation.,415
BRD-K12393722,-0.013081918710379854,2,2,2,2,1.0,0.0297029702970297,0.28078399676702365,4.0,Computational reversal candidate for further investigation.,416
"fluphenazine-n-2-chloroethane, dihydrochloride",-0.013047577181477633,1,1,1,1,1.0,0.0594059405940594,0.3260288114119469,3.0,Computational reversal candidate for further investigation.,417
BRD-K76079827,-0.013047212137803656,1,1,1,1,1.0,0.09900990099009901,0.3886558147340158,4.0,Computational reversal candidate for further investigation.,418
pepstatin a,-0.013040646764297604,1,1,1,1,1.0,0.039603960396039604,0.30271542005685714,3.0,Computational reversal candidate for further investigation.,419
verteporfin,-0.013010341616924218,1,1,1,1,1.0,0.1485148514851485,0.4567867145280265,5.0,Computational reversal candidate for further investigation.,420
gliquidone,-0.012978619137818455,1,1,1,1,1.0,0.19801980198019803,0.5182077529786877,6.0,Computational reversal candidate for further investigation.,421
2-fluoropalmitic acid,-0.012964845281937873,1,1,1,1,1.0,0.1188118811881188,0.4220372957541153,5.0,Computational reversal candidate for further investigation.,422
BRD-A26199074,-0.012951948002922455,3,3,3,3,1.0,0.0891089108910891,0.3752295229522952,4.333333333333333,Computational reversal candidate for further investigation.,423
BRD-A74983348,-0.012949712963609705,1,1,1,1,1.0,0.0594059405940594,0.3260288114119469,4.0,Computational reversal candidate for further investigation.,424
podofilox,-0.012930441230034225,3,5,4,6,0.6,0.0297029702970297,0.28078399676702365,3.8333333333333335,Computational reversal candidate for further investigation.,425
etazolate hydrochloride,-0.01292388339683891,1,1,1,1,1.0,0.07920792079207921,0.36040382034274154,3.0,Computational reversal candidate for further investigation.,426
BRD-K07403598,-0.012898034744726571,2,2,2,2,1.0,0.04950495049504951,0.31759962699871097,3.0,Computational reversal candidate for further investigation.,427
BRD-K77690805,-0.01289512756460379,1,1,1,1,1.0,0.10891089108910891,0.407492122394792,4.0,Computational reversal candidate for further investigation.,428
BRD-K88008216,-0.01288299514556265,1,1,1,1,1.0,0.09900990099009901,0.3886558147340158,3.0,Computational reversal candidate for further investigation.,429
sb 202190,-0.01287452043813044,1,1,1,1,1.0,0.06930693069306931,0.342980451891343,4.0,Computational reversal candidate for further investigation.,430
pp3,-0.012851360828835715,1,1,1,1,1.0,0.09900990099009901,0.3886558147340158,3.0,Computational reversal candidate for further investigation.,431
hy-10966,-0.012841962682980934,2,2,2,2,1.0,0.06930693069306931,0.342980451891343,3.0,Computational reversal candidate for further investigation.,432
BRD-K53414658,-0.012821053010570693,4,4,4,4,1.0,0.04950495049504951,0.31759962699871097,5.25,Computational reversal candidate for further investigation.,433
cymarin,-0.012797452348824411,8,9,8,9,0.8888888888888888,0.06930693069306931,0.342980451891343,4.222222222222222,Computational reversal candidate for further investigation.,434
hydrastinine hydrochloride,-0.01277985541110503,1,1,1,1,1.0,0.2079207920792079,0.5291698400609292,5.0,Computational reversal candidate for further investigation.,435
ncgc00184716-01,-0.012756604071011686,2,2,2,2,1.0,0.12871287128712872,0.4396740559011653,3.5,Computational reversal candidate for further investigation.,436
BRD-K56593336,-0.012749388719731431,1,1,1,1,1.0,0.04950495049504951,0.31759962699871097,3.0,Computational reversal candidate for further investigation.,437
BRD-K35638681,-0.012704564926206991,2,3,2,3,0.6666666666666666,0.04950495049504951,0.31759962699871097,4.666666666666667,Computational reversal candidate for further investigation.,438
sid 26681509,-0.012678797647850498,8,9,8,9,0.8888888888888888,0.039603960396039604,0.30271542005685714,5.0,Computational reversal candidate for further investigation.,439
BRD-U32049204,-0.012659438015862036,1,1,1,1,1.0,0.1782178217821782,0.4937230565161779,5.0,Computational reversal candidate for further investigation.,440
BRD-A06664848,-0.012609028091369288,1,2,1,2,0.5,0.039603960396039604,0.30271542005685714,4.0,Computational reversal candidate for further investigation.,441
BRD-K25690923,-0.012585230427251114,1,1,1,1,1.0,0.16831683168316833,0.486668891608262,3.0,Computational reversal candidate for further investigation.,442
stk397047,-0.012585230427251114,5,5,5,5,1.0,0.04950495049504951,0.31759962699871097,3.4,Computational reversal candidate for further investigation.,443
3-methyladenine,-0.012499818325242709,1,1,1,1,1.0,0.10891089108910891,0.407492122394792,6.0,Computational reversal candidate for further investigation.,444
m9948,-0.012499307084189878,1,1,1,1,1.0,0.12871287128712872,0.4396740559011653,7.0,Computational reversal candidate for further investigation.,445
prednisolone,-0.012413127271663542,4,4,4,4,1.0,0.04950495049504951,0.31759962699871097,4.0,Computational reversal candidate for further investigation.,446
PLX-4720,-0.012386061395392204,6,11,6,11,0.5454545454545454,0.0297029702970297,0.28078399676702365,4.909090909090909,Computational reversal candidate for further investigation.,447
BRD-K44136596,-0.012372777012095517,1,1,1,1,1.0,0.16831683168316833,0.486668891608262,3.0,Computational reversal candidate for further investigation.,448
BRD-K23217072,-0.012355719792488166,1,1,1,1,1.0,0.1485148514851485,0.4567867145280265,4.0,Computational reversal candidate for further investigation.,449
BRD-U88878891,-0.01235435437213887,2,2,2,2,1.0,0.039603960396039604,0.30271542005685714,3.0,Computational reversal candidate for further investigation.,450
cgp 37157,-0.012309211286420863,1,1,1,1,1.0,0.2079207920792079,0.5291698400609292,3.0,Computational reversal candidate for further investigation.,451
BRD-K88832793,-0.01229586332592277,1,1,1,1,1.0,0.19801980198019803,0.5182077529786877,6.0,Computational reversal candidate for further investigation.,452
digoxigenin,-0.012286270302783514,3,4,3,4,0.75,0.1188118811881188,0.4220372957541153,4.75,Computational reversal candidate for further investigation.,453
rg 108,-0.012272954014888957,4,5,4,5,0.8,0.019801980198019802,0.25620886110957464,3.8,Computational reversal candidate for further investigation.,454
KU-55933,-0.012248827959135272,1,2,1,2,0.5,0.04950495049504951,0.31759962699871097,5.5,Computational reversal candidate for further investigation.,455
BRD-K89546934,-0.012235338393719652,1,1,1,1,1.0,0.1782178217821782,0.4937230565161779,5.0,Computational reversal candidate for further investigation.,456
dephostatin,-0.012215639056194693,2,2,2,2,1.0,0.06930693069306931,0.342980451891343,3.0,Computational reversal candidate for further investigation.,457
tws119,-0.012204439243230784,2,3,2,3,0.6666666666666666,0.0594059405940594,0.3260288114119469,5.0,Computational reversal candidate for further investigation.,458
BRD-K95895342,-0.012168407973199279,1,1,1,1,1.0,0.18811881188118812,0.5107657307348554,4.0,Computational reversal candidate for further investigation.,459
t 0901317,-0.012168407973199279,1,1,1,1,1.0,0.2079207920792079,0.5291698400609292,4.0,Computational reversal candidate for further investigation.,460
BRD-K11558771,-0.012160129405833204,2,2,2,2,1.0,0.0297029702970297,0.28078399676702365,3.0,Computational reversal candidate for further investigation.,461
methyl benzethonium chloride,-0.012159338015126099,1,1,1,1,1.0,0.2079207920792079,0.5291698400609292,7.0,Computational reversal candidate for further investigation.,462
px12,-0.012158369526819677,14,17,14,17,0.8235294117647058,0.019801980198019802,0.25620886110957464,4.294117647058823,Computational reversal candidate for further investigation.,463
fipronil,-0.012104119257699074,2,2,2,2,1.0,0.09900990099009901,0.3886558147340158,3.5,Computational reversal candidate for further investigation.,464
gm6001,-0.012097997627430641,2,3,2,3,0.6666666666666666,0.019801980198019802,0.25620886110957464,3.6666666666666665,Computational reversal candidate for further investigation.,465
sb 431542,-0.01205099930656298,1,1,1,1,1.0,0.10891089108910891,0.407492122394792,4.0,Computational reversal candidate for further investigation.,466
alprostadil,-0.012031327825557613,1,1,1,1,1.0,0.0594059405940594,0.3260288114119469,3.0,Computational reversal candidate for further investigation.,467
tetrindole mesylate,-0.011970119957943809,4,4,4,4,1.0,0.039603960396039604,0.30271542005685714,4.0,Computational reversal candidate for further investigation.,468
meptazinol hydrochloride,-0.011958395451255458,1,1,1,1,1.0,0.13861386138613863,0.44899259156684906,6.0,Computational reversal candidate for further investigation.,469
BRD-K89059493,-0.01192729648493623,1,1,1,1,1.0,0.15841584158415842,0.47218930387247215,3.0,Computational reversal candidate for further investigation.,470
levonorgestrel,-0.01192158187679336,1,1,1,1,1.0,0.16831683168316833,0.486668891608262,6.0,Computational reversal candidate for further investigation.,471
colforsin,-0.011893357368552357,1,1,1,1,1.0,0.10891089108910891,0.407492122394792,5.0,Computational reversal candidate for further investigation.,472
BRD-K53308430,-0.01189080669943652,3,4,3,4,0.75,0.0297029702970297,0.28078399676702365,4.75,Computational reversal candidate for further investigation.,473
clonidine hydrochloride,-0.011860375492417618,1,2,1,2,0.5,0.09900990099009901,0.3886558147340158,5.5,Computational reversal candidate for further investigation.,474
BRD-A41250203,-0.01182871401955693,6,6,6,6,1.0,0.0594059405940594,0.3260288114119469,5.0,Computational reversal candidate for further investigation.,475
BRD-K37694030 (doxepin hydrochloride),-0.011768107516677364,1,1,1,1,1.0,0.0891089108910891,0.3752295229522952,3.0,Computational reversal candidate for further investigation.,476
BRD-K86682249,-0.011764451711482191,2,2,2,2,1.0,0.06930693069306931,0.342980451891343,4.0,Computational reversal candidate for further investigation.,477
ag 592,-0.01173745688154789,7,7,7,7,1.0,0.06930693069306931,0.342980451891343,4.714285714285714,Computational reversal candidate for further investigation.,478
at-mlpcn csc-006,-0.011715916187066147,3,4,3,4,0.75,0.04950495049504951,0.31759962699871097,5.0,Computational reversal candidate for further investigation.,479
salubrinal,-0.011712008172969919,1,1,1,1,1.0,0.12871287128712872,0.4396740559011653,4.0,Computational reversal candidate for further investigation.,480
BRD-K39944607,-0.011695296947689431,4,6,4,6,0.6666666666666666,0.0891089108910891,0.3752295229522952,5.0,Computational reversal candidate for further investigation.,481
BRD-K44510578,-0.011686693292932801,1,2,1,2,0.5,0.0297029702970297,0.28078399676702365,4.0,Computational reversal candidate for further investigation.,482
t0516-4420,-0.01166954923345338,1,1,1,1,1.0,0.18811881188118812,0.5107657307348554,4.0,Computational reversal candidate for further investigation.,483
BRD-K98731749,-0.01165784867204696,3,3,3,3,1.0,0.06930693069306931,0.342980451891343,3.6666666666666665,Computational reversal candidate for further investigation.,484
np-010914,-0.011636366071720807,2,2,2,2,1.0,0.06930693069306931,0.342980451891343,3.5,Computational reversal candidate for further investigation.,485
cyproheptadine hydrochloride,-0.011608961614594415,2,2,2,2,1.0,0.07920792079207921,0.36040382034274154,4.0,Computational reversal candidate for further investigation.,486
meprylcaine hydrochloride,-0.011594282819686691,1,1,1,1,1.0,0.25742574257425743,0.5738190758440618,5.0,Computational reversal candidate for further investigation.,487
fluspirilen,-0.011563379702817563,4,6,4,6,0.6666666666666666,0.019801980198019802,0.25620886110957464,4.833333333333333,Computational reversal candidate for further investigation.,488
r(+)-skf-81297,-0.0115416546096863,3,4,3,4,0.75,0.019801980198019802,0.25620886110957464,3.0,Computational reversal candidate for further investigation.,489
BRD-K10554164,-0.011540494564072686,1,1,1,1,1.0,0.09900990099009901,0.3886558147340158,5.0,Computational reversal candidate for further investigation.,490
fomepizole,-0.01151775403563771,1,1,1,1,1.0,0.0594059405940594,0.3260288114119469,5.0,Computational reversal candidate for further investigation.,491
n-(4-bromobenzyl)-5-methoxytryptamine,-0.011423772563136307,1,1,1,1,1.0,0.09900990099009901,0.3886558147340158,5.0,Computational reversal candidate for further investigation.,492
cmpd-1,-0.011420785659712631,3,3,3,3,1.0,0.10891089108910891,0.407492122394792,3.3333333333333335,Computational reversal candidate for further investigation.,493
t6094031,-0.011418301780943566,1,1,1,1,1.0,0.0594059405940594,0.3260288114119469,3.0,Computational reversal candidate for further investigation.,494
ischemin,-0.011385989638320531,1,2,1,2,0.5,0.009900990099009901,0.23639889762172092,3.0,Computational reversal candidate for further investigation.,495
BRD-K83816656,-0.011380276843524302,2,2,2,2,1.0,0.09900990099009901,0.3886558147340158,3.5,Computational reversal candidate for further investigation.,496
BRD-K80346834,-0.011343404746843186,2,2,2,2,1.0,0.0297029702970297,0.28078399676702365,3.5,Computational reversal candidate for further investigation.,497
lovastatin,-0.011329696583966277,3,3,3,3,1.0,0.16831683168316833,0.486668891608262,3.3333333333333335,Computational reversal candidate for further investigation.,498
s1130,-0.011312741634986166,2,3,2,3,0.6666666666666666,0.0297029702970297,0.28078399676702365,3.6666666666666665,Computational reversal candidate for further investigation.,499
BRD-K14027855,-0.01130207464078638,7,7,7,7,1.0,0.009900990099009901,0.23639889762172092,3.857142857142857,Computational reversal candidate for further investigation.,500
bay 11-7821,-0.011277779212535064,9,11,9,11,0.8181818181818182,0.039603960396039604,0.30271542005685714,4.363636363636363,Computational reversal candidate for further investigation.,501
lde225 (nvp-lde225),-0.011273437411951628,5,7,5,7,0.7142857142857143,0.04950495049504951,0.31759962699871097,4.0,Computational reversal candidate for further investigation.,502
sr 142948,-0.011269727027298782,1,2,1,2,0.5,0.0891089108910891,0.3752295229522952,5.5,Computational reversal candidate for further investigation.,503
BRD-K53816294,-0.011257073308491811,1,1,1,1,1.0,0.06930693069306931,0.342980451891343,3.0,Computational reversal candidate for further investigation.,504
bl-095,-0.01122657295417571,2,2,2,2,1.0,0.09900990099009901,0.3886558147340158,3.0,Computational reversal candidate for further investigation.,505
fit,-0.011220978284675165,1,1,1,1,1.0,0.2376237623762376,0.5604242705329596,3.0,Computational reversal candidate for further investigation.,506
BRD-A58924247,-0.011153771616748857,3,5,3,5,0.6,0.13861386138613863,0.44899259156684906,4.2,Computational reversal candidate for further investigation.,507
BRD-K52522949,-0.011149024393942148,3,4,3,4,0.75,0.07920792079207921,0.36040382034274154,4.0,Computational reversal candidate for further investigation.,508
ro 04-6790,-0.011117673293854661,1,1,1,1,1.0,0.06930693069306931,0.342980451891343,3.0,Computational reversal candidate for further investigation.,509
BRD-K60772276,-0.011100237764475275,1,1,1,1,1.0,0.1485148514851485,0.4567867145280265,3.0,Computational reversal candidate for further investigation.,510
np-009169,-0.011099569028743613,4,4,4,4,1.0,0.06930693069306931,0.342980451891343,5.25,Computational reversal candidate for further investigation.,511
GSK-2334470,-0.011037465435376785,4,5,4,5,0.8,0.019801980198019802,0.25620886110957464,4.2,Computational reversal candidate for further investigation.,512
BRD-K04695623,-0.011032522945468106,3,3,3,3,1.0,0.039603960396039604,0.30271542005685714,3.6666666666666665,Computational reversal candidate for further investigation.,513
BRD-K34363599,-0.011032522945468106,3,3,3,3,1.0,0.09900990099009901,0.3886558147340158,4.0,Computational reversal candidate for further investigation.,514
BRD-A90643929,-0.011025159920546184,2,2,2,2,1.0,0.10891089108910891,0.407492122394792,3.5,Computational reversal candidate for further investigation.,515
BRD-K75418381,-0.01093922761414764,1,1,1,1,1.0,0.09900990099009901,0.3886558147340158,3.0,Computational reversal candidate for further investigation.,516
bupropion hydrochloride,-0.01093324316984308,1,1,1,1,1.0,0.04950495049504951,0.31759962699871097,4.0,Computational reversal candidate for further investigation.,517
BRD-K04923131,-0.010933037834769309,5,5,5,5,1.0,0.0297029702970297,0.28078399676702365,4.6,Computational reversal candidate for further investigation.,518
tubaic acid,-0.0109307071997044,1,1,1,1,1.0,0.039603960396039604,0.30271542005685714,3.0,Computational reversal candidate for further investigation.,519
GSK-461364,-0.01087254783094321,16,23,16,23,0.6956521739130435,0.009900990099009901,0.23639889762172092,4.608695652173913,Computational reversal candidate for further investigation.,520
isorotenone,-0.01085669230525188,2,2,2,2,1.0,0.07920792079207921,0.36040382034274154,3.5,Computational reversal candidate for further investigation.,521
"hydroxytacrine maleate (r,s)",-0.010846210120804159,1,1,1,1,1.0,0.1485148514851485,0.4567867145280265,4.0,Computational reversal candidate for further investigation.,522
2-chloroadenosine,-0.01077046241238032,2,2,2,2,1.0,0.13861386138613863,0.44899259156684906,3.5,Computational reversal candidate for further investigation.,523
buspar,-0.010754245980087,1,1,1,1,1.0,0.15841584158415842,0.47218930387247215,4.0,Computational reversal candidate for further investigation.,524
sdm25n hydrochloride,-0.010734248723938484,1,2,1,2,0.5,0.039603960396039604,0.30271542005685714,3.5,Computational reversal candidate for further investigation.,525
phosphodiesterase v inhibitor ii,-0.010727679163048082,1,1,1,1,1.0,0.039603960396039604,0.30271542005685714,4.0,Computational reversal candidate for further investigation.,526
k3644,-0.010722702489442064,1,1,1,1,1.0,0.1188118811881188,0.4220372957541153,4.0,Computational reversal candidate for further investigation.,527
helveticoside,-0.010717859696661,3,3,3,3,1.0,0.1188118811881188,0.4220372957541153,4.0,Computational reversal candidate for further investigation.,528
BRD-K33720404,-0.010705951763912893,2,2,2,2,1.0,0.1485148514851485,0.4567867145280265,3.0,Computational reversal candidate for further investigation.,529
nicotine ditartrate,-0.01066611692293308,1,1,1,1,1.0,0.07920792079207921,0.36040382034274154,5.0,Computational reversal candidate for further investigation.,530
BRD-K28120860,-0.010623981495466584,2,2,2,2,1.0,0.06930693069306931,0.342980451891343,4.0,Computational reversal candidate for further investigation.,531
BRD-K70251741,-0.010616149758785304,1,1,1,1,1.0,0.15841584158415842,0.47218930387247215,3.0,Computational reversal candidate for further investigation.,532
ncgc00182390-01,-0.010594762209476034,4,5,4,5,0.8,0.039603960396039604,0.30271542005685714,4.2,Computational reversal candidate for further investigation.,533
cytarabine,-0.010583637176857062,2,2,2,2,1.0,0.06930693069306931,0.342980451891343,3.5,Computational reversal candidate for further investigation.,534
c3930,-0.010548225116633331,3,4,3,4,0.75,0.0594059405940594,0.3260288114119469,4.0,Computational reversal candidate for further investigation.,535
BRD-K83336168,-0.010531645423819356,4,5,4,5,0.8,0.019801980198019802,0.25620886110957464,4.2,Computational reversal candidate for further investigation.,536
bx-795,-0.010525393019936822,18,23,18,23,0.782608695652174,0.04950495049504951,0.31759962699871097,4.608695652173913,Computational reversal candidate for further investigation.,537
miochol,-0.010519169986049424,1,1,1,1,1.0,0.16831683168316833,0.486668891608262,3.0,Computational reversal candidate for further investigation.,538
hymecromone,-0.010504893139479115,1,1,1,1,1.0,0.04950495049504951,0.31759962699871097,3.0,Computational reversal candidate for further investigation.,539
itraconazole,-0.010476282242095108,2,2,2,2,1.0,0.04950495049504951,0.31759962699871097,3.5,Computational reversal candidate for further investigation.,540
cucurbitacin i,-0.010463583324590188,7,10,7,10,0.7,0.0594059405940594,0.3260288114119469,3.7,Computational reversal candidate for further investigation.,541
rondual-kinase-inhibitor,-0.010441954655285673,1,2,1,2,0.5,0.039603960396039604,0.30271542005685714,4.0,Computational reversal candidate for further investigation.,542
BRD-K35716340,-0.010403519193348103,6,8,6,8,0.75,0.039603960396039604,0.30271542005685714,3.75,Computational reversal candidate for further investigation.,543
fenbendazole,-0.010327211972608625,1,2,1,2,0.5,0.09900990099009901,0.3886558147340158,4.0,Computational reversal candidate for further investigation.,544
BRD-K26664453,-0.010308651706734843,4,6,4,6,0.6666666666666666,0.06930693069306931,0.342980451891343,4.833333333333333,Computational reversal candidate for further investigation.,545
lawsone,-0.010307266019778877,2,2,2,2,1.0,0.12871287128712872,0.4396740559011653,3.5,Computational reversal candidate for further investigation.,546
menadione,-0.010298387060670653,14,19,16,21,0.7368421052631579,0.0297029702970297,0.28078399676702365,4.809523809523809,Computational reversal candidate for further investigation.,547
BRD-A15010982,-0.010262952876009384,2,2,2,2,1.0,0.1782178217821782,0.4937230565161779,5.5,Computational reversal candidate for further investigation.,548
ncgc00188488-01,-0.010257335160149171,1,1,1,1,1.0,0.13861386138613863,0.44899259156684906,5.0,Computational reversal candidate for further investigation.,549
BRD-K35004659,-0.010256904021608483,2,3,2,3,0.6666666666666666,0.07920792079207921,0.36040382034274154,4.333333333333333,Computational reversal candidate for further investigation.,550
GSK-J4,-0.010242286872128439,3,5,3,5,0.6,0.0297029702970297,0.28078399676702365,4.4,Computational reversal candidate for further investigation.,551
BRD-K74797618,-0.010223041470768003,3,3,3,3,1.0,0.12871287128712872,0.4396740559011653,4.0,Computational reversal candidate for further investigation.,552
BRD-K28907958,-0.010215281294383639,19,26,19,26,0.7307692307692307,0.04950495049504951,0.31759962699871097,5.653846153846154,Computational reversal candidate for further investigation.,553
thiothixene,-0.010176778265256665,4,6,4,6,0.6666666666666666,0.019801980198019802,0.25620886110957464,3.1666666666666665,Computational reversal candidate for further investigation.,554
pq 401,-0.010171488544126795,1,2,1,2,0.5,0.06930693069306931,0.342980451891343,3.0,Computational reversal candidate for further investigation.,555
balsalazide,-0.010149719812971567,1,1,1,1,1.0,0.19801980198019803,0.5182077529786877,3.0,Computational reversal candidate for further investigation.,556
rifabutin,-0.010072816620799202,1,1,1,1,1.0,0.297029702970297,0.6103999929717905,6.0,Computational reversal candidate for further investigation.,557
flufenamic acid,-0.01002159351390892,2,3,2,3,0.6666666666666666,0.1485148514851485,0.4567867145280265,3.6666666666666665,Computational reversal candidate for further investigation.,558
tl hras26 brd-k01877528,-0.010019172245462978,11,12,11,12,0.9166666666666666,0.0594059405940594,0.3260288114119469,4.25,Computational reversal candidate for further investigation.,559
BRD-K04853698,-0.009989970067845532,15,20,15,20,0.75,0.09900990099009901,0.3886558147340158,5.5,Computational reversal candidate for further investigation.,560
a112550.cdx,-0.0099870816392703,8,10,8,10,0.8,0.019801980198019802,0.25620886110957464,4.1,Computational reversal candidate for further investigation.,561
BRD-K92158425,-0.009985474109796881,3,5,3,5,0.6,0.13861386138613863,0.44899259156684906,5.0,Computational reversal candidate for further investigation.,562
sb 415286,-0.009982689117016826,2,2,2,2,1.0,0.07920792079207921,0.36040382034274154,3.5,Computational reversal candidate for further investigation.,563
BRD-K71489689,-0.009944494941802572,1,1,1,1,1.0,0.13861386138613863,0.44899259156684906,4.0,Computational reversal candidate for further investigation.,564
BRD-K58853583,-0.009930306493767596,2,2,2,2,1.0,0.15841584158415842,0.47218930387247215,4.5,Computational reversal candidate for further investigation.,565
SB-203580,-0.009929689788940852,1,1,1,1,1.0,0.13861386138613863,0.44899259156684906,4.0,Computational reversal candidate for further investigation.,566
nitazoxanide,-0.00991252355067408,1,1,1,1,1.0,0.18811881188118812,0.5107657307348554,6.0,Computational reversal candidate for further investigation.,567
periplocymarin,-0.009889687281272675,4,5,4,5,0.8,0.13861386138613863,0.44899259156684906,3.8,Computational reversal candidate for further investigation.,568
BRD-K05452595,-0.009851166427628885,1,1,1,1,1.0,0.10891089108910891,0.407492122394792,3.0,Computational reversal candidate for further investigation.,569
"ly-165,163",-0.009840026385690499,1,1,1,1,1.0,0.12871287128712872,0.4396740559011653,5.0,Computational reversal candidate for further investigation.,570
BRD-A20697603,-0.009803787947360063,9,11,13,15,0.8181818181818182,0.0891089108910891,0.3752295229522952,5.133333333333334,Computational reversal candidate for further investigation.,571
papaverine hydrochloride,-0.009777374422500673,1,1,1,1,1.0,0.1188118811881188,0.4220372957541153,3.0,Computational reversal candidate for further investigation.,572
BRD-K97534490,-0.009754288961627562,1,2,1,2,0.5,0.07920792079207921,0.36040382034274154,4.5,Computational reversal candidate for further investigation.,573
compound 58,-0.009749504531123629,1,1,1,1,1.0,0.1188118811881188,0.4220372957541153,3.0,Computational reversal candidate for further investigation.,574
cgk 733,-0.009735606623924933,6,7,6,7,0.8571428571428571,0.10891089108910891,0.407492122394792,4.285714285714286,Computational reversal candidate for further investigation.,575
BRD-K13665914,-0.009720541848790686,2,3,2,3,0.6666666666666666,0.0891089108910891,0.3752295229522952,4.333333333333333,Computational reversal candidate for further investigation.,576
p233,-0.009694260233455654,1,1,1,1,1.0,0.27722772277227725,0.5950504225584746,6.0,Computational reversal candidate for further investigation.,577
BRD-A43640821,-0.009635405574242972,1,1,1,1,1.0,0.16831683168316833,0.486668891608262,4.0,Computational reversal candidate for further investigation.,578
BRD-K21672423,-0.0096345193907596,2,3,2,3,0.6666666666666666,0.0891089108910891,0.3752295229522952,3.3333333333333335,Computational reversal candidate for further investigation.,579
BRD-K80786583,-0.009628370944901328,4,6,4,6,0.6666666666666666,0.0891089108910891,0.3752295229522952,5.833333333333333,Computational reversal candidate for further investigation.,580
ic 261,-0.009624401579818448,1,2,1,2,0.5,0.13861386138613863,0.44899259156684906,4.0,Computational reversal candidate for further investigation.,581
BRD-K37194137,-0.00960691693358164,1,1,1,1,1.0,0.22772277227722773,0.5499540569281121,7.0,Computational reversal candidate for further investigation.,582
s1175,-0.009599410452606844,4,5,4,5,0.8,0.07920792079207921,0.36040382034274154,4.2,Computational reversal candidate for further investigation.,583
mw-a1-12,-0.009590406485772253,9,11,9,11,0.8181818181818182,0.009900990099009901,0.23639889762172092,4.909090909090909,Computational reversal candidate for further investigation.,584
mln4924,-0.009574367258299465,11,16,11,16,0.6875,0.039603960396039604,0.30271542005685714,4.5625,Computational reversal candidate for further investigation.,585
nifuroxazide,-0.009550665459916372,2,2,2,2,1.0,0.04950495049504951,0.31759962699871097,5.0,Computational reversal candidate for further investigation.,586
cercosporin,-0.009550211179271115,5,7,5,7,0.7142857142857143,0.12871287128712872,0.4396740559011653,4.714285714285714,Computational reversal candidate for further investigation.,587
BRD-A93015352,-0.009543304913874411,1,1,1,1,1.0,0.1485148514851485,0.4567867145280265,6.0,Computational reversal candidate for further investigation.,588
duloxetine hydrochloride,-0.009521704764140593,1,1,1,1,1.0,0.0891089108910891,0.3752295229522952,3.0,Computational reversal candidate for further investigation.,589
hoechst  33342 (cell permeable) (bisbenzimide),-0.009513071126285074,2,2,2,2,1.0,0.1188118811881188,0.4220372957541153,4.0,Computational reversal candidate for further investigation.,590
enzastaurin,-0.00950973662102508,7,7,7,7,1.0,0.0297029702970297,0.28078399676702365,4.285714285714286,Computational reversal candidate for further investigation.,591
spiperone,-0.009478570030226435,1,1,1,1,1.0,0.2079207920792079,0.5291698400609292,4.0,Computational reversal candidate for further investigation.,592
dm-100,-0.009464872197006643,1,1,1,1,1.0,0.16831683168316833,0.486668891608262,3.0,Computational reversal candidate for further investigation.,593
triflupromazine hydrochloride,-0.009454236882376777,1,2,1,2,0.5,0.2079207920792079,0.5291698400609292,3.5,Computational reversal candidate for further investigation.,594
BRD-K35424586,-0.00945032602791803,2,3,2,3,0.6666666666666666,0.13861386138613863,0.44899259156684906,4.666666666666667,Computational reversal candidate for further investigation.,595
cot-10b,-0.00943665060139948,26,37,26,37,0.7027027027027027,0.039603960396039604,0.30271542005685714,5.4324324324324325,Computational reversal candidate for further investigation.,596
gant 58,-0.009436185299582019,2,2,2,2,1.0,0.1485148514851485,0.4567867145280265,5.5,Computational reversal candidate for further investigation.,597
spironolactone,-0.009430836570342374,1,1,1,1,1.0,0.2079207920792079,0.5291698400609292,8.0,Computational reversal candidate for further investigation.,598
BRD-K75477256,-0.00940363711492917,1,1,1,1,1.0,0.15841584158415842,0.47218930387247215,3.0,Computational reversal candidate for further investigation.,599
mirtazapine,-0.009402485692477053,1,1,1,1,1.0,0.21782178217821782,0.5407023017414282,5.0,Computational reversal candidate for further investigation.,600
tipifarnib-p2,-0.0094004702919291,3,4,3,4,0.75,0.039603960396039604,0.30271542005685714,3.5,Computational reversal candidate for further investigation.,601
BRD-K72864428,-0.009399484948534329,1,1,1,1,1.0,0.06930693069306931,0.342980451891343,3.0,Computational reversal candidate for further investigation.,602
hy-11068,-0.009376472210970835,3,3,3,3,1.0,0.18811881188118812,0.5107657307348554,4.666666666666667,Computational reversal candidate for further investigation.,603
BRD-K27169919,-0.009359531397068462,2,2,2,2,1.0,0.1485148514851485,0.4567867145280265,6.0,Computational reversal candidate for further investigation.,604
gsk-3 inhibitor ii,-0.009353067256123688,4,5,4,5,0.8,0.0594059405940594,0.3260288114119469,4.0,Computational reversal candidate for further investigation.,605
n-desmethylclozapine,-0.009347920969550077,1,1,1,1,1.0,0.19801980198019803,0.5182077529786877,3.0,Computational reversal candidate for further investigation.,606
ci 976,-0.009341731994434943,2,3,2,3,0.6666666666666666,0.07920792079207921,0.36040382034274154,4.0,Computational reversal candidate for further investigation.,607
BRD-K26304855,-0.009285202676006618,7,8,7,8,0.875,0.07920792079207921,0.36040382034274154,4.625,Computational reversal candidate for further investigation.,608
tanespimycin,-0.009274922282777919,5,8,13,18,0.625,0.07920792079207921,0.36040382034274154,6.666666666666667,Computational reversal candidate for further investigation.,609
BRD-A18725729,-0.009273800238723033,4,6,4,6,0.6666666666666666,0.04950495049504951,0.31759962699871097,4.5,Computational reversal candidate for further investigation.,610
ncgc00241077-01,-0.009263788475556986,3,3,3,3,1.0,0.13861386138613863,0.44899259156684906,5.0,Computational reversal candidate for further investigation.,611
axon1408,-0.009256464822325432,2,3,2,3,0.6666666666666666,0.06930693069306931,0.342980451891343,4.0,Computational reversal candidate for further investigation.,612
ncgc00183216-01,-0.009250908648860367,1,1,1,1,1.0,0.07920792079207921,0.36040382034274154,3.0,Computational reversal candidate for further investigation.,613
BRD-A75931230,-0.009246865367635205,3,4,3,4,0.75,0.0891089108910891,0.3752295229522952,4.5,Computational reversal candidate for further investigation.,614
dmeob,-0.009226859822139721,1,1,1,1,1.0,0.1782178217821782,0.4937230565161779,5.0,Computational reversal candidate for further investigation.,615
eriodyctol,-0.00922431590014936,1,1,1,1,1.0,0.22772277227722773,0.5499540569281121,3.0,Computational reversal candidate for further investigation.,616
BRD-K98824517,-0.009195695663665467,3,3,3,3,1.0,0.0594059405940594,0.3260288114119469,4.0,Computational reversal candidate for further investigation.,617
s1152,-0.009153768230640173,3,3,3,3,1.0,0.06930693069306931,0.342980451891343,3.3333333333333335,Computational reversal candidate for further investigation.,618
BRD-U43867373,-0.009146145205308976,4,5,4,5,0.8,0.10891089108910891,0.407492122394792,4.0,Computational reversal candidate for further investigation.,619
BRD-K33045404,-0.009123925944036815,3,3,3,3,1.0,0.0594059405940594,0.3260288114119469,4.0,Computational reversal candidate for further investigation.,620
btb06091sc,-0.009092442481591346,2,3,2,3,0.6666666666666666,0.10891089108910891,0.407492122394792,4.333333333333333,Computational reversal candidate for further investigation.,621
BRD-K94580036,-0.009070392091763232,1,1,1,1,1.0,0.24752475247524752,0.5670299967682229,5.0,Computational reversal candidate for further investigation.,622
BRD-K34968258,-0.009062941602820744,1,1,1,1,1.0,0.1782178217821782,0.4937230565161779,4.0,Computational reversal candidate for further investigation.,623
BRD-K44241590,-0.009058858998465188,2,2,2,2,1.0,0.12871287128712872,0.4396740559011653,4.5,Computational reversal candidate for further investigation.,624
oxymetholone,-0.009041746867843627,1,1,1,1,1.0,0.3465346534653465,0.6589279617616933,8.0,Computational reversal candidate for further investigation.,625
sb 218078,-0.00901880424084743,6,8,6,8,0.75,0.0594059405940594,0.3260288114119469,4.625,Computational reversal candidate for further investigation.,626
pha 665752,-0.009016617203084462,1,2,1,2,0.5,0.1485148514851485,0.4567867145280265,6.5,Computational reversal candidate for further investigation.,627
cyclosporine,-0.009008654076117683,16,21,19,25,0.7619047619047619,0.07920792079207921,0.36040382034274154,4.2,Computational reversal candidate for further investigation.,628
BRD-K28366633,-0.008996076134675715,4,6,4,6,0.6666666666666666,0.04950495049504951,0.31759962699871097,5.166666666666667,Computational reversal candidate for further investigation.,629
"nf-kb activation inhibitor ii, jsh-23",-0.008969946713795779,2,2,2,2,1.0,0.1485148514851485,0.4567867145280265,4.0,Computational reversal candidate for further investigation.,630
chr 2797,-0.008967979737427436,15,21,15,21,0.7142857142857143,0.06930693069306931,0.342980451891343,4.904761904761905,Computational reversal candidate for further investigation.,631
ncgc00181920-01,-0.008963191004567434,1,1,1,1,1.0,0.22772277227722773,0.5499540569281121,5.0,Computational reversal candidate for further investigation.,632
s1019,-0.00894113684945914,3,3,3,3,1.0,0.19801980198019803,0.5182077529786877,5.333333333333333,Computational reversal candidate for further investigation.,633
D-4476,-0.008898837544036996,2,3,2,3,0.6666666666666666,0.019801980198019802,0.25620886110957464,3.6666666666666665,Computational reversal candidate for further investigation.,634
ly 225910,-0.008880113528384597,1,1,1,1,1.0,0.10891089108910891,0.407492122394792,3.0,Computational reversal candidate for further investigation.,635
tocainide hydrochloride,-0.00886401969747036,1,1,1,1,1.0,0.26732673267326734,0.581887888036924,5.0,Computational reversal candidate for further investigation.,636
losartan,-0.008849492894689445,1,1,1,1,1.0,0.26732673267326734,0.581887888036924,3.0,Computational reversal candidate for further investigation.,637
praziquantel,-0.008817223938647964,2,2,2,2,1.0,0.0891089108910891,0.3752295229522952,3.5,Computational reversal candidate for further investigation.,638
azasetron,-0.008804584830449429,1,1,1,1,1.0,0.26732673267326734,0.581887888036924,3.0,Computational reversal candidate for further investigation.,639
ki 8751,-0.008789883743962727,3,3,3,3,1.0,0.19801980198019803,0.5182077529786877,4.666666666666667,Computational reversal candidate for further investigation.,640
puromycin hydrochloride,-0.008782412491649108,8,11,8,11,0.7272727272727273,0.0594059405940594,0.3260288114119469,5.363636363636363,Computational reversal candidate for further investigation.,641
albendazole,-0.008780940131346275,4,4,4,4,1.0,0.039603960396039604,0.30271542005685714,4.0,Computational reversal candidate for further investigation.,642
ei-247,-0.00877804919304528,2,2,2,2,1.0,0.16831683168316833,0.486668891608262,5.5,Computational reversal candidate for further investigation.,643
BRD-K19166598,-0.008771501482782013,3,5,3,5,0.6,0.0594059405940594,0.3260288114119469,4.6,Computational reversal candidate for further investigation.,644
erk inhibitor 11e,-0.008768648125292995,2,3,2,3,0.6666666666666666,0.12871287128712872,0.4396740559011653,5.666666666666667,Computational reversal candidate for further investigation.,645
methoxy-6-harmalan,-0.008764691528942558,1,1,1,1,1.0,0.1782178217821782,0.4937230565161779,6.0,Computational reversal candidate for further investigation.,646
BRD-K71303366,-0.008760120955679867,2,2,2,2,1.0,0.2079207920792079,0.5291698400609292,3.5,Computational reversal candidate for further investigation.,647
syk inhibitor,-0.008742366073895879,3,3,3,3,1.0,0.07920792079207921,0.36040382034274154,3.3333333333333335,Computational reversal candidate for further investigation.,648
BRD-K13794505,-0.008735899119569544,1,1,1,1,1.0,0.15841584158415842,0.47218930387247215,5.0,Computational reversal candidate for further investigation.,649
s1003,-0.008726963905005354,6,6,6,6,1.0,0.09900990099009901,0.3886558147340158,4.666666666666667,Computational reversal candidate for further investigation.,650
11k-629s,-0.008712960765142313,1,2,1,2,0.5,0.21782178217821782,0.5407023017414282,3.5,Computational reversal candidate for further investigation.,651
BRD-K24859147,-0.008705837092785737,1,1,1,1,1.0,0.04950495049504951,0.31759962699871097,3.0,Computational reversal candidate for further investigation.,652
diethylcarbamazine citrate,-0.008691328729553275,1,1,1,1,1.0,0.07920792079207921,0.36040382034274154,4.0,Computational reversal candidate for further investigation.,653
retinoic acid,-0.008670298873455428,2,3,2,3,0.6666666666666666,0.09900990099009901,0.3886558147340158,3.6666666666666665,Computational reversal candidate for further investigation.,654
s1362,-0.008668055979695673,2,3,2,3,0.6666666666666666,0.0891089108910891,0.3752295229522952,3.3333333333333335,Computational reversal candidate for further investigation.,655
BRD-K11072542,-0.008648496320305035,1,1,1,1,1.0,0.10891089108910891,0.407492122394792,3.0,Computational reversal candidate for further investigation.,656
ncgc00181233-01,-0.00862202552598261,1,1,1,1,1.0,0.18811881188118812,0.5107657307348554,5.0,Computational reversal candidate for further investigation.,657
ei-263,-0.00861041134599428,2,2,2,2,1.0,0.2079207920792079,0.5291698400609292,3.5,Computational reversal candidate for further investigation.,658
BRD-K64857848,-0.008598285066153906,2,3,2,3,0.6666666666666666,0.12871287128712872,0.4396740559011653,4.333333333333333,Computational reversal candidate for further investigation.,659
BRD-K67090983,-0.008596815743013832,2,3,2,3,0.6666666666666666,0.1188118811881188,0.4220372957541153,4.666666666666667,Computational reversal candidate for further investigation.,660
BRD-K56411643,-0.008594355870100285,12,16,12,16,0.75,0.0891089108910891,0.3752295229522952,3.75,Computational reversal candidate for further investigation.,661
BRD-K14939371,-0.00858799596287407,1,2,1,2,0.5,0.1485148514851485,0.4567867145280265,4.0,Computational reversal candidate for further investigation.,662
"camptothecine (s,+)",-0.008569890431760404,2,2,2,2,1.0,0.19801980198019803,0.5182077529786877,6.0,Computational reversal candidate for further investigation.,663
BRD-K77547509,-0.00856715272874841,3,4,3,4,0.75,0.07920792079207921,0.36040382034274154,4.25,Computational reversal candidate for further investigation.,664
isoreserpine,-0.00855697489034234,2,2,2,2,1.0,0.22772277227722773,0.5499540569281121,3.5,Computational reversal candidate for further investigation.,665
UNC0638,-0.008553555192128748,4,6,4,6,0.6666666666666666,0.0297029702970297,0.28078399676702365,4.5,Computational reversal candidate for further investigation.,666
BRD-K31484631,-0.008532681428882478,1,1,1,1,1.0,0.24752475247524752,0.5670299967682229,3.0,Computational reversal candidate for further investigation.,667
mefexamide hydrochloride,-0.008525209627173794,1,1,1,1,1.0,0.26732673267326734,0.581887888036924,3.0,Computational reversal candidate for further investigation.,668
BRD-K71599932,-0.008524141628384406,1,1,1,1,1.0,0.15841584158415842,0.47218930387247215,4.0,Computational reversal candidate for further investigation.,669
my-5445,-0.008489842293601405,2,3,2,3,0.6666666666666666,0.07920792079207921,0.36040382034274154,3.6666666666666665,Computational reversal candidate for further investigation.,670
vx-680,-0.008489202301400519,7,12,7,12,0.5833333333333334,0.0297029702970297,0.28078399676702365,4.416666666666667,Computational reversal candidate for further investigation.,671
BRD-A06929388,-0.008485096390940776,1,1,1,1,1.0,0.2376237623762376,0.5604242705329596,6.0,Computational reversal candidate for further investigation.,672
ch 55,-0.008479336347413706,2,3,2,3,0.6666666666666666,0.1485148514851485,0.4567867145280265,5.666666666666667,Computational reversal candidate for further investigation.,673
bas 00535043,-0.008477713789142537,1,1,1,1,1.0,0.1188118811881188,0.4220372957541153,3.0,Computational reversal candidate for further investigation.,674
BRD-K00028814,-0.008467089729582352,1,1,1,1,1.0,0.12871287128712872,0.4396740559011653,4.0,Computational reversal candidate for further investigation.,675
BRD-K08451418,-0.00846470849363607,1,1,1,1,1.0,0.10891089108910891,0.407492122394792,3.0,Computational reversal candidate for further investigation.,676
rs 56812 hydrochloride,-0.00846470849363607,1,1,1,1,1.0,0.1188118811881188,0.4220372957541153,3.0,Computational reversal candidate for further investigation.,677
ikk 16,-0.008464621159933247,7,12,7,12,0.5833333333333334,0.06930693069306931,0.342980451891343,5.583333333333333,Computational reversal candidate for further investigation.,678
BRD-K49010888,-0.0084405380741171,4,4,4,4,1.0,0.1782178217821782,0.4937230565161779,4.75,Computational reversal candidate for further investigation.,679
"l-701,324",-0.00843414624431433,1,1,1,1,1.0,0.18811881188118812,0.5107657307348554,5.0,Computational reversal candidate for further investigation.,680
cl 82198 hydrochloride,-0.008430093301162797,1,1,1,1,1.0,0.0891089108910891,0.3752295229522952,3.0,Computational reversal candidate for further investigation.,681
BRD-K25536815,-0.00838319654391605,1,1,1,1,1.0,0.19801980198019803,0.5182077529786877,3.0,Computational reversal candidate for further investigation.,682
luzindole,-0.008361322690469929,1,1,1,1,1.0,0.2079207920792079,0.5291698400609292,4.0,Computational reversal candidate for further investigation.,683
ncgc00165289-01,-0.00835784546725806,4,6,4,6,0.6666666666666666,0.1188118811881188,0.4220372957541153,4.833333333333333,Computational reversal candidate for further investigation.,684
BRD-K53610452,-0.00835106514425505,1,2,1,2,0.5,0.13861386138613863,0.44899259156684906,3.5,Computational reversal candidate for further investigation.,685
gr-103,-0.008350227617141645,1,1,1,1,1.0,0.40594059405940597,0.7204279048594515,5.0,Computational reversal candidate for further investigation.,686
BRD-K92317137,-0.00834796103233072,29,39,34,47,0.7435897435897436,0.07920792079207921,0.36040382034274154,5.48936170212766,Computational reversal candidate for further investigation.,687
BRD-K53903639,-0.008321624516901185,14,20,14,20,0.7,0.0891089108910891,0.3752295229522952,4.35,Computational reversal candidate for further investigation.,688
ca-074-me,-0.008306846344757108,3,4,3,4,0.75,0.15841584158415842,0.47218930387247215,3.5,Computational reversal candidate for further investigation.,689
rhodomyrtoxin b,-0.008304973360655405,7,10,7,10,0.7,0.10891089108910891,0.407492122394792,4.5,Computational reversal candidate for further investigation.,690
ssr 69071,-0.008294618011384447,3,4,3,4,0.75,0.06930693069306931,0.342980451891343,4.0,Computational reversal candidate for further investigation.,691
BRD-K96621343,-0.008293908380117988,1,1,1,1,1.0,0.1782178217821782,0.4937230565161779,3.0,Computational reversal candidate for further investigation.,692
BRD-K45044657,-0.008293781177809368,4,4,4,4,1.0,0.16831683168316833,0.486668891608262,4.25,Computational reversal candidate for further investigation.,693
gr-109,-0.008251191142642505,2,2,2,2,1.0,0.18811881188118812,0.5107657307348554,6.0,Computational reversal candidate for further investigation.,694
pd 98059,-0.008231187669964486,1,1,1,1,1.0,0.22772277227722773,0.5499540569281121,3.0,Computational reversal candidate for further investigation.,695
oxibendazole,-0.00822564945307373,4,7,4,7,0.5714285714285714,0.0594059405940594,0.3260288114119469,4.0,Computational reversal candidate for further investigation.,696
BRD-K39829853,-0.00820770928828348,3,3,3,3,1.0,0.1485148514851485,0.4567867145280265,4.0,Computational reversal candidate for further investigation.,697
ct-200783,-0.008203909089116078,19,24,19,24,0.7916666666666666,0.0594059405940594,0.3260288114119469,4.583333333333333,Computational reversal candidate for further investigation.,698
8-{[2-oxo-2-(1-pyrrolidinyl)ethyl]thio}quinoline,-0.008191488451550509,1,1,1,1,1.0,0.2376237623762376,0.5604242705329596,3.0,Computational reversal candidate for further investigation.,699
BRD-K65050353,-0.008182458637519926,1,1,1,1,1.0,0.22772277227722773,0.5499540569281121,5.0,Computational reversal candidate for further investigation.,700
"ingenol 3, 20-dibenzoate",-0.008179563201521557,19,26,19,26,0.7307692307692307,0.07920792079207921,0.36040382034274154,5.115384615384615,Computational reversal candidate for further investigation.,701
hy-10518,-0.008132755879889828,7,10,7,10,0.7,0.1188118811881188,0.4220372957541153,5.2,Computational reversal candidate for further investigation.,702
linifanib,-0.008131820362463245,16,28,16,28,0.5714285714285714,0.0297029702970297,0.28078399676702365,5.071428571428571,Computational reversal candidate for further investigation.,703
BRD-K24861700,-0.008099640765652222,2,2,2,2,1.0,0.13861386138613863,0.44899259156684906,3.0,Computational reversal candidate for further investigation.,704
BRD-A18763547,-0.008090943425058651,6,6,6,6,1.0,0.1782178217821782,0.4937230565161779,6.333333333333333,Computational reversal candidate for further investigation.,705
cvf-csc-7 brd-a32595718,-0.00808044026790911,3,3,4,4,1.0,0.15841584158415842,0.47218930387247215,4.25,Computational reversal candidate for further investigation.,706
BRD-K12762134,-0.008078858761302484,2,2,2,2,1.0,0.13861386138613863,0.44899259156684906,3.5,Computational reversal candidate for further investigation.,707
"methyl 2,5-dihydroxycinnamate",-0.008073489904320507,2,2,2,2,1.0,0.06930693069306931,0.342980451891343,3.0,Computational reversal candidate for further investigation.,708
clobenpropit dihydrobromide,-0.008059570447217007,2,2,2,2,1.0,0.1188118811881188,0.4220372957541153,4.5,Computational reversal candidate for further investigation.,709
BRD-K77877933,-0.00803330529110508,3,4,3,4,0.75,0.15841584158415842,0.47218930387247215,4.0,Computational reversal candidate for further investigation.,710
BRD-K71554540,-0.008009648442281483,1,1,1,1,1.0,0.22772277227722773,0.5499540569281121,5.0,Computational reversal candidate for further investigation.,711
BRD-K43226598,-0.00799191998582761,1,1,1,1,1.0,0.1188118811881188,0.4220372957541153,3.0,Computational reversal candidate for further investigation.,712
alfacalcidol,-0.007984876110823732,2,2,2,2,1.0,0.12871287128712872,0.4396740559011653,4.5,Computational reversal candidate for further investigation.,713
clopidogrel,-0.007982351580911994,2,2,2,2,1.0,0.13861386138613863,0.44899259156684906,3.0,Computational reversal candidate for further investigation.,714
belinostat,-0.007970497352200078,17,30,17,30,0.5666666666666667,0.039603960396039604,0.30271542005685714,6.233333333333333,Computational reversal candidate for further investigation.,715
bl-077,-0.00796084411142593,1,1,1,1,1.0,0.19801980198019803,0.5182077529786877,4.0,Computational reversal candidate for further investigation.,716
ag 9,-0.007960306412933675,2,2,2,2,1.0,0.2079207920792079,0.5291698400609292,3.0,Computational reversal candidate for further investigation.,717
BRD-A75301702,-0.007959136131822607,2,3,2,3,0.6666666666666666,0.1485148514851485,0.4567867145280265,5.666666666666667,Computational reversal candidate for further investigation.,718
api-2,-0.007957631626467643,2,3,2,3,0.6666666666666666,0.1782178217821782,0.4937230565161779,6.666666666666667,Computational reversal candidate for further investigation.,719
penitrem a,-0.007940385347452034,1,2,1,2,0.5,0.1188118811881188,0.4220372957541153,4.0,Computational reversal candidate for further investigation.,720
arachidonyl trifluoro-methyl ketone,-0.007936989901694204,11,17,11,17,0.6470588235294118,0.1188118811881188,0.4220372957541153,4.823529411764706,Computational reversal candidate for further investigation.,721
sr 202,-0.00792331756686859,1,1,1,1,1.0,0.0891089108910891,0.3752295229522952,4.0,Computational reversal candidate for further investigation.,722
BRD-K39757396,-0.007912804154516544,1,2,1,2,0.5,0.2079207920792079,0.5291698400609292,5.0,Computational reversal candidate for further investigation.,723
deguelin(-),-0.007905773666338229,1,1,1,1,1.0,0.2376237623762376,0.5604242705329596,3.0,Computational reversal candidate for further investigation.,724
peitc,-0.007896651208196815,5,7,5,7,0.7142857142857143,0.0594059405940594,0.3260288114119469,3.857142857142857,Computational reversal candidate for further investigation.,725
pnu 74654,-0.007890374510195105,14,17,14,17,0.8235294117647058,0.0297029702970297,0.28078399676702365,4.705882352941177,Computational reversal candidate for further investigation.,726
fulvestrant,-0.007863511735299079,2,2,2,2,1.0,0.0891089108910891,0.3752295229522952,4.5,Computational reversal candidate for further investigation.,727
mls-0391006,-0.007858113125380858,1,1,1,1,1.0,0.297029702970297,0.6103999929717905,4.0,Computational reversal candidate for further investigation.,728
nsc 3852,-0.007851547287498662,7,8,7,8,0.875,0.13861386138613863,0.44899259156684906,4.0,Computational reversal candidate for further investigation.,729
BRD-K80334323 (norethynodrel),-0.007825701447893699,2,3,2,3,0.6666666666666666,0.15841584158415842,0.47218930387247215,3.6666666666666665,Computational reversal candidate for further investigation.,730
ncgc00182609-01,-0.007814735406841768,4,4,4,4,1.0,0.12871287128712872,0.4396740559011653,6.0,Computational reversal candidate for further investigation.,731
t 98475,-0.007804021611113306,2,3,2,3,0.6666666666666666,0.1782178217821782,0.4937230565161779,4.333333333333333,Computational reversal candidate for further investigation.,732
jnj 10191584 maleate,-0.007796525296057105,1,2,1,2,0.5,0.1485148514851485,0.4567867145280265,3.5,Computational reversal candidate for further investigation.,733
fenretinide,-0.007777373443542991,4,4,4,4,1.0,0.1485148514851485,0.4567867145280265,4.75,Computational reversal candidate for further investigation.,734
cct 018159,-0.007767719416906582,3,3,3,3,1.0,0.09900990099009901,0.3886558147340158,3.3333333333333335,Computational reversal candidate for further investigation.,735
estradiol valerate,-0.0077616127855805,3,4,3,4,0.75,0.2376237623762376,0.5604242705329596,3.5,Computational reversal candidate for further investigation.,736
erlotinib,-0.007760061059548133,9,13,9,13,0.6923076923076923,0.09900990099009901,0.3886558147340158,5.3076923076923075,Computational reversal candidate for further investigation.,737
penfluridol,-0.007740236576725682,7,10,7,10,0.7,0.09900990099009901,0.3886558147340158,4.4,Computational reversal candidate for further investigation.,738
y 134,-0.007732013339077708,4,4,4,4,1.0,0.1188118811881188,0.4220372957541153,3.5,Computational reversal candidate for further investigation.,739
chemistry 2804,-0.007730560911493616,27,40,27,40,0.675,0.1188118811881188,0.4220372957541153,5.2,Computational reversal candidate for further investigation.,740
prunetin,-0.007726922885708223,1,1,1,1,1.0,0.24752475247524752,0.5670299967682229,4.0,Computational reversal candidate for further investigation.,741
h-8,-0.007707072114978043,1,1,1,1,1.0,0.2376237623762376,0.5604242705329596,6.0,Computational reversal candidate for further investigation.,742
finasteride,-0.007698966028460914,1,1,1,1,1.0,0.19801980198019803,0.5182077529786877,4.0,Computational reversal candidate for further investigation.,743
BRD-K55722623,-0.007697928245017745,3,3,3,3,1.0,0.1485148514851485,0.4567867145280265,4.333333333333333,Computational reversal candidate for further investigation.,744
perhexiline maleate,-0.007691899004029629,17,20,17,20,0.85,0.07920792079207921,0.36040382034274154,5.5,Computational reversal candidate for further investigation.,745
am580,-0.007691647380552247,2,2,2,2,1.0,0.2376237623762376,0.5604242705329596,5.0,Computational reversal candidate for further investigation.,746
azd8055,-0.007677090554374565,17,24,17,24,0.7083333333333334,0.039603960396039604,0.30271542005685714,4.375,Computational reversal candidate for further investigation.,747
BRD-K81814927,-0.007666683911645107,6,7,6,7,0.8571428571428571,0.1485148514851485,0.4567867145280265,6.0,Computational reversal candidate for further investigation.,748
nnc 05-2090 hydrochloride,-0.007652976356825152,3,3,3,3,1.0,0.13861386138613863,0.44899259156684906,4.333333333333333,Computational reversal candidate for further investigation.,749
dexamethasone acetate,-0.0076154592814794515,2,2,2,2,1.0,0.1188118811881188,0.4220372957541153,3.5,Computational reversal candidate for further investigation.,750
phenazopyridine hydrochloride,-0.007611557549165248,1,1,1,1,1.0,0.19801980198019803,0.5182077529786877,3.0,Computational reversal candidate for further investigation.,751
BRD-A10330754,-0.0076066689629974505,1,1,1,1,1.0,0.13861386138613863,0.44899259156684906,3.0,Computational reversal candidate for further investigation.,752
ryuvidine,-0.007603107471330339,5,6,5,6,0.8333333333333334,0.039603960396039604,0.30271542005685714,4.166666666666667,Computational reversal candidate for further investigation.,753
ncgc00182942-03,-0.007567780509985064,1,1,1,1,1.0,0.25742574257425743,0.5738190758440618,4.0,Computational reversal candidate for further investigation.,754
modafinil,-0.007545447139552294,1,1,1,1,1.0,0.15841584158415842,0.47218930387247215,3.0,Computational reversal candidate for further investigation.,755
BRD-K96147838,-0.007530889458118314,1,1,1,1,1.0,0.25742574257425743,0.5738190758440618,3.0,Computational reversal candidate for further investigation.,756
ncgc00182393-01,-0.007530788753151145,3,5,3,5,0.6,0.13861386138613863,0.44899259156684906,4.6,Computational reversal candidate for further investigation.,757
BRD-K27151060,-0.007475468271711354,1,1,1,1,1.0,0.3069306930693069,0.619208610756546,5.0,Computational reversal candidate for further investigation.,758
s1104,-0.0074549809677438164,2,2,2,2,1.0,0.10891089108910891,0.407492122394792,3.5,Computational reversal candidate for further investigation.,759
chlorphensin carbamate,-0.007449665573756588,1,1,1,1,1.0,0.25742574257425743,0.5738190758440618,5.0,Computational reversal candidate for further investigation.,760
sb 216763,-0.007428569043657327,3,3,3,3,1.0,0.09900990099009901,0.3886558147340158,4.0,Computational reversal candidate for further investigation.,761
chemistry 1571,-0.0074264057210470715,1,1,1,1,1.0,0.09900990099009901,0.3886558147340158,3.0,Computational reversal candidate for further investigation.,762
ncgc00186542-01,-0.0074264057210470715,1,1,1,1,1.0,0.21782178217821782,0.5407023017414282,3.0,Computational reversal candidate for further investigation.,763
hy-11005,-0.007418037850270259,2,4,2,4,0.5,0.12871287128712872,0.4396740559011653,3.75,Computational reversal candidate for further investigation.,764
ncgc00165193-01,-0.007417872290269658,1,1,1,1,1.0,0.16831683168316833,0.486668891608262,4.0,Computational reversal candidate for further investigation.,765
cgp 57380,-0.007415423115205092,4,6,4,6,0.6666666666666666,0.0297029702970297,0.28078399676702365,4.166666666666667,Computational reversal candidate for further investigation.,766
rocilinostat,-0.007406452248814978,6,10,6,10,0.6,0.039603960396039604,0.30271542005685714,4.8,Computational reversal candidate for further investigation.,767
ha-1004,-0.0073976255880831565,1,1,1,1,1.0,0.1188118811881188,0.4220372957541153,4.0,Computational reversal candidate for further investigation.,768
amg 9810,-0.007382391418792,2,2,2,2,1.0,0.10891089108910891,0.407492122394792,3.5,Computational reversal candidate for further investigation.,769
evista,-0.007373855357120373,1,1,1,1,1.0,0.12871287128712872,0.4396740559011653,3.0,Computational reversal candidate for further investigation.,770
tomoxetine hydrochloride,-0.007347258949540938,1,1,1,1,1.0,0.2871287128712871,0.6028922021848604,3.0,Computational reversal candidate for further investigation.,771
arvanil,-0.0073461558738388095,3,3,3,3,1.0,0.2376237623762376,0.5604242705329596,4.666666666666667,Computational reversal candidate for further investigation.,772
ag 82,-0.00734361026324119,1,1,1,1,1.0,0.21782178217821782,0.5407023017414282,3.0,Computational reversal candidate for further investigation.,773
stock2s-69948,-0.00734361026324119,1,1,1,1,1.0,0.16831683168316833,0.486668891608262,3.0,Computational reversal candidate for further investigation.,774
QL-X-138,-0.007337827906804512,30,43,30,43,0.6976744186046512,0.0297029702970297,0.28078399676702365,6.023255813953488,Computational reversal candidate for further investigation.,775
dorsomorphin dihydrochloride,-0.007332518438528304,27,31,33,37,0.8709677419354839,0.04950495049504951,0.31759962699871097,4.351351351351352,Computational reversal candidate for further investigation.,776
tegaserod,-0.007285354982222078,3,3,3,3,1.0,0.22772277227722773,0.5499540569281121,7.666666666666667,Computational reversal candidate for further investigation.,777
meloxicam sodium,-0.007283591107635116,1,1,1,1,1.0,0.2871287128712871,0.6028922021848604,3.0,Computational reversal candidate for further investigation.,778
s1122,-0.007273309309072359,5,7,5,7,0.7142857142857143,0.18811881188118812,0.5107657307348554,5.0,Computational reversal candidate for further investigation.,779
olmesartan medoxomil,-0.007272096218300177,1,1,1,1,1.0,0.31683168316831684,0.6303970603245891,4.0,Computational reversal candidate for further investigation.,780
mw-a1-14 brd-k32010074,-0.007270861063169416,1,1,1,1,1.0,0.27722772277227725,0.5950504225584746,3.0,Computational reversal candidate for further investigation.,781
NVP-BGT226,-0.00725635191032475,14,24,14,24,0.5833333333333334,0.1782178217821782,0.4937230565161779,5.916666666666667,Computational reversal candidate for further investigation.,782
s1176,-0.00725533297685576,1,1,1,1,1.0,0.12871287128712872,0.4396740559011653,4.0,Computational reversal candidate for further investigation.,783
bifemelane hydrochloride,-0.00724375113563876,1,1,1,1,1.0,0.16831683168316833,0.486668891608262,3.0,Computational reversal candidate for further investigation.,784
BRD-K85275009,-0.007226647289636513,1,1,1,1,1.0,0.18811881188118812,0.5107657307348554,6.0,Computational reversal candidate for further investigation.,785
BRD-K83691318,-0.0072241639398946105,1,1,1,1,1.0,0.1782178217821782,0.4937230565161779,3.0,Computational reversal candidate for further investigation.,786
BRD-K22096725,-0.007196974855340835,1,1,1,1,1.0,0.25742574257425743,0.5738190758440618,7.0,Computational reversal candidate for further investigation.,787
irinotecan hydrochloride trihydrate,-0.007186612887095337,6,9,6,10,0.6666666666666666,0.09900990099009901,0.3886558147340158,5.5,Computational reversal candidate for further investigation.,788
endo-iwr 1,-0.007171761637260681,1,2,1,2,0.5,0.13861386138613863,0.44899259156684906,3.5,Computational reversal candidate for further investigation.,789
BRD-K96083840,-0.007148234690383112,1,1,1,1,1.0,0.15841584158415842,0.47218930387247215,6.0,Computational reversal candidate for further investigation.,790
BRD-U37049823,-0.0071189855738954325,2,2,2,2,1.0,0.1782178217821782,0.4937230565161779,4.0,Computational reversal candidate for further investigation.,791
(-)-gallocatechin gallate,-0.007114805797395486,3,5,3,5,0.6,0.19801980198019803,0.5182077529786877,4.4,Computational reversal candidate for further investigation.,792
rg-14620,-0.00711329027526616,1,1,1,1,1.0,0.2871287128712871,0.6028922021848604,6.0,Computational reversal candidate for further investigation.,793
chaetocin,-0.00709460698993617,13,20,13,20,0.65,0.09900990099009901,0.3886558147340158,5.75,Computational reversal candidate for further investigation.,794
curcumin,-0.007076022122091445,25,34,25,34,0.7352941176470589,0.1188118811881188,0.4220372957541153,5.176470588235294,Computational reversal candidate for further investigation.,795
ossk 645683,-0.007068736520187283,2,2,2,2,1.0,0.1782178217821782,0.4937230565161779,4.0,Computational reversal candidate for further investigation.,796
terfenadine,-0.007051515275404207,2,3,2,3,0.6666666666666666,0.22772277227722773,0.5499540569281121,3.6666666666666665,Computational reversal candidate for further investigation.,797
hki-272,-0.007032234293181084,12,17,12,17,0.7058823529411765,0.0891089108910891,0.3752295229522952,4.176470588235294,Computational reversal candidate for further investigation.,798
cinobufagin,-0.007014620503997645,6,8,6,8,0.75,0.21782178217821782,0.5407023017414282,5.625,Computational reversal candidate for further investigation.,799
BRD-K10705233,-0.007010165573373349,11,16,11,16,0.6875,0.09900990099009901,0.3886558147340158,4.625,Computational reversal candidate for further investigation.,800
cerivastatin na,-0.006981693827844425,2,3,2,3,0.6666666666666666,0.21782178217821782,0.5407023017414282,4.666666666666667,Computational reversal candidate for further investigation.,801
BRD-K60070073,-0.006980501831086859,1,2,1,2,0.5,0.24752475247524752,0.5670299967682229,5.0,Computational reversal candidate for further investigation.,802
ag14361,-0.006977708092405919,17,29,17,29,0.5862068965517241,0.04950495049504951,0.31759962699871097,4.206896551724138,Computational reversal candidate for further investigation.,803
s1266,-0.006976598909457389,2,2,2,2,1.0,0.25742574257425743,0.5738190758440618,4.0,Computational reversal candidate for further investigation.,804
pheniramine maleate,-0.006945612069269466,1,1,1,1,1.0,0.26732673267326734,0.581887888036924,3.0,Computational reversal candidate for further investigation.,805
ncgc00184834-01,-0.006935356172518123,2,3,2,3,0.6666666666666666,0.1188118811881188,0.4220372957541153,4.666666666666667,Computational reversal candidate for further investigation.,806
phensuximide,-0.006918506985923178,1,1,1,1,1.0,0.2079207920792079,0.5291698400609292,5.0,Computational reversal candidate for further investigation.,807
sildenafil citrate,-0.006881816779694073,1,2,1,2,0.5,0.0594059405940594,0.3260288114119469,3.5,Computational reversal candidate for further investigation.,808
BRD-K59470558,-0.006857594495429612,2,2,2,2,1.0,0.1188118811881188,0.4220372957541153,3.5,Computational reversal candidate for further investigation.,809
metaproterenol,-0.006850301053398474,1,1,1,1,1.0,0.0891089108910891,0.3752295229522952,4.0,Computational reversal candidate for further investigation.,810
sutent,-0.0068489463535895655,5,9,5,9,0.5555555555555556,0.12871287128712872,0.4396740559011653,4.0,Computational reversal candidate for further investigation.,811
v4877,-0.0068418957296776575,5,8,5,8,0.625,0.19801980198019803,0.5182077529786877,5.125,Computational reversal candidate for further investigation.,812
BRD-K39345836,-0.0068383369970198005,3,3,3,3,1.0,0.1485148514851485,0.4567867145280265,3.6666666666666665,Computational reversal candidate for further investigation.,813
hydrocortisone acetate,-0.006834439328879104,2,2,2,2,1.0,0.2376237623762376,0.5604242705329596,4.5,Computational reversal candidate for further investigation.,814
talniflumate,-0.00682380216552522,1,1,1,1,1.0,0.1485148514851485,0.4567867145280265,3.0,Computational reversal candidate for further investigation.,815
simvastatin,-0.006822596766623086,4,6,5,7,0.6666666666666666,0.1188118811881188,0.4220372957541153,4.857142857142857,Computational reversal candidate for further investigation.,816
vandetanib,-0.006786017567021819,3,5,3,5,0.6,0.1485148514851485,0.4567867145280265,5.6,Computational reversal candidate for further investigation.,817
BRD-K03176945,-0.006784532213529657,2,3,2,3,0.6666666666666666,0.15841584158415842,0.47218930387247215,4.333333333333333,Computational reversal candidate for further investigation.,818
BRD-K93605482,-0.0067813933363875655,1,1,1,1,1.0,0.15841584158415842,0.47218930387247215,4.0,Computational reversal candidate for further investigation.,819
BRD-U33728988,-0.006775876192408711,5,8,5,8,0.625,0.09900990099009901,0.3886558147340158,4.375,Computational reversal candidate for further investigation.,820
ncgc00186073-01,-0.006756322136169948,1,1,1,1,1.0,0.07920792079207921,0.36040382034274154,3.0,Computational reversal candidate for further investigation.,821
selumetinib,-0.0067494461754701255,27,37,27,37,0.7297297297297297,0.0594059405940594,0.3260288114119469,5.702702702702703,Computational reversal candidate for further investigation.,822
proscillaridin a,-0.006748964674771804,6,10,7,11,0.6,0.12871287128712872,0.4396740559011653,4.636363636363637,Computational reversal candidate for further investigation.,823
ncgc00181736-02,-0.006746709030287871,2,2,2,2,1.0,0.1188118811881188,0.4220372957541153,3.5,Computational reversal candidate for further investigation.,824
sericetin dimethyl ether,-0.006725588622003266,2,2,2,2,1.0,0.26732673267326734,0.581887888036924,4.5,Computational reversal candidate for further investigation.,825
BRD-K66792149,-0.0067228728215291845,8,11,8,11,0.7272727272727273,0.1188118811881188,0.4220372957541153,4.2727272727272725,Computational reversal candidate for further investigation.,826
camptothecin,-0.006711934848502526,10,11,10,11,0.9090909090909091,0.1485148514851485,0.4567867145280265,5.090909090909091,Computational reversal candidate for further investigation.,827
saracatinib,-0.0066684630511327486,15,28,17,32,0.5357142857142857,0.0297029702970297,0.28078399676702365,4.84375,Computational reversal candidate for further investigation.,828
np-001236,-0.006650985219800735,2,4,2,4,0.5,0.24752475247524752,0.5670299967682229,6.75,Computational reversal candidate for further investigation.,829
BRD-K23644387,-0.0066431990889884805,1,1,1,1,1.0,0.1782178217821782,0.4937230565161779,4.0,Computational reversal candidate for further investigation.,830
BRD-K40373196,-0.006639942086090847,4,6,4,6,0.6666666666666666,0.12871287128712872,0.4396740559011653,3.8333333333333335,Computational reversal candidate for further investigation.,831
methylene blue,-0.006606475873835429,8,11,8,11,0.7272727272727273,0.16831683168316833,0.486668891608262,5.0,Computational reversal candidate for further investigation.,832
BRD-A80960055,-0.006596062084511377,3,4,3,4,0.75,0.0594059405940594,0.3260288114119469,4.0,Computational reversal candidate for further investigation.,833
BRD-A59145032,-0.006568917431600437,4,4,4,4,1.0,0.1485148514851485,0.4567867145280265,4.0,Computational reversal candidate for further investigation.,834
ncgc00167098-01,-0.006552841051022877,4,4,4,4,1.0,0.16831683168316833,0.486668891608262,4.75,Computational reversal candidate for further investigation.,835
BRD-K54687541,-0.006505625860559453,2,2,2,2,1.0,0.19801980198019803,0.5182077529786877,3.0,Computational reversal candidate for further investigation.,836
BRD-K16533489,-0.00649951976313284,3,3,3,3,1.0,0.24752475247524752,0.5670299967682229,3.6666666666666665,Computational reversal candidate for further investigation.,837
BRD-K28789065,-0.00649951976313284,1,1,1,1,1.0,0.2079207920792079,0.5291698400609292,3.0,Computational reversal candidate for further investigation.,838
blebbistatin,-0.0064897848926897,3,4,3,4,0.75,0.10891089108910891,0.407492122394792,4.0,Computational reversal candidate for further investigation.,839
ncgc00011606-02,-0.0064867783147311685,1,2,1,2,0.5,0.1485148514851485,0.4567867145280265,3.0,Computational reversal candidate for further investigation.,840
prima-1 met,-0.006462473798876718,3,3,3,3,1.0,0.24752475247524752,0.5670299967682229,5.0,Computational reversal candidate for further investigation.,841
akt inhibitor iv,-0.006450730579433074,15,20,15,20,0.75,0.0891089108910891,0.3752295229522952,5.2,Computational reversal candidate for further investigation.,842
BRD-K04363266,-0.006439350051445224,1,1,1,1,1.0,0.22772277227722773,0.5499540569281121,3.0,Computational reversal candidate for further investigation.,843
stk249718,-0.006428914740832469,1,1,1,1,1.0,0.27722772277227725,0.5950504225584746,3.0,Computational reversal candidate for further investigation.,844
estradiol benzoate,-0.006422921903810325,2,2,2,2,1.0,0.1782178217821782,0.4937230565161779,5.0,Computational reversal candidate for further investigation.,845
CH5424802,-0.0064068209885784445,4,5,4,5,0.8,0.0891089108910891,0.3752295229522952,4.4,Computational reversal candidate for further investigation.,846
BRD-K55827386,-0.006403453486678083,1,1,1,1,1.0,0.25742574257425743,0.5738190758440618,3.0,Computational reversal candidate for further investigation.,847
cdc,-0.0063942914491559154,1,2,1,2,0.5,0.22772277227722773,0.5499540569281121,5.0,Computational reversal candidate for further investigation.,848
osi-906,-0.006390461315694608,1,1,1,1,1.0,0.2871287128712871,0.6028922021848604,5.0,Computational reversal candidate for further investigation.,849
bapta-am,-0.006374783532584893,2,3,2,3,0.6666666666666666,0.15841584158415842,0.47218930387247215,3.3333333333333335,Computational reversal candidate for further investigation.,850
(s)-(-)-bay k 8644,-0.006352486911784393,1,1,1,1,1.0,0.19801980198019803,0.5182077529786877,4.0,Computational reversal candidate for further investigation.,851
piceatannol,-0.006350132434306472,3,5,4,7,0.6,0.10891089108910891,0.407492122394792,3.4285714285714284,Computational reversal candidate for further investigation.,852
pi 103 hydrochloride,-0.006347222488908438,8,10,8,10,0.8,0.04950495049504951,0.31759962699871097,4.0,Computational reversal candidate for further investigation.,853
ouabain,-0.006335582016239784,11,13,16,19,0.8461538461538461,0.10891089108910891,0.407492122394792,4.578947368421052,Computational reversal candidate for further investigation.,854
zk 164015,-0.006329484265842485,1,1,1,1,1.0,0.3069306930693069,0.619208610756546,3.0,Computational reversal candidate for further investigation.,855
nonoxynol-9,-0.006324545659147833,2,3,2,3,0.6666666666666666,0.16831683168316833,0.486668891608262,3.6666666666666665,Computational reversal candidate for further investigation.,856
ku-0063794,-0.006323816043579823,9,14,9,14,0.6428571428571429,0.04950495049504951,0.31759962699871097,3.7142857142857144,Computational reversal candidate for further investigation.,857
cay10618,-0.00632017931515967,7,11,7,11,0.6363636363636364,0.09900990099009901,0.3886558147340158,4.7272727272727275,Computational reversal candidate for further investigation.,858
BRD-K58288048,-0.006311662400169664,3,4,3,4,0.75,0.2079207920792079,0.5291698400609292,5.25,Computational reversal candidate for further investigation.,859
prochlorperazine edisylate,-0.006305224370066457,1,1,1,1,1.0,0.15841584158415842,0.47218930387247215,3.0,Computational reversal candidate for further investigation.,860
t5247673,-0.006302681888396663,2,2,2,2,1.0,0.1485148514851485,0.4567867145280265,3.5,Computational reversal candidate for further investigation.,861
BRD-K17140735,-0.0062996077855537085,20,22,20,22,0.9090909090909091,0.13861386138613863,0.44899259156684906,5.2272727272727275,Computational reversal candidate for further investigation.,862
garcinol,-0.0062995867243394645,2,2,2,2,1.0,0.1188118811881188,0.4220372957541153,4.0,Computational reversal candidate for further investigation.,863
pterostilbene,-0.006296443137232393,1,1,1,1,1.0,0.24752475247524752,0.5670299967682229,3.0,Computational reversal candidate for further investigation.,864
BRD-A36630025,-0.00628914275322122,24,37,24,37,0.6486486486486487,0.09900990099009901,0.3886558147340158,4.756756756756757,Computational reversal candidate for further investigation.,865
BRD-K41220170,-0.006264511624451956,1,1,1,1,1.0,0.4158415841584158,0.7323871550653164,3.0,Computational reversal candidate for further investigation.,866
haloprogin,-0.006258794638023226,1,1,1,1,1.0,0.1782178217821782,0.4937230565161779,4.0,Computational reversal candidate for further investigation.,867
BRD-A05565054,-0.006253940636847461,1,1,1,1,1.0,0.1782178217821782,0.4937230565161779,3.0,Computational reversal candidate for further investigation.,868
s1527,-0.006170934808198287,1,2,1,2,0.5,0.1782178217821782,0.4937230565161779,3.0,Computational reversal candidate for further investigation.,869
mebendazole,-0.0061682520249316435,2,3,2,3,0.6666666666666666,0.18811881188118812,0.5107657307348554,3.3333333333333335,Computational reversal candidate for further investigation.,870
ym-155,-0.006160018430232663,16,20,16,20,0.8,0.0891089108910891,0.3752295229522952,4.55,Computational reversal candidate for further investigation.,871
gw 7647,-0.006157433362854577,3,4,3,4,0.75,0.3564356435643564,0.6705970353331028,6.5,Computational reversal candidate for further investigation.,872
BRD-K39232234,-0.006147141872544913,1,1,1,1,1.0,0.16831683168316833,0.486668891608262,3.0,Computational reversal candidate for further investigation.,873
CC-401,-0.006140807794713279,5,7,5,7,0.7142857142857143,0.0891089108910891,0.3752295229522952,4.857142857142857,Computational reversal candidate for further investigation.,874
BRD-K89558221,-0.006129974967010118,1,1,1,1,1.0,0.25742574257425743,0.5738190758440618,5.0,Computational reversal candidate for further investigation.,875
qs 11,-0.006116504808642448,7,8,7,8,0.875,0.0891089108910891,0.3752295229522952,3.75,Computational reversal candidate for further investigation.,876
pdgf receptor tyrosine kinase inhibitor i,-0.006115186494460637,2,3,2,3,0.6666666666666666,0.18811881188118812,0.5107657307348554,6.0,Computational reversal candidate for further investigation.,877
BRD-A61858259,-0.006063120229868964,1,1,1,1,1.0,0.1782178217821782,0.4937230565161779,4.0,Computational reversal candidate for further investigation.,878
ro 28-1675 ?,-0.00602928740600415,13,22,13,22,0.5909090909090909,0.18811881188118812,0.5107657307348554,5.0,Computational reversal candidate for further investigation.,879
BRD-K08463963,-0.006024044488259917,1,2,1,2,0.5,0.3069306930693069,0.619208610756546,4.0,Computational reversal candidate for further investigation.,880
tipifarnib-p1,-0.006003567713792344,1,1,1,1,1.0,0.3069306930693069,0.619208610756546,3.0,Computational reversal candidate for further investigation.,881
BRD-K19540840,-0.006001129065425526,3,4,3,4,0.75,0.13861386138613863,0.44899259156684906,4.5,Computational reversal candidate for further investigation.,882
"tyrphostin b44, (+) enantiomer",-0.005974593229755581,1,1,1,1,1.0,0.09900990099009901,0.3886558147340158,4.0,Computational reversal candidate for further investigation.,883
sarmentogenin,-0.005965385700047342,4,5,4,5,0.8,0.27722772277227725,0.5950504225584746,5.0,Computational reversal candidate for further investigation.,884
ncgc00183255-01,-0.005925339506729446,4,5,4,5,0.8,0.13861386138613863,0.44899259156684906,3.4,Computational reversal candidate for further investigation.,885
tw 37,-0.005881121270353329,11,15,11,15,0.7333333333333333,0.19801980198019803,0.5182077529786877,5.466666666666667,Computational reversal candidate for further investigation.,886
s1011,-0.005850854366237473,2,4,2,4,0.5,0.1485148514851485,0.4567867145280265,4.0,Computational reversal candidate for further investigation.,887
topotecan hcl,-0.0058267662399845675,4,6,4,6,0.6666666666666666,0.19801980198019803,0.5182077529786877,5.5,Computational reversal candidate for further investigation.,888
ropinirole hcl,-0.005817375490439696,1,1,1,1,1.0,0.1485148514851485,0.4567867145280265,5.0,Computational reversal candidate for further investigation.,889
BRD-K09854848,-0.0058107276964540116,4,5,4,5,0.8,0.2376237623762376,0.5604242705329596,5.6,Computational reversal candidate for further investigation.,890
amiodarone hydrochloride,-0.005786094904934083,2,4,2,4,0.5,0.1782178217821782,0.4937230565161779,4.5,Computational reversal candidate for further investigation.,891
ncgc00181801-01,-0.005776618388268625,1,1,1,1,1.0,0.37623762376237624,0.6915605846298916,3.0,Computational reversal candidate for further investigation.,892
isoliquiritigenin,-0.005774655620912186,7,10,7,10,0.7,0.1782178217821782,0.4937230565161779,4.6,Computational reversal candidate for further investigation.,893
dichlorobenzamil,-0.005758621456124668,2,4,2,4,0.5,0.21782178217821782,0.5407023017414282,3.75,Computational reversal candidate for further investigation.,894
mirtazepine,-0.005755205229989461,1,1,1,1,1.0,0.2376237623762376,0.5604242705329596,3.0,Computational reversal candidate for further investigation.,895
mw-ras12,-0.005754283323752612,11,16,13,19,0.6875,0.13861386138613863,0.44899259156684906,4.631578947368421,Computational reversal candidate for further investigation.,896
BRD-K18163752,-0.005727002387220887,4,6,4,6,0.6666666666666666,0.15841584158415842,0.47218930387247215,4.166666666666667,Computational reversal candidate for further investigation.,897
gemcitabine,-0.005714785437108965,7,10,7,10,0.7,0.1188118811881188,0.4220372957541153,4.5,Computational reversal candidate for further investigation.,898
erythromycin,-0.005707009671146601,1,1,1,1,1.0,0.2079207920792079,0.5291698400609292,4.0,Computational reversal candidate for further investigation.,899
hemado,-0.005702157080234357,1,2,1,2,0.5,0.2079207920792079,0.5291698400609292,3.0,Computational reversal candidate for further investigation.,900
BRD-K08307026,-0.00568798331673037,6,9,6,9,0.6666666666666666,0.15841584158415842,0.47218930387247215,5.111111111111111,Computational reversal candidate for further investigation.,901
BRD-K04534322,-0.005653170823347209,3,4,3,4,0.75,0.25742574257425743,0.5738190758440618,3.5,Computational reversal candidate for further investigation.,902
BRD-K90543092,-0.005645324631754281,1,1,1,1,1.0,0.297029702970297,0.6103999929717905,6.0,Computational reversal candidate for further investigation.,903
BRD-K56653679,-0.005626263363544902,5,9,5,9,0.5555555555555556,0.22772277227722773,0.5499540569281121,4.0,Computational reversal candidate for further investigation.,904
curcubitacin i,-0.005620024276588078,18,25,18,25,0.72,0.15841584158415842,0.47218930387247215,5.04,Computational reversal candidate for further investigation.,905
BRD-K15563106,-0.0056114592923173666,11,17,11,17,0.6470588235294118,0.10891089108910891,0.407492122394792,4.705882352941177,Computational reversal candidate for further investigation.,906
mk-2206,-0.0055968571569343355,7,10,7,10,0.7,0.10891089108910891,0.407492122394792,4.4,Computational reversal candidate for further investigation.,907
BRD-K08316444,-0.0055910298973339476,5,6,5,6,0.8333333333333334,0.12871287128712872,0.4396740559011653,3.6666666666666665,Computational reversal candidate for further investigation.,908
BRD-K01896723,-0.0055862344535092005,3,5,3,5,0.6,0.21782178217821782,0.5407023017414282,5.6,Computational reversal candidate for further investigation.,909
ncgc00185684-02,-0.005581777258715604,4,5,4,5,0.8,0.2079207920792079,0.5291698400609292,4.2,Computational reversal candidate for further investigation.,910
everolimus,-0.005575750735638481,9,14,9,14,0.6428571428571429,0.019801980198019802,0.25620886110957464,3.7857142857142856,Computational reversal candidate for further investigation.,911
bml-257,-0.005546275433652416,1,1,1,1,1.0,0.4158415841584158,0.7323871550653164,3.0,Computational reversal candidate for further investigation.,912
pregnenolone succinate,-0.005543033671032595,1,1,1,1,1.0,0.24752475247524752,0.5670299967682229,3.0,Computational reversal candidate for further investigation.,913
ncgc00229600-01,-0.005537658604230028,1,2,1,2,0.5,0.2376237623762376,0.5604242705329596,5.0,Computational reversal candidate for further investigation.,914
BRD-K60870698,-0.005533092739094506,7,10,7,10,0.7,0.24752475247524752,0.5670299967682229,5.3,Computational reversal candidate for further investigation.,915
malonoben,-0.005526199578540161,5,8,5,8,0.625,0.19801980198019803,0.5182077529786877,5.875,Computational reversal candidate for further investigation.,916
t542500,-0.005523667053197319,10,12,10,12,0.8333333333333334,0.13861386138613863,0.44899259156684906,4.583333333333333,Computational reversal candidate for further investigation.,917
BRD-K92980438,-0.005515105267407129,2,2,2,2,1.0,0.2079207920792079,0.5291698400609292,4.0,Computational reversal candidate for further investigation.,918
ncgc00188740-01,-0.005507159283321061,3,3,3,3,1.0,0.297029702970297,0.6103999929717905,4.666666666666667,Computational reversal candidate for further investigation.,919
ncgc00182364-01,-0.005504380036502413,3,4,3,4,0.75,0.1485148514851485,0.4567867145280265,4.0,Computational reversal candidate for further investigation.,920
BRD-K78373679,-0.005470154883990529,3,4,3,4,0.75,0.1188118811881188,0.4220372957541153,4.0,Computational reversal candidate for further investigation.,921
auranofin,-0.0054673018607345174,13,20,13,20,0.65,0.13861386138613863,0.44899259156684906,4.6,Computational reversal candidate for further investigation.,922
temsirolimus [ci779],-0.005467256418715366,9,13,9,13,0.6923076923076923,0.1485148514851485,0.4567867145280265,4.153846153846154,Computational reversal candidate for further investigation.,923
tamoxifen citrate,-0.005453089010846176,3,4,3,4,0.75,0.21782178217821782,0.5407023017414282,3.75,Computational reversal candidate for further investigation.,924
PD-184352,-0.005452572564755264,24,35,24,35,0.6857142857142857,0.09900990099009901,0.3886558147340158,5.685714285714286,Computational reversal candidate for further investigation.,925
s1064,-0.005450466944524151,1,2,1,2,0.5,0.09900990099009901,0.3886558147340158,3.0,Computational reversal candidate for further investigation.,926
dibutyrylcyclic amp,-0.005448402996322382,2,2,2,2,1.0,0.25742574257425743,0.5738190758440618,4.0,Computational reversal candidate for further investigation.,927
ncgc00188536-01,-0.005404255334341745,4,5,4,5,0.8,0.297029702970297,0.6103999929717905,5.4,Computational reversal candidate for further investigation.,928
pd 407824,-0.00540064595457939,6,10,6,10,0.6,0.2376237623762376,0.5604242705329596,4.6,Computational reversal candidate for further investigation.,929
k784-3187,-0.0053710466277773405,6,9,9,12,0.6666666666666666,0.27722772277227725,0.5950504225584746,4.75,Computational reversal candidate for further investigation.,930
BRD-K36354764,-0.005365380516254225,3,4,3,4,0.75,0.21782178217821782,0.5407023017414282,5.0,Computational reversal candidate for further investigation.,931
KIN001-265,-0.0053617272384249735,4,6,4,6,0.6666666666666666,0.1485148514851485,0.4567867145280265,4.333333333333333,Computational reversal candidate for further investigation.,932
ncgc00183237-01,-0.005333670034797331,2,2,2,2,1.0,0.22772277227722773,0.5499540569281121,3.5,Computational reversal candidate for further investigation.,933
cgs 12066b,-0.0053262180452031006,3,3,3,3,1.0,0.24752475247524752,0.5670299967682229,6.0,Computational reversal candidate for further investigation.,934
b4313,-0.005306423343756313,4,6,4,6,0.6666666666666666,0.21782178217821782,0.5407023017414282,4.5,Computational reversal candidate for further investigation.,935
nocodazole,-0.005302920228049233,4,5,4,5,0.8,0.09900990099009901,0.3886558147340158,4.6,Computational reversal candidate for further investigation.,936
BRD-K79404599,-0.005295349820903451,1,1,1,1,1.0,0.25742574257425743,0.5738190758440618,3.0,Computational reversal candidate for further investigation.,937
vemurafenib,-0.005285443242724854,11,15,11,15,0.7333333333333333,0.12871287128712872,0.4396740559011653,4.066666666666666,Computational reversal candidate for further investigation.,938
fenoldopam hydrochloride,-0.005256079360759046,1,1,1,1,1.0,0.2871287128712871,0.6028922021848604,4.0,Computational reversal candidate for further investigation.,939
I-BET,-0.005255760396919224,18,27,18,27,0.6666666666666666,0.0594059405940594,0.3260288114119469,5.518518518518518,Computational reversal candidate for further investigation.,940
gr 103691,-0.005249606261630865,1,1,1,1,1.0,0.33663366336633666,0.647544488668136,3.0,Computational reversal candidate for further investigation.,941
BRD-K54822214,-0.005249226145351034,1,1,1,1,1.0,0.22772277227722773,0.5499540569281121,3.0,Computational reversal candidate for further investigation.,942
digoxin,-0.005224498668215259,11,16,19,27,0.6875,0.19801980198019803,0.5182077529786877,4.444444444444445,Computational reversal candidate for further investigation.,943
floxuridine,-0.005208006089662435,1,2,3,4,0.5,0.19801980198019803,0.5182077529786877,4.25,Computational reversal candidate for further investigation.,944
thioridazine hydrochloride,-0.0052057343157537826,5,6,5,6,0.8333333333333334,0.21782178217821782,0.5407023017414282,5.0,Computational reversal candidate for further investigation.,945
strophanthidin,-0.0051860817312605716,7,9,7,9,0.7777777777777778,0.18811881188118812,0.5107657307348554,5.444444444444445,Computational reversal candidate for further investigation.,946
bibu 1361 dihydrochloride,-0.005185161813687015,1,2,1,2,0.5,0.25742574257425743,0.5738190758440618,3.0,Computational reversal candidate for further investigation.,947
KIN001-260;,-0.005180506267127928,1,1,1,1,1.0,0.1782178217821782,0.4937230565161779,3.0,Computational reversal candidate for further investigation.,948
promazine hydrochloride,-0.005167491501328284,3,4,3,4,0.75,0.21782178217821782,0.5407023017414282,4.5,Computational reversal candidate for further investigation.,949
nimodipine,-0.005165901508593432,1,1,1,1,1.0,0.3465346534653465,0.6589279617616933,6.0,Computational reversal candidate for further investigation.,950
prednisolone hemisuccinate,-0.005115292805878552,2,2,2,2,1.0,0.24752475247524752,0.5670299967682229,4.0,Computational reversal candidate for further investigation.,951
BRD-K42543304,-0.005103860182191626,1,1,1,1,1.0,0.297029702970297,0.6103999929717905,4.0,Computational reversal candidate for further investigation.,952
BRD-K30381384,-0.005102402391907706,1,1,1,1,1.0,0.27722772277227725,0.5950504225584746,3.0,Computational reversal candidate for further investigation.,953
cycloheximide,-0.005089489967793157,8,11,11,15,0.7272727272727273,0.24752475247524752,0.5670299967682229,4.866666666666666,Computational reversal candidate for further investigation.,954
BRD-K64642496,-0.005074841966380182,14,18,14,18,0.7777777777777778,0.1782178217821782,0.4937230565161779,4.444444444444445,Computational reversal candidate for further investigation.,955
c1386,-0.005069479972912178,1,2,1,2,0.5,0.2079207920792079,0.5291698400609292,3.0,Computational reversal candidate for further investigation.,956
BRD-K25737009,-0.005067059966576172,17,25,17,25,0.68,0.16831683168316833,0.486668891608262,5.2,Computational reversal candidate for further investigation.,957
nylidrin hydrochloride,-0.005066658736888595,1,1,1,1,1.0,0.31683168316831684,0.6303970603245891,3.0,Computational reversal candidate for further investigation.,958
serdemetan,-0.005034460893648822,2,3,2,3,0.6666666666666666,0.25742574257425743,0.5738190758440618,4.333333333333333,Computational reversal candidate for further investigation.,959
AZD-8330,-0.005024184388116658,28,43,28,43,0.6511627906976745,0.13861386138613863,0.44899259156684906,5.4186046511627906,Computational reversal candidate for further investigation.,960
cyclopiazonic acid,-0.005008798196932514,3,4,3,4,0.75,0.2871287128712871,0.6028922021848604,3.75,Computational reversal candidate for further investigation.,961
BRD-K81473043,-0.004984360099601581,8,11,8,11,0.7272727272727273,0.15841584158415842,0.47218930387247215,4.181818181818182,Computational reversal candidate for further investigation.,962
BRD-K12105018,-0.0049477340393204415,1,1,1,1,1.0,0.2376237623762376,0.5604242705329596,4.0,Computational reversal candidate for further investigation.,963
wr 216174,-0.004945485026550181,1,2,1,2,0.5,0.24752475247524752,0.5670299967682229,3.0,Computational reversal candidate for further investigation.,964
BRD-K97274161,-0.00494214074721922,2,3,2,3,0.6666666666666666,0.1485148514851485,0.4567867145280265,3.0,Computational reversal candidate for further investigation.,965
oligomycin c,-0.004927428287922698,1,1,1,1,1.0,0.18811881188118812,0.5107657307348554,3.0,Computational reversal candidate for further investigation.,966
spb02303,-0.004926032036239951,3,4,3,4,0.75,0.24752475247524752,0.5670299967682229,4.75,Computational reversal candidate for further investigation.,967
BRD-K01614657,-0.004914908733407647,4,5,4,5,0.8,0.26732673267326734,0.581887888036924,5.2,Computational reversal candidate for further investigation.,968
k784-3131,-0.004887706460079832,7,9,8,10,0.7777777777777778,0.26732673267326734,0.581887888036924,4.3,Computational reversal candidate for further investigation.,969
nutlin-3,-0.004876992350942128,4,5,4,5,0.8,0.3069306930693069,0.619208610756546,7.4,Computational reversal candidate for further investigation.,970
BRD-K51791390,-0.004874497697476835,2,2,2,2,1.0,0.2376237623762376,0.5604242705329596,4.5,Computational reversal candidate for further investigation.,971
KIN001-055,-0.004872566661500138,4,7,4,7,0.5714285714285714,0.1485148514851485,0.4567867145280265,3.4285714285714284,Computational reversal candidate for further investigation.,972
tubocurarine chloride pentahydrate (+),-0.0048460644366862,1,2,1,2,0.5,0.22772277227722773,0.5499540569281121,3.5,Computational reversal candidate for further investigation.,973
t5220758,-0.004840145454348441,1,2,1,2,0.5,0.21782178217821782,0.5407023017414282,3.5,Computational reversal candidate for further investigation.,974
jak3 inhibitor vi,-0.004836095872663839,6,10,6,10,0.6,0.19801980198019803,0.5182077529786877,5.2,Computational reversal candidate for further investigation.,975
hy-70044,-0.004828101698751716,5,6,5,6,0.8333333333333334,0.24752475247524752,0.5670299967682229,3.3333333333333335,Computational reversal candidate for further investigation.,976
cgp 71683 hydrochloride,-0.004803432859762769,6,8,6,8,0.75,0.2871287128712871,0.6028922021848604,5.0,Computational reversal candidate for further investigation.,977
leoidin dimethyl ether,-0.004802952433422484,1,1,1,1,1.0,0.2871287128712871,0.6028922021848604,4.0,Computational reversal candidate for further investigation.,978
lidoflazine,-0.004795382417126816,1,1,1,1,1.0,0.26732673267326734,0.581887888036924,6.0,Computational reversal candidate for further investigation.,979
BRD-A41451487,-0.004793070096676085,5,8,5,8,0.625,0.15841584158415842,0.47218930387247215,5.75,Computational reversal candidate for further investigation.,980
olvanil,-0.004761607224818162,1,2,1,2,0.5,0.31683168316831684,0.6303970603245891,6.5,Computational reversal candidate for further investigation.,981
cosmosiin,-0.004751922920436499,2,2,2,2,1.0,0.26732673267326734,0.581887888036924,3.5,Computational reversal candidate for further investigation.,982
BRD-K22631935,-0.004739506530988117,2,3,2,3,0.6666666666666666,0.25742574257425743,0.5738190758440618,3.3333333333333335,Computational reversal candidate for further investigation.,983
anisomycin,-0.0046992939489211545,7,12,7,12,0.5833333333333334,0.3564356435643564,0.6705970353331028,5.583333333333333,Computational reversal candidate for further investigation.,984
docetaxel,-0.004696530241931494,2,2,2,2,1.0,0.27722772277227725,0.5950504225584746,4.0,Computational reversal candidate for further investigation.,985
BRD-K82732294,-0.004690290341535902,3,4,3,4,0.75,0.31683168316831684,0.6303970603245891,5.5,Computational reversal candidate for further investigation.,986
yk 4-279,-0.004688804202954581,2,2,2,2,1.0,0.21782178217821782,0.5407023017414282,3.5,Computational reversal candidate for further investigation.,987
trametinib,-0.004686640165632382,27,47,27,47,0.574468085106383,0.16831683168316833,0.486668891608262,5.74468085106383,Computational reversal candidate for further investigation.,988
BRD-K19624190,-0.004684652717287683,2,3,2,3,0.6666666666666666,0.25742574257425743,0.5738190758440618,5.0,Computational reversal candidate for further investigation.,989
BRD-K38625260,-0.004663818958142844,3,3,3,3,1.0,0.1782178217821782,0.4937230565161779,4.333333333333333,Computational reversal candidate for further investigation.,990
ei-328,-0.004652734996993916,3,3,3,3,1.0,0.16831683168316833,0.486668891608262,3.3333333333333335,Computational reversal candidate for further investigation.,991
BRD-K00317371,-0.004626115300960354,5,9,5,9,0.5555555555555556,0.1485148514851485,0.4567867145280265,5.444444444444445,Computational reversal candidate for further investigation.,992
BRD-K05153001,-0.004620153890135292,3,3,3,3,1.0,0.2871287128712871,0.6028922021848604,7.0,Computational reversal candidate for further investigation.,993
s1148,-0.004611590194704816,2,2,2,2,1.0,0.2376237623762376,0.5604242705329596,3.0,Computational reversal candidate for further investigation.,994
GSK-1070916,-0.004611086194615765,10,17,10,17,0.5882352941176471,0.0891089108910891,0.3752295229522952,4.470588235294118,Computational reversal candidate for further investigation.,995
BRD-K14788918,-0.004605714198404066,3,5,3,5,0.6,0.3069306930693069,0.619208610756546,4.4,Computational reversal candidate for further investigation.,996
BRD-A60245366,-0.0045611137852452745,6,9,6,9,0.6666666666666666,0.1782178217821782,0.4937230565161779,4.111111111111111,Computational reversal candidate for further investigation.,997
ei-156,-0.004551983085048237,3,5,3,5,0.6,0.31683168316831684,0.6303970603245891,6.2,Computational reversal candidate for further investigation.,998
AGK-2,-0.00452632059630882,1,1,1,1,1.0,0.13861386138613863,0.44899259156684906,3.0,Computational reversal candidate for further investigation.,999
ns3694,-0.004508282035996656,1,1,1,1,1.0,0.19801980198019803,0.5182077529786877,3.0,Computational reversal candidate for further investigation.,1000
CYT387,-0.004495571385945561,11,18,11,18,0.6111111111111112,0.039603960396039604,0.30271542005685714,4.055555555555555,Computational reversal candidate for further investigation.,1001
BRD-A93393712,-0.004460864252026322,2,2,2,2,1.0,0.21782178217821782,0.5407023017414282,3.0,Computational reversal candidate for further investigation.,1002
mst- 312,-0.004459801571960324,5,9,5,9,0.5555555555555556,0.24752475247524752,0.5670299967682229,5.555555555555555,Computational reversal candidate for further investigation.,1003
BRD-K20168484,-0.004437314390638785,1,1,1,1,1.0,0.31683168316831684,0.6303970603245891,5.0,Computational reversal candidate for further investigation.,1004
t7765,-0.004425492287313199,5,9,5,9,0.5555555555555556,0.25742574257425743,0.5738190758440618,5.777777777777778,Computational reversal candidate for further investigation.,1005
BRD-K26818574,-0.004425216361460852,2,3,2,3,0.6666666666666666,0.25742574257425743,0.5738190758440618,4.333333333333333,Computational reversal candidate for further investigation.,1006
forskolin,-0.0043987565112326345,5,8,5,8,0.625,0.06930693069306931,0.342980451891343,3.875,Computational reversal candidate for further investigation.,1007
pj 34 hydrochloride,-0.004391527585682193,3,3,3,3,1.0,0.24752475247524752,0.5670299967682229,3.6666666666666665,Computational reversal candidate for further investigation.,1008
AS-601245,-0.004391518101972352,18,30,18,30,0.6,0.04950495049504951,0.31759962699871097,4.233333333333333,Computational reversal candidate for further investigation.,1009
GSK-690693,-0.004391474015233498,8,12,8,12,0.6666666666666666,0.0594059405940594,0.3260288114119469,4.25,Computational reversal candidate for further investigation.,1010
ncgc00188535-01,-0.004391342580419154,2,3,2,3,0.6666666666666666,0.21782178217821782,0.5407023017414282,4.333333333333333,Computational reversal candidate for further investigation.,1011
cephalexin monohydrate,-0.004385295072600776,1,1,1,1,1.0,0.24752475247524752,0.5670299967682229,3.0,Computational reversal candidate for further investigation.,1012
ncgc00182378-01,-0.004366393785716859,2,3,2,3,0.6666666666666666,0.25742574257425743,0.5738190758440618,3.3333333333333335,Computational reversal candidate for further investigation.,1013
BRD-K68588778,-0.004347954405669461,1,2,1,2,0.5,0.297029702970297,0.6103999929717905,3.5,Computational reversal candidate for further investigation.,1014
BRD-K87909389,-0.004331139928375086,9,13,11,16,0.6923076923076923,0.26732673267326734,0.581887888036924,5.0625,Computational reversal candidate for further investigation.,1015
BRD-K32896438,-0.004316208192617838,6,7,6,7,0.8571428571428571,0.297029702970297,0.6103999929717905,4.857142857142857,Computational reversal candidate for further investigation.,1016
bjm-ctd2-9,-0.004312579590724572,21,32,21,32,0.65625,0.1782178217821782,0.4937230565161779,5.0625,Computational reversal candidate for further investigation.,1017
methiothepin maleate,-0.004297808405122521,1,1,1,1,1.0,0.38613861386138615,0.7008597411465285,5.0,Computational reversal candidate for further investigation.,1018
s1053,-0.004293668652744965,8,10,10,13,0.8,0.26732673267326734,0.581887888036924,4.3076923076923075,Computational reversal candidate for further investigation.,1019
ncgc00183412-01,-0.004279299198488068,5,5,5,5,1.0,0.18811881188118812,0.5107657307348554,3.6,Computational reversal candidate for further investigation.,1020
BRD-K02174945,-0.004273389516871389,1,1,1,1,1.0,0.27722772277227725,0.5950504225584746,3.0,Computational reversal candidate for further investigation.,1021
bibr1532,-0.004252900645068926,7,12,7,12,0.5833333333333334,0.22772277227722773,0.5499540569281121,4.666666666666667,Computational reversal candidate for further investigation.,1022
CTB,-0.004252230739122644,1,2,1,2,0.5,0.1782178217821782,0.4937230565161779,4.0,Computational reversal candidate for further investigation.,1023
NU-7441,-0.004251080139381009,10,16,10,16,0.625,0.13861386138613863,0.44899259156684906,4.875,Computational reversal candidate for further investigation.,1024
ku 0060648 trihydrochloride,-0.004250542779708679,17,29,17,29,0.5862068965517241,0.1782178217821782,0.4937230565161779,4.482758620689655,Computational reversal candidate for further investigation.,1025
TPCA-1,-0.004232506365113856,8,12,8,12,0.6666666666666666,0.10891089108910891,0.407492122394792,4.416666666666667,Computational reversal candidate for further investigation.,1026
sb 221284,-0.0042308607212465515,1,1,1,1,1.0,0.3069306930693069,0.619208610756546,3.0,Computational reversal candidate for further investigation.,1027
BRD-K58618158,-0.004183962436301004,1,1,1,1,1.0,0.3564356435643564,0.6705970353331028,3.0,Computational reversal candidate for further investigation.,1028
rhizocarpic acid,-0.004167461962051528,1,2,1,2,0.5,0.3069306930693069,0.619208610756546,4.5,Computational reversal candidate for further investigation.,1029
BRD-K07790824,-0.0041631596660854885,1,1,1,1,1.0,0.3069306930693069,0.619208610756546,3.0,Computational reversal candidate for further investigation.,1030
s1216,-0.004158163321792226,6,7,6,7,0.8571428571428571,0.2871287128712871,0.6028922021848604,5.571428571428571,Computational reversal candidate for further investigation.,1031
t5212475,-0.0041349259970384555,5,8,6,10,0.625,0.22772277227722773,0.5499540569281121,4.0,Computational reversal candidate for further investigation.,1032
palbociclib,-0.00412866786937401,21,32,21,32,0.65625,0.26732673267326734,0.581887888036924,4.09375,Computational reversal candidate for further investigation.,1033
BRD-K45818044,-0.004127513065757789,1,2,1,2,0.5,0.40594059405940597,0.7204279048594515,4.0,Computational reversal candidate for further investigation.,1034
bvt 948,-0.004101597093941327,2,3,2,3,0.6666666666666666,0.39603960396039606,0.7110292424591297,6.0,Computational reversal candidate for further investigation.,1035
methylandrostenediol,-0.004094339683129375,1,2,1,2,0.5,0.25742574257425743,0.5738190758440618,4.5,Computational reversal candidate for further investigation.,1036
calcitriol,-0.004056446523795611,1,1,1,1,1.0,0.42574257425742573,0.7452908556161738,6.0,Computational reversal candidate for further investigation.,1037
thiostrepton,-0.004054803731087674,1,2,1,2,0.5,0.43564356435643564,0.7552024663544199,6.5,Computational reversal candidate for further investigation.,1038
glycopyrrolate,-0.004054311692877996,1,1,1,1,1.0,0.25742574257425743,0.5738190758440618,3.0,Computational reversal candidate for further investigation.,1039
BRD-K61776140,-0.00405329033139837,3,4,3,4,0.75,0.26732673267326734,0.581887888036924,4.5,Computational reversal candidate for further investigation.,1040
gefitinib,-0.004051122063874892,14,23,14,23,0.6086956521739131,0.15841584158415842,0.47218930387247215,5.478260869565218,Computational reversal candidate for further investigation.,1041
(+)-JQ1,-0.004033270334552603,18,28,18,28,0.6428571428571429,0.16831683168316833,0.486668891608262,5.0,Computational reversal candidate for further investigation.,1042
BRD-K91701654,-0.004030385595889191,2,4,2,4,0.5,0.26732673267326734,0.581887888036924,5.25,Computational reversal candidate for further investigation.,1043
tpl2,-0.003978105886080884,1,1,1,1,1.0,0.32673267326732675,0.6401970146253204,3.0,Computational reversal candidate for further investigation.,1044
stock1s-53863,-0.0039780672519869765,5,7,6,8,0.7142857142857143,0.26732673267326734,0.581887888036924,3.25,Computational reversal candidate for further investigation.,1045
BRD-K68174511,-0.003964674638276367,5,8,5,8,0.625,0.297029702970297,0.6103999929717905,4.375,Computational reversal candidate for further investigation.,1046
np-004527,-0.003951820825901636,1,1,1,1,1.0,0.19801980198019803,0.5182077529786877,3.0,Computational reversal candidate for further investigation.,1047
hinokitiol,-0.003951035680707947,4,6,4,6,0.6666666666666666,0.22772277227722773,0.5499540569281121,4.333333333333333,Computational reversal candidate for further investigation.,1048
sertraline hydrochloride,-0.003944217318567438,4,4,4,4,1.0,0.24752475247524752,0.5670299967682229,3.25,Computational reversal candidate for further investigation.,1049
BRD-K26849279,-0.003930697211028766,1,1,1,1,1.0,0.32673267326732675,0.6401970146253204,4.0,Computational reversal candidate for further investigation.,1050
nitrofurazone,-0.003922318687770734,1,2,1,2,0.5,0.3069306930693069,0.619208610756546,3.5,Computational reversal candidate for further investigation.,1051
BRD-K15519488,-0.003920377579469643,1,1,1,1,1.0,0.2871287128712871,0.6028922021848604,4.0,Computational reversal candidate for further investigation.,1052
amiloride hydrochloride dihydrate,-0.0038973970334940395,1,1,1,1,1.0,0.3069306930693069,0.619208610756546,3.0,Computational reversal candidate for further investigation.,1053
importazole,-0.003894977088592904,14,22,14,22,0.6363636363636364,0.21782178217821782,0.5407023017414282,5.863636363636363,Computational reversal candidate for further investigation.,1054
BRD-K85818861,-0.00389304879931995,2,3,2,3,0.6666666666666666,0.32673267326732675,0.6401970146253204,4.0,Computational reversal candidate for further investigation.,1055
BRD-K03814443,-0.003882305780026891,1,1,1,1,1.0,0.25742574257425743,0.5738190758440618,3.0,Computational reversal candidate for further investigation.,1056
artesunate,-0.003872612335900499,2,3,2,3,0.6666666666666666,0.32673267326732675,0.6401970146253204,4.0,Computational reversal candidate for further investigation.,1057
l-6307,-0.0038690809252446105,8,12,8,12,0.6666666666666666,0.2376237623762376,0.5604242705329596,4.75,Computational reversal candidate for further investigation.,1058
BRD-K83355732,-0.003864654772442424,1,1,1,1,1.0,0.19801980198019803,0.5182077529786877,3.0,Computational reversal candidate for further investigation.,1059
BRD-A11087911,-0.003849774938536179,3,4,3,4,0.75,0.26732673267326734,0.581887888036924,4.5,Computational reversal candidate for further investigation.,1060
BRD-K84203638,-0.003844894747755574,8,10,8,10,0.8,0.24752475247524752,0.5670299967682229,4.6,Computational reversal candidate for further investigation.,1061
KW-2449,-0.00382650574111971,5,8,5,8,0.625,0.19801980198019803,0.5182077529786877,4.625,Computational reversal candidate for further investigation.,1062
physostigmine salicylate,-0.0038189980751514386,1,1,1,1,1.0,0.297029702970297,0.6103999929717905,5.0,Computational reversal candidate for further investigation.,1063
tpca-1,-0.0038181797307146165,9,16,9,16,0.5625,0.10891089108910891,0.407492122394792,4.1875,Computational reversal candidate for further investigation.,1064
aloisine a,-0.003800070179818099,1,1,1,1,1.0,0.15841584158415842,0.47218930387247215,3.0,Computational reversal candidate for further investigation.,1065
mln2238,-0.003793546789497138,20,28,20,28,0.7142857142857143,0.2376237623762376,0.5604242705329596,4.25,Computational reversal candidate for further investigation.,1066
mdl-28170,-0.0037932657962940087,2,3,2,3,0.6666666666666666,0.2079207920792079,0.5291698400609292,3.6666666666666665,Computational reversal candidate for further investigation.,1067
BRD-A81530502,-0.003788911361432788,1,1,1,1,1.0,0.45544554455445546,0.7738898614733081,8.0,Computational reversal candidate for further investigation.,1068
bh3i-1,-0.003776467911084936,1,1,1,1,1.0,0.3465346534653465,0.6589279617616933,8.0,Computational reversal candidate for further investigation.,1069
"l-732,138",-0.003769286968275672,2,2,2,2,1.0,0.297029702970297,0.6103999929717905,3.5,Computational reversal candidate for further investigation.,1070
nicardipine hydrochloride,-0.0037584536578834987,4,5,4,5,0.8,0.1782178217821782,0.4937230565161779,3.8,Computational reversal candidate for further investigation.,1071
bml-259,-0.003756696431743351,8,12,8,12,0.6666666666666666,0.13861386138613863,0.44899259156684906,4.416666666666667,Computational reversal candidate for further investigation.,1072
a-275,-0.0037545801764644875,3,5,3,5,0.6,0.2871287128712871,0.6028922021848604,4.4,Computational reversal candidate for further investigation.,1073
ncgc00188531-01,-0.003748653009764868,2,4,2,4,0.5,0.16831683168316833,0.486668891608262,3.75,Computational reversal candidate for further investigation.,1074
palda,-0.0037484189998571826,4,6,4,6,0.6666666666666666,0.26732673267326734,0.581887888036924,4.166666666666667,Computational reversal candidate for further investigation.,1075
pt-630,-0.0037438390062483565,1,1,1,1,1.0,0.33663366336633666,0.647544488668136,4.0,Computational reversal candidate for further investigation.,1076
BRD-K69852452,-0.003740125141807483,6,12,9,16,0.5,0.19801980198019803,0.5182077529786877,4.25,Computational reversal candidate for further investigation.,1077
SYK-inhibitor,-0.003718865125724752,6,12,6,12,0.5,0.21782178217821782,0.5407023017414282,5.0,Computational reversal candidate for further investigation.,1078
ro 60-0175,-0.0037138625938392174,1,1,1,1,1.0,0.22772277227722773,0.5499540569281121,4.0,Computational reversal candidate for further investigation.,1079
clobetasol propionate,-0.003711614169683618,2,3,2,3,0.6666666666666666,0.31683168316831684,0.6303970603245891,3.6666666666666665,Computational reversal candidate for further investigation.,1080
BRD-K10649245,-0.003705940597250717,1,1,1,1,1.0,0.22772277227722773,0.5499540569281121,3.0,Computational reversal candidate for further investigation.,1081
securinine,-0.003705940597250717,2,3,2,3,0.6666666666666666,0.2376237623762376,0.5604242705329596,3.0,Computational reversal candidate for further investigation.,1082
jjt-705,-0.0037016150916476917,1,1,1,1,1.0,0.33663366336633666,0.647544488668136,3.0,Computational reversal candidate for further investigation.,1083
AZ-628,-0.0036799091188165125,8,14,8,14,0.5714285714285714,0.3465346534653465,0.6589279617616933,5.0,Computational reversal candidate for further investigation.,1084
morantel tartrate,-0.003677793197377992,1,1,1,1,1.0,0.22772277227722773,0.5499540569281121,5.0,Computational reversal candidate for further investigation.,1085
BRD-K94325918,-0.00367370839233005,11,16,11,16,0.6875,0.19801980198019803,0.5182077529786877,5.375,Computational reversal candidate for further investigation.,1086
sb 205607,-0.0036714949000360275,1,1,1,1,1.0,0.3465346534653465,0.6589279617616933,3.0,Computational reversal candidate for further investigation.,1087
BRD-K42489623,-0.0036567893761677,3,4,3,4,0.75,0.33663366336633666,0.647544488668136,3.25,Computational reversal candidate for further investigation.,1088
gr-237,-0.003630800779523768,2,2,2,2,1.0,0.32673267326732675,0.6401970146253204,4.0,Computational reversal candidate for further investigation.,1089
mls-0435541.0001,-0.0036271872121622847,1,2,1,2,0.5,0.27722772277227725,0.5950504225584746,5.0,Computational reversal candidate for further investigation.,1090
rosiglitazone hydrochloride,-0.003625511868646565,4,6,4,6,0.6666666666666666,0.19801980198019803,0.5182077529786877,3.8333333333333335,Computational reversal candidate for further investigation.,1091
bl-008,-0.0036146547702263577,1,1,1,1,1.0,0.27722772277227725,0.5950504225584746,3.0,Computational reversal candidate for further investigation.,1092
norpramin,-0.003603470476020798,1,1,1,1,1.0,0.297029702970297,0.6103999929717905,3.0,Computational reversal candidate for further investigation.,1093
BRD-K87964538,-0.003573670139413238,1,1,1,1,1.0,0.3564356435643564,0.6705970353331028,3.0,Computational reversal candidate for further investigation.,1094
mk-0591,-0.003573216673792617,9,13,9,13,0.6923076923076923,0.24752475247524752,0.5670299967682229,4.615384615384615,Computational reversal candidate for further investigation.,1095
bucladesine,-0.0035353068106860046,1,1,1,1,1.0,0.45544554455445546,0.7738898614733081,7.0,Computational reversal candidate for further investigation.,1096
OSI-027,-0.003512959431264569,27,44,27,44,0.6136363636363636,0.12871287128712872,0.4396740559011653,4.568181818181818,Computational reversal candidate for further investigation.,1097
sch 442416,-0.003500794459375272,1,1,1,1,1.0,0.46534653465346537,0.7838127812781278,4.0,Computational reversal candidate for further investigation.,1098
BRD-A50774520,-0.0034575200164035386,1,2,1,2,0.5,0.2871287128712871,0.6028922021848604,3.0,Computational reversal candidate for further investigation.,1099
guggulsterone,-0.003442997501194537,1,2,1,2,0.5,0.25742574257425743,0.5738190758440618,4.5,Computational reversal candidate for further investigation.,1100
tranilast,-0.0034203872997448804,1,1,1,1,1.0,0.42574257425742573,0.7452908556161738,7.0,Computational reversal candidate for further investigation.,1101
mg-132,-0.0034145696045074095,7,13,7,13,0.5384615384615384,0.18811881188118812,0.5107657307348554,4.846153846153846,Computational reversal candidate for further investigation.,1102
piplartine,-0.0034024084614165673,21,33,23,39,0.6363636363636364,0.24752475247524752,0.5670299967682229,4.82051282051282,Computational reversal candidate for further investigation.,1103
NVP-BGJ398,-0.0034013459308256354,1,1,1,1,1.0,0.3069306930693069,0.619208610756546,4.0,Computational reversal candidate for further investigation.,1104
WZ-3105,-0.0033961198440468536,31,54,31,54,0.5740740740740741,0.25742574257425743,0.5738190758440618,5.111111111111111,Computational reversal candidate for further investigation.,1105
cilnidipine,-0.0033731302985005804,1,1,1,1,1.0,0.3069306930693069,0.619208610756546,3.0,Computational reversal candidate for further investigation.,1106
methotrimeprazine maleat salt,-0.003368944961500632,1,1,1,1,1.0,0.2871287128712871,0.6028922021848604,3.0,Computational reversal candidate for further investigation.,1107
pifithrin- ?,-0.003363621386574563,7,13,8,14,0.5384615384615384,0.22772277227722773,0.5499540569281121,4.714285714285714,Computational reversal candidate for further investigation.,1108
1495-0136,-0.003348409481997976,1,1,1,1,1.0,0.2871287128712871,0.6028922021848604,5.0,Computational reversal candidate for further investigation.,1109
ei-231,-0.0033249200969002993,3,3,3,3,1.0,0.1782178217821782,0.4937230565161779,3.0,Computational reversal candidate for further investigation.,1110
thapsigargin,-0.003323748476052684,3,4,3,4,0.75,0.4158415841584158,0.7323871550653164,5.25,Computational reversal candidate for further investigation.,1111
BRD-K17953061,-0.003306740116032176,6,9,6,9,0.6666666666666666,0.297029702970297,0.6103999929717905,5.222222222222222,Computational reversal candidate for further investigation.,1112
BRD-K25311561,-0.0032797022245050393,1,1,1,1,1.0,0.2871287128712871,0.6028922021848604,3.0,Computational reversal candidate for further investigation.,1113
np-007374,-0.003265650266866851,2,3,2,3,0.6666666666666666,0.22772277227722773,0.5499540569281121,4.333333333333333,Computational reversal candidate for further investigation.,1114
16beta-bromoandrosterone,-0.0032648545567476837,1,2,1,2,0.5,0.38613861386138615,0.7008597411465285,6.0,Computational reversal candidate for further investigation.,1115
perphenazine,-0.0032564226419578425,1,1,1,1,1.0,0.37623762376237624,0.6915605846298916,6.0,Computational reversal candidate for further investigation.,1116
baccatin iii,-0.003243035617240415,1,1,1,1,1.0,0.3465346534653465,0.6589279617616933,3.0,Computational reversal candidate for further investigation.,1117
strophantine octahydrate,-0.0032055712899249156,4,7,4,7,0.5714285714285714,0.3069306930693069,0.619208610756546,5.285714285714286,Computational reversal candidate for further investigation.,1118
imd 0354,-0.003198608796737048,17,29,21,37,0.5862068965517241,0.2871287128712871,0.6028922021848604,4.918918918918919,Computational reversal candidate for further investigation.,1119
BRD-K84770158,-0.0031937976982468926,1,1,1,1,1.0,0.21782178217821782,0.5407023017414282,3.0,Computational reversal candidate for further investigation.,1120
medrysone,-0.0031916458054787886,4,4,4,4,1.0,0.24752475247524752,0.5670299967682229,3.75,Computational reversal candidate for further investigation.,1121
LDN-193189,-0.003188552446811329,13,22,13,22,0.5909090909090909,0.16831683168316833,0.486668891608262,6.318181818181818,Computational reversal candidate for further investigation.,1122
BRD-K70831943,-0.0031885455887950796,1,1,1,1,1.0,0.26732673267326734,0.581887888036924,3.0,Computational reversal candidate for further investigation.,1123
embelin,-0.0031843185054698537,1,1,1,1,1.0,0.36633663366336633,0.6820222215147559,3.0,Computational reversal candidate for further investigation.,1124
BRD-K55844427,-0.0031821979616675983,3,4,3,4,0.75,0.33663366336633666,0.647544488668136,4.75,Computational reversal candidate for further investigation.,1125
psh 013,-0.0031705264547385714,1,1,1,1,1.0,0.27722772277227725,0.5950504225584746,4.0,Computational reversal candidate for further investigation.,1126
gbr 13069 dihydrochloride,-0.0031594562589697707,1,1,1,1,1.0,0.32673267326732675,0.6401970146253204,3.0,Computational reversal candidate for further investigation.,1127
cyclosporin a,-0.003152887105470986,5,7,7,9,0.7142857142857143,0.21782178217821782,0.5407023017414282,4.0,Computational reversal candidate for further investigation.,1128
homoharringtonine,-0.003144844910217194,8,12,14,19,0.6666666666666666,0.32673267326732675,0.6401970146253204,4.7368421052631575,Computational reversal candidate for further investigation.,1129
sulfaquinoxaline sodium salt,-0.0031430409260717156,1,1,1,1,1.0,0.2871287128712871,0.6028922021848604,3.0,Computational reversal candidate for further investigation.,1130
benazepril hydrochloride,-0.0031368672728978525,1,2,1,2,0.5,0.37623762376237624,0.6915605846298916,3.5,Computational reversal candidate for further investigation.,1131
phorbol-12-myristate-13-acetate (pma),-0.00313419379523777,20,30,20,30,0.6666666666666666,0.31683168316831684,0.6303970603245891,5.5,Computational reversal candidate for further investigation.,1132
alvocidib,-0.00313335120830186,42,76,42,76,0.5526315789473685,0.32673267326732675,0.6401970146253204,5.855263157894737,Computational reversal candidate for further investigation.,1133
ncgc00183696-01,-0.003131335589661709,3,5,3,5,0.6,0.36633663366336633,0.6820222215147559,6.2,Computational reversal candidate for further investigation.,1134
WZ-4002,-0.0031059236878923494,5,6,5,6,0.8333333333333334,0.24752475247524752,0.5670299967682229,6.0,Computational reversal candidate for further investigation.,1135
7b-cis,-0.0030907576753376495,11,20,11,20,0.55,0.2079207920792079,0.5291698400609292,4.45,Computational reversal candidate for further investigation.,1136
BMS-387032,-0.003083967368655304,43,83,43,83,0.5180722891566265,0.22772277227722773,0.5499540569281121,5.481927710843373,Computational reversal candidate for further investigation.,1137
BRD-K68548958,-0.0030755370627560015,10,19,10,19,0.5263157894736842,0.21782178217821782,0.5407023017414282,5.2105263157894735,Computational reversal candidate for further investigation.,1138
BRD-K68007270,-0.0030690632048917675,2,4,2,4,0.5,0.297029702970297,0.6103999929717905,3.0,Computational reversal candidate for further investigation.,1139
BRD-K95138506,-0.0030507629659090427,4,7,4,7,0.5714285714285714,0.22772277227722773,0.5499540569281121,4.571428571428571,Computational reversal candidate for further investigation.,1140
d-64131,-0.0030479550481739264,3,5,3,5,0.6,0.33663366336633666,0.647544488668136,4.4,Computational reversal candidate for further investigation.,1141
hy-50877,-0.0030471222952952355,2,3,2,3,0.6666666666666666,0.31683168316831684,0.6303970603245891,4.333333333333333,Computational reversal candidate for further investigation.,1142
vu0410183-2,-0.003012614033858952,6,9,8,12,0.6666666666666666,0.2376237623762376,0.5604242705329596,5.916666666666667,Computational reversal candidate for further investigation.,1143
digitoxigenin,-0.002992618354104481,6,10,7,12,0.6,0.3564356435643564,0.6705970353331028,4.25,Computational reversal candidate for further investigation.,1144
BRD-K85318537 (obaa),-0.002991580705655958,1,1,1,1,1.0,0.48514851485148514,0.8071867531580744,5.0,Computational reversal candidate for further investigation.,1145
elesclomol,-0.0029857737592272433,5,7,5,7,0.7142857142857143,0.26732673267326734,0.581887888036924,3.857142857142857,Computational reversal candidate for further investigation.,1146
BRD-K49371609,-0.0029686895784274657,14,25,14,25,0.56,0.27722772277227725,0.5950504225584746,4.68,Computational reversal candidate for further investigation.,1147
pf 750,-0.0029591505959373097,6,7,6,7,0.8571428571428571,0.33663366336633666,0.647544488668136,5.714285714285714,Computational reversal candidate for further investigation.,1148
levcromakalim,-0.0029423088249571263,1,1,1,1,1.0,0.32673267326732675,0.6401970146253204,3.0,Computational reversal candidate for further investigation.,1149
BRD-K61217870,-0.0029413678644744715,1,1,1,1,1.0,0.33663366336633666,0.647544488668136,5.0,Computational reversal candidate for further investigation.,1150
BRD-K65242613,-0.0029272945203126237,1,2,1,2,0.5,0.32673267326732675,0.6401970146253204,3.0,Computational reversal candidate for further investigation.,1151
bongkrekic acid,-0.002927209014948466,1,1,1,1,1.0,0.39603960396039606,0.7110292424591297,4.0,Computational reversal candidate for further investigation.,1152
BRD-A32449311,-0.002902838785300962,1,2,1,2,0.5,0.40594059405940597,0.7204279048594515,4.5,Computational reversal candidate for further investigation.,1153
BRD-A19248578,-0.0028866310341327337,2,2,2,2,1.0,0.33663366336633666,0.647544488668136,4.0,Computational reversal candidate for further investigation.,1154
nelfinavir,-0.00288108266313744,2,2,2,2,1.0,0.3465346534653465,0.6589279617616933,4.0,Computational reversal candidate for further investigation.,1155
iopanoic acid,-0.002874772064469653,3,3,3,3,1.0,0.3465346534653465,0.6589279617616933,3.6666666666666665,Computational reversal candidate for further investigation.,1156
BRD-K06666320,-0.0028710847492844417,4,6,4,6,0.6666666666666666,0.37623762376237624,0.6915605846298916,5.333333333333333,Computational reversal candidate for further investigation.,1157
BRD-K37798499,-0.00287036830359671,2,3,2,3,0.6666666666666666,0.3465346534653465,0.6589279617616933,5.666666666666667,Computational reversal candidate for further investigation.,1158
metixene hydrochloride,-0.002853731221065783,1,1,1,1,1.0,0.37623762376237624,0.6915605846298916,4.0,Computational reversal candidate for further investigation.,1159
XMD-1499,-0.002841277065990536,6,10,6,10,0.6,0.18811881188118812,0.5107657307348554,4.1,Computational reversal candidate for further investigation.,1160
TWS-119,-0.0028258940232103267,13,17,13,17,0.7647058823529411,0.13861386138613863,0.44899259156684906,4.470588235294118,Computational reversal candidate for further investigation.,1161
sc 19220,-0.0028070783683818434,1,1,1,1,1.0,0.1485148514851485,0.4567867145280265,3.0,Computational reversal candidate for further investigation.,1162
t0518-4011,-0.0027842552615654154,1,1,1,1,1.0,0.33663366336633666,0.647544488668136,3.0,Computational reversal candidate for further investigation.,1163
BRD-A75409952 (wortmannin),-0.0027680776321217125,4,6,4,6,0.6666666666666666,0.3564356435643564,0.6705970353331028,3.6666666666666665,Computational reversal candidate for further investigation.,1164
pp 2,-0.0027463068499034883,1,2,1,2,0.5,0.27722772277227725,0.5950504225584746,3.0,Computational reversal candidate for further investigation.,1165
niguldipine,-0.0027202575080856866,3,5,3,5,0.6,0.39603960396039606,0.7110292424591297,4.8,Computational reversal candidate for further investigation.,1166
dabrafenib,-0.0027162234110431633,12,20,12,20,0.6,0.2079207920792079,0.5291698400609292,4.75,Computational reversal candidate for further investigation.,1167
BRD-K96405393,-0.002695535063977893,1,1,1,1,1.0,0.37623762376237624,0.6915605846298916,7.0,Computational reversal candidate for further investigation.,1168
BRD-K50234570,-0.0026934453555195643,5,9,6,11,0.5555555555555556,0.31683168316831684,0.6303970603245891,4.090909090909091,Computational reversal candidate for further investigation.,1169
ay 9944,-0.0026709322552219564,1,1,1,1,1.0,0.3564356435643564,0.6705970353331028,3.0,Computational reversal candidate for further investigation.,1170
ncgc00181241-02,-0.0026709322552219564,1,1,1,1,1.0,0.33663366336633666,0.647544488668136,3.0,Computational reversal candidate for further investigation.,1171
BRD-K83670234,-0.002658605972925926,4,7,4,7,0.5714285714285714,0.44554455445544555,0.7632257308571094,5.285714285714286,Computational reversal candidate for further investigation.,1172
BRD-K21165668,-0.002655357422056602,1,1,1,1,1.0,0.297029702970297,0.6103999929717905,5.0,Computational reversal candidate for further investigation.,1173
"tamoxifen, 4-hydroxy-, (z)-",-0.0026435833596330643,2,4,2,4,0.5,0.297029702970297,0.6103999929717905,3.75,Computational reversal candidate for further investigation.,1174
manumycin a,-0.002627949668594046,19,34,21,37,0.5588235294117647,0.25742574257425743,0.5738190758440618,5.1891891891891895,Computational reversal candidate for further investigation.,1175
BRD-K02558072,-0.0026140969726945688,1,1,1,1,1.0,0.46534653465346537,0.7838127812781278,4.0,Computational reversal candidate for further investigation.,1176
mls-0350978,-0.002589344098304939,1,1,1,1,1.0,0.24752475247524752,0.5670299967682229,4.0,Computational reversal candidate for further investigation.,1177
arg-csc-91,-0.0025858680100086275,2,2,2,2,1.0,0.38613861386138615,0.7008597411465285,5.0,Computational reversal candidate for further investigation.,1178
ALW-II-38-3,-0.002581580708021022,5,7,5,7,0.7142857142857143,0.22772277227722773,0.5499540569281121,4.571428571428571,Computational reversal candidate for further investigation.,1179
angiogenesis inhibitor,-0.002560008972166468,4,8,4,8,0.5,0.25742574257425743,0.5738190758440618,5.0,Computational reversal candidate for further investigation.,1180
cyt997,-0.002545644983138324,6,11,6,11,0.5454545454545454,0.297029702970297,0.6103999929717905,3.6363636363636362,Computational reversal candidate for further investigation.,1181
BRD-K71726959,-0.002536255596785794,5,9,5,9,0.5555555555555556,0.32673267326732675,0.6401970146253204,4.555555555555555,Computational reversal candidate for further investigation.,1182
s1035,-0.002528859191157598,1,1,1,1,1.0,0.19801980198019803,0.5182077529786877,3.0,Computational reversal candidate for further investigation.,1183
stock4s-23872,-0.0025216790968502958,1,1,1,1,1.0,0.43564356435643564,0.7552024663544199,3.0,Computational reversal candidate for further investigation.,1184
aminogenistein,-0.0025045067469565844,1,1,1,1,1.0,0.2871287128712871,0.6028922021848604,3.0,Computational reversal candidate for further investigation.,1185
wortmannin,-0.002496875160022562,16,31,34,85,0.5161290322580645,0.19801980198019803,0.5182077529786877,4.482352941176471,Computational reversal candidate for further investigation.,1186
chloroquine diphosphate,-0.0024963961773450402,1,1,1,1,1.0,0.48514851485148514,0.8071867531580744,6.0,Computational reversal candidate for further investigation.,1187
testosterone,-0.002496052623793871,1,2,2,3,0.5,0.31683168316831684,0.6303970603245891,7.0,Computational reversal candidate for further investigation.,1188
BRD-K78167523,-0.00249169214998719,1,1,1,1,1.0,0.31683168316831684,0.6303970603245891,4.0,Computational reversal candidate for further investigation.,1189
kf 38789,-0.0024838082720496806,3,4,3,4,0.75,0.3069306930693069,0.619208610756546,3.5,Computational reversal candidate for further investigation.,1190
BRD-K65955264,-0.002481036229981577,3,5,3,5,0.6,0.24752475247524752,0.5670299967682229,3.4,Computational reversal candidate for further investigation.,1191
BRD-K88198340,-0.002479140674300691,3,4,3,4,0.75,0.2871287128712871,0.6028922021848604,4.25,Computational reversal candidate for further investigation.,1192
mycophenolate mofetil,-0.0024711709609267747,1,1,1,1,1.0,0.38613861386138615,0.7008597411465285,4.0,Computational reversal candidate for further investigation.,1193
sb 269970 hydrochloride,-0.002470723646304446,1,1,1,1,1.0,0.44554455445544555,0.7632257308571094,5.0,Computational reversal candidate for further investigation.,1194
"l-690,488",-0.0024574366408470494,7,13,7,13,0.5384615384615384,0.2376237623762376,0.5604242705329596,4.461538461538462,Computational reversal candidate for further investigation.,1195
bisacodyl,-0.002440293432998538,2,3,3,4,0.6666666666666666,0.3564356435643564,0.6705970353331028,3.75,Computational reversal candidate for further investigation.,1196
BRD-K72238567,-0.002434470029609939,5,9,5,9,0.5555555555555556,0.31683168316831684,0.6303970603245891,5.444444444444445,Computational reversal candidate for further investigation.,1197
mibefradil dihydrochloride,-0.002416461434982764,2,3,2,3,0.6666666666666666,0.37623762376237624,0.6915605846298916,3.3333333333333335,Computational reversal candidate for further investigation.,1198
ncgc00183371-01,-0.002401205055213628,6,9,6,9,0.6666666666666666,0.26732673267326734,0.581887888036924,5.111111111111111,Computational reversal candidate for further investigation.,1199
fostamatinib,-0.0023636845108411537,8,14,8,14,0.5714285714285714,0.13861386138613863,0.44899259156684906,4.714285714285714,Computational reversal candidate for further investigation.,1200
BRD-A62809825,-0.0023313452358469915,4,7,4,7,0.5714285714285714,0.46534653465346537,0.7838127812781278,5.0,Computational reversal candidate for further investigation.,1201
BRD-K79235952,-0.002321799208386816,1,1,1,1,1.0,0.2871287128712871,0.6028922021848604,3.0,Computational reversal candidate for further investigation.,1202
valproic acid,-0.0022776538183172292,1,1,1,1,1.0,0.40594059405940597,0.7204279048594515,3.0,Computational reversal candidate for further investigation.,1203
BRD-K52075040,-0.0022683470827662127,11,19,11,19,0.5789473684210527,0.297029702970297,0.6103999929717905,5.105263157894737,Computational reversal candidate for further investigation.,1204
PI-103,-0.002251699136515131,22,42,22,42,0.5238095238095238,0.2871287128712871,0.6028922021848604,5.5,Computational reversal candidate for further investigation.,1205
ncgc00182371-01,-0.0022461834553167024,3,5,3,5,0.6,0.3564356435643564,0.6705970353331028,4.2,Computational reversal candidate for further investigation.,1206
mek1/2 inhibitor,-0.0022432464226107406,1,2,1,2,0.5,0.3564356435643564,0.6705970353331028,4.5,Computational reversal candidate for further investigation.,1207
pioglitazone hydrochloride,-0.002232633699586208,1,1,1,1,1.0,0.42574257425742573,0.7452908556161738,3.0,Computational reversal candidate for further investigation.,1208
bl-010,-0.002224225201099706,1,1,1,1,1.0,0.42574257425742573,0.7452908556161738,3.0,Computational reversal candidate for further investigation.,1209
selamectin,-0.0022237028187540447,5,8,5,9,0.625,0.32673267326732675,0.6401970146253204,4.444444444444445,Computational reversal candidate for further investigation.,1210
BX-912,-0.0022188296120067303,6,11,6,11,0.5454545454545454,0.297029702970297,0.6103999929717905,5.0,Computational reversal candidate for further investigation.,1211
digitoxin,-0.002216723933319094,6,11,6,11,0.5454545454545454,0.37623762376237624,0.6915605846298916,5.090909090909091,Computational reversal candidate for further investigation.,1212
ranolazine,-0.0021876020130950644,1,1,1,1,1.0,0.297029702970297,0.6103999929717905,3.0,Computational reversal candidate for further investigation.,1213
s1142,-0.0021876020130950644,3,3,3,3,1.0,0.4158415841584158,0.7323871550653164,4.0,Computational reversal candidate for further investigation.,1214
calcipotriol,-0.0021777470758315098,2,3,2,3,0.6666666666666666,0.27722772277227725,0.5950504225584746,3.3333333333333335,Computational reversal candidate for further investigation.,1215
BRD-K28115298,-0.002169567684825592,1,1,1,1,1.0,0.43564356435643564,0.7552024663544199,3.0,Computational reversal candidate for further investigation.,1216
r2146,-0.00215240941708351,5,9,5,9,0.5555555555555556,0.3465346534653465,0.6589279617616933,4.444444444444445,Computational reversal candidate for further investigation.,1217
BRD-K95196255,-0.0021349597669852462,6,9,6,9,0.6666666666666666,0.25742574257425743,0.5738190758440618,4.777777777777778,Computational reversal candidate for further investigation.,1218
BRD-K39687892,-0.0021340747162632845,1,1,1,1,1.0,0.3069306930693069,0.619208610756546,4.0,Computational reversal candidate for further investigation.,1219
protein tyrosine phosphatase inhibitor iv,-0.0021295603659208214,2,2,2,2,1.0,0.4158415841584158,0.7323871550653164,4.5,Computational reversal candidate for further investigation.,1220
(e)-capsaicin,-0.0021292007711461464,1,2,1,2,0.5,0.38613861386138615,0.7008597411465285,3.0,Computational reversal candidate for further investigation.,1221
ncgc00183690-01,-0.0021289242944694904,3,5,3,5,0.6,0.297029702970297,0.6103999929717905,5.0,Computational reversal candidate for further investigation.,1222
benzethonium chloride,-0.0021134034618968357,1,1,1,1,1.0,0.45544554455445546,0.7738898614733081,4.0,Computational reversal candidate for further investigation.,1223
chlorambucil,-0.002104355101557944,2,3,2,3,0.6666666666666666,0.44554455445544555,0.7632257308571094,5.666666666666667,Computational reversal candidate for further investigation.,1224
sirolimus,-0.002094856112269236,21,38,24,42,0.5526315789473685,0.13861386138613863,0.44899259156684906,4.928571428571429,Computational reversal candidate for further investigation.,1225
"15-deoxy-?12,14-prostaglandin j2",-0.002084697945680264,8,15,8,15,0.5333333333333333,0.24752475247524752,0.5670299967682229,5.066666666666666,Computational reversal candidate for further investigation.,1226
BRD-K43620258,-0.002076755490146445,16,26,16,26,0.6153846153846154,0.3564356435643564,0.6705970353331028,5.038461538461538,Computational reversal candidate for further investigation.,1227
nsc 693868,-0.002075665300077028,1,2,1,2,0.5,0.3069306930693069,0.619208610756546,5.5,Computational reversal candidate for further investigation.,1228
ei-195,-0.002071390933331619,1,2,1,2,0.5,0.39603960396039606,0.7110292424591297,6.0,Computational reversal candidate for further investigation.,1229
BRD-K73261812,-0.00207103655178938,9,13,9,13,0.6923076923076923,0.26732673267326734,0.581887888036924,5.0,Computational reversal candidate for further investigation.,1230
carbamazepine,-0.0020537223035800587,2,4,2,5,0.5,0.2079207920792079,0.5291698400609292,3.6,Computational reversal candidate for further investigation.,1231
BRD-A95445494,-0.002042872634651752,1,2,1,2,0.5,0.36633663366336633,0.6820222215147559,5.0,Computational reversal candidate for further investigation.,1232
BRD-K42499654,-0.002026987457892427,1,2,1,2,0.5,0.43564356435643564,0.7552024663544199,5.0,Computational reversal candidate for further investigation.,1233
AS-605240,-0.002005305751735683,21,37,21,37,0.5675675675675675,0.32673267326732675,0.6401970146253204,5.54054054054054,Computational reversal candidate for further investigation.,1234
hycanthone,-0.0020018986957374297,1,1,1,1,1.0,0.32673267326732675,0.6401970146253204,4.0,Computational reversal candidate for further investigation.,1235
sew 05685,-0.0019831447473537935,1,2,1,2,0.5,0.43564356435643564,0.7552024663544199,4.0,Computational reversal candidate for further investigation.,1236
dg-041,-0.0019648754712602054,11,18,11,18,0.6111111111111112,0.37623762376237624,0.6915605846298916,4.777777777777778,Computational reversal candidate for further investigation.,1237
BRD-K37865504,-0.0019490073846626928,6,11,6,11,0.5454545454545454,0.2871287128712871,0.6028922021848604,3.5454545454545454,Computational reversal candidate for further investigation.,1238
cid 755673,-0.001948210214905403,1,1,1,1,1.0,0.36633663366336633,0.6820222215147559,3.0,Computational reversal candidate for further investigation.,1239
mls-0315872.0001,-0.0019028181565858785,1,1,1,1,1.0,0.40594059405940597,0.7204279048594515,3.0,Computational reversal candidate for further investigation.,1240
BRD-K77547920,-0.0018998538735479457,4,7,4,7,0.5714285714285714,0.33663366336633666,0.647544488668136,4.857142857142857,Computational reversal candidate for further investigation.,1241
ncgc00182380-01,-0.001891825431448218,2,2,2,2,1.0,0.36633663366336633,0.6820222215147559,3.5,Computational reversal candidate for further investigation.,1242
s1017,-0.0018707025620279404,2,4,2,4,0.5,0.38613861386138615,0.7008597411465285,4.0,Computational reversal candidate for further investigation.,1243
narciclasine,-0.0018680474833989644,20,35,20,35,0.5714285714285714,0.38613861386138615,0.7008597411465285,5.428571428571429,Computational reversal candidate for further investigation.,1244
kuc103672 kuc103672n,-0.0018661909219108526,1,1,1,1,1.0,0.45544554455445546,0.7738898614733081,4.0,Computational reversal candidate for further investigation.,1245
paroxetine hydrochloride,-0.0018585362079778563,2,4,2,4,0.5,0.36633663366336633,0.6820222215147559,4.75,Computational reversal candidate for further investigation.,1246
gatifloxacin,-0.0018542132111703407,1,1,1,1,1.0,0.4158415841584158,0.7323871550653164,5.0,Computational reversal candidate for further investigation.,1247
BRD-K00824317 (flurandrenolide),-0.0018511696107280512,1,1,1,1,1.0,0.44554455445544555,0.7632257308571094,5.0,Computational reversal candidate for further investigation.,1248
BRD-K22322324,-0.0018448174904291872,1,1,1,1,1.0,0.48514851485148514,0.8071867531580744,3.0,Computational reversal candidate for further investigation.,1249
uk 356618,-0.001843862153952805,4,6,4,6,0.6666666666666666,0.36633663366336633,0.6820222215147559,3.6666666666666665,Computational reversal candidate for further investigation.,1250
BRD-K07005393,-0.0018431423199510217,1,2,1,2,0.5,0.48514851485148514,0.8071867531580744,5.0,Computational reversal candidate for further investigation.,1251
BRD-K83194053,-0.0018416370911780592,3,3,3,3,1.0,0.2376237623762376,0.5604242705329596,3.3333333333333335,Computational reversal candidate for further investigation.,1252
pd 123319 ditrifluoroacetate,-0.0018180550331237276,1,1,1,1,1.0,0.4158415841584158,0.7323871550653164,3.0,Computational reversal candidate for further investigation.,1253
tolazamide,-0.0018180550331237276,1,1,1,1,1.0,0.42574257425742573,0.7452908556161738,3.0,Computational reversal candidate for further investigation.,1254
BRD-K41925105,-0.0018142605607568332,1,2,1,2,0.5,0.43564356435643564,0.7552024663544199,4.0,Computational reversal candidate for further investigation.,1255
evodiamine,-0.0017972537783236867,1,2,1,2,0.5,0.48514851485148514,0.8071867531580744,3.5,Computational reversal candidate for further investigation.,1256
pd 00735,-0.0017943144039975212,1,1,1,1,1.0,0.32673267326732675,0.6401970146253204,4.0,Computational reversal candidate for further investigation.,1257
PD-0325901,-0.001772628081094249,45,82,86,167,0.5487804878048781,0.32673267326732675,0.6401970146253204,5.520958083832335,Computational reversal candidate for further investigation.,1258
zm 336372,-0.0017640234785979668,6,12,6,12,0.5,0.297029702970297,0.6103999929717905,4.416666666666667,Computational reversal candidate for further investigation.,1259
odq,-0.0017560204423163282,1,2,1,2,0.5,0.33663366336633666,0.647544488668136,3.0,Computational reversal candidate for further investigation.,1260
busulfan,-0.0017340775299895589,1,1,1,1,1.0,0.1782178217821782,0.4937230565161779,3.0,Computational reversal candidate for further investigation.,1261
BRD-K56196992,-0.0017290516836687433,4,6,4,6,0.6666666666666666,0.40594059405940597,0.7204279048594515,4.833333333333333,Computational reversal candidate for further investigation.,1262
mls-0226420,-0.0017193313395795547,1,1,1,1,1.0,0.297029702970297,0.6103999929717905,3.0,Computational reversal candidate for further investigation.,1263
salermide,-0.0017107691830688591,17,26,17,26,0.6538461538461539,0.39603960396039606,0.7110292424591297,4.923076923076923,Computational reversal candidate for further investigation.,1264
CHIR-99021,-0.0016266644063680185,10,18,10,18,0.5555555555555556,0.24752475247524752,0.5670299967682229,4.444444444444445,Computational reversal candidate for further investigation.,1265
BRD-K05977823,-0.0016211484471570971,1,2,1,2,0.5,0.4158415841584158,0.7323871550653164,3.0,Computational reversal candidate for further investigation.,1266
methyltestosterone,-0.0016116846535867146,2,3,2,3,0.6666666666666666,0.44554455445544555,0.7632257308571094,5.666666666666667,Computational reversal candidate for further investigation.,1267
cjd-pla-20-1,-0.0016057872958028388,1,1,1,1,1.0,0.49504950495049505,0.8195387086957445,5.0,Computational reversal candidate for further investigation.,1268
BRD-A43155244,-0.0015976601986321974,3,5,3,5,0.6,0.4752475247524752,0.7964350704245533,3.8,Computational reversal candidate for further investigation.,1269
valdecoxib,-0.0015824555141996585,6,12,6,12,0.5,0.31683168316831684,0.6303970603245891,4.666666666666667,Computational reversal candidate for further investigation.,1270
rottlerin ncgc00025228-11,-0.0015804310258873844,14,27,14,28,0.5185185185185185,0.36633663366336633,0.6820222215147559,4.785714285714286,Computational reversal candidate for further investigation.,1271
fk506,-0.0015487662094566977,2,4,2,4,0.5,0.37623762376237624,0.6915605846298916,4.25,Computational reversal candidate for further investigation.,1272
pivmecillinam hydrochloride,-0.0015458470303001378,1,1,1,1,1.0,0.46534653465346537,0.7838127812781278,3.0,Computational reversal candidate for further investigation.,1273
puromycin dihydrochloride,-0.001535536503370911,4,5,4,5,0.8,0.39603960396039606,0.7110292424591297,6.2,Computational reversal candidate for further investigation.,1274
WYE-125132,-0.0015288606403348198,33,61,33,61,0.5409836065573771,0.33663366336633666,0.647544488668136,5.065573770491803,Computational reversal candidate for further investigation.,1275
BRD-K03122949,-0.0014989692522755834,1,1,1,1,1.0,0.39603960396039606,0.7110292424591297,6.0,Computational reversal candidate for further investigation.,1276
am 404,-0.0014977172650638116,1,1,1,1,1.0,0.42574257425742573,0.7452908556161738,3.0,Computational reversal candidate for further investigation.,1277
tozasertib,-0.001497272194061621,7,12,7,12,0.5833333333333334,0.31683168316831684,0.6303970603245891,4.916666666666667,Computational reversal candidate for further investigation.,1278
BRD-A68065211,-0.0014961397367860207,4,7,4,7,0.5714285714285714,0.3465346534653465,0.6589279617616933,4.0,Computational reversal candidate for further investigation.,1279
pi 828,-0.0014930845929811074,3,5,3,5,0.6,0.39603960396039606,0.7110292424591297,4.4,Computational reversal candidate for further investigation.,1280
4-demethoxydaunorubicin hydrochloride (65),-0.0014828028387211013,14,23,14,23,0.6086956521739131,0.3069306930693069,0.619208610756546,4.608695652173913,Computational reversal candidate for further investigation.,1281
teniposide,-0.0014828028387211013,19,33,20,35,0.5757575757575758,0.26732673267326734,0.581887888036924,4.828571428571428,Computational reversal candidate for further investigation.,1282
AT-7519,-0.001473145991127754,42,74,42,74,0.5675675675675675,0.38613861386138615,0.7008597411465285,5.324324324324325,Computational reversal candidate for further investigation.,1283
delta1-hydrocortisone 21-hemisuccinate,-0.0014644024615395879,1,1,1,1,1.0,0.38613861386138615,0.7008597411465285,4.0,Computational reversal candidate for further investigation.,1284
CGK-733,-0.0014601169416810266,3,5,3,5,0.6,0.3564356435643564,0.6705970353331028,5.8,Computational reversal candidate for further investigation.,1285
BRD-K65904652,-0.0014425478183636214,1,1,1,1,1.0,0.45544554455445546,0.7738898614733081,4.0,Computational reversal candidate for further investigation.,1286
BRD-K81795824,-0.0013751818466917402,5,9,5,9,0.5555555555555556,0.36633663366336633,0.6820222215147559,4.555555555555555,Computational reversal candidate for further investigation.,1287
s1085,-0.0013623373790802706,5,9,5,9,0.5555555555555556,0.40594059405940597,0.7204279048594515,4.444444444444445,Computational reversal candidate for further investigation.,1288
BRD-K67619794,-0.0013527483137429266,1,1,1,1,1.0,0.33663366336633666,0.647544488668136,3.0,Computational reversal candidate for further investigation.,1289
ag 957,-0.0013515108684334868,4,7,4,7,0.5714285714285714,0.37623762376237624,0.6915605846298916,4.285714285714286,Computational reversal candidate for further investigation.,1290
BRD-K77480336,-0.0013341618335544047,1,2,1,2,0.5,0.5148514851485149,0.8426827135010321,4.0,Computational reversal candidate for further investigation.,1291
GDC-0879,-0.0013221053481172443,5,10,5,10,0.5,0.38613861386138615,0.7008597411465285,5.5,Computational reversal candidate for further investigation.,1292
orlistat,-0.001319631147912153,1,1,1,1,1.0,0.43564356435643564,0.7552024663544199,5.0,Computational reversal candidate for further investigation.,1293
RAF 265,-0.0012839943292125826,9,15,9,15,0.6,0.26732673267326734,0.581887888036924,4.666666666666667,Computational reversal candidate for further investigation.,1294
nafadotride,-0.0012534094052149124,1,1,1,1,1.0,0.27722772277227725,0.5950504225584746,3.0,Computational reversal candidate for further investigation.,1295
15-delta prostaglandin j2,-0.0012481492052875453,2,3,2,3,0.6666666666666666,0.38613861386138615,0.7008597411465285,4.0,Computational reversal candidate for further investigation.,1296
s1118,-0.0012278673851949676,3,5,3,5,0.6,0.26732673267326734,0.581887888036924,4.2,Computational reversal candidate for further investigation.,1297
prostaglandin a1,-0.0012249273295748824,4,8,4,8,0.5,0.48514851485148514,0.8071867531580744,4.625,Computational reversal candidate for further investigation.,1298
radicicol,-0.0012244514134433998,42,78,63,115,0.5384615384615384,0.25742574257425743,0.5738190758440618,4.982608695652174,Computational reversal candidate for further investigation.,1299
akti-1/2,-0.0012191802427755655,6,7,6,7,0.8571428571428571,0.39603960396039606,0.7110292424591297,4.142857142857143,Computational reversal candidate for further investigation.,1300
cjd-pla-49-3,-0.0012183245796786933,1,1,1,1,1.0,0.5148514851485149,0.8426827135010321,3.0,Computational reversal candidate for further investigation.,1301
a-1065,-0.0012170086834594881,5,9,5,9,0.5555555555555556,0.39603960396039606,0.7110292424591297,3.888888888888889,Computational reversal candidate for further investigation.,1302
BRD-K31342827,-0.0012130373905177335,15,24,15,24,0.625,0.32673267326732675,0.6401970146253204,4.375,Computational reversal candidate for further investigation.,1303
BRD-U82589721,-0.001199030308485844,4,8,4,8,0.5,0.33663366336633666,0.647544488668136,4.625,Computational reversal candidate for further investigation.,1304
rucaparib,-0.0011984533324120089,1,1,1,1,1.0,0.2871287128712871,0.6028922021848604,3.0,Computational reversal candidate for further investigation.,1305
BRD-K01436366,-0.0011963168550465503,6,9,6,9,0.6666666666666666,0.38613861386138615,0.7008597411465285,4.111111111111111,Computational reversal candidate for further investigation.,1306
herniarin,-0.001161578804573177,1,1,1,1,1.0,0.46534653465346537,0.7838127812781278,3.0,Computational reversal candidate for further investigation.,1307
le 135,-0.0011484029520683816,8,14,8,14,0.5714285714285714,0.32673267326732675,0.6401970146253204,4.428571428571429,Computational reversal candidate for further investigation.,1308
BRD-K79382620,-0.0011381857910499026,1,1,1,1,1.0,0.49504950495049505,0.8195387086957445,9.0,Computational reversal candidate for further investigation.,1309
yo-2,-0.0011173590782333851,1,1,1,1,1.0,0.4752475247524752,0.7964350704245533,5.0,Computational reversal candidate for further investigation.,1310
BRD-K19220233,-0.0011091050190229672,6,10,6,10,0.6,0.40594059405940597,0.7204279048594515,5.3,Computational reversal candidate for further investigation.,1311
BRD-K41859756,-0.0010999362586483197,10,18,10,18,0.5555555555555556,0.42574257425742573,0.7452908556161738,4.944444444444445,Computational reversal candidate for further investigation.,1312
abt-888 (veliparib),-0.0010936526618337728,1,2,1,2,0.5,0.46534653465346537,0.7838127812781278,5.5,Computational reversal candidate for further investigation.,1313
epirubicin hydrochloride,-0.0010778334418587313,6,9,11,15,0.6666666666666666,0.40594059405940597,0.7204279048594515,4.733333333333333,Computational reversal candidate for further investigation.,1314
ncgc00182362-01,-0.0010706831360644759,4,7,4,7,0.5714285714285714,0.37623762376237624,0.6915605846298916,5.428571428571429,Computational reversal candidate for further investigation.,1315
cefixime,-0.001051848184129886,1,2,1,2,0.5,0.40594059405940597,0.7204279048594515,3.5,Computational reversal candidate for further investigation.,1316
BRD-K92301463,-0.0010378042495823546,3,3,3,3,1.0,0.38613861386138615,0.7008597411465285,4.666666666666667,Computational reversal candidate for further investigation.,1317
hy-13001,-0.0010296627661510703,1,1,1,1,1.0,0.40594059405940597,0.7204279048594515,4.0,Computational reversal candidate for further investigation.,1318
niclosamide,-0.0010115262958030587,15,27,18,36,0.5555555555555556,0.37623762376237624,0.6915605846298916,5.027777777777778,Computational reversal candidate for further investigation.,1319
brazilin,-0.0009911522449063642,2,4,2,4,0.5,0.43564356435643564,0.7552024663544199,5.0,Computational reversal candidate for further investigation.,1320
arp 101,-0.0009779685078538677,7,14,9,18,0.5,0.45544554455445546,0.7738898614733081,5.5,Computational reversal candidate for further investigation.,1321
BRD-K58679021,-0.0009521222185121716,1,1,1,1,1.0,0.2376237623762376,0.5604242705329596,3.0,Computational reversal candidate for further investigation.,1322
NVP-AUY922,-0.0009430428610665781,35,66,35,66,0.5303030303030303,0.38613861386138615,0.7008597411465285,4.803030303030303,Computational reversal candidate for further investigation.,1323
nnc 55-0396 dihydrochloride,-0.0009403345744314865,2,4,2,4,0.5,0.4158415841584158,0.7323871550653164,5.25,Computational reversal candidate for further investigation.,1324
np-001821,-0.0009276673398465841,1,2,1,2,0.5,0.5148514851485149,0.8426827135010321,3.5,Computational reversal candidate for further investigation.,1325
BRD-K81609421,-0.0008678525285505407,1,1,1,1,1.0,0.36633663366336633,0.6820222215147559,3.0,Computational reversal candidate for further investigation.,1326
BRD-K19724398,-0.0008631058317742505,4,7,4,7,0.5714285714285714,0.42574257425742573,0.7452908556161738,4.571428571428571,Computational reversal candidate for further investigation.,1327
celecoxib,-0.0008457432087426503,1,1,1,1,1.0,0.46534653465346537,0.7838127812781278,5.0,Computational reversal candidate for further investigation.,1328
BRD-K82837433,-0.0008433746030669692,3,5,3,5,0.6,0.3564356435643564,0.6705970353331028,3.6,Computational reversal candidate for further investigation.,1329
BRD-K36038115,-0.0008386762823779925,1,2,1,2,0.5,0.33663366336633666,0.647544488668136,4.0,Computational reversal candidate for further investigation.,1330
hy-10992,-0.0008278878796970559,5,9,5,9,0.5555555555555556,0.33663366336633666,0.647544488668136,4.444444444444445,Computational reversal candidate for further investigation.,1331
BRD-K60219430,-0.0008012641252120049,3,6,3,6,0.5,0.40594059405940597,0.7204279048594515,4.166666666666667,Computational reversal candidate for further investigation.,1332
nan-190 hydrobromide,-0.0007087335514389522,1,1,1,1,1.0,0.46534653465346537,0.7838127812781278,5.0,Computational reversal candidate for further investigation.,1333
fr 122047 hydrochloride,-0.000693736676784398,1,1,1,1,1.0,0.4752475247524752,0.7964350704245533,3.0,Computational reversal candidate for further investigation.,1334
lonidamine,-0.0006841820774493158,3,6,3,6,0.5,0.45544554455445546,0.7738898614733081,4.166666666666667,Computational reversal candidate for further investigation.,1335
kuc104487 kuc104487n,-0.0006735652752629662,1,2,1,2,0.5,0.48514851485148514,0.8071867531580744,3.0,Computational reversal candidate for further investigation.,1336
BRD-K72307842,-0.000634160050838984,1,1,1,1,1.0,0.44554455445544555,0.7632257308571094,6.0,Computational reversal candidate for further investigation.,1337
s1042,-0.0006290003010083127,2,4,2,4,0.5,0.504950495049505,0.8311765078426819,4.0,Computational reversal candidate for further investigation.,1338
z-leu3-vs,-0.0006255173332043052,2,3,2,3,0.6666666666666666,0.43564356435643564,0.7552024663544199,5.0,Computational reversal candidate for further investigation.,1339
ncgc00182353-01,-0.0006251499323277048,1,2,1,2,0.5,0.44554455445544555,0.7632257308571094,3.0,Computational reversal candidate for further investigation.,1340
salmeterol,-0.0006016118013477375,1,2,1,2,0.5,0.46534653465346537,0.7838127812781278,5.5,Computational reversal candidate for further investigation.,1341
PF-431396,-0.0005842360961049106,10,20,10,20,0.5,0.33663366336633666,0.647544488668136,5.2,Computational reversal candidate for further investigation.,1342
r3904,-0.0005733586012373515,1,1,1,1,1.0,0.36633663366336633,0.6820222215147559,4.0,Computational reversal candidate for further investigation.,1343
ag-879,-0.0005596991560955916,3,6,3,6,0.5,0.44554455445544555,0.7632257308571094,4.166666666666667,Computational reversal candidate for further investigation.,1344
toltrazuril,-0.0005554500775762014,1,1,1,1,1.0,0.4158415841584158,0.7323871550653164,3.0,Computational reversal candidate for further investigation.,1345
BRD-K06765193,-0.0005537795149837734,3,6,3,6,0.5,0.43564356435643564,0.7552024663544199,3.6666666666666665,Computational reversal candidate for further investigation.,1346
calpeptin,-0.0005428835997312561,1,2,1,2,0.5,0.40594059405940597,0.7204279048594515,4.5,Computational reversal candidate for further investigation.,1347
SB590885,-0.0005214516498296094,16,31,16,31,0.5161290322580645,0.3069306930693069,0.619208610756546,5.0,Computational reversal candidate for further investigation.,1348
chloroxine,-0.0005182484705492196,2,4,2,4,0.5,0.5247524752475248,0.8546601495592597,3.5,Computational reversal candidate for further investigation.,1349
u-46619,-0.0005072541399990336,1,1,1,1,1.0,0.5445544554455446,0.8758250825082509,3.0,Computational reversal candidate for further investigation.,1350
ncgc00180992-01,-0.0004840400539726855,1,1,1,1,1.0,0.44554455445544555,0.7632257308571094,3.0,Computational reversal candidate for further investigation.,1351
lylamine hydrochloride,-0.0004765936612198909,2,4,2,4,0.5,0.44554455445544555,0.7632257308571094,3.75,Computational reversal candidate for further investigation.,1352
dasatinib,-0.00047102771735605363,36,69,78,143,0.5217391304347826,0.3069306930693069,0.619208610756546,4.664335664335664,Computational reversal candidate for further investigation.,1353
BRD-K12184916,-0.0004666436204063102,11,22,11,22,0.5,0.4752475247524752,0.7964350704245533,4.454545454545454,Computational reversal candidate for further investigation.,1354
parthenolide,-0.00046513790462637556,23,41,25,45,0.5609756097560976,0.33663366336633666,0.647544488668136,4.4,Computational reversal candidate for further investigation.,1355
sq 22536,-0.00045526502733687566,1,1,1,1,1.0,0.5148514851485149,0.8426827135010321,3.0,Computational reversal candidate for further investigation.,1356
"2,4-dideoxy-dc-45-a2",-0.0004314351218073437,3,5,3,5,0.6,0.3465346534653465,0.6589279617616933,4.0,Computational reversal candidate for further investigation.,1357
TGX-221,-0.0004181704641107371,4,8,4,8,0.5,0.39603960396039606,0.7110292424591297,5.375,Computational reversal candidate for further investigation.,1358
inhibitor bec hydrochloride,-0.00041376238717110445,2,3,2,3,0.6666666666666666,0.37623762376237624,0.6915605846298916,4.0,Computational reversal candidate for further investigation.,1359
BRD-K05649647,-0.0004082579331029356,11,22,11,22,0.5,0.38613861386138615,0.7008597411465285,4.5,Computational reversal candidate for further investigation.,1360
bmy 45778,-0.00040772088488145574,2,3,2,3,0.6666666666666666,0.44554455445544555,0.7632257308571094,3.3333333333333335,Computational reversal candidate for further investigation.,1361
gw 5074,-0.00040288386499615645,1,2,1,2,0.5,0.5742574257425742,0.9010705948643645,3.5,Computational reversal candidate for further investigation.,1362
ski ii,-0.0003707629862513247,10,18,10,18,0.5555555555555556,0.43564356435643564,0.7552024663544199,4.777777777777778,Computational reversal candidate for further investigation.,1363
gw 3965 hydrochloride,-0.00036961883827021577,2,3,2,3,0.6666666666666666,0.38613861386138615,0.7008597411465285,4.666666666666667,Computational reversal candidate for further investigation.,1364
BRD-K53780220,-0.00036710268335194947,2,3,2,3,0.6666666666666666,0.33663366336633666,0.647544488668136,3.6666666666666665,Computational reversal candidate for further investigation.,1365
cgs 15943,-0.00035097711401933665,1,2,1,2,0.5,0.504950495049505,0.8311765078426819,4.0,Computational reversal candidate for further investigation.,1366
BRD-K03736784,-0.00033380201034987483,2,4,2,4,0.5,0.4752475247524752,0.7964350704245533,3.5,Computational reversal candidate for further investigation.,1367
bufalin,-0.00032654974488503124,4,8,4,8,0.5,0.44554455445544555,0.7632257308571094,4.625,Computational reversal candidate for further investigation.,1368
BMS-777607,-0.00032031814183846544,2,4,2,4,0.5,0.48514851485148514,0.8071867531580744,5.25,Computational reversal candidate for further investigation.,1369
BRD-K19295594,-0.0003165917325979571,6,12,6,12,0.5,0.44554455445544555,0.7632257308571094,4.583333333333333,Computational reversal candidate for further investigation.,1370
cabozantinib,-0.000313147247456084,1,2,1,2,0.5,0.5643564356435643,0.8927933776984256,4.5,Computational reversal candidate for further investigation.,1371
hy-50940,-0.0003048099580162831,4,8,4,8,0.5,0.4752475247524752,0.7964350704245533,4.0,Computational reversal candidate for further investigation.,1372
BRD-K49865102,-0.0003041490614230026,2,4,2,4,0.5,0.49504950495049505,0.8195387086957445,3.25,Computational reversal candidate for further investigation.,1373
NVP-AEW541,-0.00030313093971886997,6,12,6,12,0.5,0.37623762376237624,0.6915605846298916,4.75,Computational reversal candidate for further investigation.,1374
fccp,-0.00028283301112401547,5,9,5,9,0.5555555555555556,0.45544554455445546,0.7738898614733081,4.888888888888889,Computational reversal candidate for further investigation.,1375
naltrexone hydrochloride,-0.0002789435346634041,1,2,1,2,0.5,0.39603960396039606,0.7110292424591297,5.0,Computational reversal candidate for further investigation.,1376
daunorubicin hydrochloride,-0.00026413430304340815,6,11,9,15,0.5454545454545454,0.48514851485148514,0.8071867531580744,5.066666666666666,Computational reversal candidate for further investigation.,1377
pd 198306,-0.0002539747731483133,4,7,4,7,0.5714285714285714,0.39603960396039606,0.7110292424591297,4.571428571428571,Computational reversal candidate for further investigation.,1378
XMD-1150,-0.0002519010799557223,20,40,20,40,0.5,0.25742574257425743,0.5738190758440618,4.95,Computational reversal candidate for further investigation.,1379
ncgc00185087-01,-0.00024515908418553094,2,3,2,3,0.6666666666666666,0.36633663366336633,0.6820222215147559,5.666666666666667,Computational reversal candidate for further investigation.,1380
sunitinib,-0.00024022039563033164,8,15,8,15,0.5333333333333333,0.33663366336633666,0.647544488668136,4.666666666666667,Computational reversal candidate for further investigation.,1381
thiotepa,-0.00023081591040409813,1,1,1,1,1.0,0.3465346534653465,0.6589279617616933,4.0,Computational reversal candidate for further investigation.,1382
su11652,-0.00022880654593154218,8,16,8,16,0.5,0.594059405940594,0.9184523258734418,4.625,Computational reversal candidate for further investigation.,1383
BRD-K68437527,-0.00020389869838598283,2,3,2,3,0.6666666666666666,0.37623762376237624,0.6915605846298916,3.6666666666666665,Computational reversal candidate for further investigation.,1384
BRD-K56343971,-0.00020024511625478698,8,15,8,16,0.5333333333333333,0.36633663366336633,0.6820222215147559,4.375,Computational reversal candidate for further investigation.,1385
BRD-K89209981,-0.0001702516001144713,1,2,1,2,0.5,0.48514851485148514,0.8071867531580744,3.0,Computational reversal candidate for further investigation.,1386
BRD-K07061353,-0.0001580328713659965,2,4,2,4,0.5,0.5544554455445545,0.8862103601664516,4.25,Computational reversal candidate for further investigation.,1387
2-chloro-7-methoxyphenothiazine,-0.00015783386126988833,1,1,1,1,1.0,0.39603960396039606,0.7110292424591297,3.0,Computational reversal candidate for further investigation.,1388
jas07 005,-0.00015783386126988833,1,1,1,1,1.0,0.3465346534653465,0.6589279617616933,3.0,Computational reversal candidate for further investigation.,1389
t5323840,-0.0001563238813780802,5,9,5,9,0.5555555555555556,0.40594059405940597,0.7204279048594515,3.4444444444444446,Computational reversal candidate for further investigation.,1390
ly 303511,-0.00015520335237180494,1,1,1,1,1.0,0.45544554455445546,0.7738898614733081,6.0,Computational reversal candidate for further investigation.,1391
yc-1,-0.00011696717833098837,1,2,1,2,0.5,0.44554455445544555,0.7632257308571094,4.0,Computational reversal candidate for further investigation.,1392
a3145,-0.00010865470800611827,1,2,1,2,0.5,0.3069306930693069,0.619208610756546,3.0,Computational reversal candidate for further investigation.,1393
skatole,-0.00010065083835958128,1,2,1,2,0.5,0.5247524752475248,0.8546601495592597,5.5,Computational reversal candidate for further investigation.,1394
bendroflumethiazide,-7.34136105647919e-05,1,1,1,1,1.0,0.504950495049505,0.8311765078426819,3.0,Computational reversal candidate for further investigation.,1395
THZ-2-98-01,-6.969411318465298e-05,6,11,6,11,0.5454545454545454,0.31683168316831684,0.6303970603245891,3.8181818181818183,Computational reversal candidate for further investigation.,1396
lasalocid sodium salt,-6.916939733570297e-05,3,6,3,6,0.5,0.46534653465346537,0.7838127812781278,4.166666666666667,Computational reversal candidate for further investigation.,1397
prednisolone acetate,-5.7513420809350395e-05,1,1,1,1,1.0,0.5346534653465347,0.8659142837360659,4.0,Computational reversal candidate for further investigation.,1398
phenamil,-5.571614537909107e-05,1,1,1,1,1.0,0.19801980198019803,0.5182077529786877,4.0,Computational reversal candidate for further investigation.,1399
BRD-K96076993,-5.372965689352631e-05,3,5,3,5,0.6,0.45544554455445546,0.7738898614733081,3.6,Computational reversal candidate for further investigation.,1400
emetine,-5.362344629749466e-05,5,9,5,9,0.5555555555555556,0.5643564356435643,0.8927933776984256,5.666666666666667,Computational reversal candidate for further investigation.,1401
ro 31-8220 mesylate,-5.267714726387828e-05,5,10,5,11,0.5,0.5742574257425742,0.9010705948643645,4.545454545454546,Computational reversal candidate for further investigation.,1402
sb 225002,-3.791087123221652e-05,4,8,4,8,0.5,0.5247524752475248,0.8546601495592597,4.125,Computational reversal candidate for further investigation.,1403
PHA-793887,-2.7550612108816642e-05,30,60,30,60,0.5,0.297029702970297,0.6103999929717905,4.45,Computational reversal candidate for further investigation.,1404
BRD-K37852224,7.3964056281966215e-06,0,1,0,1,0.0,0.6039603960396039,0.9214573631276171,3.0,No aggregate reversal under this configuration.,1405
a8674,1.5184554642201642e-05,1,3,1,3,0.3333333333333333,0.6039603960396039,0.9214573631276171,5.0,No aggregate reversal under this configuration.,1406
s6005,2.37281160082696e-05,1,2,1,2,0.5,0.43564356435643564,0.7552024663544199,4.5,No aggregate reversal under this configuration.,1407
chlormadinone acetate,3.0515570867178238e-05,1,3,1,3,0.3333333333333333,0.6534653465346535,0.9590784173474383,3.6666666666666665,No aggregate reversal under this configuration.,1408
triamcinolone acetonide,3.909273003976617e-05,2,4,2,4,0.5,0.5841584158415841,0.911051105110511,3.25,No aggregate reversal under this configuration.,1409
hts 10859,4.4003015041216027e-05,1,3,1,3,0.3333333333333333,0.49504950495049505,0.8195387086957445,3.6666666666666665,No aggregate reversal under this configuration.,1410
ncgc00182357-01,4.737698585458635e-05,2,5,2,5,0.4,0.6138613861386139,0.929825356636383,4.6,No aggregate reversal under this configuration.,1411
bibx 1382 dihydrochloride,4.9480567844621334e-05,2,4,2,4,0.5,0.5346534653465347,0.8659142837360659,3.75,No aggregate reversal under this configuration.,1412
geldanamycin,5.06292042773979e-05,54,111,115,226,0.4864864864864865,0.6039603960396039,0.9214573631276171,4.654867256637168,No aggregate reversal under this configuration.,1413
azd-7545-a,5.421218973754565e-05,1,2,1,2,0.5,0.5643564356435643,0.8927933776984256,4.5,No aggregate reversal under this configuration.,1414
diphenylcyclopropenone,5.52200892648012e-05,1,2,1,2,0.5,0.6039603960396039,0.9214573631276171,4.0,No aggregate reversal under this configuration.,1415
ei-215,5.697558749166026e-05,4,8,4,8,0.5,0.594059405940594,0.9184523258734418,5.125,No aggregate reversal under this configuration.,1416
BRD-K56515112 (medrysone),6.564540012106912e-05,1,2,1,2,0.5,0.46534653465346537,0.7838127812781278,5.5,No aggregate reversal under this configuration.,1417
jte 013,6.761271696164965e-05,0,1,0,1,0.0,0.6336633663366337,0.9468157138294474,3.0,No aggregate reversal under this configuration.,1418
ncgc00182361-01,8.2149064691164e-05,2,4,2,4,0.5,0.5148514851485149,0.8426827135010321,3.75,No aggregate reversal under this configuration.,1419
AZD-8055,8.344479557054587e-05,20,42,20,42,0.47619047619047616,0.594059405940594,0.9184523258734418,5.142857142857143,No aggregate reversal under this configuration.,1420
"vegf receptor 3 kinase inhibitor, maz51",9.062327498236128e-05,0,1,0,1,0.0,0.6039603960396039,0.9214573631276171,5.0,No aggregate reversal under this configuration.,1421
BRD-K47635719 (dexamethasone acetate),9.125726151718635e-05,0,1,0,1,0.0,0.504950495049505,0.8311765078426819,6.0,No aggregate reversal under this configuration.,1422
cay10594,9.531423873754752e-05,5,10,5,10,0.5,0.6435643564356436,0.9523930028785625,4.6,No aggregate reversal under this configuration.,1423
BRD-K85592362,0.00011322295853432706,0,1,0,1,0.0,0.7524752475247525,1.0,3.0,No aggregate reversal under this configuration.,1424
stk661558,0.00013095235153896476,0,1,0,1,0.0,0.6237623762376238,0.9380738073807381,4.0,No aggregate reversal under this configuration.,1425
BRD-K23149109,0.00014315673746391217,0,1,0,1,0.0,0.6534653465346535,0.9590784173474383,3.0,No aggregate reversal under this configuration.,1426
s1352,0.0001445155607449778,0,1,0,1,0.0,0.5247524752475248,0.8546601495592597,4.0,No aggregate reversal under this configuration.,1427
niguldipine hydrochloride,0.00015787182044211395,5,10,5,10,0.5,0.6435643564356436,0.9523930028785625,4.4,No aggregate reversal under this configuration.,1428
BRD-K61105081,0.0001622868740267765,0,1,0,1,0.0,0.49504950495049505,0.8195387086957445,3.0,No aggregate reversal under this configuration.,1429
b675700.cdx,0.00016566048300803177,12,24,12,24,0.5,0.5148514851485149,0.8426827135010321,4.791666666666667,No aggregate reversal under this configuration.,1430
BRD-K45542213,0.00016586716964038864,0,1,0,1,0.0,0.6732673267326733,0.9715184602572408,4.0,No aggregate reversal under this configuration.,1431
AZD-6482,0.00016888800478552773,3,7,3,7,0.42857142857142855,0.7128712871287128,0.9862663685723411,5.285714285714286,No aggregate reversal under this configuration.,1432
BRD-K88551539,0.00018426326809702076,1,3,1,3,0.3333333333333333,0.5445544554455446,0.8758250825082509,4.666666666666667,No aggregate reversal under this configuration.,1433
BRD-K45435259,0.00018631043962030573,1,2,1,2,0.5,0.504950495049505,0.8311765078426819,3.0,No aggregate reversal under this configuration.,1434
fluocinolone acetonide,0.00019822386262137903,2,4,2,5,0.5,0.5643564356435643,0.8927933776984256,4.2,No aggregate reversal under this configuration.,1435
st4070169,0.00019855159214057175,0,1,0,1,0.0,0.6039603960396039,0.9214573631276171,4.0,No aggregate reversal under this configuration.,1436
tremulacin,0.00020916584969656905,0,1,0,1,0.0,0.44554455445544555,0.7632257308571094,6.0,No aggregate reversal under this configuration.,1437
ag 494,0.0002379140636137437,1,4,1,4,0.25,0.5544554455445545,0.8862103601664516,4.0,No aggregate reversal under this configuration.,1438
BMS509744,0.0002452516778655013,2,4,2,4,0.5,0.43564356435643564,0.7552024663544199,5.5,No aggregate reversal under this configuration.,1439
calyculin a,0.00024744571262389197,2,5,2,5,0.4,0.5643564356435643,0.8927933776984256,4.6,No aggregate reversal under this configuration.,1440
progesterone,0.00025386938088964176,1,2,1,2,0.5,0.504950495049505,0.8311765078426819,4.5,No aggregate reversal under this configuration.,1441
BRD-K94841585,0.0002583482225036373,1,3,1,3,0.3333333333333333,0.6336633663366337,0.9468157138294474,3.6666666666666665,No aggregate reversal under this configuration.,1442
amlodipine besylate,0.0002689341586845943,1,3,1,3,0.3333333333333333,0.49504950495049505,0.8195387086957445,4.0,No aggregate reversal under this configuration.,1443
ro 90-7501,0.00027014328648426733,0,1,0,1,0.0,0.6633663366336634,0.9686988875432311,3.0,No aggregate reversal under this configuration.,1444
XMD-892,0.00027353487665090874,5,11,5,11,0.45454545454545453,0.6732673267326733,0.9715184602572408,5.545454545454546,No aggregate reversal under this configuration.,1445
hdac6 inhibitor isox,0.0002798294249883506,13,28,13,28,0.4642857142857143,0.6138613861386139,0.929825356636383,4.428571428571429,No aggregate reversal under this configuration.,1446
mocetinostat,0.0002981848112121087,12,25,12,25,0.48,0.6732673267326733,0.9715184602572408,5.2,No aggregate reversal under this configuration.,1447
cgs 9343b,0.00031356758930785496,0,1,0,1,0.0,0.5544554455445545,0.8862103601664516,4.0,No aggregate reversal under this configuration.,1448
ei-346,0.00032166290848124283,1,5,1,5,0.2,0.6732673267326733,0.9715184602572408,4.6,No aggregate reversal under this configuration.,1449
np-000732,0.0003248200599588842,1,2,1,2,0.5,0.5247524752475248,0.8546601495592597,4.0,No aggregate reversal under this configuration.,1450
dequalinium dichloride,0.00033414272232586313,0,1,0,1,0.0,0.40594059405940597,0.7204279048594515,3.0,No aggregate reversal under this configuration.,1451
ZSTK-474,0.0003435658032798386,19,40,19,40,0.475,0.7029702970297029,0.9843284207501766,5.075,No aggregate reversal under this configuration.,1452
cgs 20625,0.00035906778659179715,0,1,0,1,0.0,0.5544554455445545,0.8862103601664516,6.0,No aggregate reversal under this configuration.,1453
estradiol,0.0003631537592622756,2,4,2,4,0.5,0.5346534653465347,0.8659142837360659,3.75,No aggregate reversal under this configuration.,1454
BRD-U25771771,0.00038603665234629046,3,6,3,6,0.5,0.5742574257425742,0.9010705948643645,3.3333333333333335,No aggregate reversal under this configuration.,1455
rk-682,0.00042052206191831205,0,1,0,1,0.0,0.5841584158415841,0.911051105110511,4.0,No aggregate reversal under this configuration.,1456
rho-kinase inhibitor ii,0.00042423045920788466,0,1,0,1,0.0,0.6732673267326733,0.9715184602572408,4.0,No aggregate reversal under this configuration.,1457
BRD-K71935468,0.00042876160484929624,3,6,3,6,0.5,0.5643564356435643,0.8927933776984256,3.6666666666666665,No aggregate reversal under this configuration.,1458
lapatinib,0.00043277153028558474,9,19,9,19,0.47368421052631576,0.6732673267326733,0.9715184602572408,4.2631578947368425,No aggregate reversal under this configuration.,1459
BRD-K03829970,0.00044375790903050617,4,8,4,8,0.5,0.5148514851485149,0.8426827135010321,4.75,No aggregate reversal under this configuration.,1460
raf1 kinase inhibitor i,0.00046084047452274804,0,1,0,1,0.0,0.6138613861386139,0.929825356636383,3.0,No aggregate reversal under this configuration.,1461
BRD-A51777634,0.00046099909035350346,5,10,5,10,0.5,0.504950495049505,0.8311765078426819,4.8,No aggregate reversal under this configuration.,1462
dl-pdmp,0.00046941885042752624,8,16,8,16,0.5,0.6435643564356436,0.9523930028785625,4.8125,No aggregate reversal under this configuration.,1463
triamcinolone diacetate,0.00047699512398603067,1,2,1,2,0.5,0.5544554455445545,0.8862103601664516,3.5,No aggregate reversal under this configuration.,1464
BRD-A00420644,0.00048488909387313416,2,4,2,4,0.5,0.504950495049505,0.8311765078426819,3.0,No aggregate reversal under this configuration.,1465
nintedanib,0.0005005781770502406,8,21,8,21,0.38095238095238093,0.7623762376237624,1.0,5.190476190476191,No aggregate reversal under this configuration.,1466
tl hras24 brd-k93060291,0.0005084539331482502,1,4,1,4,0.25,0.6336633663366337,0.9468157138294474,4.25,No aggregate reversal under this configuration.,1467
BRD-K85853281,0.0005187690685228546,1,3,1,3,0.3333333333333333,0.5346534653465347,0.8659142837360659,4.666666666666667,No aggregate reversal under this configuration.,1468
mosapride,0.0005401298629937085,1,2,1,2,0.5,0.594059405940594,0.9184523258734418,3.5,No aggregate reversal under this configuration.,1469
BRD-K54256913,0.0005402372347189507,5,10,5,10,0.5,0.7128712871287128,0.9862663685723411,4.0,No aggregate reversal under this configuration.,1470
cilostamide,0.0005518759395987194,0,1,0,1,0.0,0.693069306930693,0.9817422109183395,3.0,No aggregate reversal under this configuration.,1471
BRD-K23478508 (digoxin),0.000566577961291743,3,6,3,6,0.5,0.5544554455445545,0.8862103601664516,5.833333333333333,No aggregate reversal under this configuration.,1472
BRD-K86899078,0.0005845401670192254,1,3,1,3,0.3333333333333333,0.6633663366336634,0.9686988875432311,3.3333333333333335,No aggregate reversal under this configuration.,1473
BRD-K00627859,0.0005930164886041511,1,3,1,3,0.3333333333333333,0.6534653465346535,0.9590784173474383,3.0,No aggregate reversal under this configuration.,1474
clofarabine,0.0006083438153128805,3,6,3,6,0.5,0.5445544554455446,0.8758250825082509,4.833333333333333,No aggregate reversal under this configuration.,1475
BRD-K42644990,0.0006094039520407922,0,1,0,1,0.0,0.5445544554455446,0.8758250825082509,7.0,No aggregate reversal under this configuration.,1476
BRD-K89224880,0.0006421488065887423,1,3,1,3,0.3333333333333333,0.6039603960396039,0.9214573631276171,4.333333333333333,No aggregate reversal under this configuration.,1477
BRD-K31706415,0.0006825934464982026,2,4,2,4,0.5,0.594059405940594,0.9184523258734418,3.25,No aggregate reversal under this configuration.,1478
dc-45-a2,0.0006899894780673464,1,2,1,2,0.5,0.5544554455445545,0.8862103601664516,7.5,No aggregate reversal under this configuration.,1479
purvalanol a,0.0007135760538738885,3,7,3,7,0.42857142857142855,0.5742574257425742,0.9010705948643645,5.428571428571429,No aggregate reversal under this configuration.,1480
BYL719,0.0007155176918088322,6,14,6,14,0.42857142857142855,0.7425742574257426,0.999884872208151,4.214285714285714,No aggregate reversal under this configuration.,1481
kuc104495 kuc104495n,0.0007241212499889743,2,4,2,4,0.5,0.44554455445544555,0.7632257308571094,5.0,No aggregate reversal under this configuration.,1482
homosalate,0.000735385428198568,0,1,0,1,0.0,0.4752475247524752,0.7964350704245533,5.0,No aggregate reversal under this configuration.,1483
cyclopamine,0.0007784941924088244,1,3,1,3,0.3333333333333333,0.7227722772277227,0.9922587990867847,3.3333333333333335,No aggregate reversal under this configuration.,1484
s1249,0.0007921954510912077,4,10,4,10,0.4,0.5544554455445545,0.8862103601664516,4.8,No aggregate reversal under this configuration.,1485
torin-1,0.0007964780193582535,30,63,30,63,0.47619047619047616,0.6831683168316832,0.9748723486026977,5.253968253968254,No aggregate reversal under this configuration.,1486
mls-0390945.0001,0.0008045906254704428,1,2,1,2,0.5,0.6039603960396039,0.9214573631276171,3.5,No aggregate reversal under this configuration.,1487
ncgc00182382-01,0.0008116754917680269,2,5,2,5,0.4,0.6039603960396039,0.9214573631276171,3.8,No aggregate reversal under this configuration.,1488
NVP-TAE226,0.0008205320183959147,9,19,9,19,0.47368421052631576,0.6831683168316832,0.9748723486026977,4.947368421052632,No aggregate reversal under this configuration.,1489
ttnpb,0.0008438115916986136,1,2,1,2,0.5,0.6138613861386139,0.929825356636383,3.0,No aggregate reversal under this configuration.,1490
BRD-K84450674,0.000850364079687871,1,2,1,2,0.5,0.6039603960396039,0.9214573631276171,3.5,No aggregate reversal under this configuration.,1491
BRD-U44618005,0.0008715261766755068,1,2,1,2,0.5,0.49504950495049505,0.8195387086957445,4.0,No aggregate reversal under this configuration.,1492
linezolid,0.0009006833580791664,0,1,0,1,0.0,0.5148514851485149,0.8426827135010321,4.0,No aggregate reversal under this configuration.,1493
BRD-K58347372,0.0009291695403981868,0,1,0,1,0.0,0.6237623762376238,0.9380738073807381,4.0,No aggregate reversal under this configuration.,1494
tg101348,0.0009366878654708979,18,38,18,38,0.47368421052631576,0.6831683168316832,0.9748723486026977,4.894736842105263,No aggregate reversal under this configuration.,1495
"androsta-1,4-dien-3,17-dione",0.0009462466821698878,1,2,1,2,0.5,0.5742574257425742,0.9010705948643645,3.0,No aggregate reversal under this configuration.,1496
BRD-K91145395,0.0009485600362021899,4,10,4,10,0.4,0.5841584158415841,0.911051105110511,5.2,No aggregate reversal under this configuration.,1497
sb 203580,0.0009688648961670857,0,1,0,1,0.0,0.7029702970297029,0.9843284207501766,3.0,No aggregate reversal under this configuration.,1498
BRD-K94173926,0.0009804591588482175,1,2,1,2,0.5,0.5544554455445545,0.8862103601664516,3.5,No aggregate reversal under this configuration.,1499
er 27319 maleate,0.0009990691901655899,3,8,3,8,0.375,0.5643564356435643,0.8927933776984256,4.5,No aggregate reversal under this configuration.,1500
ncgc00188714-01,0.0010064616508164348,0,1,0,1,0.0,0.5247524752475248,0.8546601495592597,5.0,No aggregate reversal under this configuration.,1501
BRD-K31856043,0.0010181719949753755,0,1,0,1,0.0,0.6831683168316832,0.9748723486026977,3.0,No aggregate reversal under this configuration.,1502
dilazep dihydrochloride,0.0010188525305387611,1,2,1,2,0.5,0.5445544554455446,0.8758250825082509,3.0,No aggregate reversal under this configuration.,1503
irbesartan,0.0010206897117989427,2,5,2,5,0.4,0.6633663366336634,0.9686988875432311,4.0,No aggregate reversal under this configuration.,1504
stock1n-27488,0.0010572590351522583,4,9,6,12,0.4444444444444444,0.6534653465346535,0.9590784173474383,4.5,No aggregate reversal under this configuration.,1505
BRD-U86922168,0.0011493202105031521,2,6,2,6,0.3333333333333333,0.6435643564356436,0.9523930028785625,5.0,No aggregate reversal under this configuration.,1506
zileuton,0.0011506072214317572,2,4,2,4,0.5,0.6435643564356436,0.9523930028785625,4.5,No aggregate reversal under this configuration.,1507
BRD-K28916077,0.0012112685931613813,1,3,1,3,0.3333333333333333,0.5643564356435643,0.8927933776984256,4.333333333333333,No aggregate reversal under this configuration.,1508
BRD-K06009608,0.001214087711001119,1,3,1,3,0.3333333333333333,0.6039603960396039,0.9214573631276171,4.666666666666667,No aggregate reversal under this configuration.,1509
gr-108,0.0012178214194945008,0,1,0,1,0.0,0.5841584158415841,0.911051105110511,3.0,No aggregate reversal under this configuration.,1510
leflunomide,0.0012178214194945008,0,1,0,1,0.0,0.46534653465346537,0.7838127812781278,3.0,No aggregate reversal under this configuration.,1511
olomoucine,0.0012401411430562979,1,2,1,2,0.5,0.5445544554455446,0.8758250825082509,3.0,No aggregate reversal under this configuration.,1512
BRD-K94544211,0.0012402158079958363,0,1,0,1,0.0,0.594059405940594,0.9184523258734418,4.0,No aggregate reversal under this configuration.,1513
hy-10159,0.001247893228747601,1,5,1,5,0.2,0.5643564356435643,0.8927933776984256,4.6,No aggregate reversal under this configuration.,1514
BRD-K97936712,0.0012492435846128752,0,1,0,1,0.0,0.6534653465346535,0.9590784173474383,3.0,No aggregate reversal under this configuration.,1515
flumethasone,0.0012677338343693462,1,2,1,2,0.5,0.5742574257425742,0.9010705948643645,4.5,No aggregate reversal under this configuration.,1516
BRD-K86231656,0.001291340475760282,0,1,0,1,0.0,0.5841584158415841,0.911051105110511,4.0,No aggregate reversal under this configuration.,1517
WZ-7043,0.0012958471583545245,1,2,1,2,0.5,0.5346534653465347,0.8659142837360659,3.0,No aggregate reversal under this configuration.,1518
d 4476,0.0013005471105952144,0,1,0,1,0.0,0.693069306930693,0.9817422109183395,4.0,No aggregate reversal under this configuration.,1519
hy-11006,0.0013087532127431857,2,4,2,4,0.5,0.6039603960396039,0.9214573631276171,4.5,No aggregate reversal under this configuration.,1520
st4049616,0.00130940013046792,0,1,0,1,0.0,0.5346534653465347,0.8659142837360659,4.0,No aggregate reversal under this configuration.,1521
bithionate sodium,0.0013215366577243714,3,9,3,9,0.3333333333333333,0.6237623762376238,0.9380738073807381,4.222222222222222,No aggregate reversal under this configuration.,1522
BRD-K16472144,0.0013226783756231427,0,1,0,1,0.0,0.7029702970297029,0.9843284207501766,5.0,No aggregate reversal under this configuration.,1523
BRD-U73238814,0.0013248470834467665,1,2,1,2,0.5,0.5841584158415841,0.911051105110511,3.5,No aggregate reversal under this configuration.,1524
thonzonium bromide,0.001349284366337379,0,1,0,1,0.0,0.5742574257425742,0.9010705948643645,4.0,No aggregate reversal under this configuration.,1525
tgx-115,0.0013494384847806285,5,11,5,11,0.45454545454545453,0.7128712871287128,0.9862663685723411,3.909090909090909,No aggregate reversal under this configuration.,1526
BRD-K23673040,0.0013547276884858437,1,2,1,2,0.5,0.5445544554455446,0.8758250825082509,5.0,No aggregate reversal under this configuration.,1527
BRD-A67605442,0.0013587476616950707,0,1,0,1,0.0,0.6138613861386139,0.929825356636383,4.0,No aggregate reversal under this configuration.,1528
BRD-K69159985,0.0013691083503612,0,1,0,1,0.0,0.6534653465346535,0.9590784173474383,3.0,No aggregate reversal under this configuration.,1529
terbutaline hemisulfate,0.0013691083503612,0,1,0,1,0.0,0.5346534653465347,0.8659142837360659,3.0,No aggregate reversal under this configuration.,1530
JNK-IN-5A,0.0013976188005665685,8,17,8,17,0.47058823529411764,0.6435643564356436,0.9523930028785625,5.117647058823529,No aggregate reversal under this configuration.,1531
benzo[a]pyrene,0.0014038234374253115,0,1,0,1,0.0,0.6336633663366337,0.9468157138294474,5.0,No aggregate reversal under this configuration.,1532
s1120,0.0014208613565117132,4,8,4,8,0.5,0.6039603960396039,0.9214573631276171,4.75,No aggregate reversal under this configuration.,1533
vu0418939-2,0.001441033364963283,2,8,2,8,0.25,0.6138613861386139,0.929825356636383,4.5,No aggregate reversal under this configuration.,1534
terbinafine hcl,0.001450612120620456,0,1,0,1,0.0,0.5445544554455446,0.8758250825082509,4.0,No aggregate reversal under this configuration.,1535
aminopurvalanol a,0.001462690200015634,6,14,6,14,0.42857142857142855,0.6435643564356436,0.9523930028785625,4.571428571428571,No aggregate reversal under this configuration.,1536
pyrrolidinedithiocarbamate ammonium,0.0014666763245278847,0,1,0,1,0.0,0.6336633663366337,0.9468157138294474,3.0,No aggregate reversal under this configuration.,1537
amsacrine,0.0014756721286688207,5,12,6,14,0.4166666666666667,0.6039603960396039,0.9214573631276171,5.5,No aggregate reversal under this configuration.,1538
BRD-K53331454,0.0014818995846656601,0,1,0,1,0.0,0.6138613861386139,0.929825356636383,4.0,No aggregate reversal under this configuration.,1539
BRD-K59962020,0.0014955877162972035,1,3,1,3,0.3333333333333333,0.7128712871287128,0.9862663685723411,4.333333333333333,No aggregate reversal under this configuration.,1540
NVP-BEZ235,0.001502470408140404,25,59,25,59,0.423728813559322,0.693069306930693,0.9817422109183395,4.966101694915254,No aggregate reversal under this configuration.,1541
mls-0390818.0001,0.00151314037083877,0,1,0,1,0.0,0.5643564356435643,0.8927933776984256,4.0,No aggregate reversal under this configuration.,1542
dicyclomine hydrochloride,0.00151675552121254,0,1,0,1,0.0,0.6732673267326733,0.9715184602572408,3.0,No aggregate reversal under this configuration.,1543
donepezil hydrochloride,0.00151675552121254,0,1,0,1,0.0,0.6435643564356436,0.9523930028785625,3.0,No aggregate reversal under this configuration.,1544
nsc 632839 hydrochloride,0.00151675552121254,5,13,5,13,0.38461538461538464,0.6534653465346535,0.9590784173474383,4.538461538461538,No aggregate reversal under this configuration.,1545
BRD-K52321331,0.0015243972689998851,3,6,3,6,0.5,0.5742574257425742,0.9010705948643645,4.5,No aggregate reversal under this configuration.,1546
BRD-K10010115,0.0015276921712439068,0,1,0,1,0.0,0.7029702970297029,0.9843284207501766,5.0,No aggregate reversal under this configuration.,1547
mls-0435555.0001,0.001531251681778754,0,1,0,1,0.0,0.594059405940594,0.9184523258734418,5.0,No aggregate reversal under this configuration.,1548
BRD-K87343924 (wortmannin),0.0015673432037544887,2,5,2,5,0.4,0.7128712871287128,0.9862663685723411,3.8,No aggregate reversal under this configuration.,1549
I-BET151,0.0015823970505877537,13,27,13,27,0.48148148148148145,0.7128712871287128,0.9862663685723411,6.407407407407407,No aggregate reversal under this configuration.,1550
JW55,0.0015945033553540285,1,2,1,2,0.5,0.6435643564356436,0.9523930028785625,3.0,No aggregate reversal under this configuration.,1551
formoterol hemifumarate,0.0016039363565689751,1,2,1,2,0.5,0.6534653465346535,0.9590784173474383,3.5,No aggregate reversal under this configuration.,1552
ftorafur,0.0016080264816950478,0,1,0,1,0.0,0.6435643564356436,0.9523930028785625,4.0,No aggregate reversal under this configuration.,1553
ginsenoside-rc,0.0016142940584067491,0,1,0,1,0.0,0.6039603960396039,0.9214573631276171,3.0,No aggregate reversal under this configuration.,1554
dihydrosamidin,0.0016490315118660838,1,2,1,2,0.5,0.5742574257425742,0.9010705948643645,3.0,No aggregate reversal under this configuration.,1555
ag-014699 (pf-01367338),0.0017326381257756138,0,1,0,1,0.0,0.594059405940594,0.9184523258734418,4.0,No aggregate reversal under this configuration.,1556
e6 berbamine,0.0017337435715889778,1,2,1,2,0.5,0.594059405940594,0.9184523258734418,3.5,No aggregate reversal under this configuration.,1557
BRD-A68061604,0.0017762804488057225,0,1,0,1,0.0,0.7029702970297029,0.9843284207501766,3.0,No aggregate reversal under this configuration.,1558
INK-128,0.0018034465928635727,16,33,16,33,0.48484848484848486,0.7029702970297029,0.9843284207501766,5.545454545454546,No aggregate reversal under this configuration.,1559
mdl 29951,0.0018152964928605598,1,2,1,2,0.5,0.6138613861386139,0.929825356636383,3.0,No aggregate reversal under this configuration.,1560
nnc 26-9100,0.0018327225465394155,1,2,1,2,0.5,0.6831683168316832,0.9748723486026977,3.0,No aggregate reversal under this configuration.,1561
raltitrexed,0.00183641904792179,1,2,1,3,0.5,0.6237623762376238,0.9380738073807381,5.0,No aggregate reversal under this configuration.,1562
ly-294002,0.0018439583506754832,0,2,0,2,0.0,0.7227722772277227,0.9922587990867847,3.0,No aggregate reversal under this configuration.,1563
mercaptopurine,0.001856578915232486,0,1,0,1,0.0,0.6237623762376238,0.9380738073807381,4.0,No aggregate reversal under this configuration.,1564
fu jmbii127b,0.0018671769701281687,0,1,0,1,0.0,0.5445544554455446,0.8758250825082509,4.0,No aggregate reversal under this configuration.,1565
BRD-K90826279,0.0018964420467006094,1,3,1,3,0.3333333333333333,0.7227722772277227,0.9922587990867847,4.666666666666667,No aggregate reversal under this configuration.,1566
daunorubicin,0.0019028181565858785,4,9,5,11,0.4444444444444444,0.6237623762376238,0.9380738073807381,4.2727272727272725,No aggregate reversal under this configuration.,1567
immethridine dihydrobromide,0.0019035794173306443,0,1,0,1,0.0,0.5247524752475248,0.8546601495592597,4.0,No aggregate reversal under this configuration.,1568
aminocaproic acid,0.001909326217367102,0,1,0,1,0.0,0.6039603960396039,0.9214573631276171,3.0,No aggregate reversal under this configuration.,1569
BRD-K89329876,0.0019103523089441963,1,2,1,2,0.5,0.5643564356435643,0.8927933776984256,4.5,No aggregate reversal under this configuration.,1570
piperacetazine,0.0019256338824615703,1,2,1,2,0.5,0.5841584158415841,0.911051105110511,5.5,No aggregate reversal under this configuration.,1571
linoleamide,0.0019368276169034037,0,1,0,1,0.0,0.7425742574257426,0.999884872208151,3.0,No aggregate reversal under this configuration.,1572
BRD-A11702965,0.0019528943142440563,3,8,3,8,0.375,0.6237623762376238,0.9380738073807381,4.625,No aggregate reversal under this configuration.,1573
BRD-K07023879,0.0019627291037965146,1,3,1,3,0.3333333333333333,0.6831683168316832,0.9748723486026977,5.0,No aggregate reversal under this configuration.,1574
x0379,0.001966852680879081,1,3,1,3,0.3333333333333333,0.5643564356435643,0.8927933776984256,4.333333333333333,No aggregate reversal under this configuration.,1575
ncgc00183406-01,0.001976673825233058,0,1,0,1,0.0,0.6237623762376238,0.9380738073807381,5.0,No aggregate reversal under this configuration.,1576
vinblastine sulfate,0.0019853038777861163,2,4,3,5,0.5,0.6336633663366337,0.9468157138294474,4.2,No aggregate reversal under this configuration.,1577
A443654,0.0019915351100670753,35,76,35,76,0.4605263157894737,0.801980198019802,1.0,5.2368421052631575,No aggregate reversal under this configuration.,1578
GSK-1059615,0.00200377935465029,27,60,49,117,0.45,0.8118811881188119,1.0,5.35042735042735,No aggregate reversal under this configuration.,1579
caffeic acid phenethyl ester,0.002045415036452701,1,3,1,3,0.3333333333333333,0.6633663366336634,0.9686988875432311,4.666666666666667,No aggregate reversal under this configuration.,1580
ncgc00184830-01,0.0020492964363747496,1,3,1,3,0.3333333333333333,0.5841584158415841,0.911051105110511,3.6666666666666665,No aggregate reversal under this configuration.,1581
BRD-A25337146,0.002063076924959755,1,3,1,3,0.3333333333333333,0.7920792079207921,1.0,3.6666666666666665,No aggregate reversal under this configuration.,1582
BRD-K05104363,0.002076393286813133,2,5,2,6,0.4,0.6138613861386139,0.929825356636383,3.8333333333333335,No aggregate reversal under this configuration.,1583
noscapine hydrochloride,0.0020793204434905958,0,1,0,1,0.0,0.5742574257425742,0.9010705948643645,5.0,No aggregate reversal under this configuration.,1584
pac 1,0.0020941176547398022,6,14,8,19,0.42857142857142855,0.6336633663366337,0.9468157138294474,4.894736842105263,No aggregate reversal under this configuration.,1585
ei-332,0.0020954800700732704,0,3,0,3,0.0,0.7128712871287128,0.9862663685723411,4.666666666666667,No aggregate reversal under this configuration.,1586
BRD-K36055864 (cycloheximide),0.0021062958379453366,1,4,1,4,0.25,0.594059405940594,0.9184523258734418,3.75,No aggregate reversal under this configuration.,1587
BI-2536,0.0021373716381547156,39,83,44,97,0.46987951807228917,0.7821782178217822,1.0,5.824742268041237,No aggregate reversal under this configuration.,1588
BRD-K40175214,0.0021626433107105143,2,7,2,7,0.2857142857142857,0.6534653465346535,0.9590784173474383,3.857142857142857,No aggregate reversal under this configuration.,1589
s1080,0.0021643714374705025,0,1,0,1,0.0,0.5643564356435643,0.8927933776984256,3.0,No aggregate reversal under this configuration.,1590
s-8599,0.0021779917301999506,1,2,1,2,0.5,0.6831683168316832,0.9748723486026977,5.0,No aggregate reversal under this configuration.,1591
16-hydroxytriptolide,0.0021876020130950644,13,31,13,31,0.41935483870967744,0.7821782178217822,1.0,4.806451612903226,No aggregate reversal under this configuration.,1592
mometasone furoate,0.00219255458051657,1,3,1,3,0.3333333333333333,0.6435643564356436,0.9523930028785625,3.6666666666666665,No aggregate reversal under this configuration.,1593
BRD-K82971429,0.0022359472523711234,0,1,0,1,0.0,0.5643564356435643,0.8927933776984256,5.0,No aggregate reversal under this configuration.,1594
BRD-K30804015,0.0022540527988423225,0,1,0,1,0.0,0.7821782178217822,1.0,3.0,No aggregate reversal under this configuration.,1595
s1367,0.0022641937801047484,0,5,0,5,0.0,0.6039603960396039,0.9214573631276171,5.0,No aggregate reversal under this configuration.,1596
thioguanosine,0.0022643809321151896,0,1,0,1,0.0,0.45544554455445546,0.7738898614733081,4.0,No aggregate reversal under this configuration.,1597
vu0415533-1,0.002276626931608736,0,1,0,1,0.0,0.7227722772277227,0.9922587990867847,3.0,No aggregate reversal under this configuration.,1598
BRD-K74133369,0.0022769594413974297,2,4,2,4,0.5,0.8217821782178217,1.0,3.5,No aggregate reversal under this configuration.,1599
imatinib,0.0022849970048949148,3,6,3,6,0.5,0.8811881188118812,1.0,3.8333333333333335,No aggregate reversal under this configuration.,1600
ncgc00242340-01,0.0022980481306969563,1,3,1,3,0.3333333333333333,0.6534653465346535,0.9590784173474383,3.3333333333333335,No aggregate reversal under this configuration.,1601
ncgc00242335-01,0.002298717306428796,0,1,0,1,0.0,0.6039603960396039,0.9214573631276171,3.0,No aggregate reversal under this configuration.,1602
bi 2536,0.00230873760702386,12,27,12,27,0.4444444444444444,0.7326732673267327,0.9946490545889289,5.444444444444445,No aggregate reversal under this configuration.,1603
buparlisib,0.002313605659541893,9,23,9,23,0.391304347826087,0.7623762376237624,1.0,4.608695652173913,No aggregate reversal under this configuration.,1604
entinostat,0.0023158111491912315,11,23,11,23,0.4782608695652174,0.8118811881188119,1.0,5.608695652173913,No aggregate reversal under this configuration.,1605
PF-562271,0.0023203359904862206,9,22,9,22,0.4090909090909091,0.7920792079207921,1.0,6.181818181818182,No aggregate reversal under this configuration.,1606
isotretinoin,0.0023217725284679887,2,4,3,6,0.5,0.7326732673267327,0.9946490545889289,3.5,No aggregate reversal under this configuration.,1607
CGP-60474,0.002355275328404167,52,120,78,220,0.43333333333333335,0.7623762376237624,1.0,5.663636363636364,No aggregate reversal under this configuration.,1608
BRD-K61717269,0.002357576055990125,4,8,4,8,0.5,0.6237623762376238,0.9380738073807381,5.5,No aggregate reversal under this configuration.,1609
5-azacytidine,0.0023861483987127705,1,3,1,3,0.3333333333333333,0.6138613861386139,0.929825356636383,5.333333333333333,No aggregate reversal under this configuration.,1610
OSI-930,0.002399103621249756,2,5,2,5,0.4,0.8712871287128713,1.0,4.0,No aggregate reversal under this configuration.,1611
st056792,0.002407836778238929,1,3,1,3,0.3333333333333333,0.6336633663366337,0.9468157138294474,5.333333333333333,No aggregate reversal under this configuration.,1612
bu 239 hydrochloride,0.0024214891240384,0,1,0,1,0.0,0.5742574257425742,0.9010705948643645,4.0,No aggregate reversal under this configuration.,1613
fenoterol hydrobromide,0.002440819420875113,0,1,0,1,0.0,0.5643564356435643,0.8927933776984256,3.0,No aggregate reversal under this configuration.,1614
carbazol-9-yl-p-tolyl-methanone,0.0024422849537728743,1,4,1,4,0.25,0.7425742574257426,0.999884872208151,4.75,No aggregate reversal under this configuration.,1615
afatinib,0.0024680523962657833,18,39,18,39,0.46153846153846156,0.7128712871287128,0.9862663685723411,5.564102564102564,No aggregate reversal under this configuration.,1616
ncgc00183691-01,0.0024776990854279133,0,3,0,3,0.0,0.7326732673267327,0.9946490545889289,4.333333333333333,No aggregate reversal under this configuration.,1617
BRD-U86222656,0.0024794081880516803,2,4,2,4,0.5,0.693069306930693,0.9817422109183395,4.0,No aggregate reversal under this configuration.,1618
imodium,0.002481592851015918,2,5,2,5,0.4,0.801980198019802,1.0,4.6,No aggregate reversal under this configuration.,1619
BRD-K86472598,0.002518077921146877,3,8,3,8,0.375,0.7227722772277227,0.9922587990867847,4.0,No aggregate reversal under this configuration.,1620
mls-0390843.0001,0.002523396184638627,0,1,0,1,0.0,0.693069306930693,0.9817422109183395,3.0,No aggregate reversal under this configuration.,1621
s1455,0.0025236876669737247,1,2,1,2,0.5,0.6831683168316832,0.9748723486026977,3.0,No aggregate reversal under this configuration.,1622
PD-173074,0.002534230017778475,5,14,5,14,0.35714285714285715,0.7425742574257426,0.999884872208151,4.428571428571429,No aggregate reversal under this configuration.,1623
cccp,0.0025376041222382717,3,8,3,8,0.375,0.6732673267326733,0.9715184602572408,5.0,No aggregate reversal under this configuration.,1624
dacomitinib,0.002543451644904278,5,11,5,11,0.45454545454545453,0.7425742574257426,0.999884872208151,4.909090909090909,No aggregate reversal under this configuration.,1625
c3393m50,0.0025585628690324635,1,4,1,4,0.25,0.6732673267326733,0.9715184602572408,4.5,No aggregate reversal under this configuration.,1626
gw 0742,0.002583726335087945,0,1,0,1,0.0,0.7623762376237624,1.0,3.0,No aggregate reversal under this configuration.,1627
acamprosate calcium,0.0025904971476592813,0,1,0,1,0.0,0.6831683168316832,0.9748723486026977,4.0,No aggregate reversal under this configuration.,1628
isoquercitrin,0.0025929711631107566,1,2,1,2,0.5,0.6831683168316832,0.9748723486026977,4.5,No aggregate reversal under this configuration.,1629
indirubin-3-oxime,0.0026149528645584745,1,3,1,3,0.3333333333333333,0.7029702970297029,0.9843284207501766,3.0,No aggregate reversal under this configuration.,1630
BMS-345541,0.0026183761355607956,10,24,10,24,0.4166666666666667,0.8316831683168316,1.0,5.125,No aggregate reversal under this configuration.,1631
BRD-A37735495,0.0026235340400039206,1,3,1,3,0.3333333333333333,0.5445544554455446,0.8758250825082509,4.0,No aggregate reversal under this configuration.,1632
kuc104491 kuc104491n,0.0026244631306129537,0,1,0,1,0.0,0.7227722772277227,0.9922587990867847,3.0,No aggregate reversal under this configuration.,1633
BRD-K19181733,0.00268914508411368,0,1,0,1,0.0,0.6435643564356436,0.9523930028785625,5.0,No aggregate reversal under this configuration.,1634
mls-0146291.0001,0.0026931708594573594,0,1,0,1,0.0,0.6732673267326733,0.9715184602572408,5.0,No aggregate reversal under this configuration.,1635
remacemide hydrochloride,0.0027046188612427323,0,1,0,1,0.0,0.7128712871287128,0.9862663685723411,4.0,No aggregate reversal under this configuration.,1636
quinacrine dihydrochloride dihydrate,0.002717683521041201,11,29,13,34,0.3793103448275862,0.7722772277227723,1.0,5.264705882352941,No aggregate reversal under this configuration.,1637
ciclopirox ethanolamine,0.0027186443189021656,0,2,0,2,0.0,0.6435643564356436,0.9523930028785625,5.5,No aggregate reversal under this configuration.,1638
BRD-K58900438,0.0027199410671596286,0,1,0,1,0.0,0.594059405940594,0.9184523258734418,3.0,No aggregate reversal under this configuration.,1639
AST1306,0.0027338714831790702,1,3,1,3,0.3333333333333333,0.693069306930693,0.9817422109183395,3.3333333333333335,No aggregate reversal under this configuration.,1640
dihydro-7-desacetyldeoxygedunin,0.002736708169054877,0,1,0,1,0.0,0.7722772277227723,1.0,4.0,No aggregate reversal under this configuration.,1641
(-)-JQ1,0.0027468191703711323,0,3,0,3,0.0,0.7425742574257426,0.999884872208151,3.6666666666666665,No aggregate reversal under this configuration.,1642
ed csc 15,0.0027472213322137194,1,2,1,2,0.5,0.5346534653465347,0.8659142837360659,6.5,No aggregate reversal under this configuration.,1643
PHA-665752,0.002780590283103331,4,14,4,14,0.2857142857142857,0.8613861386138614,1.0,4.428571428571429,No aggregate reversal under this configuration.,1644
XMD-885,0.002801233270293444,3,7,3,7,0.42857142857142855,0.7128712871287128,0.9862663685723411,5.285714285714286,No aggregate reversal under this configuration.,1645
emetine dihydrochloride hydrate (74),0.0028175650130256216,10,23,10,23,0.43478260869565216,0.7128712871287128,0.9862663685723411,4.260869565217392,No aggregate reversal under this configuration.,1646
azacitidine,0.0028271553334345677,6,16,6,16,0.375,0.7623762376237624,1.0,5.625,No aggregate reversal under this configuration.,1647
hy-10044,0.002833633444708588,4,9,4,9,0.4444444444444444,0.801980198019802,1.0,4.111111111111111,No aggregate reversal under this configuration.,1648
BRD-K45205755,0.002839672881818277,0,1,0,1,0.0,0.594059405940594,0.9184523258734418,3.0,No aggregate reversal under this configuration.,1649
triciribine,0.0028479732535561936,2,7,3,8,0.2857142857142857,0.7128712871287128,0.9862663685723411,5.5,No aggregate reversal under this configuration.,1650
JNK-9L,0.0028549170718893523,24,55,24,55,0.43636363636363634,0.8415841584158416,1.0,5.527272727272727,No aggregate reversal under this configuration.,1651
p8624,0.002868401704232005,3,9,3,9,0.3333333333333333,0.594059405940594,0.9184523258734418,4.0,No aggregate reversal under this configuration.,1652
kuc103443n,0.0029639936105927377,0,1,0,1,0.0,0.5742574257425742,0.9010705948643645,5.0,No aggregate reversal under this configuration.,1653
l-sulforophane,0.0029703612094937916,4,10,4,10,0.4,0.7920792079207921,1.0,4.2,No aggregate reversal under this configuration.,1654
nifedipine,0.0029764477365018093,1,3,1,3,0.3333333333333333,0.7524752475247525,1.0,4.666666666666667,No aggregate reversal under this configuration.,1655
ncgc00183260-01,0.002995755037127221,0,1,0,1,0.0,0.7524752475247525,1.0,4.0,No aggregate reversal under this configuration.,1656
epicatechin monogallate,0.003027903381507697,0,1,0,1,0.0,0.7227722772277227,0.9922587990867847,3.0,No aggregate reversal under this configuration.,1657
s1018,0.0030517395601658845,2,5,2,5,0.4,0.7524752475247525,1.0,5.0,No aggregate reversal under this configuration.,1658
gr 127935 hydrochloride,0.003055004957862812,2,5,2,5,0.4,0.6831683168316832,0.9748723486026977,4.6,No aggregate reversal under this configuration.,1659
BRD-K84762162,0.0030669876377532905,0,1,0,1,0.0,0.6831683168316832,0.9748723486026977,3.0,No aggregate reversal under this configuration.,1660
GW-843682X,0.003096541553384264,5,16,5,16,0.3125,0.8811881188118812,1.0,4.1875,No aggregate reversal under this configuration.,1661
flecainide acetate,0.003096598238303973,0,1,0,1,0.0,0.693069306930693,0.9817422109183395,3.0,No aggregate reversal under this configuration.,1662
paclitaxel,0.0031205126595594177,1,2,1,2,0.5,0.6732673267326733,0.9715184602572408,3.5,No aggregate reversal under this configuration.,1663
ZM-447439,0.003129882701568113,3,9,3,9,0.3333333333333333,0.7623762376237624,1.0,4.444444444444445,No aggregate reversal under this configuration.,1664
AZD-5438,0.0031647735867881906,20,49,20,49,0.40816326530612246,0.8118811881188119,1.0,5.63265306122449,No aggregate reversal under this configuration.,1665
norketamine hydrochloride,0.003171150651902819,0,1,0,1,0.0,0.5841584158415841,0.911051105110511,3.0,No aggregate reversal under this configuration.,1666
GDC-0980,0.0032125229567563623,19,41,19,41,0.4634146341463415,0.7821782178217822,1.0,5.048780487804878,No aggregate reversal under this configuration.,1667
vu0418934-2,0.0032195677910239347,2,6,2,6,0.3333333333333333,0.6732673267326733,0.9715184602572408,4.333333333333333,No aggregate reversal under this configuration.,1668
BRD-K97629076,0.003244451057486086,0,1,0,1,0.0,0.7722772277227723,1.0,5.0,No aggregate reversal under this configuration.,1669
butamben,0.0032799656379767722,0,1,0,1,0.0,0.6831683168316832,0.9748723486026977,4.0,No aggregate reversal under this configuration.,1670
BRD-A61825514,0.0032805537426523496,1,2,1,2,0.5,0.801980198019802,1.0,4.0,No aggregate reversal under this configuration.,1671
AZD-1480,0.003280652437634486,0,1,0,1,0.0,0.801980198019802,1.0,3.0,No aggregate reversal under this configuration.,1672
BRD-K33720394,0.0032861056788660624,0,2,0,2,0.0,0.6732673267326733,0.9715184602572408,3.0,No aggregate reversal under this configuration.,1673
XMD16-144,0.0032883486313582764,16,41,16,41,0.3902439024390244,0.8712871287128713,1.0,4.853658536585366,No aggregate reversal under this configuration.,1674
5-nonyloxytryptamine,0.0033191839206603204,1,4,1,4,0.25,0.8316831683168316,1.0,4.5,No aggregate reversal under this configuration.,1675
trichostatin a,0.0033228237983148794,18,46,32,175,0.391304347826087,0.7920792079207921,1.0,4.72,No aggregate reversal under this configuration.,1676
Y-39983,0.0033544498177255685,5,16,5,16,0.3125,0.9108910891089109,1.0,4.8125,No aggregate reversal under this configuration.,1677
BRD-K70871370,0.0033916058881765443,1,2,1,2,0.5,0.6534653465346535,0.9590784173474383,4.0,No aggregate reversal under this configuration.,1678
cladribine,0.00340185181257353,1,2,1,2,0.5,0.693069306930693,0.9817422109183395,6.5,No aggregate reversal under this configuration.,1679
CX-5461,0.003408120552086531,4,12,4,12,0.3333333333333333,0.8613861386138614,1.0,4.416666666666667,No aggregate reversal under this configuration.,1680
wiskostatin,0.0034526542066316253,1,3,1,3,0.3333333333333333,0.7326732673267327,0.9946490545889289,3.3333333333333335,No aggregate reversal under this configuration.,1681
triprolidine hydrochloride,0.003470363110036437,0,1,0,1,0.0,0.7029702970297029,0.9843284207501766,4.0,No aggregate reversal under this configuration.,1682
ncgc00167094-01,0.0034788939941665068,1,4,1,4,0.25,0.8217821782178217,1.0,3.75,No aggregate reversal under this configuration.,1683
cyclo [arg-gly-asp-d-phe-val],0.003495783908737877,0,1,0,1,0.0,0.6732673267326733,0.9715184602572408,3.0,No aggregate reversal under this configuration.,1684
BRD-A63583287,0.0035041082348735925,1,3,1,3,0.3333333333333333,0.7425742574257426,0.999884872208151,4.333333333333333,No aggregate reversal under this configuration.,1685
pelitinib,0.0035041307409968536,16,33,16,33,0.48484848484848486,0.8118811881188119,1.0,5.575757575757576,No aggregate reversal under this configuration.,1686
BRD-K25979535,0.0035066194290562336,1,2,1,2,0.5,0.7524752475247525,1.0,3.0,No aggregate reversal under this configuration.,1687
rottlerin,0.0035141399804238084,1,5,1,5,0.2,0.7029702970297029,0.9843284207501766,4.8,No aggregate reversal under this configuration.,1688
bms-536924,0.0035162075388285342,3,12,3,12,0.25,0.7326732673267327,0.9946490545889289,4.916666666666667,No aggregate reversal under this configuration.,1689
testosterone propionate,0.003516443562149258,1,3,2,5,0.3333333333333333,0.7425742574257426,0.999884872208151,4.2,No aggregate reversal under this configuration.,1690
BRD-K06750613,0.0035388031869764813,2,6,2,6,0.3333333333333333,0.7227722772277227,0.9922587990867847,4.333333333333333,No aggregate reversal under this configuration.,1691
BRD-K02113016,0.003542710936076659,2,5,2,5,0.4,0.7722772277227723,1.0,4.4,No aggregate reversal under this configuration.,1692
nsc 23766,0.0035505834728313808,2,6,2,6,0.3333333333333333,0.7920792079207921,1.0,4.5,No aggregate reversal under this configuration.,1693
pp 1,0.003555748366806182,1,4,1,4,0.25,0.7029702970297029,0.9843284207501766,4.0,No aggregate reversal under this configuration.,1694
megestrol acetate,0.0035783737405268583,0,1,0,2,0.0,0.6435643564356436,0.9523930028785625,3.5,No aggregate reversal under this configuration.,1695
jtc 801,0.003591274075477242,2,4,2,4,0.5,0.693069306930693,0.9817422109183395,5.5,No aggregate reversal under this configuration.,1696
purmorphamine,0.0036027543575832457,1,2,1,2,0.5,0.7326732673267327,0.9946490545889289,3.5,No aggregate reversal under this configuration.,1697
BRD-A83124583,0.003620822886600431,2,5,2,5,0.4,0.8217821782178217,1.0,3.6,No aggregate reversal under this configuration.,1698
dactinomycin,0.0036390475032303847,1,10,1,13,0.1,0.7227722772277227,0.9922587990867847,5.076923076923077,No aggregate reversal under this configuration.,1699
BRD-K38634661,0.0036409760730803627,0,1,0,1,0.0,0.7326732673267327,0.9946490545889289,3.0,No aggregate reversal under this configuration.,1700
gr 55562 dihydrochloride,0.0036597184462533964,0,1,0,1,0.0,0.6633663366336634,0.9686988875432311,3.0,No aggregate reversal under this configuration.,1701
BRD-K88278225,0.0036637170932663863,0,1,0,1,0.0,0.6732673267326733,0.9715184602572408,3.0,No aggregate reversal under this configuration.,1702
methocarbamol,0.003663970450232,0,1,0,1,0.0,0.6633663366336634,0.9686988875432311,3.0,No aggregate reversal under this configuration.,1703
BIX-01294,0.0036982345559912386,1,4,1,4,0.25,0.7326732673267327,0.9946490545889289,6.0,No aggregate reversal under this configuration.,1704
pyrvinium pamoate,0.0037003817067899833,1,3,1,3,0.3333333333333333,0.6831683168316832,0.9748723486026977,4.333333333333333,No aggregate reversal under this configuration.,1705
pre-084 hydrochloride,0.0037191747499723572,0,1,0,1,0.0,0.7326732673267327,0.9946490545889289,3.0,No aggregate reversal under this configuration.,1706
km 00927,0.0037247586129367733,4,9,4,9,0.4444444444444444,0.7524752475247525,1.0,4.222222222222222,No aggregate reversal under this configuration.,1707
torin-2,0.0037412211758027433,23,59,23,59,0.3898305084745763,0.7524752475247525,1.0,5.186440677966102,No aggregate reversal under this configuration.,1708
BRD-K51189903,0.0037545801764644875,0,1,0,1,0.0,0.8217821782178217,1.0,3.0,No aggregate reversal under this configuration.,1709
BRD-K60067222,0.0037630052402070485,1,3,1,3,0.3333333333333333,0.8316831683168316,1.0,3.6666666666666665,No aggregate reversal under this configuration.,1710
BRD-K93443135,0.003773941880413247,1,2,1,2,0.5,0.7029702970297029,0.9843284207501766,3.5,No aggregate reversal under this configuration.,1711
prl-3 inhibitor i,0.0037745353479588396,1,2,1,2,0.5,0.6138613861386139,0.929825356636383,3.0,No aggregate reversal under this configuration.,1712
BRD-K83151319,0.003779383312265916,0,1,0,1,0.0,0.7722772277227723,1.0,3.0,No aggregate reversal under this configuration.,1713
BRD-K45399554,0.0037798960890313054,3,8,4,9,0.375,0.801980198019802,1.0,4.222222222222222,No aggregate reversal under this configuration.,1714
kenpaullone,0.0037881645498589705,2,5,2,5,0.4,0.8118811881188119,1.0,4.0,No aggregate reversal under this configuration.,1715
dexamethasone,0.00379465793201048,3,6,3,6,0.5,0.7524752475247525,1.0,4.166666666666667,No aggregate reversal under this configuration.,1716
BRD-U31801276,0.0038467623516111223,0,1,0,1,0.0,0.6732673267326733,0.9715184602572408,3.0,No aggregate reversal under this configuration.,1717
BRD-K16541732,0.003846832623300482,1,3,1,3,0.3333333333333333,0.7128712871287128,0.9862663685723411,3.3333333333333335,No aggregate reversal under this configuration.,1718
BRD-K24346336,0.003846832623300482,0,1,0,1,0.0,0.7524752475247525,1.0,3.0,No aggregate reversal under this configuration.,1719
BRD-K72883421,0.003859091694000543,0,1,0,1,0.0,0.6732673267326733,0.9715184602572408,3.0,No aggregate reversal under this configuration.,1720
BRD-K50140147,0.0038809789052565375,6,14,9,19,0.42857142857142855,0.8910891089108911,1.0,4.631578947368421,No aggregate reversal under this configuration.,1721
chlormethiazole hydrochloride,0.0039039449266885257,0,1,0,1,0.0,0.8811881188118812,1.0,4.0,No aggregate reversal under this configuration.,1722
necrostatin-1,0.0039052006691750333,1,3,1,3,0.3333333333333333,0.6633663366336634,0.9686988875432311,5.333333333333333,No aggregate reversal under this configuration.,1723
mycophenolic acid,0.0039195219163727715,2,5,2,5,0.4,0.7821782178217822,1.0,3.6,No aggregate reversal under this configuration.,1724
MLN-8054,0.003971929308119515,4,11,4,11,0.36363636363636365,0.8910891089108911,1.0,4.181818181818182,No aggregate reversal under this configuration.,1725
WH-4-025,0.003974486600485928,13,28,13,28,0.4642857142857143,0.8811881188118812,1.0,4.571428571428571,No aggregate reversal under this configuration.,1726
trifluoperazine dihydrochloride,0.003975329010846899,2,5,2,5,0.4,0.7821782178217822,1.0,4.6,No aggregate reversal under this configuration.,1727
s1475,0.00398810747901366,2,4,2,4,0.5,0.7722772277227723,1.0,4.25,No aggregate reversal under this configuration.,1728
piretanide,0.003995626360892624,1,2,1,2,0.5,0.801980198019802,1.0,3.5,No aggregate reversal under this configuration.,1729
srt-1720,0.004005035417568239,0,1,0,1,0.0,0.7920792079207921,1.0,4.0,No aggregate reversal under this configuration.,1730
BX-795,0.004026060209515046,4,8,4,8,0.5,0.7920792079207921,1.0,4.5,No aggregate reversal under this configuration.,1731
mitomycin c,0.00404029183139077,3,11,3,12,0.2727272727272727,0.801980198019802,1.0,4.666666666666667,No aggregate reversal under this configuration.,1732
BRD-A12633378,0.004046958858123681,1,2,1,2,0.5,0.8118811881188119,1.0,3.0,No aggregate reversal under this configuration.,1733
hy-10459,0.004057243716627243,4,12,4,12,0.3333333333333333,0.6831683168316832,0.9748723486026977,5.25,No aggregate reversal under this configuration.,1734
azithromycin,0.004062869009543035,0,1,0,1,0.0,0.8118811881188119,1.0,3.0,No aggregate reversal under this configuration.,1735
BRD-K12002134,0.004143883121806167,0,1,0,1,0.0,0.7524752475247525,1.0,5.0,No aggregate reversal under this configuration.,1736
idarubicin hcl,0.004145500355194615,1,4,1,4,0.25,0.7425742574257426,0.999884872208151,4.0,No aggregate reversal under this configuration.,1737
BRD-K58547240,0.0041465679710731606,1,2,1,2,0.5,0.801980198019802,1.0,3.5,No aggregate reversal under this configuration.,1738
BRD-K04156788,0.004179675869882563,1,2,1,2,0.5,0.7227722772277227,0.9922587990867847,4.0,No aggregate reversal under this configuration.,1739
siguazodan,0.004182742433925532,1,2,1,2,0.5,0.7128712871287128,0.9862663685723411,4.0,No aggregate reversal under this configuration.,1740
brinzolamide,0.004185381951946932,1,2,1,2,0.5,0.693069306930693,0.9817422109183395,5.0,No aggregate reversal under this configuration.,1741
s1030,0.004186177719005555,4,10,4,10,0.4,0.7524752475247525,1.0,4.7,No aggregate reversal under this configuration.,1742
ly 288513,0.004199210513888409,0,1,0,1,0.0,0.6435643564356436,0.9523930028785625,3.0,No aggregate reversal under this configuration.,1743
JWE-035,0.004206051042757073,6,14,6,14,0.42857142857142855,0.801980198019802,1.0,5.5,No aggregate reversal under this configuration.,1744
"chrysene-1,4-quinone",0.004241115547422412,1,3,1,3,0.3333333333333333,0.8415841584158416,1.0,5.0,No aggregate reversal under this configuration.,1745
HG-14-10-04,0.004250877344862004,5,13,5,13,0.38461538461538464,0.8217821782178217,1.0,5.153846153846154,No aggregate reversal under this configuration.,1746
"na-tosyl-lys chloromethyl ketone, hydrochloride",0.004358904640792086,0,1,0,1,0.0,0.6039603960396039,0.9214573631276171,6.0,No aggregate reversal under this configuration.,1747
BRD-K80348542,0.0043631768027678625,6,12,6,12,0.5,0.7524752475247525,1.0,4.25,No aggregate reversal under this configuration.,1748
bromocriptine mesylate,0.004404203585997453,1,2,1,2,0.5,0.801980198019802,1.0,4.0,No aggregate reversal under this configuration.,1749
BRD-A52193669,0.004411563693123836,1,4,1,4,0.25,0.8613861386138614,1.0,4.0,No aggregate reversal under this configuration.,1750
bmy 14802 hydrochloride,0.004441452495620125,0,1,0,1,0.0,0.7821782178217822,1.0,3.0,No aggregate reversal under this configuration.,1751
pravastatin sodium,0.004529147589800817,0,1,0,1,0.0,0.7623762376237624,1.0,5.0,No aggregate reversal under this configuration.,1752
piroxicam,0.0045314729477128135,1,2,2,3,0.5,0.7326732673267327,0.9946490545889289,4.333333333333333,No aggregate reversal under this configuration.,1753
ivachtin,0.004557794606282273,0,1,0,1,0.0,0.9603960396039604,1.0,3.0,No aggregate reversal under this configuration.,1754
BRD-K20000640,0.004575963059109919,1,3,1,3,0.3333333333333333,0.8514851485148515,1.0,3.6666666666666665,No aggregate reversal under this configuration.,1755
BRD-A30455275,0.004580758316083341,0,1,0,1,0.0,0.6336633663366337,0.9468157138294474,4.0,No aggregate reversal under this configuration.,1756
pp-30,0.00460122694252796,4,11,4,11,0.36363636363636365,0.9108910891089109,1.0,4.181818181818182,No aggregate reversal under this configuration.,1757
st4028268,0.004636538194374618,1,2,1,2,0.5,0.8217821782178217,1.0,3.0,No aggregate reversal under this configuration.,1758
BRD-A84102390,0.004646643823730024,0,1,0,1,0.0,0.6732673267326733,0.9715184602572408,4.0,No aggregate reversal under this configuration.,1759
hy-11004,0.004648436687624945,2,6,2,6,0.3333333333333333,0.801980198019802,1.0,3.8333333333333335,No aggregate reversal under this configuration.,1760
BRD-U00779237,0.004660162676250812,2,10,2,10,0.2,0.7524752475247525,1.0,4.4,No aggregate reversal under this configuration.,1761
ncgc00241726-01,0.004706786550433903,0,1,0,1,0.0,0.7029702970297029,0.9843284207501766,6.0,No aggregate reversal under this configuration.,1762
flubendazole,0.004714402720237466,1,3,1,3,0.3333333333333333,0.7920792079207921,1.0,5.666666666666667,No aggregate reversal under this configuration.,1763
norethindrone,0.004734127020037234,1,3,2,5,0.3333333333333333,0.7623762376237624,1.0,4.4,No aggregate reversal under this configuration.,1764
mitoxantrone,0.004753195269051946,34,87,56,151,0.39080459770114945,0.9207920792079208,1.0,6.119205298013245,No aggregate reversal under this configuration.,1765
VX-745,0.004762620781291737,0,1,0,1,0.0,0.7326732673267327,0.9946490545889289,3.0,No aggregate reversal under this configuration.,1766
clobetasol,0.004772296209867739,0,1,0,1,0.0,0.7623762376237624,1.0,3.0,No aggregate reversal under this configuration.,1767
phenformin hydrochloride,0.0047763078367914005,0,1,0,1,0.0,0.7029702970297029,0.9843284207501766,3.0,No aggregate reversal under this configuration.,1768
s1174,0.004820938035849398,0,1,0,1,0.0,0.8415841584158416,1.0,3.0,No aggregate reversal under this configuration.,1769
BRD-K13810148,0.004834571562559958,0,2,0,2,0.0,0.7128712871287128,0.9862663685723411,3.0,No aggregate reversal under this configuration.,1770
cinanserin hydrochloride,0.004837155003062955,0,1,0,1,0.0,0.7524752475247525,1.0,3.0,No aggregate reversal under this configuration.,1771
st4029573,0.0048387534932571325,1,4,1,4,0.25,0.8712871287128713,1.0,3.75,No aggregate reversal under this configuration.,1772
BRD-K88868628,0.004846918857227572,0,2,0,2,0.0,0.7722772277227723,1.0,5.5,No aggregate reversal under this configuration.,1773
ru 24969,0.0048702607815083385,0,1,0,1,0.0,0.6831683168316832,0.9748723486026977,3.0,No aggregate reversal under this configuration.,1774
cpccoet,0.004880034634110209,0,1,0,1,0.0,0.7920792079207921,1.0,3.0,No aggregate reversal under this configuration.,1775
ncgc00183226-01,0.004880595285933154,1,5,1,5,0.2,0.7821782178217822,1.0,4.8,No aggregate reversal under this configuration.,1776
BRD-K02646507,0.0048886662631274615,0,1,0,1,0.0,0.6039603960396039,0.9214573631276171,3.0,No aggregate reversal under this configuration.,1777
BRD-K59705555,0.004896828267170169,0,1,0,1,0.0,0.6237623762376238,0.9380738073807381,4.0,No aggregate reversal under this configuration.,1778
KIN001-043,0.0048980517489729865,19,42,19,42,0.4523809523809524,0.9306930693069307,1.0,5.595238095238095,No aggregate reversal under this configuration.,1779
prestw-550,0.004942521551728422,2,6,2,6,0.3333333333333333,0.8415841584158416,1.0,5.0,No aggregate reversal under this configuration.,1780
HG-14-8-02,0.004948943919212858,4,8,4,8,0.5,0.7920792079207921,1.0,6.5,No aggregate reversal under this configuration.,1781
BRD-K74761218,0.004952655319028018,2,6,2,6,0.3333333333333333,0.8514851485148515,1.0,3.8333333333333335,No aggregate reversal under this configuration.,1782
BRD-K33116223,0.005037206097255039,1,2,1,2,0.5,0.8613861386138614,1.0,3.0,No aggregate reversal under this configuration.,1783
mitoxantrone dihydrochloride,0.005067532012535854,3,12,5,19,0.25,0.7524752475247525,1.0,4.684210526315789,No aggregate reversal under this configuration.,1784
BRD-K57019930,0.005072365774769412,0,1,0,1,0.0,0.6336633663366337,0.9468157138294474,3.0,No aggregate reversal under this configuration.,1785
ncgc00012852-02,0.005081071661499202,0,1,0,1,0.0,0.7227722772277227,0.9922587990867847,3.0,No aggregate reversal under this configuration.,1786
tcs 359,0.005085177615323574,1,2,1,2,0.5,0.7920792079207921,1.0,3.0,No aggregate reversal under this configuration.,1787
vu0365121-1,0.0050873069053525835,0,1,0,1,0.0,0.8316831683168316,1.0,3.0,No aggregate reversal under this configuration.,1788
vorinostat,0.005088155170960829,29,78,49,214,0.3717948717948718,0.9207920792079208,1.0,5.271028037383178,No aggregate reversal under this configuration.,1789
hy-11067,0.00508960529423318,0,1,0,1,0.0,0.7821782178217822,1.0,4.0,No aggregate reversal under this configuration.,1790
b3063,0.005094611087545855,1,2,1,2,0.5,0.7821782178217822,1.0,3.5,No aggregate reversal under this configuration.,1791
pf3845,0.005108839099955912,0,1,0,1,0.0,0.6237623762376238,0.9380738073807381,3.0,No aggregate reversal under this configuration.,1792
selinidin,0.005108839099955912,0,1,0,1,0.0,0.7128712871287128,0.9862663685723411,3.0,No aggregate reversal under this configuration.,1793
BRD-A84909344,0.0051193525889621895,0,2,0,2,0.0,0.8712871287128713,1.0,3.0,No aggregate reversal under this configuration.,1794
BRD-K08448573,0.005139007223500752,2,4,2,4,0.5,0.7722772277227723,1.0,4.75,No aggregate reversal under this configuration.,1795
roscovitine,0.005151861174510969,3,11,3,11,0.2727272727272727,0.9702970297029703,1.0,4.0,No aggregate reversal under this configuration.,1796
rs 17053 hydrochloride,0.005161885047183906,2,6,2,6,0.3333333333333333,0.9207920792079208,1.0,3.5,No aggregate reversal under this configuration.,1797
s1107,0.005167172831689438,0,4,0,4,0.0,0.8613861386138614,1.0,4.0,No aggregate reversal under this configuration.,1798
cgp 54626 hydrochloride,0.005172317984063502,0,1,0,1,0.0,0.7524752475247525,1.0,3.0,No aggregate reversal under this configuration.,1799
gsk-3b inhibitor viii,0.005185029307816493,1,3,1,3,0.3333333333333333,0.7821782178217822,1.0,5.666666666666667,No aggregate reversal under this configuration.,1800
BRD-A49848186,0.005208396580470254,1,3,1,3,0.3333333333333333,0.7326732673267327,0.9946490545889289,5.0,No aggregate reversal under this configuration.,1801
SB-239063,0.005223130595871752,0,2,0,2,0.0,0.8811881188118812,1.0,3.5,No aggregate reversal under this configuration.,1802
BRD-A42737819,0.005223313339937545,1,2,1,2,0.5,0.7326732673267327,0.9946490545889289,4.5,No aggregate reversal under this configuration.,1803
BRD-K29143967,0.005243468938322961,0,1,0,1,0.0,0.6534653465346535,0.9590784173474383,4.0,No aggregate reversal under this configuration.,1804
GSK-1904529A,0.005259339463977615,2,8,2,8,0.25,0.900990099009901,1.0,3.875,No aggregate reversal under this configuration.,1805
BRD-K32238524,0.005264302859837169,0,1,0,1,0.0,0.8811881188118812,1.0,3.0,No aggregate reversal under this configuration.,1806
levetiracetam,0.005277002375803612,0,1,0,1,0.0,0.7425742574257426,0.999884872208151,5.0,No aggregate reversal under this configuration.,1807
C646,0.005294097556940564,1,3,1,3,0.3333333333333333,0.693069306930693,0.9817422109183395,5.333333333333333,No aggregate reversal under this configuration.,1808
BRD-K55116708,0.005302660043508299,1,4,1,4,0.25,0.8316831683168316,1.0,5.0,No aggregate reversal under this configuration.,1809
BRD-A94377914,0.005320789040650847,1,5,1,5,0.2,0.7920792079207921,1.0,4.0,No aggregate reversal under this configuration.,1810
isoxsuprine hydrochloride,0.0053615854710291466,1,2,1,2,0.5,0.7326732673267327,0.9946490545889289,5.0,No aggregate reversal under this configuration.,1811
resveratrol,0.0053737106146074945,1,7,1,7,0.14285714285714285,0.9603960396039604,1.0,3.4285714285714284,No aggregate reversal under this configuration.,1812
GDC-0941,0.005390844967990324,11,38,11,38,0.2894736842105263,0.8811881188118812,1.0,4.7105263157894735,No aggregate reversal under this configuration.,1813
dovitinib,0.005405444930983178,11,31,11,31,0.3548387096774194,0.9207920792079208,1.0,4.967741935483871,No aggregate reversal under this configuration.,1814
mevastatin,0.0054161820651789675,1,3,1,4,0.3333333333333333,0.8316831683168316,1.0,4.5,No aggregate reversal under this configuration.,1815
mls-0390857.0001,0.005422385357358712,0,1,0,1,0.0,0.7128712871287128,0.9862663685723411,3.0,No aggregate reversal under this configuration.,1816
bosutinib,0.005442887466781907,1,6,1,6,0.16666666666666666,0.8613861386138614,1.0,4.166666666666667,No aggregate reversal under this configuration.,1817
sb 408124,0.0054458722225105075,0,1,0,1,0.0,0.7623762376237624,1.0,3.0,No aggregate reversal under this configuration.,1818
hy-11009,0.005451674286662887,4,11,4,11,0.36363636363636365,0.8118811881188119,1.0,4.090909090909091,No aggregate reversal under this configuration.,1819
kn-62,0.005452715143051599,1,2,1,2,0.5,0.801980198019802,1.0,6.0,No aggregate reversal under this configuration.,1820
BRD-A16820783,0.005452854789215034,0,3,0,3,0.0,0.9405940594059405,1.0,3.6666666666666665,No aggregate reversal under this configuration.,1821
sorafenib,0.005489906802008414,4,12,4,12,0.3333333333333333,0.900990099009901,1.0,4.75,No aggregate reversal under this configuration.,1822
t0513-6584,0.005493107325682873,0,1,0,1,0.0,0.7524752475247525,1.0,3.0,No aggregate reversal under this configuration.,1823
abt-751,0.005497891136651262,3,11,3,11,0.2727272727272727,0.9405940594059405,1.0,4.454545454545454,No aggregate reversal under this configuration.,1824
lanatoside c,0.005499667989619835,0,1,0,1,0.0,0.7029702970297029,0.9843284207501766,5.0,No aggregate reversal under this configuration.,1825
dmbi,0.005521754947521133,1,2,1,2,0.5,0.8613861386138614,1.0,3.0,No aggregate reversal under this configuration.,1826
PHA-767491,0.005556592596429825,6,15,6,15,0.4,0.900990099009901,1.0,5.266666666666667,No aggregate reversal under this configuration.,1827
BRD-K52911425,0.005574450360523004,2,5,2,5,0.4,0.8415841584158416,1.0,3.8,No aggregate reversal under this configuration.,1828
idelalisib,0.005578930179467704,2,5,2,5,0.4,0.9504950495049505,1.0,3.8,No aggregate reversal under this configuration.,1829
BRD-K16180117,0.00558671733722656,0,1,0,1,0.0,0.7920792079207921,1.0,4.0,No aggregate reversal under this configuration.,1830
"l-741,742 hydrochloride",0.005591922406783212,0,1,0,1,0.0,0.7722772277227723,1.0,3.0,No aggregate reversal under this configuration.,1831
nilotinib,0.00559961892699091,5,11,5,11,0.45454545454545453,0.900990099009901,1.0,4.454545454545454,No aggregate reversal under this configuration.,1832
BRD-A27640568,0.005611490604790442,1,3,1,3,0.3333333333333333,0.7920792079207921,1.0,4.333333333333333,No aggregate reversal under this configuration.,1833
quercetin,0.005611490604790442,0,1,0,1,0.0,0.7524752475247525,1.0,3.0,No aggregate reversal under this configuration.,1834
hydrocortisone hemisuccinate,0.005611549305576736,1,2,1,2,0.5,0.7029702970297029,0.9843284207501766,4.5,No aggregate reversal under this configuration.,1835
tyrphostin ag 1478,0.005635340545215672,9,25,9,25,0.36,0.8712871287128713,1.0,5.6,No aggregate reversal under this configuration.,1836
rosuvastatin calcium,0.005644787831572656,1,3,1,3,0.3333333333333333,0.8811881188118812,1.0,3.3333333333333335,No aggregate reversal under this configuration.,1837
BRD-U51951544,0.005663124697830369,3,8,3,8,0.375,0.7623762376237624,1.0,3.75,No aggregate reversal under this configuration.,1838
BRD-A40431293,0.005670511112285792,3,7,3,7,0.42857142857142855,0.7920792079207921,1.0,4.285714285714286,No aggregate reversal under this configuration.,1839
BRD-K64835161,0.0056740090115660865,0,1,0,1,0.0,0.801980198019802,1.0,4.0,No aggregate reversal under this configuration.,1840
ei-293,0.005734991281450231,3,7,3,7,0.42857142857142855,0.7029702970297029,0.9843284207501766,5.142857142857143,No aggregate reversal under this configuration.,1841
ncgc00165188-01,0.005738400686572082,1,3,1,3,0.3333333333333333,0.7524752475247525,1.0,4.666666666666667,No aggregate reversal under this configuration.,1842
troglitazone,0.005761521770386193,0,1,0,1,0.0,0.7425742574257426,0.999884872208151,4.0,No aggregate reversal under this configuration.,1843
f9428,0.005770287220594548,0,2,0,2,0.0,0.7821782178217822,1.0,3.0,No aggregate reversal under this configuration.,1844
phenolphthalein,0.005788868591406189,0,2,0,2,0.0,0.8217821782178217,1.0,4.5,No aggregate reversal under this configuration.,1845
ncgc00167398-02,0.0057953989860432325,3,7,3,7,0.42857142857142855,0.7821782178217822,1.0,4.857142857142857,No aggregate reversal under this configuration.,1846
bntx maleate,0.005803872799812834,3,6,3,6,0.5,0.7821782178217822,1.0,5.166666666666667,No aggregate reversal under this configuration.,1847
AT7867,0.005821398110703624,2,11,2,11,0.18181818181818182,0.9108910891089109,1.0,5.181818181818182,No aggregate reversal under this configuration.,1848
ncgc00185094-01,0.005854519041979714,1,4,1,4,0.25,0.7821782178217822,1.0,3.75,No aggregate reversal under this configuration.,1849
ub 165 fumarate,0.0058659914502078745,0,1,0,1,0.0,0.9504950495049505,1.0,3.0,No aggregate reversal under this configuration.,1850
pp-110,0.005868848077404249,10,23,10,23,0.43478260869565216,0.8910891089108911,1.0,4.739130434782608,No aggregate reversal under this configuration.,1851
linsitinib,0.005870872792752458,6,16,6,16,0.375,0.9405940594059405,1.0,4.9375,No aggregate reversal under this configuration.,1852
BRD-U04166717,0.005872156246772184,0,1,0,1,0.0,0.7326732673267327,0.9946490545889289,6.0,No aggregate reversal under this configuration.,1853
ebpc,0.005891202057593404,0,1,0,1,0.0,0.9108910891089109,1.0,4.0,No aggregate reversal under this configuration.,1854
ozagrel hydrochloride,0.005906262221724579,0,1,0,2,0.0,0.8613861386138614,1.0,3.5,No aggregate reversal under this configuration.,1855
BRD-K06476055,0.005908218298269524,0,1,0,1,0.0,0.7029702970297029,0.9843284207501766,4.0,No aggregate reversal under this configuration.,1856
indirubin-3?-monoxime,0.005916076288151734,1,3,1,3,0.3333333333333333,0.8712871287128713,1.0,3.3333333333333335,No aggregate reversal under this configuration.,1857
thimerosal,0.005953616295085083,0,2,0,2,0.0,0.8217821782178217,1.0,4.0,No aggregate reversal under this configuration.,1858
vu0418946-2,0.005972860271922205,4,15,5,19,0.26666666666666666,0.8316831683168316,1.0,5.894736842105263,No aggregate reversal under this configuration.,1859
bay 59-3074,0.0060023207602873385,0,1,0,1,0.0,0.9702970297029703,1.0,3.0,No aggregate reversal under this configuration.,1860
1391-0741,0.006024069648865519,0,2,0,2,0.0,0.7821782178217822,1.0,4.5,No aggregate reversal under this configuration.,1861
BRD-K65983740,0.006036739070963561,0,2,0,2,0.0,0.8415841584158416,1.0,4.0,No aggregate reversal under this configuration.,1862
BRD-A31107743,0.0060477022088617355,6,17,6,17,0.35294117647058826,0.8613861386138614,1.0,5.294117647058823,No aggregate reversal under this configuration.,1863
AZ20,0.006049796127485314,6,15,6,15,0.4,0.9207920792079208,1.0,6.133333333333334,No aggregate reversal under this configuration.,1864
BRD-K63175663,0.006061305034728357,0,1,0,1,0.0,0.6831683168316832,0.9748723486026977,4.0,No aggregate reversal under this configuration.,1865
darinaparsin,0.006064171760281336,0,2,0,2,0.0,0.7722772277227723,1.0,5.0,No aggregate reversal under this configuration.,1866
clemastine fumarate,0.006086971888917011,0,1,0,1,0.0,0.7128712871287128,0.9862663685723411,3.0,No aggregate reversal under this configuration.,1867
ncgc00012272-02,0.0060870154368795355,1,2,1,2,0.5,0.8316831683168316,1.0,4.0,No aggregate reversal under this configuration.,1868
nsc 95397,0.006095408120093571,6,13,6,13,0.46153846153846156,0.9504950495049505,1.0,4.3076923076923075,No aggregate reversal under this configuration.,1869
ns-1619,0.006104583816507754,0,1,0,1,0.0,0.7722772277227723,1.0,3.0,No aggregate reversal under this configuration.,1870
XMD11-85H,0.006111711777846184,5,14,5,14,0.35714285714285715,0.9405940594059405,1.0,4.928571428571429,No aggregate reversal under this configuration.,1871
BRD-K58674774,0.006111730504499181,0,1,0,1,0.0,0.7029702970297029,0.9843284207501766,3.0,No aggregate reversal under this configuration.,1872
BRD-K83509924,0.0061294143736256995,0,1,0,1,0.0,0.7920792079207921,1.0,3.0,No aggregate reversal under this configuration.,1873
propentofylline,0.006154160078033566,0,1,0,1,0.0,0.8811881188118812,1.0,3.0,No aggregate reversal under this configuration.,1874
BRD-A47816767,0.006184800310046986,0,10,0,10,0.0,0.8316831683168316,1.0,4.3,No aggregate reversal under this configuration.,1875
ncgc00183243-01,0.0061850097094985085,0,1,0,1,0.0,0.7821782178217822,1.0,4.0,No aggregate reversal under this configuration.,1876
BRD-K16290432,0.006194525962305063,0,1,0,1,0.0,0.8217821782178217,1.0,3.0,No aggregate reversal under this configuration.,1877
BRD-K90700939,0.006215032196242137,0,1,0,1,0.0,0.7920792079207921,1.0,3.0,No aggregate reversal under this configuration.,1878
BRD-K17773477,0.006217732944425847,0,1,0,1,0.0,0.801980198019802,1.0,4.0,No aggregate reversal under this configuration.,1879
BRD-K51302260,0.006230726550821113,0,1,0,1,0.0,0.8217821782178217,1.0,3.0,No aggregate reversal under this configuration.,1880
BRD-K20718732,0.006253940636847461,0,1,0,1,0.0,0.7623762376237624,1.0,3.0,No aggregate reversal under this configuration.,1881
vu0420364-1,0.006262350961222118,0,2,0,2,0.0,0.7425742574257426,0.999884872208151,5.0,No aggregate reversal under this configuration.,1882
BRD-K53423944,0.006266072525143866,3,6,3,6,0.5,0.8613861386138614,1.0,4.666666666666667,No aggregate reversal under this configuration.,1883
BRD-U29336476,0.006280068873478354,3,7,3,7,0.42857142857142855,0.8712871287128713,1.0,5.142857142857143,No aggregate reversal under this configuration.,1884
benperidol,0.006305224370066457,0,1,0,1,0.0,0.7821782178217822,1.0,3.0,No aggregate reversal under this configuration.,1885
HG-5-113-01,0.006344105259674628,12,30,12,30,0.4,0.9900990099009901,1.0,5.033333333333333,No aggregate reversal under this configuration.,1886
luteolin,0.006354850616315999,1,2,1,2,0.5,0.8217821782178217,1.0,5.0,No aggregate reversal under this configuration.,1887
sodium dehydrocholate,0.006372866057512027,0,1,0,1,0.0,0.7326732673267327,0.9946490545889289,4.0,No aggregate reversal under this configuration.,1888
BRD-K79222491,0.006386653328619748,2,6,2,6,0.3333333333333333,0.7326732673267327,0.9946490545889289,6.0,No aggregate reversal under this configuration.,1889
triptolide,0.0063970007954647955,1,6,1,6,0.16666666666666666,0.7821782178217822,1.0,4.666666666666667,No aggregate reversal under this configuration.,1890
BRD-K90999434,0.00640782788913569,1,4,1,4,0.25,0.8910891089108911,1.0,4.75,No aggregate reversal under this configuration.,1891
ibrutinib,0.0064097035602918885,2,8,2,8,0.25,0.8910891089108911,1.0,4.375,No aggregate reversal under this configuration.,1892
gw 843682x,0.006437728463516424,1,5,1,5,0.2,0.8712871287128713,1.0,3.4,No aggregate reversal under this configuration.,1893
BRD-K93215584,0.006469595145324408,0,1,0,1,0.0,0.7425742574257426,0.999884872208151,3.0,No aggregate reversal under this configuration.,1894
HG-6-64-01,0.006495096449421728,17,42,17,42,0.40476190476190477,0.9900990099009901,1.0,4.833333333333333,No aggregate reversal under this configuration.,1895
gw 4064,0.006505956471181046,0,1,0,1,0.0,0.7722772277227723,1.0,3.0,No aggregate reversal under this configuration.,1896
BRD-K39866321,0.006511430696166581,0,1,0,1,0.0,0.7821782178217822,1.0,3.0,No aggregate reversal under this configuration.,1897
vu0365117-1,0.006528584802752547,0,2,0,2,0.0,0.7821782178217822,1.0,3.5,No aggregate reversal under this configuration.,1898
BRD-A68930007 (ouabain),0.0065312262257022835,1,5,1,5,0.2,0.8712871287128713,1.0,4.0,No aggregate reversal under this configuration.,1899
nrb 03823,0.006552890397185827,0,2,0,2,0.0,0.8613861386138614,1.0,4.0,No aggregate reversal under this configuration.,1900
BRD-K51377689,0.006579508189028274,0,2,0,2,0.0,0.7524752475247525,1.0,3.0,No aggregate reversal under this configuration.,1901
pkc-412,0.006597954227993707,1,5,1,5,0.2,0.8613861386138614,1.0,3.8,No aggregate reversal under this configuration.,1902
tivozanib,0.006609391118292073,3,10,3,10,0.3,0.9603960396039604,1.0,4.7,No aggregate reversal under this configuration.,1903
taxifolin-(+/-),0.006628295385803,1,2,1,2,0.5,0.693069306930693,0.9817422109183395,8.0,No aggregate reversal under this configuration.,1904
altrenogest,0.006687382530188001,0,2,0,2,0.0,0.8217821782178217,1.0,4.5,No aggregate reversal under this configuration.,1905
sdz nkt 343,0.006689492595793418,0,1,0,1,0.0,0.9108910891089109,1.0,3.0,No aggregate reversal under this configuration.,1906
BRD-A35020550,0.0067407975157299715,0,1,0,1,0.0,0.6633663366336634,0.9686988875432311,3.0,No aggregate reversal under this configuration.,1907
ncgc00185090-03,0.006743207185623085,1,5,1,5,0.2,0.7920792079207921,1.0,4.8,No aggregate reversal under this configuration.,1908
foretinib,0.00675236617879793,3,14,3,14,0.21428571428571427,0.9108910891089109,1.0,4.785714285714286,No aggregate reversal under this configuration.,1909
BRD-K72615639,0.006766698311779453,2,6,2,6,0.3333333333333333,0.8613861386138614,1.0,4.5,No aggregate reversal under this configuration.,1910
benzoxiquine,0.006775673988408249,0,1,0,1,0.0,0.6732673267326733,0.9715184602572408,4.0,No aggregate reversal under this configuration.,1911
ei-155,0.0068192443931729615,0,3,0,3,0.0,0.8217821782178217,1.0,4.666666666666667,No aggregate reversal under this configuration.,1912
brefeldin a,0.006826457289521772,4,16,4,16,0.25,0.8712871287128713,1.0,5.9375,No aggregate reversal under this configuration.,1913
bml-st330,0.006851524792205036,0,1,0,1,0.0,0.8217821782178217,1.0,3.0,No aggregate reversal under this configuration.,1914
BRD-K63068307,0.006961573973671213,2,6,2,6,0.3333333333333333,0.9504950495049505,1.0,4.166666666666667,No aggregate reversal under this configuration.,1915
ag 18,0.006965521686006324,0,1,0,1,0.0,0.7821782178217822,1.0,4.0,No aggregate reversal under this configuration.,1916
scriptaid,0.007006009949080726,3,10,3,10,0.3,0.8415841584158416,1.0,4.5,No aggregate reversal under this configuration.,1917
methysergide maleate,0.007007331605968996,0,1,0,1,0.0,0.8118811881188119,1.0,4.0,No aggregate reversal under this configuration.,1918
BRD-K37340241,0.007016440963984634,0,1,0,1,0.0,0.7029702970297029,0.9843284207501766,6.0,No aggregate reversal under this configuration.,1919
s2004,0.007032262703319958,0,1,0,1,0.0,0.7821782178217822,1.0,4.0,No aggregate reversal under this configuration.,1920
MK-2206,0.007042252713750566,8,24,8,24,0.3333333333333333,0.9702970297029703,1.0,5.25,No aggregate reversal under this configuration.,1921
flavokawain b,0.007047060240924545,0,1,0,1,0.0,0.8514851485148515,1.0,3.0,No aggregate reversal under this configuration.,1922
s-250,0.007051387246730374,0,2,0,2,0.0,0.7524752475247525,1.0,4.5,No aggregate reversal under this configuration.,1923
EX-527,0.007061098653048322,0,1,0,1,0.0,0.8118811881188119,1.0,4.0,No aggregate reversal under this configuration.,1924
BRD-K01834163,0.007115889757991552,0,2,0,2,0.0,0.8217821782178217,1.0,3.5,No aggregate reversal under this configuration.,1925
BRD-K18726304,0.007148441067755362,0,7,0,7,0.0,0.9504950495049505,1.0,4.571428571428571,No aggregate reversal under this configuration.,1926
penicillic acid,0.007155661600731399,0,1,0,1,0.0,0.7326732673267327,0.9946490545889289,6.0,No aggregate reversal under this configuration.,1927
BRD-K56111351,0.007166941374107428,0,1,0,1,0.0,0.7722772277227723,1.0,4.0,No aggregate reversal under this configuration.,1928
BRD-K57592392,0.007169414888048411,0,2,0,2,0.0,0.9207920792079208,1.0,3.5,No aggregate reversal under this configuration.,1929
BRD-K58214070,0.0071813104975122725,2,4,2,4,0.5,0.8217821782178217,1.0,4.75,No aggregate reversal under this configuration.,1930
WZ-4-145,0.007182775106668238,13,38,13,38,0.34210526315789475,0.9108910891089109,1.0,5.157894736842105,No aggregate reversal under this configuration.,1931
BRD-K18595892,0.007195382203388962,0,1,0,1,0.0,0.8712871287128713,1.0,4.0,No aggregate reversal under this configuration.,1932
dehydroisoandosterone 3-acetate,0.007217844243854049,0,1,0,1,0.0,0.8118811881188119,1.0,3.0,No aggregate reversal under this configuration.,1933
h7270,0.007238112852916593,3,9,3,9,0.3333333333333333,0.8712871287128713,1.0,4.444444444444445,No aggregate reversal under this configuration.,1934
NVP-TAE684,0.007245404829424357,10,33,10,33,0.30303030303030304,0.9405940594059405,1.0,4.787878787878788,No aggregate reversal under this configuration.,1935
saquinavir mesylate,0.007269761757613088,0,1,0,1,0.0,0.8514851485148515,1.0,4.0,No aggregate reversal under this configuration.,1936
GSK-2126458,0.007303152906957853,23,79,23,79,0.2911392405063291,0.9207920792079208,1.0,5.746835443037975,No aggregate reversal under this configuration.,1937
tacrolimus,0.007307508867668578,0,1,0,1,0.0,0.7722772277227723,1.0,7.0,No aggregate reversal under this configuration.,1938
flucytosine,0.007307546284651079,0,1,0,1,0.0,0.6831683168316832,0.9748723486026977,4.0,No aggregate reversal under this configuration.,1939
etoposide,0.007334765821436619,1,10,1,10,0.1,0.9207920792079208,1.0,5.4,No aggregate reversal under this configuration.,1940
crizotinib,0.007369095634729259,7,22,7,22,0.3181818181818182,0.9801980198019802,1.0,4.136363636363637,No aggregate reversal under this configuration.,1941
DCC-2036,0.007388960632063924,5,19,5,19,0.2631578947368421,0.9900990099009901,1.0,4.157894736842105,No aggregate reversal under this configuration.,1942
pifithrin- a hydrobromide,0.007405282394856892,0,2,0,2,0.0,0.8811881188118812,1.0,4.0,No aggregate reversal under this configuration.,1943
diphenyleneiodonium chloride,0.0074167115908300215,1,5,1,5,0.2,0.9108910891089109,1.0,4.8,No aggregate reversal under this configuration.,1944
budesonide,0.007417430686248795,0,4,0,5,0.0,0.8712871287128713,1.0,4.0,No aggregate reversal under this configuration.,1945
icilin,0.007436720036325523,0,1,0,1,0.0,0.900990099009901,1.0,3.0,No aggregate reversal under this configuration.,1946
hy-11001,0.007440313486468278,2,9,2,9,0.2222222222222222,0.900990099009901,1.0,4.666666666666667,No aggregate reversal under this configuration.,1947
flunisolide,0.007453334974312593,2,6,2,8,0.3333333333333333,0.9306930693069307,1.0,4.125,No aggregate reversal under this configuration.,1948
kynuramine,0.00751143767923477,0,1,0,1,0.0,0.8217821782178217,1.0,3.0,No aggregate reversal under this configuration.,1949
doxorubicin hydrochloride,0.007516519330581936,3,12,3,14,0.25,0.8910891089108911,1.0,4.357142857142857,No aggregate reversal under this configuration.,1950
barasertib,0.007546274326636363,0,4,0,4,0.0,0.9702970297029703,1.0,3.75,No aggregate reversal under this configuration.,1951
urapidil hydrochloride,0.007557763802315017,0,1,0,1,0.0,0.7227722772277227,0.9922587990867847,7.0,No aggregate reversal under this configuration.,1952
BRD-K01806521,0.0075796269505383545,0,1,0,1,0.0,0.9108910891089109,1.0,3.0,No aggregate reversal under this configuration.,1953
BRD-K72381041,0.007588501392057827,0,1,0,1,0.0,0.7128712871287128,0.9862663685723411,6.0,No aggregate reversal under this configuration.,1954
BRD-K68038686,0.007605028511331827,0,1,0,1,0.0,0.8712871287128713,1.0,3.0,No aggregate reversal under this configuration.,1955
GSK1059615,0.007620921499945274,2,5,2,5,0.4,0.900990099009901,1.0,4.0,No aggregate reversal under this configuration.,1956
emetine hydrochloride,0.007712631966138503,2,7,2,7,0.2857142857142857,0.8316831683168316,1.0,4.285714285714286,No aggregate reversal under this configuration.,1957
naproxol,0.007715824070057159,0,1,0,1,0.0,0.6534653465346535,0.9590784173474383,3.0,No aggregate reversal under this configuration.,1958
ivermectin,0.00774879381744946,0,1,0,1,0.0,0.7821782178217822,1.0,4.0,No aggregate reversal under this configuration.,1959
BRD-K04676863,0.007766360468569099,0,1,0,1,0.0,0.7821782178217822,1.0,3.0,No aggregate reversal under this configuration.,1960
d3943,0.00776892773855389,1,3,1,3,0.3333333333333333,0.8910891089108911,1.0,4.666666666666667,No aggregate reversal under this configuration.,1961
BRD-K24031526,0.007772085477076687,0,1,0,1,0.0,0.7128712871287128,0.9862663685723411,5.0,No aggregate reversal under this configuration.,1962
LY2603618,0.0077778662396233355,3,8,3,8,0.375,0.9405940594059405,1.0,5.25,No aggregate reversal under this configuration.,1963
naltrexone hydrochloride dihydrate,0.007788405163982767,0,1,0,1,0.0,0.7524752475247525,1.0,5.0,No aggregate reversal under this configuration.,1964
BRD-K00313977,0.007797014542450336,1,3,1,3,0.3333333333333333,0.8316831683168316,1.0,5.666666666666667,No aggregate reversal under this configuration.,1965
BRD-A84524947,0.007824885329812025,1,2,1,2,0.5,0.8811881188118812,1.0,4.0,No aggregate reversal under this configuration.,1966
rizatriptan benzoate,0.007833884837560662,0,1,0,1,0.0,0.8217821782178217,1.0,3.0,No aggregate reversal under this configuration.,1967
YM-201636,0.007855127553983977,5,13,5,13,0.38461538461538464,0.9306930693069307,1.0,5.615384615384615,No aggregate reversal under this configuration.,1968
maprotiline hydrochloride,0.007870481485636547,1,4,1,4,0.25,0.900990099009901,1.0,4.25,No aggregate reversal under this configuration.,1969
telmisartan,0.007883978069879448,0,1,0,1,0.0,0.7326732673267327,0.9946490545889289,4.0,No aggregate reversal under this configuration.,1970
neratinib,0.007961294178552469,10,29,10,29,0.3448275862068966,0.9702970297029703,1.0,4.931034482758621,No aggregate reversal under this configuration.,1971
pd 102807,0.007961372204887959,0,2,0,2,0.0,0.9504950495049505,1.0,3.0,No aggregate reversal under this configuration.,1972
doxorubicin,0.00801425537240313,1,8,1,10,0.125,0.8118811881188119,1.0,4.5,No aggregate reversal under this configuration.,1973
PF-3758309,0.008016436610146362,12,35,12,35,0.34285714285714286,0.9504950495049505,1.0,5.3428571428571425,No aggregate reversal under this configuration.,1974
thalidomide,0.008031249399316698,0,2,0,2,0.0,0.8514851485148515,1.0,3.5,No aggregate reversal under this configuration.,1975
ncgc00241357-01,0.008073088054242079,0,1,0,1,0.0,0.7623762376237624,1.0,4.0,No aggregate reversal under this configuration.,1976
gw 1929,0.008090221812740502,0,1,0,1,0.0,0.8811881188118812,1.0,4.0,No aggregate reversal under this configuration.,1977
beclomethasone dipropionate,0.008098982823707357,0,1,0,1,0.0,0.7227722772277227,0.9922587990867847,5.0,No aggregate reversal under this configuration.,1978
sib 1893,0.008098994700430788,1,4,1,4,0.25,0.8910891089108911,1.0,4.0,No aggregate reversal under this configuration.,1979
sericetin,0.0081036783012468,0,1,0,1,0.0,0.7920792079207921,1.0,3.0,No aggregate reversal under this configuration.,1980
as605240,0.008110810000678346,3,12,3,12,0.25,0.8910891089108911,1.0,4.5,No aggregate reversal under this configuration.,1981
nisoldipine,0.008183966399679403,0,1,0,1,0.0,0.7623762376237624,1.0,6.0,No aggregate reversal under this configuration.,1982
vu0418947-2,0.008188151306996846,2,7,2,7,0.2857142857142857,0.900990099009901,1.0,4.142857142857143,No aggregate reversal under this configuration.,1983
liothyronine,0.00820207756134588,0,1,0,1,0.0,0.8316831683168316,1.0,4.0,No aggregate reversal under this configuration.,1984
SGI-1776,0.008228129233571703,2,6,2,6,0.3333333333333333,0.8811881188118812,1.0,5.333333333333333,No aggregate reversal under this configuration.,1985
u0126,0.00828004548656458,1,3,1,3,0.3333333333333333,0.8811881188118812,1.0,4.666666666666667,No aggregate reversal under this configuration.,1986
thm-i-94,0.008289399034252048,4,11,4,11,0.36363636363636365,0.8316831683168316,1.0,4.909090909090909,No aggregate reversal under this configuration.,1987
fgin-1-27,0.008297953764140015,0,2,0,2,0.0,0.9504950495049505,1.0,3.5,No aggregate reversal under this configuration.,1988
BRD-K57080016,0.00830192397290358,4,13,4,13,0.3076923076923077,0.9405940594059405,1.0,4.461538461538462,No aggregate reversal under this configuration.,1989
chlorpromazine,0.008344148225464308,0,1,0,1,0.0,0.8316831683168316,1.0,3.0,No aggregate reversal under this configuration.,1990
JW-7-24-1,0.00836872374686491,14,38,14,38,0.3684210526315789,0.9900990099009901,1.0,5.578947368421052,No aggregate reversal under this configuration.,1991
CP466722,0.0083755194455593,5,17,5,17,0.29411764705882354,1.0,1.0,4.470588235294118,No aggregate reversal under this configuration.,1992
ON-01910,0.008379781811263871,4,16,4,16,0.25,0.9603960396039604,1.0,4.5625,No aggregate reversal under this configuration.,1993
BRD-A18411371,0.00840659508417642,2,5,2,5,0.4,0.900990099009901,1.0,3.8,No aggregate reversal under this configuration.,1994
triamterene,0.008477967732796222,0,1,0,1,0.0,0.8811881188118812,1.0,3.0,No aggregate reversal under this configuration.,1995
BRD-U68942961,0.0085090952615592,2,6,2,6,0.3333333333333333,0.9405940594059405,1.0,4.166666666666667,No aggregate reversal under this configuration.,1996
rapamycin,0.008518635570356037,0,2,0,2,0.0,0.9801980198019802,1.0,4.0,No aggregate reversal under this configuration.,1997
QL-XII-47,0.00855174649874759,20,58,20,58,0.3448275862068966,0.9801980198019802,1.0,7.0,No aggregate reversal under this configuration.,1998
RG-108,0.008566831652559653,0,1,0,1,0.0,0.8514851485148515,1.0,3.0,No aggregate reversal under this configuration.,1999
ncgc00242364-01,0.008567219170368557,0,1,0,1,0.0,0.9207920792079208,1.0,4.0,No aggregate reversal under this configuration.,2000
BRD-K38615104,0.008570126657549661,3,8,3,8,0.375,0.8514851485148515,1.0,4.5,No aggregate reversal under this configuration.,2001
BRD-K64606589,0.008579216680342089,5,12,5,12,0.4166666666666667,0.9108910891089109,1.0,4.416666666666667,No aggregate reversal under this configuration.,2002
"l-701,252",0.00859473270026534,0,1,0,1,0.0,0.8613861386138614,1.0,3.0,No aggregate reversal under this configuration.,2003
rf 01079,0.008595799960232891,0,1,0,1,0.0,0.7722772277227723,1.0,5.0,No aggregate reversal under this configuration.,2004
aceclidine hydrochloride,0.008601034127856937,0,1,0,1,0.0,0.8811881188118812,1.0,3.0,No aggregate reversal under this configuration.,2005
phenothiazine,0.00863782867155886,0,1,0,1,0.0,0.8415841584158416,1.0,4.0,No aggregate reversal under this configuration.,2006
BRD-K09485525,0.008642190395972159,0,1,0,1,0.0,0.7425742574257426,0.999884872208151,3.0,No aggregate reversal under this configuration.,2007
harpagoside,0.008647419494468195,0,2,0,2,0.0,0.9108910891089109,1.0,4.0,No aggregate reversal under this configuration.,2008
BRD-A31312900,0.008648179878129988,0,1,0,1,0.0,0.9603960396039604,1.0,3.0,No aggregate reversal under this configuration.,2009
ruxolitinib,0.008691359427629372,2,9,2,9,0.2222222222222222,0.9801980198019802,1.0,5.111111111111111,No aggregate reversal under this configuration.,2010
BRD-K64366758,0.008729732008203761,0,1,0,1,0.0,0.8316831683168316,1.0,4.0,No aggregate reversal under this configuration.,2011
triamcinolone,0.00874611957740413,0,1,0,1,0.0,0.900990099009901,1.0,3.0,No aggregate reversal under this configuration.,2012
KIN001-270,0.008867906881308538,0,2,0,2,0.0,0.9801980198019802,1.0,3.0,No aggregate reversal under this configuration.,2013
amlodipine base,0.008869811462776895,0,1,0,1,0.0,0.8118811881188119,1.0,3.0,No aggregate reversal under this configuration.,2014
hli 373,0.008870727656579504,4,9,4,9,0.4444444444444444,0.9108910891089109,1.0,4.111111111111111,No aggregate reversal under this configuration.,2015
dinaciclib,0.008871435809505,9,30,9,30,0.3,0.9108910891089109,1.0,5.066666666666666,No aggregate reversal under this configuration.,2016
MK-1775,0.00888557464872167,6,15,6,15,0.4,0.9801980198019802,1.0,4.933333333333334,No aggregate reversal under this configuration.,2017
ncgc00182388-01,0.00889119686697409,0,2,0,2,0.0,0.9207920792079208,1.0,4.0,No aggregate reversal under this configuration.,2018
mitotane,0.008904187539387598,1,2,1,2,0.5,0.9306930693069307,1.0,5.0,No aggregate reversal under this configuration.,2019
BRD-K10906552,0.008951587274670493,0,3,0,3,0.0,0.9504950495049505,1.0,4.333333333333333,No aggregate reversal under this configuration.,2020
AZD-7762,0.008979957741455755,13,58,13,58,0.22413793103448276,1.0,1.0,5.120689655172414,No aggregate reversal under this configuration.,2021
BRD-K07395346,0.009011560287837875,0,1,0,1,0.0,0.7623762376237624,1.0,4.0,No aggregate reversal under this configuration.,2022
BRD-K12401458,0.009080364127023894,0,1,0,1,0.0,0.8415841584158416,1.0,4.0,No aggregate reversal under this configuration.,2023
BRD-K72703948,0.0091582101886694,0,1,0,2,0.0,0.9306930693069307,1.0,3.5,No aggregate reversal under this configuration.,2024
vu0405172-2,0.009171919978856575,0,1,0,1,0.0,0.8712871287128713,1.0,3.0,No aggregate reversal under this configuration.,2025
ag 527,0.009172039435523492,0,1,0,1,0.0,0.9108910891089109,1.0,3.0,No aggregate reversal under this configuration.,2026
bms-754807,0.00917929365458334,1,6,1,6,0.16666666666666666,0.9900990099009901,1.0,5.0,No aggregate reversal under this configuration.,2027
taxol,0.009203961205097165,0,1,0,1,0.0,0.8514851485148515,1.0,4.0,No aggregate reversal under this configuration.,2028
rimexolone,0.009404053917781532,0,2,0,2,0.0,0.8415841584158416,1.0,4.5,No aggregate reversal under this configuration.,2029
BRD-K88710727,0.009408506469398316,0,1,0,1,0.0,0.8415841584158416,1.0,3.0,No aggregate reversal under this configuration.,2030
bg fa 0953,0.009427610361645904,1,3,1,3,0.3333333333333333,0.9207920792079208,1.0,4.0,No aggregate reversal under this configuration.,2031
vigabatrin,0.009428230184424572,0,1,0,1,0.0,0.9207920792079208,1.0,4.0,No aggregate reversal under this configuration.,2032
oxindole i,0.009438937012143121,0,2,0,2,0.0,0.8514851485148515,1.0,3.5,No aggregate reversal under this configuration.,2033
BRD-K15716662,0.009467187962735206,0,1,0,1,0.0,0.8811881188118812,1.0,4.0,No aggregate reversal under this configuration.,2034
BRD-K57309821,0.009491734969332739,0,1,0,1,0.0,0.8910891089108911,1.0,3.0,No aggregate reversal under this configuration.,2035
r406,0.009514539074719223,1,3,1,3,0.3333333333333333,0.9108910891089109,1.0,4.0,No aggregate reversal under this configuration.,2036
rhamnetin,0.009530056693843606,0,2,0,2,0.0,0.9405940594059405,1.0,6.5,No aggregate reversal under this configuration.,2037
np-001445,0.009585596558988307,0,1,0,1,0.0,0.900990099009901,1.0,3.0,No aggregate reversal under this configuration.,2038
BRD-K41845021,0.00960502022004563,0,1,0,1,0.0,0.8811881188118812,1.0,3.0,No aggregate reversal under this configuration.,2039
chlorprothixene hydrochloride,0.009611123331576689,1,3,1,3,0.3333333333333333,0.9900990099009901,1.0,3.0,No aggregate reversal under this configuration.,2040
u-0126,0.009622088378226026,1,5,1,5,0.2,0.9603960396039604,1.0,3.4,No aggregate reversal under this configuration.,2041
dihydro-beta-tubaic acid,0.009671869857073958,0,1,0,1,0.0,0.9207920792079208,1.0,4.0,No aggregate reversal under this configuration.,2042
jak3 inhibitor ii,0.009673017540398782,1,3,1,3,0.3333333333333333,0.9405940594059405,1.0,4.333333333333333,No aggregate reversal under this configuration.,2043
BRD-K53592093,0.009719757063242877,1,2,1,2,0.5,0.8415841584158416,1.0,5.0,No aggregate reversal under this configuration.,2044
PIK-93,0.00972846159793371,3,12,3,12,0.25,1.0,1.0,5.333333333333333,No aggregate reversal under this configuration.,2045
capsazepine,0.009737313675478284,0,3,0,3,0.0,0.9603960396039604,1.0,3.0,No aggregate reversal under this configuration.,2046
olaparib,0.009740423132156648,1,4,1,5,0.25,1.0,1.0,3.6,No aggregate reversal under this configuration.,2047
rhodomyrtoxin,0.009749504531123629,0,1,0,1,0.0,0.9207920792079208,1.0,3.0,No aggregate reversal under this configuration.,2048
BRD-K68202742 (trichostatin a),0.00977230473937766,3,11,4,13,0.2727272727272727,0.9801980198019802,1.0,4.846153846153846,No aggregate reversal under this configuration.,2049
amcinonide,0.009775884843084216,0,1,0,1,0.0,0.8217821782178217,1.0,4.0,No aggregate reversal under this configuration.,2050
r(-)-n-allylnorapomorphine,0.009841358302647695,0,1,0,1,0.0,0.9306930693069307,1.0,5.0,No aggregate reversal under this configuration.,2051
ncgc00165199-01,0.00999914291848354,0,7,0,7,0.0,0.9207920792079208,1.0,4.285714285714286,No aggregate reversal under this configuration.,2052
betamethasone,0.010081978659238846,1,6,1,7,0.16666666666666666,0.9801980198019802,1.0,3.4285714285714284,No aggregate reversal under this configuration.,2053
BRD-K00954209,0.010090929830454917,0,2,0,2,0.0,0.8712871287128713,1.0,3.5,No aggregate reversal under this configuration.,2054
NU-7026,0.010112950801402303,0,1,0,1,0.0,0.8712871287128713,1.0,3.0,No aggregate reversal under this configuration.,2055
ponatinib,0.01011933213013072,5,14,5,14,0.35714285714285715,0.9801980198019802,1.0,4.928571428571429,No aggregate reversal under this configuration.,2056
trimeprazine tartrate,0.010149390304009367,1,3,1,3,0.3333333333333333,0.9801980198019802,1.0,3.0,No aggregate reversal under this configuration.,2057
QL-XI-92,0.010178574225206325,1,5,1,5,0.2,0.9405940594059405,1.0,3.8,No aggregate reversal under this configuration.,2058
BRD-K83972459,0.010207171606712077,2,6,2,6,0.3333333333333333,0.9603960396039604,1.0,4.166666666666667,No aggregate reversal under this configuration.,2059
BRD-K05323277,0.010232077930956459,0,1,0,1,0.0,0.8415841584158416,1.0,4.0,No aggregate reversal under this configuration.,2060
BRD-K77830450 (forskolin),0.010275172974644305,0,1,0,1,0.0,0.8910891089108911,1.0,3.0,No aggregate reversal under this configuration.,2061
ncgc00187945-01,0.010304892635491128,0,2,0,2,0.0,0.900990099009901,1.0,3.5,No aggregate reversal under this configuration.,2062
fluticasone propionate,0.01032040291613421,0,2,0,2,0.0,0.900990099009901,1.0,3.0,No aggregate reversal under this configuration.,2063
PF 573228,0.010326242967886371,1,6,1,6,0.16666666666666666,0.9900990099009901,1.0,4.5,No aggregate reversal under this configuration.,2064
AKT-inhibitor-1-2,0.0103566644676162,3,11,3,11,0.2727272727272727,1.0,1.0,4.363636363636363,No aggregate reversal under this configuration.,2065
estrone,0.01041563559223775,0,1,0,1,0.0,0.9801980198019802,1.0,3.0,No aggregate reversal under this configuration.,2066
psh 008,0.010429730231295928,0,1,0,1,0.0,0.9306930693069307,1.0,3.0,No aggregate reversal under this configuration.,2067
mestanolone,0.01048041032692573,0,2,0,2,0.0,0.8217821782178217,1.0,6.5,No aggregate reversal under this configuration.,2068
celastrol,0.01048899619813613,10,40,10,40,0.25,0.9801980198019802,1.0,6.05,No aggregate reversal under this configuration.,2069
jte 907,0.010524472202306269,1,2,1,2,0.5,0.9207920792079208,1.0,3.5,No aggregate reversal under this configuration.,2070
regorafenib,0.01052557056760357,2,9,2,9,0.2222222222222222,0.9801980198019802,1.0,3.7777777777777777,No aggregate reversal under this configuration.,2071
PF-477736,0.010530443952533034,9,33,9,33,0.2727272727272727,1.0,1.0,4.878787878787879,No aggregate reversal under this configuration.,2072
BRD-U74615290,0.010532955925355688,0,2,0,2,0.0,0.9306930693069307,1.0,4.5,No aggregate reversal under this configuration.,2073
BRD-K67010098,0.010546998605038731,0,2,0,2,0.0,0.9603960396039604,1.0,3.5,No aggregate reversal under this configuration.,2074
BRD-K76698671,0.010584476544146432,0,1,0,1,0.0,0.9405940594059405,1.0,4.0,No aggregate reversal under this configuration.,2075
unc0321,0.010666359280734396,1,3,1,3,0.3333333333333333,0.900990099009901,1.0,5.333333333333333,No aggregate reversal under this configuration.,2076
reserpine,0.010739481499182588,2,5,2,5,0.4,1.0,1.0,3.2,No aggregate reversal under this configuration.,2077
bjm-af-64 brd-k14324645,0.010743255139183793,0,1,0,1,0.0,0.9405940594059405,1.0,3.0,No aggregate reversal under this configuration.,2078
BRD-K67470788,0.010790843224365432,0,1,0,1,0.0,0.8514851485148515,1.0,3.0,No aggregate reversal under this configuration.,2079
triclosan,0.010803642976886059,1,2,1,2,0.5,0.8316831683168316,1.0,4.0,No aggregate reversal under this configuration.,2080
BRD-K50387473,0.010821342536665028,1,7,1,7,0.14285714285714285,0.9801980198019802,1.0,3.857142857142857,No aggregate reversal under this configuration.,2081
betamethasone acetate,0.010835570721558675,0,1,0,1,0.0,0.7821782178217822,1.0,6.0,No aggregate reversal under this configuration.,2082
hy-10181,0.010842525189268976,1,3,1,3,0.3333333333333333,0.9207920792079208,1.0,5.333333333333333,No aggregate reversal under this configuration.,2083
mls-0435526.0001,0.010870367236452592,0,1,0,1,0.0,0.8712871287128713,1.0,4.0,No aggregate reversal under this configuration.,2084
s1057,0.01090826181048711,3,9,3,9,0.3333333333333333,0.9801980198019802,1.0,4.777777777777778,No aggregate reversal under this configuration.,2085
prothionamide,0.010918388389090025,0,1,0,1,0.0,0.8811881188118812,1.0,4.0,No aggregate reversal under this configuration.,2086
stock2s-84516,0.010956663143527026,0,1,0,1,0.0,0.8811881188118812,1.0,3.0,No aggregate reversal under this configuration.,2087
ethacrynic acid,0.010961574665767726,0,1,0,1,0.0,0.900990099009901,1.0,4.0,No aggregate reversal under this configuration.,2088
pik-90,0.011029985614794922,2,5,2,5,0.4,0.9801980198019802,1.0,4.0,No aggregate reversal under this configuration.,2089
clocortolone pivalate,0.011032842355258084,1,3,1,3,0.3333333333333333,0.9504950495049505,1.0,3.6666666666666665,No aggregate reversal under this configuration.,2090
KIN001-242,0.011064785653686335,0,1,0,1,0.0,0.9207920792079208,1.0,3.0,No aggregate reversal under this configuration.,2091
4-aminosalicylic acid,0.011068403215122091,0,1,0,1,0.0,0.8613861386138614,1.0,5.0,No aggregate reversal under this configuration.,2092
dppe fumarate,0.011089547080572474,0,1,0,1,0.0,0.8415841584158416,1.0,3.0,No aggregate reversal under this configuration.,2093
TG-101348,0.011097480685712818,5,27,5,27,0.18518518518518517,0.9900990099009901,1.0,4.851851851851852,No aggregate reversal under this configuration.,2094
BRD-A94793051,0.011098597312809651,0,1,0,1,0.0,0.8415841584158416,1.0,3.0,No aggregate reversal under this configuration.,2095
BRD-K90735586,0.011134135501049018,0,1,0,1,0.0,0.8514851485148515,1.0,6.0,No aggregate reversal under this configuration.,2096
ag 538,0.011157368618479846,0,1,0,1,0.0,0.9405940594059405,1.0,3.0,No aggregate reversal under this configuration.,2097
methylstat,0.01118534796383016,1,6,1,6,0.16666666666666666,0.9504950495049505,1.0,6.333333333333333,No aggregate reversal under this configuration.,2098
m-3m3fbs,0.011193097656335797,0,7,0,7,0.0,0.9306930693069307,1.0,5.0,No aggregate reversal under this configuration.,2099
ribavirin,0.011222328144626486,0,1,0,1,0.0,0.8712871287128713,1.0,4.0,No aggregate reversal under this configuration.,2100
BRD-K94991378,0.011227662435361758,0,2,0,2,0.0,0.8910891089108911,1.0,3.0,No aggregate reversal under this configuration.,2101
CG-930,0.011312963437800399,1,4,1,4,0.25,0.9702970297029703,1.0,3.0,No aggregate reversal under this configuration.,2102
doramapimod,0.01135430616915103,0,1,0,1,0.0,0.9801980198019802,1.0,3.0,No aggregate reversal under this configuration.,2103
ipratropium bromide,0.011363402604872506,0,2,0,2,0.0,0.9405940594059405,1.0,5.5,No aggregate reversal under this configuration.,2104
cimaterol,0.011367936021499285,0,1,0,1,0.0,0.9207920792079208,1.0,3.0,No aggregate reversal under this configuration.,2105
s1140,0.011380082173545164,0,1,0,1,0.0,0.7920792079207921,1.0,3.0,No aggregate reversal under this configuration.,2106
bw-b 70c,0.011489134766059447,0,2,0,2,0.0,0.9207920792079208,1.0,3.5,No aggregate reversal under this configuration.,2107
OTSSP167,0.011551453168075605,8,22,8,22,0.36363636363636365,0.9801980198019802,1.0,4.909090909090909,No aggregate reversal under this configuration.,2108
BRD-K68191783,0.01157471679412652,0,1,0,1,0.0,0.9306930693069307,1.0,4.0,No aggregate reversal under this configuration.,2109
hy-50767,0.011594273073531156,0,1,0,1,0.0,0.8613861386138614,1.0,4.0,No aggregate reversal under this configuration.,2110
brl 54443,0.01160678865573592,0,2,0,2,0.0,0.8910891089108911,1.0,3.5,No aggregate reversal under this configuration.,2111
BRD-A25088322,0.011630359329632488,0,3,0,3,0.0,0.9702970297029703,1.0,3.6666666666666665,No aggregate reversal under this configuration.,2112
tubocurarine chloride,0.011643197414112873,0,1,0,1,0.0,0.9207920792079208,1.0,3.0,No aggregate reversal under this configuration.,2113
BRD-K78385490,0.011701505655642413,1,5,1,5,0.2,0.9207920792079208,1.0,6.2,No aggregate reversal under this configuration.,2114
s4002,0.011731399945103436,0,2,0,2,0.0,0.900990099009901,1.0,6.0,No aggregate reversal under this configuration.,2115
s1205,0.011764658095285924,1,3,1,3,0.3333333333333333,0.8217821782178217,1.0,4.333333333333333,No aggregate reversal under this configuration.,2116
vu0365114-2,0.011802185180271013,0,2,0,2,0.0,0.9405940594059405,1.0,4.5,No aggregate reversal under this configuration.,2117
ossk 647368,0.01182949094924651,1,3,1,3,0.3333333333333333,0.9405940594059405,1.0,4.0,No aggregate reversal under this configuration.,2118
withaferin-a,0.011831934206273431,19,55,25,79,0.34545454545454546,1.0,1.0,5.518987341772152,No aggregate reversal under this configuration.,2119
atorvastatin,0.011855164910433832,1,3,1,3,0.3333333333333333,0.9405940594059405,1.0,4.0,No aggregate reversal under this configuration.,2120
s1014,0.011871125650408262,0,2,0,2,0.0,0.8910891089108911,1.0,5.0,No aggregate reversal under this configuration.,2121
vu0365118-1,0.011909024326708637,0,2,0,2,0.0,0.9702970297029703,1.0,3.0,No aggregate reversal under this configuration.,2122
BRD-K18724229,0.011917459236370505,1,6,1,6,0.16666666666666666,0.9900990099009901,1.0,4.5,No aggregate reversal under this configuration.,2123
BRD-K05593511,0.01196138841968013,0,1,0,1,0.0,0.8811881188118812,1.0,5.0,No aggregate reversal under this configuration.,2124
tivantinib,0.012027167983600755,3,12,3,12,0.25,0.9900990099009901,1.0,4.583333333333333,No aggregate reversal under this configuration.,2125
p0030,0.012034941832926836,1,4,1,4,0.25,0.9603960396039604,1.0,5.5,No aggregate reversal under this configuration.,2126
gr 159897,0.01206454901084613,0,2,0,2,0.0,0.9405940594059405,1.0,4.0,No aggregate reversal under this configuration.,2127
diethylstilbestrol,0.012070608248401844,0,1,0,1,0.0,0.9603960396039604,1.0,3.0,No aggregate reversal under this configuration.,2128
bjm-csc-19 brd-k92817986,0.012090420800957919,0,1,0,1,0.0,0.9405940594059405,1.0,3.0,No aggregate reversal under this configuration.,2129
BRD-K58306044,0.012108869041556225,0,1,0,1,0.0,0.9306930693069307,1.0,3.0,No aggregate reversal under this configuration.,2130
devazepide,0.012109423934384056,0,2,0,2,0.0,0.9702970297029703,1.0,3.5,No aggregate reversal under this configuration.,2131
6-diazo-5-oxo-l-norleucine,0.01215990301928487,0,2,0,2,0.0,0.9108910891089109,1.0,6.5,No aggregate reversal under this configuration.,2132
sb 206553 hydrochloride,0.012240621947299565,0,1,0,1,0.0,0.9207920792079208,1.0,3.0,No aggregate reversal under this configuration.,2133
BRD-K61496577 (flumethasone),0.012257264345109067,0,1,0,1,0.0,0.8811881188118812,1.0,5.0,No aggregate reversal under this configuration.,2134
BRD-K77681376,0.012257897867698925,1,3,1,3,0.3333333333333333,0.8316831683168316,1.0,4.333333333333333,No aggregate reversal under this configuration.,2135
BRD-K33164466,0.012275192708000322,0,2,0,2,0.0,0.9801980198019802,1.0,4.5,No aggregate reversal under this configuration.,2136
l 161982,0.012325703561377882,0,2,0,2,0.0,0.9306930693069307,1.0,3.5,No aggregate reversal under this configuration.,2137
bl-081,0.012332006637701636,0,1,0,1,0.0,0.7821782178217822,1.0,4.0,No aggregate reversal under this configuration.,2138
jas07 007,0.012375224069149758,0,1,0,1,0.0,0.900990099009901,1.0,4.0,No aggregate reversal under this configuration.,2139
vu0424182-2,0.012410924092228522,0,1,0,1,0.0,0.8910891089108911,1.0,4.0,No aggregate reversal under this configuration.,2140
tretinoin,0.012415596051284575,0,1,0,1,0.0,0.9702970297029703,1.0,3.0,No aggregate reversal under this configuration.,2141
canertinib,0.012525164929047407,8,35,8,35,0.22857142857142856,1.0,1.0,5.228571428571429,No aggregate reversal under this configuration.,2142
BRD-K35133769,0.012585230427251114,0,1,0,1,0.0,0.9405940594059405,1.0,3.0,No aggregate reversal under this configuration.,2143
BRD-K53932786,0.012609038443267247,1,3,1,3,0.3333333333333333,0.9207920792079208,1.0,5.333333333333333,No aggregate reversal under this configuration.,2144
flurandrenolide,0.012626335341354591,0,1,0,1,0.0,0.8316831683168316,1.0,4.0,No aggregate reversal under this configuration.,2145
r(+)-6-bromo-apb,0.01262888227637541,0,1,0,1,0.0,0.8514851485148515,1.0,4.0,No aggregate reversal under this configuration.,2146
h-5832,0.012657963726336291,0,1,0,1,0.0,0.8118811881188119,1.0,3.0,No aggregate reversal under this configuration.,2147
metoclopramide monohydrochloride,0.012669375892303377,0,1,0,1,0.0,0.7821782178217822,1.0,6.0,No aggregate reversal under this configuration.,2148
BRD-K02123250,0.012689971995464167,0,1,0,1,0.0,0.900990099009901,1.0,5.0,No aggregate reversal under this configuration.,2149
hy-10344,0.012697868171660354,0,1,0,1,0.0,0.9306930693069307,1.0,3.0,No aggregate reversal under this configuration.,2150
BRD-A30395175,0.012735546755491139,0,1,0,1,0.0,0.8811881188118812,1.0,3.0,No aggregate reversal under this configuration.,2151
ncgc00165208-01,0.012749388719731431,1,5,1,5,0.2,0.9603960396039604,1.0,4.2,No aggregate reversal under this configuration.,2152
ag 556,0.012817494698095025,0,2,0,2,0.0,0.9801980198019802,1.0,6.0,No aggregate reversal under this configuration.,2153
BRD-K25150581,0.012932542557933056,0,1,0,1,0.0,0.9306930693069307,1.0,5.0,No aggregate reversal under this configuration.,2154
ncgc00167107-01,0.01305173577215897,0,1,0,1,0.0,0.8514851485148515,1.0,3.0,No aggregate reversal under this configuration.,2155
ncgc00188324-02,0.013127580514403504,0,1,0,1,0.0,0.9405940594059405,1.0,3.0,No aggregate reversal under this configuration.,2156
rho kinase inhibitor iii [rockout],0.013138038057390545,0,4,0,4,0.0,0.9603960396039604,1.0,3.75,No aggregate reversal under this configuration.,2157
bay 36-7620,0.013138832919305404,0,1,0,1,0.0,0.8712871287128713,1.0,5.0,No aggregate reversal under this configuration.,2158
GSK-J2,0.013162468597406773,1,2,1,2,0.5,1.0,1.0,3.5,No aggregate reversal under this configuration.,2159
opipramol dihydrochloride,0.01322715162112903,0,1,0,1,0.0,0.9801980198019802,1.0,4.0,No aggregate reversal under this configuration.,2160
BRD-K14316227,0.013252013995845188,0,1,0,1,0.0,0.8910891089108911,1.0,4.0,No aggregate reversal under this configuration.,2161
vincristine sulfate,0.013302023264999772,0,2,0,2,0.0,0.9504950495049505,1.0,3.5,No aggregate reversal under this configuration.,2162
KIN001-220,0.013361929767742666,1,5,1,5,0.2,1.0,1.0,4.0,No aggregate reversal under this configuration.,2163
ALW-II-49-7,0.013400849165808335,0,4,0,4,0.0,0.9900990099009901,1.0,4.25,No aggregate reversal under this configuration.,2164
PFI-1,0.013415710701067462,5,16,5,16,0.3125,1.0,1.0,6.0,No aggregate reversal under this configuration.,2165
SU-11274,0.013417517631634346,2,8,2,8,0.25,0.9900990099009901,1.0,4.625,No aggregate reversal under this configuration.,2166
flutamide,0.0134266183571412,0,2,0,2,0.0,0.9900990099009901,1.0,3.5,No aggregate reversal under this configuration.,2167
nadolol,0.013481302420685421,0,1,0,1,0.0,0.8415841584158416,1.0,5.0,No aggregate reversal under this configuration.,2168
anagrelide hydrochloride,0.013526382383268611,0,1,0,1,0.0,0.8910891089108911,1.0,5.0,No aggregate reversal under this configuration.,2169
doxepin hydrochloride,0.013541340949897916,0,1,0,1,0.0,0.8613861386138614,1.0,4.0,No aggregate reversal under this configuration.,2170
iniparib,0.013588599307342554,0,2,0,2,0.0,0.9603960396039604,1.0,3.0,No aggregate reversal under this configuration.,2171
todralazine hydrochloride,0.013596825119977493,0,1,0,1,0.0,0.8910891089108911,1.0,6.0,No aggregate reversal under this configuration.,2172
byssochlamic acid,0.013666927588910126,0,1,0,1,0.0,0.9900990099009901,1.0,3.0,No aggregate reversal under this configuration.,2173
BRD-K98426715,0.01376877728474521,0,1,0,1,0.0,0.8811881188118812,1.0,3.0,No aggregate reversal under this configuration.,2174
BRD-K47764688,0.013780732177624776,0,2,0,2,0.0,0.9702970297029703,1.0,3.0,No aggregate reversal under this configuration.,2175
bulleyaconitine a,0.01379199137077156,0,1,0,1,0.0,0.9306930693069307,1.0,3.0,No aggregate reversal under this configuration.,2176
ritanserin,0.013838924549601856,0,1,0,1,0.0,0.9504950495049505,1.0,4.0,No aggregate reversal under this configuration.,2177
toremifene,0.01383906843411532,0,1,0,2,0.0,0.9801980198019802,1.0,5.0,No aggregate reversal under this configuration.,2178
ncgc00183218-01,0.01386885868273272,0,1,0,1,0.0,0.9207920792079208,1.0,3.0,No aggregate reversal under this configuration.,2179
metergoline,0.013976717106202862,1,3,1,3,0.3333333333333333,0.9900990099009901,1.0,3.3333333333333335,No aggregate reversal under this configuration.,2180
BRD-K52678950,0.013991140664076532,0,1,0,1,0.0,0.8613861386138614,1.0,10.0,No aggregate reversal under this configuration.,2181
vincristine,0.014033743045703996,0,1,0,1,0.0,0.9405940594059405,1.0,3.0,No aggregate reversal under this configuration.,2182
cjd-fun-4-2,0.01406076699553839,0,1,0,1,0.0,0.9702970297029703,1.0,3.0,No aggregate reversal under this configuration.,2183
BRD-K97701319,0.014072802259099794,0,1,0,1,0.0,0.8415841584158416,1.0,5.0,No aggregate reversal under this configuration.,2184
tyrphostin-AG-1478,0.014275601813080935,0,1,0,1,0.0,0.9702970297029703,1.0,5.0,No aggregate reversal under this configuration.,2185
"l-690,330",0.014288201085757006,1,5,1,5,0.2,1.0,1.0,3.8,No aggregate reversal under this configuration.,2186
BRD-K75081836,0.014310432990279613,2,5,2,5,0.4,0.9603960396039604,1.0,3.6,No aggregate reversal under this configuration.,2187
ncgc00180994-01,0.014380625135719482,0,1,0,1,0.0,0.9108910891089109,1.0,3.0,No aggregate reversal under this configuration.,2188
BRD-K53461563,0.014397715798653617,0,1,0,1,0.0,0.8910891089108911,1.0,5.0,No aggregate reversal under this configuration.,2189
gr-207,0.01442857057004979,0,1,0,1,0.0,0.9306930693069307,1.0,4.0,No aggregate reversal under this configuration.,2190
BRD-K19410523,0.014439372097964736,0,1,0,1,0.0,1.0,1.0,5.0,No aggregate reversal under this configuration.,2191
diphenylpyraline hydrochloride,0.014441400122142525,0,1,0,1,0.0,0.9900990099009901,1.0,3.0,No aggregate reversal under this configuration.,2192
"homatropine hydrobromide (r,s)",0.014441400122142525,0,1,0,1,0.0,0.9702970297029703,1.0,3.0,No aggregate reversal under this configuration.,2193
brimonidine,0.014451772874154273,0,1,0,1,0.0,0.9702970297029703,1.0,4.0,No aggregate reversal under this configuration.,2194
t5345967,0.014475278658753268,0,2,0,2,0.0,0.9306930693069307,1.0,5.0,No aggregate reversal under this configuration.,2195
GDC-0068,0.014480568148511806,3,7,3,7,0.42857142857142855,1.0,1.0,5.0,No aggregate reversal under this configuration.,2196
aminolevulinic acid,0.014583212364880341,0,1,0,1,0.0,0.9306930693069307,1.0,6.0,No aggregate reversal under this configuration.,2197
ranitidine,0.01459631274436822,0,1,0,1,0.0,0.9207920792079208,1.0,6.0,No aggregate reversal under this configuration.,2198
A66,0.014601723985570966,1,4,1,4,0.25,0.9900990099009901,1.0,4.75,No aggregate reversal under this configuration.,2199
BRD-K49861754,0.01461980496524811,0,1,0,1,0.0,0.9207920792079208,1.0,5.0,No aggregate reversal under this configuration.,2200
BRD-K70161581,0.014734352571541074,0,6,0,6,0.0,0.9801980198019802,1.0,4.5,No aggregate reversal under this configuration.,2201
BRD-K07877311,0.01484991887493073,0,2,0,2,0.0,0.9405940594059405,1.0,5.5,No aggregate reversal under this configuration.,2202
ikk inhibitor x,0.014986489469961048,0,1,0,1,0.0,0.9108910891089109,1.0,4.0,No aggregate reversal under this configuration.,2203
BRD-K02216544,0.015039382596289742,0,1,0,1,0.0,0.9207920792079208,1.0,4.0,No aggregate reversal under this configuration.,2204
BRD-K00007652,0.015129313339082885,0,2,0,2,0.0,0.9900990099009901,1.0,3.0,No aggregate reversal under this configuration.,2205
minoxidil,0.015241329328067012,0,1,0,1,0.0,0.8217821782178217,1.0,4.0,No aggregate reversal under this configuration.,2206
BRD-K88329126,0.015260917022087338,0,1,0,1,0.0,0.9207920792079208,1.0,5.0,No aggregate reversal under this configuration.,2207
s1172,0.015293750512408971,0,1,0,1,0.0,0.9405940594059405,1.0,3.0,No aggregate reversal under this configuration.,2208
6-azauridine,0.015396110715960875,0,1,0,1,0.0,0.8712871287128713,1.0,6.0,No aggregate reversal under this configuration.,2209
BRD-U32365159,0.015451833009930516,0,1,0,1,0.0,0.9306930693069307,1.0,3.0,No aggregate reversal under this configuration.,2210
prozac,0.015502274517849492,0,1,0,1,0.0,0.9603960396039604,1.0,3.0,No aggregate reversal under this configuration.,2211
rev-5901,0.015593782446505566,0,1,0,1,0.0,0.9801980198019802,1.0,5.0,No aggregate reversal under this configuration.,2212
BRD-K34508425,0.015664918676313238,0,1,0,1,0.0,0.9603960396039604,1.0,5.0,No aggregate reversal under this configuration.,2213
mead ethanolamide,0.01580450987773318,0,1,0,1,0.0,0.8514851485148515,1.0,7.0,No aggregate reversal under this configuration.,2214
ncgc00229595-01,0.0159297261974969,0,1,0,1,0.0,0.9801980198019802,1.0,5.0,No aggregate reversal under this configuration.,2215
KIN001-127,0.015998995174354692,2,6,2,6,0.3333333333333333,0.9405940594059405,1.0,6.333333333333333,No aggregate reversal under this configuration.,2216
citalopram hydrobromide,0.016035812015899882,0,1,0,1,0.0,0.9108910891089109,1.0,3.0,No aggregate reversal under this configuration.,2217
s1485,0.016060692830076377,0,2,0,2,0.0,0.9801980198019802,1.0,3.5,No aggregate reversal under this configuration.,2218
hy-10456,0.016140446302679634,0,1,0,1,0.0,0.9504950495049505,1.0,3.0,No aggregate reversal under this configuration.,2219
BRD-K25731886,0.01620199520606732,0,1,0,1,0.0,0.900990099009901,1.0,5.0,No aggregate reversal under this configuration.,2220
BRD-K11795542,0.016265781163488594,0,1,0,1,0.0,0.8811881188118812,1.0,6.0,No aggregate reversal under this configuration.,2221
BRD-K63923597,0.016418274560465077,0,2,0,2,0.0,1.0,1.0,3.0,No aggregate reversal under this configuration.,2222
BRD-K43913647,0.0165998220224398,0,1,0,1,0.0,0.9603960396039604,1.0,3.0,No aggregate reversal under this configuration.,2223
np-006304,0.017114850570195562,0,1,0,1,0.0,0.9801980198019802,1.0,5.0,No aggregate reversal under this configuration.,2224
BRD-A77467113,0.017231714138144123,0,1,0,1,0.0,0.9801980198019802,1.0,3.0,No aggregate reversal under this configuration.,2225
BS-181,0.01737078671414561,0,2,0,2,0.0,0.9900990099009901,1.0,4.0,No aggregate reversal under this configuration.,2226
HY-11007,0.01739220849325905,1,3,1,3,0.3333333333333333,1.0,1.0,3.3333333333333335,No aggregate reversal under this configuration.,2227
risperidone,0.017393482799701522,0,1,0,1,0.0,0.9504950495049505,1.0,4.0,No aggregate reversal under this configuration.,2228
sulfacetamide sodic hydrate,0.01740391284969911,0,1,0,1,0.0,0.9504950495049505,1.0,5.0,No aggregate reversal under this configuration.,2229
jfd02227,0.017712420421549,0,1,0,1,0.0,0.9207920792079208,1.0,3.0,No aggregate reversal under this configuration.,2230
12k-613s,0.017784447513163538,0,1,0,1,0.0,0.9405940594059405,1.0,7.0,No aggregate reversal under this configuration.,2231
"methyldopa (l,-)",0.017863479756559733,0,1,0,1,0.0,0.9801980198019802,1.0,4.0,No aggregate reversal under this configuration.,2232
BRD-K05331696,0.017978842065451067,0,2,0,2,0.0,0.9900990099009901,1.0,5.0,No aggregate reversal under this configuration.,2233
thiocolchicoside,0.01803235452673097,0,2,0,2,0.0,0.9603960396039604,1.0,6.5,No aggregate reversal under this configuration.,2234
BRD-K73155123,0.01810513582904616,0,1,0,1,0.0,0.9801980198019802,1.0,5.0,No aggregate reversal under this configuration.,2235
BRD-K75128590,0.018180498089347207,0,1,0,1,0.0,0.9108910891089109,1.0,3.0,No aggregate reversal under this configuration.,2236
BRD-K35483542,0.018301082178233723,0,1,0,1,0.0,0.9801980198019802,1.0,7.0,No aggregate reversal under this configuration.,2237
st4066738,0.018349924102181243,1,3,1,3,0.3333333333333333,1.0,1.0,4.0,No aggregate reversal under this configuration.,2238
corticosterone,0.01841282865072188,0,1,0,1,0.0,0.9603960396039604,1.0,4.0,No aggregate reversal under this configuration.,2239
thyroxine (l),0.018519343710751687,0,1,0,1,0.0,0.9504950495049505,1.0,4.0,No aggregate reversal under this configuration.,2240
brivanib,0.018527780998794263,1,6,1,6,0.16666666666666666,1.0,1.0,5.0,No aggregate reversal under this configuration.,2241
NPK76-II-72-1,0.018702762155678485,0,3,0,3,0.0,0.9900990099009901,1.0,3.6666666666666665,No aggregate reversal under this configuration.,2242
BRD-A96272097,0.018751200444792577,0,2,0,2,0.0,0.9801980198019802,1.0,6.0,No aggregate reversal under this configuration.,2243
v2264,0.018876627678752502,0,2,0,2,0.0,0.9801980198019802,1.0,3.0,No aggregate reversal under this configuration.,2244
tyrphostin 47,0.018990994344256044,0,1,0,1,0.0,0.9900990099009901,1.0,5.0,No aggregate reversal under this configuration.,2245
KIN001-266,0.019148860117610945,1,3,1,3,0.3333333333333333,1.0,1.0,4.0,No aggregate reversal under this configuration.,2246
AZD7762,0.019190643869004764,0,1,0,1,0.0,0.9603960396039604,1.0,5.0,No aggregate reversal under this configuration.,2247
BRD-K73319509,0.019207469291699367,0,1,0,1,0.0,0.900990099009901,1.0,5.0,No aggregate reversal under this configuration.,2248
fluocinonide,0.019220519120660074,0,1,0,1,0.0,0.9603960396039604,1.0,5.0,No aggregate reversal under this configuration.,2249
amuvatinib,0.019247947928774257,0,2,0,2,0.0,1.0,1.0,3.5,No aggregate reversal under this configuration.,2250
BRD-K17739445,0.01948522434822107,0,1,0,1,0.0,1.0,1.0,3.0,No aggregate reversal under this configuration.,2251
mk 212,0.01959794863881073,0,1,0,1,0.0,0.9801980198019802,1.0,3.0,No aggregate reversal under this configuration.,2252
src kinase inhibitor ii,0.019651491996324485,0,1,0,1,0.0,0.900990099009901,1.0,6.0,No aggregate reversal under this configuration.,2253
BRD-A60784279,0.019894020041245845,0,1,0,1,0.0,0.9801980198019802,1.0,3.0,No aggregate reversal under this configuration.,2254
losartan potassium,0.020083614743672023,1,3,1,3,0.3333333333333333,1.0,1.0,5.666666666666667,No aggregate reversal under this configuration.,2255
norethindrone acetate,0.020097244493664117,1,3,1,3,0.3333333333333333,0.9900990099009901,1.0,4.0,No aggregate reversal under this configuration.,2256
isocarboxazid,0.02018028516903981,0,1,0,1,0.0,0.9306930693069307,1.0,8.0,No aggregate reversal under this configuration.,2257
c8273,0.02018477674728361,0,6,0,6,0.0,1.0,1.0,4.333333333333333,No aggregate reversal under this configuration.,2258
quizartinib,0.0203565437517806,0,6,0,6,0.0,1.0,1.0,5.166666666666667,No aggregate reversal under this configuration.,2259
BRD-A10523515,0.020494174305116963,0,1,0,1,0.0,0.9702970297029703,1.0,5.0,No aggregate reversal under this configuration.,2260
BRD-K16947188,0.020536333770848778,0,1,0,1,0.0,0.9504950495049505,1.0,5.0,No aggregate reversal under this configuration.,2261
chlorhexidine,0.020958048490052752,0,2,0,2,0.0,0.9900990099009901,1.0,3.5,No aggregate reversal under this configuration.,2262
IOX2,0.021045974233161433,1,2,1,2,0.5,1.0,1.0,6.5,No aggregate reversal under this configuration.,2263
cyclizine hydrochloride,0.02132977854391896,0,1,0,1,0.0,1.0,1.0,4.0,No aggregate reversal under this configuration.,2264
memantine hydrochloride,0.021747760573205502,0,1,0,1,0.0,0.9603960396039604,1.0,5.0,No aggregate reversal under this configuration.,2265
BRD-K22988559,0.02178249851274831,0,1,0,1,0.0,1.0,1.0,3.0,No aggregate reversal under this configuration.,2266
pravastatin sodium salt,0.021949302430966555,0,2,0,2,0.0,1.0,1.0,5.5,No aggregate reversal under this configuration.,2267
BRD-K84091085,0.02199565852938718,0,1,0,1,0.0,0.9801980198019802,1.0,4.0,No aggregate reversal under this configuration.,2268
BRD-K69569876,0.022235931432688778,0,1,0,1,0.0,0.9900990099009901,1.0,3.0,No aggregate reversal under this configuration.,2269
s1170,0.022287833851000815,0,2,0,2,0.0,1.0,1.0,6.0,No aggregate reversal under this configuration.,2270
MGCD-265,0.022290517834245904,0,3,0,3,0.0,1.0,1.0,5.333333333333333,No aggregate reversal under this configuration.,2271
cp 93129 dihydrochloride,0.022721768965880115,0,1,0,1,0.0,0.9900990099009901,1.0,3.0,No aggregate reversal under this configuration.,2272
BRD-K52914903,0.02293800386594111,0,2,0,2,0.0,0.9702970297029703,1.0,6.0,No aggregate reversal under this configuration.,2273
cd 01333,0.02309214984778698,0,1,0,1,0.0,1.0,1.0,3.0,No aggregate reversal under this configuration.,2274
BRD-K99582188,0.023296387035878212,0,3,0,3,0.0,0.9900990099009901,1.0,5.0,No aggregate reversal under this configuration.,2275
isoflupredone acetate,0.023480413290352165,0,1,0,1,0.0,0.9801980198019802,1.0,3.0,No aggregate reversal under this configuration.,2276
BRD-K15107389,0.023495273326819846,0,1,0,1,0.0,1.0,1.0,3.0,No aggregate reversal under this configuration.,2277
BRD-K35573744,0.023560704867117102,0,1,0,1,0.0,0.9603960396039604,1.0,3.0,No aggregate reversal under this configuration.,2278
AZD4547,0.02359914798762009,1,3,1,3,0.3333333333333333,1.0,1.0,6.0,No aggregate reversal under this configuration.,2279
ncgc00238548-02,0.023627521276305706,0,1,0,1,0.0,0.9900990099009901,1.0,4.0,No aggregate reversal under this configuration.,2280
SAR-245408,0.02366657918595541,0,4,0,4,0.0,1.0,1.0,4.0,No aggregate reversal under this configuration.,2281
acetylcysteine,0.024078006071273486,0,1,0,1,0.0,0.9801980198019802,1.0,3.0,No aggregate reversal under this configuration.,2282
sulindac,0.02436870272753133,0,1,0,1,0.0,0.9801980198019802,1.0,4.0,No aggregate reversal under this configuration.,2283
pz0004,0.024446447880166255,0,1,0,1,0.0,0.9900990099009901,1.0,5.0,No aggregate reversal under this configuration.,2284
g5797,0.024519594135287346,0,1,0,1,0.0,1.0,1.0,6.0,No aggregate reversal under this configuration.,2285
BRD-K31491153,0.024693531327539438,0,1,0,1,0.0,0.9801980198019802,1.0,8.0,No aggregate reversal under this configuration.,2286
BRD-K74777906,0.024901585125050293,0,1,0,1,0.0,1.0,1.0,3.0,No aggregate reversal under this configuration.,2287
pazopanib,0.025127638992731707,0,2,0,2,0.0,1.0,1.0,4.0,No aggregate reversal under this configuration.,2288
desoximetasone,0.025176360024325953,0,1,0,1,0.0,0.9702970297029703,1.0,4.0,No aggregate reversal under this configuration.,2289
BRD-K23657553,0.0252262052205819,0,1,0,1,0.0,0.9801980198019802,1.0,4.0,No aggregate reversal under this configuration.,2290
BRD-K70917163,0.02541998914989917,0,1,0,1,0.0,0.9603960396039604,1.0,5.0,No aggregate reversal under this configuration.,2291
BRD-K66426634,0.025484008257361048,0,1,0,1,0.0,0.9900990099009901,1.0,3.0,No aggregate reversal under this configuration.,2292
KU-60019,0.02562671748422391,1,5,1,5,0.2,1.0,1.0,5.4,No aggregate reversal under this configuration.,2293
gmx-1778,0.026079679061491817,0,1,0,1,0.0,0.9900990099009901,1.0,8.0,No aggregate reversal under this configuration.,2294
ABT-737,0.026184671915348484,0,6,0,6,0.0,1.0,1.0,4.666666666666667,No aggregate reversal under this configuration.,2295
BRD-K05114711,0.026826893049240314,0,1,0,1,0.0,1.0,1.0,3.0,No aggregate reversal under this configuration.,2296
iodophenpropit dihydrobromide,0.026867518815841263,0,1,0,1,0.0,0.9603960396039604,1.0,6.0,No aggregate reversal under this configuration.,2297
FR-180204,0.02801249169944247,0,3,0,3,0.0,1.0,1.0,4.666666666666667,No aggregate reversal under this configuration.,2298
np-009265,0.028193647845504363,0,1,0,1,0.0,0.9405940594059405,1.0,6.0,No aggregate reversal under this configuration.,2299
cam-9-021 brd-k05563014,0.028338163536104164,0,1,0,1,0.0,0.9801980198019802,1.0,4.0,No aggregate reversal under this configuration.,2300
na-tosyl-phe chloromethyl ketone,0.028638979976220856,0,1,0,1,0.0,1.0,1.0,4.0,No aggregate reversal under this configuration.,2301
piribedil dihydrochloride,0.028660308029727508,0,1,0,1,0.0,1.0,1.0,3.0,No aggregate reversal under this configuration.,2302
cy 208-243,0.028906136697716092,0,1,0,1,0.0,1.0,1.0,3.0,No aggregate reversal under this configuration.,2303
BRD-A57107094,0.02999753473857588,0,1,0,1,0.0,0.9801980198019802,1.0,7.0,No aggregate reversal under this configuration.,2304
hydrocortisone valerate,0.03029230141631126,0,1,0,1,0.0,1.0,1.0,6.0,No aggregate reversal under this configuration.,2305
hy-11066,0.03229286616806967,0,1,0,1,0.0,1.0,1.0,7.0,No aggregate reversal under this configuration.,2306
veliparib,0.03371719052265994,0,3,0,3,0.0,1.0,1.0,4.0,No aggregate reversal under this configuration.,2307
etomidate,0.03399028565356212,0,1,0,1,0.0,0.9801980198019802,1.0,4.0,No aggregate reversal under this configuration.,2308
beta-escin,0.035365054888929326,0,1,0,1,0.0,1.0,1.0,4.0,No aggregate reversal under this configuration.,2309
BRD-K33182644,0.03609986150376422,0,1,0,1,0.0,1.0,1.0,3.0,No aggregate reversal under this configuration.,2310
granisetron,0.036113537505884766,0,1,0,1,0.0,1.0,1.0,6.0,No aggregate reversal under this configuration.,2311
BRD-K98676510,0.03702321948497633,0,1,0,1,0.0,0.9603960396039604,1.0,5.0,No aggregate reversal under this configuration.,2312
iodipamide,0.03745476059764643,0,1,0,1,0.0,1.0,1.0,6.0,No aggregate reversal under this configuration.,2313
BRD-K87426499,0.03854731092464493,0,1,0,1,0.0,0.9801980198019802,1.0,6.0,No aggregate reversal under this configuration.,2314
sulfaguanidine,0.04212375026484296,0,1,0,1,0.0,0.9900990099009901,1.0,8.0,No aggregate reversal under this configuration.,2315
motesanib,0.046902479889229826,0,1,0,1,0.0,1.0,1.0,7.0,No aggregate reversal under this configuration.,2316
