compound,configurations_present,top_k_frequency,evaluated_configurations,mean_rank,rank_sd,baseline,relaxed,stringent,multi-context
"ici-162,846",3,3,4,3.3333333333333335,2.6246692913372702,7.0,2,1.0,
ncgc00182913-03,3,3,4,6.0,4.08248290463863,1.0,11,6.0,
cam-9-026 brd-k91442916,3,3,4,6.333333333333333,4.189935029992178,2.0,12,5.0,
"l-ornithine, n5-[imino(methylamino)methyl]-[cas]",3,3,4,8.333333333333334,6.847546194724712,3.0,4,18.0,
BRD-K28180706,3,3,4,9.666666666666666,6.128258770283412,10.0,17,2.0,
mdl 72222,3,3,4,17.0,2.943920288775949,13.0,18,20.0,
felamidin,2,2,4,4.0,1.0,5.0,3,,
deoxyandirobin lactone,2,2,4,7.0,2.0,9.0,5,,
kuc104488 kuc104488n,2,2,4,12.0,4.0,8.0,16,,
sibutramine hcl,3,2,4,16.333333333333332,14.613540144521982,6.0,6,37.0,
propyl-beta-carboline-3-carboxylate,3,2,4,19.333333333333332,10.208928554075703,19.0,7,32.0,
BRD-K60757524,3,2,4,20.666666666666668,16.131404843417148,17.0,42,3.0,
pentobarbital,3,2,4,21.666666666666668,5.436502143433363,20.0,29,16.0,
kuc103885 kuc103885n,3,2,4,25.333333333333332,11.145502331533658,16.0,19,41.0,
BRD-K68756823,3,2,4,35.666666666666664,32.76515764582181,12.0,82,13.0,
fk 888,3,2,4,103.66666666666667,130.3439893342058,11.0,288,12.0,
thiazolopyrimidine,4,2,4,269.5,392.18968624888646,102.0,946,14.0,16.0
gr 46611,1,1,4,1.0,0.0,,1,,
metaxalone,1,1,4,8.0,0.0,,8,,
homatropine bromide,1,1,4,9.0,0.0,,9,,
scoulerine,1,1,4,15.0,0.0,,15,,
h5902,3,1,4,28.333333333333332,7.408703590297623,38.0,20,27.0,
ritodrine hydrochloride,3,1,4,28.333333333333332,17.913371790059205,41.0,41,,3.0
azacyclonol,3,1,4,31.333333333333332,18.51725921644153,23.0,14,57.0,
"dibutyryl-camp, sodium salt",4,1,4,35.0,27.248853186877426,34.0,77,28.0,1.0
ml 3163,3,1,4,43.333333333333336,24.115462996914562,45.0,13,72.0,
dipropyldopamine,3,1,4,55.0,36.08323710533743,64.0,94,,7.0
enrofloxacin,4,1,4,58.25,30.102948360584218,95.0,50,74.0,14.0
y27632,4,1,4,59.25,40.5054008744513,70.0,119,38.0,10.0
mesoridazine besylate,4,1,4,73.5,48.09625765067382,73.0,146,64.0,11.0
nizatidine,4,1,4,74.25,46.46705822407956,58.0,125,108.0,6.0
lobendazole,3,1,4,78.0,45.70193285482209,97.0,122,,15.0
hypericin,4,1,4,81.25,45.81689099011412,117.0,133,55.0,20.0
sch 58261,4,1,4,81.5,39.777506206397604,116.0,75,116.0,19.0
BRD-K65366129,3,1,4,84.0,63.12421616675067,165.0,76,11.0,
"n,n-hexamethyleneamiloride",3,1,4,84.0,54.35071296680477,94.0,145,,13.0
zardaverine,2,1,4,100.0,90.0,190.0,10,,
BRD-K62970326,4,1,4,103.5,55.43690106779058,115.0,108,173.0,18.0
epigallocatechin,2,1,4,121.5,117.5,4.0,239,,
kn-93,3,1,4,137.33333333333334,155.75693314335072,51.0,356,,5.0
HG-9-91-01,4,1,4,175.0,192.64734620544348,44.0,494,158.0,4.0
SB-216763,4,1,4,191.0,167.88835576060657,66.0,435,255.0,8.0
ethyl-beta-carboline-3-carboxylate,4,1,4,198.25,212.14543949847237,105.0,560,111.0,17.0
BRD-K34387287,2,1,4,200.5,185.5,15.0,386,,
bcl-2 inhibitor,2,1,4,220.0,206.0,14.0,426,,
exemestane,4,1,4,225.25,195.22086850539316,67.0,340,485.0,9.0
BRD-K15592317,3,1,4,300.0,396.9441606405952,37.0,861,,2.0
menadione,4,1,4,483.5,438.379116747137,547.0,1168,19.0,200.0
c3930,4,1,4,540.5,539.8011207843126,535.0,1418,17.0,192.0
hy-10161,3,1,4,608.0,735.0242626380891,174.0,1643,7.0,
everolimus,4,1,4,628.0,445.392523511565,911.0,1166,9.0,426.0
erastin,2,1,4,734.5,716.5,18.0,1451,,
BRD-K17953061,4,1,4,758.25,520.4884124550709,1112.0,1356,10.0,555.0
BRD-K01896723,4,1,4,760.5,632.387737072755,909.0,1705,4.0,424.0
lasalocid sodium,4,1,4,789.75,883.5458038494666,78.0,2206,863.0,12.0
s1118,4,1,4,876.0,589.5633977783899,1297.0,1529,15.0,663.0
unc0321,3,1,4,1615.3333333333333,1170.5523862215175,2076.0,2762,8.0,
"ly-163,502",1,0,4,23.0,0.0,,23,,
ncgc00182607-01,2,0,4,23.5,1.5,25.0,22,,
norgestrel-(-)-d,2,0,4,24.0,2.0,22.0,26,,
rhc 80267,1,0,4,24.0,0.0,,24,,
BRD-K93296644,1,0,4,25.0,0.0,,25,,
norgestimate,1,0,4,32.0,0.0,,32,,
thiethylperazine dimalate,3,0,4,33.666666666666664,10.208928554075703,21.0,34,46.0,
BRD-A85891951,3,0,4,34.0,4.898979485566356,28.0,40,34.0,
eo 1428,2,0,4,34.0,6.0,40.0,28,,
ncgc00187898-02,2,0,4,34.0,13.0,47.0,21,,
s(+)-terguride,3,0,4,35.0,8.602325267042627,36.0,45,24.0,
BRD-K14636731,1,0,4,36.0,0.0,,36,,
ncgc00181061-03,2,0,4,37.5,4.5,42.0,33,,
dcebio,1,0,4,39.0,0.0,,39,,
n-chlorophenyl-n-hexylpiperazine,3,0,4,39.333333333333336,3.299831645537222,35.0,43,40.0,
st023431,2,0,4,43.5,12.5,56.0,31,,
BRD-K50384076,2,0,4,46.0,15.0,31.0,61,,
gamma-linolenic acid (18:3 n-6),3,0,4,46.0,28.994252303976847,26.0,87,25.0,
diclofenac sodium,2,0,4,48.5,5.5,43.0,54,,
norcyclobenzaprine,2,0,4,48.5,11.5,60.0,37,,
trimipramine maleate salt,1,0,4,49.0,0.0,,49,,
sb 222200,1,0,4,51.0,0.0,,51,,
BRD-A54077041,2,0,4,52.5,19.5,33.0,72,,
norgestrel,1,0,4,53.0,0.0,,53,,
BRD-K11611839,3,0,4,55.0,16.87206764645835,49.0,38,78.0,
glipizide,2,0,4,55.5,25.5,81.0,30,,
linolenic acid (18:3 n-3),2,0,4,56.0,24.0,32.0,80,,
psb 06126,1,0,4,60.0,0.0,,60,,
coumestrol,1,0,4,63.0,0.0,,63,,
levocetirizine,2,0,4,63.5,19.5,83.0,44,,
bumetanide,1,0,4,64.0,0.0,,64,,
pindolol,3,0,4,66.66666666666667,22.954060400915758,53.0,48,99.0,
fenbufen,1,0,4,67.0,0.0,,67,,
BRD-K98173387,2,0,4,68.5,29.5,39.0,98,,
BRD-K02641134,3,0,4,72.0,16.391054470858997,63.0,95,58.0,
su 4312,3,0,4,74.66666666666667,18.00617178142601,99.0,69,56.0,
p5172,3,0,4,75.33333333333333,40.89281382128432,72.0,27,127.0,
jzl-184,2,0,4,75.5,10.5,65.0,86,,
benzopurpurin (b),2,0,4,78.5,19.5,98.0,59,,
gw 441756,3,0,4,78.66666666666667,7.586537784494029,71.0,89,76.0,
s1173,1,0,4,79.0,0.0,,79,,
bl-079,2,0,4,80.5,33.5,114.0,47,,
dapt,2,0,4,81.5,25.5,107.0,56,,
zd 2079 hydrochloride,4,0,4,81.5,57.39991289191997,152.0,124,22.0,28.0
cp 94253 hydrochloride,2,0,4,82.0,14.0,96.0,68,,
BIX-02189,4,0,4,83.0,40.1434926233381,119.0,74,118.0,21.0
ketoprofen,4,0,4,84.5,60.01041576259908,145.0,144,23.0,26.0
way 170523,4,0,4,87.5,56.667892143611624,123.0,161,44.0,22.0
d163-0113,1,0,4,88.0,0.0,,88,,
miglitol,1,0,4,90.0,0.0,,90,,
BRD-K32112425,2,0,4,91.0,14.0,77.0,105,,
nnc 711,1,0,4,91.0,0.0,,91,,
BRD-K41775742,2,0,4,92.0,8.0,84.0,100,,
mls-0435534.0001,3,0,4,92.0,22.686266036231405,106.0,110,60.0,
danthron,2,0,4,93.5,8.5,85.0,102,,
su 5416,1,0,4,97.0,0.0,,97,,
niridazole,2,0,4,99.5,9.5,90.0,109,,
obaa,4,0,4,99.5,60.48346881586737,199.0,96,59.0,44.0
arg-a1-22 brd-k91349888,2,0,4,101.5,74.5,27.0,176,,
BRD-K28610502,2,0,4,102.5,36.5,139.0,66,,
TAK-715,2,0,4,102.5,45.5,57.0,148,,
BRD-K15885023,3,0,4,104.0,21.740898478827106,132.0,101,79.0,
BRD-K72817452,3,0,4,104.33333333333333,19.955506062794353,131.0,99,83.0,
rs 504393,3,0,4,104.66666666666667,67.12343521867422,198.0,73,,43.0
cortisol acetate,1,0,4,107.0,0.0,,107,,
ptb1,3,0,4,107.0,70.63049388661152,206.0,46,69.0,
BRD-K73567619,2,0,4,107.5,42.5,150.0,65,,
BRD-K41557448,2,0,4,108.0,30.0,138.0,78,,
SB-525334,4,0,4,109.75,69.0049817042219,196.0,159,43.0,41.0
trioxsalen,2,0,4,112.0,58.0,54.0,170,,
BRD-K61981833,4,0,4,112.25,62.39941906780864,151.0,189,82.0,27.0
BRD-K30802967,3,0,4,112.33333333333333,36.609045633862436,160.0,71,106.0,
BRD-K86086851,3,0,4,112.33333333333333,28.709270666845967,100.0,152,85.0,
BRD-K16331660,2,0,4,114.0,22.0,136.0,92,,
hexylcaine hydrochloride,4,0,4,115.25,52.22726778226102,185.0,114,124.0,38.0
BRD-K47448802,2,0,4,116.0,31.0,147.0,85,,
BRD-K74126469,3,0,4,117.33333333333333,72.52279335185287,50.0,218,84.0,
BRD-K45114207,2,0,4,117.5,0.5,118.0,117,,
cortisone,2,0,4,118.0,8.0,110.0,126,,
ncgc00189555-02,2,0,4,119.0,61.0,180.0,58,,
BRD-K60218670,2,0,4,119.5,43.5,76.0,163,,
BRD-K73418978,2,0,4,120.0,46.0,74.0,166,,
hy-70061,3,0,4,120.0,67.90189000805992,210.0,104,,46.0
stk222600,2,0,4,120.0,52.0,68.0,172,,
BRD-K66634822,1,0,4,121.0,0.0,,121,,
azacytidine-5,3,0,4,123.33333333333333,65.96126809642828,158.0,181,,31.0
chloramphenicol,2,0,4,123.5,12.5,111.0,136,,
cilostazol,4,0,4,124.0,75.71987849963838,184.0,213,62.0,37.0
bmy 7378 dihydrochloride,2,0,4,125.0,13.0,112.0,138,,
BRD-A01317026,2,0,4,125.5,24.5,101.0,150,,
naringenine,3,0,4,126.0,9.273618495495704,134.0,113,131.0,
ncgc00241071-01,2,0,4,126.0,51.0,75.0,177,,
ncgc00242557-01,2,0,4,126.0,56.0,182.0,70,,
BRD-K02458594,3,0,4,127.33333333333333,42.08193066969348,125.0,180,77.0,
arachidonamide,4,0,4,128.0,103.83159442096611,305.0,83,39.0,85.0
cgs 21680 hydrochloride,3,0,4,128.33333333333334,22.065558884580486,156.0,127,102.0,
hydroxychloroquine sulfate,1,0,4,130.0,0.0,,130,,
BRD-A11095214,3,0,4,131.0,65.7419196555744,193.0,160,,40.0
"amethopterin (r,s)",2,0,4,131.0,15.0,146.0,116,,
fluvoxamine maleate,4,0,4,131.75,59.478462488534454,209.0,154,119.0,45.0
BRD-K66555411,2,0,4,133.0,78.0,211.0,55,,
ncgc00238536-01,2,0,4,133.0,54.0,79.0,187,,
sb 200646 hydrochloride,2,0,4,133.5,15.5,149.0,118,,
BRD-K00944562,1,0,4,134.0,0.0,,134,,
BRD-K98896788,3,0,4,135.33333333333334,42.28737662970148,129.0,190,87.0,
s1297,4,0,4,137.25,97.84266707321505,273.0,183,21.0,72.0
trazodone hydrochloride,3,0,4,138.66666666666666,73.31363371767142,189.0,35,192.0,
"w-12, hydrochloride",1,0,4,139.0,0.0,,139,,
mephentermine sulfate,4,0,4,139.5,77.55481932156118,153.0,129,247.0,29.0
rifampicin,2,0,4,140.5,110.5,30.0,251,,
gitoxigenin,3,0,4,142.66666666666666,83.03145321034808,164.0,232,,32.0
BRD-K27630941,1,0,4,143.0,0.0,,143,,
biperiden hydrochloride,4,0,4,143.75,83.66712317272538,220.0,234,70.0,51.0
e933505,2,0,4,145.5,17.5,163.0,128,,
ossk 645668,3,0,4,147.33333333333334,71.34112107021838,219.0,173,,50.0
icariin,2,0,4,148.5,96.5,52.0,245,,
e0886,1,0,4,149.0,0.0,,149,,
ncgc00181799-01,2,0,4,149.0,60.0,89.0,209,,
methyl 7-desoxypurpurogallin-7-carboxylate trimethyl ether,1,0,4,151.0,0.0,,151,,
BRD-K02562327,2,0,4,153.0,71.0,82.0,224,,
dcpib,1,0,4,153.0,0.0,,153,,
disulfiram,3,0,4,153.0,73.37574531137656,227.0,179,,53.0
BRD-K23978082,2,0,4,153.5,10.5,143.0,164,,
aristolochic acid,2,0,4,155.0,52.0,207.0,103,,
rifapentine,4,0,4,155.25,83.67309902232617,166.0,269,153.0,33.0
s1452,4,0,4,155.5,121.65216808589973,128.0,354,117.0,23.0
leucine enkephalin,1,0,4,156.0,0.0,,156,,
itavastatin ca,4,0,4,156.25,69.83686347481536,239.0,202,126.0,58.0
riboflavine,1,0,4,158.0,0.0,,158,,
dipropyl-5ct,2,0,4,159.5,18.5,178.0,141,,
dm163 brd-k06180729,2,0,4,160.5,18.5,179.0,142,,
tianeptine,3,0,4,166.33333333333334,55.10192575783738,133.0,244,122.0,
ag 555,1,0,4,167.0,0.0,,167,,
ncgc00242279-01,2,0,4,169.5,82.5,87.0,252,,
ftt,3,0,4,172.0,67.72001181334805,267.0,135,114.0,
ncgc00010428-03,3,0,4,173.66666666666666,90.59923963379727,69.0,162,290.0,
oxaprozin,1,0,4,175.0,0.0,,175,,
BRD-K52446745,2,0,4,177.0,45.0,222.0,132,,
BRD-K14236372,2,0,4,179.5,2.5,177.0,182,,
mdm2 inhibitor,3,0,4,180.66666666666666,82.3178123022121,265.0,208,,69.0
ezetimibe,3,0,4,181.0,101.09731285581564,322.0,131,,90.0
methotrexate,3,0,4,181.0,83.71777987182094,80.0,178,285.0,
tetrahydropalmatine,2,0,4,181.0,24.0,205.0,157,,
BRD-K00486725,2,0,4,181.5,33.5,148.0,215,,
BRD-K18861610,2,0,4,184.0,61.0,245.0,123,,
pkcbeta inhibitor,4,0,4,184.75,74.82437771207991,289.0,206,162.0,82.0
haloperidol,2,0,4,186.0,15.0,171.0,201,,
BRD-K79390395,4,0,4,188.0,98.61287948336161,183.0,308,225.0,36.0
(-)-cotinine,3,0,4,189.33333333333334,54.43242497711166,157.0,266,145.0,
BRD-K60093216,2,0,4,189.5,14.5,175.0,204,,
BRD-K30849099,4,0,4,190.25,78.65232037263745,258.0,258,179.0,66.0
vatalanib,1,0,4,191.0,0.0,,191,,
mls-0454415.0001,2,0,4,192.5,8.5,201.0,184,,
n-benzylnaltrindole hydrochloride,2,0,4,192.5,168.5,24.0,361,,
BRD-K20492338,1,0,4,193.0,0.0,,193,,
np-010155,2,0,4,193.5,24.5,218.0,169,,
8-cpt-2-me-camp,2,0,4,194.0,106.0,88.0,300,,
BRD-K66254772,3,0,4,194.0,120.2331069215131,364.0,112,,106.0
12k-516s,3,0,4,194.66666666666666,92.57189398276107,253.0,267,,64.0
BRD-A84327315,1,0,4,196.0,0.0,,196,,
BRD-K50177987,1,0,4,197.0,0.0,,197,,
bp 554 maleate,2,0,4,198.0,105.0,303.0,93,,
gw 583340 dihydrochloride,1,0,4,198.0,0.0,,198,,
jak3 inhibitor v,2,0,4,199.0,93.0,292.0,106,,
fenobam,3,0,4,200.0,51.87163643713842,254.0,216,130.0,
rjc 00330,1,0,4,200.0,0.0,,200,,
dubinidine,4,0,4,200.5,102.14817668465747,369.0,194,129.0,110.0
BRD-K11540476,2,0,4,201.0,61.0,262.0,140,,
domperidone,1,0,4,203.0,0.0,,203,,
arg-a1-2 brd-k39580048,3,0,4,204.33333333333334,84.0251285165469,319.0,120,174.0,
c247,2,0,4,204.5,67.5,137.0,272,,
t5715534,1,0,4,205.0,0.0,,205,,
BRD-K86901264,3,0,4,206.0,137.49424230369308,130.0,399,89.0,
BRD-K02920722,2,0,4,207.5,33.5,241.0,174,,
rutin,1,0,4,210.0,0.0,,210,,
dau 5884 hydrochloride,1,0,4,211.0,0.0,,211,,
ketotifen fumarate,2,0,4,211.5,26.5,238.0,185,,
carbidopa,2,0,4,213.0,41.0,172.0,254,,
isoeugenitol,2,0,4,214.0,168.0,46.0,382,,
BRD-K75430629,2,0,4,215.5,12.5,203.0,228,,
brompheniramine maleate,3,0,4,216.0,123.61499369682736,235.0,357,,56.0
BRD-K85123403,2,0,4,218.0,18.0,200.0,236,,
deoxycorticosterone,4,0,4,218.5,159.96327703569966,216.0,476,133.0,49.0
ncgc00182823-01,2,0,4,220.0,139.0,359.0,81,,
gp 2a,2,0,4,220.5,158.5,379.0,62,,
moclobemide,4,0,4,221.0,92.48513394054203,350.0,257,175.0,102.0
BRD-K96704748,3,0,4,222.33333333333334,104.34664451827008,279.0,312,,76.0
cabergoline,2,0,4,222.5,80.5,142.0,303,,
chelidonine (+),3,0,4,222.66666666666666,82.89082511888084,120.0,225,323.0,
(+)-3-hydroxy-n-methylmorphinan d-tartrate,2,0,4,224.0,167.0,391.0,57,,
w-9 hydrochloride,1,0,4,226.0,0.0,,226,,
BRD-K56596360,2,0,4,226.5,13.5,213.0,240,,
amt hydrochloride,1,0,4,229.0,0.0,,229,,
eicosatrienoic acid (20:3 n-3),2,0,4,229.0,12.0,217.0,241,,
ala-ala-phe-cmk,1,0,4,230.0,0.0,,230,,
nisoxetine hydrochloride,1,0,4,231.0,0.0,,231,,
riluzole hydrochloride,2,0,4,232.0,95.0,327.0,137,,
BRD-K37043259,3,0,4,232.66666666666666,120.50265096208004,270.0,358,,70.0
flurofamide,3,0,4,233.66666666666666,146.21977370459243,159.0,438,104.0,
ncgc00166395-02,3,0,4,233.66666666666666,206.6435470939162,154.0,517,,30.0
BRD-K76236182,2,0,4,234.0,94.0,140.0,328,,
vu0413247-1,2,0,4,234.0,141.0,93.0,375,,
cgp 53353,3,0,4,234.33333333333334,107.31987493263098,300.0,320,,83.0
iproniazide phosphate,2,0,4,234.5,48.5,186.0,283,,
zoxazolamine,2,0,4,235.0,176.0,59.0,411,,
BRD-A47832959,1,0,4,237.0,0.0,,237,,
BRD-K62169556,3,0,4,238.33333333333334,109.77046759286195,301.0,330,,84.0
ethopropazine hydrochloride,2,0,4,238.5,10.5,228.0,249,,
ncgc00188700-01,1,0,4,243.0,0.0,,243,,
BRD-K82580504,2,0,4,244.0,71.0,173.0,315,,
acyclovir,2,0,4,247.0,21.0,226.0,268,,
podophyllotoxin,1,0,4,247.0,0.0,,247,,
altanserin hydrochloride,1,0,4,248.0,0.0,,248,,
lumicolchicine gamma,3,0,4,249.66666666666666,80.39209469151112,168.0,359,222.0,
pimozide,4,0,4,251.5,265.4397295055885,141.0,704,137.0,24.0
triacsin-c,3,0,4,253.0,60.10546286874985,295.0,296,168.0,
glimepiride,4,0,4,254.25,193.7554837933626,197.0,570,208.0,42.0
BRD-K88708949,3,0,4,255.0,135.80378001611984,243.0,427,95.0,
amodiaquin dihydrochloride dihydrate,4,0,4,255.5,138.79571319028554,214.0,398,363.0,47.0
cgp 37157,3,0,4,258.0,150.42827748354586,451.0,84,239.0,
mefloquine,3,0,4,258.6666666666667,111.73281622792035,360.0,313,103.0,
BRD-K67742177,2,0,4,260.0,11.0,249.0,271,,
ncgc00188721-01,1,0,4,260.0,0.0,,260,,
gm6001,4,0,4,260.25,131.92303627494329,465.0,287,135.0,154.0
BRD-K96704648,1,0,4,261.0,0.0,,261,,
p1075,1,0,4,263.0,0.0,,263,,
"ici 192,605",2,0,4,263.5,4.5,268.0,259,,
pyrazolanthrone,1,0,4,264.0,0.0,,264,,
ncgc00188537-01,3,0,4,264.3333333333333,103.09003616041444,167.0,407,219.0,
methoxsalen,2,0,4,264.5,70.5,194.0,335,,
ncgc00188773-01,2,0,4,265.0,48.0,313.0,217,,
ncgc00188530-01,4,0,4,266.5,115.31153454880392,282.0,318,388.0,78.0
BRD-K37393297,1,0,4,270.0,0.0,,270,,
BRD-K35638681,4,0,4,271.0,108.92428562997327,438.0,221,284.0,141.0
BRD-K77690805,2,0,4,271.5,156.5,428.0,115,,
mifepristone,4,0,4,272.5,337.3577477989797,176.0,848,31.0,35.0
aloisine,1,0,4,273.0,0.0,,273,,
vu0415108-1,2,0,4,273.0,78.0,351.0,195,,
n- (2-aminoethyl)-4-chlorobenzamide (ro-16-6491),2,0,4,273.5,165.5,108.0,439,,
ursolic acid,4,0,4,273.75,120.69460427044781,402.0,383,184.0,126.0
lomatin,3,0,4,274.0,152.190669884852,288.0,453,,81.0
nrb 04155,1,0,4,274.0,0.0,,274,,
mls-0315926 mls-0315926,1,0,4,275.0,0.0,,275,,
ncgc00183409-01,2,0,4,275.0,42.0,317.0,233,,
BRD-K74623475,3,0,4,275.3333333333333,13.097921802925667,274.0,292,260.0,
BRD-K42021584,2,0,4,276.0,108.0,384.0,168,,
BRD-K93578426,1,0,4,276.0,0.0,,276,,
prednisolone,4,0,4,276.75,110.58791751362352,446.0,290,227.0,144.0
BRD-K15318909,1,0,4,277.0,0.0,,277,,
GSK-3-inhibitor-II,3,0,4,278.0,152.73724714903915,169.0,171,494.0,
linopirdine dihydrochloride,1,0,4,278.0,0.0,,278,,
pd 160170,4,0,4,278.0,187.03074613549506,251.0,222,577.0,62.0
way 213613,3,0,4,278.3333333333333,171.93086465850806,272.0,492,,71.0
sulfamethazine sodium salt,2,0,4,279.5,67.5,212.0,347,,
BRD-K88832793,3,0,4,281.0,125.35549449465708,452.0,155,236.0,
BRD-U44700465,3,0,4,281.6666666666667,191.8025605205056,252.0,530,,63.0
f4679,1,0,4,282.0,0.0,,282,,
gr 32191 hydrochloride,2,0,4,283.0,118.0,401.0,165,,
BRD-K91449330,3,0,4,283.3333333333333,142.7453054297136,271.0,464,115.0,
ncgc00012508-02,2,0,4,284.5,38.5,323.0,246,,
splitomicin,1,0,4,285.0,0.0,,285,,
l 655240,3,0,4,286.3333333333333,84.35770398856421,314.0,373,172.0,
dihydroergocristine,3,0,4,287.3333333333333,124.00358417759097,372.0,378,,112.0
BRD-K39944607,4,0,4,288.75,162.97296554950455,481.0,416,97.0,161.0
ethisterone,1,0,4,289.0,0.0,,289,,
ketanserin tartrate hydrate,4,0,4,289.75,236.92548934211362,187.0,256,677.0,39.0
a112550.cdx,4,0,4,290.75,169.97113725571174,561.0,291,101.0,210.0
t018500,2,0,4,291.0,49.0,340.0,242,,
BRD-K91509126 (piceatannol),1,0,4,293.0,0.0,,293,,
tracazolate hydrochloride,2,0,4,293.5,32.5,261.0,326,,
BRD-K27484191,3,0,4,294.0,142.01408380861386,346.0,436,,100.0
vinpocetine,3,0,4,295.0,83.46256645946133,412.0,250,223.0,
ys-035 hydrochloride,1,0,4,295.0,0.0,,295,,
norethynodrel,4,0,4,295.75,121.94542836859445,332.0,339,419.0,93.0
pracinostat,4,0,4,296.25,168.99907544125796,275.0,549,288.0,73.0
KU-55933,3,0,4,296.6666666666667,162.6495892675075,455.0,362,73.0,
GW-5074,4,0,4,296.75,140.76287685323854,311.0,485,303.0,88.0
xaliproden hydrochloride,1,0,4,298.0,0.0,,298,,
BRD-K17023947,1,0,4,299.0,0.0,,299,,
BRD-A85712510,3,0,4,299.6666666666667,58.6590904198905,287.0,377,235.0,
np-004102,3,0,4,301.3333333333333,168.9700828220454,204.0,539,161.0,
bas 09104376,2,0,4,302.5,19.5,283.0,322,,
BRD-K71142328,2,0,4,303.5,41.5,345.0,262,,
BRD-K96274284,2,0,4,304.5,11.5,293.0,316,,
ncgc00238427-01,1,0,4,305.0,0.0,,305,,
BRD-A90643929,3,0,4,305.3333333333333,149.02423367433306,515.0,219,,182.0
nortriptyline hydrochloride,4,0,4,306.5,148.50841726986386,337.0,279,513.0,97.0
s1481,2,0,4,306.5,7.5,299.0,314,,
podofilox,4,0,4,306.75,176.4318211094586,425.0,533,134.0,135.0
nornicotine,2,0,4,307.5,100.5,408.0,207,,
cytarabine,4,0,4,308.25,147.61330393971946,534.0,345,163.0,191.0
cc-100,1,0,4,309.0,0.0,,309,,
BRD-K86761848,3,0,4,310.6666666666667,323.5164429961619,144.0,763,,25.0
BRD-K12393722,3,0,4,311.0,126.54116589737376,416.0,384,,133.0
KIN001-244,4,0,4,311.5,333.7105781961369,170.0,882,160.0,34.0
stock3s-04022,4,0,4,311.5,136.87494292236252,341.0,481,325.0,99.0
nifuroxazide,4,0,4,311.75,204.4949571505371,586.0,402,36.0,223.0
lomerizine dihcl,2,0,4,313.5,90.5,223.0,404,,
BRD-K95976153,3,0,4,314.6666666666667,54.95048275998634,342.0,364,238.0,
gr-235,2,0,4,315.0,94.0,221.0,409,,
tc 2559 difumarate,3,0,4,315.0,231.46490014686893,257.0,623,,65.0
kuc104135 kuc104135n,4,0,4,318.75,155.1086312878816,334.0,532,315.0,94.0
BRD-K48950795,3,0,4,319.6666666666667,220.58457687598099,276.0,609,,74.0
nsc 663284,4,0,4,319.75,178.62863012406493,263.0,556,392.0,68.0
alclometazone dipropionate,3,0,4,321.3333333333333,217.83837025546157,281.0,606,,77.0
BRD-K95895342,2,0,4,322.5,136.5,459.0,186,,
BRD-K34092011,2,0,4,323.0,121.0,202.0,444,,
medroxyprogesterone,1,0,4,323.0,0.0,,323,,
BRD-K48970916 (danazol),2,0,4,324.0,89.0,413.0,235,,
mls-0412059,1,0,4,325.0,0.0,,325,,
fipronil,4,0,4,326.75,111.96288447516882,464.0,360,330.0,153.0
BRD-A45657137,2,0,4,328.5,12.5,316.0,341,,
vu0420363-1,2,0,4,330.5,70.5,260.0,401,,
mls-0437446.0001,3,0,4,330.6666666666667,169.23619260929055,366.0,518,,108.0
np-004121,2,0,4,332.0,46.0,378.0,286,,
BRD-K14027855,4,0,4,332.75,142.28382726086616,500.0,446,213.0,172.0
BRD-K55127335,2,0,4,333.5,108.5,225.0,442,,
jlk 6,4,0,4,334.25,416.0747378777039,215.0,1044,30.0,48.0
sulconazole nitrate,3,0,4,334.6666666666667,154.9974910191201,395.0,487,,122.0
BRD-K20401833,3,0,4,335.6666666666667,207.80492989553662,338.0,589,80.0,
mls-0315871.0001,1,0,4,337.0,0.0,,337,,
BRD-K59556282,1,0,4,338.0,0.0,,338,,
t6094031,2,0,4,341.0,153.0,494.0,188,,
buspar,3,0,4,341.3333333333333,134.0679761248831,524.0,294,206.0,
ag 592,4,0,4,342.0,122.40710763677083,478.0,424,307.0,159.0
digoxigenin,4,0,4,342.0,145.8800877433243,453.0,509,259.0,147.0
vesamicol,2,0,4,342.5,45.5,297.0,388,,
BRD-K98856658,1,0,4,343.0,0.0,,343,,
inca-6,1,0,4,346.0,0.0,,346,,
bo2 (inhibits rad51),4,0,4,346.25,200.3763646241742,375.0,654,243.0,113.0
BRD-K00430421,1,0,4,348.0,0.0,,348,,
BRD-K58479490,2,0,4,349.5,53.5,296.0,403,,
meprylcaine hydrochloride,2,0,4,350.5,136.5,487.0,214,,
racephedrine hydrochloride,2,0,4,354.5,11.5,343.0,366,,
BRD-A41250203,3,0,4,354.6666666666667,140.86952197768764,475.0,432,,157.0
BRD-K89784888,2,0,4,355.0,48.0,403.0,307,,
pyrimethamine,1,0,4,355.0,0.0,,355,,
nnc 05-2090 hydrochloride,4,0,4,355.25,242.7821811830514,749.0,255,91.0,326.0
BRD-K18749194,2,0,4,356.0,12.0,344.0,368,,
fit,3,0,4,357.6666666666667,106.21466732780156,506.0,304,263.0,
k784-3188,4,0,4,357.75,321.5838731964027,394.0,868,48.0,121.0
lde225 (nvp-lde225),4,0,4,357.75,119.99661453557762,502.0,344,411.0,174.0
BRD-K38340366,2,0,4,358.0,41.0,399.0,317,,
HG-5-88-01,4,0,4,358.75,329.31851982541156,247.0,916,212.0,60.0
BRD-K53414658,4,0,4,359.75,286.8373886019743,433.0,797,71.0,138.0
px12,4,0,4,359.75,122.08475539558573,463.0,425,399.0,152.0
rg 108,4,0,4,359.75,291.3883791437126,454.0,792,45.0,148.0
homochlorcyclizine dihydrochloride,2,0,4,360.5,11.5,349.0,372,,
masitinib,3,0,4,360.6666666666667,264.9595356947086,286.0,716,,80.0
BRD-K51556300,3,0,4,361.6666666666667,169.98496665555132,415.0,538,,132.0
BRD-K45842176,3,0,4,362.3333333333333,197.04878132640715,377.0,596,,114.0
ncgc00184716-01,3,0,4,363.0,160.78764463312058,436.0,513,,140.0
"r(-)-2,10,11-trihydroxyaporphine",2,0,4,364.5,35.5,400.0,329,,
BRD-K07403598,3,0,4,366.3333333333333,168.83983205656446,427.0,536,,136.0
GSK-461364,4,0,4,366.75,159.70187068409686,520.0,531,232.0,184.0
ei-148,1,0,4,367.0,0.0,,367,,
BRD-K33720404,3,0,4,367.3333333333333,139.77203662472056,529.0,385,,188.0
bay 11-7821,3,0,4,367.6666666666667,140.7535276842309,501.0,429,,173.0
BRD-A06664848,2,0,4,369.0,72.0,441.0,297,,
flucloxacillin sodium,1,0,4,369.0,0.0,,369,,
pepstatin a,2,0,4,369.0,50.0,419.0,319,,
akt inhibitor x,2,0,4,369.5,133.5,236.0,503,,
estriol,1,0,4,370.0,0.0,,370,,
brl 15572 hydrochloride,1,0,4,371.0,0.0,,371,,
clobenpropit dihydrobromide,4,0,4,371.25,212.37511035900604,709.0,353,125.0,298.0
BRD-K80346834,3,0,4,371.3333333333333,144.46299026240445,497.0,448,,169.0
o-2050,3,0,4,372.6666666666667,186.52315912210173,407.0,582,,129.0
BRD-K64304398,2,0,4,373.0,270.0,103.0,643,,
BRD-K13665914,3,0,4,375.3333333333333,149.58683839904572,576.0,333,,217.0
BRD-K00551481,1,0,4,376.0,0.0,,376,,
BRD-K24051260,3,0,4,377.3333333333333,341.08487050716406,229.0,849,,54.0
BRD-K89546934,2,0,4,378.5,77.5,456.0,301,,
BRD-A67552655,1,0,4,379.0,0.0,,379,,
BRD-K83816656,3,0,4,379.0,149.4947044770037,496.0,473,,168.0
sulpiride,4,0,4,379.25,407.3385416333691,240.0,1076,142.0,59.0
fenofibrate,2,0,4,379.5,293.5,86.0,673,,
hy-11007,2,0,4,380.5,10.5,370.0,391,,
pp3,2,0,4,381.5,49.5,431.0,332,,
gant 58,3,0,4,382.3333333333333,156.36993175017875,597.0,321,,229.0
BRD-K57353465,4,0,4,382.75,212.94526878989353,385.0,710,318.0,118.0
BRD-K62818989,3,0,4,383.0,252.58793848215845,339.0,712,,98.0
t0516-4420,2,0,4,383.5,99.5,483.0,284,,
ncgc00182390-01,3,0,4,384.6666666666667,143.8108325389835,533.0,431,,190.0
np-009169,3,0,4,384.6666666666667,147.3371040241467,511.0,465,,178.0
BRD-U88878891,4,0,4,385.25,189.73847132302927,450.0,656,289.0,146.0
equilin,2,0,4,385.5,11.5,374.0,397,,
BRD-K35716340,4,0,4,387.0,158.28297444766446,543.0,544,264.0,197.0
dibenzyline,4,0,4,387.0,414.03139977542764,309.0,1085,67.0,87.0
rlm-1-127,1,0,4,387.0,0.0,,387,,
quinine hemisulfate salt monohydrate,4,0,4,387.5,187.04611730800508,354.0,486,607.0,103.0
BRD-K69888333,1,0,4,389.0,0.0,,389,,
BRD-K89692698,3,0,4,389.0,197.0651330567299,233.0,667,267.0,
BRD-A25170757,1,0,4,390.0,0.0,,390,,
BRD-K44136596,2,0,4,391.0,57.0,448.0,334,,
dephostatin,3,0,4,391.6666666666667,177.5787775107775,457.0,569,,149.0
nafronyl oxalate,4,0,4,391.75,193.89607396747363,347.0,621,498.0,101.0
BRD-A75301702,4,0,4,392.25,222.23228275837874,718.0,440,107.0,304.0
BRD-K77987635,2,0,4,392.5,35.5,357.0,428,,
estradiol valerate,4,0,4,392.5,208.12676425678654,736.0,342,176.0,316.0
fti-276 trifluoroacetate,1,0,4,393.0,0.0,,393,,
BRD-K67519589,1,0,4,394.0,0.0,,394,,
sid 26681509,4,0,4,394.75,167.8278507876449,439.0,611,387.0,142.0
BRD-K94580036,3,0,4,397.3333333333333,200.09553273929487,622.0,434,136.0,
ppt,2,0,4,398.0,207.0,191.0,605,,
GSK-429286A,4,0,4,399.5,167.62681766352304,406.0,574,490.0,128.0
vu0404997-2,2,0,4,400.0,82.0,318.0,482,,
dichlorphenamide,2,0,4,401.0,12.0,389.0,413,,
BRD-K04923131,3,0,4,402.0,154.94730286993274,518.0,505,,183.0
ic 261,2,0,4,402.0,179.0,581.0,223,,
prednicarbate,4,0,4,402.25,466.6906764656864,307.0,1190,26.0,86.0
ncgc00241435-01,2,0,4,402.5,221.5,181.0,624,,
tws119,3,0,4,403.3333333333333,188.5335219235266,458.0,602,,150.0
dihomo-gamma-linolenic acid,3,0,4,404.0,198.59674384708995,355.0,668,189.0,
pq 401,2,0,4,404.0,151.0,555.0,253,,
tanespimycin,4,0,4,404.25,143.56945183429517,609.0,462,310.0,236.0
zaprinast,1,0,4,405.0,0.0,,405,,
tl hras26 brd-k01877528,3,0,4,405.3333333333333,146.58406765023574,559.0,449,,208.0
skf 96365 hydrochloride,3,0,4,405.6666666666667,173.95465564974748,388.0,627,202.0,
BRD-K70251741,2,0,4,406.0,126.0,532.0,280,,
p233,2,0,4,407.5,169.5,577.0,238,,
BRD-K16940042,2,0,4,408.0,83.0,325.0,491,,
"clomiphene citrate (z,e)",2,0,4,410.0,162.0,248.0,572,,
quipazine dimaleate salt,1,0,4,410.0,0.0,,410,,
BRD-K91836367,3,0,4,411.0,237.60050504996826,411.0,702,120.0,
fluorometholone,2,0,4,411.0,181.0,230.0,592,,
decitabine,4,0,4,411.75,320.6472945465157,387.0,941,200.0,119.0
BRD-K06405410,2,0,4,412.0,217.0,195.0,629,,
BRD-K31412180,1,0,4,412.0,0.0,,412,,
BRD-K57732441,1,0,4,414.0,0.0,,414,,
ncgc00242296-02,1,0,4,415.0,0.0,,415,,
BRD-A15010982,4,0,4,415.5,203.67928220611932,548.0,679,234.0,201.0
BRD-K57457519,1,0,4,417.0,0.0,,417,,
BRD-K21773564,2,0,4,417.5,105.5,312.0,523,,
BRD-K98714523,1,0,4,418.0,0.0,,418,,
BRD-K86682249,3,0,4,418.3333333333333,193.1188465398675,477.0,620,,158.0
BRD-U64289953,3,0,4,418.3333333333333,250.7539741570521,396.0,736,,123.0
ki 8751,4,0,4,418.75,201.93857358117592,640.0,597,183.0,255.0
daminozide,1,0,4,419.0,0.0,,419,,
BRD-K37694030 (doxepin hydrochloride),2,0,4,420.5,55.5,476.0,365,,
sb 258585 hydrochloride,1,0,4,423.0,0.0,,423,,
nu 1025,4,0,4,423.25,271.8302549386289,397.0,310,862.0,124.0
BRD-K28120860,3,0,4,424.6666666666667,166.90582840498877,531.0,554,,189.0
ncgc00242337-01,3,0,4,426.3333333333333,289.0459402163531,365.0,807,,107.0
BRD-K72264770,2,0,4,426.5,234.5,192.0,661,,
rs 39604 hydrochloride,4,0,4,427.5,474.4462561766085,284.0,1238,109.0,79.0
1483-0018,3,0,4,427.6666666666667,415.6250981620602,224.0,1007,,52.0
suloctidil,4,0,4,430.0,233.9583296230335,336.0,585,703.0,96.0
BRD-K09299610,2,0,4,432.0,328.0,104.0,760,,
BRD-K19166598,3,0,4,436.3333333333333,158.63234922997964,644.0,406,,259.0
CP-724714,4,0,4,437.25,327.82035858073243,414.0,227,977.0,131.0
ver155008,4,0,4,438.25,443.1237834962145,383.0,1178,75.0,117.0
BRD-K52080565,4,0,4,439.0,227.42141499867597,358.0,619,675.0,104.0
k3644,2,0,4,439.5,87.5,527.0,352,,
s1005,1,0,4,441.0,0.0,,441,,
BRD-A74983348,2,0,4,441.5,17.5,424.0,459,,
BRD-K79619196,2,0,4,444.5,317.5,127.0,762,,
primaquine diphosphate,1,0,4,445.0,0.0,,445,,
gsk-3 inhibitor ii,3,0,4,446.0,156.5950190778749,605.0,500,,233.0
r(+)-skf-81297,3,0,4,446.6666666666667,213.98494235706298,489.0,685,,166.0
gr-206,1,0,4,447.0,0.0,,447,,
2-chloroadenosine,3,0,4,448.3333333333333,191.1479938569996,523.0,636,,186.0
sr 142948,2,0,4,449.0,54.0,503.0,395,,
BRD-K28366633,4,0,4,449.25,299.64343393440146,629.0,838,81.0,249.0
BRD-K44540157,1,0,4,450.0,0.0,,450,,
BRD-K71489689,2,0,4,450.0,114.0,564.0,336,,
parbendazole,4,0,4,451.0,298.8937938465769,409.0,327,938.0,130.0
syk inhibitor,4,0,4,451.0,157.13211002210846,648.0,557,337.0,262.0
trap 101,1,0,4,451.0,0.0,,451,,
gr 79236,2,0,4,451.5,46.5,405.0,498,,
hydrastinine hydrochloride,3,0,4,451.6666666666667,47.21816976075582,435.0,516,404.0,
BRD-K04695623,3,0,4,452.3333333333333,202.19517523642568,513.0,664,,180.0
danazol,4,0,4,454.0,295.39211228467155,320.0,512,895.0,89.0
sb 415286,3,0,4,454.0,171.40011668607463,563.0,587,,212.0
BRD-K37194137,3,0,4,454.6666666666667,90.48511234206187,582.0,380,402.0,
bl-095,3,0,4,455.6666666666667,211.91402868983346,505.0,687,,175.0
BRD-A81541225,1,0,4,456.0,0.0,,456,,
D-4476,4,0,4,456.0,257.28680494731947,634.0,778,159.0,253.0
BRD-K22832646,1,0,4,458.0,0.0,,458,,
thiothixene,4,0,4,458.0,272.6903005242394,554.0,862,210.0,206.0
cyproheptadine hydrochloride,3,0,4,459.0,230.6353543294407,486.0,727,,164.0
heliotrine,3,0,4,459.0,251.08166002318848,381.0,798,198.0,
BRD-A47714657,1,0,4,460.0,0.0,,460,,
BRD-K64985742,1,0,4,461.0,0.0,,461,,
cyclosporine,4,0,4,461.25,156.79823819163275,628.0,594,375.0,248.0
verteporfin,2,0,4,462.0,42.0,420.0,504,,
rlm-2-12,1,0,4,463.0,0.0,,463,,
BRD-K14939371,2,0,4,463.5,198.5,662.0,265,,
BRD-K56411643,4,0,4,465.75,146.815147379281,661.0,535,398.0,269.0
cmpd-1,3,0,4,468.0,236.2216473286618,493.0,744,,167.0
fpl 55712,1,0,4,468.0,0.0,,468,,
s1152,3,0,4,468.3333333333333,162.7929837417926,618.0,545,,242.0
"brl 37344, sodium salt",2,0,4,469.0,348.0,121.0,817,,
pd 158780,1,0,4,469.0,0.0,,469,,
nicotine ditartrate,3,0,4,470.0,239.7512599897374,530.0,729,151.0,
BRD-K64517075,4,0,4,470.5,349.3640651240479,362.0,1047,368.0,105.0
BRD-K87387614,1,0,4,471.0,0.0,,471,,
phosphodiesterase v inhibitor ii,3,0,4,471.6666666666667,144.41683496816506,526.0,615,274.0,
BRD-K26300881,2,0,4,473.0,179.0,294.0,652,,
tegaserod,4,0,4,473.25,184.8409789521793,777.0,311,466.0,339.0
BRD-K27169919,4,0,4,474.5,176.07597791862466,604.0,676,386.0,232.0
BRD-K44510578,2,0,4,474.5,7.5,482.0,467,,
BRD-K32501161,3,0,4,475.3333333333333,317.56609110895675,404.0,895,,127.0
BRD-K00366212,1,0,4,477.0,0.0,,477,,
praziquantel,4,0,4,477.75,258.8941627383669,638.0,818,201.0,254.0
hy-10966,3,0,4,478.0,298.97937498541046,432.0,865,,137.0
miochol,2,0,4,479.0,59.0,538.0,420,,
BRD-K98731749,3,0,4,479.6666666666667,257.62289408271846,484.0,793,,162.0
mln4924,4,0,4,480.25,278.93760503022895,585.0,890,224.0,222.0
s2001,2,0,4,481.0,201.0,280.0,682,,
selumetinib,4,0,4,481.75,203.12234613650955,822.0,443,297.0,365.0
etodolac,2,0,4,482.0,109.0,373.0,591,,
sb 431542,2,0,4,483.5,17.5,466.0,501,,
BRD-A24054354,1,0,4,484.0,0.0,,484,,
at-mlpcn csc-006,4,0,4,484.5,216.4445656513464,479.0,767,532.0,160.0
BRD-K28907958,4,0,4,484.75,171.70086633444805,553.0,670,511.0,205.0
BRD-K56653679,4,0,4,486.0,265.5174193908942,904.0,454,167.0,419.0
BRD-K77547509,3,0,4,487.0,162.79434879626504,664.0,526,,271.0
s1176,2,0,4,487.5,295.5,783.0,192,,
BRD-A43640821,2,0,4,489.0,89.0,578.0,400,,
ncgc00182554-02,1,0,4,489.0,0.0,,489,,
zm 306416 hydrochloride,2,0,4,489.5,434.5,55.0,924,,
triflupromazine hydrochloride,3,0,4,490.6666666666667,311.60801587179293,594.0,810,68.0,
cymarin,4,0,4,491.25,233.92880861492884,434.0,634,758.0,139.0
BRD-K67090983,3,0,4,491.6666666666667,164.74694399458693,660.0,547,,268.0
ici-89406,2,0,4,492.0,236.0,256.0,728,,
isoreserpine,3,0,4,492.6666666666667,164.04132270728482,665.0,541,,272.0
BRD-K14711204,1,0,4,493.0,0.0,,493,,
BRD-K81814927,4,0,4,493.5,324.9942307180237,748.0,854,47.0,325.0
ct-200783,4,0,4,495.0,145.20158401339842,698.0,478,515.0,289.0
halcinonide,1,0,4,495.0,0.0,,495,,
tetrindole mesylate,3,0,4,495.6666666666667,290.1084088558773,468.0,864,,155.0
BRD-K24686773,1,0,4,496.0,0.0,,496,,
stk397047,3,0,4,498.3333333333333,315.1563985635633,443.0,909,,143.0
linifanib,4,0,4,499.0,214.69396824317167,703.0,724,277.0,292.0
cucurbitacin i,4,0,4,499.25,363.765979030475,541.0,1078,182.0,196.0
BRD-K34711351,2,0,4,500.0,254.0,246.0,754,,
BRD-K74989018,2,0,4,501.5,138.5,363.0,640,,
BRD-A68739437,1,0,4,502.0,0.0,,502,,
my-5445,3,0,4,502.3333333333333,167.26094051577678,670.0,563,,274.0
BRD-K83691318,2,0,4,503.0,283.0,786.0,220,,
"ly-165,163",3,0,4,503.6666666666667,218.60517428053302,570.0,732,209.0,
tipifarnib-p2,4,0,4,504.25,347.22642108572325,601.0,1030,156.0,230.0
dihydroergocristine mesylate,2,0,4,504.5,395.5,109.0,900,,
dm-55-3 brd-k81592585,2,0,4,504.5,183.5,321.0,688,,
BRD-K12762134,3,0,4,504.6666666666667,167.84980058241226,707.0,511,,296.0
dmeob,2,0,4,505.5,109.5,615.0,396,,
chr 2797,4,0,4,506.0,244.0071720257419,631.0,844,298.0,251.0
tiotidine,1,0,4,506.0,0.0,,506,,
BRD-K56477805,2,0,4,507.0,201.0,306.0,708,,
BRD-K92158425,3,0,4,508.3333333333333,224.09868857764926,562.0,752,,211.0
ncgc00182615-01,2,0,4,508.5,276.5,232.0,785,,
BRD-K31484631,2,0,4,509.0,158.0,667.0,351,,
salubrinal,2,0,4,510.0,30.0,480.0,540,,
butein,2,0,4,511.0,180.0,331.0,691,,
amg 9810,3,0,4,511.3333333333333,186.2799565767134,769.0,430,,335.0
BRD-K05549170,3,0,4,511.6666666666667,345.11962499335726,161.0,981,393.0,
mw-a1-12,4,0,4,511.75,375.79141488331,584.0,1096,146.0,221.0
cgs 12066b,4,0,4,512.75,261.6317784597276,934.0,457,215.0,445.0
puromycin hydrochloride,4,0,4,513.75,175.64221445882535,641.0,706,452.0,256.0
BRD-K39345836,4,0,4,514.0,192.34994151285827,813.0,552,332.0,359.0
BRD-K72505034,1,0,4,515.0,0.0,,515,,
molsidomine,2,0,4,515.0,207.0,308.0,722,,
BRD-K88008216,2,0,4,516.0,87.0,429.0,603,,
flufenamic acid,3,0,4,517.0,238.1470134181825,558.0,786,,207.0
bms 191011,2,0,4,519.5,166.5,353.0,686,,
BRD-K09716788,1,0,4,521.0,0.0,,521,,
BRD-K05452595,2,0,4,524.0,45.0,569.0,479,,
BRD-K26831771,1,0,4,524.0,0.0,,524,,
BRD-K74797618,3,0,4,524.0,250.63120316512865,552.0,816,,204.0
apigenin triacetate,1,0,4,525.0,0.0,,525,,
s1040,4,0,4,525.0,710.1253410490292,231.0,1749,65.0,55.0
n-(4-bromobenzyl)-5-methoxytryptamine,2,0,4,527.0,35.0,492.0,562,,
lawsone,3,0,4,527.3333333333334,260.79664278684436,546.0,837,,199.0
mls-0075347.0001,1,0,4,528.0,0.0,,528,,
cdc,3,0,4,530.3333333333334,291.4793684332087,848.0,599,144.0,
ncgc00181920-01,3,0,4,530.3333333333334,295.86520955026504,632.0,831,128.0,
ischemin,2,0,4,530.5,35.5,495.0,566,,
nitazoxanide,3,0,4,530.6666666666666,41.87547678003864,567.0,472,553.0,
BRD-K35004659,4,0,4,530.75,386.3944713631395,550.0,1155,216.0,202.0
curcumin,4,0,4,531.5,314.8193926682408,795.0,873,112.0,346.0
penfluridol,4,0,4,531.5,154.0916934815112,738.0,593,477.0,318.0
hy-50878,3,0,4,531.6666666666666,397.99692907804643,398.0,1072,,125.0
bx-795,4,0,4,532.0,206.23651471065932,537.0,713,684.0,194.0
itraconazole,4,0,4,533.75,305.61035240973104,540.0,1019,381.0,195.0
azasetron,2,0,4,536.0,103.0,639.0,433,,
prima-1 met,4,0,4,536.25,293.80722846791906,841.0,791,132.0,381.0
cyclopiazonic acid,4,0,4,537.5,277.91230631262084,961.0,543,186.0,460.0
BRD-K34363599,3,0,4,538.6666666666666,302.606822277504,514.0,921,,181.0
BRD-K83336168,3,0,4,539.0,283.74049176433505,536.0,888,,193.0
bd 1063 dihydrochloride,2,0,4,539.0,413.0,126.0,952,,
BRD-K64857848,3,0,4,540.0,193.56824808492394,659.0,694,,267.0
ci 976,3,0,4,541.6666666666666,229.23980651031985,607.0,784,,234.0
"nf-kb activation inhibitor ii, jsh-23",4,0,4,541.75,306.17672592801694,630.0,1005,282.0,250.0
BRD-K58288048,4,0,4,542.75,219.5920934368995,859.0,628,292.0,392.0
olmesartan medoxomil,2,0,4,543.0,237.0,780.0,306,,
BRD-K72451865,3,0,4,544.3333333333334,433.50227476014726,380.0,1138,,115.0
BRD-K44241590,3,0,4,545.0,219.1209711552046,624.0,765,,246.0
BRD-K65050353,2,0,4,546.0,154.0,700.0,392,,
BRD-K78596368,1,0,4,546.0,0.0,,546,,
BRD-U32049204,2,0,4,546.5,106.5,440.0,653,,
"methyl 2,5-dihydroxycinnamate",3,0,4,546.6666666666666,179.03879157570543,708.0,635,,297.0
apoptosis activator 2,1,0,4,548.0,0.0,,548,,
ag14361,4,0,4,548.25,234.25987172369065,803.0,758,279.0,353.0
at-csc-18 brd-k01121114,3,0,4,548.3333333333334,125.75461113701644,393.0,701,551.0,
s1216,4,0,4,549.25,332.76070606368177,1031.0,564,92.0,510.0
penicillin v,1,0,4,550.0,0.0,,550,,
lovastatin,3,0,4,550.3333333333334,333.962406400614,498.0,983,,170.0
BRD-K86574132,4,0,4,550.5,329.5462789958339,390.0,1002,690.0,120.0
papaverine hydrochloride,2,0,4,550.5,21.5,572.0,529,,
BRD-K30993697,2,0,4,554.5,198.5,356.0,753,,
BRD-K45044657,3,0,4,556.6666666666666,192.0977760296968,693.0,692,,285.0
eriodyctol,3,0,4,556.6666666666666,183.66878401683348,616.0,746,308.0,
enzastaurin,4,0,4,556.75,344.4287843662315,591.0,1105,305.0,226.0
nutlin-3,4,0,4,556.75,240.99520223440135,970.0,421,370.0,466.0
BRD-K75418381,2,0,4,558.0,42.0,516.0,600,,
ifenprodil tartrate,2,0,4,558.0,172.0,386.0,730,,
e3380,4,0,4,558.25,622.471435087587,335.0,1626,177.0,95.0
BRD-K45878950,1,0,4,559.0,0.0,,559,,
bupropion hydrochloride,2,0,4,559.0,42.0,517.0,601,,
BRD-K04853698,3,0,4,560.3333333333334,286.99864498325115,560.0,912,,209.0
ncgc00182942-03,3,0,4,561.0,196.70451613185364,754.0,638,291.0,
BRD-K53903639,4,0,4,562.75,321.3560136359673,688.0,1032,250.0,281.0
chaetocin,4,0,4,563.25,325.6396589790623,794.0,959,155.0,345.0
s1175,4,0,4,563.25,490.36179245532577,583.0,1354,96.0,220.0
BRD-K11558771,3,0,4,564.6666666666666,387.0833961248603,461.0,1082,,151.0
arachidonyl trifluoro-methyl ketone,4,0,4,564.75,403.1038172729204,721.0,1142,90.0,306.0
BRD-A20697603,4,0,4,565.0,441.00340134742726,571.0,1283,191.0,215.0
orphenadrine hydrochloride,1,0,4,565.0,0.0,,565,,
chemistry 2804,4,0,4,565.75,230.16122066933866,740.0,845,358.0,320.0
anafranil,3,0,4,566.0,585.6398210504474,250.0,1387,,61.0
skf 81297 hydrobromide,4,0,4,566.0,714.0150558636701,330.0,1789,53.0,92.0
BRD-A75931230,3,0,4,566.6666666666666,249.65220251826784,614.0,846,,240.0
sb 366791,1,0,4,568.0,0.0,,568,,
BRD-K71554540,3,0,4,568.6666666666666,309.5333405125995,711.0,856,139.0,
t5247673,3,0,4,569.6666666666666,207.55293836084863,861.0,455,,393.0
BRD-K26664453,4,0,4,571.25,504.0155627557546,545.0,1402,140.0,198.0
BRD-K54822214,3,0,4,571.3333333333334,263.83622866383524,942.0,349,423.0,
"ingenol 3, 20-dibenzoate",4,0,4,571.5,225.30479355752732,701.0,866,429.0,290.0
BRD-K32896438,4,0,4,571.75,287.44075476522113,1016.0,555,214.0,502.0
BRD-K10705233,4,0,4,572.5,196.82288992899174,800.0,734,405.0,351.0
az 10417808,1,0,4,573.0,0.0,,573,,
ei-247,3,0,4,574.6666666666666,235.66690240440826,643.0,823,,258.0
BRD-K81441552,1,0,4,575.0,0.0,,575,,
BRD-A18763547,4,0,4,577.0,204.93779544047018,705.0,827,482.0,294.0
nsc 3852,4,0,4,577.5,284.46484844352915,729.0,969,302.0,310.0
jnj 10191584 maleate,3,0,4,578.6666666666666,337.77342833457,733.0,893,110.0,
vinorelbine,1,0,4,579.0,0.0,,579,,
t 98475,4,0,4,579.25,228.71420484963323,732.0,869,403.0,313.0
phenazopyridine hydrochloride,2,0,4,579.5,171.5,751.0,408,,
diphemanil methylsulfate,1,0,4,580.0,0.0,,580,,
esculin hydrate,1,0,4,581.0,0.0,,581,,
BRD-K71599932,3,0,4,581.6666666666666,238.38950387035825,669.0,820,256.0,
cot-10b,4,0,4,582.5,266.62004800839713,596.0,977,529.0,228.0
BRD-K74840245,1,0,4,583.0,0.0,,583,,
dexamethasone acetate,3,0,4,583.6666666666666,184.12375065579008,750.0,674,,327.0
sildenafil citrate,2,0,4,585.5,222.5,808.0,363,,
c-1,1,0,4,586.0,0.0,,586,,
pd 98059,2,0,4,587.5,107.5,695.0,480,,
ncgc00167098-01,4,0,4,588.0,251.52534663528445,835.0,841,299.0,377.0
ssr 69071,3,0,4,588.0,218.6519303977595,691.0,789,,284.0
duloxetine hydrochloride,2,0,4,589.5,0.5,589.0,590,,
oxibendazole,4,0,4,589.5,352.8105015443843,696.0,1121,254.0,287.0
sarmentogenin,4,0,4,589.5,316.7652916592978,884.0,905,164.0,405.0
BRD-K24861700,3,0,4,590.3333333333334,212.17969323717628,704.0,774,,293.0
BRD-K99633092,3,0,4,590.6666666666666,609.8701136763102,259.0,1446,,67.0
ncgc00241077-01,4,0,4,590.75,484.5185109982899,611.0,1373,141.0,238.0
thioproperazine dimesylate,2,0,4,591.5,429.5,162.0,1021,,
isorotenone,3,0,4,593.3333333333334,366.5190611990353,521.0,1074,,185.0
bisindolylmaleimide iv,2,0,4,595.0,331.0,264.0,926,,
"l-750,667",2,0,4,595.0,473.0,122.0,1068,,
spiperone,2,0,4,595.0,3.0,592.0,598,,
I-BET,4,0,4,596.5,206.74198896208773,940.0,576,421.0,449.0
bas 00535043,2,0,4,597.0,77.0,674.0,520,,
"l-733,060 hydrochloride",2,0,4,597.5,299.5,298.0,897,,
cgp 57380,4,0,4,598.75,364.7549691231087,766.0,1111,185.0,333.0
BRD-A26199074,3,0,4,599.0,468.3595484952417,423.0,1240,,134.0
16beta-bromoandrosterone,3,0,4,600.0,397.60868535114605,1115.0,147,538.0,
BRD-K13794505,2,0,4,600.0,49.0,649.0,551,,
BRD-K46171503,2,0,4,602.5,414.5,188.0,1017,,
hki-272,4,0,4,602.75,238.8643705118032,798.0,881,383.0,349.0
8-{[2-oxo-2-(1-pyrrolidinyl)ethyl]thio}quinoline,2,0,4,603.5,95.5,699.0,508,,
BRD-A50388635,2,0,4,603.5,318.5,285.0,922,,
fenretinide,3,0,4,604.6666666666666,205.94713453268105,734.0,766,,314.0
2-fluoropalmitic acid,2,0,4,605.0,183.0,422.0,788,,
h-8,2,0,4,606.0,136.0,742.0,470,,
BRD-K51791390,3,0,4,606.3333333333334,260.23749836554214,971.0,381,,467.0
BRD-K98824517,3,0,4,607.0,294.84006964228365,617.0,963,,241.0
PLX-4720,4,0,4,609.0,619.60471269996,447.0,1663,181.0,145.0
BRD-K80334323 (norethynodrel),4,0,4,609.5,406.6033079058753,730.0,1219,178.0,311.0
gelsemine,1,0,4,610.0,0.0,,610,,
BRD-K26304855,3,0,4,610.3333333333334,307.4153903470388,608.0,988,,235.0
ncgc00186101-01,2,0,4,610.5,319.5,291.0,930,,
BRD-K05153001,4,0,4,611.25,263.0250700978901,993.0,281,687.0,484.0
GSK-2334470,4,0,4,612.75,502.8958018317512,512.0,1459,301.0,179.0
mefexamide hydrochloride,2,0,4,613.0,55.0,668.0,558,,
erlotinib,4,0,4,613.75,265.7380053737139,737.0,987,414.0,317.0
hy-10518,4,0,4,614.0,346.40943982518723,702.0,1144,319.0,291.0
"pifithrin-a, cyclic-",1,0,4,614.0,0.0,,614,,
ncgc00184834-01,4,0,4,614.25,345.60770752400765,806.0,1079,217.0,355.0
vx-680,4,0,4,614.25,437.75528266372754,671.0,1307,204.0,275.0
BRD-K48803730,4,0,4,615.0,589.0339548786641,382.0,1620,342.0,116.0
y 134,3,0,4,615.0,210.2189334955346,739.0,787,,319.0
BRD-K93127801,1,0,4,616.0,0.0,,616,,
BRD-K80786583,4,0,4,617.25,415.070099501277,580.0,1301,369.0,219.0
chemistry 1571,2,0,4,618.5,143.5,762.0,475,,
BRD-K53610452,2,0,4,619.0,66.0,685.0,553,,
hinokitiol,4,0,4,619.5,379.3688838057228,1048.0,860,50.0,520.0
dorsomorphin dihydrochloride,4,0,4,620.25,315.0145829957718,776.0,1061,306.0,338.0
BRD-K35424586,4,0,4,620.75,530.7571831826679,595.0,1495,166.0,227.0
PD-184352,4,0,4,621.0,212.3028497218066,925.0,714,408.0,437.0
fomepizole,3,0,4,621.0,101.25545252808199,491.0,738,634.0,
ca-074-me,3,0,4,621.6666666666666,254.34403647203703,689.0,894,,282.0
naproxen,1,0,4,622.0,0.0,,622,,
BRD-A58924247,4,0,4,622.25,312.1156636569206,507.0,804,1002.0,176.0
akt inhibitor iv,4,0,4,623.75,227.07749227961807,842.0,859,412.0,382.0
etazolate hydrochloride,3,0,4,624.6666666666666,427.11226731257545,426.0,1218,230.0,
s1071,1,0,4,625.0,0.0,,625,,
cl 82198 hydrochloride,2,0,4,626.0,55.0,681.0,571,,
tomoxetine hydrochloride,2,0,4,627.0,144.0,771.0,483,,
BRD-K21672423,3,0,4,628.0,356.45570084747794,579.0,1087,,218.0
BRD-K96621343,3,0,4,628.3333333333334,214.21536411336658,692.0,853,340.0,
BRD-K97764662,2,0,4,629.5,516.5,113.0,1146,,
ro 04-6790,2,0,4,629.5,120.5,509.0,750,,
BRD-K77877933,3,0,4,629.6666666666666,243.89934171475105,710.0,880,,299.0
t3205,1,0,4,632.0,0.0,,632,,
BRD-K37150847,2,0,4,633.0,304.0,329.0,937,,
meptazinol hydrochloride,2,0,4,634.0,165.0,469.0,799,,
ncgc00165289-01,4,0,4,634.0,218.5509094009906,684.0,697,876.0,279.0
tubaic acid,2,0,4,634.0,115.0,519.0,749,,
ncgc00182393-01,4,0,4,634.25,249.69919403153867,757.0,975,476.0,329.0
cerivastatin na,4,0,4,634.75,214.22228525529272,801.0,507,879.0,352.0
fulvestrant,4,0,4,635.75,209.977826210293,727.0,883,624.0,309.0
BRD-K46373671,3,0,4,636.3333333333334,656.2120253563038,277.0,1557,,75.0
BRD-K39829853,4,0,4,637.0,326.2062231166046,697.0,1141,422.0,288.0
"l-165,041",1,0,4,637.0,0.0,,637,,
s1003,4,0,4,637.0,433.96716465649797,650.0,1341,294.0,263.0
BRD-K33045404,3,0,4,637.3333333333334,328.4603815108029,620.0,1048,,244.0
mls-0390982,1,0,4,639.0,0.0,,639,,
GSK-J4,4,0,4,639.25,302.96565399397997,551.0,1027,776.0,203.0
BRD-K75477256,2,0,4,639.5,40.5,599.0,680,,
BRD-A18725729,4,0,4,640.25,263.7682458143891,610.0,755,959.0,237.0
BRD-K75329208,1,0,4,641.0,0.0,,641,,
QL-X-138,4,0,4,641.0,322.158346159152,775.0,1107,345.0,337.0
gr-109,3,0,4,641.3333333333334,271.1965257070148,694.0,944,,286.0
fentiazac,1,0,4,642.0,0.0,,642,,
lenalidomide,1,0,4,644.0,0.0,,644,,
mw-ras12,4,0,4,644.75,190.80274500121848,896.0,514,755.0,414.0
primidone,1,0,4,645.0,0.0,,645,,
ncgc00012588-02,2,0,4,645.5,343.5,302.0,989,,
BRD-K00816165,1,0,4,646.0,0.0,,646,,
BRD-K64642496,4,0,4,646.75,192.24252261141393,955.0,519,657.0,456.0
tyrphostin 46,1,0,4,647.0,0.0,,647,,
(-)-gallocatechin gallate,4,0,4,647.25,449.0041063286615,792.0,1310,143.0,344.0
BRD-K08307026,4,0,4,647.5,231.07304040064906,901.0,855,417.0,417.0
BRD-A82307304,1,0,4,648.0,0.0,,648,,
psh 025,1,0,4,649.0,0.0,,649,,
ro 28-1675 ?,4,0,4,649.0,216.81904897863564,879.0,850,464.0,403.0
st638,1,0,4,650.0,0.0,,650,,
gr-231,4,0,4,650.25,872.2480653460918,237.0,2157,150.0,57.0
rocilinostat,4,0,4,651.0,238.23622730390943,767.0,967,536.0,334.0
ncgc00229600-01,3,0,4,651.6666666666666,247.40564980524505,914.0,721,320.0,
BRD-K40373196,3,0,4,653.3333333333334,200.57639165387556,831.0,756,,373.0
rondual-kinase-inhibitor,2,0,4,655.0,113.0,542.0,768,,
y-27152,1,0,4,655.0,0.0,,655,,
BRD-A81282034,2,0,4,655.5,607.5,48.0,1263,,
t 0901317,2,0,4,655.5,195.5,460.0,851,,
CH5424802,4,0,4,656.75,309.76069392355123,846.0,1066,331.0,384.0
BRD-K04534322,3,0,4,657.0,197.63771569886822,902.0,651,,418.0
garcinol,4,0,4,657.5,288.6212916608891,863.0,1018,354.0,395.0
dibutyrylcyclic amp,3,0,4,657.6666666666666,202.69901057698556,927.0,608,,438.0
gr-103,2,0,4,658.0,28.0,686.0,630,,
tofranil,1,0,4,658.0,0.0,,658,,
np-002491,3,0,4,658.3333333333334,603.7004408000894,367.0,1499,,109.0
BRD-K35429092,1,0,4,659.0,0.0,,659,,
verapamil hydrochloride,2,0,4,659.0,390.0,269.0,1049,,
ryuvidine,4,0,4,660.5,493.3368524649258,753.0,1423,138.0,328.0
methoxy-6-harmalan,3,0,4,661.3333333333334,102.63635916293126,646.0,794,544.0,
BRD-K17140735,4,0,4,662.5,205.78204489216253,862.0,863,531.0,394.0
ite,1,0,4,663.0,0.0,,663,,
mirtazapine,2,0,4,663.0,63.0,600.0,726,,
"fluphenazine-n-2-chloroethane, dihydrochloride",2,0,4,663.5,246.5,417.0,910,,
cercosporin,4,0,4,664.5,353.38399793991806,587.0,1211,636.0,224.0
CC-401,4,0,4,665.0,235.19885203801485,874.0,923,463.0,400.0
n-acetyl-dl-homocysteine thiolactone,1,0,4,665.0,0.0,,665,,
belinostat,4,0,4,666.75,361.12904549482033,715.0,1235,415.0,302.0
pnu 74654,4,0,4,666.75,306.6523887074745,726.0,1132,501.0,308.0
ag 82,2,0,4,667.0,106.0,773.0,561,,
prunetin,2,0,4,668.0,73.0,741.0,595,,
bd 1008 dihydrobromide,1,0,4,669.0,0.0,,669,,
AZD-8330,4,0,4,669.75,184.68131334815658,960.0,678,582.0,459.0
alfacalcidol,3,0,4,671.3333333333334,287.6946683938064,713.0,1001,,300.0
s1122,4,0,4,672.25,396.04631989200453,779.0,1275,295.0,340.0
dichlorobenzamil,4,0,4,674.0,225.5404620018324,894.0,902,487.0,413.0
BRD-K19624190,4,0,4,674.25,413.7815697925658,989.0,1134,94.0,480.0
KIN001-265,4,0,4,675.0,207.96514130978778,932.0,825,500.0,443.0
ym-155,4,0,4,675.5,256.8311702266686,871.0,986,447.0,398.0
BRD-K53308430,3,0,4,676.0,527.3638844921661,473.0,1399,,156.0
akti-1/2,4,0,4,676.0,405.08702768664415,1300.0,567,171.0,666.0
promazine hydrochloride,3,0,4,677.6666666666666,205.16226640285382,949.0,631,,453.0
gefitinib,4,0,4,677.75,242.20381396666733,1041.0,745,410.0,515.0
terfenadine,4,0,4,678.0,354.9739427056583,797.0,1207,360.0,348.0
BRD-K71726959,4,0,4,678.25,394.1651779394014,1182.0,835,98.0,598.0
arvanil,3,0,4,678.6666666666666,250.53187865463792,772.0,928,,336.0
pt-630,3,0,4,679.0,293.16548227920697,1076.0,584,377.0,
albendazole,3,0,4,683.0,365.7166480578464,642.0,1150,,257.0
endecaphyllin x,1,0,4,683.0,0.0,,683,,
cvf-csc-7 brd-a32595718,4,0,4,683.75,234.11148519455426,706.0,852,882.0,295.0
sutent,4,0,4,683.75,191.58467449146343,811.0,739,828.0,357.0
penicillin g potassium,1,0,4,684.0,0.0,,684,,
BRD-K15563106,4,0,4,685.0,384.9759732762553,906.0,1193,220.0,421.0
sb 269970 hydrochloride,3,0,4,685.0,396.0782750921843,1194.0,633,228.0,
tw 37,4,0,4,685.25,247.35033353525117,886.0,973,475.0,407.0
k784-3187,4,0,4,686.5,472.2523160345537,930.0,1309,66.0,441.0
ncgc00185684-02,4,0,4,687.0,172.77007842795,910.0,718,695.0,425.0
hispidin,2,0,4,687.5,277.5,410.0,965,,
ncgc00183255-01,3,0,4,688.6666666666666,204.85821655205555,885.0,775,,406.0
BRD-A10330754,2,0,4,689.0,63.0,752.0,626,,
estradiol benzoate,4,0,4,689.75,185.06400919681818,845.0,705,826.0,383.0
BRD-K14749055,1,0,4,690.0,0.0,,690,,
BRD-K31841256,2,0,4,693.0,569.0,124.0,1262,,
oxybenzone,1,0,4,693.0,0.0,,693,,
nocodazole,4,0,4,694.0,194.99871794450343,936.0,824,569.0,447.0
cinobufagin,4,0,4,694.5,223.0543655703694,799.0,672,957.0,350.0
balsalazide,3,0,4,695.6666666666666,403.7741392852637,556.0,1245,286.0,
zm 323881 hydrochloride,1,0,4,696.0,0.0,,696,,
clopidogrel,3,0,4,696.6666666666666,316.22179276928756,714.0,1075,,301.0
nicardipine hydrochloride,3,0,4,697.3333333333334,264.86013080282373,1071.0,488,,533.0
BRD-K96167523,1,0,4,698.0,0.0,,698,,
np-001236,4,0,4,698.25,385.3228354250498,829.0,1271,321.0,372.0
BRD-A62809825,4,0,4,701.25,292.1013308768038,1201.0,499,496.0,609.0
docetaxel,4,0,4,702.25,247.523104982141,985.0,911,437.0,476.0
mg-132,4,0,4,702.75,289.05308768459815,1102.0,826,334.0,549.0
BRD-K05520923,2,0,4,705.0,614.0,91.0,1319,,
BRD-K08451418,2,0,4,706.5,30.5,676.0,737,,
trametinib,4,0,4,706.5,235.9920549510089,988.0,892,467.0,479.0
amperozide,2,0,4,707.0,383.0,324.0,1090,,
pj 34 hydrochloride,3,0,4,707.3333333333334,218.3595404118833,1008.0,618,,496.0
perhexiline maleate,4,0,4,709.0,265.62661764213317,745.0,1071,698.0,322.0
"r(-)-2,10,11-trihydroxy-n-propyl-noraporphine",1,0,4,709.0,0.0,,709,,
BRD-K79779816,1,0,4,711.0,0.0,,711,,
mebendazole,3,0,4,712.3333333333334,222.974338334158,870.0,870,,397.0
BRD-K27151060,3,0,4,713.0,206.1860001713663,758.0,940,441.0,
rosiglitazone hydrochloride,4,0,4,713.5,324.7218040107563,1091.0,947,270.0,546.0
s1142,4,0,4,714.25,389.6103020968516,1214.0,879,148.0,616.0
fu jmbii105b,2,0,4,715.5,400.5,315.0,1116,,
BRD-K89059493,2,0,4,716.0,246.0,470.0,962,,
cgk 733,4,0,4,717.0,354.68366187350665,575.0,1151,926.0,216.0
salsolinol hydrobromide,1,0,4,717.0,0.0,,717,,
BRD-K60772276,2,0,4,717.5,207.5,510.0,925,,
hy-11068,3,0,4,718.0,451.9579626469701,603.0,1320,,231.0
BRD-K36354764,3,0,4,718.3333333333334,204.64657881875823,931.0,782,,442.0
ter14687,1,0,4,719.0,0.0,,719,,
BRD-K66792149,4,0,4,720.0,229.98586913112726,826.0,996,689.0,369.0
baccatin iii,2,0,4,720.5,396.5,1117.0,324,,
BRD-A59145032,4,0,4,721.25,412.97782930806346,834.0,1349,326.0,376.0
methylene blue,4,0,4,721.25,259.7396533069219,832.0,1073,606.0,374.0
BRD-K41220170,2,0,4,721.5,144.5,866.0,577,,
temsirolimus [ci779],4,0,4,721.5,292.1750331564968,923.0,1092,436.0,435.0
methoxamine hydrochloride,1,0,4,725.0,0.0,,725,,
BRD-K24859147,2,0,4,726.0,74.0,652.0,800,,
ag 9,3,0,4,726.0,349.1102977570269,717.0,1158,,303.0
k784-3131,4,0,4,726.0,389.7216955726227,969.0,1225,245.0,465.0
periplocymarin,3,0,4,726.0,495.3140417957076,568.0,1396,,214.0
BRD-K71303366,3,0,4,727.3333333333334,417.4384851554644,647.0,1274,,261.0
vemurafenib,4,0,4,728.0,364.6066373504465,938.0,1214,312.0,448.0
levonorgestrel,3,0,4,729.3333333333334,455.0914438024761,471.0,1369,348.0,
manumycin a,4,0,4,731.5,311.604316401426,1175.0,830,328.0,593.0
BRD-K22096725,3,0,4,732.0,84.22588675698226,787.0,796,613.0,
osi-906,2,0,4,733.0,116.0,849.0,617,,
BRD-K92317137,4,0,4,733.75,375.67431040729946,687.0,1324,644.0,280.0
helveticoside,3,0,4,734.3333333333334,550.8056725278789,528.0,1488,,187.0
ei-231,3,0,4,735.0,265.20306685003976,1110.0,542,,553.0
palbociclib,4,0,4,735.25,359.2522616491092,1033.0,1131,265.0,512.0
ncgc00188535-01,4,0,4,736.75,417.5490240678333,1011.0,1250,187.0,499.0
BRD-K61776140,4,0,4,738.5,264.8155018121107,1040.0,961,439.0,514.0
NVP-BGJ398,2,0,4,739.0,365.0,1104.0,374,,
m9948,3,0,4,741.3333333333334,507.0505124957692,445.0,1455,324.0,
OSI-027,4,0,4,741.75,408.9054750183715,1097.0,1157,165.0,548.0
BRD-K54285697,1,0,4,742.0,0.0,,742,,
ch 55,3,0,4,742.0,411.55882528098783,673.0,1277,,276.0
methoprene acid,1,0,4,743.0,0.0,,743,,
rhodomyrtoxin b,4,0,4,743.5,355.4943740764402,690.0,1282,719.0,283.0
BRD-K92980438,3,0,4,744.6666666666666,222.8861194023132,918.0,886,,430.0
qs 11,4,0,4,745.75,331.68989659017353,876.0,1228,478.0,401.0
uk 356618,4,0,4,746.25,467.1083252308826,1250.0,1064,35.0,636.0
azd8055,4,0,4,746.75,483.77131735976246,747.0,1536,380.0,324.0
cyclopenthiazide,1,0,4,747.0,0.0,,747,,
pd 407824,4,0,4,747.25,195.8065052545497,929.0,715,905.0,440.0
testosterone,3,0,4,748.0,343.39869927922945,1188.0,350,706.0,
KW-2449,4,0,4,749.75,314.27247334120756,1062.0,1054,355.0,528.0
ncgc00165193-01,2,0,4,750.0,15.0,765.0,735,,
hydrocortisone acetate,4,0,4,752.75,425.4441061996276,814.0,1424,413.0,360.0
compound 58,2,0,4,753.0,179.0,574.0,932,,
BRD-K00028814,2,0,4,753.5,78.5,675.0,832,,
ei-328,4,0,4,754.0,212.35465617687782,991.0,929,614.0,482.0
ALW-II-38-3,4,0,4,754.25,333.6085842720478,1179.0,302,941.0,595.0
BRD-K87909389,4,0,4,756.25,345.46734650325493,1015.0,1170,339.0,501.0
BRD-K03176945,3,0,4,756.3333333333334,299.17479097603723,818.0,1088,,363.0
BRD-A93393712,3,0,4,756.6666666666666,209.1097532132083,1002.0,777,,491.0
BRD-K55612480,1,0,4,757.0,0.0,,757,,
clonidine hydrochloride,2,0,4,757.0,283.0,474.0,1040,,
camptothecin,4,0,4,757.25,331.3452693188783,827.0,1258,574.0,370.0
ncgc00011606-02,2,0,4,757.5,82.5,840.0,675,,
ncgc00188536-01,4,0,4,757.75,322.8369363935917,928.0,1203,461.0,439.0
simvastatin,4,0,4,758.0,391.6612056356871,816.0,1372,483.0,361.0
trifluridine,1,0,4,759.0,0.0,,759,,
BRD-K51443908,1,0,4,764.0,0.0,,764,,
BRD-K53816294,2,0,4,764.0,260.0,504.0,1024,,
BRD-K85318537 (obaa),3,0,4,764.6666666666666,382.13988131165905,1145.0,907,242.0,
s1266,3,0,4,764.6666666666666,320.4593924699699,804.0,1136,,354.0
methyl benzethonium chloride,3,0,4,765.6666666666666,437.25075439868857,462.0,1384,451.0,
BRD-A41451487,4,0,4,766.0,413.0647648977095,980.0,1329,283.0,472.0
BRD-A36630025,4,0,4,766.25,301.5347202230615,865.0,1202,602.0,396.0
nonoxynol-9,3,0,4,768.0,280.51500256967836,856.0,1059,,389.0
pifithrin- ?,4,0,4,768.5,420.83815178759636,1108.0,1226,188.0,552.0
"15-deoxy-?12,14-prostaglandin j2",4,0,4,769.5,394.4531024088922,1226.0,1029,199.0,624.0
BRD-K99475920,1,0,4,770.0,0.0,,770,,
bl-010,2,0,4,770.0,439.0,1209.0,331,,
ku-0063794,4,0,4,770.5,623.5144344760593,857.0,1742,93.0,390.0
ncgc00188012-01,2,0,4,772.0,404.0,368.0,1176,,
jak3 inhibitor vi,4,0,4,772.25,440.93614900572624,975.0,1388,257.0,469.0
BRD-K69406317,3,0,4,772.3333333333334,758.8787049910471,371.0,1835,,111.0
BRD-K83670234,4,0,4,772.75,503.09262318185506,1172.0,1295,33.0,591.0
skf 89976a hydrochloride,1,0,4,773.0,0.0,,773,,
tamoxifen citrate,4,0,4,774.0,237.62259993527553,924.0,1057,679.0,436.0
alprostadil,2,0,4,775.0,308.0,467.0,1083,,
thapsigargin,4,0,4,775.25,227.725026073113,1111.0,578,858.0,554.0
19-norethindrone,1,0,4,776.0,0.0,,776,,
topotecan hcl,4,0,4,776.75,222.17152720364507,888.0,997,813.0,409.0
BRD-K42489623,3,0,4,777.0,228.83327263898198,1088.0,699,,544.0
azd-7545-a,3,0,4,777.6666666666666,452.8401729332572,1414.0,522,397.0,
BRD-K25737009,4,0,4,777.75,313.10012376235176,957.0,1200,497.0,457.0
elesclomol,4,0,4,778.5,312.6695540023045,1146.0,1013,378.0,577.0
tropisetron hcl,1,0,4,779.0,0.0,,779,,
AS-605240,4,0,4,780.0,271.8593386293728,1234.0,731,527.0,628.0
mln2238,4,0,4,780.0,356.3341128772265,1066.0,1188,336.0,530.0
sb 216641 hydrochloride,1,0,4,780.0,0.0,,780,,
BRD-K28789065,2,0,4,780.5,57.5,838.0,723,,
ncgc00241732-01,1,0,4,781.0,0.0,,781,,
fluspirilen,4,0,4,782.0,855.6211194214411,488.0,2249,226.0,165.0
tocainide hydrochloride,3,0,4,784.0,508.9387651443606,636.0,1468,248.0,
BRD-K84203638,4,0,4,784.5,481.323955356473,1061.0,1401,149.0,527.0
BRD-K08316444,4,0,4,785.75,344.03660779050824,908.0,1292,520.0,423.0
bml-257,2,0,4,787.0,125.0,912.0,662,,
phorbol-12-myristate-13-acetate (pma),4,0,4,787.25,223.15171408707576,1132.0,834,619.0,564.0
BRD-U33728988,4,0,4,787.75,363.0952870804026,820.0,1351,616.0,364.0
cay10594,4,0,4,788.25,379.55722559319037,1423.0,497,495.0,738.0
TWS-119,4,0,4,791.5,323.52472857573036,1161.0,1046,373.0,586.0
BRD-K82732294,4,0,4,792.5,288.7633113814842,986.0,1161,546.0,477.0
NU-7441,4,0,4,793.0,246.90787755760243,1024.0,1052,589.0,507.0
am580,4,0,4,793.75,593.0132270868838,746.0,1777,329.0,323.0
api-2,4,0,4,795.25,326.657599789137,719.0,1179,978.0,305.0
BRD-K55844427,3,0,4,795.3333333333334,239.91711531739918,1125.0,700,,561.0
sb 216763,3,0,4,795.3333333333334,393.89197616718326,761.0,1294,,331.0
BRD-K95196255,4,0,4,797.5,243.90828194220876,1218.0,677,676.0,619.0
3-methyladenine,2,0,4,798.5,354.5,444.0,1153,,
bibr1532,4,0,4,799.0,326.07897816326647,1022.0,1213,455.0,506.0
BRD-K94325918,4,0,4,799.75,385.31245437955937,1086.0,1257,313.0,543.0
zm 336372,4,0,4,800.75,280.25557532366776,1259.0,783,522.0,639.0
"hydroxytacrine maleate (r,s)",2,0,4,801.0,279.0,522.0,1080,,
curcubitacin i,4,0,4,801.25,320.07294090566296,905.0,1268,612.0,420.0
BRD-K60870698,4,0,4,802.25,398.8680076165548,915.0,1407,460.0,427.0
(+)-JQ1,4,0,4,803.0,294.4163718273833,1042.0,1148,506.0,516.0
clofazimine,1,0,4,803.0,0.0,,803,,
BRD-A32214171,1,0,4,805.0,0.0,,805,,
BRD-A93015352,2,0,4,805.5,217.5,588.0,1023,,
auranofin,4,0,4,805.5,392.6025343779635,922.0,1398,468.0,434.0
TGX-221,4,0,4,805.75,348.94582315883935,1358.0,772,394.0,699.0
dipyridamole,1,0,4,806.0,0.0,,806,,
pterostilbene,2,0,4,806.0,58.0,864.0,748,,
sr 202,2,0,4,806.5,84.5,722.0,891,,
cay10618,4,0,4,806.75,306.6214074392067,858.0,1248,730.0,391.0
BRD-K39232234,2,0,4,807.0,66.0,873.0,741,,
ouabain,4,0,4,807.0,331.8147073292563,854.0,1304,682.0,388.0
BRD-K16533489,3,0,4,807.3333333333334,338.27240830759786,837.0,1206,,379.0
BRD-K25536815,2,0,4,808.0,126.0,682.0,934,,
talniflumate,2,0,4,808.0,7.0,815.0,801,,
BRD-K85818861,3,0,4,808.3333333333334,218.9023120531673,1055.0,847,,523.0
BRD-K42687792,1,0,4,809.0,0.0,,809,,
glycopyrrolate,3,0,4,809.0,252.77658119374902,1039.0,931,457.0,
ncgc00188531-01,4,0,4,809.5,203.72837308534125,1074.0,917,711.0,536.0
BRD-K00317371,4,0,4,810.5,468.84992268315455,992.0,1487,280.0,483.0
ncgc00187988-02,1,0,4,812.0,0.0,,812,,
spb02303,4,0,4,812.25,494.38111563853244,967.0,1547,272.0,463.0
BRD-K43226598,2,0,4,812.5,100.5,712.0,913,,
cyclosporin a,4,0,4,812.75,274.3641512661594,1128.0,1042,519.0,562.0
BRD-A28422330,1,0,4,813.0,0.0,,813,,
cosmosiin,4,0,4,813.5,504.60008917954025,982.0,1555,244.0,473.0
BRD-K45278408,1,0,4,814.0,0.0,,814,,
ossk 645683,4,0,4,815.0,442.85494239084653,796.0,1531,586.0,347.0
saracatinib,4,0,4,816.25,599.6759020504326,828.0,1790,276.0,371.0
pf 750,4,0,4,817.25,323.9038244602864,1148.0,1124,418.0,579.0
hoechst  33342 (cell permeable) (bisbenzimide),3,0,4,817.3333333333334,598.4403803963173,590.0,1637,,225.0
ranolazine,2,0,4,817.5,395.5,1213.0,422,,
sb 218078,4,0,4,818.25,505.252597717221,626.0,1628,772.0,247.0
rs 56812 hydrochloride,2,0,4,818.5,141.5,677.0,960,,
ski ii,4,0,4,820.25,341.12415261895484,1363.0,790,425.0,703.0
fenoldopam hydrochloride,3,0,4,820.3333333333334,197.52186939397086,939.0,980,542.0,
ncgc00182833-01,1,0,4,822.0,0.0,,822,,
malonoben,4,0,4,824.25,235.9008001258156,916.0,1050,903.0,428.0
BRD-A19248578,4,0,4,825.25,314.4402765232215,1154.0,1118,449.0,580.0
ei-156,4,0,4,825.25,515.9517298158811,998.0,1581,233.0,489.0
sertraline hydrochloride,4,0,4,825.5,354.89822484763147,1049.0,1289,443.0,521.0
ntncb hydrochloride,2,0,4,826.0,465.0,361.0,1291,,
methylandrostenediol,3,0,4,826.3333333333334,434.71855518510165,1036.0,1222,221.0,
metaproterenol,2,0,4,826.5,16.5,810.0,843,,
BRD-K78373679,3,0,4,826.6666666666666,290.67316506497275,921.0,1126,,433.0
arg-csc-91,4,0,4,827.25,461.96827542592143,1178.0,1347,190.0,594.0
BRD-K11072542,2,0,4,827.5,171.5,656.0,999,,
"4-(3,4-dimethoxyphenyl)pyridine hydrobromide wg-7",1,0,4,828.0,0.0,,828,,
chelerythrine chloride,4,0,4,828.25,1126.412751836555,326.0,2773,123.0,91.0
ikk 16,4,0,4,830.0,614.770282300633,678.0,1866,499.0,277.0
fenbendazole,3,0,4,831.0,687.5061211848711,544.0,1779,170.0,
ncgc00181233-01,3,0,4,831.6666666666666,604.7072753728772,657.0,1644,194.0,
t7765,4,0,4,831.75,325.64656838357746,1005.0,1279,550.0,493.0
fk506,4,0,4,832.25,302.8220393234284,1272.0,936,474.0,647.0
colforsin,2,0,4,833.0,361.0,472.0,1194,,
NVP-AUY922,4,0,4,833.75,346.62542823630235,1323.0,950,382.0,680.0
l-6307,4,0,4,834.0,495.6334330934506,1058.0,1522,231.0,525.0
stock1s-53863,4,0,4,834.0,256.73624598018876,1045.0,1125,648.0,518.0
s1104,4,0,4,834.5,642.2431393171904,759.0,1906,343.0,330.0
vandetanib,4,0,4,835.75,723.6226140053944,817.0,2017,147.0,362.0
BRD-K99380810,1,0,4,836.0,0.0,,836,,
cgp 71683 hydrochloride,4,0,4,837.75,212.705635797456,977.0,976,927.0,471.0
gemcitabine,4,0,4,837.75,558.5599229268065,898.0,1726,311.0,416.0
luzindole,2,0,4,838.0,155.0,683.0,993,,
d-64131,4,0,4,838.5,579.2946141645026,1141.0,1588,52.0,573.0
TPCA-1,4,0,4,839.75,268.6478875777734,1026.0,1171,653.0,509.0
mrs 1334,1,0,4,840.0,0.0,,840,,
sirolimus,4,0,4,840.25,474.2285182272361,1225.0,1344,169.0,623.0
cilostamide,2,0,4,841.5,629.5,1471.0,212,,
ncgc00182364-01,3,0,4,842.0,307.90041680170987,920.0,1174,,432.0
"camptothecine (s,+)",4,0,4,844.5,620.4580968929328,663.0,1890,555.0,270.0
importazole,4,0,4,844.5,503.0733047976209,1054.0,1556,246.0,522.0
BRD-K81473043,3,0,4,845.0,278.34870217049695,962.0,1112,,461.0
BRD-K96147838,2,0,4,845.5,89.5,756.0,935,,
BRD-K14788918,3,0,4,847.6666666666666,256.3647575016677,996.0,1060,,487.0
sc 19220,2,0,4,848.0,314.0,1162.0,534,,
thioridazine hydrochloride,4,0,4,849.25,420.87312518144944,945.0,1498,503.0,451.0
chlorphensin carbamate,2,0,4,851.0,91.0,760.0,942,,
BRD-K26849279,3,0,4,853.6666666666666,169.21846497616295,1050.0,874,637.0,
BMS-777607,4,0,4,854.25,408.1368489857293,1369.0,1065,275.0,708.0
t542500,4,0,4,854.25,541.7376556046294,917.0,1715,356.0,429.0
BRD-K49010888,3,0,4,857.0,559.754112684013,679.0,1614,,278.0
ncgc00183216-01,2,0,4,857.0,244.0,613.0,1101,,
VE821,3,0,4,857.3333333333334,1049.4520263240029,29.0,2338,205.0,
b675700.cdx,4,0,4,857.5,408.71353048314904,1430.0,964,296.0,740.0
syrosingopine,1,0,4,858.0,0.0,,858,,
retinoic acid,3,0,4,859.6666666666666,588.5724726450903,654.0,1661,,264.0
BRD-K90543092,3,0,4,860.3333333333334,258.95988535335397,903.0,1154,524.0,
cycloheximide,4,0,4,861.75,408.95560578136104,954.0,1491,547.0,455.0
BRD-K12105018,2,0,4,862.0,101.0,963.0,761,,
BRD-K20168484,2,0,4,862.0,142.0,1004.0,720,,
piceatannol,4,0,4,862.25,333.2689416972425,852.0,1328,883.0,386.0
digitoxigenin,4,0,4,862.75,416.79933721156516,1144.0,1382,349.0,576.0
stock2s-69948,2,0,4,863.5,89.5,774.0,953,,
isoliquiritigenin,4,0,4,864.75,436.5944199139517,893.0,1560,594.0,412.0
pd 00735,2,0,4,865.5,391.5,1257.0,474,,
BRD-K92301463,4,0,4,865.75,370.5080127338679,1317.0,1106,364.0,676.0
s1364,1,0,4,867.0,0.0,,867,,
bjm-ctd2-9,4,0,4,867.25,293.993516084964,1017.0,1264,685.0,503.0
BRD-K52075040,4,0,4,868.25,362.07345594506097,1204.0,1243,416.0,610.0
benazepril hydrochloride,2,0,4,871.5,259.5,1131.0,612,,
BRD-K96405393,3,0,4,871.6666666666666,561.1098129797965,1168.0,1361,86.0,
sdz 21009,1,0,4,872.0,0.0,,872,,
prostaglandin a1,4,0,4,872.5,383.7984497102613,1298.0,1177,351.0,664.0
irinotecan hydrochloride trihydrate,4,0,4,873.0,648.1057012555899,788.0,1956,406.0,342.0
BRD-A80960055,3,0,4,873.3333333333334,424.3130395775689,833.0,1412,,375.0
BRD-K18163752,3,0,4,874.3333333333334,366.141442007806,897.0,1311,,415.0
ei-232,1,0,4,875.0,0.0,,875,,
BRD-K11663430,2,0,4,877.0,643.0,234.0,1520,,
BRD-K88278225,2,0,4,877.0,825.0,1702.0,52,,
vu0410183-2,4,0,4,877.75,384.2299929729588,1143.0,1359,434.0,575.0
BRD-U43867373,3,0,4,879.3333333333334,652.355901500264,619.0,1776,,243.0
BRD-K25690923,2,0,4,879.5,437.5,442.0,1317,,
GDC-0879,4,0,4,879.75,276.7366753793216,1292.0,970,597.0,660.0
endo-iwr 1,2,0,4,880.5,91.5,789.0,972,,
proscillaridin a,4,0,4,880.75,373.8946208492441,823.0,1419,915.0,366.0
BRD-K23217072,2,0,4,881.0,432.0,449.0,1313,,
meloxicam sodium,2,0,4,881.0,103.0,778.0,984,,
rimcazole dihydrochloride,2,0,4,881.5,637.5,244.0,1519,,
CYT387,4,0,4,881.75,477.0976708180412,1001.0,1612,424.0,490.0
btb06091sc,3,0,4,882.0,653.2722760585104,621.0,1780,,245.0
hy-11005,4,0,4,883.0,895.8602011474782,764.0,2373,63.0,332.0
BRD-K37865504,4,0,4,883.5,272.1594201933859,1238.0,1058,608.0,630.0
letrozole,1,0,4,884.0,0.0,,884,,
b4313,4,0,4,884.75,364.89065142861637,935.0,1441,717.0,446.0
BRD-K02558072,3,0,4,885.6666666666666,450.7714375255922,1176.0,1232,249.0,
BRD-K97274161,3,0,4,886.0,318.87406082443687,965.0,1231,,462.0
rg-14620,2,0,4,886.0,93.0,793.0,979,,
blebbistatin,4,0,4,886.5,401.71538432079,839.0,1505,822.0,380.0
ncgc00183371-01,4,0,4,886.75,294.2077284844842,1199.0,1162,579.0,607.0
BRD-K68548958,4,0,4,887.0,223.60120751015634,1138.0,1051,789.0,570.0
BRD-K85051645,1,0,4,887.0,0.0,,887,,
gliquidone,3,0,4,888.3333333333334,792.3485484445732,421.0,2004,240.0,
BRD-U37049823,4,0,4,889.5,489.91300248105273,791.0,1683,741.0,343.0
bmy 45778,3,0,4,890.0,335.2978775158988,1361.0,607,,702.0
chlorambucil,4,0,4,892.75,365.1967791478999,1224.0,1280,445.0,622.0
BRD-A75409952 (wortmannin),4,0,4,893.5,648.0395435465339,1164.0,1781,42.0,587.0
UNC0638,4,0,4,893.5,793.2277415723684,666.0,2245,390.0,273.0
BRD-K55722623,3,0,4,893.6666666666666,539.1699381662726,744.0,1616,,321.0
hy-70044,3,0,4,895.0,319.12484495361167,976.0,1239,,470.0
np-007374,4,0,4,896.75,401.3411111511005,1114.0,1445,472.0,556.0
artesunate,3,0,4,897.0,264.6368581030743,1057.0,1110,,524.0
BRD-K19540840,4,0,4,897.25,369.9509257996255,882.0,1447,856.0,404.0
BRD-K70918941,1,0,4,898.0,0.0,,898,,
fostamatinib,4,0,4,898.75,328.7806069402513,1200.0,1252,535.0,608.0
BRD-K58618158,2,0,4,899.5,128.5,1028.0,771,,
lasalocid sodium salt,4,0,4,899.75,359.7508686577421,1397.0,1045,432.0,725.0
pioglitazone hydrochloride,3,0,4,900.6666666666666,287.7514359458331,1208.0,978,516.0,
n-desmethylclozapine,2,0,4,901.5,295.5,606.0,1197,,
niguldipine,4,0,4,901.5,262.3180321670624,1166.0,1156,696.0,588.0
medrysone,4,0,4,902.0,360.35052379592844,1121.0,1380,548.0,559.0
ncgc00183401-01,1,0,4,903.0,0.0,,903,,
1541b,1,0,4,904.0,0.0,,904,,
mls-0391006,2,0,4,904.5,176.5,728.0,1081,,
PD-0325901,4,0,4,905.5,286.55584098042743,1258.0,1117,609.0,638.0
prochlorperazine edisylate,2,0,4,905.5,45.5,860.0,951,,
BRD-K03857568,1,0,4,906.0,0.0,,906,,
strophantine octahydrate,4,0,4,906.5,478.787270089755,1118.0,1584,367.0,557.0
physostigmine salicylate,2,0,4,907.0,156.0,1063.0,751,,
ncgc00182378-01,3,0,4,908.3333333333334,299.94703236108575,1013.0,1212,,500.0
rifabutin,2,0,4,908.5,351.5,557.0,1260,,
nitrofurazone,2,0,4,910.0,141.0,1051.0,769,,
gr-237,3,0,4,910.6666666666666,258.59148391924197,1089.0,1098,,545.0
cyt997,4,0,4,911.5,217.64707670906128,1181.0,1026,842.0,597.0
s1148,3,0,4,911.6666666666666,320.0982488063452,994.0,1256,,485.0
bml-259,4,0,4,912.75,382.2678216905001,1072.0,1465,580.0,534.0
cefixime,2,0,4,913.0,403.0,1316.0,510,,
np-010914,3,0,4,913.3333333333334,843.7465390875522,485.0,2092,,163.0
nimodipine,2,0,4,913.5,36.5,950.0,877,,
CTB,3,0,4,913.6666666666666,183.63248320732606,1023.0,1063,655.0,
BRD-K49371609,4,0,4,914.0,584.3804411511392,1147.0,1738,193.0,578.0
ncgc00183244-01,1,0,4,914.0,0.0,,914,,
ncgc00182361-01,3,0,4,914.3333333333334,361.9321606169986,1419.0,588,,736.0
BRD-K68588778,2,0,4,914.5,99.5,1014.0,815,,
BRD-K38625260,3,0,4,914.6666666666666,327.6912503494037,990.0,1273,,481.0
mk-2206,4,0,4,915.0,517.9522178734251,907.0,1759,572.0,422.0
BRD-K93605482,2,0,4,916.5,97.5,819.0,1014,,
herniarin,2,0,4,917.0,390.0,1307.0,527,,
pdgf receptor tyrosine kinase inhibitor i,3,0,4,917.6666666666666,438.58585881849353,877.0,1474,,402.0
cis-(z)-flupenthixol,1,0,4,918.0,0.0,,918,,
mst- 312,4,0,4,918.75,383.1953646640314,1003.0,1502,678.0,492.0
sc-68376,1,0,4,919.0,0.0,,919,,
halometasone,1,0,4,920.0,0.0,,920,,
c1386,3,0,4,921.6666666666666,570.0235862566468,956.0,1602,207.0,
"l-690,488",4,0,4,922.25,276.09180991112356,1195.0,1198,693.0,603.0
purvalanol a,4,0,4,922.75,342.45246020433257,1480.0,889,560.0,762.0
pregnenolone succinate,2,0,4,923.0,10.0,913.0,933,,
NVP-BGT226,4,0,4,923.25,773.2487875839186,782.0,2226,344.0,341.0
sunitinib,4,0,4,925.25,369.1458891820414,1381.0,1164,438.0,718.0
valdecoxib,4,0,4,925.25,234.4540200124536,1270.0,994,792.0,645.0
BRD-K86472598,4,0,4,926.75,531.9527117141147,1620.0,1122,152.0,813.0
u 18666a,1,0,4,927.0,0.0,,927,,
digoxin,4,0,4,927.75,323.52076826689193,943.0,1363,955.0,450.0
BRD-K09854848,3,0,4,928.0,439.2812311037202,890.0,1484,,410.0
s1130,3,0,4,928.3333333333334,849.7173386224124,499.0,2115,,171.0
BRD-K60070073,2,0,4,928.5,126.5,802.0,1055,,
tpca-1,4,0,4,930.5,448.80981495506535,1064.0,1608,521.0,529.0
norketamine hydrochloride,2,0,4,932.5,733.5,1666.0,199,,
dasatinib,4,0,4,933.0,430.01627876163013,1353.0,1337,347.0,695.0
lapatinib,4,0,4,933.5,303.80297891890393,1459.0,740,783.0,752.0
bifemelane hydrochloride,2,0,4,934.0,150.0,784.0,1084,,
mdl-28170,3,0,4,934.0,290.400872358653,1067.0,1204,,531.0
ncgc00183237-01,3,0,4,934.3333333333334,400.90092985119844,933.0,1426,,444.0
jte 013,2,0,4,935.0,483.0,1418.0,452,,
AZ-628,4,0,4,935.5,467.7272175103775,1084.0,1636,480.0,542.0
dl-pdmp,4,0,4,936.75,372.81790126011924,1463.0,1070,459.0,755.0
s1053,4,0,4,937.75,322.02125318059365,1019.0,1395,833.0,504.0
s1022,1,0,4,938.0,0.0,,938,,
BRD-K72238567,4,0,4,939.0,330.1158887421204,1197.0,1334,620.0,605.0
sericetin dimethyl ether,3,0,4,939.0,519.0574791549262,825.0,1624,,368.0
s1042,4,0,4,939.5,308.04098753250355,1338.0,1137,596.0,687.0
s1019,3,0,4,940.6666666666666,721.4801144560781,633.0,1937,,252.0
BRD-K76079827,2,0,4,941.0,523.0,418.0,1464,,
BRD-K51454562,1,0,4,943.0,0.0,,943,,
BRD-K82857306,1,0,4,945.0,0.0,,945,,
vu0415555-1,1,0,4,948.0,0.0,,948,,
nylidrin hydrochloride,2,0,4,948.5,9.5,958.0,939,,
w-13 hydrochloride,2,0,4,948.5,615.5,333.0,1564,,
sr 57227 hydrochloride,1,0,4,949.0,0.0,,949,,
mk-0591,4,0,4,951.25,359.9738705795186,1095.0,1469,694.0,547.0
KIN001-260;,2,0,4,951.5,3.5,948.0,955,,
BRD-K04363266,2,0,4,952.5,109.5,843.0,1062,,
alvocidib,4,0,4,953.25,613.5284732593916,1133.0,1864,251.0,565.0
BRD-K00824317 (flurandrenolide),3,0,4,953.3333333333334,311.13805438886595,1248.0,1089,523.0,
BRD-K30381384,2,0,4,954.5,1.5,953.0,956,,
BRD-K01614657,3,0,4,956.0,396.90804980498945,968.0,1436,,464.0
diflorasone diacetate,1,0,4,957.0,0.0,,957,,
ncgc00182609-01,4,0,4,959.25,715.2357565865957,731.0,2169,625.0,312.0
s1017,3,0,4,959.6666666666666,250.90945688745086,1243.0,1003,,633.0
ncgc00186073-01,2,0,4,960.5,139.5,821.0,1100,,
s1011,3,0,4,960.6666666666666,484.13519691186355,887.0,1587,,408.0
remacemide hydrochloride,3,0,4,961.6666666666666,478.02812562535365,1636.0,666,583.0,
BRD-K96083840,2,0,4,962.5,172.5,790.0,1135,,
protein tyrosine phosphatase inhibitor iv,4,0,4,963.0,458.11516019446464,1220.0,1577,435.0,620.0
selamectin,4,0,4,963.25,445.5100307512728,1210.0,1565,465.0,613.0
PI-103,4,0,4,967.75,600.099731294724,1205.0,1818,237.0,611.0
bvt 948,4,0,4,967.75,426.94810867364197,1035.0,1632,691.0,513.0
fluvastatin,2,0,4,968.0,726.0,242.0,1694,,
imd 0354,4,0,4,969.25,461.77449853797685,1119.0,1660,540.0,558.0
cabozantinib,3,0,4,969.3333333333334,302.4988521557653,1371.0,896,641.0,
AGK-2,3,0,4,969.6666666666666,421.00699387170386,999.0,1470,440.0,
BRD-K03736784,3,0,4,970.6666666666666,285.4614198490266,1367.0,839,,706.0
peitc,4,0,4,972.0,641.5457894803768,725.0,2031,825.0,307.0
arp 101,4,0,4,972.25,413.07588588539033,1321.0,1431,458.0,679.0
s(-)-timolol,2,0,4,973.0,912.0,61.0,1885,,
pi 103 hydrochloride,4,0,4,973.5,762.739306709704,853.0,2254,400.0,387.0
dihydro-beta-tubaic acid,3,0,4,973.6666666666666,801.6293130590694,2042.0,111,768.0,
BRD-K41859756,4,0,4,975.5,380.6011692047201,1312.0,1391,526.0,673.0
BRD-A32449311,2,0,4,977.5,175.5,1153.0,802,,
7b-cis,4,0,4,979.0,416.0546839058539,1136.0,1589,623.0,568.0
am 404,2,0,4,979.0,298.0,1277.0,681,,
oxymetazoline hydrochloride,2,0,4,979.0,724.0,255.0,1703,,
pha 665752,2,0,4,979.0,352.0,627.0,1331,,
AS-601245,4,0,4,979.25,447.07738424125193,1009.0,1687,724.0,497.0
palda,3,0,4,980.6666666666666,330.5413068824463,1075.0,1330,,537.0
BRD-K05649647,4,0,4,981.25,276.247511301007,1360.0,1130,734.0,701.0
a-275,3,0,4,981.3333333333334,333.3689980920375,1073.0,1336,,535.0
"2,4-dideoxy-dc-45-a2",4,0,4,984.5,360.6303509135081,1357.0,1326,557.0,698.0
BRD-K58347372,3,0,4,985.0,440.2431146537104,1494.0,1041,420.0,
ncgc00182382-01,4,0,4,985.75,506.7259491085887,1488.0,1430,258.0,767.0
yk 4-279,3,0,4,986.0,414.37261814297847,987.0,1493,,478.0
BRD-K50234570,4,0,4,987.25,424.8802037045266,1169.0,1599,591.0,590.0
bl-008,3,0,4,987.6666666666666,386.37143901806314,1092.0,1400,471.0,
prestw-550,4,0,4,988.0,631.2491584152806,1780.0,1254,49.0,869.0
piplartine,4,0,4,988.25,352.97831024016193,1103.0,1497,803.0,550.0
(s)-(-)-bay k 8644,2,0,4,990.0,139.0,851.0,1129,,
GSK-690693,4,0,4,990.75,524.5700024782202,1010.0,1838,617.0,498.0
hy-50898,1,0,4,991.0,0.0,,991,,
BRD-K47635719 (dexamethasone acetate),3,0,4,992.3333333333334,304.83911968264323,1422.0,808,747.0,
mls-0435555.0001,2,0,4,992.5,555.5,1548.0,437,,
BRD-K97534490,2,0,4,993.5,420.5,573.0,1414,,
delta1-hydrocortisone 21-hemisuccinate,2,0,4,993.5,290.5,1284.0,703,,
BMS-387032,4,0,4,994.5,648.6530274345446,1137.0,1985,287.0,569.0
BRD-K60297835,1,0,4,995.0,0.0,,995,,
geldanamycin,4,0,4,995.0,426.7710158855683,1413.0,1403,430.0,734.0
prednisolone hemisuccinate,3,0,4,995.0,460.73926104323544,951.0,1580,,454.0
nnc 55-0396 dihydrochloride,4,0,4,995.75,307.17859219027616,1324.0,1281,697.0,681.0
gr 127935 hydrochloride,4,0,4,996.25,386.34529568767886,1659.0,689,808.0,829.0
cct 018159,3,0,4,996.6666666666666,688.722650193014,735.0,1940,,315.0
ncgc00181736-02,3,0,4,996.6666666666666,597.2248785470642,824.0,1799,,367.0
BRD-K70831943,2,0,4,997.0,126.0,1123.0,871,,
BRD-K53638321,1,0,4,998.0,0.0,,998,,
BRD-A61858259,2,0,4,998.5,120.5,878.0,1119,,
erk inhibitor 11e,4,0,4,998.5,714.4209193465712,645.0,2167,922.0,260.0
"l-701,324",2,0,4,999.0,319.0,680.0,1318,,
BRD-K80094086,1,0,4,1000.0,0.0,,1000,,
daunorubicin hydrochloride,4,0,4,1001.75,589.2216794212515,1377.0,1720,196.0,714.0
BRD-U82589721,4,0,4,1002.0,473.7071880391937,1304.0,1607,428.0,669.0
ncgc00182371-01,4,0,4,1002.0,654.0118500455477,1206.0,1961,229.0,612.0
"l-732,138",3,0,4,1002.3333333333334,359.5982325997847,1070.0,1405,,532.0
t5212475,4,0,4,1002.75,467.96494259719924,1032.0,1747,721.0,511.0
dg-041,4,0,4,1003.5,358.3332945736413,1237.0,1467,681.0,629.0
tipifarnib-p1,2,0,4,1004.0,123.0,881.0,1127,,
BRD-K73261812,4,0,4,1004.5,388.47425912150214,1230.0,1527,635.0,626.0
1495-0136,3,0,4,1004.6666666666666,400.8077954442614,1109.0,1435,470.0,
BRD-K78167523,2,0,4,1005.0,184.0,1189.0,821,,
BRD-K34968258,2,0,4,1006.0,383.0,623.0,1389,,
t5323840,4,0,4,1006.0,599.0504987060774,1390.0,1731,180.0,723.0
PHA-793887,4,0,4,1006.25,346.1433048608625,1404.0,1290,601.0,730.0
thiophene-2-carboxylic acid benzothiazol-2-ylamide mls-0446110.0001,1,0,4,1008.0,0.0,,1008,,
ncgc00185087-01,4,0,4,1008.5,581.5249349769965,1380.0,1719,218.0,717.0
BRD-A50774520,3,0,4,1008.6666666666666,567.39776367397,1099.0,1654,273.0,
BRD-K74711637,1,0,4,1009.0,0.0,,1009,,
BRD-K95138506,3,0,4,1009.3333333333334,317.47895818288316,1140.0,1316,,572.0
seneciphylline,1,0,4,1010.0,0.0,,1010,,
BRD-A43087975,1,0,4,1011.0,0.0,,1011,,
hemado,3,0,4,1011.3333333333334,401.3480063762896,900.0,1549,585.0,
mls-0390945.0001,2,0,4,1012.0,475.0,1487.0,537,,
BRD-K03814443,2,0,4,1013.5,42.5,1056.0,971,,
BRD-K69852452,3,0,4,1014.3333333333334,366.0330889717789,1077.0,1428,,538.0
np-000732,3,0,4,1014.3333333333334,479.79463199257333,1450.0,1247,346.0,
BRD-K65242613,2,0,4,1014.5,136.5,1151.0,878,,
clomid,1,0,4,1015.0,0.0,,1015,,
BRD-K06765193,3,0,4,1016.3333333333334,267.4201853928674,1346.0,1012,,691.0
BRD-K83355732,2,0,4,1016.5,42.5,1059.0,974,,
ncgc00183412-01,3,0,4,1016.6666666666666,416.41992694341076,1020.0,1525,,505.0
BRD-K65955264,4,0,4,1018.5,620.4439942492795,1191.0,1949,333.0,601.0
mirtazepine,2,0,4,1019.0,124.0,895.0,1143,,
BRD-K07061353,4,0,4,1019.25,569.589929247349,1387.0,1716,252.0,722.0
BRD-K23149109,2,0,4,1019.5,406.5,1426.0,613,,
GSK-1070916,4,0,4,1019.5,604.5504528159746,995.0,2013,584.0,486.0
1-benzylimidazole,1,0,4,1020.0,0.0,,1020,,
WZ-3105,4,0,4,1020.5,563.5856190500251,1105.0,1909,517.0,551.0
BRD-K88569143,2,0,4,1021.0,711.0,310.0,1732,,
BRD-A11087911,3,0,4,1022.0,390.39467209479176,1060.0,1480,,526.0
stock1n-27488,3,0,4,1024.3333333333333,340.0013071870296,1505.0,795,,773.0
triamcinolone diacetate,3,0,4,1024.3333333333333,313.8325809868836,1464.0,857,752.0,
PF-431396,4,0,4,1024.75,510.01096801931624,1342.0,1677,391.0,689.0
mdv3100,1,0,4,1025.0,0.0,,1025,,
pheniramine maleate,2,0,4,1025.5,220.5,805.0,1246,,
BRD-K08463963,2,0,4,1027.5,147.5,880.0,1175,,
sb 202190,2,0,4,1027.5,597.5,430.0,1625,,
kuc104131 kuc104131n,1,0,4,1028.0,0.0,,1028,,
niguldipine hydrochloride,4,0,4,1028.25,334.20156717166964,1428.0,1287,659.0,739.0
WZ-4002,4,0,4,1029.25,375.14822070749585,1135.0,1578,837.0,567.0
BRD-K06666320,4,0,4,1029.5,316.89864310217547,1157.0,1449,929.0,583.0
BRD-K10554164,2,0,4,1030.5,540.5,490.0,1571,,
ag-490,1,0,4,1031.0,0.0,,1031,,
ncgc00183690-01,4,0,4,1031.25,400.88363336509514,1222.0,1596,686.0,621.0
BRD-K52522949,3,0,4,1032.6666666666667,985.3528414848267,508.0,2413,,177.0
4-demethoxydaunorubicin hydrochloride (65),4,0,4,1032.75,386.9911982203213,1281.0,1537,660.0,653.0
antimycin a,1,0,4,1033.0,0.0,,1033,,
forskolin,3,0,4,1033.0,450.265107094328,1007.0,1597,,495.0
BRD-K68174511,4,0,4,1035.0,655.879180947223,1046.0,2102,473.0,519.0
fccp,4,0,4,1036.0,260.3939323409822,1375.0,1189,867.0,713.0
imodium,4,0,4,1036.0,395.4800879943262,1619.0,1149,564.0,812.0
intropin,1,0,4,1037.0,0.0,,1037,,
rottlerin ncgc00025228-11,4,0,4,1037.25,376.2415281438241,1271.0,1532,700.0,646.0
finasteride,2,0,4,1037.5,294.5,743.0,1332,,
BRD-K59488055,1,0,4,1038.0,0.0,,1038,,
angiogenesis inhibitor,4,0,4,1039.25,331.75244912434334,1180.0,1489,892.0,596.0
XMD-1499,4,0,4,1039.5,678.5184227417852,1160.0,2091,322.0,585.0
nelfinavir,3,0,4,1040.3333333333333,338.09794767525904,1155.0,1385,,581.0
SB590885,4,0,4,1040.5,469.7624399630094,1348.0,1638,484.0,692.0
BRD-K77547920,4,0,4,1040.75,290.3122241656386,1241.0,1377,914.0,631.0
RAF 265,4,0,4,1041.0,498.49222661943287,1294.0,1728,481.0,661.0
AT-7519,4,0,4,1041.25,572.6676064699312,1283.0,1853,374.0,655.0
bufalin,4,0,4,1041.5,334.042287742136,1368.0,1383,708.0,707.0
ncgc00181921-02,1,0,4,1043.0,0.0,,1043,,
le 135,4,0,4,1043.5,455.3814335257862,1308.0,1652,543.0,671.0
spironolactone,2,0,4,1044.0,446.0,598.0,1490,,
BRD-K45435259,2,0,4,1045.5,388.5,1434.0,657,,
BRD-K22631935,3,0,4,1045.6666666666667,494.33749155365064,983.0,1680,,474.0
BMS509744,4,0,4,1046.5,273.599616227801,1439.0,1159,845.0,743.0
zk 93423,2,0,4,1047.5,757.5,290.0,1805,,
kf 38789,3,0,4,1047.6666666666667,323.46698268739715,1190.0,1353,,600.0
BRD-K88198340,4,0,4,1048.0,403.8731236415714,1192.0,1639,759.0,602.0
salermide,4,0,4,1049.5,395.87276996530085,1264.0,1591,702.0,641.0
amiodarone hydrochloride,3,0,4,1049.6666666666667,596.8837593888966,891.0,1847,,411.0
ZSTK-474,4,0,4,1050.25,497.73706663257457,1452.0,1606,395.0,748.0
hy-10992,4,0,4,1051.0,788.5832232554786,1331.0,2160,29.0,684.0
epirubicin hydrochloride,4,0,4,1053.5,651.5675329541828,1314.0,1973,253.0,674.0
er 27319 maleate,4,0,4,1053.5,408.26737562533697,1500.0,1404,539.0,771.0
s1064,2,0,4,1053.5,127.5,926.0,1181,,
ncgc00184891-01,1,0,4,1056.0,0.0,,1056,,
BRD-K48654774,2,0,4,1056.5,728.5,328.0,1785,,
ro 31-8220 mesylate,4,0,4,1058.0,675.6119448322387,1402.0,1945,157.0,728.0
ag 957,3,0,4,1059.3333333333333,284.17170083517385,1290.0,1229,,659.0
jjt-705,2,0,4,1059.5,23.5,1083.0,1036,,
paroxetine hydrochloride,4,0,4,1060.25,619.8493264495817,1246.0,1984,376.0,635.0
"tamoxifen, 4-hydroxy-, (z)-",4,0,4,1065.25,864.7402427897061,1174.0,2407,88.0,592.0
digitoxin,4,0,4,1065.5,335.86492820775436,1212.0,1518,917.0,615.0
wortmannin,4,0,4,1066.25,527.92109969199,1186.0,1881,599.0,599.0
bl-077,2,0,4,1066.5,350.5,716.0,1417,,
gw 7647,4,0,4,1067.5,586.8434629439098,872.0,2009,990.0,399.0
naloxone benzoylhydrazone,1,0,4,1069.0,0.0,,1069,,
mek1/2 inhibitor,3,0,4,1070.3333333333333,417.94125052319123,1207.0,1500,504.0,
BRD-K10846167,2,0,4,1070.5,935.5,135.0,2006,,
methotrimeprazine maleat salt,2,0,4,1071.0,36.0,1107.0,1035,,
LDN-193189,4,0,4,1071.25,612.8814628457937,1122.0,2054,549.0,560.0
niclosamide,4,0,4,1072.5,415.05511682185056,1319.0,1627,667.0,677.0
BRD-K19220233,4,0,4,1072.75,505.4326735580121,1311.0,1783,525.0,672.0
t5220758,2,0,4,1073.0,99.0,974.0,1172,,
wiskostatin,3,0,4,1073.0,438.7079514513803,1681.0,876,662.0,
BRD-K43620258,4,0,4,1073.25,393.66634031880346,1227.0,1640,801.0,625.0
deguelin(-),2,0,4,1075.5,351.5,724.0,1427,,
BRD-K39757396,2,0,4,1076.0,353.0,723.0,1429,,
BRD-K54256913,4,0,4,1076.0,423.71275647542166,1470.0,1517,559.0,758.0
bapta-am,3,0,4,1076.0,675.6345165842255,850.0,1993,,385.0
trifluoperazine dihydrochloride,4,0,4,1076.0,385.9546605496557,1727.0,985,737.0,855.0
chloroxine,3,0,4,1076.3333333333333,279.00935866422515,1349.0,1187,,693.0
BRD-K61359235,1,0,4,1077.0,0.0,,1077,,
valproic acid,2,0,4,1078.5,124.5,1203.0,954,,
skatole,3,0,4,1078.6666666666667,598.3178270971225,1394.0,1601,241.0,
BRD-A68065211,4,0,4,1078.75,322.2626064252569,1279.0,1481,904.0,651.0
embelin,2,0,4,1079.0,45.0,1124.0,1034,,
11k-629s,2,0,4,1079.5,428.5,651.0,1508,,
ncgc00182380-01,3,0,4,1079.6666666666667,320.5061968546353,1242.0,1365,,632.0
nintedanib,4,0,4,1079.75,541.3018450919967,1466.0,1725,371.0,757.0
BRD-K41925105,2,0,4,1081.5,173.5,1255.0,908,,
bntx maleate,4,0,4,1082.0,537.0898435085139,1847.0,1223,366.0,892.0
BRD-A43155244,3,0,4,1082.6666666666667,311.3522478194468,1269.0,1335,,644.0
stk249718,2,0,4,1083.0,239.0,844.0,1322,,
aloisine a,2,0,4,1083.5,18.5,1065.0,1102,,
tranilast,3,0,4,1083.6666666666667,189.00852420518558,1101.0,1306,844.0,
WYE-125132,4,0,4,1084.5,633.9027922323737,1275.0,2029,385.0,649.0
s1362,3,0,4,1085.6666666666667,899.0370156759707,655.0,2337,,265.0
ibrutinib,4,0,4,1085.75,470.514279804556,1892.0,833,713.0,905.0
BRD-K99502566,1,0,4,1086.0,0.0,,1086,,
lylamine hydrochloride,3,0,4,1090.0,284.8484977433911,1352.0,1224,,694.0
BRD-K58853583,3,0,4,1090.3333333333333,1002.1913767118311,565.0,2493,,213.0
sb 225002,4,0,4,1091.25,267.61574598666647,1403.0,1285,948.0,729.0
ei-215,4,0,4,1092.25,414.1722920476453,1416.0,1585,633.0,735.0
puromycin dihydrochloride,4,0,4,1092.75,529.0308946555012,1274.0,1878,571.0,648.0
sb 205384,1,0,4,1093.0,0.0,,1093,,
BRD-K01436366,4,0,4,1093.75,309.31405965458475,1306.0,1460,939.0,670.0
v4877,3,0,4,1094.0,743.3133031680966,812.0,2112,,358.0
emd 386088 hydrochloride,1,0,4,1095.0,0.0,,1095,,
radicicol,4,0,4,1095.0,392.1115912594271,1299.0,1634,782.0,665.0
torin-1,4,0,4,1095.5,574.4516950971596,1486.0,1792,338.0,766.0
BRD-K81795824,4,0,4,1095.75,659.664071706198,1287.0,2080,359.0,657.0
diphenoxylate,1,0,4,1099.0,0.0,,1099,,
ncgc00182357-01,4,0,4,1099.5,402.1184526977095,1411.0,1582,673.0,732.0
BRD-K68007270,3,0,4,1102.6666666666667,420.05740348459784,1139.0,1598,,571.0
estradiol,4,0,4,1103.5,340.71725814816017,1454.0,1434,777.0,749.0
vinblastine sulfate,4,0,4,1103.5,336.50445762277803,1577.0,1266,779.0,792.0
serdemetan,4,0,4,1104.25,871.4204998162483,959.0,2569,431.0,458.0
(e)-capsaicin,2,0,4,1105.5,115.5,1221.0,990,,
parthenolide,4,0,4,1106.25,292.46655791731126,1355.0,1410,963.0,697.0
KIN001-055,4,0,4,1107.5,890.8009036816252,972.0,2601,389.0,468.0
BRD-K59962020,3,0,4,1108.3333333333333,347.9198502848353,1540.0,1097,688.0,
BRD-A67438293,1,0,4,1109.0,0.0,,1109,,
BRD-K55827386,2,0,4,1109.0,262.0,847.0,1371,,
pac 1,4,0,4,1109.0,501.2090382265667,1585.0,1605,450.0,796.0
BRD-K56593336,2,0,4,1109.5,672.5,437.0,1782,,
oligomycin c,2,0,4,1109.5,143.5,966.0,1253,,
BRD-K56343971,4,0,4,1109.75,354.2508821442792,1385.0,1533,800.0,721.0
BRD-A00420644,3,0,4,1111.3333333333333,289.45043713139484,1465.0,1113,,756.0
ncgc00183696-01,4,0,4,1111.75,418.21906639941704,1134.0,1737,1010.0,566.0
lidoflazine,2,0,4,1114.0,135.0,979.0,1249,,
BRD-K82837433,4,0,4,1114.75,769.9981736991328,1329.0,2252,195.0,683.0
BRD-K61175124,1,0,4,1115.0,0.0,,1115,,
THZ-2-98-01,4,0,4,1115.25,484.7975737356779,1396.0,1763,578.0,724.0
bh3i-1,2,0,4,1116.0,47.0,1069.0,1163,,
axon1408,3,0,4,1116.3333333333333,988.7818543822269,612.0,2498,,239.0
mibefradil dihydrochloride,3,0,4,1116.3333333333333,387.67024933856123,1198.0,1545,,606.0
AZD-6482,4,0,4,1119.0,467.314134175289,1432.0,1713,590.0,741.0
pivmecillinam hydrochloride,2,0,4,1120.5,152.5,1273.0,968,,
ku 0060648 trihydrochloride,4,0,4,1121.75,614.8773759864645,1025.0,2138,816.0,508.0
pd 123319 ditrifluoroacetate,2,0,4,1122.5,130.5,1253.0,992,,
bithionate sodium,4,0,4,1123.0,316.5683180610467,1522.0,1342,851.0,777.0
s1028,1,0,4,1123.0,0.0,,1123,,
BRD-A05565054,2,0,4,1124.5,256.5,868.0,1381,,
BRD-K71670746,1,0,4,1128.0,0.0,,1128,,
BRD-K72864428,2,0,4,1129.0,527.0,602.0,1656,,
BRD-K79404599,2,0,4,1129.0,192.0,937.0,1321,,
pi 828,4,0,4,1129.75,376.102628945877,1280.0,1655,932.0,652.0
BRD-K19295594,4,0,4,1130.0,716.6453097592979,1370.0,2170,271.0,709.0
calcipotriol,3,0,4,1131.0,389.9367470073405,1215.0,1561,,617.0
gr 103691,2,0,4,1132.0,191.0,941.0,1323,,
amyleine hydrochloride,2,0,4,1133.0,867.0,266.0,2000,,
tpl2,2,0,4,1135.5,91.5,1044.0,1227,,
BRD-K59470558,3,0,4,1136.0,804.3171016458621,809.0,2243,,356.0
teniposide,4,0,4,1137.25,417.23457131450647,1282.0,1745,868.0,654.0
ncgc00186542-01,2,0,4,1138.5,375.5,763.0,1514,,
bambuterol hydrochloride,1,0,4,1139.0,0.0,,1139,,
hymecromone,2,0,4,1139.5,600.5,539.0,1740,,
pp 2,2,0,4,1139.5,25.5,1165.0,1114,,
arecaidine propargyl ester tosylate,1,0,4,1140.0,0.0,,1140,,
kirromycin,2,0,4,1140.0,1048.0,92.0,2188,,
strophanthidin,3,0,4,1141.0,656.8109824497964,946.0,2025,,452.0
XMD-1150,4,0,4,1141.25,516.3522901082167,1379.0,1872,598.0,716.0
dc-45-a2,3,0,4,1143.6666666666667,448.32453522965807,1479.0,1442,510.0,
norethindrone,3,0,4,1146.0,471.2387929701883,1764.0,1053,621.0,
BRD-K34974324,1,0,4,1147.0,0.0,,1147,,
BRD-K12184916,4,0,4,1147.75,453.5319035084522,1354.0,1793,748.0,696.0
BRD-K45399554,4,0,4,1147.75,350.46424567992665,1714.0,1165,864.0,848.0
ncgc00188488-01,2,0,4,1150.0,601.0,549.0,1751,,
BRD-A60245366,3,0,4,1150.3333333333333,613.0548280718637,997.0,1966,,488.0
BRD-K56196992,3,0,4,1151.0,380.1061255316292,1262.0,1551,,640.0
perphenazine,2,0,4,1151.0,35.0,1116.0,1186,,
s1035,2,0,4,1151.5,31.5,1183.0,1120,,
BRD-K01578344,1,0,4,1152.0,0.0,,1152,,
gsk-3b inhibitor viii,3,0,4,1154.6666666666667,782.144629990018,1800.0,1610,54.0,
erythromycin,2,0,4,1157.0,258.0,899.0,1415,,
ncgc00182362-01,4,0,4,1158.25,747.3557971274458,1315.0,2302,341.0,675.0
BRD-K89224880,2,0,4,1159.5,317.5,1477.0,842,,
tgx-115,4,0,4,1159.5,536.464584105978,1526.0,1827,507.0,778.0
BRD-K25311561,2,0,4,1161.0,48.0,1113.0,1209,,
dabrafenib,4,0,4,1161.25,608.4005156966914,1167.0,2149,740.0,589.0
su11652,4,0,4,1163.25,381.9976276104343,1383.0,1671,880.0,719.0
nsc 632839 hydrochloride,4,0,4,1164.0,634.575054662567,1545.0,1976,350.0,785.0
carbamazepine,3,0,4,1164.3333333333333,414.20553137569544,1231.0,1635,,627.0
BRD-K26818574,4,0,4,1164.5,634.3490758249751,1006.0,2208,950.0,494.0
I-BET151,4,0,4,1165.25,348.0096083443674,1550.0,1473,850.0,788.0
BRD-K77480336,3,0,4,1165.6666666666667,274.35419118763656,1291.0,1421,785.0,
BRD-K23282736,2,0,4,1166.5,790.5,376.0,1957,,
methiothepin maleate,2,0,4,1166.5,148.5,1018.0,1315,,
cisapride,1,0,4,1167.0,0.0,,1167,,
GSK-1059615,4,0,4,1168.0,674.17838885565,1579.0,2018,281.0,794.0
ei-293,4,0,4,1168.0,725.6731357849759,1841.0,1836,105.0,890.0
a-1065,4,0,4,1168.5,727.5680380555484,1302.0,2296,409.0,667.0
NVP-BEZ235,4,0,4,1169.0,699.2242129674859,1541.0,2089,262.0,784.0
amoxapine,1,0,4,1169.0,0.0,,1169,,
daunorubicin,4,0,4,1169.25,734.3270303481958,1567.0,2123,197.0,790.0
pelitinib,4,0,4,1170.0,349.4331123405451,1686.0,1296,859.0,839.0
gw 3965 hydrochloride,3,0,4,1170.3333333333333,331.3209253209878,1364.0,1443,,704.0
phensuximide,2,0,4,1170.5,363.5,807.0,1534,,
sdm25n hydrochloride,2,0,4,1170.5,645.5,525.0,1816,,
BRD-K52321331,3,0,4,1172.0,310.38470752707303,1546.0,1184,,786.0
BRD-K40175214,4,0,4,1172.5,631.0715094187029,1589.0,1951,352.0,798.0
ag 494,3,0,4,1172.6666666666667,414.00912496653444,1438.0,1492,588.0,
hy-50940,3,0,4,1173.6666666666667,329.00084430827155,1372.0,1439,,710.0
ncgc00188740-01,3,0,4,1174.0,733.2753007340876,919.0,2172,,431.0
BRD-U86922168,4,0,4,1174.5,466.07536944146705,1506.0,1755,663.0,774.0
hy-50877,3,0,4,1175.0,504.7263284857118,1142.0,1809,,574.0
terbinafine hcl,2,0,4,1177.0,358.0,1535.0,819,,
GDC-0941,4,0,4,1178.75,710.7500879352742,1813.0,1870,154.0,878.0
AZD-8055,4,0,4,1179.25,670.4671412530222,1420.0,2153,407.0,737.0
BRD-K01868942,1,0,4,1180.0,0.0,,1180,,
nsc 693868,2,0,4,1180.5,47.5,1228.0,1133,,
BRD-K31342827,4,0,4,1180.75,459.388928360273,1303.0,1871,881.0,668.0
s1249,4,0,4,1181.75,702.5124109223979,1485.0,2161,316.0,765.0
BRD-K05562558,1,0,4,1182.0,0.0,,1182,,
buparlisib,4,0,4,1182.75,636.1157029188951,1604.0,1967,357.0,803.0
BRD-K96433222,1,0,4,1183.0,0.0,,1183,,
r2146,3,0,4,1183.0,448.0855573064888,1217.0,1714,,618.0
BRD-K60067222,2,0,4,1185.0,525.0,1710.0,660,,
BRD-K93568044 (hydrocortisone),1,0,4,1185.0,0.0,,1185,,
BRD-K60219430,3,0,4,1186.6666666666667,365.04094138724895,1332.0,1543,,685.0
calyculin a,3,0,4,1186.6666666666667,314.1011868101672,1440.0,1376,,744.0
sch 442416,2,0,4,1188.0,90.0,1098.0,1278,,
pd 198306,4,0,4,1188.5,421.8308310211571,1378.0,1784,877.0,715.0
BRD-A83124583,4,0,4,1188.75,542.5524744206775,1698.0,1733,479.0,845.0
arctigenin,1,0,4,1191.0,0.0,,1191,,
yo-2,3,0,4,1192.6666666666667,467.91832145744786,1310.0,1698,570.0,
BRD-K83194053,3,0,4,1194.6666666666667,433.82510556930913,1252.0,1695,,637.0
BRD-K73125384,1,0,4,1195.0,0.0,,1195,,
BRD-K05197617,1,0,4,1196.0,0.0,,1196,,
ac-1121,2,0,4,1197.5,989.5,208.0,2187,,
ei-263,3,0,4,1197.6666666666667,1052.6260283479387,658.0,2669,,266.0
BRD-K89843224,1,0,4,1199.0,0.0,,1199,,
km00799,2,0,4,1200.5,852.5,348.0,2053,,
BRD-K64525051,1,0,4,1201.0,0.0,,1201,,
np-004527,2,0,4,1201.0,154.0,1047.0,1355,,
XMD-892,4,0,4,1201.25,401.70908316840433,1445.0,1729,886.0,745.0
fluocinolone acetonide,4,0,4,1202.25,901.2758664804023,1435.0,2532,100.0,742.0
t0518-4011,2,0,4,1202.5,39.5,1163.0,1242,,
carbazol-9-yl-p-tolyl-methanone,3,0,4,1203.0,614.031486706233,1615.0,1659,335.0,
modafinil,2,0,4,1203.0,448.0,755.0,1651,,
BRD-K45818044,3,0,4,1203.3333333333333,766.3046971596148,1034.0,2215,361.0,
afatinib,4,0,4,1204.75,516.7375421817153,1616.0,1806,587.0,810.0
BRD-K06436323,1,0,4,1205.0,0.0,,1205,,
roscovitine,4,0,4,1205.5,567.7378356248595,1796.0,1707,444.0,875.0
BX-912,4,0,4,1206.25,618.7812113340224,1211.0,2210,790.0,614.0
BRD-K03829970,3,0,4,1207.3333333333333,321.9361565417729,1460.0,1409,,753.0
np-001821,2,0,4,1208.0,117.0,1325.0,1091,,
dacomitinib,4,0,4,1208.75,547.4926369367902,1625.0,1857,537.0,816.0
norpramin,2,0,4,1209.0,116.0,1093.0,1325,,
metixene hydrochloride,2,0,4,1210.0,51.0,1159.0,1261,,
vu0415113-1,1,0,4,1210.0,0.0,,1210,,
clobetasol propionate,3,0,4,1210.3333333333333,607.5636226400949,1080.0,2011,,540.0
JNK-IN-5A,4,0,4,1211.5,681.6217792881914,1531.0,2152,384.0,779.0
SYK-inhibitor,4,0,4,1211.5,727.1879055649922,1078.0,2427,802.0,539.0
BRD-K16541732,2,0,4,1212.5,505.5,1718.0,707,,
vu0415556-1,1,0,4,1215.0,0.0,,1215,,
INK-128,4,0,4,1215.25,750.5945560021069,1559.0,2244,269.0,789.0
mocetinostat,4,0,4,1215.75,659.7936704000729,1447.0,2183,486.0,747.0
raclopride,1,0,4,1216.0,0.0,,1216,,
s1018,4,0,4,1216.5,395.44816348037324,1658.0,1563,817.0,828.0
BRD-K89696951,1,0,4,1217.0,0.0,,1217,,
gbr 13069 dihydrochloride,2,0,4,1217.5,90.5,1127.0,1308,,
vu0418939-2,4,0,4,1219.0,533.7925627057762,1534.0,1929,632.0,781.0
gyki 52466 hydrochloride,1,0,4,1220.0,0.0,,1220,,
hy-11006,4,0,4,1220.0,469.8047466767444,1520.0,1833,751.0,776.0
BI-2536,4,0,4,1221.0,519.897586068641,1588.0,1868,631.0,797.0
medroxyprogesterone 17-acetate,1,0,4,1221.0,0.0,,1221,,
bromocriptine mesylate,2,0,4,1222.0,527.0,1749.0,695,,
rhamnetin,3,0,4,1222.0,588.0821938017394,2037.0,671,958.0,
ncgc00181801-01,2,0,4,1222.5,330.5,892.0,1553,,
lonidamine,4,0,4,1225.5,589.0969784339417,1335.0,2145,736.0,686.0
iopanoic acid,3,0,4,1225.6666666666667,556.1788281559168,1156.0,1939,,582.0
anisomycin,4,0,4,1225.75,728.9785233461957,984.0,2433,1011.0,475.0
A443654,4,0,4,1227.0,699.7295906276938,1578.0,2175,362.0,793.0
tozasertib,4,0,4,1227.0,605.2065763026704,1278.0,2194,786.0,650.0
brazilin,3,0,4,1228.0,416.6245312028566,1320.0,1686,,678.0
BRD-K54687541,3,0,4,1231.6666666666667,902.9825887333352,836.0,2481,,378.0
BMS-345541,4,0,4,1231.75,714.9543254642215,1631.0,2165,314.0,817.0
BRD-U86222656,3,0,4,1232.0,330.3846243395718,1618.0,1267,,811.0
GDC-0980,4,0,4,1232.0,646.3381467931473,1667.0,2027,401.0,833.0
BRD-K63068307,4,0,4,1232.75,579.9984374978953,1915.0,1649,456.0,911.0
BRD-K42499654,3,0,4,1233.6666666666667,494.79715260116666,1233.0,1840,628.0,
gs39783,1,0,4,1234.0,0.0,,1234,,
torin-2,4,0,4,1234.25,763.2874212903026,1708.0,2179,203.0,847.0
cccp,4,0,4,1234.5,570.3404684922857,1624.0,1947,552.0,815.0
CHIR-99021,4,0,4,1234.75,645.304337115442,1265.0,2276,756.0,642.0
calcitriol,3,0,4,1235.0,516.581068178074,1037.0,1943,725.0,
BRD-K15519488,2,0,4,1236.0,184.0,1052.0,1420,,
BRD-K86027709,1,0,4,1236.0,0.0,,1236,,
BRD-K37798499,4,0,4,1236.25,611.5457362291065,1158.0,2233,970.0,584.0
BRD-A31107743,4,0,4,1236.5,407.4760729171714,1863.0,1333,853.0,897.0
s1095,1,0,4,1237.0,0.0,,1237,,
BRD-A06929388,2,0,4,1238.0,566.0,672.0,1804,,
JWE-035,4,0,4,1238.5,383.41654893861846,1744.0,1476,873.0,861.0
morantel tartrate,2,0,4,1239.0,154.0,1085.0,1393,,
BRD-K61717269,4,0,4,1240.0,576.3492864574398,1609.0,1980,563.0,808.0
thiostrepton,2,0,4,1241.0,203.0,1038.0,1444,,
venlafaxine hcl,1,0,4,1241.0,0.0,,1241,,
PF-562271,4,0,4,1243.75,407.5827369994956,1606.0,1693,871.0,805.0
BRD-A80574334,1,0,4,1244.0,0.0,,1244,,
BRD-K16472144,2,0,4,1244.5,278.5,1523.0,966,,
bendroflumethiazide,2,0,4,1244.5,150.5,1395.0,1094,,
flubendazole,3,0,4,1246.6666666666667,582.2544308309059,1763.0,1544,433.0,
cyclo [arg-gly-asp-d-phe-val],2,0,4,1247.5,436.5,1684.0,811,,
BRD-K91701654,3,0,4,1248.0,695.8165467037031,1043.0,2184,,517.0
olvanil,2,0,4,1248.5,267.5,981.0,1516,,
st056792,2,0,4,1248.5,363.5,1612.0,885,,
BRD-K87964538,2,0,4,1250.0,156.0,1094.0,1406,,
azacitidine,4,0,4,1250.5,474.3313715115204,1647.0,1795,738.0,822.0
CGK-733,4,0,4,1251.25,725.9477856567922,1285.0,2425,639.0,656.0
BRD-K22322324,2,0,4,1254.0,5.0,1249.0,1259,,
testosterone propionate,3,0,4,1254.0,623.6815426695475,1690.0,1700,372.0,
tyrphostin ag 1478,4,0,4,1254.25,513.8075393569075,1836.0,1676,618.0,887.0
ml-7,1,0,4,1255.0,0.0,,1255,,
chemistry 1735,2,0,4,1255.5,951.5,304.0,2207,,
clofarabine,4,0,4,1255.5,469.0130595196684,1475.0,1917,870.0,760.0
clozapine,2,0,4,1255.5,1100.5,155.0,2356,,
bibu 1361 dihydrochloride,2,0,4,1257.5,310.5,947.0,1568,,
nsc 95397,4,0,4,1257.75,440.3744855234009,1869.0,1479,784.0,899.0
methyltestosterone,4,0,4,1259.0,735.9351194229013,1267.0,2458,668.0,643.0
BRD-K07005393,2,0,4,1260.0,9.0,1251.0,1269,,
BRD-K74133369,4,0,4,1260.25,542.3017494900786,1599.0,1970,672.0,800.0
levcromakalim,2,0,4,1261.5,112.5,1149.0,1374,,
ly 225910,2,0,4,1262.0,627.0,635.0,1889,,
irbesartan,4,0,4,1264.0,415.11263531721124,1504.0,1813,967.0,772.0
ncgc00181241-02,2,0,4,1264.5,93.5,1171.0,1358,,
BRD-K91937579,1,0,4,1265.0,0.0,,1265,,
HG-14-10-04,4,0,4,1266.25,667.5591265947909,1746.0,2061,396.0,862.0
formoterol hemifumarate,2,0,4,1267.0,285.0,1552.0,982,,
evista,2,0,4,1268.5,498.5,770.0,1767,,
hydroquinidine,1,0,4,1270.0,0.0,,1270,,
zk 164015,2,0,4,1271.5,416.5,855.0,1688,,
narciclasine,4,0,4,1271.75,578.3988135361275,1244.0,2200,1009.0,634.0
clebopride maleate,1,0,4,1272.0,0.0,,1272,,
NVP-AEW541,4,0,4,1272.5,785.1695676731238,1374.0,2511,493.0,712.0
ei-195,3,0,4,1275.3333333333333,821.6407703829914,1229.0,2304,293.0,
idelalisib,4,0,4,1275.5,621.2457243313631,1829.0,1926,462.0,885.0
kuc103443n,2,0,4,1277.0,376.0,1653.0,901,,
BRD-K39687892,2,0,4,1278.5,59.5,1219.0,1338,,
amsacrine,4,0,4,1278.5,568.2272872715636,1538.0,2086,707.0,783.0
quinacrine dihydrochloride dihydrate,4,0,4,1278.75,693.3568255234818,1637.0,2218,442.0,818.0
BRD-K79382620,3,0,4,1280.6666666666667,444.2179144919254,1309.0,1810,723.0,
PD-173074,4,0,4,1281.75,467.9088452893362,1623.0,1861,829.0,814.0
homoharringtonine,4,0,4,1281.75,689.9084631311606,1129.0,2419,1016.0,563.0
nitrendipine,1,0,4,1284.0,0.0,,1284,,
securinine,3,0,4,1284.6666666666667,704.6655629130429,1082.0,2231,,541.0
sew 05685,3,0,4,1285.0,413.37714821536355,1236.0,1814,805.0,
ag-879,4,0,4,1285.5,613.3422780144867,1344.0,2262,846.0,690.0
BRD-K95495709,1,0,4,1286.0,0.0,,1286,,
vu0418934-2,4,0,4,1286.25,806.5464571244486,1668.0,2382,261.0,834.0
BRD-K84770158,2,0,4,1286.5,166.5,1120.0,1453,,
BRD-K14880289,2,0,4,1287.0,1225.0,62.0,2512,,
CGP-60474,4,0,4,1287.0,709.761579687151,1608.0,2280,453.0,807.0
bms-536924,4,0,4,1287.75,490.706314917589,1689.0,1859,763.0,840.0
ei-286,1,0,4,1288.0,0.0,,1288,,
GDC-0068,4,0,4,1288.25,714.2119345824459,2196.0,1681,309.0,967.0
rhizocarpic acid,2,0,4,1288.5,259.5,1029.0,1548,,
MLN-8054,4,0,4,1289.75,451.5082363589838,1725.0,1757,824.0,853.0
x0379,2,0,4,1290.5,284.5,1575.0,1006,,
XMD16-144,4,0,4,1291.25,436.56693358521784,1674.0,1778,878.0,835.0
BRD-K22630935,1,0,4,1293.0,0.0,,1293,,
sulfaquinoxaline sodium salt,2,0,4,1294.0,164.0,1130.0,1458,,
tg101348,4,0,4,1294.0,467.0444304346215,1495.0,1958,954.0,769.0
aminopurvalanol a,4,0,4,1296.25,456.8699897126096,1536.0,1921,946.0,782.0
oxymetholone,3,0,4,1296.3333333333333,938.8220752032246,625.0,2624,640.0,
abt-751,4,0,4,1297.25,382.64041540328697,1824.0,1496,987.0,882.0
BRD-K84450674,2,0,4,1297.5,193.5,1491.0,1104,,
BRD-K74486276,1,0,4,1298.0,0.0,,1298,,
bisacodyl,3,0,4,1298.6666666666667,613.417385545021,1196.0,2096,,604.0
BRD-K68437527,3,0,4,1299.3333333333333,442.52708642773746,1384.0,1794,,720.0
salmeterol,3,0,4,1299.3333333333333,416.23257387613904,1341.0,1787,770.0,
mls-0435541.0001,2,0,4,1300.0,210.0,1090.0,1510,,
BRD-A25337146,3,0,4,1301.6666666666667,418.56288522620935,1582.0,1613,710.0,
s1252,1,0,4,1302.0,0.0,,1302,,
s1085,4,0,4,1303.0,702.7752129948807,1288.0,2452,814.0,658.0
nifedipine,3,0,4,1303.6666666666667,608.2632836381152,1655.0,1808,448.0,
OSI-930,4,0,4,1306.5,676.6053133105002,1611.0,2261,545.0,809.0
ZM-447439,4,0,4,1307.75,490.42653629264396,1664.0,1916,820.0,831.0
BRD-U25771771,3,0,4,1310.6666666666667,411.70890471572534,1455.0,1727,,750.0
SB-203580,2,0,4,1311.5,745.5,566.0,2057,,
acetopromazine maleate salt,1,0,4,1312.0,0.0,,1312,,
hli 373,4,0,4,1312.5,696.6327942323703,2015.0,1938,353.0,944.0
ossk 647368,3,0,4,1316.0,861.3319143435164,2118.0,1709,121.0,
emetine dihydrochloride hydrate (74),4,0,4,1317.25,696.7615714862582,1646.0,2288,514.0,821.0
BRD-K58679021,2,0,4,1318.0,4.0,1322.0,1314,,
JNK-9L,4,0,4,1318.75,541.3872805118347,1651.0,2034,765.0,825.0
cilnidipine,2,0,4,1323.5,217.5,1106.0,1541,,
chloroquine diphosphate,2,0,4,1324.0,137.0,1187.0,1461,,
BRD-K90826279,3,0,4,1325.0,785.0023354530015,1566.0,2143,266.0,
taxifolin-(+/-),3,0,4,1325.0,488.55774138444133,1904.0,1362,709.0,
kenpaullone,4,0,4,1325.25,475.8478617163263,1715.0,1880,857.0,849.0
c3393m50,3,0,4,1325.3333333333333,347.72530665582696,1626.0,1512,838.0,
BRD-K02113016,4,0,4,1326.5,658.9121716890651,1692.0,2211,561.0,842.0
16-hydroxytriptolide,4,0,4,1326.75,723.6333239286317,1592.0,2383,533.0,799.0
s1455,3,0,4,1327.0,310.9930331481184,1622.0,1462,897.0,
chlormadinone acetate,3,0,4,1327.3333333333333,448.6314993647038,1408.0,1832,742.0,
a8674,2,0,4,1328.5,77.5,1406.0,1251,,
dexamethasone,4,0,4,1331.5,562.6230976417517,1716.0,2044,716.0,850.0
kuc104487 kuc104487n,2,0,4,1331.5,4.5,1336.0,1327,,
hdac6 inhibitor isox,4,0,4,1332.25,672.3356211744251,1446.0,2387,750.0,746.0
PHA-665752,4,0,4,1332.75,517.3143990843479,1644.0,2021,847.0,819.0
floxuridine,3,0,4,1333.0,1018.0671228689524,944.0,2728,327.0,
losartan,2,0,4,1333.5,696.5,637.0,2030,,
XMD-885,4,0,4,1333.75,682.0041697086609,1645.0,2295,575.0,820.0
BRD-K50140147,4,0,4,1334.0,545.2164707710141,1721.0,2015,749.0,851.0
wr 216174,2,0,4,1335.0,371.0,964.0,1706,,
BRD-K10010115,3,0,4,1336.0,387.12358061304747,1547.0,1668,793.0,
evodiamine,2,0,4,1336.0,80.0,1256.0,1416,,
sib 1893,3,0,4,1337.3333333333333,909.5758474268224,1979.0,1982,51.0,
BRD-K72307842,3,0,4,1338.3333333333333,651.5649536990836,1337.0,2137,541.0,
pizotyline malate,1,0,4,1339.0,0.0,,1339,,
ncgc00182608-01,1,0,4,1340.0,0.0,,1340,,
ttnpb,2,0,4,1341.0,149.0,1490.0,1192,,
ay 9944,2,0,4,1341.5,171.5,1170.0,1513,,
zileuton,4,0,4,1341.75,632.0669960534248,1507.0,2307,778.0,775.0
BRD-K62300190,1,0,4,1343.0,0.0,,1343,,
BRD-K23673040,2,0,4,1343.5,183.5,1527.0,1160,,
BRD-K21165668,2,0,4,1344.0,171.0,1173.0,1515,,
AZD-5438,4,0,4,1344.25,721.7660199122705,1665.0,2362,518.0,832.0
15-delta prostaglandin j2,3,0,4,1344.3333333333333,577.8663820949922,1296.0,2075,,662.0
ro 60-0175,2,0,4,1345.0,266.0,1079.0,1611,,
BRD-A77467113,2,0,4,1345.5,879.5,2225.0,466,,
brefeldin a,4,0,4,1345.5,469.26245321781283,1913.0,1704,855.0,910.0
ns3694,2,0,4,1346.0,346.0,1000.0,1692,,
inhibitor bec hydrochloride,3,0,4,1346.6666666666667,523.0387706045849,1359.0,1981,,700.0
hy-10044,4,0,4,1346.75,583.4031089221243,1648.0,2155,761.0,823.0
dmbi,3,0,4,1347.0,374.43379477107385,1826.0,1303,912.0,
"betamethasone 17,21-dipropionate",1,0,4,1348.0,0.0,,1348,,
BRD-K68690198,1,0,4,1350.0,0.0,,1350,,
tl hras24 brd-k93060291,3,0,4,1350.3333333333333,566.9669792461953,1467.0,1979,605.0,
BRD-K06750613,4,0,4,1351.5,638.8229410407863,1691.0,2225,649.0,841.0
"tyrphostin b44, (+) enantiomer",2,0,4,1352.0,469.0,883.0,1821,,
y-27632,1,0,4,1352.0,0.0,,1352,,
JW55,3,0,4,1352.6666666666667,629.4200152168307,1551.0,2005,502.0,
WH-4-025,4,0,4,1352.75,766.5192023035039,1726.0,2404,427.0,854.0
MK-2206,4,0,4,1353.75,519.2395280600274,1921.0,1817,764.0,913.0
dihydrosamidin,3,0,4,1354.0,417.2776853207785,1555.0,1734,773.0,
hy-10459,4,0,4,1354.75,765.6243775507673,1734.0,2400,426.0,859.0
BYL719,4,0,4,1355.0,670.234287395087,1481.0,2401,775.0,763.0
amiloride hydrochloride dihydrate,2,0,4,1355.0,302.0,1053.0,1657,,
pp-30,4,0,4,1355.25,511.17138759911046,1757.0,1965,835.0,864.0
dactinomycin,3,0,4,1356.0,559.4896483999205,1699.0,1802,567.0,
azathioprine,1,0,4,1357.0,0.0,,1357,,
PHA-767491,4,0,4,1358.0,549.3136626737041,1827.0,1978,744.0,883.0
nsc 23766,4,0,4,1358.25,575.0466828875722,1693.0,2130,767.0,843.0
NVP-TAE226,4,0,4,1359.25,763.4616476942375,1489.0,2554,626.0,768.0
cjd-pla-20-1,2,0,4,1360.0,92.0,1268.0,1452,,
kb-r7943 mesylate,2,0,4,1361.0,1083.0,278.0,2444,,
Y-39983,4,0,4,1361.25,759.4874505217318,1677.0,2443,488.0,837.0
cgs 20625,3,0,4,1361.6666666666667,625.5133003293287,1453.0,2078,554.0,
PIK-93,4,0,4,1361.75,589.3943395554456,2045.0,1825,629.0,948.0
BRD-K88551539,3,0,4,1363.0,776.4345862123007,1433.0,2277,379.0,
BRD-K31706415,3,0,4,1363.3333333333333,452.31724363425377,1478.0,1851,,761.0
fr 122047 hydrochloride,3,0,4,1364.6666666666667,665.7979339776361,1334.0,2195,565.0,
ftorafur,3,0,4,1364.6666666666667,615.9190062193424,1553.0,2007,534.0,
hts 10859,3,0,4,1364.6666666666667,375.3268205474027,1410.0,1800,884.0,
BRD-K79222491,4,0,4,1364.75,587.7058681857787,1889.0,2001,665.0,904.0
ro 08-2750,1,0,4,1366.0,0.0,,1366,,
s1352,2,0,4,1366.0,61.0,1427.0,1305,,
s1475,4,0,4,1366.75,926.1213135977381,1728.0,2672,211.0,856.0
GSK-2126458,4,0,4,1368.0,633.7298320262349,1937.0,2041,576.0,918.0
BRD-K71935468,3,0,4,1368.6666666666667,472.0976829240133,1458.0,1897,,751.0
ivermectin,3,0,4,1369.3333333333333,520.9519065027873,1959.0,1457,692.0,
BRD-K95842463,1,0,4,1370.0,0.0,,1370,,
linsitinib,4,0,4,1372.25,635.6439156477469,1852.0,2132,610.0,895.0
BRD-K49094915,1,0,4,1375.0,0.0,,1375,,
BRD-K56515112 (medrysone),3,0,4,1375.3333333333333,585.7612331165509,1417.0,2071,638.0,
BRD-A84909344,3,0,4,1376.0,534.2084487039368,1794.0,1712,622.0,
diethylcarbamazine citrate,2,0,4,1376.5,723.5,653.0,2100,,
rk-682,2,0,4,1376.5,79.5,1456.0,1297,,
triamcinolone acetonide,3,0,4,1376.6666666666667,514.492846295154,1409.0,1990,,731.0
BRD-K12002134,3,0,4,1377.0,513.3699121166595,1736.0,1744,651.0,
mafenide hydrochloride,1,0,4,1378.0,0.0,,1378,,
alaproclate,1,0,4,1379.0,0.0,,1379,,
nafadotride,2,0,4,1379.0,84.0,1295.0,1463,,
BRD-U00779237,4,0,4,1379.25,723.2314204319389,1761.0,2360,530.0,866.0
triciribine,4,0,4,1380.0,522.2791399242363,1650.0,2101,945.0,824.0
BRD-K79235952,2,0,4,1380.5,178.5,1202.0,1559,,
BRD-K05104363,3,0,4,1381.0,420.9734750155485,1583.0,1765,,795.0
BRD-K89558221,2,0,4,1381.5,506.5,875.0,1888,,
mls-0390843.0001,2,0,4,1383.0,238.0,1621.0,1145,,
BRD-K15107389,2,0,4,1383.5,893.5,2277.0,490,,
HG-5-113-01,4,0,4,1384.25,469.41366352077995,1886.0,1820,928.0,903.0
bibx 1382 dihydrochloride,3,0,4,1385.0,521.6825343699621,1412.0,2010,,733.0
5-fluorouracil,1,0,4,1386.0,0.0,,1386,,
BRD-K51189903,2,0,4,1388.0,321.0,1709.0,1067,,
gw 843682x,3,0,4,1388.0,611.1873689794317,1893.0,1743,528.0,
BRD-K10649245,2,0,4,1388.5,307.5,1081.0,1696,,
sq 22536,3,0,4,1389.3333333333333,680.5499410199242,1356.0,2239,573.0,
rs 17053 hydrochloride,4,0,4,1389.75,619.7964887767597,1797.0,2185,701.0,876.0
a3145,2,0,4,1391.5,1.5,1393.0,1390,,
fu jmbii227b,1,0,4,1392.0,0.0,,1392,,
gatifloxacin,2,0,4,1393.5,146.5,1247.0,1540,,
thioguanosine,3,0,4,1395.3333333333333,475.45229927815984,1597.0,1850,739.0,
BRD-K91145395,4,0,4,1397.0,644.1090746139197,1497.0,2408,913.0,770.0
BRD-K87343924 (wortmannin),3,0,4,1398.0,450.0822147119346,1549.0,1858,,787.0
nan-190 hydrobromide,3,0,4,1398.0,705.7265759485043,1333.0,2293,568.0,
BRD-K03122949,2,0,4,1398.5,122.5,1276.0,1521,,
cephalexin monohydrate,2,0,4,1399.0,387.0,1012.0,1786,,
BRD-K49865102,3,0,4,1401.6666666666667,575.9868825666856,1373.0,2121,,711.0
ropinirole hcl,2,0,4,1402.0,513.0,889.0,1915,,
purmorphamine,2,0,4,1402.5,294.5,1697.0,1108,,
emetine,4,0,4,1403.25,678.4505785243314,1401.0,2502,983.0,727.0
BRD-K76698671,2,0,4,1404.0,671.0,2075.0,733,,
naltrexone hydrochloride,3,0,4,1407.3333333333333,1112.289031182493,1376.0,2785,61.0,
BRD-K57678861,2,0,4,1408.0,1056.0,352.0,2464,,
kuc103428n,1,0,4,1408.0,0.0,,1408,,
mt-21,1,0,4,1411.0,0.0,,1411,,
HG-6-64-01,4,0,4,1411.75,646.5850195449938,1895.0,2192,654.0,906.0
alprazolam,1,0,4,1413.0,0.0,,1413,,
stock4s-23872,2,0,4,1413.0,229.0,1184.0,1642,,
leoidin dimethyl ether,2,0,4,1413.5,435.5,978.0,1849,,
BRD-K42543304,2,0,4,1414.0,462.0,952.0,1876,,
NVP-TAE684,4,0,4,1416.25,599.8472201319266,1935.0,2085,728.0,917.0
GW-843682X,4,0,4,1417.75,696.3696486062556,1661.0,2449,731.0,830.0
piperacetazine,3,0,4,1418.0,580.4934682377285,1571.0,2040,643.0,
pp-110,4,0,4,1418.75,528.8106348211995,1851.0,2036,894.0,894.0
benzethonium chloride,2,0,4,1421.0,198.0,1223.0,1619,,
nefazodone hydrochloride,1,0,4,1422.0,0.0,,1422,,
BRD-A51777634,4,0,4,1422.5,685.9054235096847,1462.0,2523,951.0,754.0
lanatoside c,2,0,4,1423.5,401.5,1825.0,1022,,
ncgc00188714-01,2,0,4,1423.5,77.5,1501.0,1346,,
BRD-K19724398,3,0,4,1424.0,649.0747260524015,1327.0,2263,,682.0
dovitinib,4,0,4,1424.25,577.7401556928512,1814.0,2163,841.0,879.0
mycophenolic acid,3,0,4,1424.3333333333333,404.8508641737377,1724.0,1697,,852.0
BRD-K03651937,1,0,4,1425.0,0.0,,1425,,
mosapride,3,0,4,1426.3333333333333,518.5372589205996,1469.0,2039,771.0,
BRD-A95445494,2,0,4,1426.5,194.5,1232.0,1621,,
entinostat,4,0,4,1426.5,794.3458000140745,1605.0,2650,647.0,804.0
hy-13001,2,0,4,1426.5,108.5,1318.0,1535,,
2-chloro-7-methoxyphenothiazine,2,0,4,1427.0,39.0,1388.0,1466,,
XMD11-85H,4,0,4,1429.0,589.8283648655768,1871.0,2148,797.0,900.0
isotretinoin,4,0,4,1429.0,609.5625480621328,1607.0,2347,956.0,806.0
WZ-4-145,4,0,4,1429.25,652.02468319842,1931.0,2205,666.0,915.0
mitoxantrone,4,0,4,1430.25,741.3263029867483,1765.0,2478,611.0,867.0
BRD-K67870070,1,0,4,1432.0,0.0,,1432,,
hydrocortisone,1,0,4,1433.0,0.0,,1433,,
BRD-K53780220,3,0,4,1435.3333333333333,627.003632808898,1365.0,2236,,705.0
BRD-K69569876,2,0,4,1436.5,832.5,2269.0,604,,
prednisolone acetate,3,0,4,1436.6666666666667,665.1903654009295,1398.0,2270,642.0,
GSK-1904529A,4,0,4,1437.0,529.5809664253427,1805.0,2105,961.0,877.0
ly 303511,2,0,4,1438.5,47.5,1391.0,1486,,
BRD-K80348542,4,0,4,1439.25,651.0796322263507,1748.0,2358,788.0,863.0
tivozanib,4,0,4,1440.5,522.1941688682477,1903.0,2019,933.0,907.0
KI20227,2,0,4,1441.5,1049.5,392.0,2491,,
busulfan,2,0,4,1441.5,180.5,1261.0,1622,,
NU-7026,2,0,4,1442.0,613.0,2055.0,829,,
CX-5461,4,0,4,1442.75,652.2389803591932,1680.0,2405,848.0,838.0
mls-0226420,2,0,4,1443.0,180.0,1263.0,1623,,
ncgc00183406-01,3,0,4,1443.6666666666667,557.8149832655587,1576.0,2051,704.0,
dehydroisoandosterone 3-acetate,2,0,4,1445.5,487.5,1933.0,958,,
hy-11001,4,0,4,1445.75,711.5249029373463,1947.0,2323,592.0,921.0
rottlerin,3,0,4,1446.6666666666667,539.6358854717586,1688.0,1953,699.0,
penitrem a,2,0,4,1448.0,728.0,720.0,2176,,
s1057,4,0,4,1448.75,527.96703258821,2085.0,1855,898.0,957.0
practolol,1,0,4,1450.0,0.0,,1450,,
as605240,4,0,4,1451.5,526.0154465412589,1981.0,1974,921.0,930.0
HG-14-8-02,4,0,4,1453.25,802.075238054386,1781.0,2604,558.0,870.0
foretinib,4,0,4,1453.5,610.4303809608431,1909.0,2199,798.0,908.0
pifithrin- a hydrobromide,3,0,4,1454.3333333333333,560.1763611181353,1943.0,1750,670.0,
BX-795,4,0,4,1455.5,621.1531614666386,1731.0,2344,890.0,857.0
hexamethylquercetagetin,1,0,4,1456.0,0.0,,1456,,
l-sulforophane,3,0,4,1456.0,454.8281726835604,1654.0,1887,,827.0
GSK1059615,4,0,4,1456.25,926.7158073001668,1956.0,2677,268.0,924.0
kn-62,3,0,4,1458.3333333333333,680.6165505546342,1820.0,2050,505.0,
trichostatin a,4,0,4,1458.5,642.4256766350486,1676.0,2414,908.0,836.0
imatinib,4,0,4,1462.5,684.7220238899871,1600.0,2525,924.0,801.0
BRD-U29336476,4,0,4,1462.75,654.550752424898,1884.0,2311,754.0,902.0
dm-100,2,0,4,1463.5,870.5,593.0,2334,,
"vegf receptor 3 kinase inhibitor, maz51",2,0,4,1463.5,42.5,1421.0,1506,,
KIN001-043,4,0,4,1465.25,634.6949562585164,1779.0,2354,860.0,868.0
BRD-A11702965,3,0,4,1465.6666666666667,512.6931072505483,1573.0,2033,,791.0
BRD-K08448573,4,0,4,1468.0,604.7416803892386,1795.0,2297,906.0,874.0
BRD-A40431293,3,0,4,1468.6666666666667,415.1227395468585,1839.0,1678,,889.0
BRD-K58214070,3,0,4,1470.3333333333333,420.3747005813848,1930.0,1567,,914.0
pz0013,1,0,4,1471.0,0.0,,1471,,
KIN236,1,0,4,1472.0,0.0,,1472,,
BRD-K96076993,3,0,4,1472.6666666666667,641.378376796585,1400.0,2292,,726.0
regorafenib,4,0,4,1474.0,637.9768804588455,2071.0,2142,729.0,954.0
AZD-7762,4,0,4,1474.5,702.0592923678171,2021.0,2300,630.0,947.0
BIX-01294,3,0,4,1475.0,647.2439004476339,1704.0,2128,593.0,
l-cis-diltiazem,1,0,4,1475.0,0.0,,1475,,
pp 1,3,0,4,1475.0,643.9259791829079,1694.0,2131,600.0,
bi 2536,4,0,4,1475.5,696.8645851239679,1603.0,2562,935.0,802.0
phccc,1,0,4,1477.0,0.0,,1477,,
LY2603618,4,0,4,1478.0,740.4252156700229,1963.0,2420,603.0,926.0
s-8599,2,0,4,1479.0,112.0,1591.0,1367,,
sorafenib,4,0,4,1479.0,705.1038930540661,1822.0,2467,746.0,881.0
BRD-K30804015,2,0,4,1479.5,115.5,1595.0,1364,,
BRD-K77830450 (forskolin),2,0,4,1480.0,581.0,2061.0,899,,
BRD-K89209981,2,0,4,1480.0,94.0,1386.0,1574,,
BRD-K07790824,2,0,4,1480.5,450.5,1030.0,1931,,
BRD-A16820783,3,0,4,1480.6666666666667,808.6368502334998,1821.0,2256,365.0,
DCC-2036,4,0,4,1481.0,724.9541364803707,1942.0,2417,645.0,920.0
ncgc00183226-01,3,0,4,1481.3333333333333,411.0777163613821,1776.0,1768,900.0,
bongkrekic acid,2,0,4,1481.5,329.5,1152.0,1811,,
hy-10180,1,0,4,1482.0,0.0,,1482,,
BRD-A27640568,3,0,4,1483.0,1006.6114775158619,1833.0,2503,113.0,
nilotinib,4,0,4,1483.25,761.5633181160973,1832.0,2559,656.0,886.0
orlistat,2,0,4,1484.0,191.0,1293.0,1675,,
vu0418946-2,4,0,4,1484.25,707.5059628723986,1859.0,2455,727.0,896.0
5-nonyloxytryptamine,3,0,4,1484.6666666666667,782.032536975853,1675.0,2333,446.0,
BRD-K22546959,1,0,4,1485.0,0.0,,1485,,
phenamil,2,0,4,1487.5,88.5,1399.0,1576,,
BRD-K83509924,2,0,4,1488.0,385.0,1873.0,1103,,
kuc104495 kuc104495n,3,0,4,1488.3333333333333,594.0181441299209,1482.0,2219,,764.0
BRD-K45542213,2,0,4,1488.5,57.5,1431.0,1546,,
isoquercitrin,3,0,4,1490.0,920.1489009937468,1629.0,2541,300.0,
donepezil hydrochloride,2,0,4,1491.0,53.0,1544.0,1438,,
flunisolide,4,0,4,1493.25,538.8698242618527,1948.0,2109,994.0,922.0
rucaparib,2,0,4,1495.0,190.0,1305.0,1685,,
BRD-K68038686,2,0,4,1497.0,458.0,1955.0,1039,,
vu0415533-1,2,0,4,1497.5,100.5,1598.0,1397,,
BRD-K85275009,2,0,4,1498.5,713.5,785.0,2212,,
BRD-A68930007 (ouabain),3,0,4,1498.6666666666667,554.1794735362263,1899.0,1882,715.0,
BRD-K57080016,4,0,4,1499.0,581.9531768106434,1989.0,2166,907.0,934.0
pkc-412,3,0,4,1499.3333333333333,528.2867487348977,1902.0,1843,753.0,
BRD-K75081836,4,0,4,1500.0,612.3050710226072,2187.0,2028,819.0,966.0
BRD-U04166717,3,0,4,1500.0,382.8289435243892,1853.0,1679,968.0,
BRD-K36038115,2,0,4,1501.0,171.0,1330.0,1672,,
crizotinib,4,0,4,1501.0,600.0429151319096,1941.0,2242,902.0,919.0
mls-0146291.0001,2,0,4,1501.5,133.5,1635.0,1368,,
fgin-1-27,2,0,4,1502.0,486.0,1988.0,1016,,
paxilline,1,0,4,1504.0,0.0,,1504,,
z-leu3-vs,3,0,4,1504.0,742.8418405017316,1339.0,2485,,688.0
AZ20,4,0,4,1505.5,702.4206360863838,1864.0,2480,780.0,898.0
BRD-U51951544,4,0,4,1506.5,664.4676440580083,1838.0,2435,865.0,888.0
ncgc00185923-01,1,0,4,1507.0,0.0,,1507,,
triclosan,3,0,4,1507.6666666666667,447.0125526450261,2080.0,1454,989.0,
mls-0327420.0002,1,0,4,1509.0,0.0,,1509,,
AT7867,4,0,4,1510.5,696.522971624052,1848.0,2489,812.0,893.0
BRD-A17718497,1,0,4,1511.0,0.0,,1511,,
ed csc 15,3,0,4,1512.3333333333333,725.2431010051426,1643.0,2328,566.0,
YM-201636,4,0,4,1513.5,642.8423212577094,1968.0,2319,840.0,927.0
ON-01910,4,0,4,1514.0,618.55557551444,1993.0,2257,869.0,937.0
u-0126,3,0,4,1516.3333333333333,608.0330765856593,2041.0,1844,664.0,
mitoxantrone dihydrochloride,4,0,4,1517.75,653.9374492258415,1784.0,2466,949.0,872.0
leflunomide,2,0,4,1518.5,7.5,1511.0,1526,,
mitomycin c,4,0,4,1520.5,671.8000074426913,1732.0,2527,965.0,858.0
pik-90,4,0,4,1522.5,555.5909016533658,2089.0,2067,976.0,958.0
vorinostat,4,0,4,1522.75,695.7213432833579,1789.0,2542,887.0,873.0
lfm-a12,1,0,4,1523.0,0.0,,1523,,
ei-155,3,0,4,1523.6666666666667,754.3484311348143,1912.0,2190,469.0,
hts 10765,1,0,4,1524.0,0.0,,1524,,
pyrvinium pamoate,2,0,4,1525.0,180.0,1705.0,1345,,
ru 24969,2,0,4,1525.0,249.0,1774.0,1276,,
u0126,3,0,4,1525.3333333333333,613.693372585655,1986.0,1932,658.0,
hy-11004,3,0,4,1529.3333333333333,477.00896800328144,1760.0,1963,,865.0
vu0418947-2,4,0,4,1531.25,659.2072416926259,1983.0,2368,843.0,931.0
olomoucine,2,0,4,1532.0,20.0,1512.0,1552,,
BRD-K85853281,2,0,4,1534.0,66.0,1468.0,1600,,
TG-101348,4,0,4,1534.75,614.4739111630371,2094.0,2201,885.0,959.0
reserpine,4,0,4,1536.25,663.4924170629232,2077.0,2308,804.0,956.0
npc 15199,1,0,4,1538.0,0.0,,1538,,
ruxolitinib,4,0,4,1538.0,858.7324961826005,2010.0,2687,512.0,943.0
nicergoline,1,0,4,1539.0,0.0,,1539,,
BRD-K87779281,1,0,4,1542.0,0.0,,1542,,
ncgc00167398-02,3,0,4,1543.6666666666667,461.92086864406645,1846.0,1894,,891.0
aminogenistein,2,0,4,1544.5,359.5,1185.0,1904,,
s1030,4,0,4,1544.75,688.9540532575448,1742.0,2586,991.0,860.0
selinidin,2,0,4,1546.5,246.5,1793.0,1300,,
s1120,3,0,4,1547.3333333333333,632.4578158967513,1533.0,2329,,780.0
triptolide,3,0,4,1548.3333333333333,898.9669379657716,1890.0,2438,317.0,
ncgc00181381-01,1,0,4,1550.0,0.0,,1550,,
thm-i-94,4,0,4,1550.0,623.8369177918216,1987.0,2336,944.0,933.0
AST1306,3,0,4,1550.3333333333333,746.1189955734645,1640.0,2416,595.0,
psh 013,2,0,4,1550.5,424.5,1126.0,1975,,
sb 205607,2,0,4,1550.5,463.5,1087.0,2014,,
BRD-K94544211,2,0,4,1553.0,40.0,1513.0,1593,,
BRD-K23478508 (digoxin),3,0,4,1554.0,685.0493899469342,1472.0,2431,,759.0
SGI-1776,4,0,4,1555.25,696.4066251120821,1985.0,2473,831.0,932.0
5-azacytidine,3,0,4,1556.0,436.86458618966435,1610.0,2062,996.0,
BRD-A81530502,2,0,4,1557.0,489.0,1068.0,2046,,
diphenylcyclopropenone,2,0,4,1557.0,142.0,1415.0,1699,,
u-46619,2,0,4,1557.0,207.0,1350.0,1764,,
BRD-K19181733,2,0,4,1558.5,75.5,1634.0,1483,,
cgs 15943,2,0,4,1559.5,193.5,1366.0,1753,,
BRD-A67605442,2,0,4,1561.0,33.0,1528.0,1594,,
BRD-K74949371,1,0,4,1562.0,0.0,,1562,,
PFI-1,4,0,4,1564.0,694.1012174027646,2165.0,2340,787.0,964.0
ncgc00012272-02,3,0,4,1564.3333333333333,527.0485956932456,1868.0,2002,823.0,
SB-239063,3,0,4,1565.0,616.4030066982693,1802.0,2173,720.0,
ethamivan,1,0,4,1566.0,0.0,,1566,,
BRD-A37735495,3,0,4,1567.0,511.9694001272602,1632.0,2159,910.0,
BRD-K83972459,4,0,4,1568.0,897.8237577609539,2059.0,2770,492.0,951.0
piretanide,3,0,4,1569.0,679.0189000805991,1729.0,2309,669.0,
neratinib,4,0,4,1569.5,726.3107117480782,1971.0,2558,821.0,928.0
"mapp, d-erythro",1,0,4,1570.0,0.0,,1570,,
cid 755673,2,0,4,1570.5,331.5,1239.0,1902,,
BRD-A89907244,1,0,4,1572.0,0.0,,1572,,
BRD-K05977823,2,0,4,1572.5,306.5,1266.0,1879,,
hy-11067,3,0,4,1572.6666666666667,752.3427115055714,1790.0,2366,562.0,
s1084,1,0,4,1573.0,0.0,,1573,,
ponatinib,4,0,4,1573.5,809.8621796330534,2056.0,2642,646.0,950.0
bucladesine,2,0,4,1574.0,478.0,1096.0,2052,,
ciclopirox ethanolamine,3,0,4,1576.0,617.1974292450242,1638.0,2299,791.0,
hy-11009,3,0,4,1578.6666666666667,501.9842848359122,1819.0,2037,,880.0
zm 39923 hydrochloride,1,0,4,1579.0,0.0,,1579,,
s1367,3,0,4,1580.6666666666667,634.5104849847286,1596.0,2350,796.0,
CP466722,4,0,4,1581.0,859.9566849557017,1992.0,2781,615.0,936.0
BRD-K00627859,2,0,4,1581.5,107.5,1474.0,1689,,
emetine hydrochloride,4,0,4,1582.75,638.0040654259187,1957.0,2437,1012.0,925.0
BRD-K23582869,1,0,4,1583.0,0.0,,1583,,
mw-a1-14 brd-k32010074,2,0,4,1583.5,802.5,781.0,2386,,
thiotepa,2,0,4,1585.0,203.0,1382.0,1788,,
BRD-A42737819,3,0,4,1587.6666666666667,993.1701208196353,1803.0,2682,278.0,
QL-XII-47,4,0,4,1588.5,787.2821921014091,1998.0,2673,743.0,940.0
genistin,1,0,4,1590.0,0.0,,1590,,
dinaciclib,4,0,4,1591.5,829.2751352838212,2016.0,2734,671.0,945.0
lfm-a13,1,0,4,1592.0,0.0,,1592,,
epicatechin monogallate,2,0,4,1593.5,63.5,1657.0,1530,,
AKT-inhibitor-1-2,4,0,4,1594.75,921.4538444762169,2065.0,2853,509.0,952.0
celastrol,4,0,4,1595.75,711.3864543973268,2069.0,2509,852.0,953.0
sb 221284,2,0,4,1597.5,570.5,1027.0,2168,,
guggulsterone,2,0,4,1598.5,498.5,1100.0,2097,,
BRD-K55116708,2,0,4,1601.5,207.5,1809.0,1394,,
indirubin-3-oxime,2,0,4,1602.5,27.5,1630.0,1575,,
BRD-K82594686,1,0,4,1603.0,0.0,,1603,,
doxorubicin hydrochloride,4,0,4,1603.0,769.7262500395839,1950.0,2700,839.0,923.0
hycanthone,2,0,4,1603.0,368.0,1235.0,1971,,
"l-168,049",1,0,4,1604.0,0.0,,1604,,
BRD-U32365159,2,0,4,1607.0,603.0,2210.0,1004,,
np-009265,2,0,4,1607.0,692.0,2299.0,915,,
mestanolone,3,0,4,1608.3333333333333,795.6885208561339,2068.0,2268,489.0,
protriptyline hydrochloride,1,0,4,1609.0,0.0,,1609,,
OTSSP167,4,0,4,1610.0,839.6975646028753,2108.0,2720,652.0,960.0
withaferin-a,4,0,4,1610.25,676.7168444039205,2119.0,2436,925.0,961.0
PF-3758309,4,0,4,1611.5,790.1545734854668,1974.0,2733,810.0,929.0
abt-888 (veliparib),2,0,4,1612.5,299.5,1313.0,1912,,
capsazepine,3,0,4,1614.6666666666667,555.7561415665048,2046.0,1968,830.0,
doxorubicin,3,0,4,1615.0,840.8119092083953,1973.0,2418,454.0,
ncgc00185094-01,3,0,4,1615.0,766.792453449215,1849.0,2415,581.0,
tms,1,0,4,1615.0,0.0,,1615,,
JW-7-24-1,4,0,4,1616.25,752.0842289930032,1991.0,2667,872.0,935.0
BRD-K20000640,2,0,4,1616.5,138.5,1755.0,1478,,
BRD-A98444709,1,0,4,1617.0,0.0,,1617,,
mls-0425600,1,0,4,1618.0,0.0,,1618,,
BRD-K16290432,2,0,4,1618.5,258.5,1877.0,1360,,
BRD-K64606589,4,0,4,1622.0,737.5733861793008,2002.0,2645,899.0,942.0
BRD-K86899078,2,0,4,1622.5,149.5,1473.0,1772,,
tubocurarine chloride pentahydrate (+),2,0,4,1622.5,649.5,973.0,2272,,
BRD-K37852224,2,0,4,1623.0,218.0,1405.0,1841,,
tivantinib,4,0,4,1626.25,768.0941918150404,2125.0,2619,799.0,962.0
aminocaproic acid,2,0,4,1626.5,57.5,1569.0,1684,,
gw 5074,2,0,4,1627.0,265.0,1362.0,1892,,
BRD-A54632525,1,0,4,1629.0,0.0,,1629,,
BRD-K52800308,1,0,4,1630.0,0.0,,1630,,
mls-0350978,2,0,4,1630.0,453.0,1177.0,2083,,
psh 023,1,0,4,1631.0,0.0,,1631,,
BRD-K97936712,2,0,4,1631.5,116.5,1515.0,1748,,
KIN001-242,2,0,4,1632.0,459.0,2091.0,1173,,
indirubin,1,0,4,1633.0,0.0,,1633,,
mercaptopurine,2,0,4,1633.0,69.0,1564.0,1702,,
MK-1775,4,0,4,1633.75,762.5750372914131,2017.0,2697,875.0,946.0
ncgc00183691-01,3,0,4,1635.3333333333333,753.3296460086749,1617.0,2567,722.0,
PF 573228,3,0,4,1635.6666666666667,639.2768483911246,2064.0,2111,732.0,
ei-332,3,0,4,1637.0,593.4649666717208,1586.0,2388,937.0,
ha-1004,2,0,4,1637.0,869.0,768.0,2506,,
BRD-K31856043,2,0,4,1638.0,136.0,1502.0,1774,,
fenoterol hydrobromide,2,0,4,1639.0,25.0,1614.0,1664,,
prl-3 inhibitor i,2,0,4,1640.5,71.5,1712.0,1569,,
BRD-K74029109,1,0,4,1641.0,0.0,,1641,,
amlodipine besylate,2,0,4,1641.0,198.0,1443.0,1839,,
st4070169,2,0,4,1641.0,205.0,1436.0,1846,,
tremulacin,2,0,4,1642.5,205.5,1437.0,1848,,
m-3m3fbs,3,0,4,1642.6666666666667,719.414731261152,2099.0,2202,627.0,
BRD-K28115298,2,0,4,1644.0,428.0,1216.0,2072,,
haloprogin,2,0,4,1644.0,777.0,867.0,2421,,
BRD-K68202742 (trichostatin a),4,0,4,1644.5,706.2947330966018,2049.0,2598,982.0,949.0
BRD-K92742972,1,0,4,1645.0,0.0,,1645,,
ncgc00182353-01,2,0,4,1646.0,306.0,1340.0,1952,,
pre-084 hydrochloride,2,0,4,1646.0,60.0,1706.0,1586,,
s1527,2,0,4,1646.0,777.0,869.0,2423,,
scriptaid,4,0,4,1646.25,771.9023173303731,1917.0,2790,966.0,912.0
remoxipride hydrochloride,1,0,4,1647.0,0.0,,1647,,
tacrolimus,3,0,4,1647.6666666666667,666.4194541644841,1938.0,2279,726.0,
BRD-K30523950,1,0,4,1648.0,0.0,,1648,,
e6 berbamine,2,0,4,1649.0,92.0,1557.0,1741,,
bas 02859604,1,0,4,1650.0,0.0,,1650,,
ro 90-7501,2,0,4,1650.0,206.0,1444.0,1856,,
BRD-K90999434,3,0,4,1651.0,739.0809608335657,1891.0,2412,650.0,
SU-11274,4,0,4,1651.0,811.5081638529584,2166.0,2707,766.0,965.0
BRD-K29143967,2,0,4,1652.5,151.5,1804.0,1501,,
dequalinium dichloride,2,0,4,1652.5,201.5,1451.0,1854,,
BRD-K66359319,1,0,4,1653.0,0.0,,1653,,
BRD-K67619794,2,0,4,1654.5,365.5,1289.0,2020,,
phenolphthalein,3,0,4,1655.3333333333333,700.8501187050545,1845.0,2403,718.0,
isoxsuprine hydrochloride,3,0,4,1656.3333333333333,517.1088430452099,1811.0,2198,960.0,
cetirizine dihydrochloride,1,0,4,1658.0,0.0,,1658,,
canertinib,4,0,4,1660.0,756.354083746495,2142.0,2647,888.0,963.0
BRD-A94377914,3,0,4,1662.0,477.0241084054348,1810.0,2158,1018.0,
ncgc00242335-01,2,0,4,1662.5,60.5,1602.0,1723,,
rho-kinase inhibitor ii,2,0,4,1663.0,206.0,1457.0,1869,,
BRD-K50387473,3,0,4,1664.0,525.339889976004,2081.0,1988,923.0,
BRD-K82971429,2,0,4,1664.5,70.5,1594.0,1735,,
KIN001-127,4,0,4,1664.5,746.8616002982078,2216.0,2583,891.0,968.0
BRD-K57480017,1,0,4,1665.0,0.0,,1665,,
BRD-K74761218,3,0,4,1666.0,607.3225392381438,1782.0,2345,,871.0
ncgc00182327-02,1,0,4,1666.0,0.0,,1666,,
ticlopidine hydrochloride,1,0,4,1667.0,0.0,,1667,,
r406,2,0,4,1667.5,368.5,2036.0,1299,,
BRD-K89329876,2,0,4,1668.0,98.0,1570.0,1766,,
caffeic acid phenethyl ester,2,0,4,1668.0,88.0,1580.0,1756,,
BRD-K23644387,2,0,4,1668.5,838.5,830.0,2507,,
westcort,1,0,4,1669.0,0.0,,1669,,
gw 4064,2,0,4,1672.0,224.0,1896.0,1448,,
atpa,1,0,4,1673.0,0.0,,1673,,
(-)-JQ1,3,0,4,1674.0,697.6551201465282,1642.0,2544,836.0,
BRD-A18411371,3,0,4,1674.0,521.9042057696029,1994.0,2090,,938.0
n20c hydrochloride,1,0,4,1674.0,0.0,,1674,,
thalidomide,3,0,4,1676.3333333333333,633.8902814280156,1975.0,2259,795.0,
tolazamide,2,0,4,1676.5,422.5,1254.0,2099,,
PF-477736,4,0,4,1681.75,803.7597200034348,2072.0,2811,889.0,955.0
ami-193,1,0,4,1682.0,0.0,,1682,,
BRD-K81609421,2,0,4,1684.5,358.5,1326.0,2043,,
vincristine sulfate,2,0,4,1685.0,477.0,2162.0,1208,,
BRD-K37340241,3,0,4,1688.6666666666667,846.5996036432387,1919.0,2591,556.0,
flurandrenolide,2,0,4,1689.0,456.0,2145.0,1233,,
mycophenolate mofetil,2,0,4,1689.5,496.5,1193.0,2186,,
BRD-K03015355,1,0,4,1691.0,0.0,,1691,,
indirubin-3?-monoxime,2,0,4,1692.5,164.5,1857.0,1528,,
altrenogest,3,0,4,1694.3333333333333,533.175601675679,1905.0,2216,962.0,
cyclopamine,2,0,4,1695.5,211.5,1484.0,1907,,
KIN001-220,2,0,4,1696.5,466.5,2163.0,1230,,
dihydro-7-desacetyldeoxygedunin,2,0,4,1696.5,55.5,1641.0,1752,,
linezolid,2,0,4,1696.5,203.5,1493.0,1900,,
BRD-K72381041,2,0,4,1697.0,257.0,1954.0,1440,,
bosutinib,3,0,4,1697.6666666666667,611.6885554666597,1817.0,2380,896.0,
BRD-A14985772,1,0,4,1701.0,0.0,,1701,,
BRD-K52911425,3,0,4,1701.3333333333333,622.1196740892292,1828.0,2392,,884.0
tyrphostin-AG-1478,3,0,4,1702.3333333333333,676.9447704371622,2185.0,2177,745.0,
tramadol,1,0,4,1710.0,0.0,,1710,,
BRD-K99616396,1,0,4,1711.0,0.0,,1711,,
p8624,3,0,4,1712.3333333333333,749.5342257399294,1652.0,2659,,826.0
BRD-A84102390,2,0,4,1714.5,44.5,1759.0,1670,,
raf1 kinase inhibitor i,2,0,4,1715.0,254.0,1461.0,1969,,
BRD-K48204702,1,0,4,1717.0,0.0,,1717,,
6-diazo-5-oxo-l-norleucine,3,0,4,1718.3333333333333,625.7509266650927,2132.0,2189,834.0,
BRD-A52193669,2,0,4,1720.0,30.0,1750.0,1690,,
ncgc00182388-01,3,0,4,1720.6666666666667,639.7423092325708,2018.0,2312,832.0,
sodium dehydrocholate,3,0,4,1720.6666666666667,684.7268717444123,1888.0,2463,811.0,
BRD-K70714754,1,0,4,1721.0,0.0,,1721,,
km 00927,3,0,4,1721.0,720.218022545951,1707.0,2610,,846.0
BRD-K53987746,1,0,4,1722.0,0.0,,1722,,
"androsta-1,4-dien-3,17-dione",2,0,4,1722.0,226.0,1496.0,1948,,
ncgc00167094-01,2,0,4,1722.0,39.0,1683.0,1761,,
vu0365121-1,2,0,4,1725.0,63.0,1788.0,1662,,
mometasone furoate,2,0,4,1726.5,133.5,1593.0,1860,,
diphenyleneiodonium chloride,3,0,4,1727.0,597.7028247102959,1944.0,2326,911.0,
BRD-K39866321,2,0,4,1727.5,169.5,1897.0,1558,,
BRD-A47816767,3,0,4,1728.0,550.8254411940925,1875.0,2317,992.0,
gr-108,2,0,4,1730.0,220.0,1510.0,1950,,
solanine alpha,1,0,4,1730.0,0.0,,1730,,
hy-10181,3,0,4,1733.6666666666667,585.3917966247525,2083.0,2209,909.0,
BRD-K06009608,2,0,4,1734.0,225.0,1509.0,1959,,
trequinsin hydrochloride,1,0,4,1736.0,0.0,,1736,,
EX-527,2,0,4,1739.0,185.0,1924.0,1554,,
BRD-K86231656,2,0,4,1739.5,222.5,1517.0,1962,,
BRD-A30455275,3,0,4,1741.0,756.5584357250051,1756.0,2660,807.0,
ncgc00242340-01,2,0,4,1742.5,141.5,1601.0,1884,,
C646,3,0,4,1743.0,732.6158611441606,1808.0,2606,815.0,
brinzolamide,2,0,4,1743.5,2.5,1741.0,1746,,
olaparib,3,0,4,1744.6666666666667,677.5988652751879,2047.0,2381,806.0,
BRD-K02174945,2,0,4,1745.0,724.0,1021.0,2469,,
BRD-K53423944,3,0,4,1748.0,643.5780190984359,1883.0,2460,,901.0
s-250,3,0,4,1749.3333333333333,609.7607909846469,1923.0,2394,931.0,
BRD-A68061604,2,0,4,1750.0,192.0,1558.0,1942,,
BRD-K25979535,2,0,4,1751.0,64.0,1687.0,1815,,
jtc 801,3,0,4,1751.3333333333333,764.4262917741354,1696.0,2714,,844.0
tridihexethyl chloride,1,0,4,1754.0,0.0,,1754,,
kuc103672 kuc103672n,2,0,4,1754.5,509.5,1245.0,2264,,
ag 18,2,0,4,1755.5,160.5,1916.0,1595,,
BRD-K84762162,2,0,4,1756.0,96.0,1660.0,1852,,
ei-346,2,0,4,1757.0,308.0,1449.0,2065,,
s1169,1,0,4,1758.0,0.0,,1758,,
amitriptyline hydrochloride,1,0,4,1760.0,0.0,,1760,,
s6005,2,0,4,1762.0,355.0,1407.0,2117,,
BRD-K53331454,2,0,4,1764.0,225.0,1539.0,1989,,
BRD-K00313977,3,0,4,1765.3333333333333,832.2340749786418,1965.0,2670,661.0,
mls-0390818.0001,2,0,4,1766.5,224.5,1542.0,1991,,
dicyclomine hydrochloride,2,0,4,1767.5,224.5,1543.0,1992,,
hydrocortisone hemisuccinate,3,0,4,1768.3333333333333,799.9238852679812,1835.0,2713,757.0,
clenbuterol hydrochloride,1,0,4,1769.0,0.0,,1769,,
jas07 010,1,0,4,1771.0,0.0,,1771,,
butamben,2,0,4,1772.5,102.5,1670.0,1875,,
progesterone,2,0,4,1772.5,331.5,1441.0,2104,,
mls-0315872.0001,2,0,4,1777.0,537.0,1240.0,2314,,
BRD-K42644990,2,0,4,1780.0,304.0,1476.0,2084,,
calpeptin,2,0,4,1780.0,433.0,1347.0,2213,,
cgs 9343b,2,0,4,1785.0,337.0,1448.0,2122,,
jak3 inhibitor ii,3,0,4,1785.6666666666667,620.8565767461024,2043.0,2384,930.0,
BRD-U74615290,3,0,4,1787.3333333333333,817.7507090930721,2073.0,2615,674.0,
ag 556,3,0,4,1787.6666666666667,945.5500456818185,2153.0,2719,491.0,
BRD-K18726304,3,0,4,1790.3333333333333,646.0703436073264,1926.0,2505,940.0,
BRD-K78385490,3,0,4,1790.3333333333333,766.1550466815157,2114.0,2524,733.0,
GSK-J2,3,0,4,1791.3333333333333,695.0752157540618,2159.0,2397,818.0,
siguazodan,2,0,4,1792.5,52.5,1740.0,1845,,
BRD-K94173926,2,0,4,1793.0,294.0,1499.0,2087,,
nnc 26-9100,2,0,4,1793.5,232.5,1561.0,2026,,
BRD-U68942961,3,0,4,1794.3333333333333,632.3355297800546,1996.0,2448,,939.0
nisoldipine,3,0,4,1794.3333333333333,817.9430841378199,1982.0,2689,712.0,
hy-10159,2,0,4,1795.5,281.5,1514.0,2077,,
a2478,1,0,4,1796.0,0.0,,1796,,
bms-754807,3,0,4,1796.0,688.7674982653193,2027.0,2500,861.0,
ginsenoside-rc,2,0,4,1796.0,242.0,1554.0,2038,,
BRD-A61825514,2,0,4,1796.5,125.5,1671.0,1922,,
BRD-K06592610,1,0,4,1797.0,0.0,,1797,,
BRD-K06623064,1,0,4,1798.0,0.0,,1798,,
BRD-K24346336,2,0,4,1798.0,79.0,1719.0,1877,,
KIN001-266,3,0,4,1799.6666666666667,1085.8687254400916,2246.0,2849,304.0,
BRD-K34495954,1,0,4,1801.0,0.0,,1801,,
BRD-K72615639,3,0,4,1802.3333333333333,689.6638472634492,1910.0,2588,,909.0
h 89 dihydrochloride,1,0,4,1803.0,0.0,,1803,,
chlormethiazole hydrochloride,2,0,4,1806.5,84.5,1722.0,1891,,
ncgc00180992-01,2,0,4,1808.5,457.5,1351.0,2266,,
ncgc00187945-01,3,0,4,1809.0,898.5799908744908,2062.0,2761,604.0,
atorvastatin,2,0,4,1811.5,308.5,2120.0,1503,,
hy-11066,3,0,4,1812.6666666666667,575.7628755736939,2306.0,2127,1005.0,
BRD-K38615104,3,0,4,1813.0,648.9951206801686,2001.0,2497,,941.0
luteolin,2,0,4,1813.0,74.0,1887.0,1739,,
ozagrel hydrochloride,2,0,4,1815.0,40.0,1855.0,1775,,
BRD-K58900438,2,0,4,1816.5,177.5,1639.0,1994,,
BRD-K83151319,2,0,4,1819.0,106.0,1713.0,1925,,
pinacidil,1,0,4,1819.0,0.0,,1819,,
BRD-K72883421,2,0,4,1821.5,101.5,1720.0,1923,,
noscapine hydrochloride,2,0,4,1821.5,237.5,1584.0,2059,,
rho kinase inhibitor iii [rockout],3,0,4,1822.0,596.5115254544543,2157.0,2325,984.0,
sr 49059,1,0,4,1822.0,0.0,,1822,,
st019365,1,0,4,1823.0,0.0,,1823,,
rs 102895 hydrochloride,1,0,4,1824.0,0.0,,1824,,
ciglitazone,1,0,4,1826.0,0.0,,1826,,
mdl 29951,2,0,4,1826.5,266.5,1560.0,2093,,
BRD-K48716658,1,0,4,1828.0,0.0,,1828,,
pf3845,2,0,4,1828.5,36.5,1792.0,1865,,
BRD-K11795542,2,0,4,1829.0,392.0,2221.0,1437,,
BRD-K51998148,1,0,4,1830.0,0.0,,1830,,
BRD-K64366758,3,0,4,1830.0,724.6024197217855,2011.0,2613,866.0,
maprotiline hydrochloride,3,0,4,1830.0,811.4484990846101,1969.0,2747,774.0,
jwh 015,1,0,4,1831.0,0.0,,1831,,
BRD-K78633253,1,0,4,1834.0,0.0,,1834,,
BRD-U73238814,2,0,4,1835.5,311.5,1524.0,2147,,
ncgc00241726-01,3,0,4,1836.3333333333333,795.7806788863932,1762.0,2846,901.0,
A 769662,1,0,4,1837.0,0.0,,1837,,
st4029573,2,0,4,1837.5,65.5,1772.0,1903,,
vincristine,2,0,4,1838.0,344.0,2182.0,1494,,
BRD-K63175663,2,0,4,1838.5,26.5,1865.0,1812,,
BRD-K32238524,2,0,4,1840.0,34.0,1806.0,1874,,
pyrrolidinedithiocarbamate ammonium,2,0,4,1840.5,303.5,1537.0,2144,,
h7270,3,0,4,1841.6666666666667,721.0706545747711,1934.0,2675,,916.0
w-7 hydrochloride,1,0,4,1842.0,0.0,,1842,,
BRD-K33116223,2,0,4,1844.0,61.0,1783.0,1905,,
todralazine hydrochloride,3,0,4,1848.0,988.741961619242,2172.0,2864,508.0,
"na-tosyl-lys chloromethyl ketone, hydrochloride",3,0,4,1849.3333333333333,803.8384304213267,1747.0,2881,920.0,
12k-613s,3,0,4,1851.0,617.5548558630237,2231.0,2342,980.0,
tcs 359,2,0,4,1852.5,65.5,1787.0,1918,,
BRD-K20718732,2,0,4,1855.0,26.0,1881.0,1829,,
BRD-A49848186,2,0,4,1857.0,56.0,1801.0,1913,,
urapidil hydrochloride,3,0,4,1857.0,879.8935541681543,1952.0,2884,735.0,
ribavirin,3,0,4,1858.0,710.051171864864,2100.0,2581,893.0,
toltrazuril,2,0,4,1858.5,513.5,1345.0,2372,,
ALW-II-49-7,3,0,4,1859.6666666666667,786.4970156049899,2164.0,2634,781.0,
BRD-K70871370,2,0,4,1860.0,182.0,1678.0,2042,,
t0513-6584,2,0,4,1861.0,38.0,1823.0,1899,,
BRD-K79131428,1,0,4,1862.0,0.0,,1862,,
methocarbamol,2,0,4,1862.5,159.5,1703.0,2022,,
etoposide,3,0,4,1863.0,729.1259607685538,1940.0,2715,934.0,
BRD-K33164466,3,0,4,1863.3333333333333,876.3444274687638,2136.0,2774,680.0,
"l-690,330",3,0,4,1864.6666666666667,666.9659328298227,2186.0,2472,936.0,
cjd-pla-49-3,2,0,4,1866.5,565.5,1301.0,2432,,
r3904,2,0,4,1866.5,523.5,1343.0,2390,,
BRD-A82238138 (budesonide),1,0,4,1867.0,0.0,,1867,,
fluticasone propionate,3,0,4,1867.3333333333333,668.0889827626922,2063.0,2570,969.0,
gw 0742,2,0,4,1868.5,241.5,1627.0,2110,,
hts 13363,1,0,4,1873.0,0.0,,1873,,
BRD-K88710727,2,0,4,1874.0,156.0,2030.0,1718,,
A66,3,0,4,1875.0,854.320782844477,2199.0,2721,705.0,
homosalate,2,0,4,1876.0,393.0,1483.0,2269,,
taxol,2,0,4,1876.0,152.0,2028.0,1724,,
BRD-K24031526,2,0,4,1876.5,85.5,1962.0,1791,,
BRD-A63583287,2,0,4,1877.0,192.0,1685.0,2069,,
thonzonium bromide,2,0,4,1877.0,352.0,1525.0,2229,,
aminolevulinic acid,3,0,4,1878.3333333333333,637.9771852416737,2197.0,2450,988.0,
barasertib,3,0,4,1880.3333333333333,703.9627515398493,1951.0,2705,985.0,
troglitazone,2,0,4,1881.0,38.0,1843.0,1919,,
ketorolac tromethamine,1,0,4,1883.0,0.0,,1883,,
ct-incb,1,0,4,1886.0,0.0,,1886,,
bu 239 hydrochloride,2,0,4,1887.5,274.5,1613.0,2162,,
devazepide,2,0,4,1888.5,242.5,2131.0,1646,,
boldine,1,0,4,1895.0,0.0,,1895,,
BRD-K61105081,2,0,4,1896.0,467.0,1429.0,2363,,
g-221,1,0,4,1896.0,0.0,,1896,,
ethacrynic acid,2,0,4,1898.0,190.0,2088.0,1708,,
paclitaxel,2,0,4,1898.5,235.5,1663.0,2134,,
stk661558,2,0,4,1900.0,475.0,1425.0,2375,,
ncgc00165208-01,3,0,4,1902.3333333333333,700.7045660539745,2152.0,2608,947.0,
BRD-K57309821,2,0,4,1902.5,132.5,2035.0,1770,,
st4049616,2,0,4,1902.5,381.5,1521.0,2284,,
ncgc00183260-01,2,0,4,1903.5,247.5,1656.0,2151,,
AZD4547,3,0,4,1905.6666666666667,861.9970353132828,2279.0,2724,714.0,
BRD-K90735586,3,0,4,1907.3333333333333,798.3283924690529,2096.0,2777,849.0,
939792-14-0,1,0,4,1908.0,0.0,,1908,,
BRD-K94841585,2,0,4,1908.0,466.0,1442.0,2374,,
azithromycin,2,0,4,1908.5,173.5,1735.0,2082,,
gabexate mesylate,1,0,4,1910.0,0.0,,1910,,
VX-745,2,0,4,1913.0,147.0,1766.0,2060,,
cinanserin hydrochloride,2,0,4,1913.0,142.0,1771.0,2055,,
ag 825,1,0,4,1914.0,0.0,,1914,,
BRD-K61217870,2,0,4,1914.5,764.5,1150.0,2679,,
methylstat,3,0,4,1915.6666666666667,786.7165238438105,2098.0,2775,874.0,
rosuvastatin calcium,2,0,4,1916.5,79.5,1837.0,1996,,
resveratrol,2,0,4,1917.5,105.5,1812.0,2023,,
d 4476,2,0,4,1919.5,400.5,1519.0,2320,,
BRD-K23531129,1,0,4,1920.0,0.0,,1920,,
BRD-K97629076,2,0,4,1923.5,254.5,1669.0,2178,,
ag-014699 (pf-01367338),2,0,4,1923.5,367.5,1556.0,2291,,
BRD-K88742110,1,0,4,1924.0,0.0,,1924,,
AZD-1480,2,0,4,1926.5,254.5,1672.0,2181,,
fludrocortisone acetate,1,0,4,1927.0,0.0,,1927,,
eplerenone,1,0,4,1928.0,0.0,,1928,,
propentofylline,2,0,4,1928.5,54.5,1874.0,1983,,
"2,5-dideoxyadenosine",1,0,4,1930.0,0.0,,1930,,
BRD-K65983740,2,0,4,1930.0,68.0,1862.0,1998,,
BRD-A96272097,3,0,4,1932.3333333333333,919.8627917007816,2243.0,2871,683.0,
cinnarizine,1,0,4,1933.0,0.0,,1933,,
BRD-K81514393,1,0,4,1934.0,0.0,,1934,,
mls-0390851.0001,1,0,4,1935.0,0.0,,1935,,
levetiracetam,2,0,4,1935.5,128.5,1807.0,2064,,
BRD-K89451433,1,0,4,1936.0,0.0,,1936,,
beclomethasone dipropionate,2,0,4,1938.0,40.0,1978.0,1898,,
vu0420364-1,2,0,4,1938.5,56.5,1882.0,1995,,
metoclopramide monohydrochloride,3,0,4,1940.3333333333333,815.5367693870229,2148.0,2819,854.0,
yc-1,2,0,4,1943.5,551.5,1392.0,2495,,
BRD-K73285375,1,0,4,1944.0,0.0,,1944,,
BRD-A20589515,1,0,4,1946.0,0.0,,1946,,
gr-207,3,0,4,1948.3333333333333,860.9778678275586,2190.0,2861,794.0,
g5797,3,0,4,1949.3333333333333,865.5958769669725,2285.0,2801,762.0,
quercetin,2,0,4,1951.0,117.0,1834.0,2068,,
BRD-K53932786,3,0,4,1953.3333333333333,779.2583368534183,2144.0,2798,918.0,
r(+)-6-bromo-apb,2,0,4,1954.0,192.0,2146.0,1762,,
BRD-K78524708,1,0,4,1955.0,0.0,,1955,,
BRD-U31801276,2,0,4,1956.5,239.5,1717.0,2196,,
flecainide acetate,2,0,4,1956.5,294.5,1662.0,2251,,
gr 55562 dihydrochloride,2,0,4,1957.5,256.5,1701.0,2214,,
BRD-K45205755,2,0,4,1958.0,309.0,1649.0,2267,,
megestrol acetate,2,0,4,1958.5,263.5,1695.0,2222,,
BRD-K18595892,2,0,4,1959.0,27.0,1932.0,1986,,
ipratropium bromide,3,0,4,1960.0,732.1639160734433,2104.0,2776,1000.0,
BRD-K65904652,2,0,4,1961.0,675.0,1286.0,2636,,
budesonide,2,0,4,1961.0,16.0,1945.0,1977,,
MGCD-265,3,0,4,1963.3333333333333,876.9775114309122,2271.0,2850,769.0,
"chrysene-1,4-quinone",2,0,4,1963.5,218.5,1745.0,2182,,
BRD-K05326558,1,0,4,1964.0,0.0,,1964,,
s1170,3,0,4,1966.6666666666667,704.6002806950587,2270.0,2637,993.0,
"methyldopa (l,-)",3,0,4,1967.6666666666667,773.6856955867515,2232.0,2755,916.0,
sb 203580,2,0,4,1972.0,474.0,1498.0,2446,,
amuvatinib,3,0,4,1972.3333333333333,898.2302352713115,2250.0,2907,760.0,
BRD-K15716662,2,0,4,1972.5,61.5,2034.0,1911,,
raltitrexed,2,0,4,1976.5,414.5,1562.0,2391,,
BRD-K69159985,2,0,4,1977.5,448.5,1529.0,2426,,
BRD-K85592362,2,0,4,1979.0,555.0,1424.0,2534,,
KU-60019,3,0,4,1981.0,858.3954022865375,2293.0,2841,809.0,
hydrocortisone valerate,3,0,4,1981.6666666666667,752.4592273930123,2305.0,2698,942.0,
BRD-K74155249,1,0,4,1987.0,0.0,,1987,,
losartan potassium,3,0,4,1988.3333333333333,719.9695981235751,2255.0,2706,1004.0,
BRD-U44618005,2,0,4,1989.0,497.0,1492.0,2486,,
toremifene,3,0,4,1989.0,741.6796253549552,2178.0,2788,1001.0,
BRD-K28916077,2,0,4,1991.0,483.0,1508.0,2474,,
sdz nkt 343,2,0,4,1992.5,86.5,1906.0,2079,,
t5345967,3,0,4,1992.6666666666667,765.0814045286655,2195.0,2812,971.0,
BRD-K04156788,2,0,4,1993.5,254.5,1739.0,2248,,
HY-11007,3,0,4,1994.0,757.4725517579278,2227.0,2783,972.0,
olopatadine hydrochloride,1,0,4,1997.0,0.0,,1997,,
brivanib,3,0,4,1998.0,873.9706326111116,2241.0,2926,827.0,
BRD-K41845021,2,0,4,1999.5,39.5,2039.0,1960,,
piperacillin,1,0,4,2003.0,0.0,,2003,,
BRD-K73155123,2,0,4,2004.0,231.0,2235.0,1773,,
odq,2,0,4,2005.0,745.0,1260.0,2750,,
minoxidil,2,0,4,2006.5,199.5,2206.0,1807,,
idarubicin hcl,2,0,4,2009.0,272.0,1737.0,2281,,
amcinonide,2,0,4,2011.0,39.0,2050.0,1972,,
rizatriptan benzoate,2,0,4,2011.5,44.5,1967.0,2056,,
fraxidin methyl ether,1,0,4,2012.0,0.0,,2012,,
BRD-K17773477,2,0,4,2012.5,133.5,1879.0,2146,,
AZD7762,3,0,4,2013.3333333333333,751.2018518495693,2247.0,2794,999.0,
flutamide,2,0,4,2015.0,152.0,2167.0,1863,,
BRD-K58306044,2,0,4,2015.5,114.5,2130.0,1901,,
ly-294002,2,0,4,2015.5,452.5,1563.0,2468,,
BRD-K35483542,3,0,4,2015.6666666666667,749.7312110942754,2237.0,2803,1007.0,
depo-medrol,1,0,4,2016.0,0.0,,2016,,
iniparib,3,0,4,2016.3333333333333,776.0680096200045,2171.0,2880,998.0,
NPK76-II-72-1,3,0,4,2018.3333333333333,821.6553751759648,2242.0,2894,919.0,
quizartinib,3,0,4,2020.0,799.8529031432383,2259.0,2858,943.0,
bmy 14802 hydrochloride,2,0,4,2022.5,271.5,1751.0,2294,,
BRD-K24102129,1,0,4,2024.0,0.0,,2024,,
BRD-K33720394,2,0,4,2024.5,351.5,1673.0,2376,,
BRD-K06476055,2,0,4,2026.5,170.5,1856.0,2197,,
chlorpromazine,2,0,4,2028.0,38.0,1990.0,2066,,
ivachtin,2,0,4,2029.5,275.5,1754.0,2305,,
norethindrone acetate,3,0,4,2031.3333333333333,783.7756198187221,2256.0,2859,979.0,
terbutaline hemisulfate,2,0,4,2031.5,501.5,1530.0,2533,,
chromanol 293b,1,0,4,2032.0,0.0,,2032,,
phenformin hydrochloride,2,0,4,2033.0,265.0,1768.0,2298,,
cy 208-243,3,0,4,2034.0,756.2993234604052,2303.0,2796,1003.0,
jas07 005,2,0,4,2034.5,645.5,1389.0,2680,,
loteprednol,1,0,4,2035.0,0.0,,2035,,
isocarboxazid,3,0,4,2035.3333333333333,799.7551014043125,2257.0,2885,964.0,
celecoxib,2,0,4,2036.0,708.0,1328.0,2744,,
necrostatin-1,2,0,4,2037.0,314.0,1723.0,2351,,
BRD-A12633378,2,0,4,2038.0,305.0,1733.0,2343,,
kuc104491 kuc104491n,2,0,4,2039.0,406.0,1633.0,2445,,
srt-1720,2,0,4,2042.5,312.5,1730.0,2355,,
clobetasol,2,0,4,2044.0,277.0,1767.0,2321,,
BRD-K52914903,3,0,4,2045.0,815.4462990698202,2273.0,2910,952.0,
BRD-K63350243,1,0,4,2045.0,0.0,,2045,,
BRD-K29622226,1,0,4,2047.0,0.0,,2047,,
BRD-K98834634,1,0,4,2048.0,0.0,,2048,,
s1174,2,0,4,2048.0,279.0,1769.0,2327,,
nemonapride,1,0,4,2049.0,0.0,,2049,,
BRD-K98676510,3,0,4,2050.3333333333335,766.8917061025559,2312.0,2831,1008.0,
mevastatin,2,0,4,2052.0,237.0,1815.0,2289,,
BRD-K16180117,2,0,4,2052.5,222.5,1830.0,2275,,
sericetin,2,0,4,2053.0,73.0,1980.0,2126,,
cpccoet,2,0,4,2053.5,278.5,1775.0,2332,,
pz0004,3,0,4,2053.6666666666665,820.9751654113675,2284.0,2924,953.0,
FR-180204,3,0,4,2054.0,795.425672203255,2298.0,2883,981.0,
ABT-737,3,0,4,2055.0,801.9975062305368,2295.0,2895,975.0,
BRD-K99582188,3,0,4,2055.3333333333335,798.678213606011,2275.0,2905,986.0,
BRD-A57107094,3,0,4,2055.6666666666665,802.069960927488,2304.0,2890,973.0,
SAR-245408,3,0,4,2055.6666666666665,790.2680276688129,2281.0,2891,995.0,
BRD-K25731886,2,0,4,2056.5,163.5,2220.0,1893,,
BRD-K59705555,2,0,4,2056.5,278.5,1778.0,2335,,
BRD-K27630390,1,0,4,2058.0,0.0,,2058,,
vu0365114-2,2,0,4,2058.0,59.0,2117.0,1999,,
BRD-K97701319,2,0,4,2062.5,121.5,2184.0,1941,,
BRD-K20112532,1,0,4,2063.0,0.0,,2063,,
IOX2,3,0,4,2065.3333333333335,786.1553422970693,2263.0,2914,1019.0,
b3063,2,0,4,2066.0,275.0,1791.0,2341,,
ncgc00012852-02,2,0,4,2066.0,280.0,1786.0,2346,,
rp1782780025,1,0,4,2070.0,0.0,,2070,,
penicillic acid,2,0,4,2072.0,145.0,1927.0,2217,,
BRD-K58674774,2,0,4,2072.5,200.5,1872.0,2273,,
immethridine dihydrobromide,2,0,4,2073.5,505.5,1568.0,2579,,
acamprosate calcium,2,0,4,2074.0,446.0,1628.0,2520,,
deracoxib,1,0,4,2074.0,0.0,,2074,,
mead acid (20:3 n-9),1,0,4,2076.0,0.0,,2076,,
sulfaguanidine,3,0,4,2076.0,819.8158329771388,2315.0,2939,974.0,
BRD-K31491153,3,0,4,2076.6666666666665,796.8882537024177,2286.0,2931,1013.0,
pravastatin sodium,2,0,4,2077.0,325.0,1752.0,2402,,
QL-XI-92,2,0,4,2078.0,20.0,2058.0,2098,,
trimeprazine tartrate,2,0,4,2080.0,23.0,2057.0,2103,,
granisetron,3,0,4,2081.3333333333335,808.0801665401494,2311.0,2936,997.0,
beta-escin,3,0,4,2083.0,803.1616690720907,2309.0,2934,1006.0,
benzoxiquine,2,0,4,2085.5,174.5,1911.0,2260,,
BRD-K93443135,2,0,4,2086.5,375.5,1711.0,2462,,
BRD-K33182644,3,0,4,2086.6666666666665,799.5866987943764,2310.0,2935,1015.0,
oxindole i,2,0,4,2087.0,54.0,2033.0,2141,,
motesanib,3,0,4,2087.6666666666665,797.4937129672072,2316.0,2930,1017.0,
am 281,1,0,4,2088.0,0.0,,2088,,
benzo[a]pyrene,2,0,4,2088.0,556.0,1532.0,2644,,
BRD-K87426499,3,0,4,2088.6666666666665,801.4675428376511,2314.0,2938,1014.0,
doramapimod,2,0,4,2092.0,11.0,2103.0,2081,,
BRD-K51377689,2,0,4,2094.0,193.0,1901.0,2287,,
prenylamine lactate,1,0,4,2095.0,0.0,,2095,,
benperidol,2,0,4,2095.5,210.5,1885.0,2306,,
WZ-7043,2,0,4,2098.0,580.0,1518.0,2678,,
sb 408124,2,0,4,2098.0,280.0,1818.0,2378,,
v2264,2,0,4,2099.0,145.0,2244.0,1954,,
flumethasone,2,0,4,2104.0,588.0,1516.0,2692,,
BRD-A84524947,2,0,4,2106.0,140.0,1966.0,2246,,
BRD-K89626439,1,0,4,2106.0,0.0,,2106,,
dienestrol,1,0,4,2107.0,0.0,,2107,,
procaterol hydrochloride,1,0,4,2108.0,0.0,,2108,,
BRD-K07023879,2,0,4,2108.5,534.5,1574.0,2643,,
rapamycin,2,0,4,2110.5,113.5,1997.0,2224,,
diethylstilbestrol,2,0,4,2111.0,17.0,2128.0,2094,,
triamterene,2,0,4,2111.5,116.5,1995.0,2228,,
cladribine,2,0,4,2112.5,433.5,1679.0,2546,,
s1080,2,0,4,2112.5,522.5,1590.0,2635,,
telmisartan,2,0,4,2112.5,142.5,1970.0,2255,,
BRD-K14696368,1,0,4,2113.0,0.0,,2113,,
BRD-K01834163,2,0,4,2114.0,189.0,1925.0,2303,,
BRD-K32836707,1,0,4,2114.0,0.0,,2114,,
oxfendazole,1,0,4,2116.0,0.0,,2116,,
BRD-K58547240,2,0,4,2117.0,379.0,1738.0,2496,,
mpmq hydrochloride,1,0,4,2118.0,0.0,,2118,,
minocycline hydrochloride,1,0,4,2119.0,0.0,,2119,,
dilazep dihydrochloride,2,0,4,2119.5,616.5,1503.0,2736,,
tyloxapol,1,0,4,2120.0,0.0,,2120,,
BRD-K64835161,2,0,4,2123.0,283.0,1840.0,2406,,
fu jmbii127b,2,0,4,2124.0,559.0,1565.0,2683,,
tizanidine hcl,1,0,4,2124.0,0.0,,2124,,
BRD-K88868628,2,0,4,2125.0,352.0,1773.0,2477,,
t 0070907,1,0,4,2125.0,0.0,,2125,,
linoleamide,2,0,4,2128.0,556.0,1572.0,2684,,
fluocinonide,2,0,4,2128.5,120.5,2249.0,2008,,
thimerosal,2,0,4,2128.5,270.5,1858.0,2399,,
"tiratricol, 3,3',5-triiodothyroacetic acid",1,0,4,2129.0,0.0,,2129,,
ncgc00180994-01,2,0,4,2130.5,57.5,2188.0,2073,,
bml-st330,2,0,4,2131.0,217.0,1914.0,2348,,
BRD-K71574320,1,0,4,2133.0,0.0,,2133,,
pipamperone,1,0,4,2135.0,0.0,,2135,,
kuc104233 kuc104233n,1,0,4,2136.0,0.0,,2136,,
ub 165 fumarate,2,0,4,2137.0,287.0,1850.0,2424,,
rhodomyrtoxin,2,0,4,2137.5,89.5,2048.0,2227,,
arcyriaflavin a,1,0,4,2139.0,0.0,,2139,,
BRD-K06020002,1,0,4,2140.0,0.0,,2140,,
s1107,2,0,4,2140.5,342.5,1798.0,2483,,
chlorprothixene hydrochloride,2,0,4,2143.5,103.5,2040.0,2247,,
triprolidine hydrochloride,2,0,4,2144.5,462.5,1682.0,2607,,
d3943,2,0,4,2146.0,185.0,1961.0,2331,,
bay 59-3074,2,0,4,2147.0,287.0,1860.0,2434,,
gr-239,1,0,4,2150.0,0.0,,2150,,
tubocurarine chloride,2,0,4,2153.0,40.0,2113.0,2193,,
piroxicam,2,0,4,2154.0,401.0,1753.0,2555,,
racepinephrine hcl,1,0,4,2154.0,0.0,,2154,,
ns-1619,2,0,4,2155.5,285.5,1870.0,2441,,
skf 86002 dihydrochloride,1,0,4,2156.0,0.0,,2156,,
ncgc00183243-01,2,0,4,2163.5,287.5,1876.0,2451,,
naltrexone hydrochloride dihydrate,2,0,4,2164.0,200.0,1964.0,2364,,
s8822,1,0,4,2164.0,0.0,,2164,,
ncgc00184830-01,2,0,4,2166.0,585.0,1581.0,2751,,
cimaterol,2,0,4,2168.5,63.5,2105.0,2232,,
ag 538,2,0,4,2169.0,72.0,2097.0,2241,,
BRD-A31312900,2,0,4,2169.5,160.5,2009.0,2330,,
ly 288513,2,0,4,2169.5,426.5,1743.0,2596,,
BRD-K57592392,2,0,4,2170.0,241.0,1929.0,2411,,
rimexolone,2,0,4,2171.0,142.0,2029.0,2313,,
rf 01079,2,0,4,2171.5,167.5,2004.0,2339,,
BRD-K51683034,1,0,4,2174.0,0.0,,2174,,
BRD-K02646507,2,0,4,2175.5,398.5,1777.0,2574,,
ho-013,1,0,4,2180.0,0.0,,2180,,
"l-741,742 hydrochloride",2,0,4,2180.0,349.0,1831.0,2529,,
BRD-K13810148,2,0,4,2182.0,412.0,1770.0,2594,,
st4028268,2,0,4,2187.0,429.0,1758.0,2616,,
BRD-K94991378,2,0,4,2193.0,92.0,2101.0,2285,,
nrb 03823,2,0,4,2196.0,296.0,1900.0,2492,,
ncgc00165188-01,2,0,4,2196.5,354.5,1842.0,2551,,
BRD-K38634661,2,0,4,2198.0,498.0,1700.0,2696,,
darinaparsin,2,0,4,2198.0,332.0,1866.0,2530,,
BS-181,2,0,4,2198.5,27.5,2226.0,2171,,
1391-0741,2,0,4,2202.0,341.0,1861.0,2543,,
BRD-K79554012,1,0,4,2203.0,0.0,,2203,,
mammea a/ba + a/bb,1,0,4,2204.0,0.0,,2204,,
BRD-K36055864 (cycloheximide),2,0,4,2204.5,617.5,1587.0,2822,,
BRD-K10906552,2,0,4,2208.0,188.0,2020.0,2396,,
mls-0390857.0001,2,0,4,2208.0,392.0,1816.0,2600,,
ncgc00185090-03,2,0,4,2211.5,303.5,1908.0,2515,,
methysergide maleate,2,0,4,2213.0,295.0,1918.0,2508,,
"l-701,252",2,0,4,2215.5,212.5,2003.0,2428,,
flavokawain b,2,0,4,2217.5,295.5,1922.0,2513,,
citalopram hydrobromide,2,0,4,2219.0,2.0,2217.0,2221,,
BRD-K73319509,2,0,4,2219.5,28.5,2248.0,2191,,
BRD-K11671649,1,0,4,2220.0,0.0,,2220,,
BRD-K00954209,2,0,4,2221.5,167.5,2054.0,2389,,
diperodon hydrochloride,1,0,4,2223.0,0.0,,2223,,
ebpc,2,0,4,2229.5,375.5,1854.0,2605,,
flavoxate hydrochloride,1,0,4,2230.0,0.0,,2230,,
f9428,2,0,4,2233.5,389.5,1844.0,2623,,
BRD-K49749421,1,0,4,2234.0,0.0,,2234,,
harpagoside,2,0,4,2234.5,226.5,2008.0,2461,,
BRD-K31754360,1,0,4,2235.0,0.0,,2235,,
gibberellic acid,1,0,4,2237.0,0.0,,2237,,
epibatidine (+/-),1,0,4,2238.0,0.0,,2238,,
flucytosine,2,0,4,2238.5,299.5,1939.0,2538,,
BRD-K11758216,1,0,4,2240.0,0.0,,2240,,
icilin,2,0,4,2240.5,294.5,1946.0,2535,,
doxepin hydrochloride,2,0,4,2244.0,74.0,2170.0,2318,,
BRD-K57019930,2,0,4,2244.5,459.5,1785.0,2704,,
BRD-K05323277,2,0,4,2245.0,185.0,2060.0,2430,,
carbetapentane citrate,1,0,4,2250.0,0.0,,2250,,
BRD-K01806521,2,0,4,2251.0,298.0,1953.0,2549,,
h-9 dihydrochloride,1,0,4,2253.0,0.0,,2253,,
s1205,2,0,4,2257.0,141.0,2116.0,2398,,
dibenzepine hydrochloride,1,0,4,2258.0,0.0,,2258,,
bay 36-7620,2,0,4,2264.0,106.0,2158.0,2370,,
erythrosine sodium,1,0,4,2265.0,0.0,,2265,,
BRD-K51302260,2,0,4,2271.0,391.0,1880.0,2662,,
sertindole,1,0,4,2271.0,0.0,,2271,,
pd 102807,2,0,4,2271.5,299.5,1972.0,2571,,
n-ethylmaleimide,1,0,4,2274.0,0.0,,2274,,
BRD-K67010098,2,0,4,2278.0,204.0,2074.0,2482,,
BRD-K92981876,1,0,4,2278.0,0.0,,2278,,
clemastine fumarate,2,0,4,2281.0,414.0,1867.0,2695,,
BRD-K31851742,1,0,4,2282.0,0.0,,2282,,
"ici-199,441 hydrochloride",1,0,4,2283.0,0.0,,2283,,
liothyronine,2,0,4,2283.0,299.0,1984.0,2582,,
saquinavir mesylate,2,0,4,2283.5,347.5,1936.0,2631,,
ncgc00241357-01,2,0,4,2284.5,308.5,1976.0,2593,,
fu jmbii113b,1,0,4,2286.0,0.0,,2286,,
BRD-K88329126,2,0,4,2287.0,80.0,2207.0,2367,,
BRD-K72703948,2,0,4,2288.0,264.0,2024.0,2552,,
l 161982,2,0,4,2288.0,151.0,2137.0,2439,,
BRD-A12409803,1,0,4,2290.0,0.0,,2290,,
psh 008,2,0,4,2291.5,224.5,2067.0,2516,,
cgp 54626 hydrochloride,2,0,4,2298.0,499.0,1799.0,2797,,
r(-)-n-allylnorapomorphine,2,0,4,2298.0,247.0,2051.0,2545,,
triamcinolone,2,0,4,2298.0,286.0,2012.0,2584,,
bl-073,1,0,4,2301.0,0.0,,2301,,
ncgc00242364-01,2,0,4,2301.0,301.0,2000.0,2602,,
BRD-K90700939,2,0,4,2302.0,424.0,1878.0,2726,,
p0030,2,0,4,2302.5,176.5,2126.0,2479,,
vu0365117-1,2,0,4,2303.0,405.0,1898.0,2708,,
phenothiazine,2,0,4,2307.5,301.5,2006.0,2609,,
betamethasone,2,0,4,2309.0,256.0,2053.0,2565,,
hydrocortisone phosphate triethylamine,1,0,4,2310.0,0.0,,2310,,
mdl 73005ef hydrochloride,1,0,4,2315.0,0.0,,2315,,
ncgc00165199-01,2,0,4,2315.0,263.0,2052.0,2578,,
BRD-K93215584,2,0,4,2316.0,422.0,1894.0,2738,,
dcb,1,0,4,2316.0,0.0,,2316,,
amlodipine base,2,0,4,2318.0,304.0,2014.0,2622,,
ncgc00183218-01,2,0,4,2319.0,140.0,2179.0,2459,,
mitotane,2,0,4,2319.5,300.5,2019.0,2620,,
econazole nitrate,1,0,4,2322.0,0.0,,2322,,
BRD-K19410523,2,0,4,2323.5,132.5,2191.0,2456,,
sertraline,1,0,4,2324.0,0.0,,2324,,
ritanserin,2,0,4,2326.5,149.5,2177.0,2476,,
BRD-K56111351,2,0,4,2327.5,399.5,1928.0,2727,,
RG-108,2,0,4,2327.5,328.5,1999.0,2656,,
bg fa 0953,2,0,4,2331.5,300.5,2031.0,2632,,
estrone,2,0,4,2332.5,266.5,2066.0,2599,,
BRD-K98426715,2,0,4,2334.0,160.0,2174.0,2494,,
BRD-K04676863,2,0,4,2335.5,375.5,1960.0,2711,,
prothionamide,2,0,4,2335.5,249.5,2086.0,2585,,
kynuramine,2,0,4,2337.0,388.0,1949.0,2725,,
naproxol,2,0,4,2337.0,379.0,1958.0,2716,,
BRD-K23657553,2,0,4,2337.5,47.5,2290.0,2385,,
hy-10344,2,0,4,2345.0,195.0,2150.0,2540,,
s1014,2,0,4,2346.5,225.5,2121.0,2572,,
anagrelide hydrochloride,2,0,4,2348.5,179.5,2169.0,2528,,
BRD-A13195221,1,0,4,2349.0,0.0,,2349,,
BRD-K70415218,1,0,4,2352.0,0.0,,2352,,
dihydrexidine hydrochloride,1,0,4,2353.0,0.0,,2353,,
tretinoin,2,0,4,2353.5,212.5,2141.0,2566,,
BRD-A35020550,2,0,4,2354.5,447.5,1907.0,2802,,
jte 907,2,0,4,2355.5,285.5,2070.0,2641,,
ncgc00188324-02,2,0,4,2356.5,200.5,2156.0,2557,,
BRD-K86110682,1,0,4,2357.0,0.0,,2357,,
ncgc00167097-01,1,0,4,2359.0,0.0,,2359,,
st4062971,1,0,4,2361.0,0.0,,2361,,
BRD-A25088322,2,0,4,2362.0,250.0,2112.0,2612,,
BRD-K78930611,1,0,4,2365.0,0.0,,2365,,
BRD-K84106030,1,0,4,2369.0,0.0,,2369,,
mk 212,2,0,4,2370.0,118.0,2252.0,2488,,
bl-081,2,0,4,2370.5,232.5,2138.0,2603,,
BRD-K65404805,1,0,4,2371.0,0.0,,2371,,
betamethasone acetate,2,0,4,2372.5,290.5,2082.0,2663,,
CG-930,2,0,4,2374.0,272.0,2102.0,2646,,
BRD-K77681376,2,0,4,2374.5,239.5,2135.0,2614,,
BRD-K35133769,2,0,4,2377.0,234.0,2143.0,2611,,
ncs-382,1,0,4,2377.0,0.0,,2377,,
BRD-K00007652,2,0,4,2377.5,172.5,2205.0,2550,,
BRD-K34098590,1,0,4,2379.0,0.0,,2379,,
np-001445,2,0,4,2380.5,342.5,2038.0,2723,,
vu0424182-2,2,0,4,2383.0,243.0,2140.0,2626,,
gw 1929,2,0,4,2386.0,409.0,1977.0,2795,,
BRD-K68191783,2,0,4,2387.5,278.5,2109.0,2666,,
bjm-af-64 brd-k14324645,2,0,4,2388.5,310.5,2078.0,2699,,
gr 159897,2,0,4,2390.5,263.5,2127.0,2654,,
"homatropine hydrobromide (r,s)",2,0,4,2391.0,198.0,2193.0,2589,,
aceclidine hydrochloride,2,0,4,2391.5,386.5,2005.0,2778,,
hy-50767,2,0,4,2392.0,282.0,2110.0,2674,,
uzi/1930680,1,0,4,2393.0,0.0,,2393,,
mls-0435526.0001,2,0,4,2393.5,309.5,2084.0,2703,,
mefenamic acid,1,0,4,2395.0,0.0,,2395,,
cd 01333,2,0,4,2396.0,122.0,2274.0,2518,,
BRD-K18724229,2,0,4,2397.0,274.0,2123.0,2671,,
BRD-K53592093,2,0,4,2399.0,355.0,2044.0,2754,,
h-5832,2,0,4,2404.0,257.0,2147.0,2661,,
isoflupredone acetate,2,0,4,2406.5,130.5,2276.0,2537,,
BRD-K09485525,2,0,4,2407.5,400.5,2007.0,2808,,
BRD-K18364651,1,0,4,2409.0,0.0,,2409,,
s2004,2,0,4,2409.5,489.5,1920.0,2899,,
BRD-K18074178,1,0,4,2410.0,0.0,,2410,,
KIN001-270,2,0,4,2410.0,397.0,2013.0,2807,,
BRD-K02123250,2,0,4,2415.0,266.0,2149.0,2681,,
BRD-K47764688,2,0,4,2415.0,240.0,2175.0,2655,,
mead ethanolamide,2,0,4,2415.5,201.5,2214.0,2617,,
ag 527,2,0,4,2416.0,390.0,2026.0,2806,,
vu0365118-1,2,0,4,2417.0,295.0,2122.0,2712,,
BRD-K12401458,2,0,4,2419.0,396.0,2023.0,2815,,
tinidazole,1,0,4,2422.0,0.0,,2422,,
s4002,2,0,4,2423.0,308.0,2115.0,2731,,
BRD-A94793051,2,0,4,2425.5,330.5,2095.0,2756,,
c8273,2,0,4,2427.5,169.5,2258.0,2597,,
6-azauridine,2,0,4,2429.0,220.0,2209.0,2649,,
BRD-K72732164,1,0,4,2429.0,0.0,,2429,,
vigabatrin,2,0,4,2429.0,397.0,2032.0,2826,,
vu0405172-2,2,0,4,2429.0,404.0,2025.0,2833,,
brl 54443,2,0,4,2430.0,319.0,2111.0,2749,,
BRD-K07395346,2,0,4,2430.5,408.5,2022.0,2839,,
bw-b 70c,2,0,4,2432.5,325.5,2107.0,2758,,
ranitidine,2,0,4,2433.0,235.0,2198.0,2668,,
jas07 007,2,0,4,2434.0,295.0,2139.0,2729,,
BRD-K34508425,2,0,4,2435.5,222.5,2213.0,2658,,
bjm-csc-19 brd-k92817986,2,0,4,2437.5,308.5,2129.0,2746,,
nobiletin,1,0,4,2440.0,0.0,,2440,,
BRD-K15467014,1,0,4,2442.0,0.0,,2442,,
cjd-fun-4-2,2,0,4,2442.0,259.0,2183.0,2701,,
BRD-K70161581,2,0,4,2443.5,242.5,2201.0,2686,,
lidocaine hydrochloride,1,0,4,2447.0,0.0,,2447,,
ncgc00167107-01,2,0,4,2448.0,293.0,2155.0,2741,,
BRD-K61496577 (flumethasone),2,0,4,2451.0,317.0,2134.0,2768,,
BRD-A87848830,1,0,4,2453.0,0.0,,2453,,
BRD-K14328427,1,0,4,2454.0,0.0,,2454,,
s1485,2,0,4,2454.0,236.0,2218.0,2690,,
BRD-A30395175,2,0,4,2455.0,304.0,2151.0,2759,,
fumonisin b1,1,0,4,2457.0,0.0,,2457,,
BRD-K49861754,2,0,4,2458.5,258.5,2200.0,2717,,
np-006304,2,0,4,2458.5,234.5,2224.0,2693,,
dppe fumarate,2,0,4,2464.0,371.0,2093.0,2835,,
opipramol dihydrochloride,2,0,4,2464.5,304.5,2160.0,2769,,
lofepramine,1,0,4,2465.0,0.0,,2465,,
clocortolone pivalate,2,0,4,2469.0,379.0,2090.0,2848,,
meclocycline sulfosalicylate,1,0,4,2470.0,0.0,,2470,,
metergoline,2,0,4,2470.0,290.0,2180.0,2760,,
BRD-K60895275,1,0,4,2471.0,0.0,,2471,,
BRD-K05593511,2,0,4,2473.5,349.5,2124.0,2823,,
ikk inhibitor x,2,0,4,2474.0,271.0,2203.0,2745,,
stock4s-72743,1,0,4,2475.0,0.0,,2475,,
stock2s-84516,2,0,4,2477.0,390.0,2087.0,2867,,
nadolol,2,0,4,2477.5,309.5,2168.0,2787,,
hy-10456,2,0,4,2479.5,260.5,2219.0,2740,,
sb 206553 hydrochloride,2,0,4,2481.5,348.5,2133.0,2830,,
sulfacetamide sodic hydrate,2,0,4,2483.0,254.0,2229.0,2737,,
4-aminosalicylic acid,2,0,4,2484.0,392.0,2092.0,2876,,
BRD-K63979920,1,0,4,2484.0,0.0,,2484,,
BRD-K25150581,2,0,4,2486.0,332.0,2154.0,2818,,
BRD-K95760042,1,0,4,2487.0,0.0,,2487,,
rev-5901,2,0,4,2489.5,277.5,2212.0,2767,,
mls-0091943.0001,1,0,4,2490.0,0.0,,2490,,
BRD-A82197375,1,0,4,2499.0,0.0,,2499,,
BRD-K67470788,2,0,4,2499.5,420.5,2079.0,2920,,
brimonidine,2,0,4,2499.5,305.5,2194.0,2805,,
BRD-K46692335,1,0,4,2501.0,0.0,,2501,,
BRD-K14316227,2,0,4,2502.0,341.0,2161.0,2843,,
fluprostenol,1,0,4,2504.0,0.0,,2504,,
tyrphostin 47,2,0,4,2504.0,259.0,2245.0,2763,,
byssochlamic acid,2,0,4,2505.0,332.0,2173.0,2837,,
s1140,2,0,4,2505.0,399.0,2106.0,2904,,
BRD-K05331696,2,0,4,2508.5,275.5,2233.0,2784,,
foliosidine,1,0,4,2510.0,0.0,,2510,,
bulleyaconitine a,2,0,4,2514.0,338.0,2176.0,2852,,
gtp 14564,1,0,4,2514.0,0.0,,2514,,
s1172,2,0,4,2514.5,306.5,2208.0,2821,,
BRD-A15914070,1,0,4,2517.0,0.0,,2517,,
BRD-K53461563,2,0,4,2518.0,329.0,2189.0,2847,,
picotamide monohydrate,1,0,4,2519.0,0.0,,2519,,
prozac,2,0,4,2519.0,308.0,2211.0,2827,,
auraptene,1,0,4,2521.0,0.0,,2521,,
jak3 inhibitor i,1,0,4,2522.0,0.0,,2522,,
ncgc00229595-01,2,0,4,2523.5,308.5,2215.0,2832,,
iodophenpropit dihydrobromide,2,0,4,2524.5,227.5,2297.0,2752,,
s1039,1,0,4,2526.0,0.0,,2526,,
BRD-K52678950,2,0,4,2529.0,348.0,2181.0,2877,,
BRD-K17739445,2,0,4,2530.0,279.0,2251.0,2809,,
anpirtoline hydrochloride,1,0,4,2531.0,0.0,,2531,,
diphenylpyraline hydrochloride,2,0,4,2532.5,340.5,2192.0,2873,,
BRD-K43913647,2,0,4,2534.0,311.0,2223.0,2845,,
BRD-K07877311,2,0,4,2536.0,334.0,2202.0,2870,,
ebselen,1,0,4,2536.0,0.0,,2536,,
BRD-A60784279,2,0,4,2537.0,283.0,2254.0,2820,,
aripiprazole,1,0,4,2539.0,0.0,,2539,,
risperidone,2,0,4,2542.0,314.0,2228.0,2856,,
na-tosyl-phe chloromethyl ketone,2,0,4,2545.0,244.0,2301.0,2789,,
BRD-K90430314,1,0,4,2547.0,0.0,,2547,,
cp 93129 dihydrochloride,2,0,4,2548.0,276.0,2272.0,2824,,
jfd02227,2,0,4,2548.0,318.0,2230.0,2866,,
probucol,1,0,4,2548.0,0.0,,2548,,
st4066738,2,0,4,2551.5,313.5,2238.0,2865,,
BRD-K63923597,2,0,4,2552.0,330.0,2222.0,2882,,
bl-009,1,0,4,2553.0,0.0,,2553,,
BRD-K70917163,2,0,4,2553.5,262.5,2291.0,2816,,
corticosterone,2,0,4,2553.5,314.5,2239.0,2868,,
thyroxine (l),2,0,4,2554.5,314.5,2240.0,2869,,
BRD-K02216544,2,0,4,2555.0,351.0,2204.0,2906,,
BRD-K91677732,1,0,4,2556.0,0.0,,2556,,
ly 364947,1,0,4,2560.0,0.0,,2560,,
BRD-K37270826 (mifepristone),1,0,4,2561.0,0.0,,2561,,
BRD-K22988559,2,0,4,2561.5,295.5,2266.0,2857,,
naloxone hydrochloride,1,0,4,2563.0,0.0,,2563,,
thiocolchicoside,2,0,4,2563.5,329.5,2234.0,2893,,
mls-0106435.0004,1,0,4,2564.0,0.0,,2564,,
BRD-K05114711,2,0,4,2567.0,271.0,2296.0,2838,,
le 300,1,0,4,2568.0,0.0,,2568,,
benzamil hydrochloride,1,0,4,2573.0,0.0,,2573,,
BRD-K16947188,2,0,4,2573.5,312.5,2261.0,2886,,
BRD-K82024442,1,0,4,2575.0,0.0,,2575,,
chlorhexidine,2,0,4,2575.0,313.0,2262.0,2888,,
BRD-K28100108,1,0,4,2576.0,0.0,,2576,,
etomidate,2,0,4,2576.0,268.0,2308.0,2844,,
honokiol,1,0,4,2577.0,0.0,,2577,,
src kinase inhibitor ii,2,0,4,2577.5,324.5,2253.0,2902,,
BRD-K35573744,2,0,4,2578.0,300.0,2278.0,2878,,
BRD-K75128590,2,0,4,2578.5,342.5,2236.0,2921,,
GSK-J1,1,0,4,2580.0,0.0,,2580,,
BRD-A10523515,2,0,4,2580.5,320.5,2260.0,2901,,
BRD-K84091085,2,0,4,2582.5,314.5,2268.0,2897,,
cyclizine hydrochloride,2,0,4,2583.5,319.5,2264.0,2903,,
ncgc00238537-02,1,0,4,2587.0,0.0,,2587,,
BRD-K74777906,2,0,4,2588.0,301.0,2287.0,2889,,
acetylcysteine,2,0,4,2590.0,308.0,2282.0,2898,,
gemfibrozil,1,0,4,2590.0,0.0,,2590,,
memantine hydrochloride,2,0,4,2590.0,325.0,2265.0,2915,,
veliparib,2,0,4,2591.0,284.0,2307.0,2875,,
ncgc00183913-01,1,0,4,2592.0,0.0,,2592,,
pravastatin sodium salt,2,0,4,2592.5,325.5,2267.0,2918,,
ncgc00238548-02,2,0,4,2594.5,314.5,2280.0,2909,,
clofibrate,1,0,4,2595.0,0.0,,2595,,
gmx-1778,2,0,4,2597.0,303.0,2294.0,2900,,
BRD-K66426634,2,0,4,2601.5,309.5,2292.0,2911,,
pazopanib,2,0,4,2602.0,314.0,2288.0,2916,,
desoximetasone,2,0,4,2606.0,317.0,2289.0,2923,,
sulindac,2,0,4,2610.0,327.0,2283.0,2937,,
cam-9-021 brd-k05563014,2,0,4,2614.0,314.0,2300.0,2928,,
iodipamide,2,0,4,2616.0,303.0,2313.0,2919,,
piribedil dihydrochloride,2,0,4,2617.5,315.5,2302.0,2933,,
methylprednisolone,1,0,4,2618.0,0.0,,2618,,
ucl 2077,1,0,4,2621.0,0.0,,2621,,
apo866,1,0,4,2625.0,0.0,,2625,,
sp 600125,1,0,4,2627.0,0.0,,2627,,
sinensetin,1,0,4,2628.0,0.0,,2628,,
bis-tyrphostin,1,0,4,2629.0,0.0,,2629,,
carmofur,1,0,4,2630.0,0.0,,2630,,
altretamine,1,0,4,2633.0,0.0,,2633,,
meclofenamic acid sodium salt monohydrate,1,0,4,2638.0,0.0,,2638,,
mbcq,1,0,4,2639.0,0.0,,2639,,
s1458,1,0,4,2640.0,0.0,,2640,,
BRD-A45664787,1,0,4,2648.0,0.0,,2648,,
zuclopenthixol hydrochloride,1,0,4,2651.0,0.0,,2651,,
s1222,1,0,4,2652.0,0.0,,2652,,
escitalopram oxalate,1,0,4,2653.0,0.0,,2653,,
carvedilol,1,0,4,2657.0,0.0,,2657,,
dipivefrin hydrochloride,1,0,4,2664.0,0.0,,2664,,
BRD-K50659736,1,0,4,2665.0,0.0,,2665,,
bifonazole,1,0,4,2676.0,0.0,,2676,,
nafcillin sodium salt monohydrate,1,0,4,2685.0,0.0,,2685,,
BRD-A86792397,1,0,4,2688.0,0.0,,2688,,
ncgc00229596-01,1,0,4,2691.0,0.0,,2691,,
BRD-K57200229,1,0,4,2694.0,0.0,,2694,,
oxantel pamoate,1,0,4,2702.0,0.0,,2702,,
BRD-K32827536,1,0,4,2709.0,0.0,,2709,,
glyburide,1,0,4,2710.0,0.0,,2710,,
zolantidine dimaleate,1,0,4,2718.0,0.0,,2718,,
BRD-K18059480,1,0,4,2722.0,0.0,,2722,,
etanidazole,1,0,4,2730.0,0.0,,2730,,
jx 401,1,0,4,2732.0,0.0,,2732,,
BRD-K71172276,1,0,4,2735.0,0.0,,2735,,
t5223000,1,0,4,2739.0,0.0,,2739,,
BRD-K50204028,1,0,4,2742.0,0.0,,2742,,
tiabendazole,1,0,4,2743.0,0.0,,2743,,
BRD-A80383043,1,0,4,2748.0,0.0,,2748,,
"ici-185,282",1,0,4,2753.0,0.0,,2753,,
BRD-K24754728,1,0,4,2757.0,0.0,,2757,,
BRD-K41931739,1,0,4,2764.0,0.0,,2764,,
JNJ-38877605,1,0,4,2765.0,0.0,,2765,,
aminopentamide,1,0,4,2766.0,0.0,,2766,,
dy131,1,0,4,2771.0,0.0,,2771,,
BRD-K19593010,1,0,4,2772.0,0.0,,2772,,
BRD-K86492010,1,0,4,2779.0,0.0,,2779,,
bl-076,1,0,4,2780.0,0.0,,2780,,
vu0413238-1,1,0,4,2782.0,0.0,,2782,,
BRD-K12621773,1,0,4,2786.0,0.0,,2786,,
mls-0091944.0001,1,0,4,2791.0,0.0,,2791,,
alfadolone acetate,1,0,4,2792.0,0.0,,2792,,
sb 239063,1,0,4,2793.0,0.0,,2793,,
jnj 16259685,1,0,4,2799.0,0.0,,2799,,
phenelzine sulfate,1,0,4,2800.0,0.0,,2800,,
BRD-K64314806,1,0,4,2804.0,0.0,,2804,,
ei-189,1,0,4,2810.0,0.0,,2810,,
gsk2334470,1,0,4,2813.0,0.0,,2813,,
BRD-K94390040,1,0,4,2814.0,0.0,,2814,,
ncgc00185837-02,1,0,4,2817.0,0.0,,2817,,
BRD-K15916856,1,0,4,2825.0,0.0,,2825,,
dexchlorpheniramine maleate,1,0,4,2828.0,0.0,,2828,,
vu0366968,1,0,4,2829.0,0.0,,2829,,
BRD-K84677391,1,0,4,2834.0,0.0,,2834,,
BRD-K20514654,1,0,4,2836.0,0.0,,2836,,
BRD-K78701355,1,0,4,2840.0,0.0,,2840,,
bucladesine sodium salt,1,0,4,2842.0,0.0,,2842,,
BRD-K83213280,1,0,4,2851.0,0.0,,2851,,
BRD-K67847053 (guanabenz acetate),1,0,4,2854.0,0.0,,2854,,
cytosporone b,1,0,4,2855.0,0.0,,2855,,
s1154,1,0,4,2860.0,0.0,,2860,,
BRD-K76938712,1,0,4,2862.0,0.0,,2862,,
pca 4248,1,0,4,2863.0,0.0,,2863,,
BRD-K71915010,1,0,4,2872.0,0.0,,2872,,
BRD-A72837804,1,0,4,2874.0,0.0,,2874,,
BRD-K61341215,1,0,4,2879.0,0.0,,2879,,
indole-3-carbinol,1,0,4,2887.0,0.0,,2887,,
BRD-K78294846,1,0,4,2892.0,0.0,,2892,,
xylazine,1,0,4,2896.0,0.0,,2896,,
BRD-K14704318,1,0,4,2908.0,0.0,,2908,,
bw 723c86 hydrochloride,1,0,4,2912.0,0.0,,2912,,
oxprenolol hydrochloride,1,0,4,2913.0,0.0,,2913,,
BRD-K10114046,1,0,4,2917.0,0.0,,2917,,
clofibric acid,1,0,4,2922.0,0.0,,2922,,
mls-0435437.0002,1,0,4,2925.0,0.0,,2925,,
enalapril maleate,1,0,4,2927.0,0.0,,2927,,
BRD-K43782924,1,0,4,2929.0,0.0,,2929,,
loxapine succinate,1,0,4,2932.0,0.0,,2932,,
