compound,score,supporting_contexts,contexts,supporting_signatures,signatures,consistency,permutation_p,permutation_fdr,naive_overlap,interpretation,rank
palbociclib,-0.3095230139750305,41,41,41,41,1.0,0.009900990099009901,0.05829425047767934,38.97560975609756,Computational reversal candidate for further investigation.,1
KIN001-127,-0.2782919627065021,3,3,3,3,1.0,0.009900990099009901,0.05829425047767934,34.666666666666664,Computational reversal candidate for further investigation.,2
trametinib,-0.2242628762558554,29,29,29,29,1.0,0.009900990099009901,0.05829425047767934,33.0,Computational reversal candidate for further investigation.,3
erlotinib,-0.19536345735887,7,7,7,7,1.0,0.009900990099009901,0.05829425047767934,32.857142857142854,Computational reversal candidate for further investigation.,4
AZD-8330,-0.19319419964986073,29,30,29,30,0.9666666666666667,0.009900990099009901,0.05829425047767934,29.466666666666665,Computational reversal candidate for further investigation.,5
vemurafenib,-0.19189123349071513,8,8,8,8,1.0,0.009900990099009901,0.05829425047767934,29.25,Computational reversal candidate for further investigation.,6
PD-184352,-0.1855774992868255,20,20,20,20,1.0,0.009900990099009901,0.05829425047767934,26.35,Computational reversal candidate for further investigation.,7
selumetinib,-0.1828862055220687,21,22,21,22,0.9545454545454546,0.009900990099009901,0.05829425047767934,29.5,Computational reversal candidate for further investigation.,8
QL-XI-92,-0.17907752142518985,2,2,2,2,1.0,0.009900990099009901,0.05829425047767934,25.5,Computational reversal candidate for further investigation.,9
NVP-BGJ398,-0.1767871179500687,1,1,1,1,1.0,0.009900990099009901,0.05829425047767934,24.0,Computational reversal candidate for further investigation.,10
SB590885,-0.16467311164898407,10,11,10,11,0.9090909090909091,0.009900990099009901,0.05829425047767934,23.363636363636363,Computational reversal candidate for further investigation.,11
BMS509744,-0.16451201057743317,5,5,5,5,1.0,0.009900990099009901,0.05829425047767934,19.2,Computational reversal candidate for further investigation.,12
GDC-0941,-0.15635201398152898,28,28,28,28,1.0,0.009900990099009901,0.05829425047767934,24.535714285714285,Computational reversal candidate for further investigation.,13
GSK-2334470,-0.15592281186176504,2,2,2,2,1.0,0.009900990099009901,0.05829425047767934,21.5,Computational reversal candidate for further investigation.,14
TG-101348,-0.1514788584344524,19,19,19,19,1.0,0.009900990099009901,0.05829425047767934,25.526315789473685,Computational reversal candidate for further investigation.,15
CGK-733,-0.14469761179945553,8,8,8,8,1.0,0.009900990099009901,0.05829425047767934,18.5,Computational reversal candidate for further investigation.,16
lapatinib,-0.13864377425201854,6,6,6,6,1.0,0.009900990099009901,0.05829425047767934,17.0,Computational reversal candidate for further investigation.,17
crizotinib,-0.1363326101338622,9,9,9,9,1.0,0.009900990099009901,0.05829425047767934,20.444444444444443,Computational reversal candidate for further investigation.,18
HG-6-64-01,-0.13493254492295453,21,21,21,21,1.0,0.009900990099009901,0.05829425047767934,20.714285714285715,Computational reversal candidate for further investigation.,19
PIK-93,-0.13055932249757166,9,9,9,9,1.0,0.009900990099009901,0.05829425047767934,19.77777777777778,Computational reversal candidate for further investigation.,20
PD-0325901,-0.12992717851973937,49,50,126,127,0.98,0.009900990099009901,0.05829425047767934,22.30708661417323,Computational reversal candidate for further investigation.,21
PI-103,-0.1262786246524733,31,31,31,31,1.0,0.009900990099009901,0.05829425047767934,22.741935483870968,Computational reversal candidate for further investigation.,22
PLX-4720,-0.12598393719920514,8,8,8,8,1.0,0.009900990099009901,0.05829425047767934,23.875,Computational reversal candidate for further investigation.,23
SAR-245408,-0.12575352794198044,4,4,4,4,1.0,0.009900990099009901,0.05829425047767934,17.75,Computational reversal candidate for further investigation.,24
neratinib,-0.12539241832686268,24,24,24,24,1.0,0.009900990099009901,0.05829425047767934,19.416666666666668,Computational reversal candidate for further investigation.,25
GSK-2126458,-0.11993334280066899,70,71,70,71,0.9859154929577465,0.009900990099009901,0.05829425047767934,23.408450704225352,Computational reversal candidate for further investigation.,26
NVP-BGT226,-0.11828611254814604,30,30,30,30,1.0,0.009900990099009901,0.05829425047767934,18.733333333333334,Computational reversal candidate for further investigation.,27
CX-5461,-0.11447132361159654,2,2,2,2,1.0,0.009900990099009901,0.05829425047767934,17.0,Computational reversal candidate for further investigation.,28
LDN-193189,-0.11371876261358052,16,16,16,16,1.0,0.009900990099009901,0.05829425047767934,16.9375,Computational reversal candidate for further investigation.,29
ZSTK-474,-0.11274472623589625,32,33,32,33,0.9696969696969697,0.009900990099009901,0.05829425047767934,21.060606060606062,Computational reversal candidate for further investigation.,30
XMD-892,-0.11087686106559437,2,2,2,2,1.0,0.009900990099009901,0.05829425047767934,18.5,Computational reversal candidate for further investigation.,31
torin-2,-0.11072808404148049,54,56,54,56,0.9642857142857143,0.009900990099009901,0.05829425047767934,22.464285714285715,Computational reversal candidate for further investigation.,32
WZ-4-145,-0.1098403218747311,27,28,27,28,0.9642857142857143,0.009900990099009901,0.05829425047767934,19.392857142857142,Computational reversal candidate for further investigation.,33
gefitinib,-0.10948298267832807,10,10,10,10,1.0,0.009900990099009901,0.05829425047767934,27.5,Computational reversal candidate for further investigation.,34
PF 573228,-0.10856725169590142,2,2,2,2,1.0,0.009900990099009901,0.05829425047767934,18.5,Computational reversal candidate for further investigation.,35
garcinol,-0.10591868551309717,1,1,1,1,1.0,0.009900990099009901,0.05829425047767934,14.0,Computational reversal candidate for further investigation.,36
cabozantinib,-0.10512894926771378,1,1,1,1,1.0,0.009900990099009901,0.05829425047767934,15.0,Computational reversal candidate for further investigation.,37
OSI-027,-0.10339220863445947,28,29,28,29,0.9655172413793104,0.009900990099009901,0.05829425047767934,18.79310344827586,Computational reversal candidate for further investigation.,38
canertinib,-0.10316649939492509,20,20,20,20,1.0,0.009900990099009901,0.05829425047767934,21.15,Computational reversal candidate for further investigation.,39
XMD-1499,-0.1018643055261953,3,3,3,3,1.0,0.009900990099009901,0.05829425047767934,15.0,Computational reversal candidate for further investigation.,40
NU-7441,-0.10047428193112067,11,11,11,11,1.0,0.009900990099009901,0.05829425047767934,20.0,Computational reversal candidate for further investigation.,41
C646,-0.10001378233448614,6,6,6,6,1.0,0.009900990099009901,0.05829425047767934,16.0,Computational reversal candidate for further investigation.,42
GDC-0980,-0.09910608880461874,35,37,35,37,0.9459459459459459,0.009900990099009901,0.05829425047767934,19.594594594594593,Computational reversal candidate for further investigation.,43
NVP-TAE684,-0.09855295068281296,35,36,35,36,0.9722222222222222,0.009900990099009901,0.05829425047767934,22.666666666666668,Computational reversal candidate for further investigation.,44
WYE-125132,-0.09835824377564115,62,63,62,63,0.9841269841269841,0.009900990099009901,0.05829425047767934,18.96825396825397,Computational reversal candidate for further investigation.,45
TWS-119,-0.09799580417574313,5,5,5,5,1.0,0.009900990099009901,0.05829425047767934,17.6,Computational reversal candidate for further investigation.,46
BIX-02189,-0.0934865459387135,1,1,1,1,1.0,0.009900990099009901,0.05829425047767934,14.0,Computational reversal candidate for further investigation.,47
BX-795,-0.0923484607128801,5,5,5,5,1.0,0.009900990099009901,0.05829425047767934,13.4,Computational reversal candidate for further investigation.,48
HG-14-8-02,-0.09208422730179702,6,6,6,6,1.0,0.009900990099009901,0.05829425047767934,18.333333333333332,Computational reversal candidate for further investigation.,49
PF-3758309,-0.09206539823085876,21,21,21,21,1.0,0.009900990099009901,0.05829425047767934,15.285714285714286,Computational reversal candidate for further investigation.,50
JW-7-24-1,-0.0919954992478437,33,34,33,34,0.9705882352941176,0.009900990099009901,0.05829425047767934,19.11764705882353,Computational reversal candidate for further investigation.,51
NVP-AEW541,-0.09081673994493308,6,6,6,6,1.0,0.009900990099009901,0.05829425047767934,14.666666666666666,Computational reversal candidate for further investigation.,52
AZD4547,-0.0903094553141813,5,5,5,5,1.0,0.009900990099009901,0.05829425047767934,14.0,Computational reversal candidate for further investigation.,53
SGI-1776,-0.09014257213271722,5,5,5,5,1.0,0.009900990099009901,0.05829425047767934,16.0,Computational reversal candidate for further investigation.,54
torin-1,-0.09005412792855204,61,63,61,63,0.9682539682539683,0.009900990099009901,0.05829425047767934,19.317460317460316,Computational reversal candidate for further investigation.,55
AZD-8055,-0.0888202449301398,36,37,36,37,0.972972972972973,0.009900990099009901,0.05829425047767934,18.0,Computational reversal candidate for further investigation.,56
WZ-4002,-0.088265612491053,4,4,4,4,1.0,0.009900990099009901,0.05829425047767934,15.5,Computational reversal candidate for further investigation.,57
sutent,-0.08661978656708838,6,7,6,7,0.8571428571428571,0.009900990099009901,0.05829425047767934,15.285714285714286,Computational reversal candidate for further investigation.,58
NVP-TAE226,-0.08624112341285697,9,9,9,9,1.0,0.009900990099009901,0.05829425047767934,16.88888888888889,Computational reversal candidate for further investigation.,59
JWE-035,-0.08531157996667985,9,9,9,9,1.0,0.009900990099009901,0.05829425047767934,12.222222222222221,Computational reversal candidate for further investigation.,60
UNC0638,-0.08518533166437024,3,3,3,3,1.0,0.009900990099009901,0.05829425047767934,11.666666666666666,Computational reversal candidate for further investigation.,61
YM-201636,-0.08423582296275248,8,8,8,8,1.0,0.009900990099009901,0.05829425047767934,16.25,Computational reversal candidate for further investigation.,62
LY2603618,-0.0831699394704453,9,9,9,9,1.0,0.009900990099009901,0.05829425047767934,12.777777777777779,Computational reversal candidate for further investigation.,63
NVP-BEZ235,-0.08119424954984969,60,67,60,67,0.8955223880597015,0.009900990099009901,0.05829425047767934,20.223880597014926,Computational reversal candidate for further investigation.,64
AS-605240,-0.08073721186118465,24,25,24,25,0.96,0.009900990099009901,0.05829425047767934,16.8,Computational reversal candidate for further investigation.,65
sorafenib,-0.07981353705071226,11,11,11,11,1.0,0.009900990099009901,0.05829425047767934,15.909090909090908,Computational reversal candidate for further investigation.,66
dinaciclib,-0.07687999675037326,37,37,37,37,1.0,0.009900990099009901,0.05829425047767934,10.297297297297296,Computational reversal candidate for further investigation.,67
BIX-01294,-0.07657356666844542,3,3,3,3,1.0,0.009900990099009901,0.05829425047767934,11.666666666666666,Computational reversal candidate for further investigation.,68
nilotinib,-0.07624730965458773,4,5,4,5,0.8,0.009900990099009901,0.05829425047767934,11.0,Computational reversal candidate for further investigation.,69
vandetanib,-0.07588362782094207,4,4,4,4,1.0,0.009900990099009901,0.05829425047767934,14.5,Computational reversal candidate for further investigation.,70
foretinib,-0.07460381957446452,16,16,16,16,1.0,0.009900990099009901,0.05829425047767934,20.25,Computational reversal candidate for further investigation.,71
QL-XII-47,-0.07425635985539467,45,45,45,45,1.0,0.009900990099009901,0.05829425047767934,13.8,Computational reversal candidate for further investigation.,72
linsitinib,-0.07220713895856064,4,4,4,4,1.0,0.009900990099009901,0.05829425047767934,11.25,Computational reversal candidate for further investigation.,73
CP-724714,-0.0721221969306889,5,5,5,5,1.0,0.009900990099009901,0.05829425047767934,10.0,Computational reversal candidate for further investigation.,74
celastrol,-0.07088268216721594,29,30,29,30,0.9666666666666667,0.009900990099009901,0.05829425047767934,12.733333333333333,Computational reversal candidate for further investigation.,75
dabrafenib,-0.07065529714697794,13,13,13,13,1.0,0.009900990099009901,0.05829425047767934,12.615384615384615,Computational reversal candidate for further investigation.,76
MK-2206,-0.06991411992352572,11,11,11,11,1.0,0.009900990099009901,0.05829425047767934,19.09090909090909,Computational reversal candidate for further investigation.,77
AZ-628,-0.0696486391381791,9,9,9,9,1.0,0.009900990099009901,0.05829425047767934,11.444444444444445,Computational reversal candidate for further investigation.,78
WH-4-025,-0.06634811984259883,14,14,14,14,1.0,0.009900990099009901,0.05829425047767934,15.857142857142858,Computational reversal candidate for further investigation.,79
XMD-885,-0.06534306252318134,6,7,6,7,0.8571428571428571,0.009900990099009901,0.05829425047767934,11.285714285714286,Computational reversal candidate for further investigation.,80
VE821,-0.06484003870739613,2,2,2,2,1.0,0.009900990099009901,0.05829425047767934,11.0,Computational reversal candidate for further investigation.,81
BX-912,-0.06450519490203675,10,11,10,11,0.9090909090909091,0.009900990099009901,0.05829425047767934,11.454545454545455,Computational reversal candidate for further investigation.,82
HG-5-88-01,-0.06252780070139657,9,9,9,9,1.0,0.009900990099009901,0.05829425047767934,10.666666666666666,Computational reversal candidate for further investigation.,83
AZD-5438,-0.06241742728744163,51,59,51,59,0.864406779661017,0.009900990099009901,0.05829425047767934,12.932203389830509,Computational reversal candidate for further investigation.,84
imatinib,-0.062354706344739455,2,2,2,2,1.0,0.009900990099009901,0.05829425047767934,9.0,Computational reversal candidate for further investigation.,85
rocilinostat,-0.061476237827126246,4,4,4,4,1.0,0.009900990099009901,0.05829425047767934,12.25,Computational reversal candidate for further investigation.,86
withaferin-a,-0.061249637246160824,40,42,61,63,0.9523809523809523,0.009900990099009901,0.05829425047767934,14.396825396825397,Computational reversal candidate for further investigation.,87
HG-5-113-01,-0.06100047687937321,17,19,17,19,0.8947368421052632,0.009900990099009901,0.05829425047767934,11.157894736842104,Computational reversal candidate for further investigation.,88
CGP-60474,-0.060986279691055335,110,131,245,274,0.8396946564885496,0.009900990099009901,0.05829425047767934,10.186131386861314,Computational reversal candidate for further investigation.,89
nintedanib,-0.060916857995108244,9,10,9,10,0.9,0.009900990099009901,0.05829425047767934,10.9,Computational reversal candidate for further investigation.,90
BS-181,-0.05991893455218711,3,3,3,3,1.0,0.009900990099009901,0.05829425047767934,14.0,Computational reversal candidate for further investigation.,91
HG-14-10-04,-0.059517346021629336,11,11,11,11,1.0,0.009900990099009901,0.05829425047767934,12.181818181818182,Computational reversal candidate for further investigation.,92
mitoxantrone,-0.059304225778844755,77,80,135,139,0.9625,0.009900990099009901,0.05829425047767934,16.762589928057555,Computational reversal candidate for further investigation.,93
I-BET151,-0.05907926464230426,15,16,15,16,0.9375,0.009900990099009901,0.05829425047767934,11.0,Computational reversal candidate for further investigation.,94
KW-2449,-0.05851166758933395,3,3,3,3,1.0,0.009900990099009901,0.05829425047767934,11.333333333333334,Computational reversal candidate for further investigation.,95
HG-9-91-01,-0.05837829399974247,3,3,3,3,1.0,0.009900990099009901,0.05829425047767934,9.0,Computational reversal candidate for further investigation.,96
TGX-221,-0.05801036586187082,3,3,3,3,1.0,0.009900990099009901,0.05829425047767934,16.666666666666668,Computational reversal candidate for further investigation.,97
JNK-9L,-0.05794748920072769,37,45,37,45,0.8222222222222222,0.009900990099009901,0.05829425047767934,9.4,Computational reversal candidate for further investigation.,98
amuvatinib,-0.0575601541545834,1,1,1,1,1.0,0.009900990099009901,0.05829425047767934,9.0,Computational reversal candidate for further investigation.,99
PD-173074,-0.057028414475072106,4,4,4,4,1.0,0.009900990099009901,0.05829425047767934,15.5,Computational reversal candidate for further investigation.,100
AT7867,-0.05688449329282051,4,4,4,4,1.0,0.009900990099009901,0.05829425047767934,15.25,Computational reversal candidate for further investigation.,101
KIN001-265,-0.05626731391405411,4,4,4,4,1.0,0.009900990099009901,0.05829425047767934,14.0,Computational reversal candidate for further investigation.,102
INK-128,-0.05624960259878069,28,28,28,28,1.0,0.009900990099009901,0.05829425047767934,11.392857142857142,Computational reversal candidate for further investigation.,103
BMS-387032,-0.05601341076096062,56,72,56,72,0.7777777777777778,0.009900990099009901,0.05829425047767934,9.48611111111111,Computational reversal candidate for further investigation.,104
entinostat,-0.055992310354766664,11,11,11,11,1.0,0.009900990099009901,0.05829425047767934,9.181818181818182,Computational reversal candidate for further investigation.,105
QL-X-138,-0.055002843524879594,28,30,28,30,0.9333333333333333,0.009900990099009901,0.05829425047767934,11.333333333333334,Computational reversal candidate for further investigation.,106
afatinib,-0.05469732392395871,18,19,18,19,0.9473684210526315,0.009900990099009901,0.05829425047767934,15.210526315789474,Computational reversal candidate for further investigation.,107
DCC-2036,-0.054669516111143124,11,11,11,11,1.0,0.009900990099009901,0.05829425047767934,11.454545454545455,Computational reversal candidate for further investigation.,108
PF-562271,-0.05421824123663861,27,31,27,31,0.8709677419354839,0.009900990099009901,0.05829425047767934,11.225806451612904,Computational reversal candidate for further investigation.,109
methylstat,-0.05391997010626277,6,6,6,6,1.0,0.009900990099009901,0.05829425047767934,12.833333333333334,Computational reversal candidate for further investigation.,110
dovitinib,-0.05334071288887445,18,19,18,19,0.9473684210526315,0.009900990099009901,0.05829425047767934,25.263157894736842,Computational reversal candidate for further investigation.,111
PHA-793887,-0.05270248484845306,54,59,54,59,0.9152542372881356,0.009900990099009901,0.05829425047767934,15.084745762711865,Computational reversal candidate for further investigation.,112
pracinostat,-0.05222047834833972,26,27,26,27,0.9629629629629629,0.009900990099009901,0.05829425047767934,11.407407407407407,Computational reversal candidate for further investigation.,113
PF-431396,-0.05179304757337724,16,18,16,18,0.8888888888888888,0.009900990099009901,0.05829425047767934,10.88888888888889,Computational reversal candidate for further investigation.,114
AZ20,-0.0517103719058074,10,11,10,11,0.9090909090909091,0.009900990099009901,0.05829425047767934,12.909090909090908,Computational reversal candidate for further investigation.,115
PHA-665752,-0.05169791656392964,8,8,8,8,1.0,0.009900990099009901,0.05829425047767934,12.375,Computational reversal candidate for further investigation.,116
AT-7519,-0.05164692092381741,49,61,49,61,0.8032786885245902,0.009900990099009901,0.05829425047767934,9.032786885245901,Computational reversal candidate for further investigation.,117
mocetinostat,-0.051346398958250564,16,16,16,16,1.0,0.009900990099009901,0.05829425047767934,9.8125,Computational reversal candidate for further investigation.,118
tozasertib,-0.04978295323834098,8,9,8,9,0.8888888888888888,0.009900990099009901,0.05829425047767934,12.88888888888889,Computational reversal candidate for further investigation.,119
dasatinib,-0.048871294657986994,42,48,68,76,0.875,0.009900990099009901,0.05829425047767934,12.75,Computational reversal candidate for further investigation.,120
pelitinib,-0.048388964776099136,20,25,20,25,0.8,0.009900990099009901,0.05829425047767934,16.52,Computational reversal candidate for further investigation.,121
AST1306,-0.04838731733968247,5,5,5,5,1.0,0.009900990099009901,0.05829425047767934,6.8,Computational reversal candidate for further investigation.,122
belinostat,-0.04762496479177882,27,28,27,28,0.9642857142857143,0.009900990099009901,0.05829425047767934,9.392857142857142,Computational reversal candidate for further investigation.,123
GDC-0879,-0.047484171288574545,2,2,2,2,1.0,0.009900990099009901,0.05829425047767934,6.0,Computational reversal candidate for further investigation.,124
alvocidib,-0.047250182558307735,56,78,56,78,0.717948717948718,0.009900990099009901,0.05829425047767934,9.384615384615385,Computational reversal candidate for further investigation.,125
GSK-1070916,-0.047007831636133826,11,11,11,11,1.0,0.009900990099009901,0.05829425047767934,10.181818181818182,Computational reversal candidate for further investigation.,126
GSK-1904529A,-0.046513078511307926,2,2,2,2,1.0,0.009900990099009901,0.05829425047767934,7.5,Computational reversal candidate for further investigation.,127
quizartinib,-0.04634740436395074,2,2,2,2,1.0,0.009900990099009901,0.05829425047767934,8.5,Computational reversal candidate for further investigation.,128
regorafenib,-0.045855022654044605,5,5,5,5,1.0,0.009900990099009901,0.05829425047767934,9.8,Computational reversal candidate for further investigation.,129
CTB,-0.0457506154053237,1,1,1,1,1.0,0.009900990099009901,0.05829425047767934,8.0,Computational reversal candidate for further investigation.,130
roscovitine,-0.045575266458801306,2,2,2,2,1.0,0.009900990099009901,0.05829425047767934,10.5,Computational reversal candidate for further investigation.,131
gw 5074,-0.04522744057643222,1,1,1,1,1.0,0.009900990099009901,0.05829425047767934,8.0,Computational reversal candidate for further investigation.,132
bms 191011,-0.04512242742004713,1,1,1,1,1.0,0.009900990099009901,0.05829425047767934,7.0,Computational reversal candidate for further investigation.,133
XMD11-85H,-0.04512103496320198,9,9,9,9,1.0,0.009900990099009901,0.05829425047767934,11.555555555555555,Computational reversal candidate for further investigation.,134
PF-477736,-0.044746725135713386,28,34,28,34,0.8235294117647058,0.009900990099009901,0.05829425047767934,14.588235294117647,Computational reversal candidate for further investigation.,135
ZM-447439,-0.04471252753932827,3,3,3,3,1.0,0.009900990099009901,0.05829425047767934,7.666666666666667,Computational reversal candidate for further investigation.,136
AS-601245,-0.04410020702007055,16,17,16,17,0.9411764705882353,0.009900990099009901,0.05829425047767934,7.764705882352941,Computational reversal candidate for further investigation.,137
PHA-767491,-0.04379038912267979,5,5,5,5,1.0,0.009900990099009901,0.05829425047767934,8.6,Computational reversal candidate for further investigation.,138
SYK-inhibitor,-0.04377093921559079,3,4,3,4,0.75,0.009900990099009901,0.05829425047767934,7.25,Computational reversal candidate for further investigation.,139
serdemetan,-0.043572179714586476,2,3,2,3,0.6666666666666666,0.009900990099009901,0.05829425047767934,8.666666666666666,Computational reversal candidate for further investigation.,140
AZD-6482,-0.04305189254176603,3,3,3,3,1.0,0.009900990099009901,0.05829425047767934,8.666666666666666,Computational reversal candidate for further investigation.,141
GSK-1059615,-0.04297715633595559,29,34,61,66,0.8529411764705882,0.009900990099009901,0.05829425047767934,10.575757575757576,Computational reversal candidate for further investigation.,142
ponatinib,-0.042965943579220074,4,5,4,5,0.8,0.009900990099009901,0.05829425047767934,9.4,Computational reversal candidate for further investigation.,143
BRD-K56477805,-0.04285008621309606,1,1,1,1,1.0,0.009900990099009901,0.05829425047767934,6.0,Computational reversal candidate for further investigation.,144
BMS-345541,-0.04230299403998958,14,14,14,14,1.0,0.009900990099009901,0.05829425047767934,8.928571428571429,Computational reversal candidate for further investigation.,145
WZ-3105,-0.041952704374525196,54,55,54,55,0.9818181818181818,0.009900990099009901,0.05829425047767934,7.945454545454545,Computational reversal candidate for further investigation.,146
BYL719,-0.0415342860875193,5,5,5,5,1.0,0.009900990099009901,0.05829425047767934,8.0,Computational reversal candidate for further investigation.,147
RAF 265,-0.041436549729896965,4,4,4,4,1.0,0.009900990099009901,0.05829425047767934,8.0,Computational reversal candidate for further investigation.,148
XMD-1150,-0.04131337371394775,26,27,26,27,0.9629629629629629,0.009900990099009901,0.05829425047767934,14.25925925925926,Computational reversal candidate for further investigation.,149
SU-11274,-0.04065956646037476,3,3,3,3,1.0,0.009900990099009901,0.05829425047767934,17.0,Computational reversal candidate for further investigation.,150
SB-525334,-0.040107053543370665,1,1,1,1,1.0,0.009900990099009901,0.05829425047767934,6.0,Computational reversal candidate for further investigation.,151
saracatinib,-0.039880891493415435,13,15,15,17,0.8666666666666667,0.009900990099009901,0.05829425047767934,11.294117647058824,Computational reversal candidate for further investigation.,152
ag 82,-0.039812773198937355,1,1,1,1,1.0,0.009900990099009901,0.05829425047767934,9.0,Computational reversal candidate for further investigation.,153
linifanib,-0.039415964081863944,15,16,15,16,0.9375,0.009900990099009901,0.05829425047767934,7.6875,Computational reversal candidate for further investigation.,154
radicicol,-0.038415777576460336,40,53,58,76,0.7547169811320755,0.009900990099009901,0.05829425047767934,11.828947368421053,Computational reversal candidate for further investigation.,155
KIN001-244,-0.03804418383301894,3,3,3,3,1.0,0.009900990099009901,0.05829425047767934,5.666666666666667,Computational reversal candidate for further investigation.,156
AZD7762,-0.037942731486226976,2,2,2,2,1.0,0.009900990099009901,0.05829425047767934,5.5,Computational reversal candidate for further investigation.,157
bosutinib,-0.03793443291642362,6,6,6,6,1.0,0.009900990099009901,0.05829425047767934,12.0,Computational reversal candidate for further investigation.,158
I-BET,-0.03753251704793542,8,9,8,9,0.8888888888888888,0.009900990099009901,0.05829425047767934,8.444444444444445,Computational reversal candidate for further investigation.,159
sunitinib,-0.03742004525884032,12,14,12,14,0.8571428571428571,0.009900990099009901,0.05829425047767934,8.714285714285714,Computational reversal candidate for further investigation.,160
(+)-JQ1,-0.037180990791688295,24,24,24,24,1.0,0.009900990099009901,0.05829425047767934,9.041666666666666,Computational reversal candidate for further investigation.,161
NVP-AUY922,-0.03636540233545519,38,51,38,51,0.7450980392156863,0.009900990099009901,0.05829425047767934,10.019607843137255,Computational reversal candidate for further investigation.,162
A443654,-0.03589197588165767,48,55,48,55,0.8727272727272727,0.009900990099009901,0.05829425047767934,7.945454545454545,Computational reversal candidate for further investigation.,163
azacitidine,-0.0356148380390641,5,5,5,5,1.0,0.009900990099009901,0.05829425047767934,9.2,Computational reversal candidate for further investigation.,164
motesanib,-0.035336143805358385,1,1,1,1,1.0,0.009900990099009901,0.05829425047767934,5.0,Computational reversal candidate for further investigation.,165
OTSSP167,-0.03469551805003517,20,20,20,20,1.0,0.009900990099009901,0.05829425047767934,7.15,Computational reversal candidate for further investigation.,166
AKT-inhibitor-1-2,-0.03387075585454332,2,2,2,2,1.0,0.009900990099009901,0.05829425047767934,5.5,Computational reversal candidate for further investigation.,167
tanespimycin,-0.03366279837025771,7,7,14,14,1.0,0.009900990099009901,0.05829425047767934,8.5,Computational reversal candidate for further investigation.,168
pheniramine maleate,-0.033622193103951654,1,1,1,1,1.0,0.009900990099009901,0.05829425047767934,5.0,Computational reversal candidate for further investigation.,169
tivozanib,-0.032769341855846484,1,1,1,1,1.0,0.009900990099009901,0.05829425047767934,5.0,Computational reversal candidate for further investigation.,170
(-)-JQ1,-0.032668899343772484,1,1,1,1,1.0,0.009900990099009901,0.05829425047767934,7.0,Computational reversal candidate for further investigation.,171
TPCA-1,-0.03265107774579914,4,4,4,4,1.0,0.009900990099009901,0.05829425047767934,6.0,Computational reversal candidate for further investigation.,172
MLN-8054,-0.03260667866569817,3,4,3,4,0.75,0.009900990099009901,0.05829425047767934,11.25,Computational reversal candidate for further investigation.,173
KIN001-043,-0.03245360734132019,16,22,16,22,0.7272727272727273,0.009900990099009901,0.05829425047767934,12.136363636363637,Computational reversal candidate for further investigation.,174
ci 976,-0.03233177095754683,1,1,1,1,1.0,0.009900990099009901,0.05829425047767934,7.0,Computational reversal candidate for further investigation.,175
BRD-K11611839,-0.03232289042238556,1,1,1,1,1.0,0.009900990099009901,0.05829425047767934,5.0,Computational reversal candidate for further investigation.,176
chelerythrine chloride,-0.03224621534604709,3,4,3,4,0.75,0.009900990099009901,0.05829425047767934,7.25,Computational reversal candidate for further investigation.,177
dacomitinib,-0.032107292761906686,5,5,5,5,1.0,0.009900990099009901,0.05829425047767934,6.4,Computational reversal candidate for further investigation.,178
mls-0091943.0001,-0.03203169979208141,1,1,1,1,1.0,0.009900990099009901,0.05829425047767934,5.0,Computational reversal candidate for further investigation.,179
PFI-1,-0.03193724320607608,7,8,7,8,0.875,0.009900990099009901,0.05829425047767934,9.625,Computational reversal candidate for further investigation.,180
NPK76-II-72-1,-0.03171790861862202,4,5,4,5,0.8,0.009900990099009901,0.05829425047767934,7.0,Computational reversal candidate for further investigation.,181
CH5424802,-0.03144798436264387,1,1,1,1,1.0,0.019801980198019802,0.09715708412946557,6.0,Computational reversal candidate for further investigation.,182
XMD16-144,-0.030949488713647028,28,31,28,31,0.9032258064516129,0.009900990099009901,0.05829425047767934,9.935483870967742,Computational reversal candidate for further investigation.,183
"reichstein/c,aeos substance/c-*s",-0.029830011067960318,1,1,1,1,1.0,0.009900990099009901,0.05829425047767934,7.0,Computational reversal candidate for further investigation.,184
loxapine succinate,-0.029779159833682237,1,1,1,1,1.0,0.009900990099009901,0.05829425047767934,6.0,Computational reversal candidate for further investigation.,185
ppt,-0.029760601182986325,1,1,1,1,1.0,0.009900990099009901,0.05829425047767934,5.0,Computational reversal candidate for further investigation.,186
CYT387,-0.029537653594951273,10,10,10,10,1.0,0.009900990099009901,0.05829425047767934,8.7,Computational reversal candidate for further investigation.,187
BRD-K55827386,-0.029483015075733914,1,1,1,1,1.0,0.009900990099009901,0.05829425047767934,6.0,Computational reversal candidate for further investigation.,188
fludrocortisone acetate,-0.02940311287039852,2,3,2,3,0.6666666666666666,0.009900990099009901,0.05829425047767934,6.666666666666667,Computational reversal candidate for further investigation.,189
norcyclobenzaprine,-0.029245117243441376,1,1,1,1,1.0,0.009900990099009901,0.05829425047767934,6.0,Computational reversal candidate for further investigation.,190
pazopanib,-0.029200849547200453,4,4,4,4,1.0,0.009900990099009901,0.05829425047767934,8.75,Computational reversal candidate for further investigation.,191
"ici-162,846",-0.029045993826771227,1,1,1,1,1.0,0.019801980198019802,0.09715708412946557,8.0,Computational reversal candidate for further investigation.,192
BRD-K65366129,-0.02904432304237764,1,1,1,1,1.0,0.009900990099009901,0.05829425047767934,6.0,Computational reversal candidate for further investigation.,193
barasertib,-0.028885278328863572,2,2,2,2,1.0,0.009900990099009901,0.05829425047767934,7.0,Computational reversal candidate for further investigation.,194
BRD-K47635719 (dexamethasone acetate),-0.028852056355187415,1,1,1,1,1.0,0.0297029702970297,0.1332662678032509,8.0,Computational reversal candidate for further investigation.,195
calcipotriol,-0.02841891308263107,1,1,1,1,1.0,0.009900990099009901,0.05829425047767934,5.0,Computational reversal candidate for further investigation.,196
rifapentine,-0.028367548759799573,1,1,1,1,1.0,0.019801980198019802,0.09715708412946557,5.0,Computational reversal candidate for further investigation.,197
BRD-K14749055,-0.028182529237206037,1,1,1,1,1.0,0.019801980198019802,0.09715708412946557,11.0,Computational reversal candidate for further investigation.,198
troglitazone,-0.02805040946435391,1,1,1,1,1.0,0.009900990099009901,0.05829425047767934,6.0,Computational reversal candidate for further investigation.,199
tranilast,-0.027964527664094796,1,1,1,1,1.0,0.009900990099009901,0.05829425047767934,9.0,Computational reversal candidate for further investigation.,200
hy-11005,-0.027734347500448415,2,2,2,2,1.0,0.009900990099009901,0.05829425047767934,6.0,Computational reversal candidate for further investigation.,201
sirolimus,-0.02766430545792693,21,27,23,29,0.7777777777777778,0.009900990099009901,0.05829425047767934,10.344827586206897,Computational reversal candidate for further investigation.,202
BRD-K16472144,-0.027586273195321233,1,1,1,1,1.0,0.009900990099009901,0.05829425047767934,6.0,Computational reversal candidate for further investigation.,203
BRD-K17953061,-0.027484842906169232,9,9,9,9,1.0,0.009900990099009901,0.05829425047767934,8.444444444444445,Computational reversal candidate for further investigation.,204
BRD-K08316444,-0.027458851239276914,4,4,4,4,1.0,0.009900990099009901,0.05829425047767934,5.5,Computational reversal candidate for further investigation.,205
GSK-690693,-0.02742121713128283,7,8,7,8,0.875,0.009900990099009901,0.05829425047767934,6.375,Computational reversal candidate for further investigation.,206
hy-50940,-0.02741644675525393,10,11,10,11,0.9090909090909091,0.009900990099009901,0.05829425047767934,9.454545454545455,Computational reversal candidate for further investigation.,207
BRD-U00779237,-0.027266255359339787,11,11,11,11,1.0,0.009900990099009901,0.05829425047767934,7.2727272727272725,Computational reversal candidate for further investigation.,208
BRD-K89209981,-0.02707550798118384,1,1,1,1,1.0,0.009900990099009901,0.05829425047767934,5.0,Computational reversal candidate for further investigation.,209
BRD-K97274161,-0.026963085612747295,1,1,1,1,1.0,0.019801980198019802,0.09715708412946557,5.0,Computational reversal candidate for further investigation.,210
hy-10459,-0.026945600029653387,11,11,11,11,1.0,0.009900990099009901,0.05829425047767934,8.545454545454545,Computational reversal candidate for further investigation.,211
CP466722,-0.02690688300558743,4,5,4,5,0.8,0.009900990099009901,0.05829425047767934,10.6,Computational reversal candidate for further investigation.,212
BRD-K95895342,-0.02687398698275384,1,1,1,1,1.0,0.009900990099009901,0.05829425047767934,7.0,Computational reversal candidate for further investigation.,213
BRD-K87909389,-0.026766494837167608,13,13,19,19,1.0,0.009900990099009901,0.05829425047767934,9.578947368421053,Computational reversal candidate for further investigation.,214
BRD-K01896723,-0.026421128788012015,7,8,7,8,0.875,0.009900990099009901,0.05829425047767934,8.5,Computational reversal candidate for further investigation.,215
ncgc00181061-03,-0.026368382556034253,1,1,1,1,1.0,0.0297029702970297,0.1332662678032509,7.0,Computational reversal candidate for further investigation.,216
BRD-K42489623,-0.026309776567143263,1,1,1,1,1.0,0.009900990099009901,0.05829425047767934,11.0,Computational reversal candidate for further investigation.,217
BRD-K88708949,-0.02621409973913797,1,1,1,1,1.0,0.019801980198019802,0.09715708412946557,7.0,Computational reversal candidate for further investigation.,218
nisoldipine,-0.025809259131839315,1,1,1,1,1.0,0.009900990099009901,0.05829425047767934,8.0,Computational reversal candidate for further investigation.,219
BRD-K37150847,-0.025502645015647675,1,1,1,1,1.0,0.009900990099009901,0.05829425047767934,7.0,Computational reversal candidate for further investigation.,220
BRD-A84327315,-0.025211686732962337,1,1,1,1,1.0,0.009900990099009901,0.05829425047767934,5.0,Computational reversal candidate for further investigation.,221
pp3,-0.025122884946798013,1,1,1,1,1.0,0.009900990099009901,0.05829425047767934,6.0,Computational reversal candidate for further investigation.,222
mls-0435541.0001,-0.025107942723873,1,1,1,1,1.0,0.019801980198019802,0.09715708412946557,5.0,Computational reversal candidate for further investigation.,223
BRD-K20718732,-0.024944732283837444,1,1,1,1,1.0,0.009900990099009901,0.05829425047767934,6.0,Computational reversal candidate for further investigation.,224
methoxsalen,-0.02486271222663513,1,1,1,1,1.0,0.009900990099009901,0.05829425047767934,5.0,Computational reversal candidate for further investigation.,225
BRD-K38615104,-0.024719875289339385,7,8,7,8,0.875,0.009900990099009901,0.05829425047767934,7.5,Computational reversal candidate for further investigation.,226
lfm-a12,-0.024692815964642224,1,1,1,1,1.0,0.009900990099009901,0.05829425047767934,6.0,Computational reversal candidate for further investigation.,227
BRD-A11702965,-0.024608111935765183,8,8,8,8,1.0,0.009900990099009901,0.05829425047767934,7.625,Computational reversal candidate for further investigation.,228
ON-01910,-0.024531977419732565,18,24,18,24,0.75,0.009900990099009901,0.05829425047767934,7.458333333333333,Computational reversal candidate for further investigation.,229
rf 01079,-0.02447803334314136,1,1,1,1,1.0,0.0297029702970297,0.1332662678032509,7.0,Computational reversal candidate for further investigation.,230
BRD-K77681376,-0.024411360400429023,5,6,5,6,0.8333333333333334,0.009900990099009901,0.05829425047767934,7.666666666666667,Computational reversal candidate for further investigation.,231
herniarin,-0.024407918741186585,1,1,1,1,1.0,0.039603960396039604,0.16909782581311564,8.0,Computational reversal candidate for further investigation.,232
dihydro-beta-tubaic acid,-0.02440441220678479,1,1,1,1,1.0,0.039603960396039604,0.16909782581311564,8.0,Computational reversal candidate for further investigation.,233
BRD-A84102390,-0.02437475298198775,1,1,1,1,1.0,0.04950495049504951,0.19684669888789827,7.0,Computational reversal candidate for further investigation.,234
thioproperazine dimesylate,-0.024346354043499906,1,1,1,1,1.0,0.019801980198019802,0.09715708412946557,8.0,Computational reversal candidate for further investigation.,235
ro 31-8220 mesylate,-0.024277585104048656,12,12,16,16,1.0,0.009900990099009901,0.05829425047767934,7.125,Computational reversal candidate for further investigation.,236
cyclo [arg-gly-asp-d-phe-val],-0.024185309245242065,1,1,1,1,1.0,0.019801980198019802,0.09715708412946557,6.0,Computational reversal candidate for further investigation.,237
BRD-K95760042,-0.024009419086364198,1,1,1,1,1.0,0.0297029702970297,0.1332662678032509,5.0,Computational reversal candidate for further investigation.,238
BRD-K37021324,-0.0239841000846574,1,1,1,1,1.0,0.009900990099009901,0.05829425047767934,6.0,Computational reversal candidate for further investigation.,239
l-6307,-0.02388891291536535,6,8,6,8,0.75,0.009900990099009901,0.05829425047767934,6.875,Computational reversal candidate for further investigation.,240
chloroquine diphosphate,-0.023877124875737545,1,1,1,1,1.0,0.019801980198019802,0.09715708412946557,7.0,Computational reversal candidate for further investigation.,241
ncgc00188773-01,-0.023603723049569716,1,1,1,1,1.0,0.0297029702970297,0.1332662678032509,7.0,Computational reversal candidate for further investigation.,242
ncgc00188012-01,-0.02344176253972892,1,1,1,1,1.0,0.019801980198019802,0.09715708412946557,5.0,Computational reversal candidate for further investigation.,243
daunorubicin,-0.023324268971545443,13,13,17,17,1.0,0.009900990099009901,0.05829425047767934,7.176470588235294,Computational reversal candidate for further investigation.,244
ncgc00188714-01,-0.02331848669736565,1,1,1,1,1.0,0.0594059405940594,0.22552753012857846,7.0,Computational reversal candidate for further investigation.,245
icariin,-0.023211032126117047,1,1,1,1,1.0,0.019801980198019802,0.09715708412946557,6.0,Computational reversal candidate for further investigation.,246
"betamethasone 17,21-dipropionate",-0.023054806557846447,2,2,2,2,1.0,0.009900990099009901,0.05829425047767934,9.0,Computational reversal candidate for further investigation.,247
BI-2536,-0.02295824828732474,57,72,62,77,0.7916666666666666,0.009900990099009901,0.05829425047767934,10.337662337662337,Computational reversal candidate for further investigation.,248
ncgc00242557-01,-0.022954602486244122,1,1,1,1,1.0,0.04950495049504951,0.19684669888789827,10.0,Computational reversal candidate for further investigation.,249
dup 697,-0.02295221945707164,1,1,1,1,1.0,0.019801980198019802,0.09715708412946557,9.0,Computational reversal candidate for further investigation.,250
BRD-K39944607,-0.022816078495628344,5,5,5,5,1.0,0.009900990099009901,0.05829425047767934,6.4,Computational reversal candidate for further investigation.,251
vu0415555-1,-0.022813083528343617,1,1,1,1,1.0,0.009900990099009901,0.05829425047767934,5.0,Computational reversal candidate for further investigation.,252
BRD-K77690805,-0.022730278551388945,1,1,1,1,1.0,0.009900990099009901,0.05829425047767934,5.0,Computational reversal candidate for further investigation.,253
bambuterol hydrochloride,-0.022579816311141265,1,1,1,1,1.0,0.019801980198019802,0.09715708412946557,6.0,Computational reversal candidate for further investigation.,254
BRD-K85853281,-0.02243632871477652,8,8,8,8,1.0,0.009900990099009901,0.05829425047767934,7.5,Computational reversal candidate for further investigation.,255
fostamatinib,-0.022322111185419623,5,8,5,8,0.625,0.009900990099009901,0.05829425047767934,8.125,Computational reversal candidate for further investigation.,256
trap 101,-0.022292818584725965,1,1,1,1,1.0,0.009900990099009901,0.05829425047767934,8.0,Computational reversal candidate for further investigation.,257
dactinomycin,-0.022286463222517226,11,11,15,15,1.0,0.009900990099009901,0.05829425047767934,6.933333333333334,Computational reversal candidate for further investigation.,258
hydrocortisone,-0.02213382219004866,2,2,2,2,1.0,0.019801980198019802,0.09715708412946557,5.0,Computational reversal candidate for further investigation.,259
rimexolone,-0.021936528636783737,1,1,1,1,1.0,0.039603960396039604,0.16909782581311564,6.0,Computational reversal candidate for further investigation.,260
BRD-K13665914,-0.02188128076662958,1,1,1,1,1.0,0.009900990099009901,0.05829425047767934,5.0,Computational reversal candidate for further investigation.,261
hexylcaine hydrochloride,-0.021803232035887035,2,2,2,2,1.0,0.009900990099009901,0.05829425047767934,6.5,Computational reversal candidate for further investigation.,262
rho kinase inhibitor iii [rockout],-0.021772722726315724,2,2,2,2,1.0,0.019801980198019802,0.09715708412946557,7.5,Computational reversal candidate for further investigation.,263
mdv3100,-0.02176500266402146,1,1,1,1,1.0,0.009900990099009901,0.05829425047767934,5.0,Computational reversal candidate for further investigation.,264
buparlisib,-0.021581021420275133,11,13,11,13,0.8461538461538461,0.009900990099009901,0.05829425047767934,10.461538461538462,Computational reversal candidate for further investigation.,265
GW-843682X,-0.021540393163068272,11,17,11,17,0.6470588235294118,0.009900990099009901,0.05829425047767934,6.9411764705882355,Computational reversal candidate for further investigation.,266
pifithrin- a hydrobromide,-0.021320029148759977,1,1,1,1,1.0,0.019801980198019802,0.09715708412946557,5.0,Computational reversal candidate for further investigation.,267
ei-156,-0.021247174558403158,8,10,8,10,0.8,0.009900990099009901,0.05829425047767934,7.9,Computational reversal candidate for further investigation.,268
GSK-461364,-0.020984644630288575,11,20,11,20,0.55,0.009900990099009901,0.05829425047767934,6.6,Computational reversal candidate for further investigation.,269
BRD-K92158425,-0.020969078642016983,6,7,6,7,0.8571428571428571,0.019801980198019802,0.09715708412946557,7.428571428571429,Computational reversal candidate for further investigation.,270
ei-293,-0.020820207739015023,10,11,10,11,0.9090909090909091,0.009900990099009901,0.05829425047767934,8.090909090909092,Computational reversal candidate for further investigation.,271
2-chloroadenosine,-0.020818351378184604,1,1,1,1,1.0,0.0297029702970297,0.1332662678032509,7.0,Computational reversal candidate for further investigation.,272
doxorubicin,-0.020809820612295714,14,15,16,17,0.9333333333333333,0.009900990099009901,0.05829425047767934,8.294117647058824,Computational reversal candidate for further investigation.,273
BRD-K31841256,-0.020767948038116997,1,1,1,1,1.0,0.0297029702970297,0.1332662678032509,5.0,Computational reversal candidate for further investigation.,274
methoprene acid,-0.020675307873075872,1,1,1,1,1.0,0.019801980198019802,0.09715708412946557,6.0,Computational reversal candidate for further investigation.,275
glipizide,-0.020577811585305025,1,1,1,1,1.0,0.019801980198019802,0.09715708412946557,7.0,Computational reversal candidate for further investigation.,276
s1205,-0.020488100309782674,10,12,10,12,0.8333333333333334,0.009900990099009901,0.05829425047767934,7.333333333333333,Computational reversal candidate for further investigation.,277
GDC-0068,-0.020405372241124545,1,1,1,1,1.0,0.07920792079207921,0.27574873669939604,5.0,Computational reversal candidate for further investigation.,278
diflorasone diacetate,-0.020391651477861476,2,3,2,3,0.6666666666666666,0.0297029702970297,0.1332662678032509,5.0,Computational reversal candidate for further investigation.,279
beclomethasone dipropionate,-0.02035539218002119,1,1,1,1,1.0,0.019801980198019802,0.09715708412946557,8.0,Computational reversal candidate for further investigation.,280
ebt or (erichrome black t),-0.020341641922259533,1,1,1,1,1.0,0.009900990099009901,0.05829425047767934,6.0,Computational reversal candidate for further investigation.,281
hy-11004,-0.02030652214447793,1,1,1,1,1.0,0.04950495049504951,0.19684669888789827,5.0,Computational reversal candidate for further investigation.,282
BRD-K81814927,-0.020285677585449184,8,8,8,8,1.0,0.009900990099009901,0.05829425047767934,7.5,Computational reversal candidate for further investigation.,283
BRD-A25170757,-0.020248676140927856,1,1,1,1,1.0,0.039603960396039604,0.16909782581311564,7.0,Computational reversal candidate for further investigation.,284
chelidonine (+),-0.02024113786795656,3,4,3,4,0.75,0.019801980198019802,0.09715708412946557,6.75,Computational reversal candidate for further investigation.,285
BRD-K15716662,-0.020155097126932354,1,1,1,1,1.0,0.019801980198019802,0.09715708412946557,5.0,Computational reversal candidate for further investigation.,286
er 27319 maleate,-0.0201261000754521,11,12,11,12,0.9166666666666666,0.009900990099009901,0.05829425047767934,9.0,Computational reversal candidate for further investigation.,287
kuc103875 kuc103875n,-0.02003630366528598,1,1,1,1,1.0,0.0297029702970297,0.1332662678032509,6.0,Computational reversal candidate for further investigation.,288
daunorubicin hydrochloride,-0.02003553398155576,12,12,19,19,1.0,0.009900990099009901,0.05829425047767934,7.947368421052632,Computational reversal candidate for further investigation.,289
vinpocetine,-0.020020441697934346,1,1,1,1,1.0,0.06930693069306931,0.25064015022191877,6.0,Computational reversal candidate for further investigation.,290
cgs 9343b,-0.019942123139410642,1,1,1,1,1.0,0.039603960396039604,0.16909782581311564,6.0,Computational reversal candidate for further investigation.,291
rg 108,-0.019821912404098675,2,2,2,2,1.0,0.009900990099009901,0.05829425047767934,5.5,Computational reversal candidate for further investigation.,292
gsk-3b inhibitor viii,-0.01971020394630431,5,6,5,6,0.8333333333333334,0.009900990099009901,0.05829425047767934,5.833333333333333,Computational reversal candidate for further investigation.,293
cytarabine,-0.019551660934369552,1,1,1,1,1.0,0.039603960396039604,0.16909782581311564,5.0,Computational reversal candidate for further investigation.,294
BMS-777607,-0.01952187228312592,2,2,2,2,1.0,0.0297029702970297,0.1332662678032509,6.0,Computational reversal candidate for further investigation.,295
flutamide,-0.019463076219282442,1,1,1,1,1.0,0.019801980198019802,0.09715708412946557,5.0,Computational reversal candidate for further investigation.,296
AZD-7762,-0.01940220535830732,33,56,33,56,0.5892857142857143,0.009900990099009901,0.05829425047767934,11.446428571428571,Computational reversal candidate for further investigation.,297
piroxicam,-0.019342170726535383,1,1,1,1,1.0,0.0594059405940594,0.22552753012857846,9.0,Computational reversal candidate for further investigation.,298
bibr1532,-0.019318929254528907,3,5,3,5,0.6,0.009900990099009901,0.05829425047767934,6.4,Computational reversal candidate for further investigation.,299
tivantinib,-0.019177781314573934,8,11,8,11,0.7272727272727273,0.009900990099009901,0.05829425047767934,8.636363636363637,Computational reversal candidate for further investigation.,300
hinokitiol,-0.01893961529373532,3,3,3,3,1.0,0.019801980198019802,0.09715708412946557,5.666666666666667,Computational reversal candidate for further investigation.,301
BRD-A89907244,-0.018908990070066377,1,1,1,1,1.0,0.019801980198019802,0.09715708412946557,5.0,Computational reversal candidate for further investigation.,302
fenofibrate,-0.018763769713856217,1,1,1,1,1.0,0.04950495049504951,0.19684669888789827,5.0,Computational reversal candidate for further investigation.,303
BRD-K08448573,-0.01874912124045132,2,2,2,2,1.0,0.07920792079207921,0.27574873669939604,9.0,Computational reversal candidate for further investigation.,304
naloxone benzoylhydrazone,-0.01865132694009674,1,1,1,1,1.0,0.0297029702970297,0.1332662678032509,9.0,Computational reversal candidate for further investigation.,305
levocetirizine,-0.018562735773109067,1,1,1,1,1.0,0.009900990099009901,0.05829425047767934,5.0,Computational reversal candidate for further investigation.,306
thiophene-2-carboxylic acid benzothiazol-2-ylamide mls-0446110.0001,-0.018520768186033935,1,1,1,1,1.0,0.039603960396039604,0.16909782581311564,9.0,Computational reversal candidate for further investigation.,307
siguazodan,-0.018508587874835374,1,1,1,1,1.0,0.0297029702970297,0.1332662678032509,8.0,Computational reversal candidate for further investigation.,308
norethynodrel,-0.018353719000248597,1,1,1,1,1.0,0.1188118811881188,0.36648223645894,5.0,Computational reversal candidate for further investigation.,309
s(-)-timolol,-0.018300671613617307,1,1,1,1,1.0,0.0297029702970297,0.1332662678032509,5.0,Computational reversal candidate for further investigation.,310
BRD-K72238567,-0.018293707986901983,9,9,9,9,1.0,0.009900990099009901,0.05829425047767934,8.222222222222221,Computational reversal candidate for further investigation.,311
hy-10966,-0.018241050465550846,1,1,1,1,1.0,0.019801980198019802,0.09715708412946557,8.0,Computational reversal candidate for further investigation.,312
BRD-K82384352,-0.018189582884058104,1,1,1,1,1.0,0.019801980198019802,0.09715708412946557,6.0,Computational reversal candidate for further investigation.,313
glimepiride,-0.018131879658145035,1,1,1,1,1.0,0.019801980198019802,0.09715708412946557,7.0,Computational reversal candidate for further investigation.,314
unc0321,-0.01810295643668839,2,3,2,3,0.6666666666666666,0.019801980198019802,0.09715708412946557,8.333333333333334,Computational reversal candidate for further investigation.,315
JNK-IN-5A,-0.018058912403521477,17,23,17,23,0.7391304347826086,0.009900990099009901,0.05829425047767934,7.826086956521739,Computational reversal candidate for further investigation.,316
estradiol valerate,-0.01804134381032167,1,1,1,1,1.0,0.0891089108910891,0.2996488025556062,7.0,Computational reversal candidate for further investigation.,317
3-deoxydenosine,-0.017991614047023125,1,1,1,1,1.0,0.019801980198019802,0.09715708412946557,6.0,Computational reversal candidate for further investigation.,318
BRD-K50387473,-0.017944331991782064,3,4,3,4,0.75,0.009900990099009901,0.05829425047767934,5.5,Computational reversal candidate for further investigation.,319
triptolide,-0.017919085587820502,7,7,7,7,1.0,0.04950495049504951,0.19684669888789827,6.857142857142857,Computational reversal candidate for further investigation.,320
isoflupredone acetate,-0.017862873208776282,2,3,2,3,0.6666666666666666,0.019801980198019802,0.09715708412946557,6.333333333333333,Computational reversal candidate for further investigation.,321
ttnpb,-0.017827027077250316,1,1,1,1,1.0,0.009900990099009901,0.05829425047767934,5.0,Computational reversal candidate for further investigation.,322
glyburide,-0.017724803906700237,1,1,1,1,1.0,0.0297029702970297,0.1332662678032509,5.0,Computational reversal candidate for further investigation.,323
ncgc00241071-01,-0.01769896085336451,1,1,1,1,1.0,0.1485148514851485,0.4281923037664591,7.0,Computational reversal candidate for further investigation.,324
pp-30,-0.01759545211886959,2,3,2,3,0.6666666666666666,0.009900990099009901,0.05829425047767934,5.666666666666667,Computational reversal candidate for further investigation.,325
epirubicin hydrochloride,-0.01756708275308653,10,11,15,17,0.9090909090909091,0.019801980198019802,0.09715708412946557,7.411764705882353,Computational reversal candidate for further investigation.,326
memantine hydrochloride,-0.017493238429917284,1,1,1,1,1.0,0.019801980198019802,0.09715708412946557,6.0,Computational reversal candidate for further investigation.,327
deoxyandirobin lactone,-0.017487776155556935,1,1,1,1,1.0,0.019801980198019802,0.09715708412946557,8.0,Computational reversal candidate for further investigation.,328
pivmecillinam hydrochloride,-0.017480632117765103,1,1,1,1,1.0,0.0297029702970297,0.1332662678032509,5.0,Computational reversal candidate for further investigation.,329
bl-009,-0.017385095298667,2,3,2,3,0.6666666666666666,0.009900990099009901,0.05829425047767934,5.0,Computational reversal candidate for further investigation.,330
MK-1775,-0.017378301120702964,11,14,11,14,0.7857142857142857,0.009900990099009901,0.05829425047767934,12.5,Computational reversal candidate for further investigation.,331
BRD-A81541225,-0.01732671538794919,2,2,2,2,1.0,0.009900990099009901,0.05829425047767934,5.5,Computational reversal candidate for further investigation.,332
KU-60019,-0.017310808126044644,2,3,2,3,0.6666666666666666,0.009900990099009901,0.05829425047767934,8.666666666666666,Computational reversal candidate for further investigation.,333
ifenprodil tartrate,-0.017242807325570438,1,1,1,1,1.0,0.1485148514851485,0.4281923037664591,5.0,Computational reversal candidate for further investigation.,334
tropisetron hcl,-0.01721444840004624,1,1,1,1,1.0,0.0891089108910891,0.2996488025556062,5.0,Computational reversal candidate for further investigation.,335
BRD-K19220233,-0.017172818381855765,11,12,11,12,0.9166666666666666,0.009900990099009901,0.05829425047767934,7.25,Computational reversal candidate for further investigation.,336
BRD-K71142328,-0.017086879828072332,1,1,1,1,1.0,0.10891089108910891,0.34287518808165995,7.0,Computational reversal candidate for further investigation.,337
hy-13001,-0.017077415678726907,1,1,1,1,1.0,0.009900990099009901,0.05829425047767934,5.0,Computational reversal candidate for further investigation.,338
cilostamide,-0.01702544422814883,1,1,1,1,1.0,0.0594059405940594,0.22552753012857846,6.0,Computational reversal candidate for further investigation.,339
ncgc00181801-01,-0.017018316255844962,1,1,1,1,1.0,0.0594059405940594,0.22552753012857846,11.0,Computational reversal candidate for further investigation.,340
doxorubicin hydrochloride,-0.016937626333140027,12,14,25,28,0.8571428571428571,0.019801980198019802,0.09715708412946557,7.428571428571429,Computational reversal candidate for further investigation.,341
hy-10181,-0.01692979715528225,2,2,2,2,1.0,0.009900990099009901,0.05829425047767934,7.5,Computational reversal candidate for further investigation.,342
benzoxiquine,-0.016912414101131663,1,1,1,1,1.0,0.0297029702970297,0.1332662678032509,5.0,Computational reversal candidate for further investigation.,343
BRD-K26304855,-0.016865377198096762,7,8,7,8,0.875,0.019801980198019802,0.09715708412946557,8.75,Computational reversal candidate for further investigation.,344
hy-10518,-0.016806874163018945,8,11,8,11,0.7272727272727273,0.009900990099009901,0.05829425047767934,6.7272727272727275,Computational reversal candidate for further investigation.,345
s1028,-0.01680459405532945,1,1,1,1,1.0,0.019801980198019802,0.09715708412946557,5.0,Computational reversal candidate for further investigation.,346
BRD-K35716340,-0.0167782157560123,3,4,3,4,0.75,0.009900990099009901,0.05829425047767934,6.25,Computational reversal candidate for further investigation.,347
necrostatin-1,-0.016763369217466496,1,1,1,1,1.0,0.039603960396039604,0.16909782581311564,5.0,Computational reversal candidate for further investigation.,348
fluorometholone,-0.016730812307339617,1,1,1,1,1.0,0.019801980198019802,0.09715708412946557,5.0,Computational reversal candidate for further investigation.,349
norgestrel,-0.016727684046697177,2,2,2,2,1.0,0.019801980198019802,0.09715708412946557,6.5,Computational reversal candidate for further investigation.,350
BRD-A95445494,-0.01668248580367622,1,1,1,1,1.0,0.10891089108910891,0.34287518808165995,7.0,Computational reversal candidate for further investigation.,351
sb 221284,-0.01668022444414568,1,1,1,1,1.0,0.0297029702970297,0.1332662678032509,5.0,Computational reversal candidate for further investigation.,352
npc 15199,-0.016657653490504427,1,1,1,1,1.0,0.04950495049504951,0.19684669888789827,11.0,Computational reversal candidate for further investigation.,353
ncgc00182942-03,-0.016589468478330833,1,1,1,1,1.0,0.12871287128712872,0.38915350994558917,6.0,Computational reversal candidate for further investigation.,354
methotrexate,-0.0165719257189245,1,1,1,1,1.0,0.09900990099009901,0.32322687521670457,6.0,Computational reversal candidate for further investigation.,355
mesoridazine besylate,-0.016535126011409686,3,3,3,3,1.0,0.009900990099009901,0.05829425047767934,6.0,Computational reversal candidate for further investigation.,356
hydrocortisone hemisuccinate,-0.016502166308877773,1,1,1,1,1.0,0.0891089108910891,0.2996488025556062,7.0,Computational reversal candidate for further investigation.,357
w-7 hydrochloride,-0.016495342270928626,1,1,1,1,1.0,0.04950495049504951,0.19684669888789827,5.0,Computational reversal candidate for further investigation.,358
mometasone furoate,-0.016493787351198948,3,3,3,3,1.0,0.0594059405940594,0.22552753012857846,6.666666666666667,Computational reversal candidate for further investigation.,359
BRD-K34968258,-0.016366090227294305,1,1,1,1,1.0,0.07920792079207921,0.27574873669939604,10.0,Computational reversal candidate for further investigation.,360
gw 441756,-0.016350554939183148,2,2,2,2,1.0,0.009900990099009901,0.05829425047767934,7.5,Computational reversal candidate for further investigation.,361
hy-11001,-0.016302326113569708,8,9,8,9,0.8888888888888888,0.019801980198019802,0.09715708412946557,8.444444444444445,Computational reversal candidate for further investigation.,362
ezetimibe,-0.016291975833981072,1,1,1,1,1.0,0.009900990099009901,0.05829425047767934,5.0,Computational reversal candidate for further investigation.,363
BRD-A60245366,-0.01628101892399415,11,11,11,11,1.0,0.019801980198019802,0.09715708412946557,6.818181818181818,Computational reversal candidate for further investigation.,364
losartan potassium,-0.016233425061903076,1,1,1,1,1.0,0.0594059405940594,0.22552753012857846,5.0,Computational reversal candidate for further investigation.,365
hydrocortisone acetate,-0.016141901792840325,2,2,2,2,1.0,0.0297029702970297,0.1332662678032509,7.5,Computational reversal candidate for further investigation.,366
ncgc00183412-01,-0.016141147737683242,1,1,1,1,1.0,0.0297029702970297,0.1332662678032509,6.0,Computational reversal candidate for further investigation.,367
linolenic acid (18:3 n-3),-0.016100910022530033,1,1,1,1,1.0,0.0297029702970297,0.1332662678032509,8.0,Computational reversal candidate for further investigation.,368
sb 200646 hydrochloride,-0.016079480374732495,2,2,2,2,1.0,0.009900990099009901,0.05829425047767934,5.5,Computational reversal candidate for further investigation.,369
ciclopirox ethanolamine,-0.015992065085067276,2,3,2,3,0.6666666666666666,0.009900990099009901,0.05829425047767934,7.0,Computational reversal candidate for further investigation.,370
meclocycline sulfosalicylate,-0.015896608463385687,1,1,1,1,1.0,0.0594059405940594,0.22552753012857846,7.0,Computational reversal candidate for further investigation.,371
quinine hemisulfate salt monohydrate,-0.01585986214397634,1,2,1,2,0.5,0.0297029702970297,0.1332662678032509,8.0,Computational reversal candidate for further investigation.,372
calyculin a,-0.0157899010632281,2,3,2,3,0.6666666666666666,0.009900990099009901,0.05829425047767934,5.333333333333333,Computational reversal candidate for further investigation.,373
ag 556,-0.015673805263742444,1,1,1,1,1.0,0.009900990099009901,0.05829425047767934,5.0,Computational reversal candidate for further investigation.,374
bml-259,-0.015652173994701594,5,5,5,5,1.0,0.009900990099009901,0.05829425047767934,6.0,Computational reversal candidate for further investigation.,375
dicyclomine hydrochloride,-0.0155839456288175,1,1,1,1,1.0,0.009900990099009901,0.05829425047767934,6.0,Computational reversal candidate for further investigation.,376
b3063,-0.015533414923915752,1,1,1,1,1.0,0.009900990099009901,0.05829425047767934,5.0,Computational reversal candidate for further investigation.,377
piretanide,-0.015493865885724416,3,3,3,3,1.0,0.019801980198019802,0.09715708412946557,5.666666666666667,Computational reversal candidate for further investigation.,378
sb 366791,-0.015451749008230879,2,2,2,2,1.0,0.04950495049504951,0.19684669888789827,5.5,Computational reversal candidate for further investigation.,379
BRD-K67470788,-0.015397939536518856,1,1,1,1,1.0,0.0891089108910891,0.2996488025556062,7.0,Computational reversal candidate for further investigation.,380
BRD-K23935793,-0.015361873332312415,1,1,1,1,1.0,0.009900990099009901,0.05829425047767934,5.0,Computational reversal candidate for further investigation.,381
BRD-K53414658,-0.015264616073982266,3,3,3,3,1.0,0.07920792079207921,0.27574873669939604,7.0,Computational reversal candidate for further investigation.,382
dibutyrylcyclic amp,-0.015222343883530217,1,1,1,1,1.0,0.04950495049504951,0.19684669888789827,6.0,Computational reversal candidate for further investigation.,383
hydroquinine hydrobromide hydrate,-0.015197912157910155,1,1,1,1,1.0,0.019801980198019802,0.09715708412946557,5.0,Computational reversal candidate for further investigation.,384
gw 583340 dihydrochloride,-0.015196492789041666,1,1,1,1,1.0,0.0297029702970297,0.1332662678032509,5.0,Computational reversal candidate for further investigation.,385
ncgc00182913-03,-0.01517921109816255,1,1,1,1,1.0,0.1485148514851485,0.4281923037664591,6.0,Computational reversal candidate for further investigation.,386
bp 554 maleate,-0.01515447630300441,1,1,1,1,1.0,0.039603960396039604,0.16909782581311564,7.0,Computational reversal candidate for further investigation.,387
dubinidine,-0.014911758298053466,2,2,2,2,1.0,0.039603960396039604,0.16909782581311564,5.5,Computational reversal candidate for further investigation.,388
ic 261,-0.014864073045066963,2,2,2,2,1.0,0.04950495049504951,0.19684669888789827,7.5,Computational reversal candidate for further investigation.,389
azacyclonol,-0.014861762667383316,1,1,1,1,1.0,0.06930693069306931,0.25064015022191877,8.0,Computational reversal candidate for further investigation.,390
BRD-K71726959,-0.014822217638762448,7,10,7,10,0.7,0.009900990099009901,0.05829425047767934,6.3,Computational reversal candidate for further investigation.,391
BRD-K16618170,-0.014789722896090627,1,1,1,1,1.0,0.09900990099009901,0.32322687521670457,8.0,Computational reversal candidate for further investigation.,392
pdgf receptor tyrosine kinase inhibitor i,-0.014732777142266118,2,2,2,2,1.0,0.04950495049504951,0.19684669888789827,6.0,Computational reversal candidate for further investigation.,393
BRD-U04166717,-0.014703389846520053,1,1,1,1,1.0,0.09900990099009901,0.32322687521670457,7.0,Computational reversal candidate for further investigation.,394
BRD-K63068307,-0.014663080880792035,3,3,4,4,1.0,0.009900990099009901,0.05829425047767934,5.0,Computational reversal candidate for further investigation.,395
fu jmbii127b,-0.014590328335541539,1,1,1,1,1.0,0.06930693069306931,0.25064015022191877,6.0,Computational reversal candidate for further investigation.,396
penicillin v,-0.014585999028055954,1,1,1,1,1.0,0.16831683168316833,0.46994283454967795,5.0,Computational reversal candidate for further investigation.,397
16-hydroxytriptolide,-0.014510974877221007,20,23,20,23,0.8695652173913043,0.019801980198019802,0.09715708412946557,7.130434782608695,Computational reversal candidate for further investigation.,398
hy-11006,-0.014462215350651295,3,3,3,3,1.0,0.019801980198019802,0.09715708412946557,5.666666666666667,Computational reversal candidate for further investigation.,399
c3393m50,-0.014461911018051082,3,3,3,3,1.0,0.06930693069306931,0.25064015022191877,7.333333333333333,Computational reversal candidate for further investigation.,400
BRD-K88551539,-0.014349288421272678,2,2,2,2,1.0,0.13861386138613863,0.4094965834611631,7.0,Computational reversal candidate for further investigation.,401
s1249,-0.014342029802653686,9,10,9,10,0.9,0.0297029702970297,0.1332662678032509,8.8,Computational reversal candidate for further investigation.,402
hli 373,-0.014336957182052247,6,8,6,8,0.75,0.0297029702970297,0.1332662678032509,6.25,Computational reversal candidate for further investigation.,403
Y-39983,-0.014326245994256734,7,8,7,8,0.875,0.009900990099009901,0.05829425047767934,5.625,Computational reversal candidate for further investigation.,404
a-1065,-0.014181141927999458,4,5,4,5,0.8,0.019801980198019802,0.09715708412946557,5.6,Computational reversal candidate for further investigation.,405
ei-232,-0.014171420585779096,1,1,1,1,1.0,0.10891089108910891,0.34287518808165995,5.0,Computational reversal candidate for further investigation.,406
p8624,-0.01416883070291058,11,12,11,12,0.9166666666666666,0.04950495049504951,0.19684669888789827,8.166666666666666,Computational reversal candidate for further investigation.,407
BRD-K74690444,-0.014144247555279368,1,1,1,1,1.0,0.04950495049504951,0.19684669888789827,5.0,Computational reversal candidate for further investigation.,408
bapta-am,-0.01409146644268183,3,5,3,5,0.6,0.019801980198019802,0.09715708412946557,5.2,Computational reversal candidate for further investigation.,409
bibx 1382 dihydrochloride,-0.01401391919545105,3,3,3,3,1.0,0.06930693069306931,0.25064015022191877,6.0,Computational reversal candidate for further investigation.,410
brl 54443,-0.013995345917697074,1,1,1,1,1.0,0.0594059405940594,0.22552753012857846,5.0,Computational reversal candidate for further investigation.,411
hy-10161,-0.013974503775690065,2,2,2,2,1.0,0.0594059405940594,0.22552753012857846,6.0,Computational reversal candidate for further investigation.,412
BRD-K89546934,-0.013826912715558007,1,1,1,1,1.0,0.18811881188118812,0.5066827710058325,5.0,Computational reversal candidate for further investigation.,413
BRD-U51951544,-0.013730402921515358,10,11,10,11,0.9090909090909091,0.019801980198019802,0.09715708412946557,7.454545454545454,Computational reversal candidate for further investigation.,414
BRD-K61981833,-0.013653502891947954,1,1,1,1,1.0,0.12871287128712872,0.38915350994558917,5.0,Computational reversal candidate for further investigation.,415
norethindrone acetate,-0.01364865480083758,1,1,1,1,1.0,0.1188118811881188,0.36648223645894,5.0,Computational reversal candidate for further investigation.,416
s1216,-0.013625386568344711,7,8,7,8,0.875,0.06930693069306931,0.25064015022191877,7.375,Computational reversal candidate for further investigation.,417
vu0415533-1,-0.013622197608284033,1,1,1,1,1.0,0.039603960396039604,0.16909782581311564,5.0,Computational reversal candidate for further investigation.,418
hydrocortisone valerate,-0.01362149181863199,2,2,2,2,1.0,0.04950495049504951,0.19684669888789827,7.0,Computational reversal candidate for further investigation.,419
BRD-K11795542,-0.013571792977742414,1,2,1,2,0.5,0.10891089108910891,0.34287518808165995,8.0,Computational reversal candidate for further investigation.,420
idarubicin hcl,-0.013488353275581542,6,7,6,7,0.8571428571428571,0.019801980198019802,0.09715708412946557,7.428571428571429,Computational reversal candidate for further investigation.,421
n- (2-aminoethyl)-4-chlorobenzamide (ro-16-6491),-0.013478043929545769,2,2,2,2,1.0,0.0297029702970297,0.1332662678032509,6.0,Computational reversal candidate for further investigation.,422
t3205,-0.013458745178776876,1,1,1,1,1.0,0.0594059405940594,0.22552753012857846,6.0,Computational reversal candidate for further investigation.,423
pkcbeta inhibitor,-0.013423394208543018,3,3,3,3,1.0,0.019801980198019802,0.09715708412946557,7.333333333333333,Computational reversal candidate for further investigation.,424
BRD-K44540157,-0.0133660564449327,1,1,1,1,1.0,0.0297029702970297,0.1332662678032509,5.0,Computational reversal candidate for further investigation.,425
mitoxantrone dihydrochloride,-0.013340663077432167,11,11,17,17,1.0,0.04950495049504951,0.19684669888789827,7.764705882352941,Computational reversal candidate for further investigation.,426
s6005,-0.013270080968660523,1,1,1,1,1.0,0.10891089108910891,0.34287518808165995,6.0,Computational reversal candidate for further investigation.,427
oxymetazoline hydrochloride,-0.013211175543934854,1,1,1,1,1.0,0.06930693069306931,0.25064015022191877,6.0,Computational reversal candidate for further investigation.,428
vincristine,-0.013057570497859609,2,2,2,2,1.0,0.0594059405940594,0.22552753012857846,5.0,Computational reversal candidate for further investigation.,429
pd 158780,-0.013033928875088908,1,1,1,1,1.0,0.12871287128712872,0.38915350994558917,6.0,Computational reversal candidate for further investigation.,430
CC-401,-0.01302223123306467,3,4,3,4,0.75,0.019801980198019802,0.09715708412946557,7.0,Computational reversal candidate for further investigation.,431
ag-014699 (pf-01367338),-0.012999112715131943,1,1,1,1,1.0,0.0891089108910891,0.2996488025556062,8.0,Computational reversal candidate for further investigation.,432
s1095,-0.012875614014399956,1,1,1,1,1.0,0.0891089108910891,0.2996488025556062,5.0,Computational reversal candidate for further investigation.,433
ivermectin,-0.012744177143339364,1,1,1,1,1.0,0.0891089108910891,0.2996488025556062,5.0,Computational reversal candidate for further investigation.,434
BRD-K46499837,-0.012682315108998888,1,1,1,1,1.0,0.07920792079207921,0.27574873669939604,5.0,Computational reversal candidate for further investigation.,435
t 0901317,-0.012680210259273482,2,2,2,2,1.0,0.04950495049504951,0.19684669888789827,6.0,Computational reversal candidate for further investigation.,436
eo 1428,-0.01267034453953037,1,2,1,2,0.5,0.04950495049504951,0.19684669888789827,5.5,Computational reversal candidate for further investigation.,437
arachidonamide,-0.012588770091498667,1,1,1,1,1.0,0.1188118811881188,0.36648223645894,5.0,Computational reversal candidate for further investigation.,438
dc-45-a2,-0.012581553504353858,1,2,1,2,0.5,0.0297029702970297,0.1332662678032509,6.0,Computational reversal candidate for further investigation.,439
r(-)-n-allylnorapomorphine,-0.012568836069183627,1,1,1,1,1.0,0.039603960396039604,0.16909782581311564,6.0,Computational reversal candidate for further investigation.,440
spb02303,-0.012551340215122959,3,5,3,5,0.6,0.009900990099009901,0.05829425047767934,5.8,Computational reversal candidate for further investigation.,441
ncgc00183691-01,-0.012533897446780635,2,2,2,2,1.0,0.039603960396039604,0.16909782581311564,6.0,Computational reversal candidate for further investigation.,442
BRD-U74615290,-0.012533697062840526,2,2,2,2,1.0,0.0594059405940594,0.22552753012857846,5.5,Computational reversal candidate for further investigation.,443
pi 828,-0.01249930068069018,2,3,2,3,0.6666666666666666,0.07920792079207921,0.27574873669939604,9.333333333333334,Computational reversal candidate for further investigation.,444
pipamperone,-0.012438870939529455,1,1,1,1,1.0,0.07920792079207921,0.27574873669939604,5.0,Computational reversal candidate for further investigation.,445
BRD-K94841585,-0.012392167644186372,1,1,1,1,1.0,0.21782178217821782,0.5675542709550458,5.0,Computational reversal candidate for further investigation.,446
erk inhibitor 11e,-0.012390248439692653,1,1,1,1,1.0,0.13861386138613863,0.4094965834611631,6.0,Computational reversal candidate for further investigation.,447
ncgc00165188-01,-0.012350596963635987,2,2,2,2,1.0,0.06930693069306931,0.25064015022191877,8.5,Computational reversal candidate for further investigation.,448
s1154,-0.012296011293938251,1,1,1,1,1.0,0.1485148514851485,0.4281923037664591,5.0,Computational reversal candidate for further investigation.,449
BRD-K19181733,-0.012276312088173773,2,2,2,2,1.0,0.04950495049504951,0.19684669888789827,5.0,Computational reversal candidate for further investigation.,450
sulfaguanidine,-0.012200514780943262,1,1,1,1,1.0,0.15841584158415842,0.4505453935224031,5.0,Computational reversal candidate for further investigation.,451
obaa,-0.01208520239984194,1,1,1,1,1.0,0.24752475247524752,0.6144179506708067,6.0,Computational reversal candidate for further investigation.,452
hy-10044,-0.012042146199867008,7,7,7,7,1.0,0.019801980198019802,0.09715708412946557,6.714285714285714,Computational reversal candidate for further investigation.,453
ncgc00167094-01,-0.012033196286720725,2,2,2,2,1.0,0.009900990099009901,0.05829425047767934,5.5,Computational reversal candidate for further investigation.,454
BRD-K58853583,-0.01198917326178829,2,3,2,3,0.6666666666666666,0.04950495049504951,0.19684669888789827,7.333333333333333,Computational reversal candidate for further investigation.,455
BRD-K15519488,-0.011941654931921486,1,1,1,1,1.0,0.15841584158415842,0.4505453935224031,7.0,Computational reversal candidate for further investigation.,456
mls-0391006,-0.011911520558901764,2,2,2,2,1.0,0.06930693069306931,0.25064015022191877,7.0,Computational reversal candidate for further investigation.,457
h-8,-0.011813748455396667,1,1,1,1,1.0,0.09900990099009901,0.32322687521670457,6.0,Computational reversal candidate for further investigation.,458
BRD-K02641134,-0.011773103656519363,1,1,1,1,1.0,0.10891089108910891,0.34287518808165995,8.0,Computational reversal candidate for further investigation.,459
BRD-K98173387,-0.011772799598826414,1,1,1,1,1.0,0.13861386138613863,0.4094965834611631,6.0,Computational reversal candidate for further investigation.,460
diltiazem hydrochloride,-0.01172569863669428,1,1,1,1,1.0,0.04950495049504951,0.19684669888789827,5.0,Computational reversal candidate for further investigation.,461
mbcq,-0.011603093123112015,1,1,1,1,1.0,0.039603960396039604,0.16909782581311564,5.0,Computational reversal candidate for further investigation.,462
BRD-K43782924,-0.011553048175515545,1,1,1,1,1.0,0.07920792079207921,0.27574873669939604,6.0,Computational reversal candidate for further investigation.,463
bl-077,-0.011546863569994289,2,3,2,3,0.6666666666666666,0.0594059405940594,0.22552753012857846,6.333333333333333,Computational reversal candidate for further investigation.,464
BRD-A43640821,-0.011503688080754783,1,1,1,1,1.0,0.25742574257425743,0.6296798776087521,5.0,Computational reversal candidate for further investigation.,465
BRD-K99582188,-0.011460076556689649,2,2,2,2,1.0,0.04950495049504951,0.19684669888789827,6.5,Computational reversal candidate for further investigation.,466
c3930,-0.011402762351991919,1,1,1,1,1.0,0.019801980198019802,0.09715708412946557,5.0,Computational reversal candidate for further investigation.,467
valyltryptophan,-0.011376327145283536,1,1,1,1,1.0,0.13861386138613863,0.4094965834611631,7.0,Computational reversal candidate for further investigation.,468
bd 1063 dihydrochloride,-0.011339342608002234,1,1,1,1,1.0,0.18811881188118812,0.5066827710058325,5.0,Computational reversal candidate for further investigation.,469
d-64131,-0.011338658735448991,3,4,3,4,0.75,0.0297029702970297,0.1332662678032509,6.75,Computational reversal candidate for further investigation.,470
bibu 1361 dihydrochloride,-0.011215772897319022,1,1,1,1,1.0,0.1485148514851485,0.4281923037664591,5.0,Computational reversal candidate for further investigation.,471
BRD-K23149109,-0.011205052440825671,1,1,1,1,1.0,0.0891089108910891,0.2996488025556062,5.0,Computational reversal candidate for further investigation.,472
lawsone,-0.011198930374061885,1,1,1,1,1.0,0.13861386138613863,0.4094965834611631,6.0,Computational reversal candidate for further investigation.,473
indatraline,-0.011157175272901717,1,1,1,1,1.0,0.1188118811881188,0.36648223645894,5.0,Computational reversal candidate for further investigation.,474
s1458,-0.011112808028549935,1,1,1,1,1.0,0.1782178217821782,0.487845848206354,5.0,Computational reversal candidate for further investigation.,475
"brl 37344, sodium salt",-0.01110514338346847,1,1,1,1,1.0,0.1485148514851485,0.4281923037664591,5.0,Computational reversal candidate for further investigation.,476
ncgc00184716-01,-0.01109057091146667,2,2,2,2,1.0,0.1188118811881188,0.36648223645894,9.5,Computational reversal candidate for further investigation.,477
"9-amino-1,2,3,4-tetrahydroacridine",-0.010992687558623515,1,1,1,1,1.0,0.22772277227722773,0.578967896789679,5.0,Computational reversal candidate for further investigation.,478
BRD-K14711204,-0.010991282253802994,1,1,1,1,1.0,0.19801980198019803,0.5282626831840577,5.0,Computational reversal candidate for further investigation.,479
betamethasone acetate,-0.010959138228158104,2,2,2,2,1.0,0.07920792079207921,0.27574873669939604,8.0,Computational reversal candidate for further investigation.,480
rev-5901,-0.010944350165354801,1,1,1,1,1.0,0.10891089108910891,0.34287518808165995,8.0,Computational reversal candidate for further investigation.,481
triamcinolone acetonide,-0.0109002347271299,2,2,2,2,1.0,0.12871287128712872,0.38915350994558917,5.5,Computational reversal candidate for further investigation.,482
medroxyprogesterone 17-acetate,-0.010845715205356838,1,1,1,1,1.0,0.07920792079207921,0.27574873669939604,6.0,Computational reversal candidate for further investigation.,483
BRD-K03829970,-0.010840027555308876,6,8,6,8,0.75,0.04950495049504951,0.19684669888789827,6.125,Computational reversal candidate for further investigation.,484
cyt997,-0.010741533597517491,5,8,5,8,0.625,0.0297029702970297,0.1332662678032509,6.125,Computational reversal candidate for further investigation.,485
u-0126,-0.010735487310795913,1,1,1,1,1.0,0.21782178217821782,0.5675542709550458,5.0,Computational reversal candidate for further investigation.,486
BRD-K12105018,-0.010727327091342484,1,1,1,1,1.0,0.1782178217821782,0.487845848206354,5.0,Computational reversal candidate for further investigation.,487
ncgc00185090-03,-0.010663916813001837,4,6,4,6,0.6666666666666666,0.039603960396039604,0.16909782581311564,7.166666666666667,Computational reversal candidate for further investigation.,488
cycloheximide,-0.010639049141619273,12,15,14,18,0.8,0.04950495049504951,0.19684669888789827,6.611111111111111,Computational reversal candidate for further investigation.,489
BRD-K79222491,-0.010611017547274013,6,9,6,9,0.6666666666666666,0.06930693069306931,0.25064015022191877,8.555555555555555,Computational reversal candidate for further investigation.,490
epitestosterone,-0.010508442344668386,1,1,1,1,1.0,0.09900990099009901,0.32322687521670457,6.0,Computational reversal candidate for further investigation.,491
cgs 12066b,-0.01050510188322215,2,2,2,2,1.0,0.09900990099009901,0.32322687521670457,6.0,Computational reversal candidate for further investigation.,492
hy-11009,-0.010491078624288613,6,7,6,7,0.8571428571428571,0.07920792079207921,0.27574873669939604,7.285714285714286,Computational reversal candidate for further investigation.,493
BRD-K04363266,-0.01040950315611841,1,1,1,1,1.0,0.1485148514851485,0.4281923037664591,8.0,Computational reversal candidate for further investigation.,494
BRD-K27630941,-0.01038945216935418,1,1,1,1,1.0,0.1188118811881188,0.36648223645894,5.0,Computational reversal candidate for further investigation.,495
bms-536924,-0.010359846894845641,7,9,7,9,0.7777777777777778,0.039603960396039604,0.16909782581311564,8.11111111111111,Computational reversal candidate for further investigation.,496
BRD-K55127335,-0.010358383766164037,1,1,1,1,1.0,0.13861386138613863,0.4094965834611631,5.0,Computational reversal candidate for further investigation.,497
BRD-K51454562,-0.01034556044882737,1,1,1,1,1.0,0.15841584158415842,0.4505453935224031,6.0,Computational reversal candidate for further investigation.,498
sulpiride,-0.010334877851184962,2,2,2,2,1.0,0.06930693069306931,0.25064015022191877,5.0,Computational reversal candidate for further investigation.,499
linopirdine dihydrochloride,-0.010328049447557957,1,1,1,1,1.0,0.0891089108910891,0.2996488025556062,5.0,Computational reversal candidate for further investigation.,500
citalopram hydrobromide,-0.010294622506962406,1,1,1,1,1.0,0.07920792079207921,0.27574873669939604,6.0,Computational reversal candidate for further investigation.,501
antimycin a,-0.010291633775835505,1,1,1,1,1.0,0.16831683168316833,0.46994283454967795,5.0,Computational reversal candidate for further investigation.,502
ciglitazone,-0.01029122122298181,1,1,1,1,1.0,0.12871287128712872,0.38915350994558917,5.0,Computational reversal candidate for further investigation.,503
hydrocortisone phosphate triethylamine,-0.010280175140992408,1,1,1,1,1.0,0.1485148514851485,0.4281923037664591,7.0,Computational reversal candidate for further investigation.,504
tretinoin,-0.010256500397091134,1,1,1,1,1.0,0.0594059405940594,0.22552753012857846,5.0,Computational reversal candidate for further investigation.,505
BRD-K25536815,-0.010255959987188633,1,2,1,2,0.5,0.04950495049504951,0.19684669888789827,6.5,Computational reversal candidate for further investigation.,506
BRD-K83670234,-0.010234462948686672,8,9,8,9,0.8888888888888888,0.04950495049504951,0.19684669888789827,7.666666666666667,Computational reversal candidate for further investigation.,507
enzastaurin,-0.010201878564827599,1,2,1,2,0.5,0.09900990099009901,0.32322687521670457,7.5,Computational reversal candidate for further investigation.,508
flufenamic acid,-0.010147552592372006,2,2,2,2,1.0,0.10891089108910891,0.34287518808165995,7.5,Computational reversal candidate for further investigation.,509
BRD-K96704648,-0.010124809606205588,1,1,1,1,1.0,0.07920792079207921,0.27574873669939604,5.0,Computational reversal candidate for further investigation.,510
s1017,-0.009972169498654888,2,2,2,2,1.0,0.10891089108910891,0.34287518808165995,5.5,Computational reversal candidate for further investigation.,511
naproxol,-0.009939070436738286,2,2,2,2,1.0,0.26732673267326734,0.6454305862240901,6.5,Computational reversal candidate for further investigation.,512
norgestimate,-0.009808462973529414,1,1,1,1,1.0,0.15841584158415842,0.4505453935224031,7.0,Computational reversal candidate for further investigation.,513
racepinephrine hcl,-0.009796636625374422,1,1,1,1,1.0,0.21782178217821782,0.5675542709550458,7.0,Computational reversal candidate for further investigation.,514
gamma-linolenic acid (18:3 n-6),-0.00973555281014474,1,1,1,1,1.0,0.19801980198019803,0.5282626831840577,5.0,Computational reversal candidate for further investigation.,515
"ici 192,605",-0.009729746239333318,2,2,2,2,1.0,0.06930693069306931,0.25064015022191877,6.0,Computational reversal candidate for further investigation.,516
purmorphamine,-0.009708365810993734,1,1,1,1,1.0,0.16831683168316833,0.46994283454967795,7.0,Computational reversal candidate for further investigation.,517
dequalinium dichloride,-0.009705089877834477,1,1,1,1,1.0,0.0891089108910891,0.2996488025556062,5.0,Computational reversal candidate for further investigation.,518
BRD-K94390040,-0.009586988755647305,1,1,1,1,1.0,0.039603960396039604,0.16909782581311564,5.0,Computational reversal candidate for further investigation.,519
yc-1,-0.009584268952344974,2,2,2,2,1.0,0.04950495049504951,0.19684669888789827,6.0,Computational reversal candidate for further investigation.,520
mitotane,-0.009555664549498574,1,1,1,1,1.0,0.04950495049504951,0.19684669888789827,5.0,Computational reversal candidate for further investigation.,521
fenbendazole,-0.009526126593313502,2,3,2,3,0.6666666666666666,0.039603960396039604,0.16909782581311564,5.333333333333333,Computational reversal candidate for further investigation.,522
BRD-K37393297,-0.009519219371373086,1,1,1,1,1.0,0.13861386138613863,0.4094965834611631,6.0,Computational reversal candidate for further investigation.,523
prednisolone,-0.00947678713140871,3,4,3,4,0.75,0.0297029702970297,0.1332662678032509,7.0,Computational reversal candidate for further investigation.,524
ei-231,-0.009444818841367164,1,1,1,1,1.0,0.07920792079207921,0.27574873669939604,6.0,Computational reversal candidate for further investigation.,525
yk 4-279,-0.009439566845862531,2,3,2,3,0.6666666666666666,0.09900990099009901,0.32322687521670457,6.333333333333333,Computational reversal candidate for further investigation.,526
BRD-A51777634,-0.009405291218168792,6,7,6,7,0.8571428571428571,0.019801980198019802,0.09715708412946557,8.0,Computational reversal candidate for further investigation.,527
BRD-K34363599,-0.009392041516730565,1,1,1,1,1.0,0.2376237623762376,0.5942364728276106,8.0,Computational reversal candidate for further investigation.,528
BRD-A75931230,-0.009371459428137857,2,2,2,2,1.0,0.09900990099009901,0.32322687521670457,6.0,Computational reversal candidate for further investigation.,529
ncgc00166395-02,-0.009363575700695136,2,3,2,3,0.6666666666666666,0.0891089108910891,0.2996488025556062,6.333333333333333,Computational reversal candidate for further investigation.,530
bvt 948,-0.009273944850675985,2,2,2,2,1.0,0.1188118811881188,0.36648223645894,11.0,Computational reversal candidate for further investigation.,531
mls-0390982,-0.009196266598566434,1,1,1,1,1.0,0.10891089108910891,0.34287518808165995,5.0,Computational reversal candidate for further investigation.,532
pkc-412,-0.009192401788556733,1,2,1,2,0.5,0.27722772277227725,0.6617185189358197,5.5,Computational reversal candidate for further investigation.,533
angiogenesis inhibitor,-0.009158782855600931,2,2,2,2,1.0,0.06930693069306931,0.25064015022191877,5.5,Computational reversal candidate for further investigation.,534
hts 10859,-0.009103350146383686,1,1,1,1,1.0,0.24752475247524752,0.6144179506708067,5.0,Computational reversal candidate for further investigation.,535
vu0420364-1,-0.009095307085634868,2,2,2,2,1.0,0.16831683168316833,0.46994283454967795,7.5,Computational reversal candidate for further investigation.,536
"2,4-dideoxy-dc-45-a2",-0.009072701252451298,1,2,1,2,0.5,0.07920792079207921,0.27574873669939604,5.0,Computational reversal candidate for further investigation.,537
hy-10992,-0.009067884724381782,3,5,3,5,0.6,0.09900990099009901,0.32322687521670457,5.4,Computational reversal candidate for further investigation.,538
tamoxifen citrate,-0.009062038973856355,2,3,2,3,0.6666666666666666,0.04950495049504951,0.19684669888789827,5.0,Computational reversal candidate for further investigation.,539
estradiol benzoate,-0.008970803338714521,1,1,1,1,1.0,0.21782178217821782,0.5675542709550458,6.0,Computational reversal candidate for further investigation.,540
KIN001-220,-0.008969954404501535,1,2,1,2,0.5,0.07920792079207921,0.27574873669939604,8.0,Computational reversal candidate for further investigation.,541
n-formylmethionylalanine,-0.008960756453418515,2,2,2,2,1.0,0.019801980198019802,0.09715708412946557,5.0,Computational reversal candidate for further investigation.,542
todralazine hydrochloride,-0.00895470747637877,1,1,1,1,1.0,0.2079207920792079,0.5511707568861152,5.0,Computational reversal candidate for further investigation.,543
fluvastatin,-0.008890888161036888,2,2,2,2,1.0,0.2376237623762376,0.5942364728276106,8.0,Computational reversal candidate for further investigation.,544
quercetin,-0.008869845332344058,2,3,2,3,0.6666666666666666,0.06930693069306931,0.25064015022191877,5.333333333333333,Computational reversal candidate for further investigation.,545
ncgc00165289-01,-0.008867423910516663,4,6,4,6,0.6666666666666666,0.1782178217821782,0.487845848206354,8.5,Computational reversal candidate for further investigation.,546
BRD-K88278225,-0.008775650990033827,1,1,1,1,1.0,0.22772277227722773,0.578967896789679,9.0,Computational reversal candidate for further investigation.,547
evodiamine,-0.008722695133655332,2,2,2,2,1.0,0.2079207920792079,0.5511707568861152,7.0,Computational reversal candidate for further investigation.,548
BRD-K12184916,-0.008698278526597754,12,17,12,17,0.7058823529411765,0.0297029702970297,0.1332662678032509,7.117647058823529,Computational reversal candidate for further investigation.,549
BRD-K49371609,-0.008649701912331855,16,23,16,23,0.6956521739130435,0.0594059405940594,0.22552753012857846,9.043478260869565,Computational reversal candidate for further investigation.,550
BRD-K25690923,-0.008638203524028585,1,1,1,1,1.0,0.10891089108910891,0.34287518808165995,7.0,Computational reversal candidate for further investigation.,551
jak3 inhibitor ii,-0.00863177924111845,1,1,1,1,1.0,0.16831683168316833,0.46994283454967795,5.0,Computational reversal candidate for further investigation.,552
delta1-hydrocortisone 21-hemisuccinate,-0.008607995920846922,1,1,1,1,1.0,0.13861386138613863,0.4094965834611631,7.0,Computational reversal candidate for further investigation.,553
prenylamine lactate,-0.008539685597951223,1,1,1,1,1.0,0.10891089108910891,0.34287518808165995,5.0,Computational reversal candidate for further investigation.,554
BRD-U32049204,-0.008537793472409062,1,1,1,1,1.0,0.40594059405940597,0.8451219811807484,7.0,Computational reversal candidate for further investigation.,555
ncgc00182357-01,-0.008526352162106185,1,2,1,2,0.5,0.09900990099009901,0.32322687521670457,5.5,Computational reversal candidate for further investigation.,556
BRD-K60093216,-0.008511440595477858,1,1,1,1,1.0,0.06930693069306931,0.25064015022191877,6.0,Computational reversal candidate for further investigation.,557
y 134,-0.008500404437891643,1,1,1,1,1.0,0.1485148514851485,0.4281923037664591,7.0,Computational reversal candidate for further investigation.,558
BRD-K56343971,-0.00847447634967556,3,5,3,5,0.6,0.12871287128712872,0.38915350994558917,7.2,Computational reversal candidate for further investigation.,559
cefixime,-0.008417687560134912,1,1,1,1,1.0,0.10891089108910891,0.34287518808165995,6.0,Computational reversal candidate for further investigation.,560
BRD-K89558221,-0.008388218630199045,1,1,1,1,1.0,0.16831683168316833,0.46994283454967795,6.0,Computational reversal candidate for further investigation.,561
s1003,-0.008340443734407836,7,8,7,8,0.875,0.04950495049504951,0.19684669888789827,6.75,Computational reversal candidate for further investigation.,562
BRD-K90999434,-0.008329518885962374,2,2,2,2,1.0,0.0891089108910891,0.2996488025556062,6.0,Computational reversal candidate for further investigation.,563
ncgc00242279-01,-0.00831064722454108,1,1,1,1,1.0,0.1782178217821782,0.487845848206354,8.0,Computational reversal candidate for further investigation.,564
gibberellic acid,-0.008304713231285874,1,1,1,1,1.0,0.12871287128712872,0.38915350994558917,6.0,Computational reversal candidate for further investigation.,565
BRD-U43867373,-0.00829851577549013,2,3,2,3,0.6666666666666666,0.1188118811881188,0.36648223645894,5.333333333333333,Computational reversal candidate for further investigation.,566
lasalocid sodium,-0.008128995497188197,3,4,3,4,0.75,0.12871287128712872,0.38915350994558917,6.5,Computational reversal candidate for further investigation.,567
mrs 1334,-0.007965694981175664,1,1,1,1,1.0,0.22772277227722773,0.578967896789679,6.0,Computational reversal candidate for further investigation.,568
geldanamycin,-0.007956179115574055,53,89,74,180,0.5955056179775281,0.009900990099009901,0.05829425047767934,8.716666666666667,Computational reversal candidate for further investigation.,569
azd8055,-0.007873908251488966,14,23,14,23,0.6086956521739131,0.019801980198019802,0.09715708412946557,6.695652173913044,Computational reversal candidate for further investigation.,570
rosiglitazone hydrochloride,-0.007871704543477773,1,1,1,1,1.0,0.1188118811881188,0.36648223645894,5.0,Computational reversal candidate for further investigation.,571
naringenine,-0.007777146820953152,1,1,1,1,1.0,0.26732673267326734,0.6454305862240901,6.0,Computational reversal candidate for further investigation.,572
BRD-K82594686,-0.007750151150567482,1,1,1,1,1.0,0.21782178217821782,0.5675542709550458,8.0,Computational reversal candidate for further investigation.,573
r(+)-skf-81297,-0.007745485563177584,2,2,2,2,1.0,0.07920792079207921,0.27574873669939604,5.5,Computational reversal candidate for further investigation.,574
pi 103 hydrochloride,-0.007724924945545927,9,10,9,10,0.9,0.06930693069306931,0.25064015022191877,6.6,Computational reversal candidate for further investigation.,575
ncgc00238427-01,-0.007718567243592459,1,1,1,1,1.0,0.3069306930693069,0.7143269111931997,6.0,Computational reversal candidate for further investigation.,576
BRD-U33728988,-0.007716848301464607,3,5,3,5,0.6,0.18811881188118812,0.5066827710058325,8.2,Computational reversal candidate for further investigation.,577
BRD-K10846167,-0.007641873782860145,6,7,6,7,0.8571428571428571,0.18811881188118812,0.5066827710058325,7.285714285714286,Computational reversal candidate for further investigation.,578
cerivastatin na,-0.007610429467407502,1,1,1,1,1.0,0.2376237623762376,0.5942364728276106,6.0,Computational reversal candidate for further investigation.,579
ku-0063794,-0.0076036200849479135,11,14,11,14,0.7857142857142857,0.0594059405940594,0.22552753012857846,6.357142857142857,Computational reversal candidate for further investigation.,580
pp-110,-0.007590845301642914,13,20,13,20,0.65,0.06930693069306931,0.25064015022191877,6.85,Computational reversal candidate for further investigation.,581
stk222600,-0.007586734072721564,1,1,1,1,1.0,0.12871287128712872,0.38915350994558917,5.0,Computational reversal candidate for further investigation.,582
minoxidil,-0.007585201553352729,2,3,2,3,0.6666666666666666,0.1188118811881188,0.36648223645894,6.333333333333333,Computational reversal candidate for further investigation.,583
indirubin-3-oxime,-0.007580435039435145,1,1,1,1,1.0,0.1782178217821782,0.487845848206354,6.0,Computational reversal candidate for further investigation.,584
zardaverine,-0.007579802657728698,1,1,1,1,1.0,0.1782178217821782,0.487845848206354,6.0,Computational reversal candidate for further investigation.,585
BRD-K61496577 (flumethasone),-0.007500946404987573,1,1,1,1,1.0,0.26732673267326734,0.6454305862240901,5.0,Computational reversal candidate for further investigation.,586
tw 37,-0.007470431188888791,9,13,9,13,0.6923076923076923,0.06930693069306931,0.25064015022191877,8.153846153846153,Computational reversal candidate for further investigation.,587
BRD-K02562327,-0.007440204709582485,1,1,1,1,1.0,0.31683168316831684,0.7262890223448574,5.0,Computational reversal candidate for further investigation.,588
mls-0454415.0001,-0.0074174613218458574,1,1,1,1,1.0,0.27722772277227725,0.6617185189358197,10.0,Computational reversal candidate for further investigation.,589
akti-1/2,-0.0073773248810720705,6,9,6,9,0.6666666666666666,0.0594059405940594,0.22552753012857846,6.333333333333333,Computational reversal candidate for further investigation.,590
BRD-K00028814,-0.007367023179516114,1,1,1,1,1.0,0.26732673267326734,0.6454305862240901,7.0,Computational reversal candidate for further investigation.,591
lovastatin,-0.0072921994130482415,1,1,1,1,1.0,0.2376237623762376,0.5942364728276106,6.0,Computational reversal candidate for further investigation.,592
flumethasone,-0.007265458913808213,3,3,3,3,1.0,0.13861386138613863,0.4094965834611631,7.666666666666667,Computational reversal candidate for further investigation.,593
brefeldin a,-0.007250535381927493,7,11,7,11,0.6363636363636364,0.2079207920792079,0.5511707568861152,8.636363636363637,Computational reversal candidate for further investigation.,594
thiethylperazine dimalate,-0.007228916400477685,1,1,1,1,1.0,0.22772277227722773,0.578967896789679,5.0,Computational reversal candidate for further investigation.,595
s1130,-0.007157694783252849,2,3,2,3,0.6666666666666666,0.1485148514851485,0.4281923037664591,7.666666666666667,Computational reversal candidate for further investigation.,596
trimipramine maleate salt,-0.007113795648075977,1,2,1,2,0.5,0.10891089108910891,0.34287518808165995,5.0,Computational reversal candidate for further investigation.,597
pnu 74654,-0.007084482040016939,8,13,8,13,0.6153846153846154,0.039603960396039604,0.16909782581311564,6.230769230769231,Computational reversal candidate for further investigation.,598
BRD-U37049823,-0.007081354671925659,3,3,3,3,1.0,0.10891089108910891,0.34287518808165995,5.666666666666667,Computational reversal candidate for further investigation.,599
"androsta-1,4-dien-3,17-dione",-0.007081221068578271,1,1,1,1,1.0,0.297029702970297,0.6990404510296752,6.0,Computational reversal candidate for further investigation.,600
cay10618,-0.007070656140883098,4,6,4,6,0.6666666666666666,0.0297029702970297,0.1332662678032509,6.333333333333333,Computational reversal candidate for further investigation.,601
CHIR-99021,-0.00706565082103224,4,5,4,5,0.8,0.18811881188118812,0.5066827710058325,5.8,Computational reversal candidate for further investigation.,602
ncgc00182327-02,-0.007059293716065261,1,1,1,1,1.0,0.2376237623762376,0.5942364728276106,5.0,Computational reversal candidate for further investigation.,603
vx-680,-0.007058745414931464,6,8,6,8,0.75,0.0594059405940594,0.22552753012857846,5.875,Computational reversal candidate for further investigation.,604
forskolin,-0.007052611035422304,1,2,1,2,0.5,0.15841584158415842,0.4505453935224031,5.5,Computational reversal candidate for further investigation.,605
cp 93129 dihydrochloride,-0.0070141996840602265,1,1,1,1,1.0,0.2376237623762376,0.5942364728276106,5.0,Computational reversal candidate for further investigation.,606
gsk2334470,-0.0070100774269880855,1,1,1,1,1.0,0.1782178217821782,0.487845848206354,5.0,Computational reversal candidate for further investigation.,607
iopanoic acid,-0.007005066931225051,3,3,3,3,1.0,0.15841584158415842,0.4505453935224031,6.666666666666667,Computational reversal candidate for further investigation.,608
BRD-K23217072,-0.006971435596914255,2,2,2,2,1.0,0.12871287128712872,0.38915350994558917,6.0,Computational reversal candidate for further investigation.,609
2-chloro-7-methoxyphenothiazine,-0.006941113327162186,1,1,1,1,1.0,0.40594059405940597,0.8451219811807484,8.0,Computational reversal candidate for further investigation.,610
arg-a1-22 brd-k91349888,-0.006938488351910347,2,2,2,2,1.0,0.16831683168316833,0.46994283454967795,6.5,Computational reversal candidate for further investigation.,611
"ly-163,502",-0.006914349694575158,1,1,1,1,1.0,0.18811881188118812,0.5066827710058325,6.0,Computational reversal candidate for further investigation.,612
oxaprozin,-0.006914243956451575,1,1,1,1,1.0,0.2376237623762376,0.5942364728276106,5.0,Computational reversal candidate for further investigation.,613
BRD-K29143967,-0.00674956233607544,1,1,1,1,1.0,0.25742574257425743,0.6296798776087521,5.0,Computational reversal candidate for further investigation.,614
v2264,-0.006733236975889938,3,4,3,4,0.75,0.0891089108910891,0.2996488025556062,6.75,Computational reversal candidate for further investigation.,615
e3380,-0.006720104367301465,4,5,4,5,0.8,0.1782178217821782,0.487845848206354,6.4,Computational reversal candidate for further investigation.,616
medrysone,-0.006691409032189179,3,4,3,4,0.75,0.12871287128712872,0.38915350994558917,6.0,Computational reversal candidate for further investigation.,617
dorsomorphin dihydrochloride,-0.006567886023056805,16,25,20,31,0.64,0.06930693069306931,0.25064015022191877,7.064516129032258,Computational reversal candidate for further investigation.,618
azd-7545-a,-0.00651110138203005,1,1,1,1,1.0,0.297029702970297,0.6990404510296752,5.0,Computational reversal candidate for further investigation.,619
trifluoperazine dihydrochloride,-0.006499285171428245,3,3,3,3,1.0,0.10891089108910891,0.34287518808165995,6.0,Computational reversal candidate for further investigation.,620
nonoxynol-9,-0.006485984109567827,2,2,2,2,1.0,0.25742574257425743,0.6296798776087521,5.5,Computational reversal candidate for further investigation.,621
ncgc00185094-01,-0.00647332478589418,2,2,2,2,1.0,0.22772277227722773,0.578967896789679,8.5,Computational reversal candidate for further investigation.,622
BRD-A27640568,-0.0064577451213877705,2,4,2,4,0.5,0.06930693069306931,0.25064015022191877,8.0,Computational reversal candidate for further investigation.,623
BRD-K35004659,-0.006440873681671464,3,4,3,4,0.75,0.0594059405940594,0.22552753012857846,7.0,Computational reversal candidate for further investigation.,624
np-001236,-0.006429339835339335,3,4,3,4,0.75,0.1485148514851485,0.4281923037664591,6.25,Computational reversal candidate for further investigation.,625
way 170523,-0.006406218019628904,2,3,2,3,0.6666666666666666,0.09900990099009901,0.32322687521670457,5.333333333333333,Computational reversal candidate for further investigation.,626
BRD-K26818574,-0.006370686279729428,2,3,2,3,0.6666666666666666,0.0891089108910891,0.2996488025556062,7.0,Computational reversal candidate for further investigation.,627
emetine dihydrochloride hydrate (74),-0.006368237661445997,18,27,18,27,0.6666666666666666,0.07920792079207921,0.27574873669939604,6.851851851851852,Computational reversal candidate for further investigation.,628
inhibitor bec hydrochloride,-0.006360291105341818,2,2,2,2,1.0,0.19801980198019803,0.5282626831840577,6.5,Computational reversal candidate for further investigation.,629
cdc,-0.006355764441450946,2,2,2,2,1.0,0.10891089108910891,0.34287518808165995,5.5,Computational reversal candidate for further investigation.,630
tc 2559 difumarate,-0.006339154756078893,1,1,1,1,1.0,0.22772277227722773,0.578967896789679,6.0,Computational reversal candidate for further investigation.,631
mifepristone,-0.006326068686472366,2,2,2,2,1.0,0.15841584158415842,0.4505453935224031,6.0,Computational reversal candidate for further investigation.,632
(e)-capsaicin,-0.006303583173529275,1,2,1,2,0.5,0.13861386138613863,0.4094965834611631,5.0,Computational reversal candidate for further investigation.,633
mls-0437446.0001,-0.006293366321033373,3,4,3,4,0.75,0.16831683168316833,0.46994283454967795,8.5,Computational reversal candidate for further investigation.,634
BRD-K45435259,-0.0062863464485076554,1,1,1,1,1.0,0.39603960396039606,0.8317327352259631,5.0,Computational reversal candidate for further investigation.,635
fipronil,-0.006239715349361895,2,2,2,2,1.0,0.09900990099009901,0.32322687521670457,5.0,Computational reversal candidate for further investigation.,636
tripelennamine citrate,-0.006206930778329692,1,1,1,1,1.0,0.1485148514851485,0.4281923037664591,7.0,Computational reversal candidate for further investigation.,637
nnc 711,-0.006109414879739741,1,1,1,1,1.0,0.21782178217821782,0.5675542709550458,10.0,Computational reversal candidate for further investigation.,638
BRD-K82837433,-0.006099513883131548,4,5,4,5,0.8,0.06930693069306931,0.25064015022191877,5.6,Computational reversal candidate for further investigation.,639
c-1,-0.006094685591412901,1,1,1,1,1.0,0.22772277227722773,0.578967896789679,5.0,Computational reversal candidate for further investigation.,640
s2001,-0.006072595509078661,2,2,2,2,1.0,0.0891089108910891,0.2996488025556062,5.5,Computational reversal candidate for further investigation.,641
oxibendazole,-0.006072537091342945,1,2,1,2,0.5,0.25742574257425743,0.6296798776087521,8.5,Computational reversal candidate for further investigation.,642
BRD-K00313977,-0.006070831550095281,5,6,5,6,0.8333333333333334,0.09900990099009901,0.32322687521670457,6.666666666666667,Computational reversal candidate for further investigation.,643
BRD-K77547509,-0.006046539875670658,2,3,2,3,0.6666666666666666,0.26732673267326734,0.6454305862240901,6.333333333333333,Computational reversal candidate for further investigation.,644
metoclopramide monohydrochloride,-0.0060366226015372785,1,1,1,1,1.0,0.32673267326732675,0.7418909685285172,8.0,Computational reversal candidate for further investigation.,645
np-001821,-0.0059921282119449444,1,1,1,1,1.0,0.3069306930693069,0.7143269111931997,6.0,Computational reversal candidate for further investigation.,646
a8674,-0.00598338741669431,4,6,4,6,0.6666666666666666,0.0891089108910891,0.2996488025556062,5.5,Computational reversal candidate for further investigation.,647
prostaglandin a1,-0.005936931024963236,5,7,5,7,0.7142857142857143,0.13861386138613863,0.4094965834611631,6.571428571428571,Computational reversal candidate for further investigation.,648
flunisolide,-0.005919676560229901,4,5,4,5,0.8,0.22772277227722773,0.578967896789679,6.2,Computational reversal candidate for further investigation.,649
anisomycin,-0.005913854431409894,7,11,7,11,0.6363636363636364,0.15841584158415842,0.4505453935224031,6.909090909090909,Computational reversal candidate for further investigation.,650
formoterol hemifumarate,-0.005869662632235617,1,1,1,1,1.0,0.22772277227722773,0.578967896789679,7.0,Computational reversal candidate for further investigation.,651
temsirolimus [ci779],-0.005832772432765639,3,3,3,3,1.0,0.16831683168316833,0.46994283454967795,6.333333333333333,Computational reversal candidate for further investigation.,652
thiothixene,-0.005819931937879938,1,2,1,2,0.5,0.26732673267326734,0.6454305862240901,6.0,Computational reversal candidate for further investigation.,653
carbamazepine,-0.0057880694835115345,3,5,3,5,0.6,0.1485148514851485,0.4281923037664591,5.8,Computational reversal candidate for further investigation.,654
BRD-A31107743,-0.0057793537095200895,5,9,5,9,0.5555555555555556,0.21782178217821782,0.5675542709550458,7.555555555555555,Computational reversal candidate for further investigation.,655
BRD-A72837804,-0.005722120451485781,1,1,1,1,1.0,0.40594059405940597,0.8451219811807484,6.0,Computational reversal candidate for further investigation.,656
fulvestrant,-0.005707559624751191,2,2,2,2,1.0,0.22772277227722773,0.578967896789679,6.0,Computational reversal candidate for further investigation.,657
quinacrine dihydrochloride dihydrate,-0.005563292803857801,21,28,23,32,0.75,0.06930693069306931,0.25064015022191877,6.8125,Computational reversal candidate for further investigation.,658
"camptothecine (s,+)",-0.005556845492829159,2,3,2,3,0.6666666666666666,0.22772277227722773,0.578967896789679,9.666666666666666,Computational reversal candidate for further investigation.,659
BRD-K88329126,-0.0055422273719712084,1,1,1,1,1.0,0.10891089108910891,0.34287518808165995,5.0,Computational reversal candidate for further investigation.,660
(-)-cotinine,-0.005528241962930136,1,1,1,1,1.0,0.3465346534653465,0.7671308027900414,5.0,Computational reversal candidate for further investigation.,661
a112550.cdx,-0.005496051862722832,1,2,1,2,0.5,0.21782178217821782,0.5675542709550458,5.5,Computational reversal candidate for further investigation.,662
irbesartan,-0.00541955390632121,2,2,2,2,1.0,0.21782178217821782,0.5675542709550458,7.0,Computational reversal candidate for further investigation.,663
ag14361,-0.005411358705235962,15,23,15,23,0.6521739130434783,0.0594059405940594,0.22552753012857846,6.739130434782608,Computational reversal candidate for further investigation.,664
bisindolylmaleimide iv,-0.0053529466929284715,1,1,1,1,1.0,0.21782178217821782,0.5675542709550458,5.0,Computational reversal candidate for further investigation.,665
hy-50767,-0.00533664585392933,1,2,1,2,0.5,0.31683168316831684,0.7262890223448574,6.5,Computational reversal candidate for further investigation.,666
s1485,-0.0053171389316043274,1,2,1,2,0.5,0.18811881188118812,0.5066827710058325,5.5,Computational reversal candidate for further investigation.,667
BRD-K46373671,-0.005241794124859861,1,1,1,1,1.0,0.3564356435643564,0.7797901041733899,6.0,Computational reversal candidate for further investigation.,668
BRD-K78385490,-0.005204506216975974,4,5,4,5,0.8,0.13861386138613863,0.4094965834611631,7.6,Computational reversal candidate for further investigation.,669
aminolevulinic acid,-0.005172216985704228,1,1,1,1,1.0,0.3069306930693069,0.7143269111931997,5.0,Computational reversal candidate for further investigation.,670
BRD-K89626439,-0.005166688700880925,1,1,1,1,1.0,0.22772277227722773,0.578967896789679,5.0,Computational reversal candidate for further investigation.,671
BRD-K89692698,-0.005158043226787373,1,2,1,2,0.5,0.22772277227722773,0.578967896789679,8.5,Computational reversal candidate for further investigation.,672
devazepide,-0.005108051834778495,2,2,2,2,1.0,0.31683168316831684,0.7262890223448574,6.0,Computational reversal candidate for further investigation.,673
am580,-0.005080750463510684,1,1,2,2,1.0,0.1485148514851485,0.4281923037664591,6.0,Computational reversal candidate for further investigation.,674
np-002491,-0.005030986837443957,2,3,2,3,0.6666666666666666,0.2376237623762376,0.5942364728276106,6.333333333333333,Computational reversal candidate for further investigation.,675
19-norethindrone,-0.00501197634206155,1,1,1,1,1.0,0.3465346534653465,0.7671308027900414,5.0,Computational reversal candidate for further investigation.,676
narciclasine,-0.004941203366692605,17,32,17,32,0.53125,0.1782178217821782,0.487845848206354,7.71875,Computational reversal candidate for further investigation.,677
aristolochic acid,-0.004932011458616343,1,1,2,2,1.0,0.37623762376237624,0.8062921234652201,5.0,Computational reversal candidate for further investigation.,678
BRD-K06666320,-0.0049164366806297675,3,5,3,5,0.6,0.2871287128712871,0.679551453029647,7.4,Computational reversal candidate for further investigation.,679
BRD-K14788918,-0.004912673551851598,4,6,4,6,0.6666666666666666,0.09900990099009901,0.32322687521670457,6.0,Computational reversal candidate for further investigation.,680
BRD-K42644990,-0.004862879241747511,1,2,1,2,0.5,0.3069306930693069,0.7143269111931997,7.0,Computational reversal candidate for further investigation.,681
ikk inhibitor x,-0.004836840863645889,1,1,1,1,1.0,0.38613861386138615,0.820177967163805,5.0,Computational reversal candidate for further investigation.,682
felamidin,-0.004822448457658203,1,1,1,1,1.0,0.25742574257425743,0.6296798776087521,7.0,Computational reversal candidate for further investigation.,683
stk397047,-0.004798562305881753,3,5,3,5,0.6,0.18811881188118812,0.5066827710058325,6.6,Computational reversal candidate for further investigation.,684
progesterone,-0.004729124075750529,1,1,1,1,1.0,0.4158415841584158,0.8530344476990486,6.0,Computational reversal candidate for further investigation.,685
ncgc00189555-02,-0.004715784037733498,1,1,1,1,1.0,0.42574257425742573,0.8680389302599761,6.0,Computational reversal candidate for further investigation.,686
BRD-K38634661,-0.004713034618165054,1,1,1,1,1.0,0.1782178217821782,0.487845848206354,5.0,Computational reversal candidate for further investigation.,687
s1176,-0.0047059475587989275,1,1,1,1,1.0,0.25742574257425743,0.6296798776087521,9.0,Computational reversal candidate for further investigation.,688
BRD-K49094915,-0.004700093816680597,2,2,2,2,1.0,0.1188118811881188,0.36648223645894,7.0,Computational reversal candidate for further investigation.,689
ntncb hydrochloride,-0.0046933760942054255,3,4,3,4,0.75,0.16831683168316833,0.46994283454967795,6.0,Computational reversal candidate for further investigation.,690
skf 81297 hydrobromide,-0.004682406116441346,1,1,1,1,1.0,0.3069306930693069,0.7143269111931997,7.0,Computational reversal candidate for further investigation.,691
BRD-K84762162,-0.004665733712419212,1,1,1,1,1.0,0.31683168316831684,0.7262890223448574,5.0,Computational reversal candidate for further investigation.,692
pac 1,-0.00460045194853274,7,12,10,16,0.5833333333333334,0.0891089108910891,0.2996488025556062,7.1875,Computational reversal candidate for further investigation.,693
BRD-K80348542,-0.004577336039856569,7,10,7,10,0.7,0.27722772277227725,0.6617185189358197,6.2,Computational reversal candidate for further investigation.,694
fk 888,-0.004558779351179272,1,1,1,1,1.0,0.27722772277227725,0.6617185189358197,9.0,Computational reversal candidate for further investigation.,695
s1042,-0.004497580937823079,1,1,1,1,1.0,0.45544554455445546,0.9065689487098176,6.0,Computational reversal candidate for further investigation.,696
pioglitazone hydrochloride,-0.004492469974018112,1,1,1,1,1.0,0.31683168316831684,0.7262890223448574,5.0,Computational reversal candidate for further investigation.,697
su11652,-0.004486206000029309,6,9,6,9,0.6666666666666666,0.10891089108910891,0.34287518808165995,6.888888888888889,Computational reversal candidate for further investigation.,698
dephostatin,-0.004435907474668807,1,1,1,1,1.0,0.3465346534653465,0.7671308027900414,5.0,Computational reversal candidate for further investigation.,699
BRD-K68174511,-0.0044237806669531485,3,5,3,5,0.6,0.26732673267326734,0.6454305862240901,6.4,Computational reversal candidate for further investigation.,700
trazodone hydrochloride,-0.004422855285491402,1,1,1,1,1.0,0.3465346534653465,0.7671308027900414,5.0,Computational reversal candidate for further investigation.,701
sinensetin,-0.004418556401375004,1,1,1,1,1.0,0.32673267326732675,0.7418909685285172,6.0,Computational reversal candidate for further investigation.,702
cay10594,-0.004383385171898997,4,5,4,5,0.8,0.2376237623762376,0.5942364728276106,7.6,Computational reversal candidate for further investigation.,703
BRD-K22215695,-0.004338893103107423,1,1,1,1,1.0,0.27722772277227725,0.6617185189358197,5.0,Computational reversal candidate for further investigation.,704
s1014,-0.004281491359693458,1,1,1,1,1.0,0.33663366336633666,0.7551755175517552,7.0,Computational reversal candidate for further investigation.,705
BRD-K76079827,-0.004256167416031992,1,1,1,1,1.0,0.33663366336633666,0.7551755175517552,6.0,Computational reversal candidate for further investigation.,706
ikk 16,-0.0042348383551357935,5,7,5,7,0.7142857142857143,0.1782178217821782,0.487845848206354,7.142857142857143,Computational reversal candidate for further investigation.,707
bg fa 0953,-0.0042204291229507255,2,3,2,3,0.6666666666666666,0.2079207920792079,0.5511707568861152,5.333333333333333,Computational reversal candidate for further investigation.,708
BRD-K64642496,-0.004216625670875657,6,10,6,10,0.6,0.19801980198019803,0.5282626831840577,6.7,Computational reversal candidate for further investigation.,709
BRD-K14939371,-0.004211579789525471,2,2,2,2,1.0,0.25742574257425743,0.6296798776087521,5.5,Computational reversal candidate for further investigation.,710
biperiden hydrochloride,-0.004174087227803539,1,1,1,1,1.0,0.32673267326732675,0.7418909685285172,6.0,Computational reversal candidate for further investigation.,711
danazol,-0.004166631621850558,2,3,3,4,0.6666666666666666,0.3564356435643564,0.7797901041733899,6.0,Computational reversal candidate for further investigation.,712
methyl 7-desoxypurpurogallin-7-carboxylate trimethyl ether,-0.0041503167600761915,1,1,1,1,1.0,0.2376237623762376,0.5942364728276106,6.0,Computational reversal candidate for further investigation.,713
dienestrol,-0.004128089058608263,1,1,1,1,1.0,0.22772277227722773,0.578967896789679,5.0,Computational reversal candidate for further investigation.,714
etodolac,-0.004115220341144449,1,1,2,2,1.0,0.45544554455445546,0.9065689487098176,5.0,Computational reversal candidate for further investigation.,715
ncgc00185087-01,-0.004103163995983832,3,3,3,3,1.0,0.32673267326732675,0.7418909685285172,7.333333333333333,Computational reversal candidate for further investigation.,716
ncgc00181381-01,-0.004049580679026795,1,1,1,1,1.0,0.3564356435643564,0.7797901041733899,6.0,Computational reversal candidate for further investigation.,717
pyrrolidinedithiocarbamate ammonium,-0.003951395896425903,1,1,1,1,1.0,0.33663366336633666,0.7551755175517552,5.0,Computational reversal candidate for further investigation.,718
ku 0060648 trihydrochloride,-0.003854097207928802,21,28,21,28,0.75,0.19801980198019803,0.5282626831840577,7.392857142857143,Computational reversal candidate for further investigation.,719
bufalin,-0.0038393313905307758,4,7,4,7,0.5714285714285714,0.3069306930693069,0.7143269111931997,6.285714285714286,Computational reversal candidate for further investigation.,720
BRD-K47448802,-0.0038313779327874813,1,1,1,1,1.0,0.22772277227722773,0.578967896789679,7.0,Computational reversal candidate for further investigation.,721
naltrexone hydrochloride,-0.003675719938940733,1,2,1,2,0.5,0.22772277227722773,0.578967896789679,6.0,Computational reversal candidate for further investigation.,722
sch 58261,-0.003645306048301109,1,1,1,1,1.0,0.3564356435643564,0.7797901041733899,5.0,Computational reversal candidate for further investigation.,723
BRD-A61825514,-0.003637109186115528,3,4,3,4,0.75,0.13861386138613863,0.4094965834611631,5.75,Computational reversal candidate for further investigation.,724
BRD-A80960055,-0.0035973558883773517,2,3,2,3,0.6666666666666666,0.27722772277227725,0.6617185189358197,5.333333333333333,Computational reversal candidate for further investigation.,725
digitoxigenin,-0.003583740488884484,3,5,4,6,0.6,0.3465346534653465,0.7671308027900414,8.333333333333334,Computational reversal candidate for further investigation.,726
BRD-K58972465,-0.003555667921503909,1,1,1,1,1.0,0.26732673267326734,0.6454305862240901,5.0,Computational reversal candidate for further investigation.,727
parbendazole,-0.0035536855429610715,3,5,3,5,0.6,0.27722772277227725,0.6617185189358197,6.2,Computational reversal candidate for further investigation.,728
itavastatin ca,-0.0035494121661709377,2,3,2,3,0.6666666666666666,0.3564356435643564,0.7797901041733899,6.0,Computational reversal candidate for further investigation.,729
carbazol-9-yl-p-tolyl-methanone,-0.003525086350971783,2,3,2,3,0.6666666666666666,0.31683168316831684,0.7262890223448574,7.333333333333333,Computational reversal candidate for further investigation.,730
BRD-K36055864 (cycloheximide),-0.0034850511113356,3,6,3,6,0.5,0.37623762376237624,0.8062921234652201,6.666666666666667,Computational reversal candidate for further investigation.,731
BRD-K08307026,-0.0034547762822728072,7,10,7,10,0.7,0.1782178217821782,0.487845848206354,6.8,Computational reversal candidate for further investigation.,732
m-3m3fbs,-0.0034358719832249013,2,3,2,3,0.6666666666666666,0.2871287128712871,0.679551453029647,7.333333333333333,Computational reversal candidate for further investigation.,733
lanatoside c,-0.003427909746583243,2,2,2,2,1.0,0.33663366336633666,0.7551755175517552,6.0,Computational reversal candidate for further investigation.,734
BRD-K70161581,-0.003413090730634346,5,9,5,9,0.5555555555555556,0.16831683168316833,0.46994283454967795,6.111111111111111,Computational reversal candidate for further investigation.,735
rapamycin,-0.003368750587656314,1,2,1,2,0.5,0.19801980198019803,0.5282626831840577,6.0,Computational reversal candidate for further investigation.,736
r(+)-6-bromo-apb,-0.003356891446673946,1,1,1,1,1.0,0.2376237623762376,0.5942364728276106,8.0,Computational reversal candidate for further investigation.,737
diphenyleneiodonium chloride,-0.00327199716682845,2,3,2,3,0.6666666666666666,0.3465346534653465,0.7671308027900414,6.0,Computational reversal candidate for further investigation.,738
BRD-K64058329,-0.003251470212822341,1,1,1,1,1.0,0.32673267326732675,0.7418909685285172,6.0,Computational reversal candidate for further investigation.,739
docetaxel,-0.0032300949368109237,1,1,1,1,1.0,0.26732673267326734,0.6454305862240901,5.0,Computational reversal candidate for further investigation.,740
rhodomyrtoxin b,-0.003223564879375532,4,7,4,7,0.5714285714285714,0.39603960396039606,0.8317327352259631,7.857142857142857,Computational reversal candidate for further investigation.,741
rs 17053 hydrochloride,-0.0032156600069456987,1,2,1,2,0.5,0.31683168316831684,0.7262890223448574,6.0,Computational reversal candidate for further investigation.,742
kuc104135 kuc104135n,-0.003194518193858309,3,4,3,4,0.75,0.25742574257425743,0.6296798776087521,9.75,Computational reversal candidate for further investigation.,743
BRD-K97764662,-0.0031903909229219346,1,1,2,2,1.0,0.33663366336633666,0.7551755175517552,5.0,Computational reversal candidate for further investigation.,744
ver155008,-0.0031832628570147028,1,1,1,1,1.0,0.3564356435643564,0.7797901041733899,5.0,Computational reversal candidate for further investigation.,745
gr-231,-0.003152282563624183,1,2,1,2,0.5,0.24752475247524752,0.6144179506708067,5.5,Computational reversal candidate for further investigation.,746
promazine hydrochloride,-0.003104829540865128,2,3,2,3,0.6666666666666666,0.21782178217821782,0.5675542709550458,5.666666666666667,Computational reversal candidate for further investigation.,747
ncgc00241435-01,-0.0030924328773803455,1,1,1,1,1.0,0.5148514851485149,0.9806138389094301,10.0,Computational reversal candidate for further investigation.,748
digoxin,-0.003070539844632677,6,11,8,17,0.5454545454545454,0.25742574257425743,0.6296798776087521,6.705882352941177,Computational reversal candidate for further investigation.,749
ncgc00183226-01,-0.003031950363243598,1,1,1,1,1.0,0.36633663366336633,0.7921557619679493,6.0,Computational reversal candidate for further investigation.,750
ml 9 hydrochloride,-0.0030188760223648367,1,1,1,1,1.0,0.2871287128712871,0.679551453029647,6.0,Computational reversal candidate for further investigation.,751
BRD-K72615639,-0.0030184242859579596,3,4,3,4,0.75,0.18811881188118812,0.5066827710058325,6.5,Computational reversal candidate for further investigation.,752
BRD-K18726304,-0.0029867667005228186,4,6,4,6,0.6666666666666666,0.18811881188118812,0.5066827710058325,5.5,Computational reversal candidate for further investigation.,753
halcinonide,-0.002975943508097144,1,2,1,2,0.5,0.43564356435643564,0.8828621992634046,6.5,Computational reversal candidate for further investigation.,754
mevastatin,-0.0028974897558746654,2,3,2,3,0.6666666666666666,0.33663366336633666,0.7551755175517552,6.0,Computational reversal candidate for further investigation.,755
BRD-K19540840,-0.002886453057782624,1,1,1,1,1.0,0.38613861386138615,0.820177967163805,7.0,Computational reversal candidate for further investigation.,756
securinine,-0.0028759161523216645,1,1,1,1,1.0,0.44554455445544555,0.8942867971007628,9.0,Computational reversal candidate for further investigation.,757
ptb1,-0.002816089224413627,1,1,1,1,1.0,0.4158415841584158,0.8530344476990486,5.0,Computational reversal candidate for further investigation.,758
ncgc00182554-02,-0.002647241804808305,1,1,1,1,1.0,0.31683168316831684,0.7262890223448574,7.0,Computational reversal candidate for further investigation.,759
BRD-K66634822,-0.0026189088137560214,1,1,1,1,1.0,0.38613861386138615,0.820177967163805,5.0,Computational reversal candidate for further investigation.,760
mead ethanolamide,-0.00261373045094449,1,1,1,1,1.0,0.4158415841584158,0.8530344476990486,5.0,Computational reversal candidate for further investigation.,761
cmpd-1,-0.0025959856954958904,3,5,3,5,0.6,0.31683168316831684,0.7262890223448574,6.8,Computational reversal candidate for further investigation.,762
ml 3163,-0.0025429217927642137,1,1,1,1,1.0,0.42574257425742573,0.8680389302599761,8.0,Computational reversal candidate for further investigation.,763
paroxetine hydrochloride,-0.0025247618725468403,4,7,4,7,0.5714285714285714,0.3069306930693069,0.7143269111931997,6.428571428571429,Computational reversal candidate for further investigation.,764
tpca-1,-0.002524738216247992,6,9,6,9,0.6666666666666666,0.3564356435643564,0.7797901041733899,6.555555555555555,Computational reversal candidate for further investigation.,765
ei-332,-0.002523124754736393,1,2,1,2,0.5,0.31683168316831684,0.7262890223448574,5.5,Computational reversal candidate for further investigation.,766
clofarabine,-0.0024125701111281147,2,3,2,3,0.6666666666666666,0.3465346534653465,0.7671308027900414,5.666666666666667,Computational reversal candidate for further investigation.,767
altrenogest,-0.002393173799569968,2,3,2,3,0.6666666666666666,0.2871287128712871,0.679551453029647,5.0,Computational reversal candidate for further investigation.,768
resveratrol,-0.0023825032453028416,1,2,1,2,0.5,0.38613861386138615,0.820177967163805,5.0,Computational reversal candidate for further investigation.,769
fluticasone propionate,-0.0023771855739852087,3,3,4,4,1.0,0.38613861386138615,0.820177967163805,5.5,Computational reversal candidate for further investigation.,770
BRD-K53308430,-0.0023596124964721677,1,2,1,2,0.5,0.5148514851485149,0.9806138389094301,9.0,Computational reversal candidate for further investigation.,771
BRD-A50388635,-0.0023562310584464875,2,2,2,2,1.0,0.31683168316831684,0.7262890223448574,5.0,Computational reversal candidate for further investigation.,772
salmeterol,-0.002337777150388158,2,2,2,2,1.0,0.39603960396039606,0.8317327352259631,8.0,Computational reversal candidate for further investigation.,773
hki-272,-0.0023152915206242613,3,5,3,5,0.6,0.4158415841584158,0.8530344476990486,6.0,Computational reversal candidate for further investigation.,774
BRD-K56196992,-0.0023074156005517934,2,4,2,4,0.5,0.39603960396039606,0.8317327352259631,7.25,Computational reversal candidate for further investigation.,775
dexamethasone,-0.0021464224035985164,4,6,6,8,0.6666666666666666,0.36633663366336633,0.7921557619679493,6.875,Computational reversal candidate for further investigation.,776
BRD-K12401458,-0.0021373601683020694,1,1,1,1,1.0,0.4158415841584158,0.8530344476990486,5.0,Computational reversal candidate for further investigation.,777
BRD-K77480336,-0.002103551582802025,1,2,1,2,0.5,0.45544554455445546,0.9065689487098176,5.5,Computational reversal candidate for further investigation.,778
malonoben,-0.0020897427651000947,5,7,5,7,0.7142857142857143,0.37623762376237624,0.8062921234652201,7.0,Computational reversal candidate for further investigation.,779
BRD-K28907958,-0.00208387149393132,11,20,11,20,0.55,0.25742574257425743,0.6296798776087521,7.2,Computational reversal candidate for further investigation.,780
sb 222200,-0.0020663083332957567,1,1,1,1,1.0,0.39603960396039606,0.8317327352259631,5.0,Computational reversal candidate for further investigation.,781
BRD-A43155244,-0.0019840665786475067,5,9,5,9,0.5555555555555556,0.3564356435643564,0.7797901041733899,6.888888888888889,Computational reversal candidate for further investigation.,782
urapidil hydrochloride,-0.0019740348396943648,1,1,1,1,1.0,0.36633663366336633,0.7921557619679493,6.0,Computational reversal candidate for further investigation.,783
cymarin,-0.001963862570115786,5,8,5,8,0.625,0.33663366336633666,0.7551755175517552,6.125,Computational reversal candidate for further investigation.,784
t542500,-0.001949249008026852,5,8,5,8,0.625,0.42574257425742573,0.8680389302599761,8.75,Computational reversal candidate for further investigation.,785
purvalanol a,-0.001945783647294122,4,8,4,8,0.5,0.2871287128712871,0.679551453029647,6.75,Computational reversal candidate for further investigation.,786
mk 212,-0.0018171227856784258,1,2,1,2,0.5,0.297029702970297,0.6990404510296752,5.0,Computational reversal candidate for further investigation.,787
pepstatin a,-0.0018158210893347562,1,1,1,1,1.0,0.4158415841584158,0.8530344476990486,6.0,Computational reversal candidate for further investigation.,788
prednisolone hemisuccinate,-0.0017946546305373564,1,2,1,2,0.5,0.49504950495049505,0.9603388084473188,6.0,Computational reversal candidate for further investigation.,789
BRD-K91701654,-0.0017443465191623667,1,2,1,2,0.5,0.4158415841584158,0.8530344476990486,5.5,Computational reversal candidate for further investigation.,790
BRD-K95196255,-0.001715270727805431,3,6,3,6,0.5,0.27722772277227725,0.6617185189358197,9.333333333333334,Computational reversal candidate for further investigation.,791
pf 750,-0.0016634719568579918,2,3,2,3,0.6666666666666666,0.36633663366336633,0.7921557619679493,7.0,Computational reversal candidate for further investigation.,792
methyltestosterone,-0.0016576498249586545,1,1,1,1,1.0,0.6336633663366337,1.0,6.0,Computational reversal candidate for further investigation.,793
ncgc00241077-01,-0.001631369078920978,2,4,2,4,0.5,0.32673267326732675,0.7418909685285172,9.25,Computational reversal candidate for further investigation.,794
BRD-K66555411,-0.0015699456686507798,1,1,1,1,1.0,0.3465346534653465,0.7671308027900414,7.0,Computational reversal candidate for further investigation.,795
isorotenone,-0.0015492204358330008,1,2,1,2,0.5,0.43564356435643564,0.8828621992634046,5.0,Computational reversal candidate for further investigation.,796
np-000732,-0.001539656212104368,2,2,2,2,1.0,0.37623762376237624,0.8062921234652201,5.0,Computational reversal candidate for further investigation.,797
topotecan hcl,-0.0015379758952827173,3,5,3,6,0.6,0.3465346534653465,0.7671308027900414,8.666666666666666,Computational reversal candidate for further investigation.,798
gr 127935 hydrochloride,-0.001536733863471246,3,5,3,5,0.6,0.37623762376237624,0.8062921234652201,7.2,Computational reversal candidate for further investigation.,799
at-csc-18 brd-k01121114,-0.0014966289626086177,1,2,1,2,0.5,0.44554455445544555,0.8942867971007628,5.5,Computational reversal candidate for further investigation.,800
fgin-1-27,-0.0014767555059855366,1,1,1,1,1.0,0.36633663366336633,0.7921557619679493,5.0,Computational reversal candidate for further investigation.,801
cinobufagin,-0.001449955250005709,6,9,6,9,0.6666666666666666,0.38613861386138615,0.820177967163805,6.777777777777778,Computational reversal candidate for further investigation.,802
dexamethasone acetate,-0.0014282938044862174,1,1,1,1,1.0,0.39603960396039606,0.8317327352259631,6.0,Computational reversal candidate for further investigation.,803
ym-155,-0.0014138379158930882,11,20,11,20,0.55,0.32673267326732675,0.7418909685285172,8.25,Computational reversal candidate for further investigation.,804
mirtazapine,-0.0013702470904825856,1,1,1,1,1.0,0.5544554455445545,1.0,5.0,Computational reversal candidate for further investigation.,805
paroxetine,-0.0013702470904825856,1,1,1,1,1.0,0.5148514851485149,0.9806138389094301,5.0,Computational reversal candidate for further investigation.,806
itraconazole,-0.0013356612862968566,1,1,1,1,1.0,0.36633663366336633,0.7921557619679493,6.0,Computational reversal candidate for further investigation.,807
s1170,-0.0013271493438349552,2,4,2,4,0.5,0.504950495049505,0.9694587307701021,6.75,Computational reversal candidate for further investigation.,808
isoreserpine,-0.0013031711333641345,1,2,1,2,0.5,0.297029702970297,0.6990404510296752,5.0,Computational reversal candidate for further investigation.,809
6-diazo-5-oxo-l-norleucine,-0.001251204241387545,2,4,2,4,0.5,0.37623762376237624,0.8062921234652201,5.5,Computational reversal candidate for further investigation.,810
homoharringtonine,-0.0012157774144923965,9,15,14,23,0.6,0.36633663366336633,0.7921557619679493,7.130434782608695,Computational reversal candidate for further investigation.,811
BRD-K53780220,-0.0012093331562832844,4,5,4,5,0.8,0.4158415841584158,0.8530344476990486,6.8,Computational reversal candidate for further investigation.,812
BRD-K85318537 (obaa),-0.0012090985364824787,1,1,1,1,1.0,0.504950495049505,0.9694587307701021,6.0,Computational reversal candidate for further investigation.,813
pp 2,-0.0012013020709323845,1,2,1,2,0.5,0.43564356435643564,0.8828621992634046,6.5,Computational reversal candidate for further investigation.,814
mls-0437633.0003,-0.0011463516325409518,1,1,1,1,1.0,0.6138613861386139,1.0,8.0,Computational reversal candidate for further investigation.,815
BRD-K18724229,-0.001118203808478685,2,3,2,3,0.6666666666666666,0.4158415841584158,0.8530344476990486,7.333333333333333,Computational reversal candidate for further investigation.,816
testosterone,-0.001117756724506821,1,2,1,3,0.5,0.5247524752475248,0.9904776754390849,6.0,Computational reversal candidate for further investigation.,817
(-)-gallocatechin gallate,-0.00108691453132986,3,5,3,5,0.6,0.36633663366336633,0.7921557619679493,8.0,Computational reversal candidate for further investigation.,818
benazepril hydrochloride,-0.0010835283520782436,1,1,1,1,1.0,0.2871287128712871,0.679551453029647,5.0,Computational reversal candidate for further investigation.,819
as605240,-0.0010353986521210272,5,7,5,7,0.7142857142857143,0.5247524752475248,0.9904776754390849,7.285714285714286,Computational reversal candidate for further investigation.,820
glycopyrrolate,-0.001012015812478056,1,1,1,1,1.0,0.5544554455445545,1.0,5.0,Computational reversal candidate for further investigation.,821
vu0410183-2,-0.0009967317540873414,6,10,10,16,0.6,0.24752475247524752,0.6144179506708067,7.9375,Computational reversal candidate for further investigation.,822
retinoic acid,-0.0009580088400878719,3,5,3,5,0.6,0.4158415841584158,0.8530344476990486,5.4,Computational reversal candidate for further investigation.,823
doxepin hydrochloride,-0.0009315570181279405,1,1,1,1,1.0,0.39603960396039606,0.8317327352259631,5.0,Computational reversal candidate for further investigation.,824
riboflavine,-0.0009278042722159017,1,1,1,1,1.0,0.45544554455445546,0.9065689487098176,11.0,Computational reversal candidate for further investigation.,825
jte 013,-0.0009055985643494917,1,1,1,1,1.0,0.49504950495049505,0.9603388084473188,6.0,Computational reversal candidate for further investigation.,826
BRD-K76042595,-0.0008940557163991097,1,1,1,1,1.0,0.40594059405940597,0.8451219811807484,6.0,Computational reversal candidate for further investigation.,827
4-demethoxydaunorubicin hydrochloride (65),-0.0008927172192556808,11,21,11,21,0.5238095238095238,0.3465346534653465,0.7671308027900414,6.904761904761905,Computational reversal candidate for further investigation.,828
mst- 312,-0.0008757005368925058,5,10,5,10,0.5,0.39603960396039606,0.8317327352259631,8.1,Computational reversal candidate for further investigation.,829
BRD-U25771771,-0.0008749258993123923,3,5,3,5,0.6,0.37623762376237624,0.8062921234652201,6.0,Computational reversal candidate for further investigation.,830
BRD-K84091085,-0.0008669981170246876,1,1,1,1,1.0,0.45544554455445546,0.9065689487098176,5.0,Computational reversal candidate for further investigation.,831
exemestane,-0.0008465759851760577,1,2,1,2,0.5,0.46534653465346537,0.9208154305996639,8.0,Computational reversal candidate for further investigation.,832
nadolol,-0.0008445712820835984,1,2,1,2,0.5,0.5247524752475248,0.9904776754390849,5.5,Computational reversal candidate for further investigation.,833
cjd-pla-20-1,-0.0008224844296066463,1,1,1,1,1.0,0.46534653465346537,0.9208154305996639,7.0,Computational reversal candidate for further investigation.,834
pz0005,-0.0008163585270321025,1,1,1,1,1.0,0.3564356435643564,0.7797901041733899,6.0,Computational reversal candidate for further investigation.,835
naloxone hydrochloride,-0.000799593094591081,1,1,1,1,1.0,0.49504950495049505,0.9603388084473188,6.0,Computational reversal candidate for further investigation.,836
BRD-K32501161,-0.0007938970246920227,1,1,1,1,1.0,0.42574257425742573,0.8680389302599761,6.0,Computational reversal candidate for further investigation.,837
atorvastatin,-0.0007873231182148775,1,2,1,2,0.5,0.5445544554455446,1.0,6.0,Computational reversal candidate for further investigation.,838
gw 4064,-0.0007259598360187369,1,1,1,1,1.0,0.3069306930693069,0.7143269111931997,6.0,Computational reversal candidate for further investigation.,839
digoxigenin,-0.0007226330293762058,2,4,2,4,0.5,0.46534653465346537,0.9208154305996639,8.5,Computational reversal candidate for further investigation.,840
tomoxetine hydrochloride,-0.0007221845590653173,1,1,1,1,1.0,0.504950495049505,0.9694587307701021,6.0,Computational reversal candidate for further investigation.,841
ncgc00183696-01,-0.0007055967231809198,5,7,5,7,0.7142857142857143,0.33663366336633666,0.7551755175517552,8.857142857142858,Computational reversal candidate for further investigation.,842
ncgc00184830-01,-0.0007027793187792536,3,5,3,5,0.6,0.36633663366336633,0.7921557619679493,7.6,Computational reversal candidate for further investigation.,843
p5172,-0.0006826846558213272,1,2,1,2,0.5,0.49504950495049505,0.9603388084473188,6.0,Computational reversal candidate for further investigation.,844
kb-r7943 mesylate,-0.000675688130519111,1,1,1,1,1.0,0.33663366336633666,0.7551755175517552,5.0,Computational reversal candidate for further investigation.,845
gr 103691,-0.0006641548504665654,1,2,1,2,0.5,0.44554455445544555,0.8942867971007628,5.0,Computational reversal candidate for further investigation.,846
levonorgestrel,-0.0006580661445100252,1,1,1,1,1.0,0.594059405940594,1.0,7.0,Computational reversal candidate for further investigation.,847
BRD-K62818989,-0.0006563994717713002,1,2,1,2,0.5,0.42574257425742573,0.8680389302599761,6.5,Computational reversal candidate for further investigation.,848
gsk-3 inhibitor ii,-0.0006490191939244553,1,2,1,2,0.5,0.40594059405940597,0.8451219811807484,5.0,Computational reversal candidate for further investigation.,849
BRD-K72264770,-0.0006380687462065326,1,1,1,1,1.0,0.40594059405940597,0.8451219811807484,5.0,Computational reversal candidate for further investigation.,850
u0126,-0.0005929189092437233,1,2,1,2,0.5,0.6138613861386139,1.0,5.0,Computational reversal candidate for further investigation.,851
taxifolin-(+/-),-0.0005713163524446565,1,1,1,1,1.0,0.5148514851485149,0.9806138389094301,14.0,Computational reversal candidate for further investigation.,852
ncgc00167107-01,-0.0005025251811289905,1,2,1,2,0.5,0.44554455445544555,0.8942867971007628,6.0,Computational reversal candidate for further investigation.,853
BRD-U82589721,-0.00047821309154623924,2,3,2,3,0.6666666666666666,0.504950495049505,0.9694587307701021,6.333333333333333,Computational reversal candidate for further investigation.,854
emetine hydrochloride,-0.0004779946118179546,4,8,4,8,0.5,0.46534653465346537,0.9208154305996639,6.5,Computational reversal candidate for further investigation.,855
BRD-K07403598,-0.00044658012418948793,1,1,1,1,1.0,0.39603960396039606,0.8317327352259631,5.0,Computational reversal candidate for further investigation.,856
BRD-K10705233,-0.0004132179142892745,4,8,4,8,0.5,0.40594059405940597,0.8451219811807484,6.625,Computational reversal candidate for further investigation.,857
BRD-A81530502,-0.0003986870456304545,2,4,2,4,0.5,0.24752475247524752,0.6144179506708067,6.5,Computational reversal candidate for further investigation.,858
milrinone,-0.0003808988101417603,1,1,1,1,1.0,0.44554455445544555,0.8942867971007628,5.0,Computational reversal candidate for further investigation.,859
BRD-K57080016,-0.00035328992360249105,5,9,5,9,0.5555555555555556,0.5742574257425742,1.0,7.0,Computational reversal candidate for further investigation.,860
bx-795,-0.00033965739752641645,10,15,10,15,0.6666666666666666,0.4158415841584158,0.8530344476990486,6.0,Computational reversal candidate for further investigation.,861
sb 216763,-0.0003250233883422787,2,3,2,3,0.6666666666666666,0.44554455445544555,0.8942867971007628,5.666666666666667,Computational reversal candidate for further investigation.,862
mdl 72222,-0.0002836889487947986,1,1,1,1,1.0,0.48514851485148514,0.9488102656419488,5.0,Computational reversal candidate for further investigation.,863
BRD-K83972459,-0.0002788583024229095,3,6,3,6,0.5,0.4752475247524752,0.937092064083024,6.166666666666667,Computational reversal candidate for further investigation.,864
"vegf receptor 3 kinase inhibitor, maz51",-0.00027713087007381204,1,1,1,1,1.0,0.46534653465346537,0.9208154305996639,5.0,Computational reversal candidate for further investigation.,865
BRD-K90735586,-0.00020676616088557108,1,1,1,1,1.0,0.504950495049505,0.9694587307701021,6.0,Computational reversal candidate for further investigation.,866
BRD-K80334323 (norethynodrel),-0.00019432169568074122,1,1,1,1,1.0,0.504950495049505,0.9694587307701021,8.0,Computational reversal candidate for further investigation.,867
BRD-K62310379 (fluticasone propionate),-0.00017108402344688132,3,5,3,5,0.6,0.504950495049505,0.9694587307701021,7.4,Computational reversal candidate for further investigation.,868
ranitidine,-0.00010469634776035137,1,1,1,1,1.0,0.43564356435643564,0.8828621992634046,5.0,Computational reversal candidate for further investigation.,869
perphenazine,-9.856595564552116e-05,1,2,1,2,0.5,0.48514851485148514,0.9488102656419488,5.5,Computational reversal candidate for further investigation.,870
BRD-K50140147,-2.2329063052595015e-05,4,8,6,10,0.5,0.504950495049505,0.9694587307701021,5.9,Computational reversal candidate for further investigation.,871
vu0418946-2,-1.9094682527803037e-05,7,13,12,18,0.5384615384615384,0.38613861386138615,0.820177967163805,7.722222222222222,Computational reversal candidate for further investigation.,872
s4002,9.328211034115167e-06,1,2,1,2,0.5,0.5247524752475248,0.9904776754390849,6.0,No aggregate reversal under this configuration.,873
cvf-csc-7 brd-a32595718,4.714546762483226e-05,1,2,1,3,0.5,0.5544554455445545,1.0,6.666666666666667,No aggregate reversal under this configuration.,874
mosapride,8.690948280273619e-05,0,1,0,1,0.0,0.6039603960396039,1.0,5.0,No aggregate reversal under this configuration.,875
carbidopa,0.00013211191445655938,1,2,1,2,0.5,0.594059405940594,1.0,5.5,No aggregate reversal under this configuration.,876
BRD-K01436366,0.00015387900992425152,3,7,3,7,0.42857142857142855,0.6039603960396039,1.0,5.142857142857143,No aggregate reversal under this configuration.,877
tyrphostin ag 1478,0.00016644263386485008,9,20,9,20,0.45,0.5445544554455446,1.0,6.95,No aggregate reversal under this configuration.,878
nicardipine hydrochloride,0.00016907281693060556,1,2,1,2,0.5,0.48514851485148514,0.9488102656419488,7.0,No aggregate reversal under this configuration.,879
ncgc00181233-01,0.0002189389604929327,0,1,0,1,0.0,0.6831683168316832,1.0,5.0,No aggregate reversal under this configuration.,880
ritodrine hydrochloride,0.00022548786923807075,0,1,0,1,0.0,0.4158415841584158,0.8530344476990486,5.0,No aggregate reversal under this configuration.,881
ag-879,0.0002682734848277349,2,4,2,4,0.5,0.5247524752475248,0.9904776754390849,5.75,No aggregate reversal under this configuration.,882
sb 205384,0.00028543655572634474,0,1,0,1,0.0,0.6138613861386139,1.0,5.0,No aggregate reversal under this configuration.,883
maprotiline hydrochloride,0.0002966916838129806,0,1,0,1,0.0,0.5247524752475248,0.9904776754390849,5.0,No aggregate reversal under this configuration.,884
BRD-K52911425,0.0003114132591089977,1,2,1,2,0.5,0.6435643564356436,1.0,6.0,No aggregate reversal under this configuration.,885
gr 46611,0.0003138496005068059,0,1,0,1,0.0,0.49504950495049505,0.9603388084473188,7.0,No aggregate reversal under this configuration.,886
BRD-K02113016,0.00032402136422180015,1,3,1,3,0.3333333333333333,0.6138613861386139,1.0,7.666666666666667,No aggregate reversal under this configuration.,887
periplocymarin,0.00033236591119443896,4,8,4,8,0.5,0.5346534653465347,1.0,7.75,No aggregate reversal under this configuration.,888
wortmannin,0.0003731043619186764,12,25,34,86,0.48,0.6039603960396039,1.0,6.8023255813953485,No aggregate reversal under this configuration.,889
BRD-K15916856,0.0004084703434296998,0,1,0,1,0.0,0.6237623762376238,1.0,7.0,No aggregate reversal under this configuration.,890
norethindrone,0.00042602755449065765,1,2,1,3,0.5,0.5841584158415841,1.0,6.0,No aggregate reversal under this configuration.,891
t 98475,0.0004387953237741571,1,2,1,2,0.5,0.5841584158415841,1.0,5.0,No aggregate reversal under this configuration.,892
vu0418934-2,0.0004424945305265848,4,8,4,8,0.5,0.45544554455445546,0.9065689487098176,6.75,No aggregate reversal under this configuration.,893
raclopride,0.0004509236538021155,0,1,0,1,0.0,0.6237623762376238,1.0,5.0,No aggregate reversal under this configuration.,894
valdecoxib,0.0004703554950414427,3,6,3,6,0.5,0.48514851485148514,0.9488102656419488,6.833333333333333,No aggregate reversal under this configuration.,895
vu0418939-2,0.0004883172991392275,4,9,4,9,0.4444444444444444,0.45544554455445546,0.9065689487098176,7.888888888888889,No aggregate reversal under this configuration.,896
ncgc00182382-01,0.0005181970443486963,1,2,1,2,0.5,0.5148514851485149,0.9806138389094301,5.5,No aggregate reversal under this configuration.,897
dg-041,0.0005276692156513949,5,11,5,11,0.45454545454545453,0.5544554455445545,1.0,7.0,No aggregate reversal under this configuration.,898
taxol,0.0005961126507255214,1,2,1,2,0.5,0.5643564356435643,1.0,5.5,No aggregate reversal under this configuration.,899
ftt,0.0006039826408923408,0,1,0,1,0.0,0.48514851485148514,0.9488102656419488,5.0,No aggregate reversal under this configuration.,900
aminopurvalanol a,0.0006224917239250555,4,8,4,8,0.5,0.6138613861386139,1.0,6.75,No aggregate reversal under this configuration.,901
nocodazole,0.0006671057757870642,1,3,1,3,0.3333333333333333,0.6237623762376238,1.0,6.333333333333333,No aggregate reversal under this configuration.,902
u 18666a,0.0006706925375715715,1,2,1,2,0.5,0.5544554455445545,1.0,7.0,No aggregate reversal under this configuration.,903
BRD-K15563106,0.0006841570193597303,5,11,5,11,0.45454545454545453,0.594059405940594,1.0,6.7272727272727275,No aggregate reversal under this configuration.,904
rimcazole dihydrochloride,0.0007466767462824646,1,2,1,2,0.5,0.5346534653465347,1.0,5.0,No aggregate reversal under this configuration.,905
hycanthone,0.000747263636019208,0,1,0,1,0.0,0.594059405940594,1.0,5.0,No aggregate reversal under this configuration.,906
orlistat,0.0008011990315258434,0,1,0,1,0.0,0.594059405940594,1.0,6.0,No aggregate reversal under this configuration.,907
digitoxin,0.0008190264150069882,6,12,6,12,0.5,0.44554455445544555,0.8942867971007628,6.916666666666667,No aggregate reversal under this configuration.,908
tremulacin,0.0008481120152336965,0,1,0,1,0.0,0.6435643564356436,1.0,5.0,No aggregate reversal under this configuration.,909
depo-medrol,0.0008995523764993734,0,1,0,1,0.0,0.5346534653465347,1.0,5.0,No aggregate reversal under this configuration.,910
BRD-K14681867,0.0009227485647556768,0,1,0,1,0.0,0.49504950495049505,0.9603388084473188,5.0,No aggregate reversal under this configuration.,911
BRD-K61717269,0.0009238071865380415,4,8,4,8,0.5,0.43564356435643564,0.8828621992634046,7.875,No aggregate reversal under this configuration.,912
BRD-K45044657,0.0009362034294580534,1,3,1,3,0.3333333333333333,0.44554455445544555,0.8942867971007628,5.333333333333333,No aggregate reversal under this configuration.,913
podofilox,0.0009633969132103774,2,4,2,4,0.5,0.6435643564356436,1.0,5.0,No aggregate reversal under this configuration.,914
pj 34 hydrochloride,0.0010153139267188643,1,3,1,3,0.3333333333333333,0.48514851485148514,0.9488102656419488,5.333333333333333,No aggregate reversal under this configuration.,915
BRD-K19724398,0.0011218371661767534,3,7,3,7,0.42857142857142855,0.6039603960396039,1.0,6.285714285714286,No aggregate reversal under this configuration.,916
BRD-K69888333,0.0011348905764943388,1,2,1,2,0.5,0.4752475247524752,0.937092064083024,5.0,No aggregate reversal under this configuration.,917
BRD-K60297835,0.001140922456641979,1,2,1,2,0.5,0.504950495049505,0.9694587307701021,6.0,No aggregate reversal under this configuration.,918
tacrolimus,0.0011443380724560628,0,1,0,1,0.0,0.6237623762376238,1.0,5.0,No aggregate reversal under this configuration.,919
BRD-K05649647,0.001230876607668901,4,8,4,8,0.5,0.594059405940594,1.0,5.375,No aggregate reversal under this configuration.,920
BRD-K09186807,0.0012544833802897526,0,1,0,1,0.0,0.6831683168316832,1.0,5.0,No aggregate reversal under this configuration.,921
lonidamine,0.0013251727268639541,3,6,3,6,0.5,0.6732673267326733,1.0,6.5,No aggregate reversal under this configuration.,922
v4877,0.0013618238979796176,3,7,3,7,0.42857142857142855,0.5742574257425742,1.0,6.428571428571429,No aggregate reversal under this configuration.,923
BRD-K77830450 (forskolin),0.0014102722971394595,0,1,0,1,0.0,0.5643564356435643,1.0,5.0,No aggregate reversal under this configuration.,924
rs 39604 hydrochloride,0.0014403356286138988,0,1,0,1,0.0,0.5346534653465347,1.0,6.0,No aggregate reversal under this configuration.,925
s1362,0.0014422952326466395,1,2,1,2,0.5,0.594059405940594,1.0,6.5,No aggregate reversal under this configuration.,926
BRD-K05977823,0.0014499760494894975,0,1,0,1,0.0,0.5346534653465347,1.0,7.0,No aggregate reversal under this configuration.,927
budesonide,0.0014921239674812632,1,3,1,3,0.3333333333333333,0.5247524752475248,0.9904776754390849,5.666666666666667,No aggregate reversal under this configuration.,928
pt-630,0.0015147348576939365,0,1,0,1,0.0,0.5544554455445545,1.0,5.0,No aggregate reversal under this configuration.,929
mebendazole,0.001542999134884167,2,4,2,4,0.5,0.693069306930693,1.0,5.5,No aggregate reversal under this configuration.,930
ouabain,0.0015448104979393176,6,13,6,14,0.46153846153846156,0.5445544554455446,1.0,6.285714285714286,No aggregate reversal under this configuration.,931
BRD-K32101742,0.0015683383730937363,0,1,0,1,0.0,0.594059405940594,1.0,5.0,No aggregate reversal under this configuration.,932
ncgc00181375-01,0.001572340564509553,0,1,0,1,0.0,0.6435643564356436,1.0,6.0,No aggregate reversal under this configuration.,933
ncgc00184834-01,0.0015805009356971835,3,6,3,6,0.5,0.5841584158415841,1.0,7.0,No aggregate reversal under this configuration.,934
BRD-K01868942,0.0015893465479998046,0,1,0,1,0.0,0.6138613861386139,1.0,5.0,No aggregate reversal under this configuration.,935
BRD-K11072542,0.001628802529368944,1,2,1,2,0.5,0.6534653465346535,1.0,5.0,No aggregate reversal under this configuration.,936
BRD-U64289953,0.001666301812072414,1,2,1,2,0.5,0.5148514851485149,0.9806138389094301,5.0,No aggregate reversal under this configuration.,937
BRD-K54687541,0.001724997923096884,2,4,2,4,0.5,0.5841584158415841,1.0,5.25,No aggregate reversal under this configuration.,938
BRD-K74711637,0.001734951189760853,0,1,0,1,0.0,0.594059405940594,1.0,6.0,No aggregate reversal under this configuration.,939
mln4924,0.001764975549182588,6,15,6,15,0.4,0.693069306930693,1.0,6.6,No aggregate reversal under this configuration.,940
dm-55-3 brd-k81592585,0.0017838167219921307,1,2,1,2,0.5,0.7425742574257426,1.0,6.5,No aggregate reversal under this configuration.,941
prednicarbate,0.0018243017426238998,1,2,1,2,0.5,0.6435643564356436,1.0,5.0,No aggregate reversal under this configuration.,942
endecaphyllin x,0.0018492528553867831,0,1,0,1,0.0,0.6039603960396039,1.0,6.0,No aggregate reversal under this configuration.,943
BRD-K45399554,0.001861768559523681,1,3,1,3,0.3333333333333333,0.7227722772277227,1.0,7.333333333333333,No aggregate reversal under this configuration.,944
s1174,0.0018814516310600737,0,1,0,1,0.0,0.6435643564356436,1.0,6.0,No aggregate reversal under this configuration.,945
BRD-K23673040,0.00188205516641346,1,2,1,2,0.5,0.6237623762376238,1.0,7.0,No aggregate reversal under this configuration.,946
desoximetasone,0.0019101927784123914,1,2,1,2,0.5,0.6237623762376238,1.0,7.5,No aggregate reversal under this configuration.,947
BRD-A18763547,0.0019533994591471532,3,6,3,6,0.5,0.5643564356435643,1.0,6.666666666666667,No aggregate reversal under this configuration.,948
cyclosporine,0.001999122402618207,4,9,4,11,0.4444444444444444,0.6633663366336634,1.0,6.363636363636363,No aggregate reversal under this configuration.,949
BRD-K86761848,0.002016446221638964,2,4,2,4,0.5,0.6534653465346535,1.0,6.5,No aggregate reversal under this configuration.,950
fenbufen,0.0020662510088309653,0,1,0,1,0.0,0.5841584158415841,1.0,6.0,No aggregate reversal under this configuration.,951
BRD-K85275009,0.002069022699902701,1,2,1,2,0.5,0.6534653465346535,1.0,5.5,No aggregate reversal under this configuration.,952
stock4s-23872,0.0021320867102973444,0,1,0,1,0.0,0.6039603960396039,1.0,6.0,No aggregate reversal under this configuration.,953
BRD-K59962020,0.0021437502140582458,1,3,1,3,0.3333333333333333,0.6633663366336634,1.0,5.0,No aggregate reversal under this configuration.,954
anpirtoline hydrochloride,0.0021458096770466603,0,1,0,1,0.0,0.6633663366336634,1.0,5.0,No aggregate reversal under this configuration.,955
BRD-K40175214,0.002147433776295227,2,4,2,4,0.5,0.6336633663366337,1.0,7.25,No aggregate reversal under this configuration.,956
osi-906,0.0021583915832590816,0,1,0,1,0.0,0.5148514851485149,0.9806138389094301,6.0,No aggregate reversal under this configuration.,957
BRD-A94793051,0.002163778991568755,1,2,1,2,0.5,0.6633663366336634,1.0,5.0,No aggregate reversal under this configuration.,958
BRD-K60219430,0.002170570157082657,3,6,3,6,0.5,0.6138613861386139,1.0,5.666666666666667,No aggregate reversal under this configuration.,959
BRD-K05549170,0.0022350653547124595,1,2,1,2,0.5,0.594059405940594,1.0,7.0,No aggregate reversal under this configuration.,960
imd 0354,0.0022365835425708935,5,21,6,28,0.23809523809523808,0.6336633663366337,1.0,8.107142857142858,No aggregate reversal under this configuration.,961
BRD-K81473043,0.002270115186646717,6,13,6,13,0.46153846153846156,0.7425742574257426,1.0,6.615384615384615,No aggregate reversal under this configuration.,962
calpeptin,0.0022854668282017866,1,3,1,3,0.3333333333333333,0.6435643564356436,1.0,5.666666666666667,No aggregate reversal under this configuration.,963
BRD-K53423944,0.002289530338031917,2,5,2,5,0.4,0.693069306930693,1.0,6.2,No aggregate reversal under this configuration.,964
s1475,0.0023452809526506553,1,2,1,2,0.5,0.6831683168316832,1.0,5.0,No aggregate reversal under this configuration.,965
vindesine,0.002356298476287876,1,2,1,2,0.5,0.6435643564356436,1.0,5.5,No aggregate reversal under this configuration.,966
jak3 inhibitor vi,0.0024059705879843135,4,9,4,9,0.4444444444444444,0.7227722772277227,1.0,7.555555555555555,No aggregate reversal under this configuration.,967
arcyriaflavin a,0.0024245946753424603,0,1,0,1,0.0,0.7524752475247525,1.0,5.0,No aggregate reversal under this configuration.,968
BRD-K81795824,0.002435723876014191,2,8,2,8,0.25,0.49504950495049505,0.9603388084473188,8.5,No aggregate reversal under this configuration.,969
BRD-K06750613,0.002444262659324225,2,5,2,5,0.4,0.6039603960396039,1.0,7.0,No aggregate reversal under this configuration.,970
stk249718,0.0024483947325023925,2,4,2,4,0.5,0.6138613861386139,1.0,6.25,No aggregate reversal under this configuration.,971
BRD-K58288048,0.0024484973755030384,1,3,1,3,0.3333333333333333,0.6633663366336634,1.0,8.0,No aggregate reversal under this configuration.,972
BRD-K78373679,0.002448785280614745,0,1,0,1,0.0,0.6138613861386139,1.0,6.0,No aggregate reversal under this configuration.,973
BRD-K98824517,0.002450426837274467,1,3,1,3,0.3333333333333333,0.5643564356435643,1.0,7.333333333333333,No aggregate reversal under this configuration.,974
"l-689,560",0.0024528459557144828,0,1,0,1,0.0,0.4752475247524752,0.937092064083024,6.0,No aggregate reversal under this configuration.,975
BRD-K09485525,0.0024777515157967506,0,1,0,1,0.0,0.7029702970297029,1.0,5.0,No aggregate reversal under this configuration.,976
KIN001-270,0.0025941393034891705,0,1,0,1,0.0,0.7623762376237624,1.0,5.0,No aggregate reversal under this configuration.,977
reserpine,0.002598472907404406,0,1,0,2,0.0,0.6039603960396039,1.0,6.5,No aggregate reversal under this configuration.,978
vu0418947-2,0.0025996188253655465,5,10,5,10,0.5,0.594059405940594,1.0,7.4,No aggregate reversal under this configuration.,979
gitoxigenin,0.0026241378184524546,3,8,4,9,0.375,0.6831683168316832,1.0,5.888888888888889,No aggregate reversal under this configuration.,980
pik-90,0.002658468335088179,2,6,2,6,0.3333333333333333,0.7623762376237624,1.0,5.666666666666667,No aggregate reversal under this configuration.,981
pyrvinium pamoate,0.002684982613583458,1,2,1,2,0.5,0.594059405940594,1.0,7.0,No aggregate reversal under this configuration.,982
BRD-U29336476,0.0026870512374564718,3,7,3,7,0.42857142857142855,0.594059405940594,1.0,6.428571428571429,No aggregate reversal under this configuration.,983
s1122,0.002716903347178061,3,7,3,7,0.42857142857142855,0.6732673267326733,1.0,7.428571428571429,No aggregate reversal under this configuration.,984
oxiconazole,0.0027238392317742227,0,1,0,1,0.0,0.6534653465346535,1.0,5.0,No aggregate reversal under this configuration.,985
kn-62,0.002728930441727032,1,2,1,2,0.5,0.48514851485148514,0.9488102656419488,7.0,No aggregate reversal under this configuration.,986
BRD-A47832959,0.002748678318473306,0,1,0,1,0.0,0.7029702970297029,1.0,6.0,No aggregate reversal under this configuration.,987
gemcitabine,0.00275835294699498,4,11,4,11,0.36363636363636365,0.7029702970297029,1.0,6.454545454545454,No aggregate reversal under this configuration.,988
np-009265,0.002793136184507992,0,1,0,1,0.0,0.5346534653465347,1.0,9.0,No aggregate reversal under this configuration.,989
lasalocid sodium salt,0.0028065165550911486,0,1,0,1,0.0,0.6039603960396039,1.0,12.0,No aggregate reversal under this configuration.,990
BRD-K81538844,0.002814779780630559,0,1,0,1,0.0,0.6435643564356436,1.0,5.0,No aggregate reversal under this configuration.,991
triflupromazine hydrochloride,0.0028507556048598453,1,3,1,3,0.3333333333333333,0.6633663366336634,1.0,5.666666666666667,No aggregate reversal under this configuration.,992
kuc104487 kuc104487n,0.0028810720547278817,0,1,0,1,0.0,0.594059405940594,1.0,7.0,No aggregate reversal under this configuration.,993
BRD-K58214070,0.002929415701550215,2,4,2,4,0.5,0.5247524752475248,0.9904776754390849,8.25,No aggregate reversal under this configuration.,994
teniposide,0.00294804353953613,11,30,11,30,0.36666666666666664,0.7524752475247525,1.0,7.366666666666666,No aggregate reversal under this configuration.,995
BRD-K04923131,0.0029862308082669897,2,4,2,4,0.5,0.6633663366336634,1.0,6.0,No aggregate reversal under this configuration.,996
ei-263,0.003002617173680538,1,3,1,3,0.3333333333333333,0.693069306930693,1.0,5.666666666666667,No aggregate reversal under this configuration.,997
colforsin,0.0030033479644345122,0,1,0,1,0.0,0.7326732673267327,1.0,6.0,No aggregate reversal under this configuration.,998
methylene blue,0.0030443410794811017,5,11,5,11,0.45454545454545453,0.7326732673267327,1.0,7.090909090909091,No aggregate reversal under this configuration.,999
BRD-K83336168,0.003051007084132965,1,4,1,4,0.25,0.7821782178217822,1.0,6.25,No aggregate reversal under this configuration.,1000
tws119,0.0030556959258744624,2,5,2,5,0.4,0.7821782178217822,1.0,6.2,No aggregate reversal under this configuration.,1001
ncgc00183371-01,0.0030647216074805497,3,7,3,7,0.42857142857142855,0.594059405940594,1.0,8.0,No aggregate reversal under this configuration.,1002
BRD-K11540476,0.0031305422043332912,0,1,0,1,0.0,0.6732673267326733,1.0,7.0,No aggregate reversal under this configuration.,1003
BRD-K79382620,0.003166092015667926,0,1,0,1,0.0,0.6732673267326733,1.0,5.0,No aggregate reversal under this configuration.,1004
loteprednol,0.0031689955069960484,0,1,0,1,0.0,0.5544554455445545,1.0,6.0,No aggregate reversal under this configuration.,1005
BRD-K95138506,0.00320460731464228,2,6,2,6,0.3333333333333333,0.6435643564356436,1.0,6.333333333333333,No aggregate reversal under this configuration.,1006
km00799,0.0032558176086755057,0,1,0,1,0.0,0.7128712871287128,1.0,6.0,No aggregate reversal under this configuration.,1007
BRD-K84203638,0.003330693964274216,2,6,2,6,0.3333333333333333,0.6732673267326733,1.0,10.166666666666666,No aggregate reversal under this configuration.,1008
fr 122047 hydrochloride,0.003357009488764131,0,1,0,1,0.0,0.6237623762376238,1.0,5.0,No aggregate reversal under this configuration.,1009
kf 38789,0.003357830975547255,2,4,2,4,0.5,0.693069306930693,1.0,5.5,No aggregate reversal under this configuration.,1010
gr-207,0.003366205666524666,0,1,0,1,0.0,0.7326732673267327,1.0,5.0,No aggregate reversal under this configuration.,1011
ncgc00187945-01,0.003379036168338885,0,1,0,1,0.0,0.693069306930693,1.0,5.0,No aggregate reversal under this configuration.,1012
tg101348,0.0034077052210040766,13,30,13,30,0.43333333333333335,0.801980198019802,1.0,6.8,No aggregate reversal under this configuration.,1013
emetine,0.003427071510856024,4,9,4,9,0.4444444444444444,0.6336633663366337,1.0,6.666666666666667,No aggregate reversal under this configuration.,1014
BRD-K90826279,0.0034917025709137795,0,1,0,1,0.0,0.7920792079207921,1.0,6.0,No aggregate reversal under this configuration.,1015
BRD-A62809825,0.003494191681854733,1,4,1,4,0.25,0.7623762376237624,1.0,8.5,No aggregate reversal under this configuration.,1016
ncgc00183255-01,0.0035020636683942546,2,4,2,4,0.5,0.5841584158415841,1.0,8.25,No aggregate reversal under this configuration.,1017
pp 1,0.0035810082802295333,1,4,1,4,0.25,0.7722772277227723,1.0,6.0,No aggregate reversal under this configuration.,1018
cabergoline,0.0036665765965661137,0,1,0,1,0.0,0.5346534653465347,1.0,6.0,No aggregate reversal under this configuration.,1019
evista,0.0036776832634773924,0,1,0,1,0.0,0.7623762376237624,1.0,6.0,No aggregate reversal under this configuration.,1020
BRD-K73261812,0.003682378037517186,3,10,3,10,0.3,0.7128712871287128,1.0,7.0,No aggregate reversal under this configuration.,1021
BRD-K96076993,0.003726337123503852,3,7,3,7,0.42857142857142855,0.693069306930693,1.0,5.142857142857143,No aggregate reversal under this configuration.,1022
"l-690,330",0.0037676421853310286,0,2,0,2,0.0,0.7029702970297029,1.0,6.0,No aggregate reversal under this configuration.,1023
3-methyladenine,0.0037801619082922485,0,1,0,1,0.0,0.6237623762376238,1.0,7.0,No aggregate reversal under this configuration.,1024
BRD-K40300908,0.003794217025457719,0,1,0,1,0.0,0.7227722772277227,1.0,5.0,No aggregate reversal under this configuration.,1025
rk-682,0.0038369597079740145,0,1,0,1,0.0,0.6237623762376238,1.0,6.0,No aggregate reversal under this configuration.,1026
BRD-K37724988,0.0038548562022264086,0,1,0,1,0.0,0.7524752475247525,1.0,6.0,No aggregate reversal under this configuration.,1027
BRD-K06405410,0.003900575362887962,0,1,0,1,0.0,0.6831683168316832,1.0,6.0,No aggregate reversal under this configuration.,1028
jte 907,0.003924701846839321,0,1,0,1,0.0,0.6732673267326733,1.0,5.0,No aggregate reversal under this configuration.,1029
guanabenz acetate,0.003956796379541837,0,1,0,1,0.0,0.5841584158415841,1.0,5.0,No aggregate reversal under this configuration.,1030
BRD-K66792149,0.004002876781445302,3,8,3,8,0.375,0.7524752475247525,1.0,6.75,No aggregate reversal under this configuration.,1031
BRD-K46692335,0.004007936819276749,0,1,0,1,0.0,0.6633663366336634,1.0,5.0,No aggregate reversal under this configuration.,1032
bl-076,0.004010420768982354,0,1,0,1,0.0,0.7029702970297029,1.0,5.0,No aggregate reversal under this configuration.,1033
BRD-K39345836,0.004054896147715744,0,1,0,1,0.0,0.7326732673267327,1.0,8.0,No aggregate reversal under this configuration.,1034
nsc 23766,0.0040600390244651665,2,4,2,4,0.5,0.7821782178217822,1.0,6.25,No aggregate reversal under this configuration.,1035
cc-100,0.004119502302710038,0,1,0,1,0.0,0.594059405940594,1.0,5.0,No aggregate reversal under this configuration.,1036
ruxolitinib,0.004124242676342816,1,2,1,2,0.5,0.8118811881188119,1.0,5.0,No aggregate reversal under this configuration.,1037
cercosporin,0.004129519821390555,2,8,2,8,0.25,0.7128712871287128,1.0,8.875,No aggregate reversal under this configuration.,1038
pd 198306,0.004144365851578078,2,5,2,5,0.4,0.7524752475247525,1.0,6.4,No aggregate reversal under this configuration.,1039
BRD-A98444709,0.004181804055773024,0,1,0,1,0.0,0.6831683168316832,1.0,5.0,No aggregate reversal under this configuration.,1040
trimeprazine tartrate,0.0041924850351409415,1,2,1,2,0.5,0.7722772277227723,1.0,5.0,No aggregate reversal under this configuration.,1041
6-azauridine,0.00421013391136354,0,1,0,1,0.0,0.6732673267326733,1.0,5.0,No aggregate reversal under this configuration.,1042
scoulerine,0.004221468573989135,0,1,0,1,0.0,0.7128712871287128,1.0,5.0,No aggregate reversal under this configuration.,1043
cucurbitacin i,0.0042490989334513785,1,3,1,3,0.3333333333333333,0.6633663366336634,1.0,7.666666666666667,No aggregate reversal under this configuration.,1044
s1019,0.0042537069241791025,1,4,1,4,0.25,0.8118811881188119,1.0,6.0,No aggregate reversal under this configuration.,1045
r406,0.004276601934867383,2,5,2,5,0.4,0.8118811881188119,1.0,6.4,No aggregate reversal under this configuration.,1046
ncgc00241726-01,0.00427959963777285,1,3,1,3,0.3333333333333333,0.7524752475247525,1.0,8.333333333333334,No aggregate reversal under this configuration.,1047
BRD-A32449311,0.004376680620240961,0,1,0,1,0.0,0.6435643564356436,1.0,6.0,No aggregate reversal under this configuration.,1048
penicillin g potassium,0.004387765443059625,0,1,0,1,0.0,0.5346534653465347,1.0,10.0,No aggregate reversal under this configuration.,1049
terfenadine,0.0044174971962559,1,2,1,2,0.5,0.7128712871287128,1.0,5.5,No aggregate reversal under this configuration.,1050
ncgc00165199-01,0.004423436068726002,1,2,1,2,0.5,0.7326732673267327,1.0,5.0,No aggregate reversal under this configuration.,1051
ossk 645683,0.004424570657778163,0,1,0,1,0.0,0.7623762376237624,1.0,7.0,No aggregate reversal under this configuration.,1052
BRD-K56515112 (medrysone),0.004460880621001836,0,1,0,1,0.0,0.693069306930693,1.0,5.0,No aggregate reversal under this configuration.,1053
BRD-K67870070,0.004483612393765112,1,2,1,2,0.5,0.7524752475247525,1.0,6.0,No aggregate reversal under this configuration.,1054
beta-escin,0.004491809967318571,0,1,0,1,0.0,0.693069306930693,1.0,7.0,No aggregate reversal under this configuration.,1055
BRD-K91509126 (piceatannol),0.004502247667322597,0,1,0,1,0.0,0.693069306930693,1.0,6.0,No aggregate reversal under this configuration.,1056
homosalate,0.004521658549045465,0,1,0,1,0.0,0.7524752475247525,1.0,7.0,No aggregate reversal under this configuration.,1057
ncgc00182380-01,0.004525686677760564,0,1,0,1,0.0,0.6534653465346535,1.0,5.0,No aggregate reversal under this configuration.,1058
gw 843682x,0.004564941817305897,1,4,1,5,0.25,0.8217821782178217,1.0,5.6,No aggregate reversal under this configuration.,1059
ketanserin tartrate hydrate,0.004570489438675738,0,1,0,1,0.0,0.6336633663366337,1.0,9.0,No aggregate reversal under this configuration.,1060
skatole,0.004606633833846742,0,2,0,2,0.0,0.693069306930693,1.0,5.5,No aggregate reversal under this configuration.,1061
vu0415556-1,0.0046068563969092575,1,2,1,2,0.5,0.7227722772277227,1.0,5.5,No aggregate reversal under this configuration.,1062
BRD-A75409952 (wortmannin),0.0046136200791294674,2,8,2,9,0.25,0.8712871287128713,1.0,6.0,No aggregate reversal under this configuration.,1063
BRD-A00420644,0.004640652717154207,0,1,0,1,0.0,0.6039603960396039,1.0,7.0,No aggregate reversal under this configuration.,1064
BRD-K19624190,0.0046628178521664395,0,1,0,1,0.0,0.5742574257425742,1.0,6.0,No aggregate reversal under this configuration.,1065
BRD-K02216544,0.004705047737625865,0,1,0,1,0.0,0.7029702970297029,1.0,8.0,No aggregate reversal under this configuration.,1066
arp 101,0.004722873504001374,4,11,5,15,0.36363636363636365,0.7623762376237624,1.0,8.0,No aggregate reversal under this configuration.,1067
mibefradil dihydrochloride,0.0047356895990638605,0,2,0,2,0.0,0.7227722772277227,1.0,6.0,No aggregate reversal under this configuration.,1068
BRD-K74133369,0.004782764085446135,0,1,0,1,0.0,0.7623762376237624,1.0,9.0,No aggregate reversal under this configuration.,1069
disulfiram,0.0048047840190459,0,2,0,2,0.0,0.6732673267326733,1.0,5.5,No aggregate reversal under this configuration.,1070
sid 26681509,0.004822216794271417,3,8,3,8,0.375,0.8514851485148515,1.0,6.75,No aggregate reversal under this configuration.,1071
ly 288513,0.00484021585652796,0,1,0,1,0.0,0.6633663366336634,1.0,7.0,No aggregate reversal under this configuration.,1072
irinotecan hydrochloride trihydrate,0.004871691277582658,3,7,4,8,0.42857142857142855,0.7722772277227723,1.0,7.625,No aggregate reversal under this configuration.,1073
s1266,0.004885872971756368,0,1,0,1,0.0,0.7821782178217822,1.0,6.0,No aggregate reversal under this configuration.,1074
bisacodyl,0.005052859734646135,2,4,2,4,0.5,0.7128712871287128,1.0,7.0,No aggregate reversal under this configuration.,1075
GSK1059615,0.005064569053504057,1,3,1,3,0.3333333333333333,0.8514851485148515,1.0,6.0,No aggregate reversal under this configuration.,1076
mycophenolate mofetil,0.005068471560822749,0,1,0,1,0.0,0.6633663366336634,1.0,6.0,No aggregate reversal under this configuration.,1077
ro 28-1675 ?,0.005074314374721672,6,14,6,14,0.42857142857142855,0.8613861386138614,1.0,7.5,No aggregate reversal under this configuration.,1078
s-250,0.0050992443565536895,0,2,0,2,0.0,0.7326732673267327,1.0,5.0,No aggregate reversal under this configuration.,1079
BRD-K05104363,0.0051266894987851,1,2,1,2,0.5,0.7722772277227723,1.0,7.0,No aggregate reversal under this configuration.,1080
cccp,0.005132578013140885,3,7,3,7,0.42857142857142855,0.801980198019802,1.0,6.571428571428571,No aggregate reversal under this configuration.,1081
BRD-K18595892,0.005227021813733939,1,2,1,2,0.5,0.7623762376237624,1.0,7.5,No aggregate reversal under this configuration.,1082
clobetasol propionate,0.0052340202527442654,2,4,2,5,0.5,0.8613861386138614,1.0,6.8,No aggregate reversal under this configuration.,1083
bms-754807,0.0052357775013152155,0,3,0,3,0.0,0.7821782178217822,1.0,6.333333333333333,No aggregate reversal under this configuration.,1084
BRD-K31851742,0.005274245051466539,0,1,0,1,0.0,0.7227722772277227,1.0,6.0,No aggregate reversal under this configuration.,1085
BRD-K43620258,0.00532697739954669,8,20,8,20,0.4,0.8217821782178217,1.0,7.7,No aggregate reversal under this configuration.,1086
sarmentogenin,0.005389964242075975,2,5,2,5,0.4,0.6039603960396039,1.0,6.2,No aggregate reversal under this configuration.,1087
vu0365118-1,0.0053923893334485,0,1,0,1,0.0,0.7128712871287128,1.0,6.0,No aggregate reversal under this configuration.,1088
cladribine,0.005438350160677321,1,2,1,2,0.5,0.7722772277227723,1.0,5.0,No aggregate reversal under this configuration.,1089
BRD-K26664453,0.005525925299868191,3,6,3,6,0.5,0.8316831683168316,1.0,6.833333333333333,No aggregate reversal under this configuration.,1090
sertraline hydrochloride,0.005536457956009988,1,2,1,2,0.5,0.7821782178217822,1.0,5.5,No aggregate reversal under this configuration.,1091
ncgc00182609-01,0.005632364333532693,0,3,0,3,0.0,0.6831683168316832,1.0,9.333333333333334,No aggregate reversal under this configuration.,1092
nsc 3852,0.0056503744489155485,3,8,3,8,0.375,0.900990099009901,1.0,6.75,No aggregate reversal under this configuration.,1093
s1120,0.005705949468769633,1,7,1,7,0.14285714285714285,0.900990099009901,1.0,7.285714285714286,No aggregate reversal under this configuration.,1094
elesclomol,0.005717539729516115,1,4,1,4,0.25,0.7326732673267327,1.0,6.75,No aggregate reversal under this configuration.,1095
ag 9,0.005718626687277905,0,2,0,2,0.0,0.693069306930693,1.0,6.0,No aggregate reversal under this configuration.,1096
s1080,0.005776788808317573,0,2,0,2,0.0,0.8514851485148515,1.0,6.0,No aggregate reversal under this configuration.,1097
BRD-K28115298,0.0058385937241493095,0,1,0,1,0.0,0.6435643564356436,1.0,7.0,No aggregate reversal under this configuration.,1098
BRD-K53903639,0.005852368307883204,3,16,3,16,0.1875,0.8316831683168316,1.0,6.25,No aggregate reversal under this configuration.,1099
strophanthidin,0.00589185896911567,4,8,4,8,0.5,0.8514851485148515,1.0,6.75,No aggregate reversal under this configuration.,1100
vincristine sulfate,0.005897538091322611,1,6,1,6,0.16666666666666666,0.9306930693069307,1.0,5.833333333333333,No aggregate reversal under this configuration.,1101
BRD-K84450674,0.0058987150222020585,1,2,1,2,0.5,0.693069306930693,1.0,6.0,No aggregate reversal under this configuration.,1102
vinorelbine,0.005902938837927049,1,2,1,2,0.5,0.7227722772277227,1.0,7.5,No aggregate reversal under this configuration.,1103
sb 225002,0.005921412687176827,1,3,1,3,0.3333333333333333,0.8118811881188119,1.0,7.333333333333333,No aggregate reversal under this configuration.,1104
2-fluoropalmitic acid,0.00596109300256931,0,1,0,1,0.0,0.6831683168316832,1.0,6.0,No aggregate reversal under this configuration.,1105
BRD-K39829853,0.005985427844158689,0,1,0,1,0.0,0.693069306930693,1.0,6.0,No aggregate reversal under this configuration.,1106
ryuvidine,0.005997728256203343,1,4,1,4,0.25,0.801980198019802,1.0,6.0,No aggregate reversal under this configuration.,1107
zm 336372,0.006031035187059541,6,13,6,13,0.46153846153846156,0.9405940594059405,1.0,6.538461538461538,No aggregate reversal under this configuration.,1108
azathioprine,0.006057912707694411,0,1,0,1,0.0,0.6534653465346535,1.0,6.0,No aggregate reversal under this configuration.,1109
t 0070907,0.006065499999417082,0,1,0,1,0.0,0.7920792079207921,1.0,6.0,No aggregate reversal under this configuration.,1110
mls-0359128.0001,0.006114521427756862,0,1,0,1,0.0,0.7326732673267327,1.0,5.0,No aggregate reversal under this configuration.,1111
12k-613s,0.0061491413413108445,0,1,0,1,0.0,0.7821782178217822,1.0,5.0,No aggregate reversal under this configuration.,1112
manumycin a,0.0061497305997313765,13,34,14,38,0.38235294117647056,0.8316831683168316,1.0,6.7894736842105265,No aggregate reversal under this configuration.,1113
dichlorobenzamil,0.006187138369546125,1,3,1,3,0.3333333333333333,0.8415841584158416,1.0,6.666666666666667,No aggregate reversal under this configuration.,1114
ncgc00188740-01,0.006203364371559412,2,4,2,4,0.5,0.693069306930693,1.0,7.5,No aggregate reversal under this configuration.,1115
simvastatin,0.006210555494799869,1,4,1,4,0.25,0.8316831683168316,1.0,5.75,No aggregate reversal under this configuration.,1116
cot-10b,0.006262808893415132,10,28,10,28,0.35714285714285715,0.9108910891089109,1.0,7.5,No aggregate reversal under this configuration.,1117
ncgc00183690-01,0.006344734434765614,1,5,1,5,0.2,0.7722772277227723,1.0,6.8,No aggregate reversal under this configuration.,1118
BRD-K00944562,0.006354827628885508,0,1,0,1,0.0,0.7623762376237624,1.0,6.0,No aggregate reversal under this configuration.,1119
ha-1004,0.0064047846625166676,0,1,0,1,0.0,0.7326732673267327,1.0,6.0,No aggregate reversal under this configuration.,1120
syk inhibitor,0.006428882308494734,0,2,0,2,0.0,0.9207920792079208,1.0,6.5,No aggregate reversal under this configuration.,1121
finasteride,0.006488995819469586,0,1,0,1,0.0,0.7920792079207921,1.0,6.0,No aggregate reversal under this configuration.,1122
puromycin dihydrochloride,0.006496379424501122,1,4,1,4,0.25,0.801980198019802,1.0,7.0,No aggregate reversal under this configuration.,1123
BRD-K70748405,0.006530826095150011,0,1,0,1,0.0,0.7524752475247525,1.0,6.0,No aggregate reversal under this configuration.,1124
cgp 37157,0.006598445742134974,0,1,0,1,0.0,0.6435643564356436,1.0,6.0,No aggregate reversal under this configuration.,1125
BRD-K32485462,0.006620668658203172,0,1,0,1,0.0,0.8415841584158416,1.0,6.0,No aggregate reversal under this configuration.,1126
BRD-K93127801,0.006703122410406555,0,1,0,1,0.0,0.7524752475247525,1.0,5.0,No aggregate reversal under this configuration.,1127
alclometazone dipropionate,0.0067189153877534975,0,2,0,2,0.0,0.8217821782178217,1.0,7.5,No aggregate reversal under this configuration.,1128
ketorolac tromethamine,0.006720413528736426,0,1,0,1,0.0,0.7920792079207921,1.0,6.0,No aggregate reversal under this configuration.,1129
BRD-K23657553,0.006730139385144917,0,1,0,1,0.0,0.8118811881188119,1.0,6.0,No aggregate reversal under this configuration.,1130
ncgc00165208-01,0.006764241538805472,1,2,1,2,0.5,0.900990099009901,1.0,7.0,No aggregate reversal under this configuration.,1131
BRD-K74797618,0.006773803470978306,2,4,2,4,0.5,0.8118811881188119,1.0,6.5,No aggregate reversal under this configuration.,1132
artesunate,0.006775078734103715,2,6,2,7,0.3333333333333333,0.8613861386138614,1.0,6.142857142857143,No aggregate reversal under this configuration.,1133
"chrysene-1,4-quinone",0.006782360066545076,0,1,0,1,0.0,0.7425742574257426,1.0,7.0,No aggregate reversal under this configuration.,1134
jas07 007,0.006802712023712555,0,1,0,1,0.0,0.8415841584158416,1.0,5.0,No aggregate reversal under this configuration.,1135
p0030,0.006814108119569617,2,5,2,5,0.4,0.8613861386138614,1.0,5.6,No aggregate reversal under this configuration.,1136
mitomycin c,0.00687037106093246,3,10,4,11,0.3,0.900990099009901,1.0,6.909090909090909,No aggregate reversal under this configuration.,1137
BRD-A36630025,0.00690187553908118,10,34,10,34,0.29411764705882354,0.9801980198019802,1.0,7.823529411764706,No aggregate reversal under this configuration.,1138
sb 218078,0.006922676235785859,2,6,2,6,0.3333333333333333,0.8514851485148515,1.0,6.666666666666667,No aggregate reversal under this configuration.,1139
BRD-U86922168,0.006956031756029123,2,8,2,8,0.25,0.8613861386138614,1.0,6.5,No aggregate reversal under this configuration.,1140
BRD-A52193669,0.006978856887794483,1,7,1,7,0.14285714285714285,0.8910891089108911,1.0,5.857142857142857,No aggregate reversal under this configuration.,1141
skf 96365 hydrochloride,0.007003276695968735,0,1,0,1,0.0,0.7326732673267327,1.0,9.0,No aggregate reversal under this configuration.,1142
sb 216641 hydrochloride,0.0070539305245459144,0,1,0,1,0.0,0.7326732673267327,1.0,6.0,No aggregate reversal under this configuration.,1143
s1118,0.007064937931733332,1,3,1,3,0.3333333333333333,0.8712871287128713,1.0,6.666666666666667,No aggregate reversal under this configuration.,1144
abt-888 (veliparib),0.0070748255706810995,0,1,0,1,0.0,0.6435643564356436,1.0,7.0,No aggregate reversal under this configuration.,1145
nnc 05-2090 hydrochloride,0.007115993282764606,2,5,2,5,0.4,0.9405940594059405,1.0,5.6,No aggregate reversal under this configuration.,1146
vu0365114-2,0.007120428722932467,0,2,0,2,0.0,0.801980198019802,1.0,7.5,No aggregate reversal under this configuration.,1147
ncgc00181736-02,0.007153985271366742,0,1,0,1,0.0,0.8613861386138614,1.0,5.0,No aggregate reversal under this configuration.,1148
le 135,0.007227437117768326,2,8,2,8,0.25,0.8118811881188119,1.0,6.875,No aggregate reversal under this configuration.,1149
thm-i-94,0.007280454771465068,4,14,4,14,0.2857142857142857,0.900990099009901,1.0,8.928571428571429,No aggregate reversal under this configuration.,1150
BRD-A82238138 (budesonide),0.00733477572150509,0,1,0,1,0.0,0.801980198019802,1.0,6.0,No aggregate reversal under this configuration.,1151
amsacrine,0.0073676141212776075,1,11,1,12,0.09090909090909091,0.900990099009901,1.0,7.833333333333333,No aggregate reversal under this configuration.,1152
y-27152,0.007387979941514556,0,1,0,1,0.0,0.7722772277227723,1.0,5.0,No aggregate reversal under this configuration.,1153
BRD-A83124583,0.007392971502062284,0,2,0,2,0.0,0.8811881188118812,1.0,5.0,No aggregate reversal under this configuration.,1154
mg-132,0.007399062046782193,2,10,2,10,0.2,0.9108910891089109,1.0,7.3,No aggregate reversal under this configuration.,1155
flubendazole,0.007410423671913456,0,2,0,2,0.0,0.801980198019802,1.0,7.0,No aggregate reversal under this configuration.,1156
BRD-A57107094,0.0074136371501617535,1,2,1,2,0.5,0.8316831683168316,1.0,7.5,No aggregate reversal under this configuration.,1157
ncgc00167398-02,0.007448633616518329,1,6,1,6,0.16666666666666666,0.8712871287128713,1.0,7.166666666666667,No aggregate reversal under this configuration.,1158
kn-93,0.007557781108560542,0,1,0,1,0.0,0.7029702970297029,1.0,7.0,No aggregate reversal under this configuration.,1159
BRD-K54256913,0.007560700343537712,3,8,3,8,0.375,0.9504950495049505,1.0,7.875,No aggregate reversal under this configuration.,1160
BRD-K35424586,0.007582280864232296,1,2,1,2,0.5,0.7722772277227723,1.0,10.5,No aggregate reversal under this configuration.,1161
BRD-K04853698,0.007596597251600357,5,19,5,19,0.2631578947368421,0.900990099009901,1.0,6.631578947368421,No aggregate reversal under this configuration.,1162
niclosamide,0.007613807870600203,4,18,4,24,0.2222222222222222,0.9306930693069307,1.0,7.5,No aggregate reversal under this configuration.,1163
BRD-K83194053,0.007628102969842541,0,1,0,1,0.0,0.8217821782178217,1.0,5.0,No aggregate reversal under this configuration.,1164
BRD-K96072942,0.0077078313820421115,0,1,0,1,0.0,0.7524752475247525,1.0,5.0,No aggregate reversal under this configuration.,1165
ncgc00229600-01,0.00774879593831203,0,1,0,1,0.0,0.8514851485148515,1.0,8.0,No aggregate reversal under this configuration.,1166
propyl-beta-carboline-3-carboxylate,0.007794433115421287,0,1,0,1,0.0,0.693069306930693,1.0,11.0,No aggregate reversal under this configuration.,1167
BRD-K72451865,0.007809757961705574,1,2,1,2,0.5,0.8118811881188119,1.0,5.5,No aggregate reversal under this configuration.,1168
ncgc00182361-01,0.007827055693825594,1,2,1,2,0.5,0.8613861386138614,1.0,6.0,No aggregate reversal under this configuration.,1169
BRD-K45253154,0.007873391525831658,0,1,0,1,0.0,0.8613861386138614,1.0,6.0,No aggregate reversal under this configuration.,1170
BRD-K24754728,0.007918180383200107,0,1,0,1,0.0,0.9207920792079208,1.0,5.0,No aggregate reversal under this configuration.,1171
h 89 dihydrochloride,0.007924666711720294,1,3,1,3,0.3333333333333333,0.9108910891089109,1.0,5.666666666666667,No aggregate reversal under this configuration.,1172
BRD-K34711351,0.007927610596810606,0,1,0,1,0.0,0.7326732673267327,1.0,6.0,No aggregate reversal under this configuration.,1173
cd 01333,0.007937646617113783,0,1,0,1,0.0,0.7920792079207921,1.0,5.0,No aggregate reversal under this configuration.,1174
BRD-K04534322,0.007964025751148168,1,3,1,3,0.3333333333333333,0.7722772277227723,1.0,5.666666666666667,No aggregate reversal under this configuration.,1175
dl-pdmp,0.007972648663734216,5,13,5,13,0.38461538461538464,0.9306930693069307,1.0,7.6923076923076925,No aggregate reversal under this configuration.,1176
BRD-K74486276,0.007989970436468463,0,2,0,2,0.0,0.8316831683168316,1.0,6.0,No aggregate reversal under this configuration.,1177
cinanserin hydrochloride,0.008033327828074104,0,1,0,1,0.0,0.7821782178217822,1.0,6.0,No aggregate reversal under this configuration.,1178
BRD-K17140735,0.00805173952312156,5,17,5,17,0.29411764705882354,0.9207920792079208,1.0,7.117647058823529,No aggregate reversal under this configuration.,1179
vu0365117-1,0.008057605362049584,0,2,0,2,0.0,0.8118811881188119,1.0,5.0,No aggregate reversal under this configuration.,1180
curcumin,0.008106261275254205,13,34,13,34,0.38235294117647056,0.9702970297029703,1.0,7.029411764705882,No aggregate reversal under this configuration.,1181
bendroflumethiazide,0.008116844929056101,0,1,0,1,0.0,0.7920792079207921,1.0,5.0,No aggregate reversal under this configuration.,1182
ossk 647368,0.008128389569314028,1,3,1,3,0.3333333333333333,0.8712871287128713,1.0,5.666666666666667,No aggregate reversal under this configuration.,1183
BRD-K49010888,0.008129798164783743,1,4,1,4,0.25,0.8514851485148515,1.0,8.5,No aggregate reversal under this configuration.,1184
BRD-U86222656,0.008183233684515916,0,4,0,4,0.0,0.9306930693069307,1.0,6.0,No aggregate reversal under this configuration.,1185
chloroxine,0.008197904379706054,1,2,1,2,0.5,0.8316831683168316,1.0,9.0,No aggregate reversal under this configuration.,1186
estradiol,0.008223335319841523,0,2,0,3,0.0,0.8811881188118812,1.0,5.333333333333333,No aggregate reversal under this configuration.,1187
amlodipine besylate,0.008243355221603053,0,6,0,6,0.0,0.9504950495049505,1.0,6.0,No aggregate reversal under this configuration.,1188
camptothecin,0.008260175193929362,3,10,3,10,0.3,0.9108910891089109,1.0,7.5,No aggregate reversal under this configuration.,1189
BRD-K42629487,0.008302393019723244,0,1,0,1,0.0,0.7920792079207921,1.0,6.0,No aggregate reversal under this configuration.,1190
protein tyrosine phosphatase inhibitor iv,0.008305292558662056,0,1,0,1,0.0,0.7920792079207921,1.0,5.0,No aggregate reversal under this configuration.,1191
methylprednisolone,0.008313246149556358,1,2,1,2,0.5,0.9207920792079208,1.0,6.5,No aggregate reversal under this configuration.,1192
puromycin hydrochloride,0.008344288428446589,2,9,2,9,0.2222222222222222,0.9207920792079208,1.0,6.777777777777778,No aggregate reversal under this configuration.,1193
BRD-K51377689,0.008352484917985256,0,1,0,1,0.0,0.8217821782178217,1.0,5.0,No aggregate reversal under this configuration.,1194
BRD-K96083840,0.008385335412294168,0,1,0,1,0.0,0.8910891089108911,1.0,7.0,No aggregate reversal under this configuration.,1195
s1030,0.00840175971731635,2,11,2,11,0.18181818181818182,0.9306930693069307,1.0,8.0,No aggregate reversal under this configuration.,1196
cortisone,0.008414478012966834,0,1,0,1,0.0,0.9207920792079208,1.0,7.0,No aggregate reversal under this configuration.,1197
thiocolchicoside,0.008421032447376284,0,1,0,1,0.0,0.693069306930693,1.0,5.0,No aggregate reversal under this configuration.,1198
cyclosporin a,0.008552341667273873,1,3,1,3,0.3333333333333333,0.9405940594059405,1.0,7.333333333333333,No aggregate reversal under this configuration.,1199
butein,0.008592434774832274,0,1,0,1,0.0,0.8613861386138614,1.0,6.0,No aggregate reversal under this configuration.,1200
nan-190 hydrobromide,0.008663488895738477,0,1,0,1,0.0,0.8316831683168316,1.0,7.0,No aggregate reversal under this configuration.,1201
BRD-K31342827,0.008695125552115438,4,18,4,18,0.2222222222222222,0.9900990099009901,1.0,7.166666666666667,No aggregate reversal under this configuration.,1202
s1175,0.008702470986288534,0,2,0,2,0.0,0.8910891089108911,1.0,6.5,No aggregate reversal under this configuration.,1203
BRD-A63583287,0.008712126710678284,2,6,2,6,0.3333333333333333,0.9504950495049505,1.0,6.5,No aggregate reversal under this configuration.,1204
fccp,0.008740232190594456,2,6,2,6,0.3333333333333333,0.9207920792079208,1.0,7.0,No aggregate reversal under this configuration.,1205
hy-50878,0.00875541416504933,1,5,1,5,0.2,0.9702970297029703,1.0,5.8,No aggregate reversal under this configuration.,1206
s1452,0.008755762635146115,1,2,1,2,0.5,0.8811881188118812,1.0,6.0,No aggregate reversal under this configuration.,1207
BRD-K89224880,0.008779556389558962,0,3,0,3,0.0,0.9207920792079208,1.0,6.0,No aggregate reversal under this configuration.,1208
BRD-A20697603,0.008786653841845718,4,12,5,16,0.3333333333333333,0.9702970297029703,1.0,6.875,No aggregate reversal under this configuration.,1209
chr 2797,0.008821114527924091,4,14,4,14,0.2857142857142857,0.9306930693069307,1.0,8.857142857142858,No aggregate reversal under this configuration.,1210
ncgc00181799-01,0.008849417168655636,0,1,0,1,0.0,0.801980198019802,1.0,8.0,No aggregate reversal under this configuration.,1211
4-aminosalicylic acid,0.00885438617158156,0,1,0,1,0.0,0.8613861386138614,1.0,5.0,No aggregate reversal under this configuration.,1212
BRD-K52080565,0.008874272772563693,0,2,0,2,0.0,0.8811881188118812,1.0,8.5,No aggregate reversal under this configuration.,1213
ncgc00182362-01,0.00893533028935178,2,4,2,4,0.5,0.9405940594059405,1.0,6.0,No aggregate reversal under this configuration.,1214
mk-2206,0.008973439561085305,3,8,3,8,0.375,0.9702970297029703,1.0,7.875,No aggregate reversal under this configuration.,1215
15-delta prostaglandin j2,0.008979090878713004,1,2,1,2,0.5,0.900990099009901,1.0,6.5,No aggregate reversal under this configuration.,1216
BRD-K07005393,0.009010519251692857,1,2,1,2,0.5,0.801980198019802,1.0,7.0,No aggregate reversal under this configuration.,1217
BRD-A50774520,0.009020370715708496,0,2,0,2,0.0,0.8514851485148515,1.0,5.0,No aggregate reversal under this configuration.,1218
BRD-K77547920,0.009037461868359336,1,5,1,5,0.2,0.8811881188118812,1.0,7.0,No aggregate reversal under this configuration.,1219
sib 1893,0.009053803545291818,1,4,1,4,0.25,0.9108910891089109,1.0,6.75,No aggregate reversal under this configuration.,1220
m9948,0.009184445810568905,0,1,0,1,0.0,0.801980198019802,1.0,5.0,No aggregate reversal under this configuration.,1221
cyclopiazonic acid,0.009184804867010243,0,1,0,1,0.0,0.8613861386138614,1.0,6.0,No aggregate reversal under this configuration.,1222
mestanolone,0.009239788764086137,0,1,0,1,0.0,0.8217821782178217,1.0,10.0,No aggregate reversal under this configuration.,1223
tgx-115,0.009254707478672797,2,6,2,6,0.3333333333333333,0.9702970297029703,1.0,6.333333333333333,No aggregate reversal under this configuration.,1224
sr 142948,0.0092766146439218,1,2,1,2,0.5,0.8712871287128713,1.0,5.5,No aggregate reversal under this configuration.,1225
BRD-K64857848,0.009291140641146568,2,5,2,5,0.4,0.9504950495049505,1.0,5.6,No aggregate reversal under this configuration.,1226
BRD-K53610452,0.00929255830692182,0,2,0,2,0.0,0.9504950495049505,1.0,6.0,No aggregate reversal under this configuration.,1227
ncgc00185684-02,0.009311381249715549,1,4,1,4,0.25,0.8910891089108911,1.0,7.0,No aggregate reversal under this configuration.,1228
s1005,0.00941293665531957,0,1,0,1,0.0,0.7029702970297029,1.0,5.0,No aggregate reversal under this configuration.,1229
gr-108,0.009413623719938743,1,2,1,2,0.5,0.9702970297029703,1.0,5.5,No aggregate reversal under this configuration.,1230
amiodarone hydrochloride,0.00945695652976068,1,3,1,3,0.3333333333333333,0.9306930693069307,1.0,6.0,No aggregate reversal under this configuration.,1231
ncgc00182393-01,0.009482793057676405,1,6,1,6,0.16666666666666666,0.9108910891089109,1.0,6.0,No aggregate reversal under this configuration.,1232
BRD-A47816767,0.00956348156227236,2,8,2,8,0.25,0.9801980198019802,1.0,7.25,No aggregate reversal under this configuration.,1233
fenobam,0.009568376878188876,0,1,0,1,0.0,0.7326732673267327,1.0,11.0,No aggregate reversal under this configuration.,1234
oxymetholone,0.009592638128349228,0,1,0,1,0.0,0.7920792079207921,1.0,12.0,No aggregate reversal under this configuration.,1235
dcpib,0.009619280723072632,0,1,0,1,0.0,0.9108910891089109,1.0,7.0,No aggregate reversal under this configuration.,1236
albendazole,0.009636125548467774,0,1,0,1,0.0,0.9108910891089109,1.0,8.0,No aggregate reversal under this configuration.,1237
BRD-K01614657,0.009644504614921726,1,5,1,5,0.2,0.9108910891089109,1.0,6.6,No aggregate reversal under this configuration.,1238
"l-690,488",0.009691034963661065,2,8,2,8,0.25,0.9603960396039604,1.0,6.0,No aggregate reversal under this configuration.,1239
BRD-K20000640,0.009770117930729764,0,1,0,1,0.0,0.8118811881188119,1.0,5.0,No aggregate reversal under this configuration.,1240
salermide,0.009789274740107637,4,20,4,20,0.2,0.9603960396039604,1.0,6.85,No aggregate reversal under this configuration.,1241
helveticoside,0.009796330191950269,2,6,2,6,0.3333333333333333,0.9405940594059405,1.0,9.0,No aggregate reversal under this configuration.,1242
SB-216763,0.009798746929623358,0,1,0,1,0.0,0.8415841584158416,1.0,6.0,No aggregate reversal under this configuration.,1243
aloisine a,0.009810904327043549,0,1,0,1,0.0,0.8415841584158416,1.0,5.0,No aggregate reversal under this configuration.,1244
prunetin,0.009816464459518538,0,1,0,1,0.0,0.9108910891089109,1.0,5.0,No aggregate reversal under this configuration.,1245
BRD-K02174945,0.009948711333491643,0,1,0,1,0.0,0.900990099009901,1.0,5.0,No aggregate reversal under this configuration.,1246
na-tosyl-phe chloromethyl ketone,0.00995437591087115,1,2,1,2,0.5,0.9801980198019802,1.0,6.5,No aggregate reversal under this configuration.,1247
BRD-K23478508 (digoxin),0.010013023597879162,2,6,2,6,0.3333333333333333,0.8910891089108911,1.0,6.833333333333333,No aggregate reversal under this configuration.,1248
BRD-K32896438,0.010022803616127755,1,4,1,4,0.25,0.9108910891089109,1.0,7.5,No aggregate reversal under this configuration.,1249
olvanil,0.01002746691299555,0,1,0,1,0.0,0.8316831683168316,1.0,5.0,No aggregate reversal under this configuration.,1250
proscillaridin a,0.01004629961528993,4,10,5,11,0.4,0.9603960396039604,1.0,6.2727272727272725,No aggregate reversal under this configuration.,1251
tetrindole mesylate,0.010150291567049207,1,3,1,3,0.3333333333333333,0.8712871287128713,1.0,7.0,No aggregate reversal under this configuration.,1252
hy-11066,0.010151220392898548,0,1,0,1,0.0,0.8217821782178217,1.0,7.0,No aggregate reversal under this configuration.,1253
BRD-K37798499,0.010155708677309408,0,3,0,3,0.0,0.8712871287128713,1.0,7.0,No aggregate reversal under this configuration.,1254
BRD-K87343924 (wortmannin),0.010166372694705446,0,1,0,1,0.0,0.801980198019802,1.0,5.0,No aggregate reversal under this configuration.,1255
ei-155,0.010181503899827119,0,1,0,1,0.0,0.7425742574257426,1.0,9.0,No aggregate reversal under this configuration.,1256
BRD-K07877311,0.010217013309710338,0,1,0,1,0.0,0.7821782178217822,1.0,9.0,No aggregate reversal under this configuration.,1257
BRD-A68930007 (ouabain),0.010256472357183709,0,3,0,3,0.0,0.8811881188118812,1.0,5.0,No aggregate reversal under this configuration.,1258
BRD-K58479490,0.010259351837157274,0,1,0,1,0.0,0.8316831683168316,1.0,7.0,No aggregate reversal under this configuration.,1259
s1057,0.010274550725082456,2,5,2,5,0.4,0.9207920792079208,1.0,8.0,No aggregate reversal under this configuration.,1260
kuc104127 kuc104127n,0.010276319354003891,0,1,0,1,0.0,0.9306930693069307,1.0,5.0,No aggregate reversal under this configuration.,1261
triciribine,0.010289720720214727,0,2,0,2,0.0,0.7722772277227723,1.0,5.0,No aggregate reversal under this configuration.,1262
BRD-K93215584,0.010323179125336385,0,1,0,1,0.0,0.8613861386138614,1.0,7.0,No aggregate reversal under this configuration.,1263
isoliquiritigenin,0.01032959850676864,2,7,2,7,0.2857142857142857,0.9801980198019802,1.0,5.571428571428571,No aggregate reversal under this configuration.,1264
palda,0.010352168952828852,2,8,2,8,0.25,0.9801980198019802,1.0,6.375,No aggregate reversal under this configuration.,1265
ei-215,0.010353969346020616,3,8,3,8,0.375,0.9702970297029703,1.0,6.625,No aggregate reversal under this configuration.,1266
st4029573,0.01037118058604142,0,1,0,1,0.0,0.900990099009901,1.0,5.0,No aggregate reversal under this configuration.,1267
kuc104495 kuc104495n,0.010379025327070593,1,2,1,2,0.5,0.8316831683168316,1.0,13.0,No aggregate reversal under this configuration.,1268
BRD-K06009608,0.010379570925157672,0,1,0,1,0.0,0.8118811881188119,1.0,7.0,No aggregate reversal under this configuration.,1269
s1367,0.010401326901004456,1,3,1,3,0.3333333333333333,0.9306930693069307,1.0,5.0,No aggregate reversal under this configuration.,1270
BRD-K28916077,0.010424837266805383,0,1,0,1,0.0,0.7029702970297029,1.0,11.0,No aggregate reversal under this configuration.,1271
t7765,0.01055066603647585,1,4,1,4,0.25,0.9405940594059405,1.0,6.0,No aggregate reversal under this configuration.,1272
BRD-K98731749,0.010637064302438623,0,1,0,1,0.0,0.8217821782178217,1.0,5.0,No aggregate reversal under this configuration.,1273
akt inhibitor iv,0.010661631728930797,2,16,2,16,0.125,1.0,1.0,6.5,No aggregate reversal under this configuration.,1274
BRD-A11087911,0.010669145996202369,1,4,1,4,0.25,0.9801980198019802,1.0,5.75,No aggregate reversal under this configuration.,1275
arg-a1-2 brd-k39580048,0.010673338939514604,0,2,0,2,0.0,0.8712871287128713,1.0,7.0,No aggregate reversal under this configuration.,1276
s1085,0.010691006366250814,1,9,1,9,0.1111111111111111,0.9900990099009901,1.0,6.888888888888889,No aggregate reversal under this configuration.,1277
BRD-K94173926,0.010785441291234956,0,1,0,1,0.0,0.9108910891089109,1.0,5.0,No aggregate reversal under this configuration.,1278
stock1s-53863,0.010787442625721714,0,3,0,4,0.0,0.900990099009901,1.0,7.25,No aggregate reversal under this configuration.,1279
l-sulforophane,0.010807984847611779,1,6,1,6,0.16666666666666666,0.9900990099009901,1.0,6.0,No aggregate reversal under this configuration.,1280
mln2238,0.01082501355737016,6,22,6,22,0.2727272727272727,0.9801980198019802,1.0,6.909090909090909,No aggregate reversal under this configuration.,1281
BRD-K67847053 (guanabenz acetate),0.010887239367332333,0,1,0,1,0.0,0.7920792079207921,1.0,6.0,No aggregate reversal under this configuration.,1282
BRD-K06765193,0.010901716140561655,0,5,0,6,0.0,0.9603960396039604,1.0,6.333333333333333,No aggregate reversal under this configuration.,1283
BRD-K11558771,0.010922172260378157,0,1,0,1,0.0,0.9405940594059405,1.0,5.0,No aggregate reversal under this configuration.,1284
remoxipride hydrochloride,0.010957338076649354,0,1,0,1,0.0,0.8217821782178217,1.0,6.0,No aggregate reversal under this configuration.,1285
ag 494,0.011004778041726202,0,1,0,1,0.0,0.9702970297029703,1.0,6.0,No aggregate reversal under this configuration.,1286
BRD-K15592317,0.011020363286303809,1,2,1,2,0.5,0.9504950495049505,1.0,5.0,No aggregate reversal under this configuration.,1287
BRD-K83213280,0.0110732819248687,0,1,0,1,0.0,0.8811881188118812,1.0,5.0,No aggregate reversal under this configuration.,1288
BRD-A15010982,0.011175359707821807,1,3,1,3,0.3333333333333333,0.8811881188118812,1.0,6.333333333333333,No aggregate reversal under this configuration.,1289
amiloride hydrochloride dihydrate,0.01118669210439772,0,1,0,1,0.0,0.8712871287128713,1.0,6.0,No aggregate reversal under this configuration.,1290
nutlin-3,0.011187359995506217,1,3,1,3,0.3333333333333333,0.8415841584158416,1.0,8.333333333333334,No aggregate reversal under this configuration.,1291
BRD-K74761218,0.0111970633234626,0,5,0,5,0.0,0.9306930693069307,1.0,8.4,No aggregate reversal under this configuration.,1292
molsidomine,0.011255993973067722,0,2,0,2,0.0,0.9801980198019802,1.0,5.5,No aggregate reversal under this configuration.,1293
BRD-U68942961,0.011269417673191496,0,3,0,3,0.0,0.9504950495049505,1.0,6.333333333333333,No aggregate reversal under this configuration.,1294
BRD-K76236182,0.011296236296447985,0,1,0,1,0.0,0.8316831683168316,1.0,6.0,No aggregate reversal under this configuration.,1295
BRD-K88198340,0.011296399036696048,0,3,0,3,0.0,0.9801980198019802,1.0,8.0,No aggregate reversal under this configuration.,1296
s2004,0.011354862623705993,0,1,0,1,0.0,0.8910891089108911,1.0,6.0,No aggregate reversal under this configuration.,1297
BRD-K94325918,0.011369480251952741,4,14,4,14,0.2857142857142857,0.9801980198019802,1.0,7.428571428571429,No aggregate reversal under this configuration.,1298
penfluridol,0.011385353614685168,0,7,0,7,0.0,0.900990099009901,1.0,6.571428571428571,No aggregate reversal under this configuration.,1299
5-azacytidine,0.011402052245915402,0,3,0,3,0.0,0.8910891089108911,1.0,6.0,No aggregate reversal under this configuration.,1300
BRD-K56411643,0.011426062898860553,3,18,3,18,0.16666666666666666,0.9900990099009901,1.0,6.666666666666667,No aggregate reversal under this configuration.,1301
BRD-K52321331,0.011458136759942502,0,4,0,4,0.0,0.8811881188118812,1.0,6.5,No aggregate reversal under this configuration.,1302
pifithrin- ?,0.011464240288662931,6,19,6,21,0.3157894736842105,1.0,1.0,6.095238095238095,No aggregate reversal under this configuration.,1303
thioguanosine,0.011503981911411727,1,2,1,2,0.5,0.9306930693069307,1.0,5.5,No aggregate reversal under this configuration.,1304
guggulsterone,0.011581725629606776,0,1,0,1,0.0,0.9108910891089109,1.0,7.0,No aggregate reversal under this configuration.,1305
abt-751,0.011587385199677603,1,5,1,5,0.2,0.9702970297029703,1.0,6.0,No aggregate reversal under this configuration.,1306
menadione,0.011593891355166874,4,19,4,21,0.21052631578947367,1.0,1.0,6.857142857142857,No aggregate reversal under this configuration.,1307
BRD-K37865504,0.011600953707054606,4,13,4,13,0.3076923076923077,0.9801980198019802,1.0,7.153846153846154,No aggregate reversal under this configuration.,1308
BRD-K79554012,0.011621082031023935,0,1,0,1,0.0,0.900990099009901,1.0,5.0,No aggregate reversal under this configuration.,1309
sildenafil citrate,0.011678559882371594,0,1,0,1,0.0,0.900990099009901,1.0,8.0,No aggregate reversal under this configuration.,1310
bay 11-7821,0.011693098787626241,4,12,4,13,0.3333333333333333,0.9801980198019802,1.0,5.769230769230769,No aggregate reversal under this configuration.,1311
st056792,0.011733047857821127,1,5,1,5,0.2,0.900990099009901,1.0,7.6,No aggregate reversal under this configuration.,1312
fluocinolone acetonide,0.011749388065878845,0,2,0,2,0.0,0.9702970297029703,1.0,5.5,No aggregate reversal under this configuration.,1313
BRD-K00317371,0.011794733510673764,2,9,2,9,0.2222222222222222,1.0,1.0,7.555555555555555,No aggregate reversal under this configuration.,1314
BRD-K70917163,0.01182002838113293,0,1,0,1,0.0,0.8811881188118812,1.0,8.0,No aggregate reversal under this configuration.,1315
suloctidil,0.011831203315910251,0,4,0,4,0.0,0.9603960396039604,1.0,7.0,No aggregate reversal under this configuration.,1316
BRD-K62970326,0.011921581213512413,0,1,0,1,0.0,0.9702970297029703,1.0,5.0,No aggregate reversal under this configuration.,1317
THZ-2-98-01,0.011923646559703214,1,3,1,3,0.3333333333333333,0.9603960396039604,1.0,10.333333333333334,No aggregate reversal under this configuration.,1318
zileuton,0.011929105563798694,0,1,0,1,0.0,0.8415841584158416,1.0,8.0,No aggregate reversal under this configuration.,1319
ru 24969,0.011981460668817494,0,1,0,1,0.0,0.8910891089108911,1.0,5.0,No aggregate reversal under this configuration.,1320
bl-010,0.012011067020722384,0,2,0,2,0.0,0.9504950495049505,1.0,6.0,No aggregate reversal under this configuration.,1321
curcubitacin i,0.012061820170981258,4,19,4,19,0.21052631578947367,0.9801980198019802,1.0,7.526315789473684,No aggregate reversal under this configuration.,1322
BRD-K59470558,0.012125155439600788,0,1,0,1,0.0,0.8514851485148515,1.0,8.0,No aggregate reversal under this configuration.,1323
uk 356618,0.01214178366809293,0,2,0,2,0.0,0.9702970297029703,1.0,6.5,No aggregate reversal under this configuration.,1324
k784-3187,0.012174472274583608,2,11,2,15,0.18181818181818182,0.9801980198019802,1.0,6.4,No aggregate reversal under this configuration.,1325
BRD-K19295594,0.012186476490431527,2,11,2,11,0.18181818181818182,0.9801980198019802,1.0,6.818181818181818,No aggregate reversal under this configuration.,1326
betamethasone,0.012208037682382909,0,2,0,2,0.0,0.9207920792079208,1.0,9.0,No aggregate reversal under this configuration.,1327
"15-deoxy-?12,14-prostaglandin j2",0.012216736215862238,5,15,5,15,0.3333333333333333,1.0,1.0,7.133333333333334,No aggregate reversal under this configuration.,1328
BRD-K75128590,0.012225529615251748,0,1,0,1,0.0,0.8712871287128713,1.0,7.0,No aggregate reversal under this configuration.,1329
ay 9944,0.012299349675046357,0,1,0,1,0.0,0.900990099009901,1.0,6.0,No aggregate reversal under this configuration.,1330
zk 164015,0.012300175706491114,0,3,0,3,0.0,0.9405940594059405,1.0,6.0,No aggregate reversal under this configuration.,1331
BRD-K48654774,0.01230096517902966,0,1,0,1,0.0,0.9603960396039604,1.0,5.0,No aggregate reversal under this configuration.,1332
wiskostatin,0.012404601737481036,0,1,0,1,0.0,0.9108910891089109,1.0,5.0,No aggregate reversal under this configuration.,1333
BRD-K07790824,0.012464399447477254,0,1,0,1,0.0,0.9702970297029703,1.0,6.0,No aggregate reversal under this configuration.,1334
jtc 801,0.012648883822086482,1,3,1,3,0.3333333333333333,0.9108910891089109,1.0,5.666666666666667,No aggregate reversal under this configuration.,1335
BRD-K40373196,0.012649856527522745,0,5,0,5,0.0,0.9801980198019802,1.0,6.4,No aggregate reversal under this configuration.,1336
ncgc00182388-01,0.012677461191170554,1,2,1,2,0.5,0.9603960396039604,1.0,5.5,No aggregate reversal under this configuration.,1337
BRD-K64606589,0.01269289835715677,1,13,1,13,0.07692307692307693,0.9405940594059405,1.0,7.153846153846154,No aggregate reversal under this configuration.,1338
BRD-K94991378,0.012791926383343956,0,1,0,1,0.0,0.9405940594059405,1.0,6.0,No aggregate reversal under this configuration.,1339
phenothiazine,0.012812789608636133,0,1,0,1,0.0,0.8811881188118812,1.0,9.0,No aggregate reversal under this configuration.,1340
s8822,0.012816448796262035,0,1,0,1,0.0,0.9702970297029703,1.0,5.0,No aggregate reversal under this configuration.,1341
BRD-K52914903,0.012832140726839676,0,1,0,1,0.0,0.8514851485148515,1.0,9.0,No aggregate reversal under this configuration.,1342
BRD-K86027709,0.012841501027056751,0,1,0,1,0.0,0.9108910891089109,1.0,5.0,No aggregate reversal under this configuration.,1343
BRD-K49865102,0.012843353628287982,0,1,0,1,0.0,0.9405940594059405,1.0,5.0,No aggregate reversal under this configuration.,1344
etomidate,0.01287334949126406,0,1,0,1,0.0,0.8712871287128713,1.0,5.0,No aggregate reversal under this configuration.,1345
BRD-K92301463,0.012887798994097876,0,2,0,2,0.0,0.9900990099009901,1.0,6.0,No aggregate reversal under this configuration.,1346
BRD-A07614565,0.012907752829248059,0,1,0,1,0.0,0.9603960396039604,1.0,5.0,No aggregate reversal under this configuration.,1347
ag 957,0.012917094652264819,0,7,0,7,0.0,1.0,1.0,6.571428571428571,No aggregate reversal under this configuration.,1348
brazilin,0.012918874938885227,1,8,1,9,0.125,1.0,1.0,6.111111111111111,No aggregate reversal under this configuration.,1349
BRD-K72381041,0.012920819025127666,0,2,0,2,0.0,0.9603960396039604,1.0,5.5,No aggregate reversal under this configuration.,1350
BRD-K60870698,0.012950825714924931,1,12,1,12,0.08333333333333333,0.9702970297029703,1.0,8.25,No aggregate reversal under this configuration.,1351
ki 8751,0.01296833759492472,0,3,0,3,0.0,0.9207920792079208,1.0,8.0,No aggregate reversal under this configuration.,1352
selamectin,0.012993942488475336,0,3,0,3,0.0,0.9108910891089109,1.0,8.0,No aggregate reversal under this configuration.,1353
BRD-A25337146,0.01302065078395576,1,4,1,4,0.25,0.9900990099009901,1.0,5.0,No aggregate reversal under this configuration.,1354
BRD-K16057611,0.013021424854600429,0,1,0,1,0.0,0.9603960396039604,1.0,7.0,No aggregate reversal under this configuration.,1355
BRD-K93754473 (tamoxifen citrate),0.013041857638104098,0,1,0,1,0.0,0.9405940594059405,1.0,5.0,No aggregate reversal under this configuration.,1356
mk-0591,0.01304409504229241,2,7,2,7,0.2857142857142857,0.9702970297029703,1.0,7.857142857142857,No aggregate reversal under this configuration.,1357
jlk 6,0.013055982217733846,1,2,1,2,0.5,0.9504950495049505,1.0,9.0,No aggregate reversal under this configuration.,1358
t5212475,0.013065302206104029,0,7,0,10,0.0,0.9900990099009901,1.0,6.6,No aggregate reversal under this configuration.,1359
sew 05685,0.013079465109720722,0,1,0,1,0.0,0.9900990099009901,1.0,7.0,No aggregate reversal under this configuration.,1360
thiostrepton,0.013090003295783428,0,2,0,2,0.0,0.8118811881188119,1.0,8.5,No aggregate reversal under this configuration.,1361
BRD-K76938712,0.013097324078412693,0,2,0,2,0.0,0.900990099009901,1.0,7.5,No aggregate reversal under this configuration.,1362
cct 018159,0.013102003456643706,1,3,1,3,0.3333333333333333,0.9405940594059405,1.0,5.666666666666667,No aggregate reversal under this configuration.,1363
BRD-A94377914,0.013109865140572562,2,10,2,10,0.2,0.9900990099009901,1.0,7.0,No aggregate reversal under this configuration.,1364
fenretinide,0.01314079969348589,0,2,0,2,0.0,0.9504950495049505,1.0,6.0,No aggregate reversal under this configuration.,1365
BRD-K31856043,0.013152359138374944,0,2,0,2,0.0,0.9801980198019802,1.0,5.5,No aggregate reversal under this configuration.,1366
isoquercitrin,0.013246348149872026,0,2,0,2,0.0,0.9702970297029703,1.0,6.5,No aggregate reversal under this configuration.,1367
oxindole i,0.013316176837300053,0,1,0,1,0.0,0.8613861386138614,1.0,7.0,No aggregate reversal under this configuration.,1368
piplartine,0.013321202936592466,5,38,5,45,0.13157894736842105,1.0,1.0,7.7555555555555555,No aggregate reversal under this configuration.,1369
thiazolopyrimidine,0.013327590611327876,0,2,0,2,0.0,0.9306930693069307,1.0,11.5,No aggregate reversal under this configuration.,1370
BRD-A06664848,0.013374582248665227,0,1,0,1,0.0,0.9702970297029703,1.0,6.0,No aggregate reversal under this configuration.,1371
BRD-K68202742 (trichostatin a),0.01340228279804612,4,17,5,26,0.23529411764705882,0.9801980198019802,1.0,7.346153846153846,No aggregate reversal under this configuration.,1372
clobenpropit dihydrobromide,0.013434093805916945,0,2,0,2,0.0,0.9702970297029703,1.0,6.5,No aggregate reversal under this configuration.,1373
e6 berbamine,0.013594764043444289,0,1,0,1,0.0,0.900990099009901,1.0,5.0,No aggregate reversal under this configuration.,1374
vinblastine sulfate,0.013617532832005575,1,5,1,7,0.2,1.0,1.0,7.142857142857143,No aggregate reversal under this configuration.,1375
BRD-A58924247,0.013752990335193924,1,9,1,9,0.1111111111111111,1.0,1.0,6.555555555555555,No aggregate reversal under this configuration.,1376
lde225 (nvp-lde225),0.013831134104399028,0,1,0,1,0.0,0.8910891089108911,1.0,7.0,No aggregate reversal under this configuration.,1377
qs 11,0.013843114024329254,0,3,0,3,0.0,0.9702970297029703,1.0,6.333333333333333,No aggregate reversal under this configuration.,1378
b4313,0.01391258315402911,0,3,0,3,0.0,0.9306930693069307,1.0,6.666666666666667,No aggregate reversal under this configuration.,1379
hypericin,0.01393781304509221,0,2,0,2,0.0,0.9504950495049505,1.0,5.5,No aggregate reversal under this configuration.,1380
fit,0.014001176523382626,0,2,0,2,0.0,0.9207920792079208,1.0,7.0,No aggregate reversal under this configuration.,1381
granisetron,0.014165697140120084,0,1,0,1,0.0,0.9306930693069307,1.0,5.0,No aggregate reversal under this configuration.,1382
7b-cis,0.014206841742689113,1,13,1,13,0.07692307692307693,1.0,1.0,6.615384615384615,No aggregate reversal under this configuration.,1383
BRD-K59705555,0.014221765106012028,0,1,0,1,0.0,0.900990099009901,1.0,5.0,No aggregate reversal under this configuration.,1384
GSK-429286A,0.014250345677906538,0,1,0,1,0.0,0.9603960396039604,1.0,5.0,No aggregate reversal under this configuration.,1385
gr-237,0.014263598146119636,0,1,0,1,0.0,0.9306930693069307,1.0,6.0,No aggregate reversal under this configuration.,1386
ei-195,0.014270457793712988,0,2,0,2,0.0,0.9801980198019802,1.0,6.0,No aggregate reversal under this configuration.,1387
BRD-K20492338,0.014289386512310626,0,1,0,1,0.0,0.9306930693069307,1.0,5.0,No aggregate reversal under this configuration.,1388
bas 09104376,0.014375113064954655,0,1,0,1,0.0,0.9801980198019802,1.0,5.0,No aggregate reversal under this configuration.,1389
c8273,0.014411197585378652,0,2,0,2,0.0,0.9702970297029703,1.0,5.0,No aggregate reversal under this configuration.,1390
BRD-K12393722,0.014433043990682076,0,1,0,1,0.0,0.9207920792079208,1.0,8.0,No aggregate reversal under this configuration.,1391
BRD-K19166598,0.014470750320863592,0,2,0,2,0.0,0.9207920792079208,1.0,6.0,No aggregate reversal under this configuration.,1392
dcb,0.014502600385983427,0,1,0,1,0.0,0.9603960396039604,1.0,5.0,No aggregate reversal under this configuration.,1393
BRD-A18725729,0.014507991304702629,0,4,0,4,0.0,0.9405940594059405,1.0,7.25,No aggregate reversal under this configuration.,1394
ncgc00182371-01,0.014508968041054221,1,5,1,5,0.2,0.9603960396039604,1.0,6.0,No aggregate reversal under this configuration.,1395
BRD-K14027855,0.014602399596597303,1,4,1,4,0.25,1.0,1.0,5.0,No aggregate reversal under this configuration.,1396
thioridazine hydrochloride,0.014605191215222925,1,6,1,7,0.16666666666666666,1.0,1.0,7.0,No aggregate reversal under this configuration.,1397
parthenolide,0.014618931245460464,5,35,5,37,0.14285714285714285,1.0,1.0,6.972972972972973,No aggregate reversal under this configuration.,1398
BRD-K41557448,0.01462643965679831,0,1,0,1,0.0,0.9603960396039604,1.0,5.0,No aggregate reversal under this configuration.,1399
z-leu3-vs,0.014657357443529966,1,3,1,3,0.3333333333333333,0.9405940594059405,1.0,7.333333333333333,No aggregate reversal under this configuration.,1400
niguldipine hydrochloride,0.014708250980685931,3,7,3,7,0.42857142857142855,1.0,1.0,8.0,No aggregate reversal under this configuration.,1401
BRD-A41451487,0.014758813257026786,1,4,1,4,0.25,0.9405940594059405,1.0,8.75,No aggregate reversal under this configuration.,1402
tl hras24 brd-k93060291,0.014849067917770362,0,1,0,1,0.0,0.9405940594059405,1.0,5.0,No aggregate reversal under this configuration.,1403
gr-235,0.014850589350734286,0,1,0,1,0.0,0.9504950495049505,1.0,5.0,No aggregate reversal under this configuration.,1404
"l-741,626",0.01499528545763671,0,1,0,1,0.0,0.9504950495049505,1.0,6.0,No aggregate reversal under this configuration.,1405
leflunomide,0.01500824301057728,0,1,0,1,0.0,0.9603960396039604,1.0,5.0,No aggregate reversal under this configuration.,1406
5-nonyloxytryptamine,0.015045435628439132,0,3,0,3,0.0,0.9801980198019802,1.0,5.333333333333333,No aggregate reversal under this configuration.,1407
BRD-K75081836,0.015114541004658918,1,7,1,7,0.14285714285714285,0.9801980198019802,1.0,6.571428571428571,No aggregate reversal under this configuration.,1408
perhexiline maleate,0.015123450384684965,2,13,2,13,0.15384615384615385,1.0,1.0,7.461538461538462,No aggregate reversal under this configuration.,1409
bas 00535043,0.01516474455528632,0,1,0,1,0.0,0.9306930693069307,1.0,6.0,No aggregate reversal under this configuration.,1410
amcinonide,0.01521445637631898,0,1,0,1,0.0,0.9603960396039604,1.0,6.0,No aggregate reversal under this configuration.,1411
hy-10159,0.015260245409526852,2,5,2,5,0.4,0.9900990099009901,1.0,6.4,No aggregate reversal under this configuration.,1412
BRD-K03736784,0.015360598489220022,0,4,0,4,0.0,0.9801980198019802,1.0,7.25,No aggregate reversal under this configuration.,1413
s1053,0.015401861065005427,3,11,3,13,0.2727272727272727,1.0,1.0,7.384615384615385,No aggregate reversal under this configuration.,1414
BRD-K42499654,0.015457082880662198,0,3,0,3,0.0,0.9801980198019802,1.0,5.666666666666667,No aggregate reversal under this configuration.,1415
BRD-K99633092,0.015461977276836047,1,3,1,3,0.3333333333333333,0.9504950495049505,1.0,6.666666666666667,No aggregate reversal under this configuration.,1416
BRD-K70714754,0.015541251359559367,0,1,0,1,0.0,0.9801980198019802,1.0,6.0,No aggregate reversal under this configuration.,1417
paclitaxel,0.01556675275304551,0,2,0,2,0.0,0.9702970297029703,1.0,6.5,No aggregate reversal under this configuration.,1418
BRD-K68548958,0.015586893483164381,5,22,5,22,0.22727272727272727,1.0,1.0,6.7727272727272725,No aggregate reversal under this configuration.,1419
bml-257,0.01560614546021696,0,1,0,1,0.0,0.8811881188118812,1.0,6.0,No aggregate reversal under this configuration.,1420
s1142,0.015666535585320503,0,4,0,4,0.0,0.9900990099009901,1.0,5.5,No aggregate reversal under this configuration.,1421
bjm-ctd2-9,0.015679119072990064,3,21,3,21,0.14285714285714285,0.9900990099009901,1.0,8.095238095238095,No aggregate reversal under this configuration.,1422
BRD-K41859756,0.01568819591216662,2,11,2,11,0.18181818181818182,0.9801980198019802,1.0,7.0,No aggregate reversal under this configuration.,1423
importazole,0.015836182033881777,4,18,4,18,0.2222222222222222,1.0,1.0,7.722222222222222,No aggregate reversal under this configuration.,1424
ncgc00182607-01,0.015842676150275938,0,1,0,1,0.0,0.9900990099009901,1.0,5.0,No aggregate reversal under this configuration.,1425
BRD-K86574132,0.015852759037249857,3,13,3,13,0.23076923076923078,0.9900990099009901,1.0,7.769230769230769,No aggregate reversal under this configuration.,1426
ro 08-2750,0.015901794924317078,0,1,0,1,0.0,0.9702970297029703,1.0,13.0,No aggregate reversal under this configuration.,1427
k784-3131,0.01600951479016697,1,8,1,10,0.125,0.9900990099009901,1.0,7.8,No aggregate reversal under this configuration.,1428
s1172,0.016020701417855037,0,2,0,2,0.0,0.9801980198019802,1.0,6.0,No aggregate reversal under this configuration.,1429
BRD-K29622226,0.016031485134520844,0,1,0,1,0.0,0.9900990099009901,1.0,5.0,No aggregate reversal under this configuration.,1430
ncgc00242296-02,0.0160755196897328,0,1,0,1,0.0,0.9504950495049505,1.0,6.0,No aggregate reversal under this configuration.,1431
vorinostat,0.016086741675191255,16,90,44,275,0.17777777777777778,0.9900990099009901,1.0,8.938181818181818,No aggregate reversal under this configuration.,1432
ossk 645668,0.016100992057198688,0,2,0,2,0.0,0.9900990099009901,1.0,5.0,No aggregate reversal under this configuration.,1433
s1011,0.016119171754348002,0,4,0,4,0.0,1.0,1.0,8.0,No aggregate reversal under this configuration.,1434
bi 2536,0.01612249654079804,6,31,6,31,0.1935483870967742,1.0,1.0,7.258064516129032,No aggregate reversal under this configuration.,1435
caffeic acid phenethyl ester,0.016145129502125554,0,1,0,1,0.0,0.9108910891089109,1.0,6.0,No aggregate reversal under this configuration.,1436
BRD-K82732294,0.016211517930213262,1,7,1,7,0.14285714285714285,0.9900990099009901,1.0,8.0,No aggregate reversal under this configuration.,1437
"methyl 2,5-dihydroxycinnamate",0.01628069365598696,0,3,0,3,0.0,1.0,1.0,7.0,No aggregate reversal under this configuration.,1438
rottlerin,0.01632315444534648,0,3,0,3,0.0,0.9603960396039604,1.0,6.333333333333333,No aggregate reversal under this configuration.,1439
"l-701,252",0.016376665451019463,0,1,0,1,0.0,0.9405940594059405,1.0,5.0,No aggregate reversal under this configuration.,1440
ct-200783,0.016425591916120634,3,25,3,25,0.12,1.0,1.0,7.4,No aggregate reversal under this configuration.,1441
peitc,0.016459857365316667,0,4,0,4,0.0,1.0,1.0,5.25,No aggregate reversal under this configuration.,1442
lfm-a13,0.016530400396744308,0,2,0,2,0.0,1.0,1.0,5.0,No aggregate reversal under this configuration.,1443
protriptyline hydrochloride,0.01653297010155127,0,1,0,1,0.0,0.9702970297029703,1.0,5.0,No aggregate reversal under this configuration.,1444
nifedipine,0.016547809515916032,0,1,0,1,0.0,0.8811881188118812,1.0,8.0,No aggregate reversal under this configuration.,1445
t5323840,0.01658024605732657,1,5,1,8,0.2,0.9801980198019802,1.0,6.875,No aggregate reversal under this configuration.,1446
BRD-K23282736,0.01667866380674811,1,3,1,3,0.3333333333333333,0.9900990099009901,1.0,5.333333333333333,No aggregate reversal under this configuration.,1447
BRD-K46681113,0.016729459044954122,0,1,0,1,0.0,0.9900990099009901,1.0,5.0,No aggregate reversal under this configuration.,1448
arctigenin,0.016738206871936723,0,1,0,1,0.0,0.9801980198019802,1.0,5.0,No aggregate reversal under this configuration.,1449
BRD-K97701319,0.01683355734611645,0,1,0,1,0.0,0.9207920792079208,1.0,8.0,No aggregate reversal under this configuration.,1450
"tamoxifen, 4-hydroxy-, (z)-",0.016856216848936418,0,1,0,1,0.0,0.9108910891089109,1.0,5.0,No aggregate reversal under this configuration.,1451
ei-346,0.016859254617543132,1,5,1,5,0.2,1.0,1.0,6.8,No aggregate reversal under this configuration.,1452
pha 665752,0.016956743589587604,0,1,0,1,0.0,0.9207920792079208,1.0,6.0,No aggregate reversal under this configuration.,1453
ncgc00182390-01,0.016994189995626588,0,1,0,1,0.0,0.9504950495049505,1.0,5.0,No aggregate reversal under this configuration.,1454
n-benzylnaltrindole hydrochloride,0.017051050695616278,1,3,1,3,0.3333333333333333,0.9801980198019802,1.0,6.0,No aggregate reversal under this configuration.,1455
BRD-K61776140,0.017087779371878647,0,1,0,1,0.0,0.9504950495049505,1.0,5.0,No aggregate reversal under this configuration.,1456
h7270,0.01718369952242321,1,9,1,9,0.1111111111111111,0.9900990099009901,1.0,7.777777777777778,No aggregate reversal under this configuration.,1457
BRD-K78930611,0.017187252101943287,0,1,0,1,0.0,0.9801980198019802,1.0,5.0,No aggregate reversal under this configuration.,1458
b675700.cdx,0.017204635064747953,5,22,5,22,0.22727272727272727,0.9900990099009901,1.0,6.954545454545454,No aggregate reversal under this configuration.,1459
chlorambucil,0.017292802824318314,0,1,0,1,0.0,0.900990099009901,1.0,8.0,No aggregate reversal under this configuration.,1460
BRD-A68061604,0.017317141400191974,0,2,0,2,0.0,1.0,1.0,7.5,No aggregate reversal under this configuration.,1461
BRD-K68007270,0.01735757611334925,0,1,0,1,0.0,0.9603960396039604,1.0,6.0,No aggregate reversal under this configuration.,1462
BRD-A26199074,0.017363436633610223,0,1,0,1,0.0,0.9306930693069307,1.0,5.0,No aggregate reversal under this configuration.,1463
BRD-K55844427,0.017394901018753975,0,2,0,2,0.0,0.9603960396039604,1.0,5.0,No aggregate reversal under this configuration.,1464
np-009169,0.017401126857021047,1,5,1,5,0.2,0.9900990099009901,1.0,5.6,No aggregate reversal under this configuration.,1465
rottlerin ncgc00025228-11,0.017451926150878115,4,15,4,15,0.26666666666666666,1.0,1.0,7.533333333333333,No aggregate reversal under this configuration.,1466
hy-70044,0.0174603878142275,0,1,0,1,0.0,1.0,1.0,5.0,No aggregate reversal under this configuration.,1467
BRD-K27484191,0.017483378709850003,0,1,0,1,0.0,0.9504950495049505,1.0,6.0,No aggregate reversal under this configuration.,1468
BRD-K66254772,0.017491502661927626,0,5,0,5,0.0,1.0,1.0,6.0,No aggregate reversal under this configuration.,1469
btb06091sc,0.017497569734693165,0,1,0,1,0.0,0.9504950495049505,1.0,5.0,No aggregate reversal under this configuration.,1470
fu jmbii227b,0.017503160791964473,0,2,0,2,0.0,1.0,1.0,5.5,No aggregate reversal under this configuration.,1471
tl hras26 brd-k01877528,0.01755758662183357,2,18,2,19,0.1111111111111111,1.0,1.0,6.315789473684211,No aggregate reversal under this configuration.,1472
BRD-K51556300,0.017600843635540403,0,3,0,3,0.0,0.9900990099009901,1.0,5.666666666666667,No aggregate reversal under this configuration.,1473
benzethonium chloride,0.017604070223323293,0,1,0,1,0.0,0.9405940594059405,1.0,11.0,No aggregate reversal under this configuration.,1474
phorbol-12-myristate-13-acetate (pma),0.017667985105957847,1,16,1,16,0.0625,0.9603960396039604,1.0,7.1875,No aggregate reversal under this configuration.,1475
imodium,0.017726695989291566,0,3,0,3,0.0,0.9900990099009901,1.0,7.333333333333333,No aggregate reversal under this configuration.,1476
westcort,0.017758243156631687,0,1,0,1,0.0,0.9801980198019802,1.0,5.0,No aggregate reversal under this configuration.,1477
BRD-K11663430,0.017775524539548854,0,3,0,3,0.0,1.0,1.0,6.333333333333333,No aggregate reversal under this configuration.,1478
candesartan,0.017863018285085918,0,1,0,1,0.0,0.9405940594059405,1.0,5.0,No aggregate reversal under this configuration.,1479
BRD-K98676510,0.017920452203838016,0,3,0,3,0.0,0.9801980198019802,1.0,7.666666666666667,No aggregate reversal under this configuration.,1480
BRD-K18163752,0.017932515626972467,0,2,0,2,0.0,1.0,1.0,6.5,No aggregate reversal under this configuration.,1481
mls-0390857.0001,0.017963081243250068,0,1,0,1,0.0,1.0,1.0,5.0,No aggregate reversal under this configuration.,1482
cgp 71683 hydrochloride,0.018010869911781215,2,5,2,5,0.4,0.9702970297029703,1.0,6.8,No aggregate reversal under this configuration.,1483
bntx maleate,0.01801875286209916,0,6,0,6,0.0,0.9801980198019802,1.0,7.0,No aggregate reversal under this configuration.,1484
stock1n-27488,0.018036668109004367,2,9,2,12,0.2222222222222222,1.0,1.0,5.916666666666667,No aggregate reversal under this configuration.,1485
mw-ras12,0.01806777900418146,1,14,1,15,0.07142857142857142,1.0,1.0,7.6,No aggregate reversal under this configuration.,1486
BRD-K37194137,0.018133147862552393,0,1,0,1,0.0,0.9603960396039604,1.0,7.0,No aggregate reversal under this configuration.,1487
moclobemide,0.01816409327546281,0,1,0,1,0.0,0.9504950495049505,1.0,10.0,No aggregate reversal under this configuration.,1488
thapsigargin,0.018192657412960483,1,4,1,4,0.25,0.9603960396039604,1.0,8.0,No aggregate reversal under this configuration.,1489
trichostatin a,0.018201460376488884,6,43,6,221,0.13953488372093023,1.0,1.0,8.475113122171946,No aggregate reversal under this configuration.,1490
niguldipine,0.018341179286175676,0,2,0,2,0.0,0.9801980198019802,1.0,6.5,No aggregate reversal under this configuration.,1491
strophantine octahydrate,0.018569658218593302,2,9,2,9,0.2222222222222222,1.0,1.0,5.666666666666667,No aggregate reversal under this configuration.,1492
BRD-K36354764,0.0186810523492882,0,3,0,3,0.0,1.0,1.0,5.333333333333333,No aggregate reversal under this configuration.,1493
nnc 26-9100,0.018710271937202292,0,1,0,1,0.0,0.9405940594059405,1.0,7.0,No aggregate reversal under this configuration.,1494
BRD-K13810148,0.018812389683774095,0,3,0,3,0.0,0.9405940594059405,1.0,7.333333333333333,No aggregate reversal under this configuration.,1495
mw-a1-12,0.0188599782126529,1,12,1,12,0.08333333333333333,1.0,1.0,7.833333333333333,No aggregate reversal under this configuration.,1496
rhizocarpic acid,0.01886179938963864,0,1,0,1,0.0,0.9306930693069307,1.0,5.0,No aggregate reversal under this configuration.,1497
BRD-K23644387,0.018891884734398633,0,1,0,1,0.0,0.9603960396039604,1.0,6.0,No aggregate reversal under this configuration.,1498
BRD-A37735495,0.01891651539703501,0,2,0,2,0.0,0.9900990099009901,1.0,6.5,No aggregate reversal under this configuration.,1499
testosterone propionate,0.018923112864769585,0,1,0,1,0.0,0.9504950495049505,1.0,8.0,No aggregate reversal under this configuration.,1500
tegaserod,0.018928195434252372,0,2,0,2,0.0,0.9900990099009901,1.0,6.0,No aggregate reversal under this configuration.,1501
BRD-K26300881,0.01896866017562808,0,1,0,1,0.0,0.9306930693069307,1.0,7.0,No aggregate reversal under this configuration.,1502
BRD-K83816656,0.01902192466955584,0,1,0,1,0.0,0.9405940594059405,1.0,6.0,No aggregate reversal under this configuration.,1503
BRD-K80786583,0.019187533167010593,0,2,0,2,0.0,0.9900990099009901,1.0,7.5,No aggregate reversal under this configuration.,1504
auranofin,0.019230069647764997,4,15,4,15,0.26666666666666666,1.0,1.0,6.8,No aggregate reversal under this configuration.,1505
nnc 55-0396 dihydrochloride,0.019249516307617988,0,3,0,3,0.0,1.0,1.0,5.666666666666667,No aggregate reversal under this configuration.,1506
BRD-U73238814,0.019307839346244193,0,1,0,1,0.0,0.9801980198019802,1.0,5.0,No aggregate reversal under this configuration.,1507
11k-629s,0.01939020502897784,0,1,0,1,0.0,0.9702970297029703,1.0,5.0,No aggregate reversal under this configuration.,1508
BRD-K83509924,0.01942336302942549,0,1,0,1,0.0,1.0,1.0,6.0,No aggregate reversal under this configuration.,1509
BRD-K88542532,0.019457056533958104,0,1,0,1,0.0,1.0,1.0,6.0,No aggregate reversal under this configuration.,1510
am 404,0.019510827499177083,0,1,0,1,0.0,0.9603960396039604,1.0,5.0,No aggregate reversal under this configuration.,1511
BRD-K45205755,0.019528000854839692,0,1,0,1,0.0,0.9900990099009901,1.0,6.0,No aggregate reversal under this configuration.,1512
hy-11068,0.019611795387753178,0,1,0,1,0.0,0.9306930693069307,1.0,5.0,No aggregate reversal under this configuration.,1513
ski ii,0.019823688505241837,1,7,1,7,0.14285714285714285,0.9702970297029703,1.0,8.285714285714286,No aggregate reversal under this configuration.,1514
BRD-K10906552,0.019867181146687268,0,1,0,1,0.0,1.0,1.0,5.0,No aggregate reversal under this configuration.,1515
BRD-K92317137,0.019883735814117315,4,40,4,49,0.1,1.0,1.0,7.63265306122449,No aggregate reversal under this configuration.,1516
BRD-K01834163,0.019907588063063482,0,2,0,2,0.0,0.9900990099009901,1.0,7.0,No aggregate reversal under this configuration.,1517
mdm2 inhibitor,0.019908962839570492,0,2,0,2,0.0,1.0,1.0,6.5,No aggregate reversal under this configuration.,1518
1483-0018,0.019964740974655323,0,2,0,2,0.0,1.0,1.0,5.5,No aggregate reversal under this configuration.,1519
BRD-K64366758,0.01997649433910888,0,1,0,1,0.0,0.9801980198019802,1.0,6.0,No aggregate reversal under this configuration.,1520
ch 55,0.01999853607563421,0,9,0,9,0.0,1.0,1.0,7.222222222222222,No aggregate reversal under this configuration.,1521
a2478,0.020001658494278717,0,1,0,1,0.0,0.9900990099009901,1.0,7.0,No aggregate reversal under this configuration.,1522
ncgc00242335-01,0.02013530649278605,0,1,0,1,0.0,0.8910891089108911,1.0,6.0,No aggregate reversal under this configuration.,1523
ncgc00188535-01,0.020163949638458183,0,3,0,3,0.0,0.9801980198019802,1.0,8.666666666666666,No aggregate reversal under this configuration.,1524
BRD-K25731886,0.02018217666122362,0,2,0,2,0.0,0.9900990099009901,1.0,7.0,No aggregate reversal under this configuration.,1525
BRD-K58900438,0.020232211978730475,0,1,0,1,0.0,0.9900990099009901,1.0,5.0,No aggregate reversal under this configuration.,1526
hdac6 inhibitor isox,0.02029055144765426,3,33,3,33,0.09090909090909091,1.0,1.0,7.7272727272727275,No aggregate reversal under this configuration.,1527
erythrosine sodium,0.020315141140199475,0,1,0,1,0.0,0.9306930693069307,1.0,7.0,No aggregate reversal under this configuration.,1528
"nf-kb activation inhibitor ii, jsh-23",0.02032127615744936,0,1,0,1,0.0,1.0,1.0,6.0,No aggregate reversal under this configuration.,1529
azacytidine-5,0.020366793960695583,0,1,0,1,0.0,0.9702970297029703,1.0,6.0,No aggregate reversal under this configuration.,1530
hoechst  33342 (cell permeable) (bisbenzimide),0.02042233026120869,0,1,0,1,0.0,0.9306930693069307,1.0,6.0,No aggregate reversal under this configuration.,1531
chlorpromazine,0.020426385574908217,0,4,0,4,0.0,1.0,1.0,5.75,No aggregate reversal under this configuration.,1532
px12,0.02048904237182809,2,11,2,11,0.18181818181818182,1.0,1.0,7.7272727272727275,No aggregate reversal under this configuration.,1533
BRD-K60070073,0.020552311437956088,0,1,0,1,0.0,1.0,1.0,8.0,No aggregate reversal under this configuration.,1534
chemistry 2804,0.02055801649308052,4,37,4,37,0.10810810810810811,1.0,1.0,7.1891891891891895,No aggregate reversal under this configuration.,1535
nsc 663284,0.0205782920737234,0,4,0,4,0.0,0.9900990099009901,1.0,8.75,No aggregate reversal under this configuration.,1536
lylamine hydrochloride,0.02064274630711983,0,4,0,4,0.0,1.0,1.0,6.5,No aggregate reversal under this configuration.,1537
BRD-K52075040,0.020675084321760313,2,23,2,23,0.08695652173913043,1.0,1.0,6.608695652173913,No aggregate reversal under this configuration.,1538
BRD-K21773564,0.020689127674266544,0,2,0,2,0.0,0.9900990099009901,1.0,5.0,No aggregate reversal under this configuration.,1539
prestw-550,0.02075517487020827,1,5,1,5,0.2,1.0,1.0,7.0,No aggregate reversal under this configuration.,1540
km 00927,0.02079194445586972,3,11,3,11,0.2727272727272727,1.0,1.0,6.636363636363637,No aggregate reversal under this configuration.,1541
BRD-K52522949,0.021002295855620183,0,7,0,7,0.0,0.9900990099009901,1.0,7.0,No aggregate reversal under this configuration.,1542
BRD-K37043259,0.0210132426556218,0,1,0,1,0.0,0.9801980198019802,1.0,9.0,No aggregate reversal under this configuration.,1543
bo2 (inhibits rad51),0.02108474631120784,0,8,0,8,0.0,1.0,1.0,6.25,No aggregate reversal under this configuration.,1544
t5247673,0.02109191976375599,0,2,0,2,0.0,1.0,1.0,5.0,No aggregate reversal under this configuration.,1545
BRD-A30395175,0.02113880714912684,0,1,0,1,0.0,1.0,1.0,7.0,No aggregate reversal under this configuration.,1546
capsazepine,0.02114707959072339,0,2,0,2,0.0,0.9900990099009901,1.0,6.0,No aggregate reversal under this configuration.,1547
BRD-K55116708,0.021165974385594283,0,2,0,2,0.0,0.9900990099009901,1.0,8.0,No aggregate reversal under this configuration.,1548
BRD-K71935468,0.0212399645785868,0,7,0,7,0.0,1.0,1.0,6.142857142857143,No aggregate reversal under this configuration.,1549
nsc 632839 hydrochloride,0.02126894538697323,1,8,1,8,0.125,1.0,1.0,6.375,No aggregate reversal under this configuration.,1550
BRD-K09854848,0.021274930945540366,0,7,0,7,0.0,0.9900990099009901,1.0,6.428571428571429,No aggregate reversal under this configuration.,1551
BRD-K25737009,0.02134220128676865,3,18,3,18,0.16666666666666666,1.0,1.0,7.888888888888889,No aggregate reversal under this configuration.,1552
BRD-K79390395,0.021512998084997237,0,2,0,2,0.0,0.9900990099009901,1.0,6.5,No aggregate reversal under this configuration.,1553
gw 7647,0.02155473766927504,0,2,0,2,0.0,0.9801980198019802,1.0,5.0,No aggregate reversal under this configuration.,1554
f4679,0.021588134161169708,0,1,0,1,0.0,1.0,1.0,5.0,No aggregate reversal under this configuration.,1555
hy-50877,0.021630124672896267,0,2,0,2,0.0,1.0,1.0,6.0,No aggregate reversal under this configuration.,1556
BRD-K53932786,0.02163468073739481,0,2,0,2,0.0,0.9900990099009901,1.0,5.0,No aggregate reversal under this configuration.,1557
bithionate sodium,0.021949462706352445,1,3,1,3,0.3333333333333333,1.0,1.0,6.666666666666667,No aggregate reversal under this configuration.,1558
scriptaid,0.02199767276776702,3,13,3,13,0.23076923076923078,1.0,1.0,7.923076923076923,No aggregate reversal under this configuration.,1559
BRD-K28366633,0.02211462344174138,0,4,0,4,0.0,1.0,1.0,7.0,No aggregate reversal under this configuration.,1560
BRD-K14236372,0.02216877772836871,0,1,0,1,0.0,1.0,1.0,5.0,No aggregate reversal under this configuration.,1561
nsc 95397,0.02236356150060542,0,5,0,5,0.0,1.0,1.0,6.2,No aggregate reversal under this configuration.,1562
BRD-K69852452,0.022396179632550715,0,12,0,16,0.0,1.0,1.0,6.9375,No aggregate reversal under this configuration.,1563
mls-0315771.0001,0.022494231706602863,0,1,0,1,0.0,0.9900990099009901,1.0,5.0,No aggregate reversal under this configuration.,1564
BRD-A59145032,0.022525690142091985,0,2,0,2,0.0,1.0,1.0,7.5,No aggregate reversal under this configuration.,1565
np-007374,0.022557858107919986,0,2,0,2,0.0,1.0,1.0,6.0,No aggregate reversal under this configuration.,1566
s1040,0.022572646496956665,0,3,0,3,0.0,1.0,1.0,5.666666666666667,No aggregate reversal under this configuration.,1567
BRD-K35133769,0.022573272023208073,0,1,0,1,0.0,1.0,1.0,5.0,No aggregate reversal under this configuration.,1568
pd 407824,0.022588592974936258,0,4,0,4,0.0,1.0,1.0,7.75,No aggregate reversal under this configuration.,1569
rosuvastatin calcium,0.022666286307780913,0,2,0,2,0.0,1.0,1.0,5.5,No aggregate reversal under this configuration.,1570
BRD-K15318909,0.022696688005681614,0,1,0,1,0.0,0.9900990099009901,1.0,7.0,No aggregate reversal under this configuration.,1571
gr-103,0.022718479437690002,0,2,0,2,0.0,0.9900990099009901,1.0,7.0,No aggregate reversal under this configuration.,1572
arachidonyl trifluoro-methyl ketone,0.02288413168796192,2,24,2,24,0.08333333333333333,1.0,1.0,7.875,No aggregate reversal under this configuration.,1573
vu0365121-1,0.022901490027989677,0,2,0,2,0.0,1.0,1.0,9.5,No aggregate reversal under this configuration.,1574
BRD-K50234570,0.02293670716288024,1,6,2,8,0.16666666666666666,1.0,1.0,5.875,No aggregate reversal under this configuration.,1575
flucytosine,0.0231062004714153,0,1,0,1,0.0,0.9603960396039604,1.0,9.0,No aggregate reversal under this configuration.,1576
"ingenol 3, 20-dibenzoate",0.023115818239743048,4,16,4,16,0.25,1.0,1.0,7.625,No aggregate reversal under this configuration.,1577
BRD-K05153001,0.023164888864936676,3,7,3,7,0.42857142857142855,1.0,1.0,8.0,No aggregate reversal under this configuration.,1578
r2146,0.02335732584186706,2,5,2,5,0.4,1.0,1.0,5.0,No aggregate reversal under this configuration.,1579
deacetoxy-7-oxisogedunin,0.023487467730417953,0,1,0,1,0.0,0.9801980198019802,1.0,5.0,No aggregate reversal under this configuration.,1580
BRD-K86899078,0.02351495009962113,0,2,0,2,0.0,1.0,1.0,5.5,No aggregate reversal under this configuration.,1581
ncgc00241357-01,0.023530989129426475,0,1,0,1,0.0,0.9801980198019802,1.0,10.0,No aggregate reversal under this configuration.,1582
piceatannol,0.023565463889282177,0,2,0,2,0.0,1.0,1.0,6.5,No aggregate reversal under this configuration.,1583
flurandrenolide,0.023748559851615954,0,1,0,2,0.0,1.0,1.0,6.0,No aggregate reversal under this configuration.,1584
t0516-4420,0.023773336568736075,0,1,0,1,0.0,1.0,1.0,5.0,No aggregate reversal under this configuration.,1585
bcl-2 inhibitor,0.023800157298867544,0,3,0,3,0.0,0.9900990099009901,1.0,6.0,No aggregate reversal under this configuration.,1586
BRD-K67090983,0.023940938676274583,0,1,0,1,0.0,0.9900990099009901,1.0,6.0,No aggregate reversal under this configuration.,1587
BRD-A40431293,0.023941893555473086,0,4,0,4,0.0,0.9900990099009901,1.0,8.5,No aggregate reversal under this configuration.,1588
BRD-K52678950,0.023971621742681463,0,1,0,1,0.0,0.9801980198019802,1.0,6.0,No aggregate reversal under this configuration.,1589
chaetocin,0.023973734933031142,0,19,0,19,0.0,1.0,1.0,7.105263157894737,No aggregate reversal under this configuration.,1590
sb 202190,0.024049068666060217,0,1,0,1,0.0,0.9900990099009901,1.0,5.0,No aggregate reversal under this configuration.,1591
BRD-K86472598,0.024143386364674144,1,6,1,6,0.16666666666666666,1.0,1.0,6.5,No aggregate reversal under this configuration.,1592
amodiaquin dihydrochloride dihydrate,0.024175695214437725,0,1,0,1,0.0,0.9801980198019802,1.0,5.0,No aggregate reversal under this configuration.,1593
BRD-K32568627,0.024200820429851153,0,1,0,1,0.0,1.0,1.0,6.0,No aggregate reversal under this configuration.,1594
ncgc00182615-01,0.02428567735507934,0,1,0,1,0.0,0.9702970297029703,1.0,11.0,No aggregate reversal under this configuration.,1595
stock3s-04022,0.024334657281509457,0,2,0,2,0.0,1.0,1.0,6.0,No aggregate reversal under this configuration.,1596
BRD-A18411371,0.02439434700643,0,4,0,4,0.0,1.0,1.0,5.75,No aggregate reversal under this configuration.,1597
etoposide,0.0244442934124573,2,5,2,5,0.4,0.9900990099009901,1.0,8.4,No aggregate reversal under this configuration.,1598
BRD-K08463963,0.024493229582041143,0,1,0,1,0.0,0.9603960396039604,1.0,5.0,No aggregate reversal under this configuration.,1599
BRD-A77467113,0.024652125009430762,0,1,0,1,0.0,0.9900990099009901,1.0,5.0,No aggregate reversal under this configuration.,1600
ag 18,0.02511421994455742,0,1,0,1,0.0,0.9405940594059405,1.0,7.0,No aggregate reversal under this configuration.,1601
BRD-K33045404,0.025142738908857674,0,1,0,1,0.0,0.9801980198019802,1.0,7.0,No aggregate reversal under this configuration.,1602
pd 160170,0.025262211864463268,0,1,0,1,0.0,1.0,1.0,6.0,No aggregate reversal under this configuration.,1603
BRD-K05331696,0.02529323762974249,0,2,0,2,0.0,1.0,1.0,6.0,No aggregate reversal under this configuration.,1604
BRD-K65904652,0.025342353578758362,0,1,0,1,0.0,1.0,1.0,8.0,No aggregate reversal under this configuration.,1605
BRD-K33720394,0.0255292346230905,0,3,0,3,0.0,1.0,1.0,6.0,No aggregate reversal under this configuration.,1606
api-2,0.0255298571921736,1,4,1,4,0.25,1.0,1.0,7.25,No aggregate reversal under this configuration.,1607
ncgc00012272-02,0.0256835442004638,0,1,0,1,0.0,1.0,1.0,5.0,No aggregate reversal under this configuration.,1608
flavokawain b,0.025888419818657395,0,1,0,1,0.0,1.0,1.0,6.0,No aggregate reversal under this configuration.,1609
ncgc00188536-01,0.02590904131520132,0,5,0,5,0.0,0.9900990099009901,1.0,7.4,No aggregate reversal under this configuration.,1610
BRD-A68065211,0.026049911481328052,0,4,0,4,0.0,1.0,1.0,7.5,No aggregate reversal under this configuration.,1611
BRD-K14704318,0.0260864039550683,0,1,0,1,0.0,0.9504950495049505,1.0,7.0,No aggregate reversal under this configuration.,1612
cgp 52432,0.02618188203688947,0,1,0,1,0.0,1.0,1.0,5.0,No aggregate reversal under this configuration.,1613
BRD-K03857568,0.026294062918984933,0,1,0,1,0.0,0.9801980198019802,1.0,6.0,No aggregate reversal under this configuration.,1614
bmy 45778,0.026377722746011027,0,2,0,2,0.0,1.0,1.0,5.0,No aggregate reversal under this configuration.,1615
BRD-K07061353,0.02661406674926406,0,1,0,1,0.0,0.9900990099009901,1.0,5.0,No aggregate reversal under this configuration.,1616
BRD-K30993697,0.02667642114247556,0,1,0,1,0.0,0.9900990099009901,1.0,5.0,No aggregate reversal under this configuration.,1617
BRD-K21672423,0.026717289098445528,0,1,0,1,0.0,1.0,1.0,5.0,No aggregate reversal under this configuration.,1618
BRD-K91145395,0.026796845910088567,0,4,0,4,0.0,0.9702970297029703,1.0,7.5,No aggregate reversal under this configuration.,1619
BRD-A41250203,0.02687603570741012,0,7,0,7,0.0,1.0,1.0,7.428571428571429,No aggregate reversal under this configuration.,1620
BRD-K03371390,0.026912588310335262,0,1,0,1,0.0,1.0,1.0,5.0,No aggregate reversal under this configuration.,1621
BRD-K85818861,0.02695503132829732,0,1,0,1,0.0,0.9801980198019802,1.0,7.0,No aggregate reversal under this configuration.,1622
BRD-A93393712,0.027202614740685936,0,2,0,2,0.0,1.0,1.0,5.5,No aggregate reversal under this configuration.,1623
BRD-A06929388,0.027210349742497798,0,2,0,2,0.0,0.9900990099009901,1.0,5.5,No aggregate reversal under this configuration.,1624
BRD-K48950795,0.027418159743257165,0,1,0,1,0.0,0.9900990099009901,1.0,7.0,No aggregate reversal under this configuration.,1625
cgk 733,0.027593436652300886,0,3,0,3,0.0,0.9900990099009901,1.0,9.666666666666666,No aggregate reversal under this configuration.,1626
ca-074-me,0.027788679398620696,0,2,0,2,0.0,1.0,1.0,5.5,No aggregate reversal under this configuration.,1627
BRD-K71303366,0.027879989090381547,0,1,0,1,0.0,0.9801980198019802,1.0,6.0,No aggregate reversal under this configuration.,1628
arvanil,0.02790410753073497,0,1,0,1,0.0,1.0,1.0,5.0,No aggregate reversal under this configuration.,1629
BRD-K53592093,0.02791163241001708,0,2,0,2,0.0,1.0,1.0,5.5,No aggregate reversal under this configuration.,1630
BRD-K00627859,0.028013193772651754,0,2,0,2,0.0,1.0,1.0,6.0,No aggregate reversal under this configuration.,1631
BRD-K65955264,0.028046780788536858,0,2,0,2,0.0,1.0,1.0,8.0,No aggregate reversal under this configuration.,1632
diphenylcyclopropenone,0.028373658150230123,0,1,0,1,0.0,1.0,1.0,7.0,No aggregate reversal under this configuration.,1633
mw-a1-14 brd-k32010074,0.028708690264950792,0,1,0,1,0.0,1.0,1.0,5.0,No aggregate reversal under this configuration.,1634
BRD-K55722623,0.028754371511381785,0,3,0,3,0.0,1.0,1.0,6.333333333333333,No aggregate reversal under this configuration.,1635
BRD-A25088322,0.028823254163970642,0,1,0,1,0.0,0.9900990099009901,1.0,6.0,No aggregate reversal under this configuration.,1636
ncgc00242340-01,0.0289368317518381,0,3,0,3,0.0,1.0,1.0,5.333333333333333,No aggregate reversal under this configuration.,1637
s1018,0.028941859271664476,0,1,0,1,0.0,0.9900990099009901,1.0,7.0,No aggregate reversal under this configuration.,1638
nrb 04155,0.029284176823940532,0,1,0,1,0.0,0.9900990099009901,1.0,6.0,No aggregate reversal under this configuration.,1639
ag 592,0.02930241738798517,0,5,0,5,0.0,1.0,1.0,7.0,No aggregate reversal under this configuration.,1640
k784-3188,0.02965550843313569,2,7,2,8,0.2857142857142857,1.0,1.0,6.625,No aggregate reversal under this configuration.,1641
t5345967,0.0299735645696645,0,1,0,1,0.0,1.0,1.0,5.0,No aggregate reversal under this configuration.,1642
ipratropium bromide,0.029975256556028375,0,1,0,1,0.0,1.0,1.0,7.0,No aggregate reversal under this configuration.,1643
BRD-K60895275,0.030009666731130733,0,2,0,2,0.0,1.0,1.0,7.0,No aggregate reversal under this configuration.,1644
ncgc00182378-01,0.03011148773337887,0,2,0,2,0.0,1.0,1.0,7.0,No aggregate reversal under this configuration.,1645
BRD-K16533489,0.03026182551840142,0,1,0,1,0.0,1.0,1.0,5.0,No aggregate reversal under this configuration.,1646
BRD-K39687892,0.030280399325439206,0,1,0,1,0.0,0.9702970297029703,1.0,5.0,No aggregate reversal under this configuration.,1647
BRD-K56653679,0.030280937996530644,1,7,1,7,0.14285714285714285,1.0,1.0,7.857142857142857,No aggregate reversal under this configuration.,1648
mercaptopurine,0.030427721273149237,0,1,0,1,0.0,0.9900990099009901,1.0,6.0,No aggregate reversal under this configuration.,1649
ncgc00183237-01,0.03043903036147712,0,1,0,1,0.0,1.0,1.0,5.0,No aggregate reversal under this configuration.,1650
bl-095,0.031222188014276654,0,1,0,1,0.0,1.0,1.0,5.0,No aggregate reversal under this configuration.,1651
BRD-K56593336,0.0315389476274585,0,2,0,2,0.0,1.0,1.0,6.5,No aggregate reversal under this configuration.,1652
st4066738,0.03167895916363697,0,1,0,1,0.0,1.0,1.0,6.0,No aggregate reversal under this configuration.,1653
BRD-K64517075,0.03194276135456529,0,1,0,1,0.0,0.9504950495049505,1.0,15.0,No aggregate reversal under this configuration.,1654
pimozide,0.03233774308635987,0,1,0,1,0.0,0.9801980198019802,1.0,13.0,No aggregate reversal under this configuration.,1655
BRD-K41220170,0.03233949432765748,0,1,0,1,0.0,0.9702970297029703,1.0,8.0,No aggregate reversal under this configuration.,1656
s1107,0.032502546393222725,0,1,0,1,0.0,1.0,1.0,5.0,No aggregate reversal under this configuration.,1657
clocortolone pivalate,0.032566928655027416,0,1,0,1,0.0,1.0,1.0,7.0,No aggregate reversal under this configuration.,1658
triclosan,0.03352531809237309,0,1,0,1,0.0,1.0,1.0,7.0,No aggregate reversal under this configuration.,1659
ei-328,0.03399453468281564,0,2,0,2,0.0,1.0,1.0,8.0,No aggregate reversal under this configuration.,1660
BRD-K91913968,0.03403997280712482,0,1,0,1,0.0,1.0,1.0,5.0,No aggregate reversal under this configuration.,1661
BRD-A49848186,0.034117289528033744,1,5,1,5,0.2,0.9900990099009901,1.0,6.4,No aggregate reversal under this configuration.,1662
BRD-K88868628,0.03411747204325086,0,2,0,2,0.0,1.0,1.0,8.5,No aggregate reversal under this configuration.,1663
at-mlpcn csc-006,0.034694347192439204,0,2,0,2,0.0,1.0,1.0,7.5,No aggregate reversal under this configuration.,1664
ncgc00188530-01,0.03701303538614786,0,2,0,2,0.0,1.0,1.0,10.5,No aggregate reversal under this configuration.,1665
BRD-K77877933,0.037083903779238606,0,1,0,1,0.0,1.0,1.0,5.0,No aggregate reversal under this configuration.,1666
ssr 69071,0.03710945496308424,1,3,1,3,0.3333333333333333,1.0,1.0,7.0,No aggregate reversal under this configuration.,1667
BRD-K41925105,0.03719400964796351,0,1,0,1,0.0,1.0,1.0,5.0,No aggregate reversal under this configuration.,1668
mrs 1220,0.037454289781540986,0,1,0,1,0.0,1.0,1.0,7.0,No aggregate reversal under this configuration.,1669
BRD-K58547240,0.037588969467944135,0,1,0,1,0.0,1.0,1.0,9.0,No aggregate reversal under this configuration.,1670
BRD-K93578426,0.03873681083436717,0,1,0,1,0.0,1.0,1.0,7.0,No aggregate reversal under this configuration.,1671
ursolic acid,0.040180177498625375,0,1,0,1,0.0,1.0,1.0,6.0,No aggregate reversal under this configuration.,1672
thimerosal,0.04044592567536845,0,1,0,1,0.0,1.0,1.0,5.0,No aggregate reversal under this configuration.,1673
BRD-K37340241,0.04251781124775126,0,1,0,1,0.0,1.0,1.0,8.0,No aggregate reversal under this configuration.,1674
BRD-K58347372,0.04261792567774053,0,1,0,1,0.0,1.0,1.0,8.0,No aggregate reversal under this configuration.,1675
wr 216174,0.04684766314067132,0,1,0,1,0.0,1.0,1.0,8.0,No aggregate reversal under this configuration.,1676
g5797,0.04982138814565125,0,1,0,1,0.0,1.0,1.0,8.0,No aggregate reversal under this configuration.,1677
8-{[2-oxo-2-(1-pyrrolidinyl)ethyl]thio}quinoline,0.050113400511283546,0,1,0,1,0.0,1.0,1.0,6.0,No aggregate reversal under this configuration.,1678
