compound,configurations_present,top_k_frequency,evaluated_configurations,mean_rank,rank_sd,baseline,relaxed,stringent,multi-context
trametinib,4,4,4,5.0,3.4641016151377544,3.0,3,11.0,3.0
AZD-8330,4,4,4,6.5,3.2015621187164243,5.0,4,12.0,5.0
selumetinib,4,4,4,7.25,0.82915619758885,8.0,6,7.0,8.0
PD-184352,4,4,4,11.25,4.9180788932265,7.0,12,19.0,7.0
KIN001-127,3,3,4,2.0,0.0,2.0,2,,2.0
palbociclib,4,3,4,8.5,12.99038105676658,1.0,1,31.0,1.0
BMS509744,3,3,4,9.333333333333334,3.0912061651652345,12.0,5,,11.0
GDC-0941,3,3,4,13.0,0.816496580927726,13.0,14,,12.0
CGK-733,3,3,4,13.333333333333334,3.0912061651652345,16.0,9,,15.0
PIK-93,3,3,4,18.0,2.160246899469287,20.0,15,,19.0
TG-101348,4,3,4,18.5,13.683932183404009,15.0,41,4.0,14.0
PD-0325901,4,2,4,18.25,4.815340071064556,21.0,22,10.0,20.0
SAR-245408,4,2,4,19.5,4.031128874149275,24.0,16,15.0,23.0
SB590885,3,2,4,20.333333333333332,13.912424503139471,11.0,40,,10.0
torin-2,4,2,4,20.75,12.497499749949988,32.0,19,1.0,31.0
vemurafenib,3,2,4,22.666666666666668,23.570226039551585,6.0,56,,6.0
C646,4,2,4,27.25,13.589977924926883,42.0,10,18.0,39.0
NVP-TAE684,4,2,4,27.5,15.945218719101975,44.0,20,5.0,41.0
QL-XI-92,3,2,4,36.666666666666664,39.12657522565563,9.0,92,,9.0
crizotinib,3,2,4,53.0,50.20624131187941,18.0,124,,17.0
lapatinib,3,2,4,61.666666666666664,63.87661717891941,17.0,152,,16.0
GSK-2334470,3,2,4,74.0,85.56089449431128,14.0,195,,13.0
HG-6-64-01,4,2,4,89.75,115.1897890439947,19.0,289,33.0,18.0
erlotinib,3,2,4,103.33333333333333,140.47854719572743,4.0,302,,4.0
PI-103,3,1,4,16.666666666666668,6.847546194724712,22.0,7,,21.0
GSK-2126458,4,1,4,21.5,7.826237921249264,26.0,8,27.0,25.0
NVP-BGT226,4,1,4,23.5,7.365459931328117,27.0,11,30.0,26.0
WZ-4-145,3,1,4,27.333333333333332,7.3181661333667165,33.0,17,,32.0
GDC-0980,4,1,4,28.25,15.769828787910159,43.0,27,3.0,40.0
XMD-1499,3,1,4,30.0,12.083045973594572,40.0,13,,37.0
OSI-027,4,1,4,30.75,8.642193008721803,38.0,34,16.0,35.0
neratinib,4,1,4,30.75,22.796655456447994,25.0,68,6.0,24.0
WYE-125132,4,1,4,32.5,12.257650672131263,45.0,29,14.0,42.0
NVP-BEZ235,4,1,4,38.0,25.495097567963924,64.0,26,2.0,60.0
torin-1,4,1,4,45.5,16.070158679988197,55.0,18,58.0,51.0
sorafenib,4,1,4,53.75,19.57517560585345,66.0,67,20.0,62.0
dovitinib,4,1,4,75.25,41.06930118713977,111.0,76,8.0,106.0
AZD-7762,4,1,4,201.75,111.34490334092531,297.0,281,17.0,212.0
MK-1775,4,1,4,233.0,136.65101536395548,331.0,362,13.0,226.0
KIN001-043,4,1,4,293.25,317.1028027312278,174.0,831,9.0,159.0
NVP-BGJ398,2,1,4,406.0,396.0,10.0,802,,
PLX-4720,3,0,4,25.666666666666668,4.4969125210773475,23.0,32,,22.0
CX-5461,4,0,4,31.5,4.153311931459037,28.0,37,34.0,27.0
ZSTK-474,4,0,4,32.75,3.897114317029974,30.0,33,39.0,29.0
LDN-193189,4,0,4,36.25,9.60143218483576,29.0,52,36.0,28.0
TWS-119,3,0,4,37.666666666666664,9.741092797468305,46.0,24,,43.0
NU-7441,4,0,4,40.75,1.7853571071357126,41.0,43,41.0,38.0
SGI-1776,3,0,4,41.666666666666664,14.70449666674185,54.0,21,,50.0
NVP-AEW541,4,0,4,42.75,8.699856320652657,52.0,42,29.0,48.0
AZD4547,4,0,4,43.25,10.825317547305483,53.0,25,46.0,49.0
AZD-8055,3,0,4,43.666666666666664,14.70449666674185,56.0,23,,52.0
WZ-4002,3,0,4,46.0,12.832251036613439,57.0,28,,53.0
HG-14-8-02,3,0,4,46.333333333333336,1.8856180831641267,49.0,45,,45.0
gefitinib,4,0,4,49.25,15.75396775418815,34.0,65,65.0,33.0
JW-7-24-1,4,0,4,49.5,13.518505834595775,51.0,31,69.0,47.0
PF-3758309,4,0,4,49.75,15.368392889303683,50.0,30,73.0,46.0
JWE-035,3,0,4,50.333333333333336,10.96458946893235,60.0,35,,56.0
UNC0638,3,0,4,51.333333333333336,10.96458946893235,61.0,36,,57.0
BIX-02189,2,0,4,52.0,5.0,47.0,57,,
sutent,3,0,4,53.0,4.546060565661952,58.0,47,,54.0
canertinib,4,0,4,53.25,18.632968094214082,39.0,83,55.0,36.0
YM-201636,4,0,4,54.75,20.873128658636684,62.0,78,21.0,58.0
BX-795,4,0,4,57.0,22.693611435820433,48.0,96,40.0,44.0
dinaciclib,4,0,4,57.0,11.247221879201993,67.0,38,60.0,63.0
PF 573228,3,0,4,62.333333333333336,39.36439451529206,35.0,118,,34.0
vandetanib,3,0,4,62.333333333333336,8.178562764256865,70.0,51,,66.0
LY2603618,4,0,4,63.0,26.277366686941825,63.0,102,28.0,59.0
withaferin-a,4,0,4,64.0,21.470910553583888,87.0,49,37.0,83.0
AZ-628,3,0,4,66.0,14.236104336041748,78.0,46,,74.0
CP-724714,3,0,4,66.0,8.640987597877148,74.0,54,,70.0
foretinib,4,0,4,66.25,17.597940220378067,71.0,39,88.0,67.0
QL-XII-47,4,0,4,66.75,11.519006033508273,72.0,48,79.0,68.0
HG-5-88-01,4,0,4,67.5,25.184320518926057,83.0,84,24.0,79.0
AS-605240,4,0,4,67.75,33.25187964611926,65.0,119,26.0,61.0
NVP-TAE226,4,0,4,67.75,14.922717580923388,59.0,64,93.0,55.0
MK-2206,4,0,4,68.25,6.977642868476432,77.0,60,63.0,73.0
dabrafenib,3,0,4,69.0,7.2571803523590805,76.0,59,,72.0
celastrol,4,0,4,70.5,5.123475382979799,75.0,62,74.0,71.0
HG-5-113-01,4,0,4,71.25,22.796655456447994,88.0,81,32.0,84.0
AZD-5438,4,0,4,72.25,11.54068888758379,84.0,71,54.0,80.0
mitoxantrone,4,0,4,73.5,28.084693339967234,93.0,87,25.0,89.0
BX-912,4,0,4,74.75,18.833148966649205,82.0,95,44.0,78.0
CGP-60474,4,0,4,74.75,12.735285626950029,89.0,58,67.0,85.0
imatinib,3,0,4,75.66666666666667,10.498677165349081,85.0,61,,81.0
KW-2449,3,0,4,76.66666666666667,23.156472577277874,95.0,44,,91.0
INK-128,4,0,4,80.0,22.9891278651453,103.0,74,45.0,98.0
BMS-387032,4,0,4,81.25,22.02697210240209,104.0,73,49.0,99.0
PHA-793887,4,0,4,82.5,27.33587386567329,112.0,50,61.0,107.0
HG-14-10-04,3,0,4,83.0,10.03327796219494,92.0,69,,88.0
rocilinostat,3,0,4,84.33333333333333,1.699673171197595,86.0,85,,82.0
I-BET151,4,0,4,87.0,21.15419580130618,94.0,111,53.0,90.0
nilotinib,4,0,4,87.0,21.03568396796263,69.0,116,98.0,65.0
TGX-221,3,0,4,89.0,8.640987597877148,97.0,77,,93.0
belinostat,4,0,4,89.0,31.788362650504666,123.0,63,52.0,118.0
mocetinostat,4,0,4,90.25,27.444261695297982,118.0,80,50.0,113.0
AZ20,4,0,4,90.5,24.046829312822098,115.0,55,82.0,110.0
PF-431396,4,0,4,91.25,32.575872973720905,114.0,107,35.0,109.0
WH-4-025,3,0,4,91.33333333333333,20.33606539022619,79.0,120,,75.0
CTB,2,0,4,91.5,38.5,130.0,53,,
pracinostat,4,0,4,92.0,18.748333259252675,113.0,70,77.0,108.0
QL-X-138,4,0,4,93.75,13.045593125649749,106.0,72,96.0,101.0
JNK-9L,4,0,4,96.0,28.319604517012593,98.0,136,56.0,94.0
PF-562271,4,0,4,97.25,30.48257699079919,109.0,129,47.0,104.0
DCC-2036,3,0,4,97.66666666666667,11.264496832477201,108.0,82,,103.0
BIX-01294,3,0,4,98.33333333333333,45.75538826800135,68.0,163,,64.0
AT-7519,4,0,4,98.5,17.727097901235837,117.0,93,72.0,112.0
PD-173074,3,0,4,100.33333333333333,4.496912521077347,100.0,106,,95.0
entinostat,3,0,4,100.66666666666667,3.2998316455372216,105.0,97,,100.0
AT7867,3,0,4,101.66666666666667,4.9216076867444665,101.0,108,,96.0
BS-181,3,0,4,101.66666666666667,17.98765008430939,91.0,127,,87.0
tozasertib,3,0,4,104.0,17.795130420052185,119.0,79,,114.0
dasatinib,4,0,4,107.5,53.649324320069496,120.0,172,23.0,115.0
GSK-1059615,4,0,4,107.75,38.963925623581616,142.0,112,43.0,134.0
amuvatinib,2,0,4,110.0,11.0,99.0,121,,
WZ-3105,4,0,4,112.0,30.76524012583032,146.0,94,71.0,137.0
AST1306,3,0,4,112.66666666666667,9.877021593352701,122.0,99,,117.0
AZD-6482,3,0,4,113.33333333333333,33.62869145371091,141.0,66,,133.0
XMD-1150,4,0,4,113.5,52.92683629313205,149.0,143,22.0,140.0
methylstat,4,0,4,114.25,21.660736367907717,110.0,150,92.0,105.0
bms 191011,2,0,4,115.5,17.5,133.0,98,,
alvocidib,4,0,4,116.5,29.312966414199707,125.0,151,70.0,120.0
GSK-1070916,3,0,4,117.0,9.41629792788369,126.0,104,,121.0
ZM-447439,3,0,4,117.66666666666667,20.531818125912658,136.0,89,,128.0
quizartinib,3,0,4,118.0,10.801234497346433,128.0,103,,123.0
OTSSP167,4,0,4,118.25,43.19939235683761,166.0,91,62.0,154.0
ag 82,2,0,4,119.5,33.5,153.0,86,,
motesanib,2,0,4,120.0,45.0,165.0,75,,
PHA-665752,4,0,4,120.25,60.50774743782816,116.0,212,42.0,111.0
GW-5074,1,0,4,123.0,0.0,,123,,
gw 5074,2,0,4,124.5,7.5,132.0,117,,
sulconazole nitrate,1,0,4,125.0,0.0,,125,,
serdemetan,3,0,4,125.66666666666667,14.974051630144135,140.0,105,,132.0
SU-11274,3,0,4,126.33333333333333,27.35365098523819,150.0,88,,141.0
torasemide,1,0,4,128.0,0.0,,128,,
cabozantinib,2,0,4,129.5,92.5,37.0,222,,
PF-477736,4,0,4,130.5,46.75735236302415,135.0,196,64.0,127.0
AZD7762,3,0,4,131.0,29.337120967584166,157.0,90,,146.0
XMD-885,3,0,4,132.33333333333334,76.856287243718,80.0,241,,76.0
regorafenib,3,0,4,136.0,13.589211407093005,129.0,155,,124.0
sunitinib,3,0,4,136.66666666666666,25.616834742454465,160.0,101,,149.0
np-010914,1,0,4,138.0,0.0,,138,,
phccc,1,0,4,141.0,0.0,,141,,
BRD-K56477805,2,0,4,143.0,1.0,144.0,142,,
HG-9-91-01,3,0,4,143.66666666666666,70.25825376581902,96.0,243,,92.0
BMS-345541,4,0,4,144.25,56.78192934376217,145.0,228,68.0,136.0
BRD-K47635719 (dexamethasone acetate),3,0,4,144.66666666666666,39.330508373130506,195.0,140,99.0,
MGCD-265,1,0,4,145.0,0.0,,145,,
bosutinib,3,0,4,146.0,10.23067283548187,158.0,133,,147.0
ncgc00186101-01,1,0,4,146.0,0.0,,146,,
tanespimycin,3,0,4,146.33333333333334,22.691163233490013,168.0,115,,156.0
PHA-767491,4,0,4,147.0,56.049085630365106,138.0,237,83.0,130.0
"reichstein/c,aeos substance/c-*s",2,0,4,147.0,37.0,184.0,110,,
s1064,1,0,4,147.0,0.0,,147,,
AKT-inhibitor-1-2,3,0,4,148.0,19.026297590440446,167.0,122,,155.0
loxapine succinate,2,0,4,149.5,35.5,185.0,114,,
BRD-K11611839,2,0,4,153.0,23.0,176.0,130,,
BRD-K65366129,2,0,4,153.0,40.0,193.0,113,,
KIN001-244,3,0,4,156.33333333333334,9.392668535736913,156.0,168,,145.0
(-)-JQ1,2,0,4,157.5,13.5,171.0,144,,
KIN001-265,3,0,4,158.0,82.75667143298277,102.0,275,,97.0
BRD-K17953061,3,0,4,158.33333333333334,43.39226761634945,204.0,100,,171.0
sb 415286,1,0,4,159.0,0.0,,159,,
VE821,3,0,4,159.66666666666666,114.09158114816749,81.0,321,,77.0
GSK-1904529A,3,0,4,160.0,50.24606120549815,127.0,231,,122.0
pd 98059,1,0,4,160.0,0.0,,160,,
linsitinib,3,0,4,160.33333333333334,126.34696496376776,73.0,339,,69.0
BRD-K87909389,4,0,4,161.75,41.06321346412139,214.0,154,101.0,178.0
XMD-892,3,0,4,162.66666666666666,186.91233833597562,31.0,427,,30.0
MLN-8054,3,0,4,163.0,7.0710678118654755,173.0,158,,158.0
BRD-K88708949,2,0,4,163.5,54.5,218.0,109,,
GDC-0879,3,0,4,164.0,60.13872850889572,124.0,249,,119.0
BRD-A45657137,1,0,4,165.0,0.0,,165,,
NPK76-II-72-1,3,0,4,167.0,10.198039027185569,181.0,157,,163.0
A443654,4,0,4,167.75,90.46926273602543,163.0,305,51.0,152.0
bh3i-1,1,0,4,169.0,0.0,,169,,
azacitidine,3,0,4,169.33333333333334,15.96524001977073,164.0,191,,153.0
NVP-AUY922,3,0,4,170.0,19.61292091114087,162.0,197,,151.0
WZ-7043,1,0,4,170.0,0.0,,170,,
hy-50940,4,0,4,170.25,41.20907060344846,207.0,198,102.0,174.0
hy-10459,3,0,4,171.0,34.88074922742725,211.0,126,,176.0
BRD-K95895342,2,0,4,172.0,41.0,213.0,131,,
radicicol,4,0,4,172.25,84.52921092734748,155.0,310,80.0,144.0
XMD16-144,4,0,4,173.25,69.62174588445768,183.0,271,75.0,164.0
(+)-JQ1,3,0,4,173.33333333333334,25.616834742454465,161.0,209,,150.0
calcipotriol,2,0,4,174.5,21.5,196.0,153,,
BRD-K01896723,3,0,4,175.33333333333334,33.98365620248782,215.0,132,,179.0
ponatinib,3,0,4,175.33333333333334,51.48678363317026,143.0,248,,135.0
norcyclobenzaprine,2,0,4,175.5,14.5,190.0,161,,
AS-601245,3,0,4,177.0,62.31104770958892,137.0,265,,129.0
CYT387,3,0,4,177.33333333333334,9.177266598624136,187.0,180,,165.0
mls-0091943.0001,2,0,4,177.5,1.5,179.0,176,,
I-BET,4,0,4,178.0,112.02901409902704,159.0,357,48.0,148.0
pheniramine maleate,2,0,4,178.5,9.5,169.0,188,,
linifanib,3,0,4,179.0,43.36665385600631,154.0,240,,143.0
buparlisib,4,0,4,179.5,64.02538559040468,265.0,171,86.0,196.0
BRD-K38615104,3,0,4,180.0,37.5588427226754,226.0,134,,180.0
ON-01910,4,0,4,181.0,62.90866395020641,229.0,235,78.0,182.0
ethyl-beta-carboline-3-carboxylate,1,0,4,182.0,0.0,,182,,
BRD-U00779237,3,0,4,183.0,18.05547008526779,208.0,166,,175.0
ro 31-8220 mesylate,3,0,4,186.33333333333334,39.63444069100621,236.0,139,,184.0
lfm-a12,2,0,4,187.5,39.5,227.0,148,,
BRD-K77681376,3,0,4,187.66666666666666,33.6386021641143,231.0,149,,183.0
BRD-K91836367,1,0,4,190.0,0.0,,190,,
BYL719,3,0,4,191.0,68.68769904429759,147.0,288,,138.0
XMD11-85H,3,0,4,191.66666666666666,87.27097010015542,134.0,315,,126.0
jas07 005,1,0,4,192.0,0.0,,192,,
tivozanib,2,0,4,192.0,22.0,170.0,214,,
saracatinib,4,0,4,192.5,118.07095324422514,152.0,392,84.0,142.0
"l-ornithine, n5-[imino(methylamino)methyl]-[cas]",1,0,4,193.0,0.0,,193,,
chelerythrine chloride,4,0,4,193.75,94.15777981664606,177.0,347,91.0,160.0
doxorubicin,4,0,4,193.75,51.402212987380224,273.0,164,136.0,202.0
BRD-K27151060,1,0,4,194.0,0.0,,194,,
barasertib,3,0,4,194.0,21.228911104120876,194.0,220,,168.0
BRD-K10554164,1,0,4,199.0,0.0,,199,,
dihydro-beta-tubaic acid,2,0,4,200.0,33.0,233.0,167,,
ei-293,4,0,4,200.0,68.70953354520753,271.0,239,89.0,201.0
ei-148,1,0,4,201.0,0.0,,201,,
methoxsalen,2,0,4,201.0,24.0,225.0,177,,
daunorubicin,3,0,4,201.33333333333334,30.5650490302604,244.0,174,,186.0
BRD-K92158425,3,0,4,201.66666666666666,55.12611802847076,270.0,135,,200.0
BRD-K85853281,3,0,4,202.33333333333334,38.95581542665428,255.0,162,,190.0
"tiratricol, 3,3',5-triiodothyroacetic acid",1,0,4,203.0,0.0,,203,,
ro 90-7501,1,0,4,204.0,0.0,,204,,
cyclo [arg-gly-asp-d-phe-val],2,0,4,205.0,32.0,237.0,173,,
carbinoxamine maleate,1,0,4,206.0,0.0,,206,,
ALW-II-38-3,1,0,4,207.0,0.0,,207,,
BRD-K37021324,2,0,4,207.0,32.0,239.0,175,,
TPCA-1,3,0,4,207.66666666666666,61.35325763333372,172.0,294,,157.0
"hydroxytacrine maleate (r,s)",1,0,4,208.0,0.0,,208,,
dacomitinib,3,0,4,208.66666666666666,55.82313339666829,178.0,287,,161.0
hy-11005,3,0,4,208.66666666666666,35.92894221778438,201.0,256,,169.0
BRD-K16472144,2,0,4,209.5,6.5,203.0,216,,
BRD-K57457519,1,0,4,210.0,0.0,,210,,
ncgc00188773-01,2,0,4,210.0,32.0,242.0,178,,
dactinomycin,3,0,4,210.33333333333334,34.00326781681758,258.0,181,,192.0
BI-2536,4,0,4,211.5,90.44473450676938,248.0,329,81.0,188.0
BRD-A84102390,2,0,4,211.5,22.5,234.0,189,,
er 27319 maleate,4,0,4,213.0,44.429719783046124,287.0,185,173.0,207.0
hexylcaine hydrochloride,3,0,4,213.33333333333334,34.65384378231207,262.0,184,,194.0
JNK-IN-5A,4,0,4,215.75,87.8987343481122,316.0,252,76.0,219.0
GW-843682X,4,0,4,216.0,85.30240324867758,266.0,314,87.0,197.0
BRD-K22630935,1,0,4,219.0,0.0,,219,,
BRD-K77690805,2,0,4,219.5,33.5,253.0,186,,
naloxone benzoylhydrazone,2,0,4,221.0,84.0,305.0,137,,
BRD-A11702965,3,0,4,221.33333333333334,30.57595278791634,228.0,255,,181.0
BRD-K95760042,2,0,4,221.5,16.5,238.0,205,,
tranilast,2,0,4,223.0,23.0,200.0,246,,
fostamatinib,4,0,4,223.25,100.25062343945797,256.0,361,85.0,191.0
calcipotriene,1,0,4,224.0,0.0,,224,,
BRD-K20718732,2,0,4,224.5,0.5,224.0,225,,
tivantinib,4,0,4,227.0,106.51995118286527,300.0,335,59.0,214.0
afatinib,3,0,4,227.66666666666666,174.19593055586063,107.0,474,,102.0
tiotidine,1,0,4,229.0,0.0,,229,,
BRD-K14749055,2,0,4,231.0,33.0,198.0,264,,
ei-156,3,0,4,231.0,28.717010057919794,268.0,227,,198.0
epirubicin hydrochloride,4,0,4,231.25,85.49671046303477,326.0,278,97.0,224.0
nisoldipine,2,0,4,231.5,12.5,219.0,244,,
daunorubicin hydrochloride,3,0,4,232.33333333333334,40.202266381663385,289.0,200,,208.0
triptolide,3,0,4,232.33333333333334,67.43062278289361,320.0,156,,221.0
GSK-690693,3,0,4,232.66666666666666,62.51577578677419,206.0,319,,173.0
rf 01079,2,0,4,233.0,3.0,230.0,236,,
BRD-K39944607,3,0,4,234.33333333333334,32.42769735204082,251.0,263,,189.0
roscovitine,3,0,4,235.0,151.3406752991409,131.0,449,,125.0
"betamethasone 17,21-dipropionate",3,0,4,235.33333333333334,35.6682242650545,247.0,272,,187.0
dup 697,2,0,4,236.5,13.5,250.0,223,,
s1205,3,0,4,239.33333333333334,30.225081564084416,277.0,238,,203.0
glipizide,2,0,4,243.5,32.5,276.0,211,,
BRD-K81814927,3,0,4,245.0,31.874754901018456,283.0,247,,205.0
BRD-K95976153,1,0,4,245.0,0.0,,245,,
2-chloroadenosine,2,0,4,246.5,25.5,272.0,221,,
ncgc00188012-01,2,0,4,246.5,3.5,243.0,250,,
GDC-0068,2,0,4,247.5,30.5,278.0,217,,
ebt or (erichrome black t),2,0,4,248.0,33.0,281.0,215,,
sirolimus,4,0,4,249.25,204.4595008797586,202.0,587,38.0,170.0
SB-525334,2,0,4,249.5,98.5,151.0,348,,
hydrocortisone,3,0,4,250.0,43.3358973600409,259.0,298,,193.0
saquinavir mesylate,1,0,4,251.0,0.0,,251,,
nintedanib,3,0,4,251.33333333333334,230.9939874157382,90.0,578,,86.0
ncgc00188714-01,2,0,4,251.5,6.5,245.0,258,,
PFI-1,4,0,4,253.5,208.07871106867228,180.0,606,66.0,162.0
bromocryptine mesylate,1,0,4,254.0,0.0,,254,,
BRD-K97274161,2,0,4,254.5,44.5,210.0,299,,
GSK-461364,3,0,4,256.0,42.245315322135625,269.0,300,,199.0
BRD-K19220233,3,0,4,259.3333333333333,54.60362218347383,336.0,213,,229.0
cinnarizine,1,0,4,260.0,0.0,,260,,
rp1782780025,1,0,4,261.0,0.0,,261,,
cgs 9343b,2,0,4,261.5,29.5,291.0,232,,
mdv3100,2,0,4,261.5,2.5,264.0,259,,
gsk-3b inhibitor viii,3,0,4,261.6666666666667,36.80881536926839,293.0,282,,210.0
levocetirizine,2,0,4,262.0,44.0,306.0,218,,
s1028,2,0,4,264.5,81.5,346.0,183,,
thioproperazine dimesylate,2,0,4,265.0,30.0,235.0,295,,
pq 401,1,0,4,267.0,0.0,,267,,
BRD-K09299610,1,0,4,268.0,0.0,,268,,
BRD-K08316444,3,0,4,268.3333333333333,113.70234044302791,205.0,428,,172.0
BRD-K71142328,2,0,4,269.5,67.5,337.0,202,,
rimexolone,2,0,4,269.5,9.5,260.0,279,,
BRD-K31841256,2,0,4,270.0,4.0,274.0,266,,
BRD-K82384352,2,0,4,271.5,41.5,313.0,230,,
psh 024,1,0,4,273.0,0.0,,273,,
pp3,2,0,4,273.5,51.5,222.0,325,,
BRD-K28100108,1,0,4,274.0,0.0,,274,,
BRD-K72238567,3,0,4,275.0,41.40853374205209,311.0,297,,217.0
icariin,2,0,4,276.0,30.0,246.0,306,,
ncgc00188488-01,1,0,4,276.0,0.0,,276,,
BRD-A25170757,2,0,4,276.5,7.5,284.0,269,,
ppt,2,0,4,279.5,93.5,186.0,373,,
"w-12, hydrochloride",1,0,4,280.0,0.0,,280,,
unc0321,4,0,4,280.25,135.93265795974122,315.0,479,109.0,218.0
tyrphostin-AG-1478,1,0,4,283.0,0.0,,283,,
cgp 54626 hydrochloride,1,0,4,284.0,0.0,,284,,
ncgc00181061-03,2,0,4,284.5,68.5,216.0,353,,
norethynodrel,2,0,4,285.5,23.5,309.0,262,,
BRD-U04166717,2,0,4,286.5,107.5,394.0,179,,
doxorubicin hydrochloride,3,0,4,287.3333333333333,45.38967087589667,341.0,291,,230.0
l-6307,3,0,4,287.6666666666667,108.64723752687974,240.0,438,,185.0
ifenprodil tartrate,2,0,4,288.0,46.0,334.0,242,,
BRD-A84327315,2,0,4,288.5,67.5,221.0,356,,
ici-89406,1,0,4,292.0,0.0,,292,,
deoxyandirobin lactone,2,0,4,292.5,35.5,328.0,257,,
hts 13363,1,0,4,293.0,0.0,,293,,
n- (2-aminoethyl)-4-chlorobenzamide (ro-16-6491),3,0,4,293.0,97.30707408337108,422.0,187,,270.0
sb 200646 hydrochloride,3,0,4,293.6666666666667,54.48139335793664,369.0,270,,242.0
CH5424802,2,0,4,294.0,112.0,182.0,406,,
p8624,4,0,4,295.25,82.22339995402768,407.0,328,184.0,262.0
mls-0435541.0001,2,0,4,295.5,72.5,223.0,368,,
glimepiride,2,0,4,300.0,14.0,314.0,286,,
iniparib,1,0,4,301.0,0.0,,301,,
ibrutinib,1,0,4,303.0,0.0,,303,,
BRD-K37150847,2,0,4,303.5,83.5,220.0,387,,
BMS-777607,3,0,4,304.3333333333333,80.28836915906452,295.0,407,,211.0
trap 101,2,0,4,306.0,49.0,257.0,355,,
z2777,1,0,4,307.0,0.0,,307,,
BRD-K42021584,1,0,4,309.0,0.0,,309,,
linolenic acid (18:3 n-3),2,0,4,310.5,57.5,368.0,253,,
EX-527,1,0,4,312.0,0.0,,312,,
azacyclonol,2,0,4,312.0,78.0,390.0,234,,
s1249,3,0,4,312.3333333333333,63.87661717891941,402.0,277,,258.0
BRD-A89907244,2,0,4,312.5,10.5,302.0,323,,
KU-60019,3,0,4,312.6666666666667,62.50511090214055,333.0,377,,228.0
ketotifen fumarate,1,0,4,313.0,0.0,,313,,
BRD-A60245366,3,0,4,314.0,53.391634800469134,364.0,338,,240.0
isoeugenitol,1,0,4,316.0,0.0,,316,,
BRD-K78524708,1,0,4,317.0,0.0,,317,,
bambuterol hydrochloride,2,0,4,317.5,63.5,254.0,381,,
BRD-K86682249,1,0,4,318.0,0.0,,318,,
CP466722,3,0,4,319.3333333333333,177.11829066725122,212.0,569,,177.0
BRD-A17718497,1,0,4,320.0,0.0,,320,,
vinpocetine,2,0,4,320.0,30.0,290.0,350,,
norethindrone acetate,2,0,4,321.0,95.0,416.0,226,,
BRD-K44510578,1,0,4,322.0,0.0,,322,,
BRD-K02920722,1,0,4,324.0,0.0,,324,,
ncgc00242557-01,2,0,4,324.5,75.5,249.0,400,,
ncgc00011940-02,1,0,4,326.0,0.0,,326,,
beclomethasone dipropionate,2,0,4,327.5,47.5,280.0,375,,
fludrocortisone acetate,3,0,4,328.6666666666667,213.98805781839528,189.0,631,,166.0
iodipamide,1,0,4,331.0,0.0,,331,,
podophyllotoxin,1,0,4,332.0,0.0,,332,,
idarubicin hcl,3,0,4,332.6666666666667,64.45842760174102,421.0,308,,269.0
mitoxantrone dihydrochloride,3,0,4,334.0,66.3525935187666,426.0,304,,272.0
BRD-K88551539,3,0,4,334.3333333333333,59.269628722380986,401.0,345,,257.0
losartan,1,0,4,336.0,0.0,,336,,
vu0415555-1,2,0,4,336.0,84.0,252.0,420,,
BRD-U51951544,3,0,4,336.6666666666667,60.6043636126054,414.0,330,,266.0
BRD-K02123250,1,0,4,337.0,0.0,,337,,
sb 366791,3,0,4,337.3333333333333,63.939207237986786,379.0,386,,247.0
BRD-U74615290,3,0,4,339.0,73.90534486760751,443.0,296,,278.0
BRD-K18761689,1,0,4,340.0,0.0,,340,,
fenofibrate,2,0,4,340.5,37.5,303.0,378,,
bucladesine,1,0,4,341.0,0.0,,341,,
ncgc00241071-01,2,0,4,341.0,17.0,324.0,358,,
heliotrine,1,0,4,342.0,0.0,,342,,
BRD-K45542213,1,0,4,343.0,0.0,,343,,
dubinidine,3,0,4,344.0,67.23590310739246,388.0,395,,249.0
thiophene-2-carboxylic acid benzothiazol-2-ylamide mls-0446110.0001,3,0,4,345.6666666666667,214.0425710512332,307.0,625,105.0,
luzindole,1,0,4,346.0,0.0,,346,,
bl-077,3,0,4,346.6666666666667,82.98326471176114,464.0,290,,286.0
hydroquinine hydrobromide hydrate,2,0,4,347.5,36.5,384.0,311,,
BRD-K89209981,2,0,4,348.0,139.0,209.0,487,,
BRD-K86269644,1,0,4,349.0,0.0,,349,,
mesoridazine besylate,3,0,4,350.6666666666667,91.5253456092294,356.0,460,,236.0
chloramphenicol,1,0,4,352.0,0.0,,352,,
s(-)-timolol,2,0,4,353.0,43.0,310.0,396,,
isradipine,1,0,4,354.0,0.0,,354,,
diflorasone diacetate,3,0,4,355.6666666666667,164.33367139924658,279.0,584,,204.0
gw 441756,3,0,4,356.0,94.37160589923221,361.0,469,,238.0
hy-10518,3,0,4,356.0,105.20773102137821,345.0,490,,233.0
ciclopirox ethanolamine,3,0,4,357.0,88.25342297422048,370.0,458,,243.0
s1216,3,0,4,358.0,65.28399497579785,417.0,390,,267.0
tms,1,0,4,359.0,0.0,,359,,
BRD-K35716340,3,0,4,359.3333333333333,107.72289553396817,347.0,497,,234.0
v-ama37,1,0,4,360.0,0.0,,360,,
BRD-K79222491,4,0,4,360.5,173.09173868212198,490.0,548,108.0,296.0
rifapentine,2,0,4,363.5,166.5,197.0,530,,
hydrocortisone acetate,3,0,4,363.6666666666667,99.21805391269383,366.0,484,,241.0
kuc104233 kuc104233n,1,0,4,364.0,0.0,,364,,
t 0901317,3,0,4,365.0,67.0870081809188,436.0,384,,275.0
BRD-K56596360,1,0,4,367.0,0.0,,367,,
BRD-K34968258,2,0,4,368.0,8.0,360.0,376,,
BRD-K16618170,3,0,4,368.3333333333333,192.19839287107013,392.0,591,122.0,
1541b,1,0,4,369.0,0.0,,369,,
c3393m50,3,0,4,371.6666666666667,85.26168867407891,400.0,459,,256.0
BRD-K23935793,2,0,4,372.0,9.0,381.0,363,,
aloisine,1,0,4,374.0,0.0,,374,,
methoprene acid,2,0,4,374.0,99.0,275.0,473,,
d-64131,3,0,4,374.3333333333333,74.59371436134698,470.0,365,,288.0
pi 828,3,0,4,375.6666666666667,70.27722880769339,444.0,404,,279.0
kuc103875 kuc103875n,2,0,4,377.0,89.0,288.0,466,,
oxymetazoline hydrochloride,2,0,4,377.5,50.5,428.0,327,,
ncgc00181801-01,3,0,4,378.3333333333333,238.73602344197846,340.0,688,107.0,
ncgc00187898-02,1,0,4,380.0,0.0,,380,,
flutamide,2,0,4,381.5,85.5,296.0,467,,
ys-035 hydrochloride,1,0,4,382.0,0.0,,382,,
BRD-K17086338,1,0,4,383.0,0.0,,383,,
ncgc00185090-03,3,0,4,384.0,79.8164561144296,488.0,370,,294.0
ttnpb,2,0,4,386.0,64.0,322.0,450,,
bp 554 maleate,2,0,4,387.5,0.5,387.0,388,,
st4049616,1,0,4,391.0,0.0,,391,,
AZD-1480,1,0,4,393.0,0.0,,393,,
a-1065,3,0,4,393.0,103.22790320451152,405.0,513,,261.0
diclofenac sodium,1,0,4,394.0,0.0,,394,,
chelidonine (+),3,0,4,394.6666666666667,213.40467557098077,285.0,693,,206.0
BRD-K26304855,3,0,4,396.6666666666667,160.33575881741274,344.0,614,,232.0
l-cis-diltiazem,1,0,4,397.0,0.0,,397,,
BRD-K93605482,1,0,4,398.0,0.0,,398,,
hy-11006,3,0,4,398.6666666666667,117.167496440874,399.0,542,,255.0
16-hydroxytriptolide,3,0,4,399.0,118.80235687897779,398.0,545,,254.0
BRD-K46171503,1,0,4,399.0,0.0,,399,,
gamma-linolenic acid (18:3 n-6),2,0,4,400.0,115.0,515.0,285,,
hli 373,3,0,4,401.0,115.13470371699404,403.0,541,,259.0
BRD-K53414658,3,0,4,401.3333333333333,133.78922062541346,382.0,574,,248.0
BRD-K99582188,3,0,4,403.0,82.12591957881912,466.0,456,,287.0
vesamicol,1,0,4,403.0,0.0,,403,,
hy-10181,3,0,4,404.6666666666667,173.14797781730582,342.0,641,,231.0
bl-009,3,0,4,405.0,185.3375299285064,330.0,660,,225.0
k3644,1,0,4,405.0,0.0,,405,,
BRD-K89546934,2,0,4,407.5,5.5,413.0,402,,
np-004102,1,0,4,408.0,0.0,,408,,
dm163 brd-k06180729,1,0,4,409.0,0.0,,409,,
n-chlorophenyl-n-hexylpiperazine,1,0,4,410.0,0.0,,410,,
norgestrel,3,0,4,410.0,172.6750319723922,350.0,645,,235.0
ag 556,2,0,4,410.5,36.5,374.0,447,,
bibr1532,3,0,4,410.6666666666667,221.53153775980118,299.0,720,,213.0
s(+)-terguride,1,0,4,411.0,0.0,,411,,
rg 108,3,0,4,412.3333333333333,231.36166973425443,292.0,736,,209.0
BRD-K27170250,1,0,4,413.0,0.0,,413,,
"9-amino-1,2,3,4-tetrahydroacridine",2,0,4,414.5,63.5,478.0,351,,
BRD-K04695623,1,0,4,415.0,0.0,,415,,
BRD-K66359319,1,0,4,416.0,0.0,,416,,
3-deoxydenosine,2,0,4,416.5,98.5,318.0,515,,
BRD-K83670234,3,0,4,416.6666666666667,85.98578693921196,507.0,442,,301.0
bml-259,3,0,4,417.3333333333333,160.80284685152674,375.0,632,,245.0
hy-10344,1,0,4,418.0,0.0,,418,,
h-8,2,0,4,418.5,39.5,458.0,379,,
hy-70061,1,0,4,421.0,0.0,,421,,
st638,1,0,4,422.0,0.0,,422,,
s1003,4,0,4,423.5,195.91516020971935,562.0,652,154.0,326.0
ncgc00184713-01,1,0,4,424.0,0.0,,424,,
pp-30,3,0,4,424.0,216.1804801548928,325.0,724,,223.0
brivanib,1,0,4,425.0,0.0,,425,,
dequalinium dichloride,2,0,4,425.5,92.5,518.0,333,,
hy-11001,3,0,4,425.6666666666667,183.9969806515555,362.0,676,,239.0
iopanoic acid,4,0,4,427.25,227.8369757085096,608.0,662,90.0,349.0
s1130,4,0,4,427.25,213.77134396359116,596.0,653,117.0,343.0
BRD-K37393297,2,0,4,428.5,94.5,523.0,334,,
BRD-K90700939,1,0,4,429.0,0.0,,429,,
chloroquine diphosphate,2,0,4,429.5,188.5,241.0,618,,
BRD-K18861610,1,0,4,430.0,0.0,,430,,
siguazodan,2,0,4,430.0,122.0,308.0,552,,
sulpiride,3,0,4,430.3333333333333,92.20388037146569,499.0,492,,300.0
BRD-A82197375,1,0,4,431.0,0.0,,431,,
epitestosterone,2,0,4,431.0,60.0,491.0,371,,
pazopanib,3,0,4,431.0,356.5164792825151,191.0,935,,167.0
np-002491,3,0,4,432.0,183.1083467968259,675.0,233,,388.0
stock2s-69948,1,0,4,432.0,0.0,,432,,
BRD-A54077041,1,0,4,433.0,0.0,,433,,
hy-13001,2,0,4,433.0,95.0,338.0,528,,
cycloheximide,3,0,4,433.6666666666667,98.71620378078205,489.0,517,,295.0
nimodipine,1,0,4,434.0,0.0,,434,,
ciglitazone,2,0,4,434.5,68.5,503.0,366,,
gliquidone,1,0,4,435.0,0.0,,435,,
BRD-K58853583,3,0,4,435.6666666666667,116.74568752444587,455.0,568,,284.0
BRD-K34966483,1,0,4,436.0,0.0,,436,,
linopirdine dihydrochloride,2,0,4,436.0,64.0,500.0,372,,
ic 261,3,0,4,436.3333333333333,174.70037842609906,389.0,670,,250.0
BRD-K15519488,2,0,4,436.5,19.5,456.0,417,,
RAF 265,3,0,4,436.6666666666667,414.61655645775755,148.0,1023,,139.0
rg-14620,1,0,4,437.0,0.0,,437,,
arachidonamide,2,0,4,438.5,0.5,438.0,439,,
ag-014699 (pf-01367338),2,0,4,439.0,7.0,432.0,446,,
ei-232,2,0,4,439.0,33.0,406.0,472,,
BRD-K12184916,4,0,4,440.0,225.39409930164544,549.0,742,146.0,323.0
hydrocortisone valerate,3,0,4,440.6666666666667,150.60839581141846,419.0,635,,268.0
rho kinase inhibitor iii [rockout],3,0,4,440.6666666666667,300.62638311070145,263.0,864,,195.0
gliclazide,1,0,4,441.0,0.0,,441,,
BRD-A75931230,3,0,4,441.6666666666667,94.12521211426593,529.0,485,,311.0
ncgc00183691-01,3,0,4,442.6666666666667,135.53925220720708,442.0,609,,277.0
nortriptyline hydrochloride,1,0,4,443.0,0.0,,443,,
ALW-II-49-7,1,0,4,444.0,0.0,,444,,
quipazine dimaleate salt,1,0,4,445.0,0.0,,445,,
bd 1063 dihydrochloride,2,0,4,446.0,23.0,469.0,423,,
piretanide,3,0,4,447.6666666666667,199.28594754495083,378.0,719,,246.0
SB-239063,1,0,4,448.0,0.0,,448,,
mdl-28170,1,0,4,451.0,0.0,,451,,
mls-0435526.0001,1,0,4,452.0,0.0,,452,,
deoxycorticosterone,1,0,4,453.0,0.0,,453,,
tretinoin,2,0,4,453.0,52.0,505.0,401,,
flurofamide,1,0,4,454.0,0.0,,454,,
BRD-A27640568,4,0,4,456.0,219.14607000811125,623.0,697,145.0,359.0
BRD-K06623064,1,0,4,457.0,0.0,,457,,
diltiazem hydrochloride,2,0,4,458.0,3.0,461.0,455,,
BRD-K61341215,1,0,4,461.0,0.0,,461,,
BRD-K98173387,2,0,4,461.5,1.5,460.0,463,,
mafenide hydrochloride,1,0,4,462.0,0.0,,462,,
levetiracetam,1,0,4,464.0,0.0,,464,,
dorsomorphin dihydrochloride,4,0,4,464.25,256.10386076746283,618.0,778,106.0,355.0
BRD-K00366212,1,0,4,465.0,0.0,,465,,
KIN001-220,2,0,4,465.0,76.0,541.0,389,,
BRD-K56343971,3,0,4,467.3333333333333,102.0272294809359,559.0,518,,325.0
dapt,1,0,4,468.0,0.0,,468,,
"l-750,667",1,0,4,470.0,0.0,,470,,
fenbendazole,3,0,4,470.3333333333333,118.06307165616558,522.0,582,,307.0
calcitriol,1,0,4,471.0,0.0,,471,,
isoflupredone acetate,3,0,4,471.3333333333333,285.48243767738535,321.0,871,,222.0
hy-11009,3,0,4,472.6666666666667,135.08104563146117,493.0,627,,298.0
spb02303,3,0,4,473.0,175.37958832201653,441.0,702,,276.0
ku-0063794,3,0,4,473.3333333333333,101.94551921928148,580.0,504,,336.0
BRD-K88008216,1,0,4,475.0,0.0,,475,,
pelitinib,3,0,4,475.3333333333333,504.64266785738823,121.0,1189,,116.0
BRD-K24861700,1,0,4,476.0,0.0,,476,,
hy-10966,2,0,4,476.0,164.0,312.0,640,,
ei-286,1,0,4,477.0,0.0,,477,,
pifithrin- a hydrobromide,2,0,4,478.5,211.5,267.0,690,,
quinacrine dihydrochloride dihydrate,4,0,4,479.5,247.16441896033498,658.0,755,123.0,382.0
ncgc00165289-01,3,0,4,481.3333333333333,114.07697206516114,546.0,577,,321.0
BRD-K45818044,1,0,4,483.0,0.0,,483,,
dc-45-a2,2,0,4,484.0,45.0,439.0,529,,
BRD-U33728988,3,0,4,485.0,107.61970079869205,577.0,544,,334.0
brl 54443,2,0,4,485.0,74.0,411.0,559,,
bw-b 70c,1,0,4,486.0,0.0,,486,,
sb 221284,2,0,4,487.5,135.5,352.0,623,,
prostaglandin a1,3,0,4,487.6666666666667,116.43691663538482,648.0,440,,375.0
KIN001-055,1,0,4,488.0,0.0,,488,,
herniarin,2,0,4,489.0,257.0,232.0,746,,
gp 2a,1,0,4,491.0,0.0,,491,,
BRD-K12105018,2,0,4,491.5,4.5,487.0,496,,
"ly-165,163",1,0,4,493.0,0.0,,493,,
vincristine,3,0,4,493.0,210.6751053162191,429.0,777,,273.0
BRD-U88878891,1,0,4,495.0,0.0,,495,,
"ici 192,605",3,0,4,496.6666666666667,149.22987487616396,516.0,669,,305.0
ncgc00184716-01,3,0,4,498.6666666666667,180.68819059977943,477.0,730,,289.0
genistein,1,0,4,499.0,0.0,,499,,
methotrexate,2,0,4,499.0,144.0,355.0,643,,
BRD-K22322324,1,0,4,500.0,0.0,,500,,
psh 008,1,0,4,501.0,0.0,,501,,
vu0420364-1,3,0,4,501.6666666666667,140.5093907498317,536.0,654,,315.0
BRD-A81541225,3,0,4,502.6666666666667,318.50309609519064,332.0,949,,227.0
hy-11067,1,0,4,503.0,0.0,,503,,
cyt997,4,0,4,504.0,390.5297683916042,485.0,1138,100.0,293.0
glyburide,2,0,4,504.0,181.0,323.0,685,,
BRD-K86492010,1,0,4,507.0,0.0,,507,,
bvt 948,3,0,4,508.3333333333333,151.08790671511585,531.0,681,,313.0
v2264,3,0,4,508.3333333333333,112.96705517785065,615.0,558,,352.0
anafranil,1,0,4,509.0,0.0,,509,,
estradiol valerate,2,0,4,511.0,194.0,317.0,705,,
ncgc00184891-01,1,0,4,511.0,0.0,,511,,
BRD-K34387287,1,0,4,512.0,0.0,,512,,
A66,1,0,4,514.0,0.0,,514,,
evodiamine,3,0,4,514.6666666666666,145.62356341685305,548.0,674,,322.0
bapta-am,3,0,4,515.3333333333334,260.5255372426196,409.0,874,,263.0
a-275,1,0,4,516.0,0.0,,516,,
BRD-K32536677,1,0,4,519.0,0.0,,519,,
ncgc00184830-01,4,0,4,519.0,249.00702801326713,843.0,611,156.0,466.0
BRD-K10846167,3,0,4,519.6666666666666,133.49739905914106,578.0,646,,335.0
acyclovir,1,0,4,521.0,0.0,,521,,
memantine hydrochloride,2,0,4,522.0,195.0,327.0,717,,
ncgc00182608-01,1,0,4,522.0,0.0,,522,,
r(-)-n-allylnorapomorphine,2,0,4,522.0,82.0,440.0,604,,
BRD-K53461563,1,0,4,523.0,0.0,,523,,
ncgc00242364-01,1,0,4,524.0,0.0,,524,,
avermectin b1a,1,0,4,525.0,0.0,,525,,
BRD-K50387473,3,0,4,525.6666666666666,364.52190911140343,319.0,1038,,220.0
prednisolone acetate,1,0,4,526.0,0.0,,526,,
mls-0437446.0001,4,0,4,527.0,286.5327206446063,634.0,934,172.0,368.0
ncgc00167094-01,3,0,4,528.6666666666666,237.02367439186793,454.0,849,,283.0
SYK-inhibitor,3,0,4,529.3333333333334,557.6811115881748,139.0,1318,,131.0
hinokitiol,3,0,4,529.3333333333334,385.32612450004245,301.0,1072,,215.0
vegf receptor 2 kinase inhibitor iv,1,0,4,531.0,0.0,,531,,
dicyclomine hydrochloride,2,0,4,531.5,155.5,376.0,687,,
pdgf receptor tyrosine kinase inhibitor i,3,0,4,533.0,303.2062004643045,393.0,954,,252.0
erk inhibitor 11e,2,0,4,533.5,86.5,447.0,620,,
ncgc00182942-03,2,0,4,533.5,179.5,354.0,713,,
hydrocortisone phosphate triethylamine,2,0,4,534.0,30.0,504.0,564,,
nitrofurazone,1,0,4,534.0,0.0,,534,,
obaa,2,0,4,535.5,83.5,452.0,619,,
BRD-A42737819,1,0,4,536.0,0.0,,536,,
triamcinolone acetonide,3,0,4,536.0,225.3456604123245,482.0,835,,291.0
BRD-K87964538,1,0,4,537.0,0.0,,537,,
selinidin,1,0,4,538.0,0.0,,538,,
bms-536924,3,0,4,538.3333333333334,214.7934408268144,496.0,820,,299.0
naringenine,2,0,4,538.5,33.5,572.0,505,,
erythromycin,1,0,4,539.0,0.0,,539,,
KU-55933,1,0,4,540.0,0.0,,540,,
BRD-K55127335,2,0,4,541.5,44.5,497.0,586,,
clemastine fumarate,1,0,4,543.0,0.0,,543,,
tripelennamine citrate,3,0,4,543.0,299.7676878295369,637.0,854,138.0,
aristolochic acid,2,0,4,545.0,133.0,678.0,412,,
"camptothecine (s,+)",3,0,4,545.0,117.6775254668452,659.0,593,,383.0
sulfaguanidine,2,0,4,545.0,94.0,451.0,639,,
BRD-K60093216,2,0,4,546.0,11.0,557.0,535,,
tyloxapol,1,0,4,546.0,0.0,,546,,
kuc104135 kuc104135n,4,0,4,546.25,253.6231209886039,743.0,827,194.0,421.0
s1485,2,0,4,546.5,120.5,667.0,426,,
bulleyaconitine a,1,0,4,547.0,0.0,,547,,
pi 103 hydrochloride,3,0,4,547.0,164.49518736627726,575.0,733,,333.0
BRD-K25536815,2,0,4,548.0,42.0,506.0,590,,
BRD-K90543092,1,0,4,549.0,0.0,,549,,
cdc,3,0,4,549.0,129.68423188653276,630.0,651,,366.0
nefazodone hydrochloride,1,0,4,551.0,0.0,,551,,
hy-10992,3,0,4,551.3333333333334,197.81697489233716,538.0,800,,316.0
BRD-K78701355,1,0,4,553.0,0.0,,553,,
everolimus,1,0,4,554.0,0.0,,554,,
ed csc 15,1,0,4,556.0,0.0,,556,,
BRD-K49371609,3,0,4,556.3333333333334,192.33708835155937,550.0,795,,324.0
r(+)-skf-81297,3,0,4,556.6666666666666,176.78863714114158,574.0,764,,332.0
BRD-K08448573,3,0,4,557.0,421.5550576931401,304.0,1151,,216.0
geldanamycin,4,0,4,557.75,451.9941233025049,569.0,1275,57.0,330.0
BRD-K71726959,3,0,4,558.6666666666666,340.9362925174666,391.0,1034,,251.0
flufenamic acid,3,0,4,558.6666666666666,232.511409516943,509.0,865,,302.0
BRD-K81209512 (ag 494),1,0,4,560.0,0.0,,560,,
sq 22536,1,0,4,561.0,0.0,,561,,
BRD-K11795542,2,0,4,561.5,141.5,420.0,703,,
jak3 inhibitor ii,2,0,4,561.5,9.5,552.0,571,,
fluvastatin,3,0,4,561.6666666666666,205.7285158217553,544.0,822,,319.0
Y-39983,3,0,4,563.0,331.93071566216946,404.0,1025,,260.0
rhamnetin,1,0,4,563.0,0.0,,563,,
BRD-K43782924,2,0,4,563.5,100.5,463.0,664,,
prenylamine lactate,2,0,4,563.5,9.5,554.0,573,,
e3380,3,0,4,563.6666666666666,155.1221740722096,616.0,722,,353.0
azd8055,3,0,4,565.0,189.0520210594604,570.0,794,,331.0
zk 93423,1,0,4,565.0,0.0,,565,,
BRD-K92107474,1,0,4,566.0,0.0,,566,,
purmorphamine,2,0,4,566.0,49.0,517.0,615,,
stk661558,1,0,4,567.0,0.0,,567,,
gw 583340 dihydrochloride,2,0,4,569.5,184.5,385.0,754,,
pentobarbital,1,0,4,570.0,0.0,,570,,
BRD-K23217072,3,0,4,570.3333333333334,166.3777495807524,609.0,752,,350.0
escitalopram oxalate,1,0,4,572.0,0.0,,572,,
cefixime,2,0,4,572.5,12.5,560.0,585,,
trifluoperazine dihydrochloride,3,0,4,573.3333333333334,161.8009751378389,620.0,744,,356.0
s2001,3,0,4,574.0,146.2805523642839,641.0,710,,371.0
iodophenpropit dihydrobromide,1,0,4,575.0,0.0,,575,,
BRD-K51443908,1,0,4,576.0,0.0,,576,,
s1017,3,0,4,579.6666666666666,258.5308922009558,511.0,925,,303.0
quercetin,3,0,4,580.3333333333334,228.35693308697438,545.0,876,,320.0
BRD-K38340366,1,0,4,581.0,0.0,,581,,
"ly-163,502",2,0,4,581.0,31.0,612.0,550,,
medroxyprogesterone 17-acetate,2,0,4,581.0,98.0,483.0,679,,
BRD-A72837804,2,0,4,582.0,74.0,656.0,508,,
jak3 inhibitor i,1,0,4,583.0,0.0,,583,,
fulvestrant,3,0,4,586.3333333333334,147.5247625165198,657.0,721,,381.0
CC-401,3,0,4,587.0,337.7701388025097,431.0,1056,,274.0
BRD-K27630941,2,0,4,587.5,92.5,495.0,680,,
valyltryptophan,2,0,4,587.5,119.5,468.0,707,,
stock4s-72743,1,0,4,588.0,0.0,,588,,
ml 3163,2,0,4,588.5,174.5,763.0,414,,
triamcinolone diacetate,1,0,4,589.0,0.0,,589,,
BRD-K66555411,2,0,4,590.0,205.0,795.0,385,,
vu0415533-1,2,0,4,590.0,172.0,418.0,762,,
pp-110,3,0,4,590.3333333333334,210.75947322850178,581.0,853,,337.0
6-diazo-5-oxo-l-norleucine,4,0,4,591.0,336.5627727482646,810.0,988,113.0,453.0
BRD-K02562327,2,0,4,591.5,3.5,588.0,595,,
ncgc00185094-01,4,0,4,591.5,434.6938577895943,622.0,1276,110.0,358.0
fk 888,2,0,4,592.0,103.0,695.0,489,,
u 99194 maleate,1,0,4,592.0,0.0,,592,,
quinine hemisulfate salt monohydrate,2,0,4,592.5,220.5,372.0,813,,
bibx 1382 dihydrochloride,3,0,4,592.6666666666666,366.4472070511052,410.0,1104,,264.0
irbesartan,3,0,4,592.6666666666666,150.13845461957956,663.0,731,,384.0
BRD-K84203638,4,0,4,592.75,314.6818830183905,1008.0,700,137.0,526.0
BRD-K65983740,1,0,4,594.0,0.0,,594,,
BRD-K04363266,2,0,4,595.0,101.0,494.0,696,,
prednisolone,3,0,4,595.0,268.0634253306482,524.0,953,,308.0
BRD-K53780220,3,0,4,595.6666666666666,155.25534522914893,812.0,520,,455.0
s1222,1,0,4,596.0,0.0,,596,,
ku 0060648 trihydrochloride,3,0,4,597.0,136.77962811276637,719.0,666,,406.0
n-oxalylphenylalanine,1,0,4,597.0,0.0,,597,,
ncgc00182913-03,2,0,4,597.0,211.0,386.0,808,,
"2,4-dideoxy-dc-45-a2",2,0,4,597.5,60.5,537.0,658,,
BRD-K64754843,1,0,4,598.0,0.0,,598,,
pravastatin sodium salt,1,0,4,599.0,0.0,,599,,
BRD-K63068307,3,0,4,600.0,394.6044432931118,395.0,1152,,253.0
BRD-K79459005,1,0,4,600.0,0.0,,600,,
solanine alpha,1,0,4,601.0,0.0,,601,,
vigabatrin,1,0,4,602.0,0.0,,602,,
formoterol hemifumarate,2,0,4,603.0,48.0,651.0,555,,
tetrahydropalmatine,1,0,4,603.0,0.0,,603,,
losartan potassium,2,0,4,604.0,239.0,365.0,843,,
BRD-K46499837,2,0,4,604.5,169.5,435.0,774,,
s1297,1,0,4,605.0,0.0,,605,,
olaparib,1,0,4,607.0,0.0,,607,,
5-fluorouracil,1,0,4,608.0,0.0,,608,,
BRD-K06666320,4,0,4,608.75,392.7991694237655,679.0,1209,157.0,390.0
todralazine hydrochloride,2,0,4,609.0,66.0,543.0,675,,
BRD-K47448802,2,0,4,609.5,111.5,721.0,498,,
compound 58,1,0,4,610.0,0.0,,610,,
s1154,2,0,4,611.0,162.0,449.0,773,,
chlorprothixene hydrochloride,1,0,4,612.0,0.0,,612,,
ag14361,3,0,4,614.0,170.2762461413805,664.0,793,,385.0
gibberellic acid,2,0,4,614.0,49.0,565.0,663,,
gr-231,2,0,4,614.0,132.0,746.0,482,,
akti-1/2,3,0,4,614.3333333333334,234.5582135751284,590.0,913,,340.0
ncgc00183226-01,2,0,4,615.5,134.5,750.0,481,,
m-3m3fbs,3,0,4,615.6666666666666,141.90685520987194,733.0,698,,416.0
papaverine hydrochloride,1,0,4,616.0,0.0,,616,,
mmpx,1,0,4,617.0,0.0,,617,,
BRD-K00028814,2,0,4,617.5,26.5,591.0,644,,
parbendazole,3,0,4,620.6666666666666,148.2707733244223,728.0,723,,411.0
BRD-K03829970,3,0,4,621.0,338.70636250297986,484.0,1087,,292.0
"ici-162,846",2,0,4,621.0,429.0,192.0,1050,,
racepinephrine hcl,2,0,4,621.0,107.0,514.0,728,,
BRD-K16541732,1,0,4,622.0,0.0,,622,,
digoxin,4,0,4,622.75,417.091341914454,749.0,1224,95.0,423.0
calyculin a,3,0,4,623.6666666666666,448.8134975193545,373.0,1254,,244.0
temsirolimus [ci779],3,0,4,623.6666666666666,190.07776186486296,652.0,841,,378.0
closantel,1,0,4,624.0,0.0,,624,,
minoxidil,3,0,4,625.6666666666666,254.09490790297673,583.0,956,,338.0
"dibutyryl-camp, sodium salt",1,0,4,626.0,0.0,,626,,
mls-0391006,3,0,4,626.0,367.39715114119576,457.0,1136,,285.0
mometasone furoate,3,0,4,627.3333333333334,468.4031976359209,359.0,1286,,237.0
BRD-K57353465,1,0,4,628.0,0.0,,628,,
BRD-K94390040,2,0,4,628.5,109.5,519.0,738,,
BRD-K67470788,2,0,4,629.0,249.0,380.0,878,,
BRD-K77987635,1,0,4,629.0,0.0,,629,,
BRD-U32365159,1,0,4,630.0,0.0,,630,,
tomoxetine hydrochloride,2,0,4,630.0,211.0,841.0,419,,
way 170523,3,0,4,630.3333333333334,220.88357918948063,626.0,903,,362.0
ncgc00185087-01,3,0,4,631.0,161.43316470498453,716.0,772,,405.0
fipronil,3,0,4,631.6666666666666,212.71942919149524,636.0,890,,369.0
c3930,2,0,4,632.0,165.0,467.0,797,,
BRD-K57019930,1,0,4,633.0,0.0,,633,,
BRD-K02641134,2,0,4,634.0,175.0,459.0,809,,
BRD-K67519589,1,0,4,634.0,0.0,,634,,
BRD-K64058329,2,0,4,636.0,103.0,739.0,533,,
rs 67333 hydrochloride,1,0,4,636.0,0.0,,636,,
pt-630,2,0,4,636.5,292.5,929.0,344,,
eplerenone,1,0,4,637.0,0.0,,637,,
genistin,1,0,4,638.0,0.0,,638,,
narciclasine,4,0,4,641.75,461.3541887747417,677.0,1368,133.0,389.0
naproxol,3,0,4,644.3333333333334,344.8442482564492,512.0,1117,,304.0
hydrocortisone hemisuccinate,2,0,4,644.5,287.5,357.0,932,,
mls-0390982,2,0,4,644.5,112.5,532.0,757,,
yk 4-279,3,0,4,644.6666666666666,333.2529903174997,526.0,1099,,309.0
thiethylperazine dimalate,2,0,4,647.0,52.0,595.0,699,,
enzastaurin,2,0,4,647.5,139.5,508.0,787,,
devazepide,3,0,4,648.6666666666666,204.44124393630122,673.0,886,,387.0
azd-7545-a,2,0,4,651.0,32.0,619.0,683,,
penicillin v,2,0,4,651.0,254.0,397.0,905,,
gant 58,1,0,4,655.0,0.0,,655,,
itraconazole,2,0,4,656.5,150.5,807.0,506,,
BRD-K51454562,2,0,4,657.0,159.0,498.0,816,,
mls-0350978,1,0,4,659.0,0.0,,659,,
n-formylmethionylalanine,3,0,4,660.3333333333334,338.33349753690595,542.0,1121,,318.0
dg-041,4,0,4,660.75,380.0785280701871,898.0,1124,135.0,486.0
BRD-A11095214,1,0,4,661.0,0.0,,661,,
BRD-K89692698,2,0,4,661.0,11.0,672.0,650,,
BRD-K74690444,2,0,4,661.5,253.5,408.0,915,,
felamidin,2,0,4,662.5,20.5,683.0,642,,
BRD-K14939371,3,0,4,664.0,197.0296086040539,710.0,879,,403.0
hy-10044,3,0,4,664.3333333333334,425.55088480175385,453.0,1258,,282.0
BRD-K55827386,2,0,4,665.0,477.0,188.0,1142,,
BRD-K62300190,1,0,4,665.0,0.0,,665,,
ncgc00166395-02,3,0,4,665.0,356.3603045608007,530.0,1153,,312.0
cilostamide,2,0,4,665.5,326.5,339.0,992,,
BRD-U43867373,3,0,4,665.6666666666666,324.1464003947736,566.0,1103,,328.0
gsk2334470,2,0,4,667.0,60.0,607.0,727,,
BRD-K61981833,2,0,4,667.5,252.5,415.0,920,,
triacsin-c,1,0,4,668.0,0.0,,668,,
BRD-K78385490,3,0,4,670.6666666666666,233.1127528805654,669.0,957,,386.0
ncgc00183236-01,1,0,4,671.0,0.0,,671,,
BRD-K81514393,1,0,4,672.0,0.0,,672,,
BRD-K00313977,3,0,4,674.3333333333334,260.58950264523105,643.0,1008,,372.0
BRD-K61717269,4,0,4,674.75,395.393079732056,912.0,1165,132.0,490.0
digitoxin,4,0,4,675.75,422.73299788400715,908.0,1212,94.0,489.0
BRD-K05549170,3,0,4,676.3333333333334,355.51871336900894,960.0,894,175.0,
mifepristone,3,0,4,676.6666666666666,272.910648788614,632.0,1031,,367.0
BRD-K75477256,1,0,4,677.0,0.0,,677,,
dibutyrylcyclic amp,2,0,4,677.5,294.5,383.0,972,,
16beta-bromoandrosterone,1,0,4,678.0,0.0,,678,,
medrysone,3,0,4,678.0,292.64426641686777,617.0,1063,,354.0
BRD-K81795824,4,0,4,679.5,381.2810643082082,969.0,1100,139.0,510.0
BRD-K80334323 (norethynodrel),2,0,4,680.5,186.5,867.0,494,,
urapidil hydrochloride,2,0,4,681.5,101.5,783.0,580,,
pkcbeta inhibitor,3,0,4,681.6666666666666,476.6930062652716,424.0,1350,,271.0
tws119,4,0,4,681.75,368.8166041544225,1001.0,1051,152.0,523.0
BRD-K03015355,1,0,4,682.0,0.0,,682,,
oxaprozin,2,0,4,683.0,70.0,613.0,753,,
BRD-A61825514,3,0,4,683.3333333333334,210.18298905689034,724.0,918,,408.0
flumethasone,3,0,4,683.3333333333334,322.7758079878699,593.0,1116,,341.0
np-001236,3,0,4,683.3333333333334,289.9475048272628,625.0,1064,,361.0
BRD-K35858371,1,0,4,684.0,0.0,,684,,
BRD-K49094915,3,0,4,685.6666666666666,237.6121957214224,689.0,975,,393.0
a8674,3,0,4,686.6666666666666,272.93019050462135,647.0,1039,,374.0
vu0410183-2,4,0,4,688.5,459.6577531163812,822.0,1357,116.0,459.0
ly 225910,1,0,4,689.0,0.0,,689,,
fluticasone propionate,3,0,4,689.3333333333334,186.13495701297546,770.0,866,,432.0
mst- 312,3,0,4,690.0,162.5074357273127,829.0,779,,462.0
c1386,1,0,4,691.0,0.0,,691,,
troglitazone,2,0,4,691.5,492.5,199.0,1184,,
digitoxigenin,3,0,4,691.6666666666666,217.32361941481548,726.0,939,,410.0
digoxigenin,3,0,4,691.6666666666666,163.43058329319993,840.0,771,,464.0
clioquinol,1,0,4,692.0,0.0,,692,,
c-1,2,0,4,693.5,53.5,640.0,747,,
ym-155,4,0,4,693.5,468.99920042575764,804.0,1392,127.0,451.0
fluorometholone,2,0,4,694.5,345.5,349.0,1040,,
apigenin triacetate,1,0,4,695.0,0.0,,695,,
BRD-K56196992,3,0,4,697.3333333333334,189.78994236318798,775.0,881,,436.0
norgestimate,2,0,4,699.0,186.0,513.0,885,,
tw 37,3,0,4,699.3333333333334,349.2242196004675,587.0,1172,,339.0
inhibitor bec hydrochloride,3,0,4,700.3333333333334,307.09101075884473,629.0,1107,,365.0
r(+)-6-bromo-apb,2,0,4,702.0,35.0,737.0,667,,
dppe fumarate,1,0,4,704.0,0.0,,704,,
betamethasone acetate,3,0,4,704.3333333333334,458.2185310768457,480.0,1343,,290.0
am580,2,0,4,704.5,30.5,674.0,735,,
BRD-K95196255,4,0,4,705.25,504.61043142210207,791.0,1474,112.0,444.0
BRD-K28120860,1,0,4,706.0,0.0,,706,,
sb 216763,3,0,4,706.0,167.88289569419115,862.0,783,,473.0
ncgc00241077-01,3,0,4,706.6666666666666,187.63321193813803,794.0,880,,446.0
BRD-K92980438,1,0,4,708.0,0.0,,708,,
cay10618,3,0,4,708.0,347.588837565305,601.0,1177,,346.0
emetine hydrochloride,3,0,4,709.0,171.67993476233616,855.0,804,,468.0
hy-10161,3,0,4,709.0,527.3916950426884,412.0,1450,,265.0
BRD-U37049823,3,0,4,710.0,352.1940752861505,599.0,1186,,345.0
"brl 37344, sodium salt",2,0,4,711.0,235.0,476.0,946,,
zm 39923 hydrochloride,1,0,4,711.0,0.0,,711,,
BRD-K32927008,1,0,4,712.0,0.0,,712,,
valdecoxib,3,0,4,712.3333333333334,170.86902066267666,895.0,758,,484.0
BRD-A50388635,3,0,4,712.6666666666666,208.3911919657088,772.0,933,,433.0
brefeldin a,3,0,4,713.0,361.4332580159164,594.0,1203,,342.0
ncgc00238427-01,2,0,4,713.0,137.0,576.0,850,,
pregnenolone succinate,1,0,4,714.0,0.0,,714,,
BRD-K82837433,3,0,4,714.3333333333334,316.4177969429378,639.0,1134,,370.0
arg-a1-22 brd-k91349888,3,0,4,714.3333333333334,346.6346139028178,611.0,1181,,351.0
homoharringtonine,4,0,4,714.75,513.3363298072717,811.0,1491,103.0,454.0
celecoxib,1,0,4,715.0,0.0,,715,,
enrofloxacin,1,0,4,716.0,0.0,,716,,
BRD-K61496577 (flumethasone),2,0,4,716.5,130.5,586.0,847,,
BRD-K66634822,2,0,4,716.5,43.5,760.0,673,,
jnj 10191584 maleate,1,0,4,718.0,0.0,,718,,
u-0126,2,0,4,718.0,232.0,486.0,950,,
mosapride,2,0,4,718.5,156.5,875.0,562,,
lanatoside c,3,0,4,719.0,240.69205775568636,734.0,1006,,417.0
fu jmbii127b,2,0,4,721.0,325.0,396.0,1046,,
BRD-U32049204,2,0,4,721.5,166.5,555.0,888,,
BRD-K22215695,2,0,4,722.0,18.0,704.0,740,,
stk222600,2,0,4,722.5,140.5,582.0,863,,
19-norethindrone,2,0,4,723.0,47.0,676.0,770,,
rev-5901,2,0,4,723.0,242.0,481.0,965,,
ag 825,1,0,4,725.0,0.0,,725,,
ac-1121,1,0,4,726.0,0.0,,726,,
BRD-K46373671,2,0,4,726.5,58.5,668.0,785,,
ver155008,2,0,4,727.0,18.0,745.0,709,,
s1458,2,0,4,728.0,253.0,475.0,981,,
BRD-K15716662,2,0,4,730.5,444.5,286.0,1175,,
nnc 711,2,0,4,730.5,92.5,638.0,823,,
BRD-A51777634,3,0,4,731.0,450.7334763101878,527.0,1356,,310.0
BRD-K83355732,1,0,4,732.0,0.0,,732,,
calpeptin,2,0,4,732.5,230.5,963.0,502,,
purvalanol a,3,0,4,732.6666666666666,218.02497308539884,786.0,969,,443.0
benzamil hydrochloride,1,0,4,734.0,0.0,,734,,
zardaverine,2,0,4,736.0,151.0,585.0,887,,
jte 013,2,0,4,736.5,89.5,826.0,647,,
azasetron,1,0,4,737.0,0.0,,737,,
np-000732,3,0,4,738.0,217.55152646365565,797.0,970,,447.0
vu0424182-2,1,0,4,739.0,0.0,,739,,
BRD-K05649647,3,0,4,739.3333333333334,180.4001724561876,920.0,805,,493.0
BRD-K14788918,3,0,4,744.0,317.5919814269036,680.0,1161,,391.0
dexamethasone acetate,2,0,4,744.5,58.5,803.0,686,,
BRD-K19922318,1,0,4,745.0,0.0,,745,,
diphenyleneiodonium chloride,3,0,4,747.3333333333334,271.9734464162918,738.0,1085,,419.0
formoterol,1,0,4,748.0,0.0,,748,,
mbcq,2,0,4,748.5,286.5,462.0,1035,,
BRD-K14328427,1,0,4,749.0,0.0,,749,,
BRD-K03176945,1,0,4,750.0,0.0,,750,,
ncgc00184834-01,3,0,4,750.0,184.37642654815355,934.0,818,,498.0
mls-0454415.0001,3,0,4,750.3333333333334,569.2160300702088,589.0,1514,148.0,
delta1-hydrocortisone 21-hemisuccinate,2,0,4,750.5,197.5,553.0,948,,
BRD-A80383043,1,0,4,751.0,0.0,,751,,
etodolac,2,0,4,753.0,38.0,715.0,791,,
BRD-K36055864 (cycloheximide),3,0,4,755.0,288.7224734354198,731.0,1120,,414.0
BRD-U82589721,3,0,4,755.3333333333334,207.23952861899252,854.0,945,,467.0
ncgc00242279-01,2,0,4,755.5,191.5,564.0,947,,
s1042,2,0,4,755.5,59.5,696.0,815,,
BRD-U25771771,3,0,4,755.6666666666666,215.13458320058373,830.0,974,,463.0
hts 12526,1,0,4,756.0,0.0,,756,,
BRD-K89059493,1,0,4,759.0,0.0,,759,,
pnu 74654,3,0,4,759.0,420.2864102807354,598.0,1335,,344.0
s1039,1,0,4,760.0,0.0,,760,,
w-7 hydrochloride,2,0,4,760.5,402.5,358.0,1163,,
carmofur,1,0,4,761.0,0.0,,761,,
s6005,2,0,4,761.0,334.0,427.0,1095,,
BRD-K96704648,2,0,4,763.0,253.0,510.0,1016,,
exemestane,2,0,4,763.0,69.0,832.0,694,,
metaxalone,1,0,4,763.0,0.0,,763,,
BRD-A43155244,4,0,4,764.5,601.1578411698545,782.0,1722,114.0,440.0
s1084,1,0,4,765.0,0.0,,765,,
BRD-K77547509,3,0,4,766.0,380.5951479809834,644.0,1281,,373.0
lovastatin,2,0,4,766.0,174.0,592.0,940,,
atpa,1,0,4,767.0,0.0,,767,,
cmpd-1,3,0,4,767.3333333333334,280.0837176432948,762.0,1113,,427.0
BRD-K53816294,1,0,4,768.0,0.0,,768,,
BRD-K87779281,1,0,4,769.0,0.0,,769,,
tropisetron hcl,2,0,4,770.0,435.0,335.0,1205,,
BRD-K13665914,2,0,4,770.5,509.5,261.0,1280,,
aminopurvalanol a,3,0,4,770.6666666666666,200.8022797568682,901.0,924,,487.0
gr 46611,2,0,4,771.5,114.5,886.0,657,,
npc 15199,2,0,4,773.5,420.5,353.0,1194,,
cgs 12066b,3,0,4,773.6666666666666,542.0998268051949,492.0,1532,,297.0
pioglitazone hydrochloride,2,0,4,774.5,77.5,697.0,852,,
luteolin,1,0,4,775.0,0.0,,775,,
tpca-1,3,0,4,775.3333333333334,287.091545600973,765.0,1132,,429.0
rk-682,2,0,4,776.5,249.5,1026.0,527,,
BRD-K14711204,2,0,4,778.0,299.0,479.0,1077,,
BRD-K18726304,3,0,4,778.3333333333334,299.37416202619903,753.0,1157,,425.0
BRD-K72615639,3,0,4,778.6666666666666,301.06182458462285,752.0,1160,,424.0
fti-276 trifluoroacetate,1,0,4,780.0,0.0,,780,,
BRD-K41845021,1,0,4,781.0,0.0,,781,,
phenolphthalein,1,0,4,782.0,0.0,,782,,
emetine dihydrochloride hydrate (74),3,0,4,783.3333333333334,420.40086689835556,628.0,1358,,364.0
mls-0435534.0001,1,0,4,784.0,0.0,,784,,
BRD-K16331660,1,0,4,786.0,0.0,,786,,
BRD-K58972465,2,0,4,787.5,60.5,727.0,848,,
799264-48-5 mls-0425609,1,0,4,788.0,0.0,,788,,
ethisterone,1,0,4,789.0,0.0,,789,,
atorvastatin,2,0,4,789.5,48.5,838.0,741,,
o-2050,1,0,4,790.0,0.0,,790,,
t542500,3,0,4,790.3333333333334,286.615111643162,785.0,1144,,442.0
1495-0136,1,0,4,792.0,0.0,,792,,
indatraline,2,0,4,794.0,320.0,474.0,1114,,
s1095,2,0,4,794.5,361.5,433.0,1156,,
BRD-K89784888,1,0,4,796.0,0.0,,796,,
cay10594,3,0,4,797.0,369.37063590202547,703.0,1289,,399.0
BRD-K54687541,3,0,4,797.3333333333334,211.06765634638472,938.0,955,,499.0
BRD-K38634661,2,0,4,798.0,111.0,687.0,909,,
n-desmethylclozapine,1,0,4,799.0,0.0,,799,,
bx-795,3,0,4,799.6666666666666,246.34709027891702,861.0,1066,,472.0
gbr 13069 dihydrochloride,1,0,4,801.0,0.0,,801,,
BRD-K81538844,2,0,4,802.0,189.0,991.0,613,,
ncgc00238536-01,1,0,4,803.0,0.0,,803,,
BRD-K45435259,2,0,4,805.5,170.5,635.0,976,,
splitomicin,1,0,4,806.0,0.0,,806,,
eugenol,1,0,4,807.0,0.0,,807,,
zm 336372,4,0,4,809.5,499.66263618565677,1108.0,1438,140.0,552.0
BRD-K39757396,1,0,4,812.0,0.0,,812,,
BRD-A75409952 (wortmannin),3,0,4,813.6666666666666,215.13768201368683,1063.0,840,,538.0
bufalin,3,0,4,813.6666666666666,376.1580637031312,720.0,1314,,407.0
BRD-K57080016,3,0,4,814.0,263.29577791272436,860.0,1111,,471.0
BRD-K69569876,1,0,4,814.0,0.0,,814,,
isoreserpine,2,0,4,814.0,5.0,809.0,819,,
pivmecillinam hydrochloride,2,0,4,814.5,485.5,329.0,1300,,
BRD-K19540840,2,0,4,815.5,59.5,756.0,875,,
BRD-K80348542,3,0,4,816.6666666666666,402.9965536108494,694.0,1360,,396.0
norpramin,1,0,4,817.0,0.0,,817,,
BRD-K08307026,3,0,4,818.6666666666666,370.0831738346875,732.0,1309,,415.0
BRD-A43640821,2,0,4,819.5,354.5,465.0,1174,,
t3205,2,0,4,819.5,396.5,423.0,1216,,
sch 58261,2,0,4,820.0,97.0,723.0,917,,
ikk inhibitor x,2,0,4,821.0,139.0,682.0,960,,
methylandrostenediol,1,0,4,821.0,0.0,,821,,
piroxicam,2,0,4,821.5,523.5,298.0,1345,,
cinobufagin,3,0,4,822.0,312.22214313957085,802.0,1214,,450.0
ikk 16,3,0,4,822.6666666666666,400.7612201243473,707.0,1361,,400.0
BRD-K25979535,1,0,4,824.0,0.0,,824,,
strophanthidin,4,0,4,824.75,534.3067354057966,1100.0,1528,120.0,551.0
gr 32191 hydrochloride,1,0,4,825.0,0.0,,825,,
as605240,3,0,4,826.0,302.94994085932194,820.0,1200,,458.0
zd 2079 hydrochloride,1,0,4,826.0,0.0,,826,,
GSK1059615,2,0,4,827.5,248.5,1076.0,579,,
ho-013,1,0,4,828.0,0.0,,828,,
pkc-412,2,0,4,828.0,295.0,533.0,1123,,
ncgc00183371-01,3,0,4,828.3333333333334,215.91098989063886,1002.0,959,,524.0
danazol,3,0,4,829.3333333333334,403.799730339462,712.0,1372,,404.0
"mapp, d-erythro",1,0,4,830.0,0.0,,830,,
vx-680,3,0,4,830.0,511.4241553414022,604.0,1538,,348.0
gitoxigenin,3,0,4,830.3333333333334,223.78908721283875,980.0,997,,514.0
inca-6,1,0,4,832.0,0.0,,832,,
itavastatin ca,3,0,4,832.0,391.80692524082144,729.0,1355,,412.0
tyrphostin ag 1478,3,0,4,832.0,271.4000736919576,878.0,1139,,479.0
BRD-A31107743,3,0,4,832.6666666666666,459.63487924897765,655.0,1463,,380.0
primaquine diphosphate,1,0,4,833.0,0.0,,833,,
anisomycin,3,0,4,833.3333333333334,465.84141316785286,650.0,1473,,377.0
dibenzepine hydrochloride,1,0,4,834.0,0.0,,834,,
BRD-K25690923,2,0,4,834.5,283.5,551.0,1118,,
BRD-K42489623,3,0,4,836.0,951.3362532073854,217.0,2180,111.0,
su11652,3,0,4,836.0,426.10405614904283,698.0,1413,,397.0
gm6001,1,0,4,837.0,0.0,,837,,
ranolazine,1,0,4,838.0,0.0,,838,,
BRD-K06405410,2,0,4,838.5,189.5,1028.0,649,,
BRD-K42644990,2,0,4,838.5,157.5,681.0,996,,
nadolol,2,0,4,838.5,5.5,833.0,844,,
skf 81297 hydrobromide,2,0,4,839.0,148.0,691.0,987,,
ritodrine hydrochloride,2,0,4,839.5,41.5,881.0,798,,
vu0418946-2,3,0,4,839.6666666666666,283.8383734138537,872.0,1170,,477.0
jfd02227,1,0,4,842.0,0.0,,842,,
BRD-K23149109,2,0,4,842.5,370.5,472.0,1213,,
ncgc00182357-01,2,0,4,842.5,286.5,556.0,1129,,
estradiol benzoate,2,0,4,844.0,304.0,540.0,1148,,
topotecan hcl,3,0,4,844.3333333333334,344.0836461611559,798.0,1287,,448.0
bl-076,2,0,4,844.5,188.5,1033.0,656,,
ly-294002,1,0,4,845.0,0.0,,845,,
BRD-K04923131,3,0,4,846.0,230.03622903070433,996.0,1021,,521.0
BRD-K63712590,1,0,4,846.0,0.0,,846,,
bg fa 0953,3,0,4,846.0,430.87430495060465,708.0,1429,,401.0
emetine,3,0,4,846.0,224.2870184978762,1014.0,995,,529.0
meclocycline sulfosalicylate,2,0,4,849.5,478.5,371.0,1328,,
ncgc00165188-01,3,0,4,849.6666666666666,690.2522888207052,448.0,1821,,280.0
malonoben,3,0,4,850.3333333333334,369.2517960537076,779.0,1334,,438.0
sb 205607,1,0,4,851.0,0.0,,851,,
pd 158780,2,0,4,853.5,423.5,430.0,1277,,
kf 38789,3,0,4,855.0,232.0474089491197,1010.0,1028,,527.0
lupanine perchlorate,1,0,4,855.0,0.0,,855,,
BRD-K01868942,2,0,4,855.5,79.5,935.0,776,,
ncgc00167097-01,1,0,4,856.0,0.0,,856,,
BRD-K26664453,3,0,4,856.3333333333334,227.48235584814535,1090.0,931,,548.0
BRD-A80960055,3,0,4,857.0,429.93332816457325,725.0,1437,,409.0
BRD-K88329126,2,0,4,857.0,197.0,660.0,1054,,
bifemelane hydrochloride,1,0,4,858.0,0.0,,858,,
"2,5-dideoxyadenosine",1,0,4,859.0,0.0,,859,,
a112550.cdx,2,0,4,860.0,198.0,662.0,1058,,
salsolinol hydrobromide,1,0,4,860.0,0.0,,860,,
trazodone hydrochloride,2,0,4,860.5,159.5,701.0,1020,,
bu 239 hydrochloride,1,0,4,861.0,0.0,,861,,
chlorthalidone,1,0,4,862.0,0.0,,862,,
pik-90,3,0,4,862.3333333333334,249.6735646577124,981.0,1091,,515.0
mycophenolate mofetil,2,0,4,862.5,214.5,1077.0,648,,
tamoxifen citrate,3,0,4,864.3333333333334,623.6886687727743,539.0,1737,,317.0
ouabain,3,0,4,865.3333333333334,277.8420814459578,931.0,1168,,497.0
carbamazepine,3,0,4,866.0,506.8576394478697,654.0,1565,,379.0
pterostilbene,1,0,4,867.0,0.0,,867,,
BRD-K71382703,1,0,4,868.0,0.0,,868,,
antimycin a,2,0,4,868.0,366.0,502.0,1234,,
flecainide acetate,1,0,4,869.0,0.0,,869,,
gr-108,2,0,4,870.0,360.0,1230.0,510,,
nsc 23766,3,0,4,870.0,237.60050504996826,1035.0,1041,,534.0
sb 222200,2,0,4,871.5,90.5,781.0,962,,
prozac,1,0,4,872.0,0.0,,872,,
trimipramine maleate salt,2,0,4,872.0,275.0,597.0,1147,,
kuc104495 kuc104495n,2,0,4,873.0,395.0,1268.0,478,,
uzi/1930680,1,0,4,873.0,0.0,,873,,
cytarabine,2,0,4,873.5,579.5,294.0,1453,,
BRD-K28907958,3,0,4,876.3333333333334,402.2191221488882,780.0,1410,,439.0
verteporfin,1,0,4,877.0,0.0,,877,,
biperiden hydrochloride,2,0,4,878.0,167.0,711.0,1045,,
hy-50767,2,0,4,878.0,212.0,666.0,1090,,
lasalocid sodium,3,0,4,878.3333333333334,616.290696199628,567.0,1739,,329.0
BRD-K09186807,2,0,4,880.0,41.0,921.0,839,,
flunisolide,3,0,4,880.0,531.5392741839496,649.0,1615,,376.0
BRD-K84762162,2,0,4,881.5,189.5,692.0,1071,,
benazepril hydrochloride,2,0,4,881.5,62.5,819.0,944,,
indirubin-3-oxime,2,0,4,881.5,297.5,584.0,1179,,
megestrol acetate,1,0,4,882.0,0.0,,882,,
sid 26681509,4,0,4,882.5,586.6900800252208,1071.0,1738,181.0,540.0
BRD-A81530502,3,0,4,882.6666666666666,347.4491169781395,858.0,1320,,470.0
ncgc00180994-01,1,0,4,883.0,0.0,,883,,
pac 1,3,0,4,883.6666666666666,495.5275527713424,693.0,1563,,395.0
miochol,1,0,4,884.0,0.0,,884,,
BRD-K82594686,2,0,4,885.0,312.0,573.0,1197,,
wortmannin,3,0,4,885.0,327.42734563054853,889.0,1284,,482.0
BRD-K12401458,2,0,4,885.5,108.5,777.0,994,,
imd 0354,4,0,4,885.75,663.8303152914907,961.0,1923,153.0,506.0
BRD-K94841585,2,0,4,887.5,441.5,446.0,1329,,
s1176,2,0,4,888.0,200.0,688.0,1088,,
epicatechin monogallate,1,0,4,889.0,0.0,,889,,
gsk-3 inhibitor ii,2,0,4,889.0,40.0,849.0,929,,
sericetin,1,0,4,891.0,0.0,,891,,
cimetidine,1,0,4,892.0,0.0,,892,,
ei-231,2,0,4,892.0,367.0,525.0,1259,,
(-)-gallocatechin gallate,3,0,4,892.3333333333334,389.3587320482516,818.0,1402,,457.0
BRD-K53308430,2,0,4,893.0,122.0,771.0,1015,,
BRD-K97936712,1,0,4,893.0,0.0,,893,,
BRD-K23478508 (digoxin),4,0,4,893.25,571.4080744091739,1248.0,1605,131.0,589.0
BRD-A95445494,2,0,4,893.5,542.5,351.0,1436,,
CHIR-99021,3,0,4,894.3333333333334,602.7914693785534,602.0,1734,,347.0
BRD-K06750613,3,0,4,895.0,287.8437075914636,970.0,1204,,511.0
BRD-K17025677,1,0,4,895.0,0.0,,895,,
methylene blue,3,0,4,895.0,272.2168253433281,999.0,1164,,522.0
phensuximide,1,0,4,896.0,0.0,,896,,
BRD-U29336476,3,0,4,896.3333333333334,281.90108588336835,983.0,1190,,516.0
cymarin,3,0,4,896.6666666666666,425.5696835484825,784.0,1465,,441.0
retinoic acid,3,0,4,897.0,390.54065089309205,823.0,1408,,460.0
sib 1757,1,0,4,897.0,0.0,,897,,
BRD-K64642496,3,0,4,897.3333333333334,499.4078716061875,709.0,1581,,402.0
esculin hydrate,1,0,4,898.0,0.0,,898,,
mevastatin,3,0,4,898.6666666666666,456.04117747803826,755.0,1515,,426.0
BRD-K89558221,2,0,4,899.0,338.0,561.0,1237,,
"androsta-1,4-dien-3,17-dione",2,0,4,899.0,299.0,600.0,1198,,
bumetanide,1,0,4,899.0,0.0,,899,,
ncgc00183415-01,1,0,4,900.0,0.0,,900,,
BRD-K22631935,1,0,4,901.0,0.0,,901,,
cc-100,2,0,4,901.0,135.0,1036.0,766,,
BRD-K76079827,2,0,4,902.0,196.0,706.0,1098,,
methiothepin maleate,1,0,4,902.0,0.0,,902,,
hki-272,3,0,4,902.6666666666666,443.8020079069294,774.0,1499,,435.0
BRD-K43620258,4,0,4,904.5,612.8460247076748,1086.0,1807,179.0,546.0
stk397047,3,0,4,905.3333333333334,532.9898894183849,684.0,1640,,392.0
BRD-A10330754,1,0,4,906.0,0.0,,906,,
dichlorobenzamil,2,0,4,907.5,206.5,1114.0,701,,
curcumin,4,0,4,908.25,593.5896625616049,1181.0,1721,159.0,572.0
BRD-K18724229,3,0,4,909.0,413.10773413239315,816.0,1455,,456.0
s1122,3,0,4,909.3333333333334,294.625562744006,984.0,1227,,517.0
BRD-K32112425,1,0,4,910.0,0.0,,910,,
BRD-K20914082,1,0,4,912.0,0.0,,912,,
ncgc00182327-02,2,0,4,912.5,309.5,603.0,1222,,
immethridine dihydrobromide,1,0,4,914.0,0.0,,914,,
BRD-K19181733,3,0,4,915.0,780.167076123228,450.0,2014,,281.0
BRD-K01436366,3,0,4,915.3333333333334,373.71498349529537,877.0,1391,,478.0
BRD-K76042595,2,0,4,915.5,88.5,827.0,1004,,
etanidazole,1,0,4,916.0,0.0,,916,,
ag-879,3,0,4,916.3333333333334,371.0762125972986,882.0,1387,,480.0
dexamethasone,3,0,4,918.6666666666666,462.6548989857944,776.0,1543,,437.0
BRD-K15563106,3,0,4,920.6666666666666,360.2678016266356,904.0,1370,,488.0
BRD-K24051260,1,0,4,921.0,0.0,,921,,
zaprinast,1,0,4,922.0,0.0,,922,,
rhodomyrtoxin b,3,0,4,922.3333333333334,500.8727937865617,741.0,1606,,420.0
BRD-K40175214,3,0,4,922.6666666666666,329.0768231819974,956.0,1308,,504.0
yc-1,3,0,4,922.6666666666666,726.052951849167,520.0,1942,,306.0
BRD-K35389996,1,0,4,923.0,0.0,,923,,
BRD-K85318537 (obaa),2,0,4,923.0,110.0,813.0,1033,,
gr-207,2,0,4,923.5,87.5,1011.0,836,,
oxindole i,2,0,4,924.0,444.0,1368.0,480,,
BRD-K90735586,2,0,4,924.5,58.5,866.0,983,,
vu0418939-2,3,0,4,925.0,371.6638265960248,896.0,1394,,485.0
BRD-K88278225,2,0,4,926.0,379.0,547.0,1305,,
glycopyrrolate,2,0,4,926.5,105.5,821.0,1032,,
clonidine hydrochloride,1,0,4,927.0,0.0,,927,,
lonidamine,3,0,4,927.0,355.60183726559495,922.0,1365,,494.0
ncgc00242267-03,1,0,4,928.0,0.0,,928,,
BRD-A01317026,1,0,4,930.0,0.0,,930,,
cercosporin,4,0,4,930.0,678.509027205976,1038.0,1977,170.0,535.0
BRD-K52911425,2,0,4,932.5,47.5,885.0,980,,
mk 212,2,0,4,934.0,147.0,787.0,1081,,
BRD-K81473043,4,0,4,935.75,760.5601143236477,962.0,2149,125.0,507.0
lidoflazine,1,0,4,936.0,0.0,,936,,
BRD-K68174511,3,0,4,936.3333333333334,561.4756351694069,700.0,1711,,398.0
altrenogest,3,0,4,937.0,496.7299735939705,768.0,1612,,431.0
decitabine,1,0,4,937.0,0.0,,937,,
forskolin,2,0,4,937.5,332.5,605.0,1270,,
ag-490,1,0,4,938.0,0.0,,938,,
ru 24969,2,0,4,938.5,381.5,1320.0,557,,
ftt,2,0,4,939.0,39.0,900.0,978,,
hy-11004,2,0,4,940.5,658.5,282.0,1599,,
BRD-K53423944,3,0,4,941.0,344.5373709773731,964.0,1351,,508.0
jak3 inhibitor v,1,0,4,941.0,0.0,,941,,
mls-0315926 mls-0315926,1,0,4,942.0,0.0,,942,,
carbacyclin,1,0,4,943.0,0.0,,943,,
BRD-K77830450 (forskolin),2,0,4,943.5,19.5,924.0,963,,
s1118,2,0,4,943.5,200.5,1144.0,743,,
BRD-K50140147,3,0,4,944.6666666666666,416.01308740097215,871.0,1487,,476.0
v4877,3,0,4,946.3333333333334,378.3977918657677,923.0,1421,,495.0
garcinol,2,0,4,947.5,911.5,36.0,1859,,
hts 10859,2,0,4,948.5,413.5,535.0,1362,,
sb 218078,3,0,4,948.6666666666666,274.13662449386237,1139.0,1146,,561.0
BRD-K97764662,2,0,4,949.5,205.5,744.0,1155,,
resveratrol,2,0,4,949.5,180.5,769.0,1130,,
cp 93129 dihydrochloride,2,0,4,950.5,344.5,606.0,1295,,
(-)-cotinine,2,0,4,951.5,290.5,661.0,1242,,
BRD-K82857306,1,0,4,952.0,0.0,,952,,
ncgc00189555-02,2,0,4,952.0,266.0,686.0,1218,,
tg101348,3,0,4,952.0,324.173821686247,1013.0,1315,,528.0
manumycin a,4,0,4,953.0,708.5227589852001,1113.0,2020,126.0,553.0
nonoxynol-9,3,0,4,954.3333333333334,666.8479753453723,621.0,1885,,357.0
BRD-K56515112 (medrysone),2,0,4,955.0,98.0,1053.0,857,,
vu0418947-2,3,0,4,955.0,351.50343763136465,979.0,1373,,513.0
carbazol-9-yl-p-tolyl-methanone,3,0,4,958.6666666666666,562.622628608397,730.0,1733,,413.0
BRD-K60219430,3,0,4,962.0,374.3696925055054,959.0,1422,,505.0
promazine hydrochloride,3,0,4,962.3333333333334,550.5635496672679,747.0,1718,,422.0
angiogenesis inhibitor,3,0,4,963.6666666666666,768.4704866739444,534.0,2043,,314.0
pf 750,3,0,4,964.6666666666666,509.6379978856452,792.0,1657,,445.0
s1527,1,0,4,967.0,0.0,,967,,
chr 2797,4,0,4,967.5,666.206236836612,1210.0,1922,158.0,580.0
BRD-K40300908,2,0,4,968.0,57.0,1025.0,911,,
arecaidine propargyl ester tosylate,1,0,4,968.0,0.0,,968,,
bisindolylmaleimide iv,2,0,4,969.0,304.0,665.0,1273,,
cccp,3,0,4,969.0,311.52206984417654,1081.0,1282,,544.0
leflunomide,2,0,4,969.0,437.0,1406.0,532,,
BRD-K04853698,4,0,4,969.5,699.5260895777941,1162.0,2006,142.0,568.0
12k-613s,2,0,4,970.5,141.5,1112.0,829,,
prima-1 met,1,0,4,971.0,0.0,,971,,
4-demethoxydaunorubicin hydrochloride (65),3,0,4,972.0,486.78605841444005,828.0,1627,,461.0
vorinostat,4,0,4,972.75,606.0789449403436,1432.0,1670,167.0,622.0
BRD-K07005393,2,0,4,973.0,244.0,1217.0,729,,
BRD-K69496360,1,0,4,973.0,0.0,,973,,
mebendazole,3,0,4,973.3333333333334,408.58237303578767,930.0,1494,,496.0
taxifolin-(+/-),2,0,4,974.5,122.5,852.0,1097,,
clofarabine,3,0,4,975.6666666666666,550.8516638402352,767.0,1730,,430.0
vu0418934-2,3,0,4,976.0,440.3460760205167,893.0,1552,,483.0
embelin,1,0,4,977.0,0.0,,977,,
endecaphyllin x,2,0,4,977.0,34.0,943.0,1011,,
s1170,3,0,4,978.3333333333334,513.6096658834302,808.0,1675,,452.0
"clomiphene citrate (z,e)",1,0,4,979.0,0.0,,979,,
vu0365114-2,2,0,4,979.0,168.0,1147.0,811,,
oxibendazole,2,0,4,979.5,337.5,642.0,1317,,
naloxone hydrochloride,2,0,4,982.0,146.0,836.0,1128,,
odq,1,0,4,982.0,0.0,,982,,
BRD-K15916856,2,0,4,982.5,92.5,890.0,1075,,
irinotecan hydrochloride trihydrate,4,0,4,983.25,729.089972157072,1073.0,2124,195.0,541.0
paroxetine hydrochloride,3,0,4,983.6666666666666,565.1432463445784,764.0,1759,,428.0
buddleoflavonoloside,1,0,4,984.0,0.0,,984,,
BRD-K35004659,3,0,4,985.6666666666666,706.4202400523045,624.0,1973,,360.0
BRD-A63583287,4,0,4,986.5,715.5314458498661,1204.0,2035,130.0,577.0
bay 11-7821,4,0,4,988.25,647.4316083572071,1311.0,1863,177.0,602.0
BRD-K19724398,3,0,4,988.6666666666666,438.2155735353194,916.0,1558,,492.0
ncgc00012852-02,1,0,4,989.0,0.0,,989,,
periplocymarin,3,0,4,989.0,461.5719517763906,888.0,1598,,481.0
s1085,3,0,4,989.0,569.9777773445792,1277.0,1497,193.0,
salmeterol,3,0,4,989.6666666666666,563.3852047124498,773.0,1762,,434.0
securinine,3,0,4,990.6666666666666,799.8634605703373,757.0,2066,149.0,
naltrexone hydrochloride dihydrate,1,0,4,991.0,0.0,,991,,
u0126,2,0,4,991.0,140.0,851.0,1131,,
cyclosporine,3,0,4,994.0,421.2908733879717,949.0,1531,,502.0
salermide,4,0,4,995.25,705.440420942832,1241.0,2012,141.0,587.0
dienestrol,2,0,4,996.0,282.0,714.0,1278,,
ncgc00183412-01,2,0,4,996.0,629.0,367.0,1625,,
ncgc00183255-01,3,0,4,997.3333333333334,373.80595084734654,1017.0,1445,,530.0
BRD-K74797618,4,0,4,997.5,751.6876013344905,1132.0,2151,151.0,556.0
BRD-K10705233,3,0,4,999.0,500.8818889385667,857.0,1671,,469.0
rondual-kinase-inhibitor,1,0,4,999.0,0.0,,999,,
penicillin g potassium,2,0,4,1000.0,49.0,1049.0,951,,
ntncb hydrochloride,3,0,4,1000.3333333333334,659.3493425761154,690.0,1917,,394.0
nafronyl oxalate,1,0,4,1001.0,0.0,,1001,,
BRD-K31851742,2,0,4,1002.0,83.0,1085.0,919,,
BRD-K74126469,1,0,4,1002.0,0.0,,1002,,
r406,3,0,4,1002.6666666666666,363.81710912062516,1046.0,1425,,537.0
cytosporone b,1,0,4,1003.0,0.0,,1003,,
BRD-K98426715,1,0,4,1005.0,0.0,,1005,,
h-9 dihydrochloride,1,0,4,1007.0,0.0,,1007,,
BRD-K90999434,3,0,4,1007.3333333333334,801.0744174059125,563.0,2132,,327.0
progesterone,2,0,4,1008.0,323.0,685.0,1331,,
riboflavine,2,0,4,1008.5,183.5,825.0,1192,,
bml-190,1,0,4,1009.0,0.0,,1009,,
dipropyldopamine,1,0,4,1010.0,0.0,,1010,,
sb 205384,2,0,4,1010.0,127.0,883.0,1137,,
gemcitabine,3,0,4,1010.3333333333334,411.40923124737435,988.0,1525,,518.0
BRD-K53903639,3,0,4,1011.6666666666666,346.8374579283821,1099.0,1386,,550.0
l 655240,1,0,4,1012.0,0.0,,1012,,
metixene hydrochloride,1,0,4,1013.0,0.0,,1013,,
ncgc00182609-01,3,0,4,1015.6666666666666,673.734039184273,1092.0,1800,155.0,
ncgc00183452-01,1,0,4,1017.0,0.0,,1017,,
BRD-K78633253,1,0,4,1018.0,0.0,,1018,,
BRD-K92981876,1,0,4,1019.0,0.0,,1019,,
BRD-K68202742 (trichostatin a),4,0,4,1019.5,704.2117934258131,1372.0,1967,128.0,611.0
BRD-K69888333,2,0,4,1019.5,102.5,917.0,1122,,
3-methyladenine,2,0,4,1023.0,1.0,1024.0,1022,,
BRD-K67870070,2,0,4,1023.5,30.5,1054.0,993,,
probucol,1,0,4,1024.0,0.0,,1024,,
cabergoline,2,0,4,1024.5,5.5,1019.0,1030,,
BRD-K52800308,1,0,4,1026.0,0.0,,1026,,
ezetimibe,2,0,4,1026.5,663.5,363.0,1690,,
BRD-K04676863,1,0,4,1027.0,0.0,,1027,,
pd 198306,3,0,4,1027.6666666666667,396.8982517248246,1039.0,1508,,536.0
podofilox,3,0,4,1028.0,491.6523161747537,914.0,1679,,491.0
scriptaid,4,0,4,1028.0,662.0630634614803,1559.0,1766,147.0,640.0
BRD-K79619196,1,0,4,1029.0,0.0,,1029,,
BRD-K84450674,2,0,4,1030.0,72.0,1102.0,958,,
at-csc-18 brd-k01121114,2,0,4,1030.5,230.5,800.0,1261,,
BRD-K44540157,2,0,4,1031.0,606.0,425.0,1637,,
maprotiline hydrochloride,2,0,4,1033.5,149.5,884.0,1183,,
pz0005,2,0,4,1035.0,200.0,835.0,1235,,
citalopram hydrobromide,2,0,4,1035.5,534.5,501.0,1570,,
BRD-K56111351,1,0,4,1036.0,0.0,,1036,,
JW55,1,0,4,1037.0,0.0,,1037,,
cladribine,2,0,4,1037.0,52.0,1089.0,985,,
eo 1428,2,0,4,1037.5,600.5,437.0,1638,,
BRD-K62310379 (fluticasone propionate),3,0,4,1038.0,542.5734973254775,868.0,1771,,475.0
BRD-K09485525,2,0,4,1038.5,62.5,976.0,1101,,
BRD-K59962020,2,0,4,1039.5,85.5,954.0,1125,,
gr 127935 hydrochloride,3,0,4,1041.3333333333333,607.2486219736435,799.0,1876,,449.0
ncgc00167107-01,2,0,4,1041.5,188.5,853.0,1230,,
r-96544 hydrochloride,1,0,4,1042.0,0.0,,1042,,
benzoxiquine,2,0,4,1045.5,702.5,343.0,1748,,
BRD-K62818989,2,0,4,1047.5,199.5,848.0,1247,,
mg-132,4,0,4,1048.25,848.1315861940292,1155.0,2368,104.0,566.0
ncgc00183696-01,3,0,4,1048.3333333333333,579.2019413718232,842.0,1838,,465.0
BRD-K00317371,4,0,4,1048.75,771.7662777680817,1314.0,2163,115.0,603.0
p5172,2,0,4,1050.5,206.5,844.0,1257,,
sinensetin,2,0,4,1051.0,349.0,702.0,1400,,
6-azauridine,2,0,4,1051.5,9.5,1042.0,1061,,
BRD-K73261812,3,0,4,1051.6666666666667,438.1790603039914,1021.0,1603,,531.0
mek1/2 inhibitor,1,0,4,1052.0,0.0,,1052,,
pj 34 hydrochloride,2,0,4,1053.0,138.0,915.0,1191,,
mirtazapine,2,0,4,1053.5,248.5,805.0,1302,,
tacrolimus,2,0,4,1053.5,134.5,919.0,1188,,
BRD-K83972459,3,0,4,1053.6666666666667,566.8217434863353,864.0,1823,,474.0
"l-690,488",3,0,4,1054.3333333333333,333.61887769662485,1239.0,1338,,586.0
paroxetine,2,0,4,1054.5,248.5,806.0,1303,,
alprostadil,1,0,4,1055.0,0.0,,1055,,
hy-50878,2,0,4,1055.0,151.0,1206.0,904,,
BRD-K70161581,3,0,4,1057.0,691.7432086162224,735.0,2018,,418.0
my-5445,1,0,4,1057.0,0.0,,1057,,
mrs 1334,2,0,4,1058.0,490.0,568.0,1548,,
mln4924,3,0,4,1058.6666666666667,511.5240843683598,940.0,1736,,500.0
chloroguanide hydrochloride,1,0,4,1059.0,0.0,,1059,,
BRD-K44241590,1,0,4,1060.0,0.0,,1060,,
BRD-K33045404,3,0,4,1061.0,625.1085239113819,1602.0,1396,185.0,
harpagoside,1,0,4,1062.0,0.0,,1062,,
sarmentogenin,3,0,4,1062.6666666666667,411.46594296760725,1087.0,1554,,547.0
ncgc00181381-01,2,0,4,1064.0,347.0,717.0,1411,,
s1053,3,0,4,1065.3333333333333,333.46797280831765,1414.0,1166,,616.0
bjm-csc-19 brd-k92817986,1,0,4,1067.0,0.0,,1067,,
stk249718,3,0,4,1067.3333333333333,497.4416772067076,971.0,1719,,512.0
BRD-K32501161,2,0,4,1067.5,230.5,837.0,1298,,
sericetin dimethyl ether,1,0,4,1068.0,0.0,,1068,,
BRD-K60297835,2,0,4,1068.5,150.5,918.0,1219,,
s1035,1,0,4,1069.0,0.0,,1069,,
amiodarone hydrochloride,2,0,4,1069.5,161.5,1231.0,908,,
BRD-K72703948,1,0,4,1070.0,0.0,,1070,,
cinanserin hydrochloride,2,0,4,1072.0,106.0,1178.0,966,,
BRD-K26818574,3,0,4,1072.3333333333333,823.5554356299008,627.0,2227,,363.0
ethacrynic acid,1,0,4,1074.0,0.0,,1074,,
BRD-A35020550,1,0,4,1076.0,0.0,,1076,,
prunetin,2,0,4,1076.0,169.0,1245.0,907,,
trichostatin a,4,0,4,1076.25,707.7218291814942,1490.0,1996,189.0,630.0
mls-0359128.0001,2,0,4,1079.0,32.0,1111.0,1047,,
sc 19220,1,0,4,1079.0,0.0,,1079,,
tremulacin,2,0,4,1079.5,170.5,909.0,1250,,
BRD-K28180706,1,0,4,1080.0,0.0,,1080,,
BRD-K74133369,2,0,4,1082.5,13.5,1069.0,1096,,
s1362,2,0,4,1082.5,156.5,926.0,1239,,
gr 55562 dihydrochloride,1,0,4,1083.0,0.0,,1083,,
BRD-K64304398,1,0,4,1084.0,0.0,,1084,,
ha-1004,2,0,4,1084.5,35.5,1120.0,1049,,
BRD-A32449311,2,0,4,1087.0,39.0,1048.0,1126,,
pifithrin- ?,4,0,4,1087.25,785.2682264678739,1303.0,2259,188.0,599.0
necrostatin-1,2,0,4,1088.5,740.5,348.0,1829,,
BRD-K60757524,1,0,4,1089.0,0.0,,1089,,
jas07 007,2,0,4,1089.0,46.0,1135.0,1043,,
artesunate,3,0,4,1089.6666666666667,418.35338597357566,1133.0,1579,,557.0
BRD-K66792149,3,0,4,1090.3333333333333,481.1162945576557,1031.0,1707,,533.0
meptazinol hydrochloride,1,0,4,1092.0,0.0,,1092,,
mln2238,4,0,4,1092.5,846.0166960527434,1281.0,2372,121.0,596.0
BRD-K76357752,1,0,4,1093.0,0.0,,1093,,
s1475,2,0,4,1093.0,128.0,965.0,1221,,
BRD-K56411643,4,0,4,1093.5,810.2889916566804,1301.0,2309,166.0,598.0
BRD-K34363599,2,0,4,1094.0,566.0,528.0,1660,,
BRD-K85275009,2,0,4,1094.0,142.0,952.0,1236,,
BRD-K94580036,1,0,4,1094.0,0.0,,1094,,
s1014,2,0,4,1094.5,389.5,705.0,1484,,
amsacrine,3,0,4,1095.3333333333333,754.690812334576,1152.0,1990,144.0,
azathioprine,2,0,4,1095.5,13.5,1109.0,1082,,
piplartine,4,0,4,1097.25,791.5189116502523,1369.0,2247,163.0,610.0
nocodazole,2,0,4,1098.0,196.0,902.0,1294,,
BRD-K72264770,2,0,4,1099.0,249.0,850.0,1348,,
clobetasol propionate,3,0,4,1099.0,459.01053001719544,1083.0,1669,,545.0
levonorgestrel,2,0,4,1099.5,252.5,847.0,1352,,
"vegf receptor 3 kinase inhibitor, maz51",2,0,4,1100.5,235.5,865.0,1336,,
BRD-K45044657,2,0,4,1101.5,188.5,913.0,1290,,
ucl 2077,1,0,4,1102.0,0.0,,1102,,
tc 2559 difumarate,2,0,4,1103.5,472.5,631.0,1576,,
BRD-K54256913,3,0,4,1104.3333333333333,417.8630823075371,1160.0,1586,,567.0
docetaxel,2,0,4,1105.0,365.0,740.0,1470,,
lumicolchicine gamma,1,0,4,1105.0,0.0,,1105,,
kn-62,2,0,4,1105.5,119.5,986.0,1225,,
BRD-K06436323,1,0,4,1106.0,0.0,,1106,,
teniposide,3,0,4,1107.6666666666667,531.8247413909544,995.0,1808,,520.0
aminoglutethimide,1,0,4,1108.0,0.0,,1108,,
proscillaridin a,3,0,4,1108.0,378.3287811767255,1251.0,1483,,590.0
tetrindole mesylate,2,0,4,1108.0,144.0,1252.0,964,,
pipamperone,2,0,4,1108.5,663.5,445.0,1772,,
BRD-K74711637,2,0,4,1109.0,170.0,939.0,1279,,
GSK-J4,1,0,4,1109.0,0.0,,1109,,
cot-10b,3,0,4,1109.3333333333333,449.51405861095037,1117.0,1656,,555.0
isotretinoin,1,0,4,1110.0,0.0,,1110,,
triamcinolone,1,0,4,1112.0,0.0,,1112,,
BRD-K94325918,4,0,4,1112.75,868.6717950411421,1298.0,2432,124.0,597.0
milrinone,2,0,4,1113.0,254.0,859.0,1367,,
bjm-ctd2-9,4,0,4,1113.25,818.5356971446023,1422.0,2284,129.0,618.0
rottlerin ncgc00025228-11,4,0,4,1113.5,770.5561303370444,1466.0,2182,180.0,626.0
jak3 inhibitor vi,3,0,4,1114.0,563.6600630403636,967.0,1866,,509.0
nsc 3852,3,0,4,1114.3333333333333,470.5438933357393,1093.0,1701,,549.0
mls-0390945.0001,1,0,4,1115.0,0.0,,1115,,
norethindrone,2,0,4,1115.5,224.5,891.0,1340,,
bms-754807,2,0,4,1116.5,32.5,1084.0,1149,,
BRD-A57107094,2,0,4,1117.5,39.5,1157.0,1078,,
BRD-U86922168,3,0,4,1122.0,450.0696242434793,1140.0,1664,,562.0
budesonide,2,0,4,1122.0,194.0,928.0,1316,,
naltrexone hydrochloride,2,0,4,1122.0,400.0,722.0,1522,,
stock4s-23872,2,0,4,1122.5,169.5,953.0,1292,,
BRD-K96076993,3,0,4,1124.0,529.9383611955891,1022.0,1818,,532.0
BRD-K87343924 (wortmannin),2,0,4,1126.5,128.5,1255.0,998,,
mdl 72222,2,0,4,1126.5,263.5,863.0,1390,,
nicardipine hydrochloride,2,0,4,1127.0,248.0,879.0,1375,,
sibutramine hcl,1,0,4,1127.0,0.0,,1127,,
prednisolone hemisuccinate,2,0,4,1128.5,339.5,789.0,1468,,
aminolevulinic acid,2,0,4,1131.0,461.0,670.0,1592,,
mead ethanolamide,2,0,4,1131.5,370.5,761.0,1502,,
amperozide,1,0,4,1133.0,0.0,,1133,,
cvf-csc-7 brd-a32595718,2,0,4,1133.5,259.5,874.0,1393,,
BRD-K86574132,4,0,4,1133.75,823.723368310017,1426.0,2326,162.0,621.0
BRD-K34092011,1,0,4,1135.0,0.0,,1135,,
metoclopramide monohydrochloride,2,0,4,1137.0,492.0,645.0,1629,,
carbidopa,2,0,4,1137.5,261.5,876.0,1399,,
pimozide,2,0,4,1138.0,517.0,1655.0,621,,
mdl 29951,1,0,4,1140.0,0.0,,1140,,
BRD-K81441552,1,0,4,1141.0,0.0,,1141,,
ncgc00165199-01,2,0,4,1141.0,90.0,1051.0,1231,,
raclopride,2,0,4,1141.5,247.5,894.0,1389,,
tgx-115,3,0,4,1141.6666666666667,426.5288840030519,1224.0,1618,,583.0
BRD-A43087975,1,0,4,1143.0,0.0,,1143,,
s1030,3,0,4,1143.3333333333333,444.10534285860103,1196.0,1659,,575.0
b675700.cdx,4,0,4,1146.0,842.9027227385138,1459.0,2357,143.0,625.0
doxepin hydrochloride,2,0,4,1146.5,322.5,824.0,1469,,
BRD-K48654774,3,0,4,1147.0,741.1751929649741,1332.0,1948,161.0,
BRD-K83336168,2,0,4,1148.5,148.5,1000.0,1297,,
ncgc00182388-01,2,0,4,1149.0,188.0,1337.0,961,,
mefenamic acid,1,0,4,1150.0,0.0,,1150,,
ct-200783,4,0,4,1150.25,825.5796070034676,1441.0,2349,187.0,624.0
BRD-K68548958,4,0,4,1151.25,844.1221401550845,1419.0,2393,176.0,617.0
bisacodyl,3,0,4,1151.3333333333333,531.4297277679858,1075.0,1837,,542.0
fccp,3,0,4,1153.0,449.76215936870454,1205.0,1676,,578.0
gw 843682x,2,0,4,1154.0,95.0,1059.0,1249,,
mls-0390876,1,0,4,1154.0,0.0,,1154,,
BRD-K86761848,3,0,4,1156.0,634.2255119435042,950.0,2015,,503.0
BRD-K70917163,3,0,4,1156.3333333333333,749.8201265785164,1315.0,1985,169.0,
(e)-capsaicin,2,0,4,1156.5,523.5,633.0,1680,,
BRD-K02113016,2,0,4,1156.5,269.5,887.0,1426,,
BRD-K75128590,2,0,4,1157.5,171.5,1329.0,986,,
sdm25n hydrochloride,1,0,4,1158.0,0.0,,1158,,
aloisine a,2,0,4,1158.5,85.5,1244.0,1073,,
BRD-K45114207,1,0,4,1159.0,0.0,,1159,,
methyltestosterone,2,0,4,1160.0,367.0,793.0,1527,,
cgs 21680 hydrochloride,1,0,4,1162.0,0.0,,1162,,
osi-906,2,0,4,1165.5,208.5,957.0,1374,,
BRD-K05977823,2,0,4,1167.0,240.0,927.0,1407,,
benperidol,1,0,4,1167.0,0.0,,1167,,
thm-i-94,3,0,4,1167.0,498.61608477866014,1150.0,1786,,565.0
BRD-K86086851,1,0,4,1169.0,0.0,,1169,,
erythrosine sodium,2,0,4,1169.0,359.0,1528.0,810,,
pp 1,2,0,4,1170.0,152.0,1018.0,1322,,
BRD-K14048378,1,0,4,1171.0,0.0,,1171,,
mephentermine sulfate,1,0,4,1173.0,0.0,,1173,,
niclosamide,3,0,4,1173.0,497.2966921265413,1163.0,1787,,569.0
metergoline,1,0,4,1176.0,0.0,,1176,,
rosiglitazone hydrochloride,2,0,4,1176.5,605.5,571.0,1782,,
zd 7114 hydrochloride,1,0,4,1178.0,0.0,,1178,,
BRD-U68942961,2,0,4,1179.5,114.5,1294.0,1065,,
le 135,3,0,4,1180.0,516.083326605307,1149.0,1827,,564.0
BRD-K19295594,3,0,4,1182.0,423.92452158373663,1326.0,1614,,606.0
evista,2,0,4,1182.0,162.0,1020.0,1344,,
nitazoxanide,1,0,4,1182.0,0.0,,1182,,
BRD-K64857848,3,0,4,1183.6666666666667,473.29084316329454,1226.0,1741,,584.0
morantel tartrate,1,0,4,1185.0,0.0,,1185,,
testosterone propionate,2,0,4,1185.0,315.0,1500.0,870,,
diloxanide furoate,1,0,4,1187.0,0.0,,1187,,
t 0070907,2,0,4,1187.5,77.5,1110.0,1265,,
BRD-K31342827,3,0,4,1187.6666666666667,493.6762321828166,1202.0,1785,,576.0
ncgc00181233-01,2,0,4,1188.0,308.0,880.0,1496,,
ro 28-1675 ?,3,0,4,1190.0,579.4347820649591,1078.0,1949,,543.0
metoprolol tartrate,1,0,4,1193.0,0.0,,1193,,
BRD-K95138506,3,0,4,1193.6666666666667,636.5638660460987,1006.0,2050,,525.0
BRD-K68007270,2,0,4,1194.0,268.0,1462.0,926,,
ncgc00241435-01,2,0,4,1194.5,446.5,748.0,1641,,
tipifarnib-p2,1,0,4,1195.0,0.0,,1195,,
isorotenone,2,0,4,1196.0,400.0,796.0,1596,,
kuc104488 kuc104488n,1,0,4,1196.0,0.0,,1196,,
ncgc00165208-01,3,0,4,1197.3333333333333,908.7472451433102,1131.0,2342,119.0,
rapamycin,2,0,4,1198.5,462.5,736.0,1661,,
quetiapine,1,0,4,1199.0,0.0,,1199,,
ei-195,2,0,4,1200.5,186.5,1387.0,1014,,
w-13 hydrochloride,1,0,4,1201.0,0.0,,1201,,
BRD-K25737009,4,0,4,1201.5,879.6648509517702,1552.0,2455,160.0,639.0
BRD-K77480336,2,0,4,1202.0,424.0,778.0,1626,,
pp 2,2,0,4,1202.0,388.0,814.0,1590,,
BRD-K99475920,1,0,4,1206.0,0.0,,1206,,
betamethasone,2,0,4,1206.5,120.5,1327.0,1086,,
BRD-K06009608,2,0,4,1207.0,62.0,1269.0,1145,,
sp 600125,1,0,4,1208.0,0.0,,1208,,
ncgc00181736-02,2,0,4,1208.5,60.5,1148.0,1269,,
taxol,2,0,4,1208.5,309.5,899.0,1518,,
BRD-K89626439,2,0,4,1210.0,539.0,671.0,1749,,
ketoprofen,1,0,4,1210.0,0.0,,1210,,
mefexamide hydrochloride,1,0,4,1211.0,0.0,,1211,,
BRD-K92317137,4,0,4,1211.75,890.2714122670682,1516.0,2512,186.0,633.0
dl-pdmp,3,0,4,1212.0,539.4886467758149,1176.0,1890,,570.0
mk-2206,3,0,4,1213.6666666666667,515.210205212936,1215.0,1844,,582.0
lomatin,1,0,4,1215.0,0.0,,1215,,
lawsone,2,0,4,1216.5,743.5,473.0,1960,,
verapamil hydrochloride,1,0,4,1217.0,0.0,,1217,,
chemistry 2804,4,0,4,1218.0,900.3652036812617,1535.0,2527,174.0,636.0
BRD-K07877311,2,0,4,1218.5,38.5,1257.0,1180,,
BRD-K91509126 (piceatannol),2,0,4,1218.5,162.5,1056.0,1381,,
GSK-429286A,2,0,4,1219.0,166.0,1385.0,1053,,
ivermectin,2,0,4,1219.5,785.5,434.0,2005,,
BRD-K47764688,1,0,4,1220.0,0.0,,1220,,
BRD-A47816767,3,0,4,1221.3333333333333,514.8671889159594,1233.0,1846,,585.0
camptothecin,3,0,4,1221.3333333333333,543.0434809683496,1189.0,1902,,573.0
arachidonyl trifluoro-methyl ketone,4,0,4,1222.5,891.4697134507711,1573.0,2498,178.0,641.0
BRD-K11362964,1,0,4,1223.0,0.0,,1223,,
BRD-A00420644,2,0,4,1224.0,160.0,1064.0,1384,,
BRD-A20697603,3,0,4,1224.6666666666667,533.6955020317193,1209.0,1886,,579.0
thiothixene,2,0,4,1225.5,572.5,653.0,1798,,
sertindole,1,0,4,1226.0,0.0,,1226,,
bas 00535043,2,0,4,1227.0,183.0,1410.0,1044,,
ranitidine,2,0,4,1228.0,359.0,869.0,1587,,
s-8599,1,0,4,1228.0,0.0,,1228,,
etoposide,3,0,4,1228.3333333333333,417.3666120916824,1598.0,1442,,645.0
darinaparsin,1,0,4,1229.0,0.0,,1229,,
2-chloro-7-methoxyphenothiazine,2,0,4,1230.0,620.0,610.0,1850,,
hy-11066,2,0,4,1230.0,23.0,1253.0,1207,,
BRD-K98896788,1,0,4,1232.0,0.0,,1232,,
t 98475,2,0,4,1232.0,340.0,892.0,1572,,
axon1408,1,0,4,1233.0,0.0,,1233,,
dm-55-3 brd-k81592585,2,0,4,1233.5,292.5,941.0,1526,,
BRD-A36630025,3,0,4,1233.6666666666667,592.9734863849778,1138.0,2003,,560.0
BRD-A18763547,3,0,4,1234.0,743.2913291570136,948.0,2253,,501.0
BRD-K31754360,1,0,4,1238.0,0.0,,1238,,
arp 101,3,0,4,1238.3333333333333,652.2991815280947,1067.0,2109,,539.0
mk-0591,3,0,4,1239.0,474.4308871339077,1357.0,1752,,608.0
mefloquine,1,0,4,1240.0,0.0,,1240,,
BRD-K79382620,2,0,4,1240.5,236.5,1004.0,1477,,
cgp 57380,1,0,4,1241.0,0.0,,1241,,
finasteride,2,0,4,1243.0,121.0,1122.0,1364,,
toltrazuril,1,0,4,1243.0,0.0,,1243,,
ei-263,2,0,4,1243.5,246.5,997.0,1490,,
y 134,2,0,4,1243.5,685.5,558.0,1929,,
cgs 15943,1,0,4,1244.0,0.0,,1244,,
apoptosis activator 2,1,0,4,1245.0,0.0,,1245,,
anpirtoline hydrochloride,2,0,4,1246.0,291.0,955.0,1537,,
f9428,1,0,4,1246.0,0.0,,1246,,
cgp 71683 hydrochloride,3,0,4,1247.0,441.7940696750014,1483.0,1630,,628.0
BRD-K73567619,1,0,4,1248.0,0.0,,1248,,
s1057,3,0,4,1248.3333333333333,532.0114869269481,1260.0,1894,,591.0
rhizocarpic acid,2,0,4,1248.5,248.5,1497.0,1000,,
prednicarbate,2,0,4,1249.0,307.0,942.0,1556,,
BRD-U64289953,2,0,4,1249.5,312.5,937.0,1562,,
pd 102807,1,0,4,1251.0,0.0,,1251,,
testosterone,2,0,4,1251.5,434.5,817.0,1686,,
gw 1929,1,0,4,1252.0,0.0,,1252,,
rs 504393,1,0,4,1253.0,0.0,,1253,,
s1266,2,0,4,1253.0,179.0,1074.0,1432,,
chlorambucil,2,0,4,1254.0,206.0,1460.0,1048,,
BRD-K12762134,1,0,4,1255.0,0.0,,1255,,
r3904,1,0,4,1256.0,0.0,,1256,,
pyrvinium pamoate,2,0,4,1258.0,276.0,982.0,1534,,
ryuvidine,2,0,4,1258.0,151.0,1107.0,1409,,
BRD-A96272097,1,0,4,1260.0,0.0,,1260,,
BRD-K60870698,3,0,4,1262.0,847.0068870243421,1351.0,2252,183.0,
raltitrexed,1,0,4,1262.0,0.0,,1262,,
clofibric acid,1,0,4,1263.0,0.0,,1263,,
BRD-K07403598,2,0,4,1264.0,408.0,856.0,1672,,
az 10417808,1,0,4,1264.0,0.0,,1264,,
BRD-K39829853,2,0,4,1265.0,159.0,1106.0,1424,,
pepstatin a,2,0,4,1265.0,477.0,788.0,1742,,
k784-3187,3,0,4,1265.6666666666667,516.9147791356801,1325.0,1867,,605.0
way 213613,1,0,4,1266.0,0.0,,1266,,
BRD-K39866321,1,0,4,1267.0,0.0,,1267,,
ketanserin tartrate hydrate,2,0,4,1267.5,207.5,1060.0,1475,,
cjd-pla-20-1,2,0,4,1268.0,434.0,834.0,1702,,
BRD-K55116708,2,0,4,1269.0,279.0,1548.0,990,,
s1080,2,0,4,1270.0,173.0,1097.0,1443,,
palda,3,0,4,1270.6666666666667,555.6403713034379,1265.0,1954,,593.0
BRD-K76698671,1,0,4,1271.0,0.0,,1271,,
BRD-K14681867,2,0,4,1272.0,361.0,911.0,1633,,
methyl 7-desoxypurpurogallin-7-carboxylate trimethyl ether,2,0,4,1272.0,559.0,713.0,1831,,
mycophenolic acid,1,0,4,1272.0,0.0,,1272,,
reserpine,2,0,4,1272.5,294.5,978.0,1567,,
ski ii,3,0,4,1272.6666666666667,803.793229354139,1514.0,2114,190.0,
BRD-K17140735,3,0,4,1273.0,615.1574324241451,1179.0,2069,,571.0
BRD-K29143967,2,0,4,1273.0,659.0,614.0,1932,,
halcinonide,2,0,4,1273.0,519.0,754.0,1792,,
BRD-K58214070,3,0,4,1273.3333333333333,756.1994152044522,994.0,2307,,519.0
zoxazolamine,1,0,4,1274.0,0.0,,1274,,
bibu 1361 dihydrochloride,2,0,4,1275.5,804.5,471.0,2080,,
rottlerin,2,0,4,1279.0,160.0,1439.0,1119,,
nnc 05-2090 hydrochloride,3,0,4,1279.3333333333333,646.2312967420326,1146.0,2129,,563.0
ei-332,2,0,4,1280.5,514.5,766.0,1795,,
BRD-K19624190,2,0,4,1281.5,216.5,1065.0,1498,,
ml 9 hydrochloride,2,0,4,1281.5,530.5,751.0,1812,,
s1120,2,0,4,1282.5,188.5,1094.0,1471,,
l 161982,1,0,4,1283.0,0.0,,1283,,
ch 55,3,0,4,1284.3333333333333,835.069790829219,1521.0,2168,164.0,
BRD-A68930007 (ouabain),2,0,4,1285.0,27.0,1258.0,1312,,
BRD-K33720404,1,0,4,1285.0,0.0,,1285,,
BRD-K90826279,2,0,4,1285.0,270.0,1015.0,1555,,
oxiconazole,2,0,4,1285.0,300.0,985.0,1585,,
BRD-K34711351,2,0,4,1285.5,112.5,1173.0,1398,,
hdac6 inhibitor isox,3,0,4,1285.6666666666667,465.9344255245462,1527.0,1696,,634.0
s1071,1,0,4,1288.0,0.0,,1288,,
x0379,1,0,4,1291.0,0.0,,1291,,
BRD-K56653679,3,0,4,1292.0,794.5568995777877,1648.0,2037,191.0,
sb 225002,2,0,4,1292.0,188.0,1104.0,1480,,
BRD-K26822808,1,0,4,1293.0,0.0,,1293,,
fenbufen,2,0,4,1293.0,342.0,951.0,1635,,
mitomycin c,3,0,4,1294.3333333333333,673.8750296275679,1137.0,2187,,559.0
niguldipine hydrochloride,3,0,4,1295.3333333333333,519.387031883632,1401.0,1872,,613.0
menadione,3,0,4,1295.6666666666667,563.4396349408003,1307.0,1980,,600.0
gw 9508,1,0,4,1296.0,0.0,,1296,,
mitotane,2,0,4,1298.0,777.0,521.0,2075,,
s-250,2,0,4,1298.0,219.0,1079.0,1517,,
s1367,2,0,4,1298.0,28.0,1270.0,1326,,
ei-155,2,0,4,1298.5,42.5,1256.0,1341,,
telmisartan,1,0,4,1299.0,0.0,,1299,,
s4002,2,0,4,1299.5,426.5,873.0,1726,,
ci 976,2,0,4,1301.5,1126.5,175.0,2428,,
rimcazole dihydrochloride,2,0,4,1301.5,396.5,905.0,1698,,
BRD-K11072542,2,0,4,1302.0,366.0,936.0,1668,,
ala-ala-phe-cmk,1,0,4,1304.0,0.0,,1304,,
bromocriptine mesylate,1,0,4,1306.0,0.0,,1306,,
helveticoside,3,0,4,1306.3333333333333,614.4668872734767,1242.0,2089,,588.0
p0030,3,0,4,1306.3333333333333,691.1258126339146,1136.0,2225,,558.0
kenpaullone,1,0,4,1307.0,0.0,,1307,,
dephostatin,2,0,4,1309.0,610.0,699.0,1919,,
BRD-A47832959,2,0,4,1309.5,322.5,987.0,1632,,
BRD-K11540476,2,0,4,1310.0,307.0,1003.0,1617,,
butein,2,0,4,1310.0,110.0,1200.0,1420,,
pravastatin sodium,1,0,4,1310.0,0.0,,1310,,
BRD-K59470558,2,0,4,1312.0,11.0,1323.0,1301,,
2-fluoropalmitic acid,2,0,4,1313.0,208.0,1105.0,1521,,
b3063,2,0,4,1313.0,936.0,377.0,2249,,
ei-215,3,0,4,1314.6666666666667,609.2625779488585,1266.0,2084,,594.0
jte 907,2,0,4,1315.5,286.5,1029.0,1602,,
fluocinolone acetonide,2,0,4,1316.0,3.0,1313.0,1319,,
ptb1,2,0,4,1316.5,558.5,758.0,1875,,
perphenazine,2,0,4,1319.5,449.5,870.0,1769,,
km 01366,1,0,4,1323.0,0.0,,1323,,
ncgc00181375-01,2,0,4,1323.5,390.5,933.0,1714,,
OSI-930,1,0,4,1324.0,0.0,,1324,,
km 00927,3,0,4,1324.3333333333333,496.1802987714132,1541.0,1794,,638.0
939792-14-0,1,0,4,1325.0,0.0,,1325,,
BRD-K06592610,1,0,4,1327.0,0.0,,1327,,
ncgc00188740-01,3,0,4,1328.6666666666667,735.428371011677,1115.0,2317,,554.0
BRD-K67941506,1,0,4,1330.0,0.0,,1330,,
s2004,2,0,4,1330.0,33.0,1297.0,1363,,
s1175,2,0,4,1331.5,128.5,1203.0,1460,,
BRD-K82580504,1,0,4,1332.0,0.0,,1332,,
gr 103691,2,0,4,1332.5,486.5,846.0,1819,,
t7765,2,0,4,1333.5,61.5,1272.0,1395,,
BRD-K32485462,2,0,4,1336.0,210.0,1126.0,1546,,
BRD-K37865504,3,0,4,1336.0,611.8763491643281,1308.0,2099,,601.0
BRD-K39345836,2,0,4,1336.5,302.5,1034.0,1639,,
akt inhibitor iv,3,0,4,1336.6666666666667,632.705478261586,1274.0,2141,,595.0
p1075,1,0,4,1337.0,0.0,,1337,,
"l-689,560",2,0,4,1337.5,362.5,975.0,1700,,
ncgc00182554-02,2,0,4,1338.5,579.5,759.0,1918,,
ag 9,2,0,4,1339.0,243.0,1096.0,1582,,
cp 94253 hydrochloride,1,0,4,1339.0,0.0,,1339,,
BRD-K82732294,3,0,4,1340.6666666666667,935.3310762624228,1437.0,2435,150.0,
cerivastatin na,2,0,4,1341.0,762.0,579.0,2103,,
bi 2536,3,0,4,1341.3333333333333,552.2634234574012,1435.0,1966,,623.0
gr-109,1,0,4,1342.0,0.0,,1342,,
BRD-K02216544,2,0,4,1342.5,276.5,1066.0,1619,,
BRD-A94377914,3,0,4,1343.3333333333333,591.324126196642,1364.0,2057,,609.0
orlistat,2,0,4,1343.5,436.5,907.0,1780,,
ncgc00183690-01,2,0,4,1344.5,226.5,1118.0,1571,,
ncgc00186542-01,1,0,4,1346.0,0.0,,1346,,
blebbistatin,1,0,4,1347.0,0.0,,1347,,
BRD-K99633092,3,0,4,1348.0,964.6650541336442,1416.0,2494,134.0,
BRD-K83194053,2,0,4,1348.5,184.5,1164.0,1533,,
raf1 kinase inhibitor i,1,0,4,1349.0,0.0,,1349,,
np-001821,2,0,4,1350.0,704.0,646.0,2054,,
BRD-K28916077,2,0,4,1351.0,80.0,1271.0,1431,,
BRD-A94793051,2,0,4,1352.5,394.5,958.0,1747,,
"ici-185,282",1,0,4,1353.0,0.0,,1353,,
u 18666a,2,0,4,1353.5,450.5,903.0,1804,,
g-221,1,0,4,1354.0,0.0,,1354,,
BRD-K83213280,2,0,4,1358.0,70.0,1288.0,1428,,
acitretin,1,0,4,1359.0,0.0,,1359,,
vinorelbine,2,0,4,1361.5,258.5,1103.0,1620,,
sib 1893,2,0,4,1363.5,143.5,1220.0,1507,,
BRD-K73319509,1,0,4,1366.0,0.0,,1366,,
kuc103885 kuc103885n,1,0,4,1369.0,0.0,,1369,,
strophantine octahydrate,3,0,4,1370.0,560.2660082496528,1492.0,1987,,631.0
pd 123319 ditrifluoroacetate,1,0,4,1371.0,0.0,,1371,,
ncgc00241726-01,2,0,4,1372.0,325.0,1047.0,1697,,
ncgc00242296-02,2,0,4,1372.0,59.0,1431.0,1313,,
abt-888 (veliparib),2,0,4,1372.5,227.5,1145.0,1600,,
KIN001-270,2,0,4,1373.5,396.5,977.0,1770,,
paclitaxel,2,0,4,1375.5,42.5,1418.0,1333,,
BRD-K64835161,1,0,4,1376.0,0.0,,1376,,
cgp 7930,1,0,4,1377.0,0.0,,1377,,
BRD-K73945663,1,0,4,1378.0,0.0,,1378,,
kuc104131 kuc104131n,1,0,4,1379.0,0.0,,1379,,
oxfendazole,1,0,4,1380.0,0.0,,1380,,
BRD-K15107389,1,0,4,1382.0,0.0,,1382,,
d0196,1,0,4,1383.0,0.0,,1383,,
mw-ras12,3,0,4,1383.0,950.3392376760346,1486.0,2492,171.0,
ncgc00182362-01,3,0,4,1383.3333333333333,734.0637271760236,1214.0,2355,,581.0
ncgc00182380-01,2,0,4,1384.0,326.0,1058.0,1710,,
BRD-K68191783,1,0,4,1385.0,0.0,,1385,,
BRD-A62809825,2,0,4,1385.5,369.5,1016.0,1755,,
ketorolac tromethamine,2,0,4,1387.0,258.0,1129.0,1645,,
BRD-K71172276,1,0,4,1388.0,0.0,,1388,,
disulfiram,2,0,4,1388.0,318.0,1070.0,1706,,
BRD-K88542532,2,0,4,1389.0,121.0,1510.0,1268,,
alclometazone dipropionate,2,0,4,1389.0,261.0,1128.0,1650,,
gw 4064,2,0,4,1392.0,553.0,839.0,1945,,
"15-deoxy-?12,14-prostaglandin j2",3,0,4,1393.0,669.8810839743624,1328.0,2244,,607.0
BRD-K82971429,1,0,4,1397.0,0.0,,1397,,
syk inhibitor,2,0,4,1399.5,278.5,1121.0,1678,,
skf 96365 hydrochloride,2,0,4,1400.0,258.0,1142.0,1658,,
BRD-K78559095,1,0,4,1401.0,0.0,,1401,,
BRD-K41859756,3,0,4,1402.3333333333333,631.3210136073583,1423.0,2165,,619.0
modafinil,1,0,4,1403.0,0.0,,1403,,
BRD-K65904652,2,0,4,1403.5,201.5,1605.0,1202,,
mls-0437633.0003,2,0,4,1403.5,588.5,815.0,1992,,
ibudilast,1,0,4,1404.0,0.0,,1404,,
beta-escin,2,0,4,1404.5,349.5,1055.0,1754,,
bongkrekic acid,1,0,4,1405.0,0.0,,1405,,
BRD-K51683034,1,0,4,1406.0,0.0,,1406,,
chaetocin,3,0,4,1408.0,949.3671576371283,1590.0,2469,165.0,
terfenadine,2,0,4,1408.5,358.5,1050.0,1767,,
perhexiline maleate,3,0,4,1409.0,649.1147818375422,1409.0,2204,,614.0
parthenolide,3,0,4,1413.0,660.2226897040119,1398.0,2229,,612.0
puromycin hydrochloride,3,0,4,1413.3333333333333,790.7634847973753,1193.0,2473,,574.0
BRD-K49010888,2,0,4,1414.0,230.0,1184.0,1644,,
dau 5884 hydrochloride,1,0,4,1414.0,0.0,,1414,,
11k-629s,2,0,4,1414.5,93.5,1508.0,1321,,
olomoucine,1,0,4,1415.0,0.0,,1415,,
vincristine sulfate,2,0,4,1415.0,314.0,1101.0,1729,,
BRD-K19166598,2,0,4,1416.0,24.0,1392.0,1440,,
BRD-K55071917,1,0,4,1416.0,0.0,,1416,,
BRD-K20000640,2,0,4,1416.5,176.5,1240.0,1593,,
np-003021,1,0,4,1417.0,0.0,,1417,,
cyclopiazonic acid,2,0,4,1417.5,195.5,1222.0,1613,,
BRD-K25731886,2,0,4,1418.0,107.0,1525.0,1311,,
cpccoet,1,0,4,1418.0,0.0,,1418,,
BRD-K37724988,2,0,4,1418.5,391.5,1027.0,1810,,
BRD-A80574334,1,0,4,1419.0,0.0,,1419,,
BRD-K84091085,2,0,4,1419.5,588.5,831.0,2008,,
isoliquiritigenin,3,0,4,1419.6666666666667,747.4866033730787,1264.0,2403,,592.0
ncgc00182615-01,3,0,4,1420.0,999.3261062669516,1595.0,2547,118.0,
BRD-K46692335,2,0,4,1420.5,388.5,1032.0,1809,,
BRD-K14027855,2,0,4,1421.5,25.5,1396.0,1447,,
loteprednol,2,0,4,1422.5,417.5,1005.0,1840,,
psb 06126,1,0,4,1423.0,0.0,,1423,,
vu0365121-1,3,0,4,1425.6666666666667,960.6360161661416,1574.0,2521,182.0,
BRD-K11558771,2,0,4,1426.5,142.5,1284.0,1569,,
BRD-K02458594,1,0,4,1427.0,0.0,,1427,,
BRD-K04534322,2,0,4,1430.0,255.0,1175.0,1685,,
BRD-K75081836,2,0,4,1430.0,22.0,1408.0,1452,,
remoxipride hydrochloride,2,0,4,1430.0,145.0,1285.0,1575,,
kuc103428n,1,0,4,1433.0,0.0,,1433,,
lde225 (nvp-lde225),2,0,4,1433.0,56.0,1377.0,1489,,
r2146,3,0,4,1433.3333333333333,594.018144129921,1579.0,2077,,644.0
pyrrolidinedithiocarbamate ammonium,2,0,4,1434.0,716.0,718.0,2150,,
curcubitacin i,3,0,4,1435.0,729.0326924539576,1322.0,2379,,604.0
flunarizine dihydrochloride,1,0,4,1435.0,0.0,,1435,,
sertraline hydrochloride,2,0,4,1437.0,346.0,1091.0,1783,,
caffeic acid phenethyl ester,2,0,4,1437.5,1.5,1436.0,1439,,
protein tyrosine phosphatase inhibitor iv,2,0,4,1437.5,246.5,1191.0,1684,,
rs 39604 hydrochloride,2,0,4,1438.0,513.0,925.0,1951,,
simvastatin,2,0,4,1439.5,323.5,1116.0,1763,,
u-46619,1,0,4,1441.0,0.0,,1441,,
BRD-K97701319,2,0,4,1442.0,8.0,1450.0,1434,,
flubendazole,2,0,4,1442.0,286.0,1156.0,1728,,
BRD-A41250203,3,0,4,1442.6666666666667,976.4498052753261,1620.0,2540,168.0,
colchicine,1,0,4,1444.0,0.0,,1444,,
BRD-K11663430,2,0,4,1445.0,33.0,1478.0,1412,,
nisoxetine hydrochloride,1,0,4,1446.0,0.0,,1446,,
hycanthone,2,0,4,1447.0,541.0,906.0,1988,,
BRD-K08640787,1,0,4,1448.0,0.0,,1448,,
BRD-K74155249,1,0,4,1449.0,0.0,,1449,,
s1019,2,0,4,1449.5,404.5,1045.0,1854,,
BRD-K41429297,1,0,4,1451.0,0.0,,1451,,
benzethonium chloride,2,0,4,1452.0,22.0,1474.0,1430,,
vu0365117-1,2,0,4,1452.5,272.5,1180.0,1725,,
vu0415556-1,2,0,4,1452.5,390.5,1062.0,1843,,
guanabenz acetate,2,0,4,1453.5,423.5,1030.0,1877,,
cortisone,2,0,4,1456.0,259.0,1197.0,1715,,
"l-733,060 hydrochloride",1,0,4,1456.0,0.0,,1456,,
BRD-K37798499,2,0,4,1458.0,204.0,1254.0,1662,,
prl-3 inhibitor i,1,0,4,1458.0,0.0,,1458,,
noscapine hydrochloride,1,0,4,1459.0,0.0,,1459,,
BRD-K91677732,1,0,4,1461.0,0.0,,1461,,
su 4312,1,0,4,1462.0,0.0,,1462,,
BRD-K01614657,2,0,4,1462.5,224.5,1238.0,1687,,
diflunisal,1,0,4,1464.0,0.0,,1464,,
ag 494,2,0,4,1466.0,180.0,1286.0,1646,,
sb 269970 hydrochloride,1,0,4,1466.0,0.0,,1466,,
arg-csc-91,1,0,4,1467.0,0.0,,1467,,
BRD-K00944562,2,0,4,1469.5,350.5,1119.0,1820,,
BRD-K05153001,3,0,4,1471.0,636.8866984532388,1578.0,2192,,643.0
importazole,3,0,4,1471.0,714.7992725234127,1424.0,2369,,620.0
BRD-K27484191,2,0,4,1472.0,4.0,1468.0,1476,,
BRD-K45842176,1,0,4,1472.0,0.0,,1472,,
bml-257,2,0,4,1472.0,52.0,1420.0,1524,,
BRD-K94173926,2,0,4,1472.5,194.5,1278.0,1667,,
ncgc00188530-01,3,0,4,1473.3333333333333,977.3987017702767,1665.0,2563,192.0,
vindesine,2,0,4,1474.5,508.5,966.0,1983,,
px12,3,0,4,1477.3333333333333,666.2003369024131,1533.0,2264,,635.0
st019365,1,0,4,1478.0,0.0,,1478,,
lasalocid sodium salt,2,0,4,1479.0,489.0,990.0,1968,,
n-linoleoylglycine,1,0,4,1479.0,0.0,,1479,,
scoulerine,2,0,4,1479.0,436.0,1043.0,1915,,
kuc104127 kuc104127n,2,0,4,1480.0,219.0,1261.0,1699,,
BRD-K14880289,1,0,4,1481.0,0.0,,1481,,
BRD-K83509924,2,0,4,1481.5,27.5,1509.0,1454,,
kb-r7943 mesylate,2,0,4,1481.5,636.5,845.0,2118,,
olvanil,2,0,4,1481.5,231.5,1250.0,1713,,
skf 89976a hydrochloride,1,0,4,1482.0,0.0,,1482,,
BRD-K49865102,2,0,4,1483.0,139.0,1344.0,1622,,
auranofin,3,0,4,1483.0,686.0335268775135,1505.0,2312,,632.0
am 404,2,0,4,1484.0,27.0,1511.0,1457,,
pentetic acid,1,0,4,1485.0,0.0,,1485,,
mead acid (20:3 n-9),1,0,4,1486.0,0.0,,1486,,
colforsin,2,0,4,1486.5,488.5,998.0,1975,,
cyclosporin a,2,0,4,1487.5,288.5,1199.0,1776,,
dilazep dihydrochloride,1,0,4,1492.0,0.0,,1492,,
stock1n-27488,3,0,4,1492.3333333333333,707.9215273523533,1485.0,2363,,629.0
"l-690,330",2,0,4,1492.5,469.5,1023.0,1962,,
BRD-K05104363,2,0,4,1493.0,413.0,1080.0,1906,,
ncgc00165193-01,1,0,4,1493.0,0.0,,1493,,
BRD-K52080565,2,0,4,1494.0,281.0,1213.0,1775,,
mt-21,1,0,4,1495.0,0.0,,1495,,
BRD-K42629487,2,0,4,1496.5,306.5,1190.0,1803,,
trimeprazine tartrate,2,0,4,1498.0,457.0,1041.0,1955,,
BRD-A93015352,1,0,4,1500.0,0.0,,1500,,
s1174,2,0,4,1500.5,555.5,945.0,2056,,
BRD-K35424586,2,0,4,1501.0,340.0,1161.0,1841,,
immepip dihydrobromide,1,0,4,1501.0,0.0,,1501,,
ncgc00185684-02,2,0,4,1502.5,274.5,1228.0,1777,,
BRD-K23582869,1,0,4,1503.0,0.0,,1503,,
BRD-A24054354,1,0,4,1504.0,0.0,,1504,,
BRD-K05197617,1,0,4,1505.0,0.0,,1505,,
i-ome-ag 538,1,0,4,1506.0,0.0,,1506,,
vu0365118-1,2,0,4,1507.5,419.5,1088.0,1927,,
BRD-K99616396,1,0,4,1509.0,0.0,,1509,,
BRD-U86222656,2,0,4,1509.5,324.5,1185.0,1834,,
hoechst  33342 (cell permeable) (bisbenzimide),2,0,4,1509.5,21.5,1531.0,1488,,
s1352,1,0,4,1510.0,0.0,,1510,,
tl hras26 brd-k01877528,3,0,4,1510.6666666666667,737.803195679956,1472.0,2433,,627.0
BRD-K03651937,1,0,4,1511.0,0.0,,1511,,
hy-10159,3,0,4,1512.0,776.4487534066022,1412.0,2509,,615.0
nobiletin,1,0,4,1512.0,0.0,,1512,,
gw 3965 hydrochloride,1,0,4,1513.0,0.0,,1513,,
propyl-beta-carboline-3-carboxylate,2,0,4,1513.5,346.5,1167.0,1860,,
BRD-A32214171,1,0,4,1516.0,0.0,,1516,,
"chrysene-1,4-quinone",2,0,4,1516.0,382.0,1134.0,1898,,
BRD-K98824517,2,0,4,1518.0,544.0,974.0,2062,,
praziquantel,1,0,4,1519.0,0.0,,1519,,
BRD-A98444709,2,0,4,1520.0,480.0,1040.0,2000,,
BRD-K61776140,2,0,4,1520.0,64.0,1456.0,1584,,
desoximetasone,2,0,4,1520.0,573.0,947.0,2093,,
s1152,1,0,4,1520.0,0.0,,1520,,
"ingenol 3, 20-dibenzoate",3,0,4,1520.6666666666667,695.5718670433862,1577.0,2343,,642.0
BRD-K76938712,2,0,4,1522.5,160.5,1362.0,1683,,
rs 17053 hydrochloride,2,0,4,1522.5,780.5,742.0,2303,,
fluvoxamine maleate,1,0,4,1523.0,0.0,,1523,,
molsidomine,2,0,4,1523.0,230.0,1293.0,1753,,
BRD-K45399554,2,0,4,1527.0,583.0,944.0,2110,,
na-tosyl-phe chloromethyl ketone,2,0,4,1529.0,282.0,1247.0,1811,,
BRD-K74761218,2,0,4,1530.0,238.0,1292.0,1768,,
cy 208-243,1,0,4,1530.0,0.0,,1530,,
amcinonide,2,0,4,1532.5,121.5,1411.0,1654,,
c8273,2,0,4,1533.5,143.5,1390.0,1677,,
BRD-K23657553,2,0,4,1534.5,404.5,1130.0,1939,,
BRD-U44618005,1,0,4,1535.0,0.0,,1535,,
BRD-K52522949,2,0,4,1535.5,6.5,1542.0,1529,,
"n,n-hexamethyleneamiloride",1,0,4,1536.0,0.0,,1536,,
BRD-K74486276,2,0,4,1539.0,362.0,1177.0,1901,,
phenformin hydrochloride,1,0,4,1539.0,0.0,,1539,,
mibefradil dihydrochloride,2,0,4,1540.5,472.5,1068.0,2013,,
h 89 dihydrochloride,2,0,4,1541.0,369.0,1172.0,1910,,
isoxsuprine hydrochloride,1,0,4,1541.0,0.0,,1541,,
BRD-K71554540,1,0,4,1542.0,0.0,,1542,,
BRD-K24754728,2,0,4,1542.5,371.5,1171.0,1914,,
kuc104487 kuc104487n,2,0,4,1543.5,550.5,993.0,2094,,
k784-3188,3,0,4,1544.0,696.9968914325707,1641.0,2345,,646.0
naltrindole hydrochloride,1,0,4,1544.0,0.0,,1544,,
triflupromazine hydrochloride,2,0,4,1544.5,552.5,992.0,2097,,
BRD-K79404599,1,0,4,1545.0,0.0,,1545,,
ncgc00182382-01,2,0,4,1545.0,648.0,897.0,2193,,
elesclomol,2,0,4,1546.5,451.5,1095.0,1998,,
ncgc00188700-01,1,0,4,1547.0,0.0,,1547,,
BRD-K64606589,2,0,4,1548.0,210.0,1338.0,1758,,
nan-190 hydrobromide,2,0,4,1548.5,347.5,1201.0,1896,,
BRD-K30849099,1,0,4,1550.0,0.0,,1550,,
estradiol,2,0,4,1550.0,363.0,1187.0,1913,,
5-azacytidine,2,0,4,1551.0,251.0,1300.0,1802,,
arcyriaflavin a,2,0,4,1551.0,583.0,968.0,2134,,
brompheniramine maleate,1,0,4,1551.0,0.0,,1551,,
BRD-K52075040,3,0,4,1551.6666666666667,752.4636572988462,1538.0,2480,,637.0
BRD-K26849279,1,0,4,1553.0,0.0,,1553,,
ncgc00187945-01,2,0,4,1554.0,542.0,1012.0,2096,,
doxycycline,1,0,4,1557.0,0.0,,1557,,
BRD-K70251741,1,0,4,1559.0,0.0,,1559,,
BRD-K73125384,1,0,4,1560.0,0.0,,1560,,
albendazole,2,0,4,1560.0,323.0,1237.0,1883,,
venlafaxine hcl,1,0,4,1561.0,0.0,,1561,,
BRD-K98676510,2,0,4,1564.0,84.0,1480.0,1648,,
ami-193,1,0,4,1564.0,0.0,,1564,,
sr 142948,2,0,4,1565.0,340.0,1225.0,1905,,
BRD-K55502647,1,0,4,1566.0,0.0,,1566,,
fluspirilen,1,0,4,1568.0,0.0,,1568,,
BRD-K96083840,2,0,4,1571.0,376.0,1195.0,1947,,
BRD-K23531129,1,0,4,1573.0,0.0,,1573,,
BRD-K91701654,2,0,4,1573.0,783.0,790.0,2356,,
BRD-K72451865,2,0,4,1573.5,405.5,1168.0,1979,,
BRD-K93443135,1,0,4,1574.0,0.0,,1574,,
mdm2 inhibitor,2,0,4,1576.0,58.0,1518.0,1634,,
ossk 645683,2,0,4,1576.0,524.0,1052.0,2100,,
pd 160170,2,0,4,1576.0,27.0,1603.0,1549,,
BRD-K32238524,1,0,4,1577.0,0.0,,1577,,
BRD-K66426634,1,0,4,1578.0,0.0,,1578,,
BRD-K78294846,1,0,4,1583.0,0.0,,1583,,
selamectin,2,0,4,1585.0,232.0,1353.0,1817,,
BRD-K65955264,2,0,4,1586.0,46.0,1632.0,1540,,
fgin-1-27,2,0,4,1586.0,785.0,801.0,2371,,
BRD-K98731749,2,0,4,1586.5,313.5,1273.0,1900,,
dmbi,1,0,4,1588.0,0.0,,1588,,
hy-70044,2,0,4,1588.0,121.0,1467.0,1709,,
thioridazine hydrochloride,2,0,4,1588.0,191.0,1397.0,1779,,
t018500,1,0,4,1589.0,0.0,,1589,,
BRD-K58288048,2,0,4,1590.5,618.5,972.0,2209,,
donepezil hydrochloride,1,0,4,1591.0,0.0,,1591,,
np-009265,2,0,4,1593.5,604.5,989.0,2198,,
rifabutin,1,0,4,1594.0,0.0,,1594,,
BRD-K76236182,2,0,4,1595.0,300.0,1295.0,1895,,
cortisol acetate,1,0,4,1595.0,0.0,,1595,,
BRD-K86027709,2,0,4,1596.0,253.0,1343.0,1849,,
sildenafil citrate,2,0,4,1596.0,286.0,1310.0,1882,,
ncgc00183589-01,1,0,4,1597.0,0.0,,1597,,
depo-medrol,2,0,4,1597.5,687.5,910.0,2285,,
BRD-K00430421,1,0,4,1601.0,0.0,,1601,,
BRD-A90643929,1,0,4,1604.0,0.0,,1604,,
chlorhexidine,1,0,4,1607.0,0.0,,1607,,
BRD-K00007652,1,0,4,1608.0,0.0,,1608,,
s1018,2,0,4,1609.0,29.0,1638.0,1580,,
s1104,1,0,4,1609.0,0.0,,1609,,
ethopropazine hydrochloride,1,0,4,1610.0,0.0,,1610,,
BRD-K62169556,1,0,4,1611.0,0.0,,1611,,
abt-751,2,0,4,1611.0,305.0,1306.0,1916,,
BRD-A15010982,2,0,4,1611.5,322.5,1289.0,1934,,
uk 356618,2,0,4,1611.5,287.5,1324.0,1899,,
BRD-A11087911,2,0,4,1616.0,341.0,1275.0,1957,,
BRD-K48970916 (danazol),1,0,4,1616.0,0.0,,1616,,
kn-93,2,0,4,1616.5,457.5,1159.0,2074,,
sb 216641 hydrochloride,2,0,4,1617.5,474.5,1143.0,2092,,
gr-239,1,0,4,1621.0,0.0,,1621,,
BRD-K45253154,2,0,4,1623.0,453.0,1170.0,2076,,
cilnidipine,1,0,4,1623.0,0.0,,1623,,
nizatidine,1,0,4,1624.0,0.0,,1624,,
m9948,2,0,4,1625.0,404.0,1221.0,2029,,
BRD-K01834163,2,0,4,1630.5,113.5,1517.0,1744,,
BRD-K23282736,2,0,4,1630.5,183.5,1447.0,1814,,
nutlin-3,2,0,4,1630.5,339.5,1291.0,1970,,
phenazopyridine hydrochloride,1,0,4,1631.0,0.0,,1631,,
km00799,2,0,4,1632.0,625.0,1007.0,2257,,
nrb 04155,2,0,4,1633.5,5.5,1639.0,1628,,
brinzolamide,1,0,4,1636.0,0.0,,1636,,
BRD-K89224880,2,0,4,1637.5,429.5,1208.0,2067,,
imodium,2,0,4,1637.5,161.5,1476.0,1799,,
THZ-2-98-01,2,0,4,1638.0,320.0,1318.0,1958,,
SB-216763,2,0,4,1641.0,398.0,1243.0,2039,,
meprylcaine hydrochloride,1,0,4,1642.0,0.0,,1642,,
cucurbitacin i,2,0,4,1642.5,598.5,1044.0,2241,,
auraptene,1,0,4,1643.0,0.0,,1643,,
BRD-K70748405,2,0,4,1645.0,521.0,1124.0,2166,,
skatole,2,0,4,1646.5,585.5,1061.0,2232,,
BRD-A19248578,1,0,4,1647.0,0.0,,1647,,
BRD-K88569143,1,0,4,1649.0,0.0,,1649,,
fr 122047 hydrochloride,2,0,4,1649.0,640.0,1009.0,2289,,
BRD-K44781077,1,0,4,1651.0,0.0,,1651,,
s8822,2,0,4,1651.0,310.0,1341.0,1961,,
hemado,1,0,4,1652.0,0.0,,1652,,
halometasone,1,0,4,1653.0,0.0,,1653,,
cam-9-026 brd-k91442916,1,0,4,1655.0,0.0,,1655,,
wiskostatin,2,0,4,1655.5,322.5,1333.0,1978,,
4-aminosalicylic acid,2,0,4,1656.5,444.5,1212.0,2101,,
BRD-K37043259,2,0,4,1658.0,115.0,1543.0,1773,,
a2478,2,0,4,1659.0,137.0,1522.0,1796,,
sb 202190,2,0,4,1661.0,70.0,1591.0,1731,,
BRD-K78373679,2,0,4,1661.5,688.5,973.0,2350,,
sertraline,1,0,4,1663.0,0.0,,1663,,
BRD-K18595892,2,0,4,1663.5,581.5,1082.0,2245,,
nsc 663284,2,0,4,1663.5,127.5,1536.0,1791,,
methyl benzethonium chloride,1,0,4,1665.0,0.0,,1665,,
cd 01333,2,0,4,1665.5,491.5,1174.0,2157,,
h7270,2,0,4,1665.5,208.5,1457.0,1874,,
BRD-A85891951,1,0,4,1666.0,0.0,,1666,,
arctigenin,2,0,4,1668.5,219.5,1449.0,1888,,
BRD-A07614565,2,0,4,1669.0,322.0,1347.0,1991,,
BRD-K62970326,2,0,4,1670.5,353.5,1317.0,2024,,
nnc 55-0396 dihydrochloride,2,0,4,1672.5,166.5,1506.0,1839,,
BRD-K74623475,1,0,4,1673.0,0.0,,1673,,
BRD-K65404805,1,0,4,1674.0,0.0,,1674,,
cgp 37157,2,0,4,1676.5,551.5,1125.0,2228,,
BRD-A26199074,2,0,4,1677.5,214.5,1463.0,1892,,
BRD-K15592317,2,0,4,1677.5,390.5,1287.0,2068,,
bl-010,2,0,4,1677.5,356.5,1321.0,2034,,
ro 08-2750,2,0,4,1678.5,251.5,1427.0,1930,,
ncgc00181799-01,2,0,4,1679.5,468.5,1211.0,2148,,
BRD-K37194137,2,0,4,1680.0,193.0,1487.0,1873,,
BRD-K97534490,1,0,4,1681.0,0.0,,1681,,
liothyronine,1,0,4,1682.0,0.0,,1682,,
chloroxine,2,0,4,1682.5,496.5,1186.0,2179,,
BRD-K30993697,2,0,4,1684.0,67.0,1617.0,1751,,
BRD-U73238814,2,0,4,1687.5,180.5,1507.0,1868,,
tibolone,1,0,4,1688.0,0.0,,1688,,
BRD-K91047982,1,0,4,1689.0,0.0,,1689,,
BRD-K93754473 (tamoxifen citrate),2,0,4,1689.0,333.0,1356.0,2022,,
BRD-K59705555,2,0,4,1689.5,305.5,1384.0,1995,,
BRD-K70714754,2,0,4,1690.0,273.0,1417.0,1963,,
cephalexin monohydrate,1,0,4,1691.0,0.0,,1691,,
BRD-K32101742,2,0,4,1692.0,760.0,932.0,2452,,
remacemide hydrochloride,1,0,4,1692.0,0.0,,1692,,
BRD-K85123403,1,0,4,1693.0,0.0,,1693,,
BRD-K96072942,2,0,4,1693.5,528.5,1165.0,2222,,
penfluridol,2,0,4,1693.5,394.5,1299.0,2088,,
BRD-A54632525,1,0,4,1694.0,0.0,,1694,,
ei-346,2,0,4,1694.5,242.5,1452.0,1937,,
arvanil,2,0,4,1695.0,66.0,1629.0,1761,,
gr 159897,1,0,4,1695.0,0.0,,1695,,
BRD-K31856043,2,0,4,1701.0,335.0,1366.0,2036,,
ncgc00229600-01,2,0,4,1701.0,535.0,1166.0,2236,,
st4029573,2,0,4,1701.0,434.0,1267.0,2135,,
homosalate,2,0,4,1702.0,645.0,1057.0,2347,,
BRD-K40373196,2,0,4,1703.0,367.0,1336.0,2070,,
BRD-K99502566,1,0,4,1703.0,0.0,,1703,,
jtc 801,2,0,4,1703.5,368.5,1335.0,2072,,
ncgc00241357-01,2,0,4,1703.5,121.5,1582.0,1825,,
BRD-K51377689,2,0,4,1704.0,510.0,1194.0,2214,,
pit,1,0,4,1704.0,0.0,,1704,,
nu 1025,1,0,4,1705.0,0.0,,1705,,
guggulsterone,2,0,4,1706.0,401.0,1305.0,2107,,
ag 538,1,0,4,1708.0,0.0,,1708,,
BRD-A41451487,2,0,4,1709.0,307.0,1402.0,2016,,
stock1s-53863,2,0,4,1709.0,430.0,1279.0,2139,,
ncgc00183913-01,1,0,4,1712.0,0.0,,1712,,
dcpib,2,0,4,1712.5,476.5,1236.0,2189,,
y-27152,2,0,4,1714.5,561.5,1153.0,2276,,
BRD-K79554012,2,0,4,1715.5,406.5,1309.0,2122,,
BRD-A60784279,1,0,4,1716.0,0.0,,1716,,
dehydroisoandosterone 3-acetate,1,0,4,1717.0,0.0,,1717,,
ki 8751,2,0,4,1717.5,365.5,1352.0,2083,,
s1172,2,0,4,1719.5,290.5,1429.0,2010,,
BRD-K53610452,2,0,4,1720.0,493.0,1227.0,2213,,
BRD-K63511615,1,0,4,1720.0,0.0,,1720,,
BRD-K23673040,2,0,4,1721.5,775.5,946.0,2497,,
pyrazolanthrone,1,0,4,1723.0,0.0,,1723,,
BRD-K90864987,1,0,4,1724.0,0.0,,1724,,
s1005,2,0,4,1724.0,495.0,1229.0,2219,,
sew 05685,2,0,4,1725.5,365.5,1360.0,2091,,
methylprednisolone,2,0,4,1726.5,534.5,1192.0,2261,,
amlodipine base,1,0,4,1727.0,0.0,,1727,,
ruxolitinib,2,0,4,1728.0,691.0,1037.0,2419,,
fenobam,2,0,4,1729.0,495.0,1234.0,2224,,
tegaserod,2,0,4,1730.0,229.0,1501.0,1959,,
peitc,2,0,4,1731.5,289.5,1442.0,2021,,
BRD-A82238138 (budesonide),2,0,4,1732.0,581.0,1151.0,2313,,
BRD-K13810148,2,0,4,1732.0,237.0,1495.0,1969,,
cyproheptadine hydrochloride,1,0,4,1732.0,0.0,,1732,,
nnc 26-9100,2,0,4,1732.5,238.5,1494.0,1971,,
BRD-K63326650,1,0,4,1735.0,0.0,,1735,,
n-benzylnaltrindole hydrochloride,2,0,4,1736.0,281.0,1455.0,2017,,
ly 288513,2,0,4,1736.5,664.5,1072.0,2401,,
amiloride hydrochloride dihydrate,2,0,4,1737.0,447.0,1290.0,2184,,
BRD-K52321331,2,0,4,1738.0,436.0,1302.0,2174,,
clobenpropit dihydrobromide,2,0,4,1739.5,366.5,1373.0,2106,,
BRD-K48950795,2,0,4,1740.0,115.0,1625.0,1855,,
cct 018159,2,0,4,1740.0,377.0,1363.0,2117,,
floxuridine,1,0,4,1740.0,0.0,,1740,,
mestanolone,2,0,4,1740.5,517.5,1223.0,2258,,
eriodyctol,1,0,4,1743.0,0.0,,1743,,
BRD-K58479490,2,0,4,1744.5,485.5,1259.0,2230,,
k784-3131,2,0,4,1744.5,316.5,1428.0,2061,,
BRD-K74989018,1,0,4,1745.0,0.0,,1745,,
BRD-K10114046,1,0,4,1746.0,0.0,,1746,,
zk 164015,2,0,4,1747.5,416.5,1331.0,2164,,
BRD-K16057611,2,0,4,1749.5,394.5,1355.0,2144,,
BRD-K30381384,1,0,4,1750.0,0.0,,1750,,
BRD-K77547920,2,0,4,1751.0,532.0,1219.0,2283,,
flucytosine,2,0,4,1752.0,176.0,1576.0,1928,,
hypericin,2,0,4,1753.5,373.5,1380.0,2127,,
btb06091sc,2,0,4,1754.0,284.0,1470.0,2038,,
BRD-K78930611,2,0,4,1755.0,297.0,1458.0,2052,,
ncgc00182833-01,1,0,4,1756.0,0.0,,1756,,
tcs 359,1,0,4,1757.0,0.0,,1757,,
thioguanosine,2,0,4,1757.0,453.0,1304.0,2210,,
phenothiazine,2,0,4,1757.5,417.5,1340.0,2175,,
BRD-K28115298,2,0,4,1758.0,660.0,1098.0,2418,,
lylamine hydrochloride,2,0,4,1759.5,222.5,1537.0,1982,,
BRD-K80094086,1,0,4,1760.0,0.0,,1760,,
t5212475,2,0,4,1763.0,404.0,1359.0,2167,,
s1022,1,0,4,1764.0,0.0,,1764,,
BRD-K33116223,1,0,4,1765.0,0.0,,1765,,
gr-235,2,0,4,1765.0,361.0,1404.0,2126,,
BRD-K93127801,2,0,4,1765.5,638.5,1127.0,2404,,
st4066738,2,0,4,1766.0,113.0,1653.0,1879,,
ncgc00182393-01,2,0,4,1766.5,534.5,1232.0,2301,,
BRD-K88198340,2,0,4,1767.5,471.5,1296.0,2239,,
hy-50877,2,0,4,1768.5,212.5,1556.0,1981,,
amlodipine besylate,2,0,4,1770.0,582.0,1188.0,2352,,
oxymetholone,2,0,4,1770.5,535.5,1235.0,2306,,
BRD-K07790824,2,0,4,1771.0,437.0,1334.0,2208,,
cefatrizine propylene glycol,1,0,4,1774.0,0.0,,1774,,
granisetron,2,0,4,1775.5,393.5,1382.0,2169,,
BRD-K06765193,2,0,4,1777.0,494.0,1283.0,2271,,
jlk 6,2,0,4,1777.5,419.5,1358.0,2197,,
fenoldopam hydrochloride,1,0,4,1778.0,0.0,,1778,,
suloctidil,2,0,4,1779.0,463.0,1316.0,2242,,
ncgc00182361-01,2,0,4,1779.5,610.5,1169.0,2390,,
7b-cis,2,0,4,1780.0,397.0,1383.0,2177,,
ossk 647368,2,0,4,1780.0,597.0,1183.0,2377,,
h-5832,1,0,4,1781.0,0.0,,1781,,
thiostrepton,2,0,4,1781.5,420.5,1361.0,2202,,
BRD-K02174945,2,0,4,1782.0,536.0,1246.0,2318,,
tl hras24 brd-k93060291,2,0,4,1782.0,379.0,1403.0,2161,,
dihydroergocristine,1,0,4,1784.0,0.0,,1784,,
BRD-K30647638,1,0,4,1788.0,0.0,,1788,,
BRD-K25144184,1,0,4,1789.0,0.0,,1789,,
mls-0390857.0001,2,0,4,1790.0,308.0,1482.0,2098,,
pz0013,1,0,4,1790.0,0.0,,1790,,
BRD-K18163752,2,0,4,1792.5,311.5,1481.0,2104,,
BRD-K14316227,1,0,4,1793.0,0.0,,1793,,
ossk 645668,2,0,4,1796.0,363.0,1433.0,2159,,
ncgc00183387-01,1,0,4,1797.0,0.0,,1797,,
s1040,2,0,4,1797.5,230.5,1567.0,2028,,
BRD-K93215584,2,0,4,1799.5,536.5,1263.0,2336,,
ly 303511,1,0,4,1801.0,0.0,,1801,,
s1452,2,0,4,1801.5,594.5,1207.0,2396,,
arg-a1-2 brd-k39580048,2,0,4,1805.0,529.0,1276.0,2334,,
sdz 21009,1,0,4,1805.0,0.0,,1805,,
BRD-A18725729,2,0,4,1805.5,411.5,1394.0,2217,,
BRD-A83124583,2,0,4,1805.5,651.5,1154.0,2457,,
"tamoxifen, 4-hydroxy-, (z)-",2,0,4,1805.5,354.5,1451.0,2160,,
lenalidomide,1,0,4,1806.0,0.0,,1806,,
BRD-K12393722,2,0,4,1807.0,416.0,1391.0,2223,,
bendroflumethiazide,2,0,4,1809.0,627.0,1182.0,2436,,
ncgc00012272-02,2,0,4,1809.5,201.5,1608.0,2011,,
thiocolchicoside,2,0,4,1810.0,612.0,1198.0,2422,,
niguldipine,2,0,4,1810.5,319.5,1491.0,2130,,
BRD-A52193669,2,0,4,1811.5,670.5,1141.0,2482,,
BRD-K50204028,1,0,4,1813.0,0.0,,1813,,
qs 11,2,0,4,1814.0,436.0,1378.0,2250,,
ncgc00181920-01,1,0,4,1815.0,0.0,,1815,,
bas 09104376,2,0,4,1816.0,427.0,1389.0,2243,,
ei-247,1,0,4,1816.0,0.0,,1816,,
fit,2,0,4,1818.5,437.5,1381.0,2256,,
5-nonyloxytryptamine,2,0,4,1819.0,412.0,1407.0,2231,,
ag 957,2,0,4,1820.0,472.0,1348.0,2292,,
BRD-K71574320,1,0,4,1822.0,0.0,,1822,,
doxylamine succinate,1,0,4,1824.0,0.0,,1824,,
beclomethasone,1,0,4,1826.0,0.0,,1826,,
BRD-K55844427,2,0,4,1827.0,363.0,1464.0,2190,,
vinblastine sulfate,2,0,4,1827.0,452.0,1375.0,2279,,
BRD-K83816656,2,0,4,1827.5,324.5,1503.0,2152,,
bas 02859604,1,0,4,1828.0,0.0,,1828,,
phorbol-12-myristate-13-acetate (pma),2,0,4,1828.0,353.0,1475.0,2181,,
BRD-K51556300,2,0,4,1829.5,356.5,1473.0,2186,,
ay 9944,2,0,4,1829.5,499.5,1330.0,2329,,
BRD-K33680967,1,0,4,1830.0,0.0,,1830,,
BRD-K03736784,2,0,4,1830.5,417.5,1413.0,2248,,
lfm-a13,2,0,4,1830.5,387.5,1443.0,2218,,
racecadotril,1,0,4,1832.0,0.0,,1832,,
oxprenolol hydrochloride,1,0,4,1833.0,0.0,,1833,,
BRD-A25337146,2,0,4,1834.0,480.0,1354.0,2314,,
BRD-K49553303,1,0,4,1835.0,0.0,,1835,,
bcl-2 inhibitor,2,0,4,1835.5,249.5,1586.0,2085,,
ncgc00167398-02,2,0,4,1835.5,677.5,1158.0,2513,,
BRD-K53932786,2,0,4,1836.0,279.0,1557.0,2115,,
BRD-K72381041,2,0,4,1836.0,486.0,1350.0,2322,,
tyrphostin 47,1,0,4,1836.0,0.0,,1836,,
b4313,2,0,4,1837.0,458.0,1379.0,2295,,
BRD-K79390395,2,0,4,1838.0,285.0,1553.0,2123,,
"l-701,252",2,0,4,1839.0,399.0,1440.0,2238,,
l-sulforophane,2,0,4,1839.5,559.5,1280.0,2399,,
15-delta prostaglandin j2,2,0,4,1840.5,624.5,1216.0,2465,,
BRD-K55722623,2,0,4,1841.5,206.5,1635.0,2048,,
BRD-K38625260,1,0,4,1842.0,0.0,,1842,,
BRD-K42499654,2,0,4,1842.5,427.5,1415.0,2270,,
BRD-K10906552,2,0,4,1843.5,328.5,1515.0,2172,,
st056792,2,0,4,1843.5,531.5,1312.0,2375,,
ag 592,2,0,4,1844.5,204.5,1640.0,2049,,
fenretinide,2,0,4,1844.5,479.5,1365.0,2324,,
mw-a1-14 brd-k32010074,2,0,4,1844.5,210.5,1634.0,2055,,
puromycin dihydrochloride,2,0,4,1844.5,721.5,1123.0,2566,,
BRD-K05520923,1,0,4,1845.0,0.0,,1845,,
1483-0018,2,0,4,1846.0,327.0,1519.0,2173,,
fu jmbii105b,1,0,4,1847.0,0.0,,1847,,
BRD-K61105081,1,0,4,1848.0,0.0,,1848,,
isoquercitrin,2,0,4,1851.0,484.0,1367.0,2335,,
triamterene,1,0,4,1851.0,0.0,,1851,,
spironolactone,1,0,4,1852.0,0.0,,1852,,
BRD-K96704748,1,0,4,1853.0,0.0,,1853,,
"l-741,626",2,0,4,1853.5,448.5,1405.0,2302,,
BRD-K20492338,2,0,4,1855.5,467.5,1388.0,2323,,
BRD-K11671649,1,0,4,1856.0,0.0,,1856,,
"l-741,742 hydrochloride",1,0,4,1857.0,0.0,,1857,,
kirromycin,1,0,4,1858.0,0.0,,1858,,
thiazolopyrimidine,2,0,4,1858.0,488.0,1370.0,2346,,
amitriptyline hydrochloride,1,0,4,1861.0,0.0,,1861,,
BRD-K91449330,1,0,4,1862.0,0.0,,1862,,
zileuton,2,0,4,1862.0,543.0,1319.0,2405,,
BRD-K33720394,2,0,4,1862.5,256.5,1606.0,2119,,
apo866,1,0,4,1864.0,0.0,,1864,,
BRD-K75308990,1,0,4,1865.0,0.0,,1865,,
f4679,2,0,4,1865.5,310.5,1555.0,2176,,
BRD-A06664848,2,0,4,1866.5,495.5,1371.0,2362,,
BRD-A58924247,2,0,4,1867.0,491.0,1376.0,2358,,
BRD-K32896438,2,0,4,1867.5,618.5,1249.0,2486,,
BRD-A50774520,2,0,4,1868.0,650.0,1218.0,2518,,
t5323840,2,0,4,1868.5,422.5,1446.0,2291,,
amyleine hydrochloride,1,0,4,1869.0,0.0,,1869,,
BRD-K05331696,2,0,4,1870.0,266.0,1604.0,2136,,
KIN001-242,1,0,4,1870.0,0.0,,1870,,
fu jmbii227b,2,0,4,1870.0,399.0,1471.0,2269,,
pha 665752,2,0,4,1870.0,417.0,1453.0,2287,,
BRD-K31688005,1,0,4,1871.0,0.0,,1871,,
brazilin,2,0,4,1874.5,525.5,1349.0,2400,,
triclosan,2,0,4,1874.5,215.5,1659.0,2090,,
oxybenzone,1,0,4,1878.0,0.0,,1878,,
hydrastinine hydrochloride,1,0,4,1880.0,0.0,,1880,,
sodium dehydrocholate,1,0,4,1881.0,0.0,,1881,,
BRD-A59145032,2,0,4,1882.0,317.0,1565.0,2199,,
api-2,2,0,4,1882.5,275.5,1607.0,2158,,
BRD-K09854848,2,0,4,1883.5,332.5,1551.0,2216,,
BRD-K41931739,1,0,4,1884.0,0.0,,1884,,
etomidate,2,0,4,1884.0,539.0,1345.0,2423,,
BRD-K41557448,2,0,4,1886.0,487.0,1399.0,2373,,
gr-237,2,0,4,1886.0,500.0,1386.0,2386,,
ncgc00181921-02,1,0,4,1887.0,0.0,,1887,,
fluocinonide,1,0,4,1889.0,0.0,,1889,,
BRD-A83802330,1,0,4,1891.0,0.0,,1891,,
nsc 693868,1,0,4,1893.0,0.0,,1893,,
dcb,2,0,4,1893.5,500.5,1393.0,2394,,
BRD-A11929187,1,0,4,1897.0,0.0,,1897,,
amodiaquin dihydrochloride dihydrate,2,0,4,1897.0,304.0,1593.0,2201,,
s1011,2,0,4,1899.0,465.0,1434.0,2364,,
triciribine,2,0,4,1900.0,638.0,1262.0,2538,,
at-mlpcn csc-006,2,0,4,1900.5,236.5,1664.0,2137,,
BRD-K52914903,2,0,4,1902.0,560.0,1342.0,2462,,
BRD-K80786583,2,0,4,1902.0,398.0,1504.0,2300,,
BRD-K92301463,2,0,4,1902.5,556.5,1346.0,2459,,
zolantidine dimaleate,1,0,4,1903.0,0.0,,1903,,
BRD-K34508425,1,0,4,1904.0,0.0,,1904,,
BRD-K93578426,2,0,4,1907.0,236.0,1671.0,2143,,
thapsigargin,2,0,4,1907.0,418.0,1489.0,2325,,
y27632,1,0,4,1907.0,0.0,,1907,,
ncgc00182353-01,1,0,4,1908.0,0.0,,1908,,
BRD-K00954209,1,0,4,1909.0,0.0,,1909,,
"amethopterin (r,s)",1,0,4,1911.0,0.0,,1911,,
t5247673,2,0,4,1911.5,366.5,1545.0,2278,,
bithionate sodium,2,0,4,1912.0,354.0,1558.0,2266,,
s1148,1,0,4,1912.0,0.0,,1912,,
flavokawain b,2,0,4,1914.5,305.5,1609.0,2220,,
nsc 95397,2,0,4,1914.5,352.5,1562.0,2267,,
BRD-K29622226,2,0,4,1916.0,486.0,1430.0,2402,,
z-leu3-vs,2,0,4,1918.5,518.5,1400.0,2437,,
BRD-K67847053 (guanabenz acetate),2,0,4,1920.0,638.0,1282.0,2558,,
hexylresorcinol,1,0,4,1920.0,0.0,,1920,,
BRD-A68061604,2,0,4,1921.0,460.0,1461.0,2381,,
BRD-K10649245,1,0,4,1921.0,0.0,,1921,,
np-009169,2,0,4,1921.5,456.5,1465.0,2378,,
"methyl 2,5-dihydroxycinnamate",2,0,4,1922.0,484.0,1438.0,2406,,
ncgc00182607-01,2,0,4,1923.0,498.0,1425.0,2421,,
s1142,2,0,4,1923.5,502.5,1421.0,2426,,
BRD-K89451433,1,0,4,1924.0,0.0,,1924,,
l469480,1,0,4,1925.0,0.0,,1925,,
BRD-K45205755,2,0,4,1926.0,414.0,1512.0,2340,,
minocycline hydrochloride,1,0,4,1926.0,0.0,,1926,,
deacetoxy-7-oxisogedunin,2,0,4,1926.5,346.5,1580.0,2273,,
bms 299897,1,0,4,1931.0,0.0,,1931,,
BRD-K64517075,2,0,4,1932.5,278.5,1654.0,2211,,
cgp 53353,1,0,4,1933.0,0.0,,1933,,
trioxsalen,1,0,4,1935.0,0.0,,1935,,
s1169,1,0,4,1936.0,0.0,,1936,,
syrosingopine,1,0,4,1938.0,0.0,,1938,,
BRD-K36354764,2,0,4,1938.5,445.5,1493.0,2384,,
flurandrenolide,2,0,4,1938.5,354.5,1584.0,2293,,
physostigmine salicylate,1,0,4,1940.0,0.0,,1940,,
bw 723c86 hydrochloride,1,0,4,1941.0,0.0,,1941,,
t0516-4420,2,0,4,1941.0,356.0,1585.0,2297,,
clofibrate,1,0,4,1943.0,0.0,,1943,,
ca-074-me,2,0,4,1943.5,316.5,1627.0,2260,,
1-benzylimidazole,1,0,4,1944.0,0.0,,1944,,
BRD-K46681113,2,0,4,1944.5,496.5,1448.0,2441,,
D-4476,1,0,4,1946.0,0.0,,1946,,
protriptyline hydrochloride,2,0,4,1946.5,502.5,1444.0,2449,,
BRD-K66254772,2,0,4,1949.0,480.0,1469.0,2429,,
BRD-K75418381,1,0,4,1950.0,0.0,,1950,,
BRD-K91145395,2,0,4,1950.5,331.5,1619.0,2282,,
BRD-K72817452,1,0,4,1952.0,0.0,,1952,,
BRD-K94991378,2,0,4,1952.0,613.0,1339.0,2565,,
linezolid,1,0,4,1953.0,0.0,,1953,,
nifedipine,2,0,4,1954.0,509.0,1445.0,2463,,
BRD-K41220170,2,0,4,1955.0,299.0,1656.0,2254,,
BRD-A37735495,2,0,4,1956.0,457.0,1499.0,2413,,
s1140,1,0,4,1956.0,0.0,,1956,,
BRD-K67090983,2,0,4,1957.0,370.0,1587.0,2327,,
BRD-K64366758,2,0,4,1957.5,437.5,1520.0,2395,,
westcort,2,0,4,1957.5,480.5,1477.0,2438,,
piceatannol,2,0,4,1960.5,377.5,1583.0,2338,,
BRD-K23644387,2,0,4,1961.0,463.0,1498.0,2424,,
e6 berbamine,2,0,4,1962.0,588.0,1374.0,2550,,
BRD-K00627859,2,0,4,1963.5,332.5,1631.0,2296,,
ncgc00182371-01,2,0,4,1964.0,569.0,1395.0,2533,,
ns-1619,1,0,4,1964.0,0.0,,1964,,
gangleoidin acetate,1,0,4,1965.0,0.0,,1965,,
bo2 (inhibits rad51),2,0,4,1966.0,422.0,1544.0,2388,,
candesartan,2,0,4,1966.0,487.0,1479.0,2453,,
ncgc00182390-01,2,0,4,1967.5,513.5,1454.0,2481,,
ncgc00242335-01,2,0,4,1967.5,444.5,1523.0,2412,,
gr-103,2,0,4,1968.5,396.5,1572.0,2365,,
cgk 733,2,0,4,1971.0,345.0,1626.0,2316,,
mw-a1-12,2,0,4,1971.0,475.0,1496.0,2446,,
BRD-A25088322,2,0,4,1972.0,336.0,1636.0,2308,,
BRD-A30395175,2,0,4,1972.0,426.0,1546.0,2398,,
BRD-K31706415,1,0,4,1972.0,0.0,,1972,,
prestw-550,2,0,4,1973.5,433.5,1540.0,2407,,
chlorpromazine,2,0,4,1974.0,442.0,1532.0,2416,,
pd 166793,1,0,4,1974.0,0.0,,1974,,
CG-930,1,0,4,1976.0,0.0,,1976,,
capsazepine,2,0,4,1980.5,433.5,1547.0,2414,,
nsc 632839 hydrochloride,2,0,4,1983.5,433.5,1550.0,2417,,
jzl-184,1,0,4,1984.0,0.0,,1984,,
BRD-K68588778,1,0,4,1986.0,0.0,,1986,,
t5345967,2,0,4,1986.5,344.5,1642.0,2331,,
BRD-K60895275,2,0,4,1987.0,343.0,1644.0,2330,,
ABT-737,1,0,4,1989.0,0.0,,1989,,
BRD-K16180117,1,0,4,1993.0,0.0,,1993,,
BRD-K55612480,1,0,4,1994.0,0.0,,1994,,
pd 407824,2,0,4,1994.5,425.5,1569.0,2420,,
BRD-K06217810,1,0,4,1997.0,0.0,,1997,,
BRD-K35133769,2,0,4,1997.5,429.5,1568.0,2427,,
BRD-K86899078,2,0,4,1998.0,417.0,1581.0,2415,,
pf3845,1,0,4,1999.0,0.0,,1999,,
"nf-kb activation inhibitor ii, jsh-23",2,0,4,1999.5,470.5,1529.0,2470,,
BRD-K63368502,1,0,4,2001.0,0.0,,2001,,
BRD-K71303366,2,0,4,2001.0,373.0,1628.0,2374,,
"tyrphostin b44, (+) enantiomer",1,0,4,2002.0,0.0,,2002,,
BRD-K07061353,2,0,4,2003.5,387.5,1616.0,2391,,
BRD-K39687892,2,0,4,2004.0,357.0,1647.0,2361,,
dmp 543,1,0,4,2004.0,0.0,,2004,,
ncgc00182378-01,2,0,4,2005.5,360.5,1645.0,2366,,
np-004007,1,0,4,2007.0,0.0,,2007,,
azacytidine-5,2,0,4,2009.0,479.0,1530.0,2488,,
penitrem a,1,0,4,2009.0,0.0,,2009,,
BRD-K69852452,2,0,4,2009.5,446.5,1563.0,2456,,
BRD-K14236372,2,0,4,2012.5,451.5,1561.0,2464,,
BRD-K28366633,2,0,4,2013.5,453.5,1560.0,2467,,
bl-095,2,0,4,2017.0,366.0,1651.0,2383,,
bntx maleate,2,0,4,2017.5,533.5,1484.0,2551,,
stock3s-04022,2,0,4,2018.0,422.0,1596.0,2440,,
nelfinavir,1,0,4,2019.0,0.0,,2019,,
8-{[2-oxo-2-(1-pyrrolidinyl)ethyl]thio}quinoline,2,0,4,2022.5,344.5,1678.0,2367,,
BRD-K08463963,2,0,4,2023.0,424.0,1599.0,2447,,
balsalazide,1,0,4,2023.0,0.0,,2023,,
ncgc00188535-01,2,0,4,2023.5,499.5,1524.0,2523,,
BRD-K15318909,2,0,4,2024.5,453.5,1571.0,2478,,
BRD-K36038115,1,0,4,2025.0,0.0,,2025,,
BRD-K86472598,2,0,4,2025.0,433.0,1592.0,2458,,
BRD-K07023879,1,0,4,2026.0,0.0,,2026,,
gw 7647,2,0,4,2026.5,472.5,1554.0,2499,,
methotrimeprazine maleat salt,1,0,4,2027.0,0.0,,2027,,
ursolic acid,2,0,4,2028.5,356.5,1672.0,2385,,
rosuvastatin calcium,2,0,4,2029.5,459.5,1570.0,2489,,
BRD-K92470030,1,0,4,2030.0,0.0,,2030,,
mls-0315771.0001,2,0,4,2030.0,466.0,1564.0,2496,,
BRD-K08451418,1,0,4,2031.0,0.0,,2031,,
BRD-A18411371,2,0,4,2031.5,434.5,1597.0,2466,,
BRD-A16820783,1,0,4,2032.0,0.0,,2032,,
moclobemide,2,0,4,2032.0,544.0,1488.0,2576,,
hemicholinium bromide,1,0,4,2033.0,0.0,,2033,,
np-007374,2,0,4,2035.5,469.5,1566.0,2505,,
BRD-K26300881,2,0,4,2036.0,534.0,1502.0,2570,,
bmy 45778,2,0,4,2037.5,422.5,1615.0,2460,,
BRD-A40431293,2,0,4,2039.5,451.5,1588.0,2491,,
mls-0075347.0001,1,0,4,2040.0,0.0,,2040,,
BRD-K21773564,2,0,4,2040.5,501.5,1539.0,2542,,
st4062971,1,0,4,2041.0,0.0,,2041,,
cosmosiin,1,0,4,2042.0,0.0,,2042,,
psh 025,1,0,4,2044.0,0.0,,2044,,
BRD-K48803730,1,0,4,2045.0,0.0,,2045,,
BRD-K60070073,2,0,4,2045.0,511.0,1534.0,2556,,
ncgc00242337-01,1,0,4,2046.0,0.0,,2046,,
rs 100329 hydrochloride,1,0,4,2047.0,0.0,,2047,,
BRD-K32568627,2,0,4,2047.5,453.5,1594.0,2501,,
s1107,2,0,4,2048.0,391.0,1657.0,2439,,
hy-11068,2,0,4,2050.0,537.0,1513.0,2587,,
BRD-K58900438,2,0,4,2050.5,524.5,1526.0,2575,,
mls-0425600,1,0,4,2051.0,0.0,,2051,,
BRD-K50234570,2,0,4,2052.0,477.0,1575.0,2529,,
SB-203580,1,0,4,2053.0,0.0,,2053,,
ncgc00242340-01,2,0,4,2055.5,418.5,1637.0,2474,,
km03472sc,1,0,4,2058.0,0.0,,2058,,
BRD-K03122949,1,0,4,2059.0,0.0,,2059,,
thalidomide,1,0,4,2060.0,0.0,,2060,,
thimerosal,2,0,4,2060.5,387.5,1673.0,2448,,
BRD-K28610502,1,0,4,2063.0,0.0,,2063,,
BRD-K56593336,2,0,4,2064.0,412.0,1652.0,2476,,
dihydroergocristine mesylate,1,0,4,2064.0,0.0,,2064,,
BRD-A93393712,2,0,4,2064.5,441.5,1623.0,2506,,
BRD-K96433222,1,0,4,2065.0,0.0,,2065,,
BRD-K71935468,2,0,4,2066.0,517.0,1549.0,2583,,
BRD-K03857568,2,0,4,2070.0,456.0,1614.0,2526,,
gatifloxacin,1,0,4,2071.0,0.0,,2071,,
BRD-K07395346,1,0,4,2073.0,0.0,,2073,,
BRD-K85818861,2,0,4,2075.0,453.0,1622.0,2528,,
ipratropium bromide,2,0,4,2075.5,432.5,1643.0,2508,,
BRD-K03371390,2,0,4,2076.5,455.5,1621.0,2532,,
BRD-A68065211,2,0,4,2077.5,466.5,1611.0,2544,,
cam-9-021 brd-k05563014,1,0,4,2078.0,0.0,,2078,,
ssr 69071,2,0,4,2078.5,411.5,1667.0,2490,,
BRD-K88868628,2,0,4,2079.0,416.0,1663.0,2495,,
BRD-K96274284,1,0,4,2079.0,0.0,,2079,,
ncgc00188536-01,2,0,4,2079.5,469.5,1610.0,2549,,
BRD-K79779816,1,0,4,2081.0,0.0,,2081,,
np-010155,1,0,4,2082.0,0.0,,2082,,
BRD-K14704318,2,0,4,2084.5,472.5,1612.0,2557,,
clocortolone pivalate,2,0,4,2084.5,426.5,1658.0,2511,,
BRD-K52678950,2,0,4,2085.0,496.0,1589.0,2581,,
dioxybenzone,1,0,4,2086.0,0.0,,2086,,
ag 18,2,0,4,2086.5,485.5,1601.0,2572,,
BRD-K81609421,1,0,4,2087.0,0.0,,2087,,
BRD-A49848186,2,0,4,2088.5,426.5,1662.0,2515,,
BRD-K21672423,2,0,4,2088.5,470.5,1618.0,2559,,
BRD-K58547240,2,0,4,2090.0,420.0,1670.0,2510,,
mercaptopurine,2,0,4,2092.5,443.5,1649.0,2536,,
BRD-K58347372,2,0,4,2094.5,419.5,1675.0,2514,,
BRD-A30455275,1,0,4,2095.0,0.0,,2095,,
BRD-A77467113,2,0,4,2095.0,495.0,1600.0,2590,,
cgp 52432,2,0,4,2098.5,485.5,1613.0,2584,,
BRD-K53592093,2,0,4,2099.0,469.0,1630.0,2568,,
BRD-K37340241,2,0,4,2099.5,425.5,1674.0,2525,,
src kinase inhibitor ii,1,0,4,2102.0,0.0,,2102,,
BRD-K41925105,2,0,4,2104.5,436.5,1668.0,2541,,
BRD-A80536908,1,0,4,2105.0,0.0,,2105,,
diphenylcyclopropenone,2,0,4,2105.0,472.0,1633.0,2577,,
BRD-A06929388,2,0,4,2106.0,482.0,1624.0,2588,,
hts 10765,1,0,4,2108.0,0.0,,2108,,
BRD-K91913968,2,0,4,2110.5,449.5,1661.0,2560,,
BRD-K94127894,1,0,4,2111.0,0.0,,2111,,
ncgc00183237-01,2,0,4,2111.5,461.5,1650.0,2573,,
clomid,1,0,4,2112.0,0.0,,2112,,
BRD-K16533489,2,0,4,2113.0,467.0,1646.0,2580,,
chemistry 1735,1,0,4,2113.0,0.0,,2113,,
BRD-K77877933,2,0,4,2114.0,448.0,1666.0,2562,,
ncgc00012588-02,1,0,4,2116.0,0.0,,2116,,
dicloxacillin sodium salt hydrate,1,0,4,2120.0,0.0,,2120,,
pindolol,1,0,4,2121.0,0.0,,2121,,
ei-328,2,0,4,2122.5,462.5,1660.0,2585,,
wr 216174,2,0,4,2122.5,446.5,1676.0,2569,,
indirubin-3?-monoxime,1,0,4,2125.0,0.0,,2125,,
mrs 1220,2,0,4,2125.5,456.5,1669.0,2582,,
BRD-K64525051,1,0,4,2128.0,0.0,,2128,,
paxilline,1,0,4,2131.0,0.0,,2131,,
mammea a/ba + a/bb,1,0,4,2133.0,0.0,,2133,,
g5797,2,0,4,2135.0,458.0,1677.0,2593,,
BRD-K53566850,1,0,4,2138.0,0.0,,2138,,
ei-189,1,0,4,2140.0,0.0,,2140,,
BRD-K51189903,1,0,4,2142.0,0.0,,2142,,
BRD-A15914070,1,0,4,2145.0,0.0,,2145,,
BRD-K31491153,1,0,4,2146.0,0.0,,2146,,
BRD-K58618158,1,0,4,2147.0,0.0,,2147,,
BRD-A81282034,1,0,4,2153.0,0.0,,2153,,
ncgc00167098-01,1,0,4,2154.0,0.0,,2154,,
ncgc00011606-02,1,0,4,2155.0,0.0,,2155,,
BRD-K08325710,1,0,4,2156.0,0.0,,2156,,
BRD-K60067222,1,0,4,2162.0,0.0,,2162,,
s1093,1,0,4,2170.0,0.0,,2170,,
idoxuridine,1,0,4,2171.0,0.0,,2171,,
BRD-A14985772,1,0,4,2178.0,0.0,,2178,,
BRD-K57678861,1,0,4,2183.0,0.0,,2183,,
d 4476,1,0,4,2185.0,0.0,,2185,,
akt inhibitor x,1,0,4,2188.0,0.0,,2188,,
dibenzyline,1,0,4,2191.0,0.0,,2191,,
BRD-K38483076,1,0,4,2194.0,0.0,,2194,,
bacampicillin hydrochloride,1,0,4,2195.0,0.0,,2195,,
np-006304,1,0,4,2196.0,0.0,,2196,,
ly 364947,1,0,4,2200.0,0.0,,2200,,
BRD-K02558072,1,0,4,2203.0,0.0,,2203,,
BRD-K81365078,1,0,4,2205.0,0.0,,2205,,
t5220758,1,0,4,2206.0,0.0,,2206,,
spiperone,1,0,4,2207.0,0.0,,2207,,
toremifene,1,0,4,2212.0,0.0,,2212,,
BRD-K30802967,1,0,4,2215.0,0.0,,2215,,
"na-tosyl-lys chloromethyl ketone, hydrochloride",1,0,4,2221.0,0.0,,2221,,
riluzole hydrochloride,1,0,4,2226.0,0.0,,2226,,
fluphenazine dihydrochloride,1,0,4,2233.0,0.0,,2233,,
BRD-K24705176,1,0,4,2234.0,0.0,,2234,,
sb 431542,1,0,4,2235.0,0.0,,2235,,
BRD-K51791390,1,0,4,2237.0,0.0,,2237,,
BRD-K97926541,1,0,4,2240.0,0.0,,2240,,
chlormadinone acetate,1,0,4,2246.0,0.0,,2246,,
GSK-J2,1,0,4,2251.0,0.0,,2251,,
ncgc00182392-01,1,0,4,2255.0,0.0,,2255,,
duloxetine hydrochloride,1,0,4,2262.0,0.0,,2262,,
BRD-A75301702,1,0,4,2263.0,0.0,,2263,,
BRD-K85660637,1,0,4,2265.0,0.0,,2265,,
trifluridine,1,0,4,2268.0,0.0,,2268,,
y-27632,1,0,4,2272.0,0.0,,2272,,
ranitidine hydrochloride,1,0,4,2274.0,0.0,,2274,,
e933505,1,0,4,2275.0,0.0,,2275,,
emd 386088 hydrochloride,1,0,4,2277.0,0.0,,2277,,
nu7026,1,0,4,2280.0,0.0,,2280,,
BRD-K98834634,1,0,4,2281.0,0.0,,2281,,
BRD-K74029109,1,0,4,2286.0,0.0,,2286,,
BRD-K57309821,1,0,4,2288.0,0.0,,2288,,
nifuroxazide,1,0,4,2290.0,0.0,,2290,,
BRD-K43226598,1,0,4,2294.0,0.0,,2294,,
BRD-U44700465,1,0,4,2298.0,0.0,,2298,,
amg 9810,1,0,4,2299.0,0.0,,2299,,
masitinib,1,0,4,2304.0,0.0,,2304,,
vu0404997-2,1,0,4,2305.0,0.0,,2305,,
sappanone a trimethyl ether,1,0,4,2310.0,0.0,,2310,,
BRD-K89329876,1,0,4,2311.0,0.0,,2311,,
ncgc00238548-02,1,0,4,2315.0,0.0,,2315,,
domperidone,1,0,4,2319.0,0.0,,2319,,
fosfosal,1,0,4,2320.0,0.0,,2320,,
BRD-K25150581,1,0,4,2321.0,0.0,,2321,,
anagrelide hydrochloride,1,0,4,2328.0,0.0,,2328,,
t5715534,1,0,4,2332.0,0.0,,2332,,
ncgc00188537-01,1,0,4,2333.0,0.0,,2333,,
fk506,1,0,4,2337.0,0.0,,2337,,
cjd-pla-49-3,1,0,4,2339.0,0.0,,2339,,
tpl2,1,0,4,2341.0,0.0,,2341,,
BRD-K88742110,1,0,4,2344.0,0.0,,2344,,
talniflumate,1,0,4,2348.0,0.0,,2348,,
BRD-K73155123,1,0,4,2351.0,0.0,,2351,,
meloxicam sodium,1,0,4,2353.0,0.0,,2353,,
daphnetin,1,0,4,2354.0,0.0,,2354,,
"ici-199,441 hydrochloride",1,0,4,2359.0,0.0,,2359,,
BRD-K64314806,1,0,4,2360.0,0.0,,2360,,
BRD-K42687792,1,0,4,2370.0,0.0,,2370,,
BRD-K80346834,1,0,4,2376.0,0.0,,2376,,
diethylstilbestrol,1,0,4,2380.0,0.0,,2380,,
moban,1,0,4,2382.0,0.0,,2382,,
triprolidine hydrochloride,1,0,4,2387.0,0.0,,2387,,
rhodomyrtoxin,1,0,4,2389.0,0.0,,2389,,
BRD-K64885524,1,0,4,2392.0,0.0,,2392,,
BRD-K98856658,1,0,4,2397.0,0.0,,2397,,
BRD-K96167523,1,0,4,2408.0,0.0,,2408,,
tl hras27 brd-k15166186,1,0,4,2409.0,0.0,,2409,,
BRD-K05323277,1,0,4,2410.0,0.0,,2410,,
mls-0435555.0001,1,0,4,2411.0,0.0,,2411,,
BRD-K94544211,1,0,4,2425.0,0.0,,2425,,
tubocurarine chloride pentahydrate (+),1,0,4,2430.0,0.0,,2430,,
vu0413247-1,1,0,4,2431.0,0.0,,2431,,
ter14687,1,0,4,2434.0,0.0,,2434,,
bucladesine sodium salt,1,0,4,2442.0,0.0,,2442,,
BRD-A76641868,1,0,4,2443.0,0.0,,2443,,
dm-100,1,0,4,2444.0,0.0,,2444,,
ncgc00182364-01,1,0,4,2445.0,0.0,,2445,,
BRD-K71199328,1,0,4,2450.0,0.0,,2450,,
t0513-6584,1,0,4,2451.0,0.0,,2451,,
mls-0216981,1,0,4,2454.0,0.0,,2454,,
nrb 03823,1,0,4,2461.0,0.0,,2461,,
BRD-K62019540,1,0,4,2468.0,0.0,,2468,,
BRD-A10523515,1,0,4,2471.0,0.0,,2471,,
sdz nkt 343,1,0,4,2472.0,0.0,,2472,,
BRD-K69406317,1,0,4,2475.0,0.0,,2475,,
w-9 hydrochloride,1,0,4,2477.0,0.0,,2477,,
sulindac,1,0,4,2479.0,0.0,,2479,,
1391-0741,1,0,4,2483.0,0.0,,2483,,
BRD-K57016430,1,0,4,2484.0,0.0,,2484,,
BRD-K27169919,1,0,4,2485.0,0.0,,2485,,
BRD-K00824317 (flurandrenolide),1,0,4,2487.0,0.0,,2487,,
aicar,1,0,4,2493.0,0.0,,2493,,
BRD-K23931216,1,0,4,2500.0,0.0,,2500,,
KI20227,1,0,4,2502.0,0.0,,2502,,
"cp 55,940",1,0,4,2503.0,0.0,,2503,,
ribavirin,1,0,4,2504.0,0.0,,2504,,
indole-3-carbinol,1,0,4,2507.0,0.0,,2507,,
BRD-K37270826 (mifepristone),1,0,4,2516.0,0.0,,2516,,
ncgc00185837-02,1,0,4,2517.0,0.0,,2517,,
BRD-K58306044,1,0,4,2519.0,0.0,,2519,,
BRD-K71835137,1,0,4,2520.0,0.0,,2520,,
BRD-K01806521,1,0,4,2522.0,0.0,,2522,,
BRD-K27630390,1,0,4,2524.0,0.0,,2524,,
amoxapine,1,0,4,2530.0,0.0,,2530,,
tizanidine hcl,1,0,4,2531.0,0.0,,2531,,
baeomycesic acid,1,0,4,2534.0,0.0,,2534,,
BRD-A31374339,1,0,4,2535.0,0.0,,2535,,
s1252,1,0,4,2537.0,0.0,,2537,,
mls-0425618,1,0,4,2539.0,0.0,,2539,,
BRD-A61858259,1,0,4,2543.0,0.0,,2543,,
ncgc00188531-01,1,0,4,2545.0,0.0,,2545,,
UNC669,1,0,4,2546.0,0.0,,2546,,
BRD-K35573744,1,0,4,2548.0,0.0,,2548,,
tridihexethyl chloride,1,0,4,2552.0,0.0,,2552,,
haloprogin,1,0,4,2553.0,0.0,,2553,,
BRD-K33164466,1,0,4,2554.0,0.0,,2554,,
mls-0351065,1,0,4,2555.0,0.0,,2555,,
KIN001-266,1,0,4,2561.0,0.0,,2561,,
bl-081,1,0,4,2564.0,0.0,,2564,,
BRD-K73285375,1,0,4,2567.0,0.0,,2567,,
BRD-A68739437,1,0,4,2571.0,0.0,,2571,,
srt-1720,1,0,4,2574.0,0.0,,2574,,
benzonatate,1,0,4,2578.0,0.0,,2578,,
BRD-K87426499,1,0,4,2579.0,0.0,,2579,,
dihydrosamidin,1,0,4,2586.0,0.0,,2586,,
"fluphenazine-n-2-chloroethane, dihydrochloride",1,0,4,2589.0,0.0,,2589,,
c247,1,0,4,2591.0,0.0,,2591,,
BRD-K93229693,1,0,4,2592.0,0.0,,2592,,
