compound,score,supporting_contexts,contexts,supporting_signatures,signatures,consistency,permutation_p,permutation_fdr,naive_overlap,interpretation,rank
palbociclib,-0.2727435502293217,51,51,51,51,1.0,0.009900990099009901,0.07276374189143052,49.90196078431372,Computational reversal candidate for further investigation.,1
KIN001-127,-0.21413405675309266,6,6,6,6,1.0,0.009900990099009901,0.07276374189143052,39.333333333333336,Computational reversal candidate for further investigation.,2
BMS509744,-0.21269710967839062,5,5,5,5,1.0,0.009900990099009901,0.07276374189143052,35.8,Computational reversal candidate for further investigation.,3
AZD-8330,-0.17562099745122678,35,35,35,35,1.0,0.009900990099009901,0.07276374189143052,34.48571428571429,Computational reversal candidate for further investigation.,4
trametinib,-0.14561621257114235,33,36,33,36,0.9166666666666666,0.009900990099009901,0.07276374189143052,33.861111111111114,Computational reversal candidate for further investigation.,5
erlotinib,-0.13072247876423607,8,8,8,8,1.0,0.009900990099009901,0.07276374189143052,34.0,Computational reversal candidate for further investigation.,6
PD-184352,-0.1257463597468668,26,26,26,26,1.0,0.009900990099009901,0.07276374189143052,29.307692307692307,Computational reversal candidate for further investigation.,7
neratinib,-0.11963212056872122,22,22,22,22,1.0,0.009900990099009901,0.07276374189143052,22.772727272727273,Computational reversal candidate for further investigation.,8
SU-11274,-0.119299467923317,7,7,7,7,1.0,0.009900990099009901,0.07276374189143052,23.714285714285715,Computational reversal candidate for further investigation.,9
selumetinib,-0.11370772812159397,30,34,30,34,0.8823529411764706,0.009900990099009901,0.07276374189143052,27.529411764705884,Computational reversal candidate for further investigation.,10
SB590885,-0.09993421803186003,10,14,10,14,0.7142857142857143,0.009900990099009901,0.07276374189143052,21.428571428571427,Computational reversal candidate for further investigation.,11
GSK-2126458,-0.09433806616729659,79,80,79,80,0.9875,0.009900990099009901,0.07276374189143052,25.0125,Computational reversal candidate for further investigation.,12
HG-14-8-02,-0.09432972308446443,8,8,8,8,1.0,0.009900990099009901,0.07276374189143052,24.125,Computational reversal candidate for further investigation.,13
WZ-4-145,-0.09267804064644598,38,42,38,42,0.9047619047619048,0.009900990099009901,0.07276374189143052,22.452380952380953,Computational reversal candidate for further investigation.,14
garcinol,-0.08928306484152107,1,1,1,1,1.0,0.009900990099009901,0.07276374189143052,22.0,Computational reversal candidate for further investigation.,15
PI-103,-0.08669015679708596,44,47,44,47,0.9361702127659575,0.009900990099009901,0.07276374189143052,25.95744680851064,Computational reversal candidate for further investigation.,16
GDC-0941,-0.0837774387636075,37,39,37,39,0.9487179487179487,0.009900990099009901,0.07276374189143052,24.435897435897434,Computational reversal candidate for further investigation.,17
CX-5461,-0.08206789847802731,3,4,3,4,0.75,0.009900990099009901,0.07276374189143052,21.5,Computational reversal candidate for further investigation.,18
C646,-0.08204208995733578,5,5,5,5,1.0,0.009900990099009901,0.07276374189143052,18.6,Computational reversal candidate for further investigation.,19
PLX-4720,-0.07918014515414108,9,10,9,10,0.9,0.009900990099009901,0.07276374189143052,25.2,Computational reversal candidate for further investigation.,20
GW-5074,-0.07911976949800434,1,1,1,1,1.0,0.009900990099009901,0.07276374189143052,16.0,Computational reversal candidate for further investigation.,21
PD-0325901,-0.07903535572031252,58,62,156,161,0.9354838709677419,0.009900990099009901,0.07276374189143052,23.944099378881987,Computational reversal candidate for further investigation.,22
NVP-AEW541,-0.07770288632951006,8,9,8,9,0.8888888888888888,0.009900990099009901,0.07276374189143052,20.11111111111111,Computational reversal candidate for further investigation.,23
PHA-793887,-0.07713994726594238,58,64,58,64,0.90625,0.009900990099009901,0.07276374189143052,24.671875,Computational reversal candidate for further investigation.,24
WZ-4002,-0.07555353880392301,5,6,5,6,0.8333333333333334,0.009900990099009901,0.07276374189143052,18.5,Computational reversal candidate for further investigation.,25
NVP-TAE684,-0.07423373227783855,49,50,49,50,0.98,0.009900990099009901,0.07276374189143052,21.62,Computational reversal candidate for further investigation.,26
sutent,-0.0738113968218077,11,12,11,12,0.9166666666666666,0.009900990099009901,0.07276374189143052,16.5,Computational reversal candidate for further investigation.,27
torin-1,-0.07133125272259912,56,61,56,61,0.9180327868852459,0.009900990099009901,0.07276374189143052,24.81967213114754,Computational reversal candidate for further investigation.,28
foretinib,-0.07121394571184536,19,19,19,19,1.0,0.009900990099009901,0.07276374189143052,26.31578947368421,Computational reversal candidate for further investigation.,29
SGI-1776,-0.0710161040212391,4,4,4,4,1.0,0.009900990099009901,0.07276374189143052,18.25,Computational reversal candidate for further investigation.,30
NVP-BEZ235,-0.06984133635039047,62,68,62,68,0.9117647058823529,0.009900990099009901,0.07276374189143052,24.176470588235293,Computational reversal candidate for further investigation.,31
vemurafenib,-0.06757705172231665,12,14,12,14,0.8571428571428571,0.009900990099009901,0.07276374189143052,22.0,Computational reversal candidate for further investigation.,32
CGK-733,-0.06754174799672895,8,8,8,8,1.0,0.009900990099009901,0.07276374189143052,19.5,Computational reversal candidate for further investigation.,33
WYE-125132,-0.06616323928423255,66,69,66,69,0.9565217391304348,0.009900990099009901,0.07276374189143052,20.797101449275363,Computational reversal candidate for further investigation.,34
GDC-0980,-0.06607675264117617,48,52,48,52,0.9230769230769231,0.009900990099009901,0.07276374189143052,20.48076923076923,Computational reversal candidate for further investigation.,35
VE821,-0.06573611453945334,2,2,2,2,1.0,0.009900990099009901,0.07276374189143052,16.5,Computational reversal candidate for further investigation.,36
PF-3758309,-0.06571538010444146,30,30,30,30,1.0,0.009900990099009901,0.07276374189143052,17.4,Computational reversal candidate for further investigation.,37
GDC-0068,-0.06543987073722708,1,1,1,1,1.0,0.009900990099009901,0.07276374189143052,18.0,Computational reversal candidate for further investigation.,38
NVP-BGT226,-0.06451023878360478,29,29,29,29,1.0,0.009900990099009901,0.07276374189143052,20.0,Computational reversal candidate for further investigation.,39
JW-7-24-1,-0.06398923987836536,32,34,32,34,0.9411764705882353,0.009900990099009901,0.07276374189143052,23.176470588235293,Computational reversal candidate for further investigation.,40
NVP-TAE226,-0.06379679015177982,17,19,17,19,0.8947368421052632,0.009900990099009901,0.07276374189143052,15.736842105263158,Computational reversal candidate for further investigation.,41
SAR-245408,-0.06350631768122755,7,7,7,7,1.0,0.009900990099009901,0.07276374189143052,15.142857142857142,Computational reversal candidate for further investigation.,42
XMD-1499,-0.06261969992326254,3,3,3,3,1.0,0.009900990099009901,0.07276374189143052,16.666666666666668,Computational reversal candidate for further investigation.,43
HG-9-91-01,-0.0624870634854527,4,4,4,4,1.0,0.009900990099009901,0.07276374189143052,11.75,Computational reversal candidate for further investigation.,44
torin-2,-0.06148770538730499,61,72,61,72,0.8472222222222222,0.009900990099009901,0.07276374189143052,22.444444444444443,Computational reversal candidate for further investigation.,45
NVP-BGJ398,-0.06044846422662936,1,2,1,2,0.5,0.009900990099009901,0.07276374189143052,20.0,Computational reversal candidate for further investigation.,46
AT7867,-0.059798244129463864,4,4,4,4,1.0,0.009900990099009901,0.07276374189143052,17.5,Computational reversal candidate for further investigation.,47
TG-101348,-0.05776850168468354,18,21,18,21,0.8571428571428571,0.009900990099009901,0.07276374189143052,23.476190476190474,Computational reversal candidate for further investigation.,48
UNC0638,-0.05716188896820156,3,3,3,3,1.0,0.009900990099009901,0.07276374189143052,15.333333333333334,Computational reversal candidate for further investigation.,49
AZD4547,-0.05637350007463627,5,5,5,5,1.0,0.009900990099009901,0.07276374189143052,15.8,Computational reversal candidate for further investigation.,50
vandetanib,-0.05636333260094766,6,6,6,6,1.0,0.009900990099009901,0.07276374189143052,13.333333333333334,Computational reversal candidate for further investigation.,51
lapatinib,-0.05600267024776172,13,15,13,15,0.8666666666666667,0.009900990099009901,0.07276374189143052,18.066666666666666,Computational reversal candidate for further investigation.,52
ZSTK-474,-0.05570374511733483,36,38,36,38,0.9473684210526315,0.009900990099009901,0.07276374189143052,21.157894736842106,Computational reversal candidate for further investigation.,53
sorafenib,-0.054771824270603404,11,13,11,13,0.8461538461538461,0.009900990099009901,0.07276374189143052,17.076923076923077,Computational reversal candidate for further investigation.,54
A66,-0.05455079836890748,1,1,1,1,1.0,0.009900990099009901,0.07276374189143052,10.0,Computational reversal candidate for further investigation.,55
AZ-628,-0.054407867905774815,12,12,12,12,1.0,0.009900990099009901,0.07276374189143052,15.583333333333334,Computational reversal candidate for further investigation.,56
gefitinib,-0.054038945548639104,14,15,14,15,0.9333333333333333,0.009900990099009901,0.07276374189143052,24.533333333333335,Computational reversal candidate for further investigation.,57
dovitinib,-0.05372247606086271,21,24,21,24,0.875,0.009900990099009901,0.07276374189143052,27.083333333333332,Computational reversal candidate for further investigation.,58
AS-605240,-0.05351753157189129,28,29,28,29,0.9655172413793104,0.009900990099009901,0.07276374189143052,19.310344827586206,Computational reversal candidate for further investigation.,59
MGCD-265,-0.05335034034950548,3,3,3,3,1.0,0.009900990099009901,0.07276374189143052,9.666666666666666,Computational reversal candidate for further investigation.,60
alvocidib,-0.0532259346616985,63,73,63,73,0.863013698630137,0.009900990099009901,0.07276374189143052,12.835616438356164,Computational reversal candidate for further investigation.,61
DCC-2036,-0.05285555079260394,11,12,11,12,0.9166666666666666,0.009900990099009901,0.07276374189143052,14.833333333333334,Computational reversal candidate for further investigation.,62
AZD-8055,-0.05216842906661412,35,38,35,38,0.9210526315789473,0.009900990099009901,0.07276374189143052,20.657894736842106,Computational reversal candidate for further investigation.,63
JWE-035,-0.05208311302566228,8,8,8,8,1.0,0.009900990099009901,0.07276374189143052,16.25,Computational reversal candidate for further investigation.,64
canertinib,-0.05171055776110067,27,32,27,32,0.84375,0.009900990099009901,0.07276374189143052,22.28125,Computational reversal candidate for further investigation.,65
HG-6-64-01,-0.05116208924755662,27,31,27,31,0.8709677419354839,0.009900990099009901,0.07276374189143052,18.129032258064516,Computational reversal candidate for further investigation.,66
CGP-60474,-0.050799052110284855,115,124,265,276,0.9274193548387096,0.009900990099009901,0.07276374189143052,11.844202898550725,Computational reversal candidate for further investigation.,67
PD-173074,-0.0501192074835161,8,9,8,9,0.8888888888888888,0.009900990099009901,0.07276374189143052,19.0,Computational reversal candidate for further investigation.,68
dinaciclib,-0.04986889839404518,36,37,36,37,0.972972972972973,0.009900990099009901,0.07276374189143052,10.756756756756756,Computational reversal candidate for further investigation.,69
BMS-387032,-0.04926719801188521,67,78,67,78,0.8589743589743589,0.009900990099009901,0.07276374189143052,11.384615384615385,Computational reversal candidate for further investigation.,70
serdemetan,-0.048123274367384186,3,3,3,3,1.0,0.009900990099009901,0.07276374189143052,12.0,Computational reversal candidate for further investigation.,71
entinostat,-0.0479393026500277,18,19,18,19,0.9473684210526315,0.009900990099009901,0.07276374189143052,10.421052631578947,Computational reversal candidate for further investigation.,72
CTB,-0.047844291204554114,1,1,1,1,1.0,0.009900990099009901,0.07276374189143052,8.0,Computational reversal candidate for further investigation.,73
dabrafenib,-0.047271686426614834,18,20,18,20,0.9,0.009900990099009901,0.07276374189143052,12.0,Computational reversal candidate for further investigation.,74
BX-795,-0.04720949353754195,7,8,7,8,0.875,0.009900990099009901,0.07276374189143052,13.5,Computational reversal candidate for further investigation.,75
BS-181,-0.04695923767347376,3,3,3,3,1.0,0.009900990099009901,0.07276374189143052,16.0,Computational reversal candidate for further investigation.,76
crizotinib,-0.04590047845341372,15,15,15,15,1.0,0.009900990099009901,0.07276374189143052,14.133333333333333,Computational reversal candidate for further investigation.,77
PF-562271,-0.04584395157746034,26,30,26,30,0.8666666666666667,0.009900990099009901,0.07276374189143052,12.833333333333334,Computational reversal candidate for further investigation.,78
PF-431396,-0.04579583297926802,20,22,20,22,0.9090909090909091,0.009900990099009901,0.07276374189143052,11.5,Computational reversal candidate for further investigation.,79
AZD-5438,-0.045552563832265774,59,68,59,68,0.8676470588235294,0.009900990099009901,0.07276374189143052,16.735294117647058,Computational reversal candidate for further investigation.,80
PIK-93,-0.04543792610421171,13,13,13,13,1.0,0.009900990099009901,0.07276374189143052,17.153846153846153,Computational reversal candidate for further investigation.,81
KU-60019,-0.045182562769202246,4,4,4,4,1.0,0.009900990099009901,0.07276374189143052,10.5,Computational reversal candidate for further investigation.,82
NU-7441,-0.04500415288444481,14,17,14,17,0.8235294117647058,0.009900990099009901,0.07276374189143052,17.0,Computational reversal candidate for further investigation.,83
OTSSP167,-0.0448814859654455,22,23,22,23,0.9565217391304348,0.009900990099009901,0.07276374189143052,9.695652173913043,Computational reversal candidate for further investigation.,84
QL-XI-92,-0.0448736967061002,6,6,6,6,1.0,0.009900990099009901,0.07276374189143052,18.0,Computational reversal candidate for further investigation.,85
HG-14-10-04,-0.04439249624822303,13,14,13,14,0.9285714285714286,0.009900990099009901,0.07276374189143052,14.428571428571429,Computational reversal candidate for further investigation.,86
CH5424802,-0.043650916467687796,2,2,2,2,1.0,0.009900990099009901,0.07276374189143052,10.5,Computational reversal candidate for further investigation.,87
LDN-193189,-0.04278952826026529,18,20,18,20,0.9,0.009900990099009901,0.07276374189143052,13.9,Computational reversal candidate for further investigation.,88
nintedanib,-0.04269795308745641,13,14,13,14,0.9285714285714286,0.009900990099009901,0.07276374189143052,11.5,Computational reversal candidate for further investigation.,89
XMD-885,-0.042525111596722114,5,5,5,5,1.0,0.009900990099009901,0.07276374189143052,12.8,Computational reversal candidate for further investigation.,90
OSI-027,-0.04251899730458564,35,40,35,40,0.875,0.009900990099009901,0.07276374189143052,18.325,Computational reversal candidate for further investigation.,91
iniparib,-0.04231554721671654,1,1,1,1,1.0,0.009900990099009901,0.07276374189143052,6.0,Computational reversal candidate for further investigation.,92
pracinostat,-0.04223927855880099,30,31,30,31,0.967741935483871,0.009900990099009901,0.07276374189143052,14.161290322580646,Computational reversal candidate for further investigation.,93
tivozanib,-0.042114311798722624,3,3,3,3,1.0,0.009900990099009901,0.07276374189143052,8.0,Computational reversal candidate for further investigation.,94
KI20227,-0.042037348540705746,1,1,1,1,1.0,0.009900990099009901,0.07276374189143052,6.0,Computational reversal candidate for further investigation.,95
HG-5-113-01,-0.042024939805491865,15,16,15,16,0.9375,0.009900990099009901,0.07276374189143052,12.5,Computational reversal candidate for further investigation.,96
rocilinostat,-0.041926034982998135,7,8,7,8,0.875,0.009900990099009901,0.07276374189143052,10.75,Computational reversal candidate for further investigation.,97
belinostat,-0.04137505767598397,32,32,32,32,1.0,0.009900990099009901,0.07276374189143052,10.09375,Computational reversal candidate for further investigation.,98
XMD-892,-0.04062938291784122,5,6,5,6,0.8333333333333334,0.009900990099009901,0.07276374189143052,13.166666666666666,Computational reversal candidate for further investigation.,99
mocetinostat,-0.040556086086514787,18,20,18,20,0.9,0.009900990099009901,0.07276374189143052,10.45,Computational reversal candidate for further investigation.,100
MK-2206,-0.04054419935650698,16,19,16,19,0.8421052631578947,0.009900990099009901,0.07276374189143052,18.31578947368421,Computational reversal candidate for further investigation.,101
XMD-1150,-0.04011310944134052,16,19,16,19,0.8421052631578947,0.009900990099009901,0.07276374189143052,19.42105263157895,Computational reversal candidate for further investigation.,102
HG-5-88-01,-0.039986122681887004,10,10,10,10,1.0,0.009900990099009901,0.07276374189143052,11.2,Computational reversal candidate for further investigation.,103
AT-7519,-0.03998117118228949,59,64,59,64,0.921875,0.009900990099009901,0.07276374189143052,9.9375,Computational reversal candidate for further investigation.,104
JNK-9L,-0.03981201719915305,45,49,45,49,0.9183673469387755,0.009900990099009901,0.07276374189143052,11.0,Computational reversal candidate for further investigation.,105
KW-2449,-0.03972498638983653,4,5,4,5,0.8,0.009900990099009901,0.07276374189143052,14.2,Computational reversal candidate for further investigation.,106
SB-239063,-0.03949334893326689,2,2,2,2,1.0,0.009900990099009901,0.07276374189143052,5.0,Computational reversal candidate for further investigation.,107
KIN001-043,-0.039162016320133865,20,25,20,25,0.8,0.009900990099009901,0.07276374189143052,14.32,Computational reversal candidate for further investigation.,108
saracatinib,-0.039061667824607994,25,26,27,28,0.9615384615384616,0.009900990099009901,0.07276374189143052,12.357142857142858,Computational reversal candidate for further investigation.,109
dasatinib,-0.038402501649067375,63,69,116,122,0.9130434782608695,0.009900990099009901,0.07276374189143052,14.221311475409836,Computational reversal candidate for further investigation.,110
BYL719,-0.03803635393630081,8,10,8,10,0.8,0.009900990099009901,0.07276374189143052,14.6,Computational reversal candidate for further investigation.,111
BX-912,-0.03784358124667747,7,8,7,8,0.875,0.009900990099009901,0.07276374189143052,13.375,Computational reversal candidate for further investigation.,112
linsitinib,-0.03711150629882287,8,9,8,9,0.8888888888888888,0.009900990099009901,0.07276374189143052,9.777777777777779,Computational reversal candidate for further investigation.,113
methylstat,-0.036564285566003815,6,6,6,6,1.0,0.009900990099009901,0.07276374189143052,16.666666666666668,Computational reversal candidate for further investigation.,114
KIN001-265,-0.03636875684881411,4,5,4,5,0.8,0.009900990099009901,0.07276374189143052,15.8,Computational reversal candidate for further investigation.,115
INK-128,-0.03615958552249768,32,33,32,33,0.9696969696969697,0.009900990099009901,0.07276374189143052,12.545454545454545,Computational reversal candidate for further investigation.,116
WH-4-025,-0.03579309689754722,26,28,26,28,0.9285714285714286,0.009900990099009901,0.07276374189143052,15.25,Computational reversal candidate for further investigation.,117
celastrol,-0.0353579578064936,24,26,24,26,0.9230769230769231,0.009900990099009901,0.07276374189143052,14.846153846153847,Computational reversal candidate for further investigation.,118
GSK-2334470,-0.03524906159254426,3,3,3,3,1.0,0.009900990099009901,0.07276374189143052,21.0,Computational reversal candidate for further investigation.,119
mitoxantrone,-0.03500569816299726,77,85,140,150,0.9058823529411765,0.009900990099009901,0.07276374189143052,20.513333333333332,Computational reversal candidate for further investigation.,120
AZD-1480,-0.03497904570054587,1,1,1,1,1.0,0.009900990099009901,0.07276374189143052,6.0,Computational reversal candidate for further investigation.,121
enzastaurin,-0.03490129046470036,3,3,3,3,1.0,0.009900990099009901,0.07276374189143052,7.666666666666667,Computational reversal candidate for further investigation.,122
withaferin-a,-0.034896561111791805,34,36,53,56,0.9444444444444444,0.009900990099009901,0.07276374189143052,13.142857142857142,Computational reversal candidate for further investigation.,123
ponatinib,-0.034346998687719864,8,9,8,9,0.8888888888888888,0.009900990099009901,0.07276374189143052,7.888888888888889,Computational reversal candidate for further investigation.,124
tyrphostin-AG-1478,-0.03409690413624464,2,2,2,2,1.0,0.009900990099009901,0.07276374189143052,5.5,Computational reversal candidate for further investigation.,125
PHA-767491,-0.03403677377000992,9,9,9,9,1.0,0.009900990099009901,0.07276374189143052,9.666666666666666,Computational reversal candidate for further investigation.,126
AZD7762,-0.033611391409730046,2,2,2,2,1.0,0.009900990099009901,0.07276374189143052,8.5,Computational reversal candidate for further investigation.,127
(+)-JQ1,-0.03356989806424276,20,21,20,21,0.9523809523809523,0.009900990099009901,0.07276374189143052,9.904761904761905,Computational reversal candidate for further investigation.,128
imatinib,-0.033535701318028,3,3,3,3,1.0,0.009900990099009901,0.07276374189143052,10.333333333333334,Computational reversal candidate for further investigation.,129
PF 573228,-0.033196133632936026,4,4,4,4,1.0,0.009900990099009901,0.07276374189143052,8.25,Computational reversal candidate for further investigation.,130
NVP-AUY922,-0.033115103863032645,52,59,52,59,0.8813559322033898,0.009900990099009901,0.07276374189143052,11.779661016949152,Computational reversal candidate for further investigation.,131
FR-180204,-0.032740550354345525,1,1,1,1,1.0,0.009900990099009901,0.07276374189143052,5.0,Computational reversal candidate for further investigation.,132
BIX-01294,-0.03236200811589545,3,3,3,3,1.0,0.009900990099009901,0.07276374189143052,13.0,Computational reversal candidate for further investigation.,133
CP-724714,-0.032209897147672834,5,5,5,5,1.0,0.009900990099009901,0.07276374189143052,8.0,Computational reversal candidate for further investigation.,134
BRD-K89558221,-0.032171560881313836,1,1,1,1,1.0,0.009900990099009901,0.07276374189143052,8.0,Computational reversal candidate for further investigation.,135
GDC-0879,-0.03203195547778879,4,4,4,4,1.0,0.009900990099009901,0.07276374189143052,9.0,Computational reversal candidate for further investigation.,136
WZ-3105,-0.03199314414719309,53,56,53,56,0.9464285714285714,0.009900990099009901,0.07276374189143052,9.535714285714286,Computational reversal candidate for further investigation.,137
naltrexone hydrochloride,-0.0318440394672284,1,1,1,1,1.0,0.009900990099009901,0.07276374189143052,11.0,Computational reversal candidate for further investigation.,138
barasertib,-0.03180423560776045,4,4,4,4,1.0,0.009900990099009901,0.07276374189143052,7.5,Computational reversal candidate for further investigation.,139
prothionamide,-0.030767615943147832,1,1,1,1,1.0,0.009900990099009901,0.07276374189143052,6.0,Computational reversal candidate for further investigation.,140
PHA-665752,-0.030522990107402292,8,9,8,9,0.8888888888888888,0.009900990099009901,0.07276374189143052,13.777777777777779,Computational reversal candidate for further investigation.,141
BMS-345541,-0.030521984394333207,17,20,17,20,0.85,0.009900990099009901,0.07276374189143052,7.7,Computational reversal candidate for further investigation.,142
AST1306,-0.030097821938151144,6,6,6,6,1.0,0.009900990099009901,0.07276374189143052,9.166666666666666,Computational reversal candidate for further investigation.,143
afatinib,-0.030073804411484797,26,33,26,33,0.7878787878787878,0.009900990099009901,0.07276374189143052,18.515151515151516,Computational reversal candidate for further investigation.,144
XMD16-144,-0.02983285164793927,28,33,28,33,0.8484848484848485,0.009900990099009901,0.07276374189143052,10.151515151515152,Computational reversal candidate for further investigation.,145
tozasertib,-0.02958054341198257,8,10,8,10,0.8,0.009900990099009901,0.07276374189143052,9.4,Computational reversal candidate for further investigation.,146
TGX-221,-0.029247466696111994,4,4,4,4,1.0,0.009900990099009901,0.07276374189143052,17.25,Computational reversal candidate for further investigation.,147
I-BET,-0.029208511812350256,15,18,15,18,0.8333333333333334,0.009900990099009901,0.07276374189143052,9.333333333333334,Computational reversal candidate for further investigation.,148
GSK-1070916,-0.029052695599257806,8,10,8,10,0.8,0.009900990099009901,0.07276374189143052,9.4,Computational reversal candidate for further investigation.,149
A443654,-0.028876636653406028,52,64,52,64,0.8125,0.009900990099009901,0.07276374189143052,10.03125,Computational reversal candidate for further investigation.,150
BRD-K19166598,-0.028448773084163347,1,1,1,1,1.0,0.009900990099009901,0.07276374189143052,5.0,Computational reversal candidate for further investigation.,151
radicicol,-0.02843143892155562,49,64,80,100,0.765625,0.009900990099009901,0.07276374189143052,14.57,Computational reversal candidate for further investigation.,152
quizartinib,-0.028226791247827447,5,5,5,5,1.0,0.009900990099009901,0.07276374189143052,9.4,Computational reversal candidate for further investigation.,153
KU-55933,-0.028074004250205523,3,3,3,3,1.0,0.009900990099009901,0.07276374189143052,6.666666666666667,Computational reversal candidate for further investigation.,154
fosfosal,-0.027770122866120378,1,1,1,1,1.0,0.009900990099009901,0.07276374189143052,5.0,Computational reversal candidate for further investigation.,155
BRD-K11558771,-0.027597741802013697,1,1,1,1,1.0,0.009900990099009901,0.07276374189143052,5.0,Computational reversal candidate for further investigation.,156
AKT-inhibitor-1-2,-0.027549867479757788,8,8,8,8,1.0,0.009900990099009901,0.07276374189143052,9.625,Computational reversal candidate for further investigation.,157
YM-201636,-0.02745560013986863,11,16,11,16,0.6875,0.009900990099009901,0.07276374189143052,14.9375,Computational reversal candidate for further investigation.,158
BRD-A75931230,-0.02737582881023833,1,1,1,1,1.0,0.0297029702970297,0.17463298053943324,6.0,Computational reversal candidate for further investigation.,159
indirubin-3-oxime,-0.027136573630038647,1,1,1,1,1.0,0.009900990099009901,0.07276374189143052,9.0,Computational reversal candidate for further investigation.,160
ABT-737,-0.027071567419186503,2,2,2,2,1.0,0.009900990099009901,0.07276374189143052,6.5,Computational reversal candidate for further investigation.,161
NPK76-II-72-1,-0.026848215259403178,2,3,2,3,0.6666666666666666,0.009900990099009901,0.07276374189143052,7.666666666666667,Computational reversal candidate for further investigation.,162
tanespimycin,-0.02669639880417153,8,8,19,19,1.0,0.009900990099009901,0.07276374189143052,8.789473684210526,Computational reversal candidate for further investigation.,163
norcyclobenzaprine,-0.026632884045045928,1,1,1,1,1.0,0.019801980198019802,0.12886403144131206,8.0,Computational reversal candidate for further investigation.,164
ncgc00183226-01,-0.0264166387331611,2,2,2,2,1.0,0.009900990099009901,0.07276374189143052,5.5,Computational reversal candidate for further investigation.,165
LY2603618,-0.026322611857785658,6,9,6,9,0.6666666666666666,0.009900990099009901,0.07276374189143052,12.88888888888889,Computational reversal candidate for further investigation.,166
brompheniramine maleate,-0.02627028870422069,1,1,1,1,1.0,0.009900990099009901,0.07276374189143052,6.0,Computational reversal candidate for further investigation.,167
SB-525334,-0.025716784212140784,1,1,1,1,1.0,0.009900990099009901,0.07276374189143052,6.0,Computational reversal candidate for further investigation.,168
pelitinib,-0.02570850167545084,20,35,20,35,0.5714285714285714,0.009900990099009901,0.07276374189143052,16.542857142857144,Computational reversal candidate for further investigation.,169
tivantinib,-0.025479410825137536,16,21,16,21,0.7619047619047619,0.009900990099009901,0.07276374189143052,9.571428571428571,Computational reversal candidate for further investigation.,170
cabozantinib,-0.02526361013230581,4,4,4,4,1.0,0.009900990099009901,0.07276374189143052,9.5,Computational reversal candidate for further investigation.,171
gw 5074,-0.025171682060373624,1,1,1,1,1.0,0.009900990099009901,0.07276374189143052,9.0,Computational reversal candidate for further investigation.,172
unc0321,-0.02499773092034968,2,2,2,2,1.0,0.009900990099009901,0.07276374189143052,10.5,Computational reversal candidate for further investigation.,173
BRD-K88708949,-0.02497261746855272,1,1,1,1,1.0,0.019801980198019802,0.12886403144131206,5.0,Computational reversal candidate for further investigation.,174
BRD-K16541732,-0.02484354825948611,1,1,1,1,1.0,0.019801980198019802,0.12886403144131206,7.0,Computational reversal candidate for further investigation.,175
QL-XII-47,-0.024836284117173014,40,44,40,44,0.9090909090909091,0.009900990099009901,0.07276374189143052,12.409090909090908,Computational reversal candidate for further investigation.,176
BRD-A16820783,-0.02452225010432083,1,1,1,1,1.0,0.0297029702970297,0.17463298053943324,6.0,Computational reversal candidate for further investigation.,177
GSK-1059615,-0.024372040058121328,36,44,82,96,0.8181818181818182,0.009900990099009901,0.07276374189143052,10.8125,Computational reversal candidate for further investigation.,178
ON-01910,-0.024369872957355227,22,27,22,27,0.8148148148148148,0.009900990099009901,0.07276374189143052,9.481481481481481,Computational reversal candidate for further investigation.,179
pazopanib,-0.024369324269028082,3,3,3,3,1.0,0.009900990099009901,0.07276374189143052,13.333333333333334,Computational reversal candidate for further investigation.,180
TWS-119,-0.024292297065633003,6,10,6,10,0.6,0.009900990099009901,0.07276374189143052,14.8,Computational reversal candidate for further investigation.,181
RAF 265,-0.024209911507510947,8,11,8,11,0.7272727272727273,0.009900990099009901,0.07276374189143052,9.0,Computational reversal candidate for further investigation.,182
ibrutinib,-0.024177255861284098,1,1,1,1,1.0,0.0297029702970297,0.17463298053943324,5.0,Computational reversal candidate for further investigation.,183
CYT387,-0.023996349168494812,15,19,15,19,0.7894736842105263,0.009900990099009901,0.07276374189143052,8.68421052631579,Computational reversal candidate for further investigation.,184
ZM-447439,-0.023873673210698155,6,7,6,7,0.8571428571428571,0.009900990099009901,0.07276374189143052,9.0,Computational reversal candidate for further investigation.,185
diphenyleneiodonium chloride,-0.023771987853291047,1,1,1,1,1.0,0.06930693069306931,0.3185129833738091,10.0,Computational reversal candidate for further investigation.,186
BRD-K58479490,-0.023652308375694462,1,1,1,1,1.0,0.039603960396039604,0.218526707039636,8.0,Computational reversal candidate for further investigation.,187
olaparib,-0.023588475273501032,4,4,4,4,1.0,0.009900990099009901,0.07276374189143052,6.0,Computational reversal candidate for further investigation.,188
bosutinib,-0.023349564989356704,5,6,5,6,0.8333333333333334,0.009900990099009901,0.07276374189143052,13.0,Computational reversal candidate for further investigation.,189
BRD-K24861700,-0.023024322216427875,1,1,1,1,1.0,0.009900990099009901,0.07276374189143052,5.0,Computational reversal candidate for further investigation.,190
roscovitine,-0.023013473386934477,6,6,6,6,1.0,0.009900990099009901,0.07276374189143052,8.333333333333334,Computational reversal candidate for further investigation.,191
BRD-K60219430,-0.0224734284973573,2,2,2,2,1.0,0.019801980198019802,0.12886403144131206,8.0,Computational reversal candidate for further investigation.,192
bucladesine,-0.02217321937972848,1,1,1,1,1.0,0.039603960396039604,0.218526707039636,7.0,Computational reversal candidate for further investigation.,193
taxol,-0.022074972837244695,2,2,2,2,1.0,0.009900990099009901,0.07276374189143052,6.5,Computational reversal candidate for further investigation.,194
rhodomyrtoxin b,-0.021979457460816944,6,7,6,7,0.8571428571428571,0.0297029702970297,0.17463298053943324,9.0,Computational reversal candidate for further investigation.,195
bromocriptine mesylate,-0.021975950648058733,1,1,1,1,1.0,0.009900990099009901,0.07276374189143052,5.0,Computational reversal candidate for further investigation.,196
ncgc00238536-01,-0.021832657190904072,1,1,1,1,1.0,0.039603960396039604,0.218526707039636,5.0,Computational reversal candidate for further investigation.,197
AZ20,-0.021766363272408485,9,13,9,13,0.6923076923076923,0.009900990099009901,0.07276374189143052,13.307692307692308,Computational reversal candidate for further investigation.,198
np-004102,-0.021666563229540955,1,1,1,1,1.0,0.009900990099009901,0.07276374189143052,5.0,Computational reversal candidate for further investigation.,199
BRD-K55127335,-0.021582922018212693,2,2,2,2,1.0,0.0297029702970297,0.17463298053943324,6.0,Computational reversal candidate for further investigation.,200
deacetoxy-7-oxisogedunin,-0.021353420627546624,1,1,1,1,1.0,0.04950495049504951,0.2534712930752535,6.0,Computational reversal candidate for further investigation.,201
KIN001-266,-0.021270872154892526,1,1,1,1,1.0,0.039603960396039604,0.218526707039636,5.0,Computational reversal candidate for further investigation.,202
BRD-K12105018,-0.020957753356859902,1,1,1,1,1.0,0.009900990099009901,0.07276374189143052,7.0,Computational reversal candidate for further investigation.,203
ncgc00188700-01,-0.020920761311669964,2,2,2,2,1.0,0.009900990099009901,0.07276374189143052,5.5,Computational reversal candidate for further investigation.,204
bh3i-1,-0.020839963828990175,1,1,1,1,1.0,0.039603960396039604,0.218526707039636,8.0,Computational reversal candidate for further investigation.,205
g3420,-0.020780581557223753,1,1,1,1,1.0,0.019801980198019802,0.12886403144131206,5.0,Computational reversal candidate for further investigation.,206
BRD-U74615290,-0.02061739297280898,1,1,1,1,1.0,0.04950495049504951,0.2534712930752535,8.0,Computational reversal candidate for further investigation.,207
sulpiride,-0.020567719036049904,1,1,1,1,1.0,0.019801980198019802,0.12886403144131206,5.0,Computational reversal candidate for further investigation.,208
linifanib,-0.020330934428279913,14,19,14,19,0.7368421052631579,0.009900990099009901,0.07276374189143052,7.842105263157895,Computational reversal candidate for further investigation.,209
fenofibrate,-0.020294466345955598,1,1,1,1,1.0,0.0297029702970297,0.17463298053943324,8.0,Computational reversal candidate for further investigation.,210
BRD-K37021324,-0.020079606476402605,1,1,1,1,1.0,0.019801980198019802,0.12886403144131206,5.0,Computational reversal candidate for further investigation.,211
primaquine diphosphate,-0.02003613373453243,2,2,2,2,1.0,0.009900990099009901,0.07276374189143052,6.0,Computational reversal candidate for further investigation.,212
tetrindole mesylate,-0.020021019584678487,4,4,4,4,1.0,0.019801980198019802,0.12886403144131206,7.0,Computational reversal candidate for further investigation.,213
QL-X-138,-0.019959205915959583,26,29,26,29,0.896551724137931,0.009900990099009901,0.07276374189143052,12.03448275862069,Computational reversal candidate for further investigation.,214
I-BET151,-0.01994424718431912,18,24,18,24,0.75,0.009900990099009901,0.07276374189143052,10.375,Computational reversal candidate for further investigation.,215
thiothixene,-0.019909676572996086,3,4,3,4,0.75,0.009900990099009901,0.07276374189143052,6.0,Computational reversal candidate for further investigation.,216
gw 9508,-0.01951210257763616,1,1,1,1,1.0,0.06930693069306931,0.3185129833738091,5.0,Computational reversal candidate for further investigation.,217
everolimus,-0.019474291326852227,2,3,2,3,0.6666666666666666,0.009900990099009901,0.07276374189143052,5.333333333333333,Computational reversal candidate for further investigation.,218
su 4312,-0.01939008926773881,1,1,1,1,1.0,0.0594059405940594,0.28531585552921485,7.0,Computational reversal candidate for further investigation.,219
ncgc00242557-01,-0.01937196463357967,1,1,1,1,1.0,0.0297029702970297,0.17463298053943324,6.0,Computational reversal candidate for further investigation.,220
ncgc00183255-01,-0.019316979959561473,2,3,2,3,0.6666666666666666,0.019801980198019802,0.12886403144131206,7.0,Computational reversal candidate for further investigation.,221
BRD-K72817452,-0.019199587747898487,1,1,1,1,1.0,0.0594059405940594,0.28531585552921485,6.0,Computational reversal candidate for further investigation.,222
st638,-0.01897781306852828,1,1,1,1,1.0,0.009900990099009901,0.07276374189143052,6.0,Computational reversal candidate for further investigation.,223
BRD-K52911425,-0.01883484968341497,2,2,2,2,1.0,0.009900990099009901,0.07276374189143052,5.0,Computational reversal candidate for further investigation.,224
niridazole,-0.018779164452562617,1,1,1,1,1.0,0.0297029702970297,0.17463298053943324,5.0,Computational reversal candidate for further investigation.,225
BRD-K08448573,-0.018674473025258848,2,2,2,2,1.0,0.06930693069306931,0.3185129833738091,10.0,Computational reversal candidate for further investigation.,226
JNK-IN-5A,-0.018512159120941996,26,33,26,33,0.7878787878787878,0.009900990099009901,0.07276374189143052,10.212121212121213,Computational reversal candidate for further investigation.,227
hinokitiol,-0.018381968749336935,3,3,3,3,1.0,0.0297029702970297,0.17463298053943324,6.666666666666667,Computational reversal candidate for further investigation.,228
mycophenolic acid,-0.01837405222992859,2,2,2,2,1.0,0.019801980198019802,0.12886403144131206,5.0,Computational reversal candidate for further investigation.,229
e0886,-0.01828731254018241,1,1,1,1,1.0,0.0297029702970297,0.17463298053943324,5.0,Computational reversal candidate for further investigation.,230
am580,-0.018268893099152236,2,2,2,2,1.0,0.019801980198019802,0.12886403144131206,5.0,Computational reversal candidate for further investigation.,231
BRD-K89329876,-0.018241003790427545,1,1,1,1,1.0,0.06930693069306931,0.3185129833738091,9.0,Computational reversal candidate for further investigation.,232
KIN001-055,-0.01811390631980411,1,2,1,2,0.5,0.009900990099009901,0.07276374189143052,6.0,Computational reversal candidate for further investigation.,233
(-)-cotinine,-0.018064829726651663,1,1,1,1,1.0,0.07920792079207921,0.34363741717683216,5.0,Computational reversal candidate for further investigation.,234
sunitinib,-0.018032773205556123,21,28,21,28,0.75,0.009900990099009901,0.07276374189143052,9.535714285714286,Computational reversal candidate for further investigation.,235
parbendazole,-0.017952449667863146,2,2,2,2,1.0,0.039603960396039604,0.218526707039636,6.0,Computational reversal candidate for further investigation.,236
reserpine,-0.017863714526140335,1,1,2,2,1.0,0.019801980198019802,0.12886403144131206,7.5,Computational reversal candidate for further investigation.,237
hyperoside,-0.017730601270598733,1,1,1,1,1.0,0.0594059405940594,0.28531585552921485,7.0,Computational reversal candidate for further investigation.,238
BRD-K25979535,-0.017727876100233478,1,1,1,1,1.0,0.009900990099009901,0.07276374189143052,5.0,Computational reversal candidate for further investigation.,239
psh 024,-0.017713455238028693,1,1,1,1,1.0,0.009900990099009901,0.07276374189143052,7.0,Computational reversal candidate for further investigation.,240
BRD-K06009608,-0.0175846395855549,2,3,2,3,0.6666666666666666,0.039603960396039604,0.218526707039636,7.0,Computational reversal candidate for further investigation.,241
dihydro-beta-tubaic acid,-0.017572432630238763,1,1,1,1,1.0,0.07920792079207921,0.34363741717683216,6.0,Computational reversal candidate for further investigation.,242
nilotinib,-0.01753737417677801,4,4,4,4,1.0,0.009900990099009901,0.07276374189143052,10.0,Computational reversal candidate for further investigation.,243
cosmosiin,-0.0174967554106761,1,1,1,1,1.0,0.09900990099009901,0.3925857702049275,6.0,Computational reversal candidate for further investigation.,244
"androsta-1,4-dien-3,17-dione",-0.017320679957425266,1,1,1,1,1.0,0.0594059405940594,0.28531585552921485,8.0,Computational reversal candidate for further investigation.,245
s1057,-0.01729742211852967,7,10,7,10,0.7,0.009900990099009901,0.07276374189143052,7.3,Computational reversal candidate for further investigation.,246
vu0418934-2,-0.017267175960081833,1,1,1,1,1.0,0.15841584158415842,0.5174310534501726,5.0,Computational reversal candidate for further investigation.,247
1391-0741,-0.017257713114456154,1,1,1,1,1.0,0.0297029702970297,0.17463298053943324,6.0,Computational reversal candidate for further investigation.,248
h 89 dihydrochloride,-0.017190255133372457,2,2,2,2,1.0,0.019801980198019802,0.12886403144131206,6.5,Computational reversal candidate for further investigation.,249
ncgc00167094-01,-0.017184691435770918,2,2,2,2,1.0,0.009900990099009901,0.07276374189143052,6.5,Computational reversal candidate for further investigation.,250
triflupromazine hydrochloride,-0.01715679461084511,3,3,3,3,1.0,0.019801980198019802,0.12886403144131206,6.0,Computational reversal candidate for further investigation.,251
D-4476,-0.017147771782900955,1,2,1,2,0.5,0.009900990099009901,0.07276374189143052,5.0,Computational reversal candidate for further investigation.,252
BRD-A81541225,-0.017143613237332052,3,3,3,3,1.0,0.009900990099009901,0.07276374189143052,5.333333333333333,Computational reversal candidate for further investigation.,253
chlorambucil,-0.01704824378358603,1,1,1,1,1.0,0.07920792079207921,0.34363741717683216,8.0,Computational reversal candidate for further investigation.,254
BRD-A75301702,-0.017033647629971133,1,1,1,1,1.0,0.0594059405940594,0.28531585552921485,5.0,Computational reversal candidate for further investigation.,255
trap 101,-0.01701937901293518,1,1,1,1,1.0,0.039603960396039604,0.218526707039636,9.0,Computational reversal candidate for further investigation.,256
BRD-K00028814,-0.017001131178740386,1,1,1,1,1.0,0.0594059405940594,0.28531585552921485,9.0,Computational reversal candidate for further investigation.,257
AS-601245,-0.01688042576607797,19,20,19,20,0.95,0.009900990099009901,0.07276374189143052,7.3,Computational reversal candidate for further investigation.,258
KIN001-244,-0.016819407602274294,2,3,2,3,0.6666666666666666,0.009900990099009901,0.07276374189143052,6.333333333333333,Computational reversal candidate for further investigation.,259
ALW-II-49-7,-0.01678994609139476,1,1,1,1,1.0,0.019801980198019802,0.12886403144131206,6.0,Computational reversal candidate for further investigation.,260
azacitidine,-0.016702046086576175,12,13,12,13,0.9230769230769231,0.009900990099009901,0.07276374189143052,10.0,Computational reversal candidate for further investigation.,261
TPCA-1,-0.016692973047906384,5,6,5,6,0.8333333333333334,0.009900990099009901,0.07276374189143052,7.666666666666667,Computational reversal candidate for further investigation.,262
bml-259,-0.01665843393372439,2,3,2,3,0.6666666666666666,0.0297029702970297,0.17463298053943324,5.333333333333333,Computational reversal candidate for further investigation.,263
BRD-K93443135,-0.01662956948745651,2,2,2,2,1.0,0.019801980198019802,0.12886403144131206,5.0,Computational reversal candidate for further investigation.,264
st4049616,-0.01659935161299144,1,1,1,1,1.0,0.0891089108910891,0.37793704743608686,7.0,Computational reversal candidate for further investigation.,265
thiazolopyrimidine,-0.016558138294354194,2,2,2,2,1.0,0.10891089108910891,0.42012006630527304,11.5,Computational reversal candidate for further investigation.,266
at-mlpcn csc-006,-0.016323979361738683,3,3,3,3,1.0,0.009900990099009901,0.07276374189143052,7.666666666666667,Computational reversal candidate for further investigation.,267
BRD-K25536815,-0.016299924750920285,1,1,1,1,1.0,0.0297029702970297,0.17463298053943324,5.0,Computational reversal candidate for further investigation.,268
BRD-A18763547,-0.016214403475861287,4,7,4,7,0.5714285714285714,0.019801980198019802,0.12886403144131206,8.571428571428571,Computational reversal candidate for further investigation.,269
tubocurarine chloride pentahydrate (+),-0.01619689258199926,1,1,1,1,1.0,0.019801980198019802,0.12886403144131206,5.0,Computational reversal candidate for further investigation.,270
ncgc00165199-01,-0.016110841724913644,4,4,4,4,1.0,0.009900990099009901,0.07276374189143052,6.5,Computational reversal candidate for further investigation.,271
ncgc00012588-02,-0.016101544114785885,1,1,1,1,1.0,0.019801980198019802,0.12886403144131206,5.0,Computational reversal candidate for further investigation.,272
XMD11-85H,-0.016026517573736365,7,8,7,8,0.875,0.0297029702970297,0.17463298053943324,14.0,Computational reversal candidate for further investigation.,273
bulleyaconitine a,-0.015988315227927357,1,1,1,1,1.0,0.009900990099009901,0.07276374189143052,6.0,Computational reversal candidate for further investigation.,274
triptolide,-0.01589278101898724,6,6,6,6,1.0,0.009900990099009901,0.07276374189143052,7.833333333333333,Computational reversal candidate for further investigation.,275
ncgc00167107-01,-0.015859562102504447,1,1,1,1,1.0,0.09900990099009901,0.3925857702049275,7.0,Computational reversal candidate for further investigation.,276
GSK-461364,-0.015764891714759068,22,31,22,31,0.7096774193548387,0.009900990099009901,0.07276374189143052,7.451612903225806,Computational reversal candidate for further investigation.,277
AZD-6482,-0.015760752103891183,6,6,6,6,1.0,0.009900990099009901,0.07276374189143052,10.0,Computational reversal candidate for further investigation.,278
bms 191011,-0.01566845362316549,1,1,1,1,1.0,0.07920792079207921,0.34363741717683216,10.0,Computational reversal candidate for further investigation.,279
BRD-A25088322,-0.01562374826751614,1,1,1,1,1.0,0.0594059405940594,0.28531585552921485,6.0,Computational reversal candidate for further investigation.,280
BRD-K08316444,-0.015524168790076922,3,3,3,3,1.0,0.009900990099009901,0.07276374189143052,6.666666666666667,Computational reversal candidate for further investigation.,281
BRD-K92107474,-0.015509941597587024,1,1,1,1,1.0,0.04950495049504951,0.2534712930752535,5.0,Computational reversal candidate for further investigation.,282
BRD-K31851742,-0.01527098218268076,1,1,1,1,1.0,0.15841584158415842,0.5174310534501726,11.0,Computational reversal candidate for further investigation.,283
fostamatinib,-0.015264393102006328,7,9,7,9,0.7777777777777778,0.009900990099009901,0.07276374189143052,8.444444444444445,Computational reversal candidate for further investigation.,284
tranilast,-0.01525585390488,1,1,1,1,1.0,0.12871287128712872,0.4639650011512779,11.0,Computational reversal candidate for further investigation.,285
bisacodyl,-0.015224274868922357,3,3,4,4,1.0,0.0297029702970297,0.17463298053943324,7.5,Computational reversal candidate for further investigation.,286
KIN001-220,-0.015031550896573626,7,10,7,10,0.7,0.009900990099009901,0.07276374189143052,8.4,Computational reversal candidate for further investigation.,287
fenbendazole,-0.01494658836438274,1,1,1,1,1.0,0.1485148514851485,0.5024163130598774,6.0,Computational reversal candidate for further investigation.,288
BRD-K34968258,-0.014813631672739636,1,1,1,1,1.0,0.039603960396039604,0.218526707039636,6.0,Computational reversal candidate for further investigation.,289
BRD-K71303366,-0.01457720435909302,1,1,1,1,1.0,0.07920792079207921,0.34363741717683216,5.0,Computational reversal candidate for further investigation.,290
BRD-A84327315,-0.01450388916309261,1,1,1,1,1.0,0.039603960396039604,0.218526707039636,6.0,Computational reversal candidate for further investigation.,291
ncgc00187945-01,-0.014473870772725439,2,2,2,2,1.0,0.039603960396039604,0.218526707039636,6.0,Computational reversal candidate for further investigation.,292
e3380,-0.014381438941912794,3,4,3,4,0.75,0.0297029702970297,0.17463298053943324,5.5,Computational reversal candidate for further investigation.,293
vu0415533-1,-0.014363284641577736,1,1,1,1,1.0,0.04950495049504951,0.2534712930752535,5.0,Computational reversal candidate for further investigation.,294
mrs 1334,-0.01432211321933749,1,1,1,1,1.0,0.0891089108910891,0.37793704743608686,5.0,Computational reversal candidate for further investigation.,295
s1019,-0.014242481502663183,1,1,1,1,1.0,0.04950495049504951,0.2534712930752535,5.0,Computational reversal candidate for further investigation.,296
vu0365117-1,-0.014216141986578605,1,1,1,1,1.0,0.13861386138613863,0.4823196605374824,5.0,Computational reversal candidate for further investigation.,297
mebendazole,-0.014195301544783039,3,4,3,4,0.75,0.009900990099009901,0.07276374189143052,7.25,Computational reversal candidate for further investigation.,298
t 98475,-0.014157011712848258,1,1,1,1,1.0,0.1188118811881188,0.441338251472206,9.0,Computational reversal candidate for further investigation.,299
meclocycline sulfosalicylate,-0.01412517727203826,1,1,1,1,1.0,0.09900990099009901,0.3925857702049275,7.0,Computational reversal candidate for further investigation.,300
BRD-K50387473,-0.014111910451728295,3,3,3,3,1.0,0.019801980198019802,0.12886403144131206,5.0,Computational reversal candidate for further investigation.,301
dubinidine,-0.014109948871722844,1,1,1,1,1.0,0.07920792079207921,0.34363741717683216,10.0,Computational reversal candidate for further investigation.,302
regorafenib,-0.01410084046388227,2,4,2,4,0.5,0.009900990099009901,0.07276374189143052,7.75,Computational reversal candidate for further investigation.,303
ntncb hydrochloride,-0.014048742719805406,4,4,4,4,1.0,0.039603960396039604,0.218526707039636,6.0,Computational reversal candidate for further investigation.,304
cgp 57380,-0.014034020190387209,2,2,2,2,1.0,0.0594059405940594,0.28531585552921485,5.0,Computational reversal candidate for further investigation.,305
np-002491,-0.01388975268241133,1,1,1,1,1.0,0.12871287128712872,0.4639650011512779,6.0,Computational reversal candidate for further investigation.,306
BRD-K11795542,-0.013837790609404686,2,2,2,2,1.0,0.04950495049504951,0.2534712930752535,5.0,Computational reversal candidate for further investigation.,307
SYK-inhibitor,-0.013769248214329963,6,8,6,8,0.75,0.009900990099009901,0.07276374189143052,9.0,Computational reversal candidate for further investigation.,308
clobetasol,-0.013753595254868328,1,1,1,1,1.0,0.0594059405940594,0.28531585552921485,7.0,Computational reversal candidate for further investigation.,309
CC-401,-0.013740720659552277,5,7,5,7,0.7142857142857143,0.009900990099009901,0.07276374189143052,9.0,Computational reversal candidate for further investigation.,310
"reichstein/c,aeos substance/c-*s",-0.013740212712403346,1,1,1,1,1.0,0.04950495049504951,0.2534712930752535,7.0,Computational reversal candidate for further investigation.,311
carbazol-9-yl-p-tolyl-methanone,-0.013723767506892155,3,3,3,3,1.0,0.04950495049504951,0.2534712930752535,5.333333333333333,Computational reversal candidate for further investigation.,312
a112550.cdx,-0.013703695182206533,2,2,2,2,1.0,0.039603960396039604,0.218526707039636,8.0,Computational reversal candidate for further investigation.,313
s1475,-0.013686367463153756,2,3,2,3,0.6666666666666666,0.019801980198019802,0.12886403144131206,5.0,Computational reversal candidate for further investigation.,314
BRD-K00627859,-0.013633549383442165,1,1,1,1,1.0,0.07920792079207921,0.34363741717683216,5.0,Computational reversal candidate for further investigation.,315
s1152,-0.013630288914560997,1,1,1,1,1.0,0.16831683168316833,0.5324307940998182,6.0,Computational reversal candidate for further investigation.,316
glipizide,-0.0135546321594094,1,1,1,1,1.0,0.09900990099009901,0.3925857702049275,7.0,Computational reversal candidate for further investigation.,317
enrofloxacin,-0.013450576790382092,1,1,1,1,1.0,0.07920792079207921,0.34363741717683216,6.0,Computational reversal candidate for further investigation.,318
calpeptin,-0.013432529624976354,1,1,1,1,1.0,0.0594059405940594,0.28531585552921485,6.0,Computational reversal candidate for further investigation.,319
"ly-165,163",-0.01332392300631395,1,1,1,1,1.0,0.09900990099009901,0.3925857702049275,5.0,Computational reversal candidate for further investigation.,320
BRD-U33728988,-0.013313243884526206,5,8,5,8,0.625,0.0297029702970297,0.17463298053943324,7.375,Computational reversal candidate for further investigation.,321
tw 37,-0.013287999936849745,5,5,5,5,1.0,0.04950495049504951,0.2534712930752535,7.4,Computational reversal candidate for further investigation.,322
"mapp, d-erythro",-0.013255754800234158,1,1,1,1,1.0,0.09900990099009901,0.3925857702049275,5.0,Computational reversal candidate for further investigation.,323
hy-11066,-0.01314602493741852,2,3,2,3,0.6666666666666666,0.019801980198019802,0.12886403144131206,6.666666666666667,Computational reversal candidate for further investigation.,324
BRD-U00779237,-0.013111449602909258,7,8,7,8,0.875,0.0297029702970297,0.17463298053943324,7.0,Computational reversal candidate for further investigation.,325
BRD-K36055864 (cycloheximide),-0.013068560244608717,8,8,8,8,1.0,0.019801980198019802,0.12886403144131206,7.875,Computational reversal candidate for further investigation.,326
vu0415108-1,-0.013042896903054596,1,1,1,1,1.0,0.1188118811881188,0.441338251472206,8.0,Computational reversal candidate for further investigation.,327
phenolphthalein,-0.012994777665929701,1,1,1,1,1.0,0.06930693069306931,0.3185129833738091,5.0,Computational reversal candidate for further investigation.,328
gamma-linolenic acid (18:3 n-6),-0.012994095884525228,1,1,1,1,1.0,0.1485148514851485,0.5024163130598774,5.0,Computational reversal candidate for further investigation.,329
"vegf receptor 3 kinase inhibitor, maz51",-0.012991237137385883,1,1,1,1,1.0,0.06930693069306931,0.3185129833738091,8.0,Computational reversal candidate for further investigation.,330
perhexiline maleate,-0.01298338078141005,11,18,11,18,0.6111111111111112,0.0297029702970297,0.17463298053943324,7.055555555555555,Computational reversal candidate for further investigation.,331
BRD-K00313977,-0.012951599391929972,2,3,2,3,0.6666666666666666,0.04950495049504951,0.2534712930752535,6.666666666666667,Computational reversal candidate for further investigation.,332
cgp 71683 hydrochloride,-0.012918186128067097,4,7,4,7,0.5714285714285714,0.0594059405940594,0.28531585552921485,7.285714285714286,Computational reversal candidate for further investigation.,333
cefotaxime,-0.012870266651952247,1,1,1,1,1.0,0.019801980198019802,0.12886403144131206,6.0,Computational reversal candidate for further investigation.,334
pi 828,-0.012853498094674,4,5,4,5,0.8,0.0297029702970297,0.17463298053943324,6.4,Computational reversal candidate for further investigation.,335
BRD-K23478508 (digoxin),-0.012754014892055835,6,7,6,7,0.8571428571428571,0.0297029702970297,0.17463298053943324,7.714285714285714,Computational reversal candidate for further investigation.,336
vu0365118-1,-0.012734099747265722,1,1,1,1,1.0,0.0297029702970297,0.17463298053943324,5.0,Computational reversal candidate for further investigation.,337
pp-30,-0.012730280389343169,3,3,3,3,1.0,0.039603960396039604,0.218526707039636,6.333333333333333,Computational reversal candidate for further investigation.,338
epitestosterone,-0.01272547877444256,1,1,1,1,1.0,0.0594059405940594,0.28531585552921485,5.0,Computational reversal candidate for further investigation.,339
buparlisib,-0.012696968694722453,13,19,13,19,0.6842105263157895,0.009900990099009901,0.07276374189143052,11.421052631578947,Computational reversal candidate for further investigation.,340
BRD-K85853281,-0.012673004566443161,3,4,3,4,0.75,0.009900990099009901,0.07276374189143052,7.25,Computational reversal candidate for further investigation.,341
idarubicin hcl,-0.01267008732860972,6,7,6,7,0.8571428571428571,0.009900990099009901,0.07276374189143052,7.0,Computational reversal candidate for further investigation.,342
geldanamycin,-0.012665017269978169,54,96,75,177,0.5625,0.009900990099009901,0.07276374189143052,10.892655367231638,Computational reversal candidate for further investigation.,343
nifedipine,-0.012632369140168007,1,1,1,1,1.0,0.1188118811881188,0.441338251472206,5.0,Computational reversal candidate for further investigation.,344
BRD-K58853583,-0.012552883252889837,2,2,2,2,1.0,0.07920792079207921,0.34363741717683216,7.0,Computational reversal candidate for further investigation.,345
GSK-690693,-0.012521163509583376,4,7,4,7,0.5714285714285714,0.009900990099009901,0.07276374189143052,6.428571428571429,Computational reversal candidate for further investigation.,346
ncgc00187898-02,-0.012449637818889286,1,1,1,1,1.0,0.1485148514851485,0.5024163130598774,11.0,Computational reversal candidate for further investigation.,347
BRD-A68061604,-0.012424060520172017,1,1,1,1,1.0,0.07920792079207921,0.34363741717683216,6.0,Computational reversal candidate for further investigation.,348
BRD-K70714754,-0.012393900665295218,1,1,1,1,1.0,0.12871287128712872,0.4639650011512779,6.0,Computational reversal candidate for further investigation.,349
BRD-K88551539,-0.012293331216071336,1,1,1,1,1.0,0.12871287128712872,0.4639650011512779,5.0,Computational reversal candidate for further investigation.,350
naproxol,-0.012223360626823991,1,1,1,1,1.0,0.1782178217821782,0.5524752475247524,8.0,Computational reversal candidate for further investigation.,351
metaxalone,-0.012175034769128196,1,1,1,1,1.0,0.10891089108910891,0.42012006630527304,5.0,Computational reversal candidate for further investigation.,352
BRD-K55116708,-0.012170067654171772,2,3,2,3,0.6666666666666666,0.0594059405940594,0.28531585552921485,6.0,Computational reversal candidate for further investigation.,353
bms-754807,-0.012115142007931356,4,5,4,5,0.8,0.039603960396039604,0.218526707039636,6.8,Computational reversal candidate for further investigation.,354
dmeob,-0.012080660670107856,1,1,1,1,1.0,0.07920792079207921,0.34363741717683216,5.0,Computational reversal candidate for further investigation.,355
doxorubicin hydrochloride,-0.012050947726181073,10,12,17,19,0.8333333333333334,0.009900990099009901,0.07276374189143052,6.894736842105263,Computational reversal candidate for further investigation.,356
BRD-K81814927,-0.012038393074328097,6,6,6,6,1.0,0.04950495049504951,0.2534712930752535,7.5,Computational reversal candidate for further investigation.,357
tgx-115,-0.012033438485955653,4,5,4,5,0.8,0.0297029702970297,0.17463298053943324,7.0,Computational reversal candidate for further investigation.,358
niguldipine,-0.011965939989852077,4,4,4,4,1.0,0.07920792079207921,0.34363741717683216,6.75,Computational reversal candidate for further investigation.,359
r(+)-skf-81297,-0.01187500834385899,1,1,1,1,1.0,0.06930693069306931,0.3185129833738091,5.0,Computational reversal candidate for further investigation.,360
daunorubicin hydrochloride,-0.011864312360312716,9,12,13,16,0.75,0.04950495049504951,0.2534712930752535,7.1875,Computational reversal candidate for further investigation.,361
s1367,-0.011735673217884098,1,1,1,1,1.0,0.1188118811881188,0.441338251472206,6.0,Computational reversal candidate for further investigation.,362
BRD-K05197617,-0.011709348008042113,2,2,2,2,1.0,0.0297029702970297,0.17463298053943324,6.0,Computational reversal candidate for further investigation.,363
s1266,-0.011634302057257575,2,2,2,2,1.0,0.0594059405940594,0.28531585552921485,5.0,Computational reversal candidate for further investigation.,364
BRD-K34966483,-0.011625264283465917,1,1,1,1,1.0,0.15841584158415842,0.5174310534501726,5.0,Computational reversal candidate for further investigation.,365
cid 755673,-0.011595695706203005,1,1,1,1,1.0,0.06930693069306931,0.3185129833738091,5.0,Computational reversal candidate for further investigation.,366
BRD-K54256913,-0.011580977050314537,5,5,5,5,1.0,0.04950495049504951,0.2534712930752535,8.0,Computational reversal candidate for further investigation.,367
lovastatin,-0.011545533108801371,2,3,2,3,0.6666666666666666,0.0594059405940594,0.28531585552921485,6.333333333333333,Computational reversal candidate for further investigation.,368
mls-0425618,-0.011527465555439853,1,1,1,1,1.0,0.12871287128712872,0.4639650011512779,5.0,Computational reversal candidate for further investigation.,369
hy-50878,-0.011510328005572772,3,4,3,4,0.75,0.06930693069306931,0.3185129833738091,6.0,Computational reversal candidate for further investigation.,370
MK-1775,-0.011508093599839786,10,12,10,12,0.8333333333333334,0.019801980198019802,0.12886403144131206,15.25,Computational reversal candidate for further investigation.,371
su11652,-0.011499023367515076,10,12,10,12,0.8333333333333334,0.04950495049504951,0.2534712930752535,7.416666666666667,Computational reversal candidate for further investigation.,372
s1527,-0.011468166133377967,2,3,2,3,0.6666666666666666,0.04950495049504951,0.2534712930752535,5.333333333333333,Computational reversal candidate for further investigation.,373
sertindole,-0.011461056185390058,1,1,1,1,1.0,0.09900990099009901,0.3925857702049275,5.0,Computational reversal candidate for further investigation.,374
hydrocortisone,-0.011454366459661662,2,2,2,2,1.0,0.07920792079207921,0.34363741717683216,7.0,Computational reversal candidate for further investigation.,375
ncgc00181736-02,-0.011449804299227845,1,1,1,1,1.0,0.0594059405940594,0.28531585552921485,5.0,Computational reversal candidate for further investigation.,376
BRD-K47635719 (dexamethasone acetate),-0.01133499956101566,1,1,1,1,1.0,0.2376237623762376,0.6461698801459093,5.0,Computational reversal candidate for further investigation.,377
BRD-K00824317 (flurandrenolide),-0.011334706309403926,1,1,1,1,1.0,0.13861386138613863,0.4823196605374824,7.0,Computational reversal candidate for further investigation.,378
BRD-K85123403,-0.011290840785107198,1,1,1,1,1.0,0.12871287128712872,0.4639650011512779,6.0,Computational reversal candidate for further investigation.,379
n-benzylnaltrindole hydrochloride,-0.01127138303591209,2,2,2,2,1.0,0.0891089108910891,0.37793704743608686,6.0,Computational reversal candidate for further investigation.,380
s1205,-0.011241209317247336,6,7,6,7,0.8571428571428571,0.06930693069306931,0.3185129833738091,7.857142857142857,Computational reversal candidate for further investigation.,381
brivanib,-0.011181055560293675,2,2,2,2,1.0,0.0297029702970297,0.17463298053943324,6.5,Computational reversal candidate for further investigation.,382
chelerythrine chloride,-0.011034027376093016,2,3,2,3,0.6666666666666666,0.09900990099009901,0.3925857702049275,6.0,Computational reversal candidate for further investigation.,383
finasteride,-0.011033317018998061,1,1,1,1,1.0,0.06930693069306931,0.3185129833738091,5.0,Computational reversal candidate for further investigation.,384
BRD-K74126469,-0.010989864316581709,1,1,1,1,1.0,0.13861386138613863,0.4823196605374824,6.0,Computational reversal candidate for further investigation.,385
x0379,-0.010908640826587827,1,1,1,1,1.0,0.19801980198019803,0.5892212257875002,6.0,Computational reversal candidate for further investigation.,386
diflorasone diacetate,-0.010891636644618913,3,3,3,3,1.0,0.0594059405940594,0.28531585552921485,5.333333333333333,Computational reversal candidate for further investigation.,387
JW55,-0.0108858211557333,1,1,1,1,1.0,0.10891089108910891,0.42012006630527304,6.0,Computational reversal candidate for further investigation.,388
chelidonine (+),-0.010853987304717858,3,3,3,3,1.0,0.13861386138613863,0.4823196605374824,6.666666666666667,Computational reversal candidate for further investigation.,389
nutlin-3,-0.010760388624933368,2,3,2,3,0.6666666666666666,0.1188118811881188,0.441338251472206,9.0,Computational reversal candidate for further investigation.,390
temsirolimus [ci779],-0.010757523223769567,6,7,6,7,0.8571428571428571,0.019801980198019802,0.12886403144131206,6.714285714285714,Computational reversal candidate for further investigation.,391
PF-477736,-0.010706803473821611,22,35,22,35,0.6285714285714286,0.009900990099009901,0.07276374189143052,14.4,Computational reversal candidate for further investigation.,392
thioproperazine dimesylate,-0.010697931154796177,1,1,1,1,1.0,0.0891089108910891,0.37793704743608686,6.0,Computational reversal candidate for further investigation.,393
bx-795,-0.010598576717446141,11,17,11,17,0.6470588235294118,0.019801980198019802,0.12886403144131206,6.176470588235294,Computational reversal candidate for further investigation.,394
ncgc00184834-01,-0.010568310349703272,3,4,3,4,0.75,0.0594059405940594,0.28531585552921485,7.5,Computational reversal candidate for further investigation.,395
nizatidine,-0.01053291657072352,1,1,1,1,1.0,0.04950495049504951,0.2534712930752535,5.0,Computational reversal candidate for further investigation.,396
roxatidine acetate hcl,-0.010496627289813976,1,1,1,1,1.0,0.1188118811881188,0.441338251472206,5.0,Computational reversal candidate for further investigation.,397
trimeprazine tartrate,-0.010490037404938084,1,1,1,1,1.0,0.0594059405940594,0.28531585552921485,6.0,Computational reversal candidate for further investigation.,398
cerivastatin na,-0.010456480458579937,2,2,2,2,1.0,0.09900990099009901,0.3925857702049275,6.5,Computational reversal candidate for further investigation.,399
paroxetine,-0.010423311296548266,1,1,1,1,1.0,0.13861386138613863,0.4823196605374824,5.0,Computational reversal candidate for further investigation.,400
BRD-K02113016,-0.010328350658359535,1,2,1,2,0.5,0.1188118811881188,0.441338251472206,8.0,Computational reversal candidate for further investigation.,401
BRD-K37150847,-0.010324513133353433,1,2,1,2,0.5,0.06930693069306931,0.3185129833738091,7.5,Computational reversal candidate for further investigation.,402
vu0418939-2,-0.010249927970783293,2,3,2,3,0.6666666666666666,0.09900990099009901,0.3925857702049275,6.666666666666667,Computational reversal candidate for further investigation.,403
calyculin a,-0.010153186659594506,3,5,3,5,0.6,0.04950495049504951,0.2534712930752535,5.8,Computational reversal candidate for further investigation.,404
etoposide,-0.010098505560540455,3,4,3,4,0.75,0.0891089108910891,0.37793704743608686,9.0,Computational reversal candidate for further investigation.,405
tripelennamine citrate,-0.010051581545680989,1,1,1,1,1.0,0.09900990099009901,0.3925857702049275,8.0,Computational reversal candidate for further investigation.,406
BRD-K18724229,-0.010004684469798592,3,4,3,4,0.75,0.019801980198019802,0.12886403144131206,5.75,Computational reversal candidate for further investigation.,407
BRD-K34363599,-0.00998232774761722,4,5,4,5,0.8,0.04950495049504951,0.2534712930752535,7.0,Computational reversal candidate for further investigation.,408
fr 122047 hydrochloride,-0.009973423533561645,1,1,1,1,1.0,0.15841584158415842,0.5174310534501726,7.0,Computational reversal candidate for further investigation.,409
BRD-K15885023,-0.009949388658176921,1,1,1,1,1.0,0.1782178217821782,0.5524752475247524,5.0,Computational reversal candidate for further investigation.,410
BRD-K31754360,-0.009938521428395398,1,1,1,1,1.0,0.07920792079207921,0.34363741717683216,6.0,Computational reversal candidate for further investigation.,411
sertraline,-0.009930140118610629,1,1,1,1,1.0,0.07920792079207921,0.34363741717683216,5.0,Computational reversal candidate for further investigation.,412
"stat3 inhibitor vi, s31-201",-0.009881492513858932,1,1,1,1,1.0,0.15841584158415842,0.5174310534501726,5.0,Computational reversal candidate for further investigation.,413
CP466722,-0.009879552311685302,5,6,5,6,0.8333333333333334,0.0297029702970297,0.17463298053943324,6.5,Computational reversal candidate for further investigation.,414
prunetin,-0.00987929345701494,1,1,1,1,1.0,0.1485148514851485,0.5024163130598774,5.0,Computational reversal candidate for further investigation.,415
cccp,-0.00979812177850878,4,4,4,4,1.0,0.09900990099009901,0.3925857702049275,7.75,Computational reversal candidate for further investigation.,416
inhibitor bec hydrochloride,-0.009797378693431797,2,2,2,2,1.0,0.13861386138613863,0.4823196605374824,7.5,Computational reversal candidate for further investigation.,417
BRD-K32501161,-0.00976652415526471,2,3,2,3,0.6666666666666666,0.13861386138613863,0.4823196605374824,6.0,Computational reversal candidate for further investigation.,418
BRD-K89546934,-0.009725143470703272,1,1,1,1,1.0,0.1485148514851485,0.5024163130598774,7.0,Computational reversal candidate for further investigation.,419
pimozide,-0.009625135381415233,1,2,1,2,0.5,0.15841584158415842,0.5174310534501726,10.0,Computational reversal candidate for further investigation.,420
BRD-K97534490,-0.009602459250847161,2,2,2,2,1.0,0.10891089108910891,0.42012006630527304,6.5,Computational reversal candidate for further investigation.,421
cercosporin,-0.009595644429427204,5,6,5,6,0.8333333333333334,0.09900990099009901,0.3925857702049275,10.5,Computational reversal candidate for further investigation.,422
dy131,-0.00958325611964248,1,1,1,1,1.0,0.13861386138613863,0.4823196605374824,6.0,Computational reversal candidate for further investigation.,423
Y-39983,-0.009555913610589757,9,10,9,10,0.9,0.009900990099009901,0.07276374189143052,6.4,Computational reversal candidate for further investigation.,424
5-azacytidine,-0.009541805163357411,2,3,2,3,0.6666666666666666,0.16831683168316833,0.5324307940998182,6.666666666666667,Computational reversal candidate for further investigation.,425
s1169,-0.009538394502547575,1,1,1,1,1.0,0.15841584158415842,0.5174310534501726,5.0,Computational reversal candidate for further investigation.,426
s2004,-0.00952652474788159,1,2,1,2,0.5,0.09900990099009901,0.3925857702049275,8.5,Computational reversal candidate for further investigation.,427
gitoxigenin,-0.009487372095660722,7,8,7,8,0.875,0.019801980198019802,0.12886403144131206,6.625,Computational reversal candidate for further investigation.,428
bl-081,-0.009480113421523821,1,1,1,1,1.0,0.2376237623762376,0.6461698801459093,8.0,Computational reversal candidate for further investigation.,429
BRD-K14711204,-0.009468407570753656,1,1,1,1,1.0,0.18811881188118812,0.575839451090531,5.0,Computational reversal candidate for further investigation.,430
salermide,-0.009452492751896604,20,26,20,26,0.7692307692307693,0.04950495049504951,0.2534712930752535,7.230769230769231,Computational reversal candidate for further investigation.,431
s1042,-0.009447960358884861,2,2,2,2,1.0,0.10891089108910891,0.42012006630527304,5.5,Computational reversal candidate for further investigation.,432
BRD-K96433222,-0.009419403111689198,1,1,1,1,1.0,0.10891089108910891,0.42012006630527304,5.0,Computational reversal candidate for further investigation.,433
thapsigargin,-0.009409942179356711,2,3,2,3,0.6666666666666666,0.22772277227722773,0.633388787492126,8.0,Computational reversal candidate for further investigation.,434
cay10618,-0.009401273425299114,9,10,9,10,0.9,0.04950495049504951,0.2534712930752535,7.2,Computational reversal candidate for further investigation.,435
isoquercitrin,-0.00938653983891467,1,1,1,1,1.0,0.16831683168316833,0.5324307940998182,5.0,Computational reversal candidate for further investigation.,436
epirubicin hydrochloride,-0.009311851747208588,7,9,9,12,0.7777777777777778,0.019801980198019802,0.12886403144131206,7.083333333333333,Computational reversal candidate for further investigation.,437
taxifolin-(+/-),-0.009281884052306089,1,1,1,1,1.0,0.297029702970297,0.7102884201463625,8.0,Computational reversal candidate for further investigation.,438
h-9 dihydrochloride,-0.009229295040394636,2,2,2,2,1.0,0.09900990099009901,0.3925857702049275,6.5,Computational reversal candidate for further investigation.,439
s1095,-0.009222260450580796,3,4,3,4,0.75,0.04950495049504951,0.2534712930752535,6.0,Computational reversal candidate for further investigation.,440
benzethonium chloride,-0.009194554516908343,1,1,1,1,1.0,0.24752475247524752,0.6543096170082124,11.0,Computational reversal candidate for further investigation.,441
dl-pdmp,-0.009157690776296183,10,15,10,15,0.6666666666666666,0.04950495049504951,0.2534712930752535,6.6,Computational reversal candidate for further investigation.,442
methyl benzethonium chloride,-0.009143620835904606,1,2,1,2,0.5,0.1485148514851485,0.5024163130598774,10.0,Computational reversal candidate for further investigation.,443
u 18666a,-0.009136315710431383,2,2,2,2,1.0,0.09900990099009901,0.3925857702049275,7.5,Computational reversal candidate for further investigation.,444
BRD-K38615104,-0.009105036593069105,7,9,7,9,0.7777777777777778,0.10891089108910891,0.42012006630527304,7.444444444444445,Computational reversal candidate for further investigation.,445
pkc-412,-0.00908767855111706,2,4,2,4,0.5,0.13861386138613863,0.4823196605374824,7.75,Computational reversal candidate for further investigation.,446
er 27319 maleate,-0.00907699565416783,6,10,6,10,0.6,0.10891089108910891,0.42012006630527304,7.5,Computational reversal candidate for further investigation.,447
dacomitinib,-0.009067928846178335,3,6,3,6,0.5,0.039603960396039604,0.218526707039636,8.833333333333334,Computational reversal candidate for further investigation.,448
GSK-1904529A,-0.009051992835640177,5,7,5,7,0.7142857142857143,0.039603960396039604,0.218526707039636,8.571428571428571,Computational reversal candidate for further investigation.,449
hy-11001,-0.009042645136601933,8,10,8,10,0.8,0.06930693069306931,0.3185129833738091,6.3,Computational reversal candidate for further investigation.,450
BRD-K01896723,-0.009002055361636528,7,8,7,8,0.875,0.0891089108910891,0.37793704743608686,6.0,Computational reversal candidate for further investigation.,451
d-64131,-0.008980392431629963,3,4,3,4,0.75,0.07920792079207921,0.34363741717683216,6.0,Computational reversal candidate for further investigation.,452
thiethylperazine dimalate,-0.008884651086294881,1,1,1,1,1.0,0.12871287128712872,0.4639650011512779,5.0,Computational reversal candidate for further investigation.,453
BRD-A07614565,-0.008882716068886402,1,1,1,1,1.0,0.12871287128712872,0.4639650011512779,5.0,Computational reversal candidate for further investigation.,454
BRD-U32049204,-0.008859358477893502,1,1,1,1,1.0,0.21782178217821782,0.6241783842249771,5.0,Computational reversal candidate for further investigation.,455
BRD-K03829970,-0.008857015197956876,6,7,6,7,0.8571428571428571,0.09900990099009901,0.3925857702049275,5.857142857142857,Computational reversal candidate for further investigation.,456
t5345967,-0.008836676896326176,1,1,1,1,1.0,0.1782178217821782,0.5524752475247524,6.0,Computational reversal candidate for further investigation.,457
vinpocetine,-0.008828044894822348,1,1,1,1,1.0,0.22772277227722773,0.633388787492126,8.0,Computational reversal candidate for further investigation.,458
ei-156,-0.00882764975493144,6,7,6,7,0.8571428571428571,0.13861386138613863,0.4823196605374824,7.857142857142857,Computational reversal candidate for further investigation.,459
BRD-K40175214,-0.008791069374053846,2,3,2,3,0.6666666666666666,0.13861386138613863,0.4823196605374824,6.0,Computational reversal candidate for further investigation.,460
troglitazone,-0.008780616800137923,1,1,1,1,1.0,0.1782178217821782,0.5524752475247524,7.0,Computational reversal candidate for further investigation.,461
sb 216763,-0.008739649724668536,2,2,2,2,1.0,0.09900990099009901,0.3925857702049275,6.0,Computational reversal candidate for further investigation.,462
terfenadine,-0.008727005763130055,4,4,4,4,1.0,0.07920792079207921,0.34363741717683216,6.25,Computational reversal candidate for further investigation.,463
vu0410183-2,-0.00872252254882436,6,7,7,8,0.8571428571428571,0.09900990099009901,0.3925857702049275,6.625,Computational reversal candidate for further investigation.,464
lasalocid sodium,-0.00867799645049448,4,5,4,5,0.8,0.1485148514851485,0.5024163130598774,6.4,Computational reversal candidate for further investigation.,465
BRD-K38625260,-0.008658549233618917,2,2,2,2,1.0,0.1188118811881188,0.441338251472206,5.0,Computational reversal candidate for further investigation.,466
zk 164015,-0.00860971884836537,3,3,3,3,1.0,0.09900990099009901,0.3925857702049275,5.333333333333333,Computational reversal candidate for further investigation.,467
BRD-K88569143,-0.008587331816667723,1,1,1,1,1.0,0.27722772277227725,0.6890280864821177,8.0,Computational reversal candidate for further investigation.,468
methylene blue,-0.00855995267597747,6,7,6,7,0.8571428571428571,0.10891089108910891,0.42012006630527304,7.857142857142857,Computational reversal candidate for further investigation.,469
bibr1532,-0.00852344370501558,4,6,4,6,0.6666666666666666,0.0594059405940594,0.28531585552921485,7.0,Computational reversal candidate for further investigation.,470
tc 2559 difumarate,-0.008517448884709764,1,1,1,1,1.0,0.24752475247524752,0.6543096170082124,6.0,Computational reversal candidate for further investigation.,471
ncgc00183690-01,-0.008445303125576922,1,2,1,2,0.5,0.21782178217821782,0.6241783842249771,8.5,Computational reversal candidate for further investigation.,472
BRD-K71382703,-0.008362603433519654,1,1,1,1,1.0,0.16831683168316833,0.5324307940998182,6.0,Computational reversal candidate for further investigation.,473
t7765,-0.008353684847735193,3,4,3,4,0.75,0.15841584158415842,0.5174310534501726,6.0,Computational reversal candidate for further investigation.,474
pf 750,-0.008232019235300835,3,4,3,4,0.75,0.16831683168316833,0.5324307940998182,7.75,Computational reversal candidate for further investigation.,475
beclomethasone dipropionate,-0.008172897715270043,2,2,2,2,1.0,0.15841584158415842,0.5174310534501726,6.0,Computational reversal candidate for further investigation.,476
BRD-K19181733,-0.008168335236398877,2,2,2,2,1.0,0.1485148514851485,0.5024163130598774,5.5,Computational reversal candidate for further investigation.,477
kuc104488 kuc104488n,-0.008156842166632206,1,1,1,1,1.0,0.27722772277227725,0.6890280864821177,6.0,Computational reversal candidate for further investigation.,478
ro 28-1675 ?,-0.00814382519113316,14,18,14,18,0.7777777777777778,0.04950495049504951,0.2534712930752535,7.777777777777778,Computational reversal candidate for further investigation.,479
BRD-K68437527,-0.008069651062591604,1,1,1,1,1.0,0.15841584158415842,0.5174310534501726,5.0,Computational reversal candidate for further investigation.,480
atorvastatin,-0.00805225936256022,1,2,1,2,0.5,0.21782178217821782,0.6241783842249771,6.5,Computational reversal candidate for further investigation.,481
cladribine,-0.008050291677734658,2,2,2,2,1.0,0.09900990099009901,0.3925857702049275,5.0,Computational reversal candidate for further investigation.,482
BRD-K19724398,-0.008001719127962858,6,8,6,8,0.75,0.09900990099009901,0.3925857702049275,6.625,Computational reversal candidate for further investigation.,483
benzamil hydrochloride,-0.00798388463373938,1,1,1,1,1.0,0.0891089108910891,0.37793704743608686,5.0,Computational reversal candidate for further investigation.,484
emetine dihydrochloride hydrate (74),-0.00793667385450467,22,28,22,28,0.7857142857142857,0.06930693069306931,0.3185129833738091,7.607142857142857,Computational reversal candidate for further investigation.,485
dup 697,-0.007925129798234181,1,1,1,1,1.0,0.19801980198019803,0.5892212257875002,6.0,Computational reversal candidate for further investigation.,486
quinacrine dihydrochloride dihydrate,-0.007919478602833274,21,26,22,29,0.8076923076923077,0.0297029702970297,0.17463298053943324,6.586206896551724,Computational reversal candidate for further investigation.,487
fluvastatin,-0.007885439684328475,3,3,3,3,1.0,0.13861386138613863,0.4823196605374824,7.666666666666667,Computational reversal candidate for further investigation.,488
BRD-K91145395,-0.007866564020928168,5,9,5,9,0.5555555555555556,0.09900990099009901,0.3925857702049275,7.444444444444445,Computational reversal candidate for further investigation.,489
skf 96365 hydrochloride,-0.00783580708997777,2,2,2,2,1.0,0.10891089108910891,0.42012006630527304,6.5,Computational reversal candidate for further investigation.,490
BRD-A11702965,-0.007831863956376441,7,9,7,9,0.7777777777777778,0.1188118811881188,0.441338251472206,6.555555555555555,Computational reversal candidate for further investigation.,491
ciglitazone,-0.007812038776672119,1,1,1,1,1.0,0.15841584158415842,0.5174310534501726,5.0,Computational reversal candidate for further investigation.,492
hy-11009,-0.007800090882801182,7,8,7,8,0.875,0.09900990099009901,0.3925857702049275,6.25,Computational reversal candidate for further investigation.,493
importazole,-0.0077853603365826635,19,29,19,29,0.6551724137931034,0.06930693069306931,0.3185129833738091,8.137931034482758,Computational reversal candidate for further investigation.,494
ethyl-beta-carboline-3-carboxylate,-0.0077809527229403186,2,2,2,2,1.0,0.18811881188118812,0.575839451090531,5.0,Computational reversal candidate for further investigation.,495
"ingenol 3, 20-dibenzoate",-0.007739068416001142,16,23,16,23,0.6956521739130435,0.1485148514851485,0.5024163130598774,8.652173913043478,Computational reversal candidate for further investigation.,496
mitoxantrone dihydrochloride,-0.0077244045702994715,10,13,13,17,0.7692307692307693,0.1485148514851485,0.5024163130598774,7.529411764705882,Computational reversal candidate for further investigation.,497
BRD-K27151060,-0.007716044664472243,1,1,1,1,1.0,0.16831683168316833,0.5324307940998182,5.0,Computational reversal candidate for further investigation.,498
ncgc00185087-01,-0.007708934016588403,1,2,1,2,0.5,0.1188118811881188,0.441338251472206,7.0,Computational reversal candidate for further investigation.,499
ic 261,-0.007687218964063484,2,2,2,2,1.0,0.2079207920792079,0.6112154318880164,7.0,Computational reversal candidate for further investigation.,500
AZD-7762,-0.007682245001578353,34,60,34,60,0.5666666666666667,0.0297029702970297,0.17463298053943324,12.366666666666667,Computational reversal candidate for further investigation.,501
ncgc00185684-02,-0.007642300630041043,2,2,2,2,1.0,0.22772277227722773,0.633388787492126,9.5,Computational reversal candidate for further investigation.,502
BRD-K99582188,-0.007604215539910983,1,1,1,1,1.0,0.21782178217821782,0.6241783842249771,5.0,Computational reversal candidate for further investigation.,503
mls-0391006,-0.007602688304981331,1,1,1,1,1.0,0.297029702970297,0.7102884201463625,5.0,Computational reversal candidate for further investigation.,504
BRD-K31706415,-0.007562035296731659,2,3,2,3,0.6666666666666666,0.16831683168316833,0.5324307940998182,6.333333333333333,Computational reversal candidate for further investigation.,505
BRD-K42629487,-0.007547663832595033,1,1,1,1,1.0,0.22772277227722773,0.633388787492126,5.0,Computational reversal candidate for further investigation.,506
perphenazine,-0.007526304612616906,2,4,2,4,0.5,0.10891089108910891,0.42012006630527304,6.5,Computational reversal candidate for further investigation.,507
ncgc00012272-02,-0.00751935401962639,1,1,1,1,1.0,0.16831683168316833,0.5324307940998182,6.0,Computational reversal candidate for further investigation.,508
BI-2536,-0.007498606640673178,42,72,49,79,0.5833333333333334,0.04950495049504951,0.2534712930752535,10.91139240506329,Computational reversal candidate for further investigation.,509
BRD-A62809825,-0.007484788615185726,6,6,6,6,1.0,0.22772277227722773,0.633388787492126,9.0,Computational reversal candidate for further investigation.,510
ku 0060648 trihydrochloride,-0.0074277305982134835,21,27,21,27,0.7777777777777778,0.0594059405940594,0.28531585552921485,8.11111111111111,Computational reversal candidate for further investigation.,511
gliquidone,-0.0073835893828831135,1,1,1,1,1.0,0.19801980198019803,0.5892212257875002,5.0,Computational reversal candidate for further investigation.,512
fipronil,-0.0073800835092655325,1,1,1,1,1.0,0.24752475247524752,0.6543096170082124,5.0,Computational reversal candidate for further investigation.,513
oxaprozin,-0.00737241217388577,1,1,1,1,1.0,0.19801980198019803,0.5892212257875002,5.0,Computational reversal candidate for further investigation.,514
itavastatin ca,-0.007363524117622944,2,2,2,2,1.0,0.19801980198019803,0.5892212257875002,6.0,Computational reversal candidate for further investigation.,515
r406,-0.007340253003015941,4,6,4,6,0.6666666666666666,0.07920792079207921,0.34363741717683216,6.166666666666667,Computational reversal candidate for further investigation.,516
mead acid (20:3 n-9),-0.007339025625079201,1,1,1,1,1.0,0.2376237623762376,0.6461698801459093,7.0,Computational reversal candidate for further investigation.,517
antimycin a,-0.007318058299291935,1,1,1,1,1.0,0.26732673267326734,0.6762493756794078,8.0,Computational reversal candidate for further investigation.,518
BRD-K49865102,-0.007262093585930652,1,1,1,1,1.0,0.27722772277227725,0.6890280864821177,5.0,Computational reversal candidate for further investigation.,519
paroxetine hydrochloride,-0.00725156110642885,4,6,4,6,0.6666666666666666,0.12871287128712872,0.4639650011512779,6.0,Computational reversal candidate for further investigation.,520
BRD-K67870070,-0.007248905176999073,1,1,1,1,1.0,0.26732673267326734,0.6762493756794078,7.0,Computational reversal candidate for further investigation.,521
h7270,-0.00722488660224925,5,9,5,9,0.5555555555555556,0.19801980198019803,0.5892212257875002,8.222222222222221,Computational reversal candidate for further investigation.,522
s1222,-0.007187929124213151,1,1,1,1,1.0,0.3069306930693069,0.7248155563478785,5.0,Computational reversal candidate for further investigation.,523
chloroxine,-0.007137141173268833,3,4,3,4,0.75,0.039603960396039604,0.218526707039636,6.25,Computational reversal candidate for further investigation.,524
BRD-K41931739,-0.0071074528441362125,1,1,1,1,1.0,0.1782178217821782,0.5524752475247524,6.0,Computational reversal candidate for further investigation.,525
BRD-A27640568,-0.007053557641514362,1,1,1,1,1.0,0.24752475247524752,0.6543096170082124,5.0,Computational reversal candidate for further investigation.,526
pterostilbene,-0.007049427635752016,1,1,1,1,1.0,0.15841584158415842,0.5174310534501726,5.0,Computational reversal candidate for further investigation.,527
BRD-A90643929,-0.0070484499269236785,2,3,2,3,0.6666666666666666,0.1188118811881188,0.441338251472206,6.0,Computational reversal candidate for further investigation.,528
akti-1/2,-0.00704508729301968,5,9,5,9,0.5555555555555556,0.09900990099009901,0.3925857702049275,6.555555555555555,Computational reversal candidate for further investigation.,529
amiloride hydrochloride dihydrate,-0.007003786801528834,1,1,1,1,1.0,0.24752475247524752,0.6543096170082124,5.0,Computational reversal candidate for further investigation.,530
phorbol-12-myristate-13-acetate (pma),-0.007000647030660374,21,29,21,29,0.7241379310344828,0.09900990099009901,0.3925857702049275,7.689655172413793,Computational reversal candidate for further investigation.,531
BRD-K18726304,-0.006999110982412463,3,4,3,4,0.75,0.13861386138613863,0.4823196605374824,5.5,Computational reversal candidate for further investigation.,532
valdecoxib,-0.006974076123859603,7,9,7,9,0.7777777777777778,0.09900990099009901,0.3925857702049275,6.222222222222222,Computational reversal candidate for further investigation.,533
a8674,-0.00690646186601315,3,3,5,5,1.0,0.1188118811881188,0.441338251472206,5.2,Computational reversal candidate for further investigation.,534
trimipramine maleate salt,-0.006884753447326574,1,1,1,1,1.0,0.2376237623762376,0.6461698801459093,5.0,Computational reversal candidate for further investigation.,535
c3930,-0.006881780594826373,4,4,4,4,1.0,0.12871287128712872,0.4639650011512779,6.25,Computational reversal candidate for further investigation.,536
mibefradil dihydrochloride,-0.006838786718097903,2,3,2,3,0.6666666666666666,0.15841584158415842,0.5174310534501726,6.0,Computational reversal candidate for further investigation.,537
s1017,-0.006836541693968138,2,3,2,3,0.6666666666666666,0.12871287128712872,0.4639650011512779,6.0,Computational reversal candidate for further investigation.,538
doxorubicin,-0.006835469103340345,11,12,12,13,0.9166666666666666,0.12871287128712872,0.4639650011512779,7.076923076923077,Computational reversal candidate for further investigation.,539
BRD-K49010888,-0.006833927895813361,3,4,3,4,0.75,0.15841584158415842,0.5174310534501726,6.75,Computational reversal candidate for further investigation.,540
BRD-A00420644,-0.006806383162297495,1,1,1,1,1.0,0.32673267326732675,0.7497701317911064,5.0,Computational reversal candidate for further investigation.,541
ay 9944,-0.006798198043541262,1,1,1,1,1.0,0.25742574257425743,0.6680531066805311,6.0,Computational reversal candidate for further investigation.,542
BRD-K12184916,-0.0067128775267918574,14,18,14,18,0.7777777777777778,0.0594059405940594,0.28531585552921485,6.277777777777778,Computational reversal candidate for further investigation.,543
sulconazole nitrate,-0.006708668132470397,1,1,1,1,1.0,0.3069306930693069,0.7248155563478785,5.0,Computational reversal candidate for further investigation.,544
vinblastine sulfate,-0.006689597224211136,3,5,3,6,0.6,0.0891089108910891,0.37793704743608686,7.5,Computational reversal candidate for further investigation.,545
ku-0063794,-0.00667451612663904,7,10,7,10,0.7,0.09900990099009901,0.3925857702049275,6.6,Computational reversal candidate for further investigation.,546
norethynodrel,-0.006645575323450182,1,2,1,2,0.5,0.2376237623762376,0.6461698801459093,5.5,Computational reversal candidate for further investigation.,547
4-demethoxydaunorubicin hydrochloride (65),-0.006639959946286557,9,11,9,11,0.8181818181818182,0.1782178217821782,0.5524752475247524,7.090909090909091,Computational reversal candidate for further investigation.,548
BRD-A41451487,-0.006631058062169901,2,3,2,3,0.6666666666666666,0.26732673267326734,0.6762493756794078,8.666666666666666,Computational reversal candidate for further investigation.,549
delta1-hydrocortisone 21-hemisuccinate,-0.006626243915531358,2,2,2,2,1.0,0.1782178217821782,0.5524752475247524,5.0,Computational reversal candidate for further investigation.,550
BRD-K10705233,-0.0065947135508179,7,8,7,8,0.875,0.12871287128712872,0.4639650011512779,6.625,Computational reversal candidate for further investigation.,551
gr 127935 hydrochloride,-0.0065903343229564105,6,7,6,7,0.8571428571428571,0.1188118811881188,0.441338251472206,6.714285714285714,Computational reversal candidate for further investigation.,552
BRD-A45657137,-0.006567170877713115,1,1,1,1,1.0,0.21782178217821782,0.6241783842249771,5.0,Computational reversal candidate for further investigation.,553
BRD-K01614657,-0.006561981948059697,4,5,4,5,0.8,0.12871287128712872,0.4639650011512779,9.0,Computational reversal candidate for further investigation.,554
gr-108,-0.006544547731614379,1,2,1,2,0.5,0.13861386138613863,0.4823196605374824,5.0,Computational reversal candidate for further investigation.,555
ag14361,-0.006526864812304018,9,11,9,11,0.8181818181818182,0.10891089108910891,0.42012006630527304,5.545454545454546,Computational reversal candidate for further investigation.,556
GSK-429286A,-0.006496075356649714,1,1,1,1,1.0,0.2376237623762376,0.6461698801459093,6.0,Computational reversal candidate for further investigation.,557
halcinonide,-0.006493507347558299,1,2,1,2,0.5,0.1782178217821782,0.5524752475247524,6.5,Computational reversal candidate for further investigation.,558
BRD-K28916077,-0.0064826129195831896,2,2,2,2,1.0,0.2376237623762376,0.6461698801459093,7.0,Computational reversal candidate for further investigation.,559
ncgc00241071-01,-0.00647261689340127,1,1,1,1,1.0,0.27722772277227725,0.6890280864821177,6.0,Computational reversal candidate for further investigation.,560
bl-077,-0.006439314369799177,2,2,2,2,1.0,0.21782178217821782,0.6241783842249771,5.0,Computational reversal candidate for further investigation.,561
emetine,-0.006433302124885482,9,15,10,18,0.6,0.26732673267326734,0.6762493756794078,9.11111111111111,Computational reversal candidate for further investigation.,562
hy-50940,-0.006427727017824019,6,7,6,7,0.8571428571428571,0.1782178217821782,0.5524752475247524,6.571428571428571,Computational reversal candidate for further investigation.,563
s1249,-0.0064099348026406995,6,7,6,7,0.8571428571428571,0.19801980198019803,0.5892212257875002,7.285714285714286,Computational reversal candidate for further investigation.,564
pi 103 hydrochloride,-0.006321235666446476,8,11,8,11,0.7272727272727273,0.0891089108910891,0.37793704743608686,6.636363636363637,Computational reversal candidate for further investigation.,565
jnj 10191584 maleate,-0.006269968818768178,1,2,1,2,0.5,0.21782178217821782,0.6241783842249771,8.5,Computational reversal candidate for further investigation.,566
BRD-K93215584,-0.006268118656537454,1,1,1,1,1.0,0.2376237623762376,0.6461698801459093,5.0,Computational reversal candidate for further investigation.,567
suloctidil,-0.0062538964770702055,4,5,4,5,0.8,0.21782178217821782,0.6241783842249771,9.2,Computational reversal candidate for further investigation.,568
hy-11005,-0.006243185956945169,2,3,2,3,0.6666666666666666,0.1782178217821782,0.5524752475247524,6.666666666666667,Computational reversal candidate for further investigation.,569
BRD-K79554012,-0.006219464157584344,1,1,1,1,1.0,0.27722772277227725,0.6890280864821177,5.0,Computational reversal candidate for further investigation.,570
vincristine,-0.006168284606065104,1,2,1,2,0.5,0.1485148514851485,0.5024163130598774,7.5,Computational reversal candidate for further investigation.,571
s1118,-0.0061655124726764906,2,3,2,3,0.6666666666666666,0.07920792079207921,0.34363741717683216,5.0,Computational reversal candidate for further investigation.,572
MLN-8054,-0.006150446172287827,3,6,3,6,0.5,0.07920792079207921,0.34363741717683216,10.5,Computational reversal candidate for further investigation.,573
"betamethasone 17,21-dipropionate",-0.006140575907295696,1,1,1,1,1.0,0.16831683168316833,0.5324307940998182,6.0,Computational reversal candidate for further investigation.,574
fgin-1-27,-0.0060867330594027765,1,2,1,2,0.5,0.1188118811881188,0.441338251472206,5.5,Computational reversal candidate for further investigation.,575
artesunate,-0.006057783329610894,2,3,2,3,0.6666666666666666,0.25742574257425743,0.6680531066805311,5.333333333333333,Computational reversal candidate for further investigation.,576
zk 93423,-0.005974435034214517,1,2,1,2,0.5,0.1188118811881188,0.441338251472206,5.5,Computational reversal candidate for further investigation.,577
irinotecan hydrochloride trihydrate,-0.005946020542697655,4,7,5,8,0.5714285714285714,0.15841584158415842,0.5174310534501726,7.875,Computational reversal candidate for further investigation.,578
ncgc00182388-01,-0.0059184952112369136,1,1,1,1,1.0,0.26732673267326734,0.6762493756794078,6.0,Computational reversal candidate for further investigation.,579
BRD-K31484631,-0.005918173816361897,1,1,1,1,1.0,0.22772277227722773,0.633388787492126,6.0,Computational reversal candidate for further investigation.,580
az 10417808,-0.005875368181906534,1,1,1,1,1.0,0.25742574257425743,0.6680531066805311,5.0,Computational reversal candidate for further investigation.,581
s1005,-0.005851365302309762,2,2,2,2,1.0,0.19801980198019803,0.5892212257875002,7.0,Computational reversal candidate for further investigation.,582
testosterone propionate,-0.005849865524705469,1,1,2,2,1.0,0.38613861386138615,0.8219305076575074,8.0,Computational reversal candidate for further investigation.,583
amsacrine,-0.005848538035755344,10,12,11,13,0.8333333333333334,0.13861386138613863,0.4823196605374824,9.076923076923077,Computational reversal candidate for further investigation.,584
osi-906,-0.005847081956319325,1,1,1,1,1.0,0.24752475247524752,0.6543096170082124,7.0,Computational reversal candidate for further investigation.,585
s1216,-0.0058431293401771155,5,9,5,9,0.5555555555555556,0.07920792079207921,0.34363741717683216,6.111111111111111,Computational reversal candidate for further investigation.,586
BRD-K73261812,-0.005819642448128178,7,13,7,13,0.5384615384615384,0.18811881188118812,0.575839451090531,6.769230769230769,Computational reversal candidate for further investigation.,587
hki-272,-0.005811387602378661,9,13,9,13,0.6923076923076923,0.07920792079207921,0.34363741717683216,6.6923076923076925,Computational reversal candidate for further investigation.,588
BRD-K78385490,-0.005767742021831368,4,4,4,4,1.0,0.25742574257425743,0.6680531066805311,7.5,Computational reversal candidate for further investigation.,589
p8624,-0.005764466679381885,5,8,5,8,0.625,0.16831683168316833,0.5324307940998182,6.75,Computational reversal candidate for further investigation.,590
BRD-K05649647,-0.0057485352744889966,5,8,5,8,0.625,0.18811881188118812,0.575839451090531,6.125,Computational reversal candidate for further investigation.,591
clotrimazole,-0.005733400150630342,1,1,1,1,1.0,0.21782178217821782,0.6241783842249771,5.0,Computational reversal candidate for further investigation.,592
BRD-A47816767,-0.005718333000707552,2,4,2,4,0.5,0.16831683168316833,0.5324307940998182,6.75,Computational reversal candidate for further investigation.,593
nnc 55-0396 dihydrochloride,-0.005709978701260612,4,5,4,5,0.8,0.26732673267326734,0.6762493756794078,7.4,Computational reversal candidate for further investigation.,594
am 404,-0.005699000896301628,2,2,2,2,1.0,0.21782178217821782,0.6241783842249771,6.0,Computational reversal candidate for further investigation.,595
BRD-A15010982,-0.005616619901190959,2,3,2,3,0.6666666666666666,0.25742574257425743,0.6680531066805311,5.333333333333333,Computational reversal candidate for further investigation.,596
bibx 1382 dihydrochloride,-0.0055905359332031205,3,4,3,4,0.75,0.2079207920792079,0.6112154318880164,6.25,Computational reversal candidate for further investigation.,597
s1154,-0.005497404640641676,1,1,1,1,1.0,0.297029702970297,0.7102884201463625,5.0,Computational reversal candidate for further investigation.,598
malonoben,-0.0054865914496605266,4,7,4,7,0.5714285714285714,0.2871287128712871,0.7013674146784306,8.142857142857142,Computational reversal candidate for further investigation.,599
ag 82,-0.005471477305041305,1,1,1,1,1.0,0.26732673267326734,0.6762493756794078,8.0,Computational reversal candidate for further investigation.,600
cyclosporine,-0.005466837416377233,4,7,4,7,0.5714285714285714,0.19801980198019803,0.5892212257875002,8.142857142857142,Computational reversal candidate for further investigation.,601
gp 2a,-0.005407450101626261,1,1,1,1,1.0,0.24752475247524752,0.6543096170082124,5.0,Computational reversal candidate for further investigation.,602
BRD-K82732294,-0.005376230670439304,4,6,4,6,0.6666666666666666,0.1485148514851485,0.5024163130598774,6.5,Computational reversal candidate for further investigation.,603
BRD-K83670234,-0.005361895349770176,5,5,5,5,1.0,0.1188118811881188,0.441338251472206,6.4,Computational reversal candidate for further investigation.,604
BRD-K42499654,-0.0053544670557483165,1,1,1,1,1.0,0.31683168316831684,0.7410123728422225,8.0,Computational reversal candidate for further investigation.,605
BRD-K45435259,-0.005343423984856278,1,1,1,1,1.0,0.25742574257425743,0.6680531066805311,6.0,Computational reversal candidate for further investigation.,606
ncgc00183401-01,-0.0053346856206486154,1,1,1,1,1.0,0.22772277227722773,0.633388787492126,5.0,Computational reversal candidate for further investigation.,607
pp-110,-0.005330945783804631,15,21,15,21,0.7142857142857143,0.1188118811881188,0.441338251472206,7.476190476190476,Computational reversal candidate for further investigation.,608
protriptyline hydrochloride,-0.00530296408528325,1,1,1,1,1.0,0.22772277227722773,0.633388787492126,5.0,Computational reversal candidate for further investigation.,609
BRD-K95196255,-0.0052800588061716084,2,4,2,4,0.5,0.22772277227722773,0.633388787492126,7.0,Computational reversal candidate for further investigation.,610
cay10594,-0.005275580019933479,5,7,5,7,0.7142857142857143,0.2079207920792079,0.6112154318880164,6.857142857142857,Computational reversal candidate for further investigation.,611
BRD-K88198340,-0.005258511472362091,3,5,3,5,0.6,0.2079207920792079,0.6112154318880164,6.0,Computational reversal candidate for further investigation.,612
mk-2206,-0.0051773139041112175,9,14,9,14,0.6428571428571429,0.06930693069306931,0.3185129833738091,6.714285714285714,Computational reversal candidate for further investigation.,613
GW-843682X,-0.0051578280873502795,12,22,12,22,0.5454545454545454,0.039603960396039604,0.218526707039636,7.7727272727272725,Computational reversal candidate for further investigation.,614
s6005,-0.0051107973519565544,1,1,1,1,1.0,0.39603960396039606,0.8275092215103864,5.0,Computational reversal candidate for further investigation.,615
BRD-K63068307,-0.005108413698635053,1,1,1,1,1.0,0.27722772277227725,0.6890280864821177,5.0,Computational reversal candidate for further investigation.,616
y27632,-0.0051065924109327055,1,1,1,1,1.0,0.26732673267326734,0.6762493756794078,5.0,Computational reversal candidate for further investigation.,617
syk inhibitor,-0.005106453538669145,2,3,2,3,0.6666666666666666,0.19801980198019803,0.5892212257875002,6.333333333333333,Computational reversal candidate for further investigation.,618
bi 2536,-0.005102658777623201,19,30,19,30,0.6333333333333333,0.2079207920792079,0.6112154318880164,7.6,Computational reversal candidate for further investigation.,619
BRD-K82837433,-0.0050986564273673715,1,1,1,1,1.0,0.21782178217821782,0.6241783842249771,6.0,Computational reversal candidate for further investigation.,620
sew 05685,-0.005082981888729268,1,1,1,1,1.0,0.3465346534653465,0.7703280106367872,5.0,Computational reversal candidate for further investigation.,621
THZ-2-98-01,-0.005067241414567886,3,3,3,3,1.0,0.27722772277227725,0.6890280864821177,11.0,Computational reversal candidate for further investigation.,622
paclitaxel,-0.005061477552911541,1,1,1,1,1.0,0.33663366336633666,0.7632452074994734,7.0,Computational reversal candidate for further investigation.,623
chlorpromazine,-0.005055764579005918,1,1,1,1,1.0,0.19801980198019803,0.5892212257875002,5.0,Computational reversal candidate for further investigation.,624
akt inhibitor x,-0.0050476727763735605,1,1,1,1,1.0,0.31683168316831684,0.7410123728422225,9.0,Computational reversal candidate for further investigation.,625
BRD-K98824517,-0.0050186952827488765,2,3,2,3,0.6666666666666666,0.19801980198019803,0.5892212257875002,6.666666666666667,Computational reversal candidate for further investigation.,626
amitriptyline hydrochloride,-0.005013262468532041,1,1,1,1,1.0,0.2376237623762376,0.6461698801459093,5.0,Computational reversal candidate for further investigation.,627
ki 8751,-0.005006109509933524,3,4,3,4,0.75,0.18811881188118812,0.575839451090531,6.0,Computational reversal candidate for further investigation.,628
pac 1,-0.004987162551201322,6,7,8,9,0.8571428571428571,0.18811881188118812,0.575839451090531,6.666666666666667,Computational reversal candidate for further investigation.,629
hy-10459,-0.004981837150290297,8,12,8,12,0.6666666666666666,0.2079207920792079,0.6112154318880164,7.333333333333333,Computational reversal candidate for further investigation.,630
homosalate,-0.004973615924267617,1,1,1,1,1.0,0.3069306930693069,0.7248155563478785,5.0,Computational reversal candidate for further investigation.,631
budesonide,-0.004967132652449007,1,2,1,2,0.5,0.2871287128712871,0.7013674146784306,5.0,Computational reversal candidate for further investigation.,632
daunorubicin,-0.004964351559975964,8,9,10,11,0.8888888888888888,0.22772277227722773,0.633388787492126,7.0,Computational reversal candidate for further investigation.,633
s1030,-0.00494761309438292,9,14,9,14,0.6428571428571429,0.2871287128712871,0.7013674146784306,7.785714285714286,Computational reversal candidate for further investigation.,634
BRD-K08307026,-0.004943606940404653,3,4,3,4,0.75,0.24752475247524752,0.6543096170082124,6.5,Computational reversal candidate for further investigation.,635
BRD-K15563106,-0.004914339678762201,5,8,5,8,0.625,0.13861386138613863,0.4823196605374824,7.0,Computational reversal candidate for further investigation.,636
BRD-K39944607,-0.004911862391631066,6,7,6,7,0.8571428571428571,0.15841584158415842,0.5174310534501726,6.857142857142857,Computational reversal candidate for further investigation.,637
n- (2-aminoethyl)-4-chlorobenzamide (ro-16-6491),-0.004865382759619328,1,2,1,2,0.5,0.22772277227722773,0.633388787492126,5.0,Computational reversal candidate for further investigation.,638
BRD-K01868942,-0.004801734843475719,1,1,1,1,1.0,0.18811881188118812,0.575839451090531,6.0,Computational reversal candidate for further investigation.,639
dg-041,-0.004800831339969917,5,8,5,8,0.625,0.22772277227722773,0.633388787492126,8.625,Computational reversal candidate for further investigation.,640
isoeugenitol,-0.0047688482051039096,1,1,1,1,1.0,0.36633663366336633,0.7966887249949485,5.0,Computational reversal candidate for further investigation.,641
oxibendazole,-0.004744383319852767,1,2,1,2,0.5,0.27722772277227725,0.6890280864821177,5.5,Computational reversal candidate for further investigation.,642
sb 225002,-0.004740266191077019,3,5,3,5,0.6,0.21782178217821782,0.6241783842249771,6.0,Computational reversal candidate for further investigation.,643
BRD-K93605482,-0.004723589473436266,1,1,1,1,1.0,0.25742574257425743,0.6680531066805311,5.0,Computational reversal candidate for further investigation.,644
BRD-A72837804,-0.004707614876281701,1,1,1,1,1.0,0.39603960396039606,0.8275092215103864,9.0,Computational reversal candidate for further investigation.,645
vu0415555-1,-0.004700453958893579,1,1,1,1,1.0,0.25742574257425743,0.6680531066805311,8.0,Computational reversal candidate for further investigation.,646
dactinomycin,-0.0046897105773648,8,10,9,11,0.8,0.2079207920792079,0.6112154318880164,6.454545454545454,Computational reversal candidate for further investigation.,647
vu0365114-2,-0.004687343466792535,1,2,1,2,0.5,0.24752475247524752,0.6543096170082124,5.0,Computational reversal candidate for further investigation.,648
vu0418946-2,-0.004685607022791345,3,6,4,9,0.5,0.19801980198019803,0.5892212257875002,6.444444444444445,Computational reversal candidate for further investigation.,649
tg101348,-0.0046645157561225606,17,28,17,28,0.6071428571428571,0.15841584158415842,0.5174310534501726,7.25,Computational reversal candidate for further investigation.,650
BRD-K64517075,-0.00465978567072711,4,5,4,5,0.8,0.297029702970297,0.7102884201463625,8.2,Computational reversal candidate for further investigation.,651
gemcitabine,-0.00464690699384625,3,5,3,5,0.6,0.26732673267326734,0.6762493756794078,6.0,Computational reversal candidate for further investigation.,652
tamoxifen citrate,-0.004644443425019721,2,2,2,2,1.0,0.2871287128712871,0.7013674146784306,5.0,Computational reversal candidate for further investigation.,653
nonoxynol-9,-0.004634886444107488,2,4,2,4,0.5,0.13861386138613863,0.4823196605374824,5.25,Computational reversal candidate for further investigation.,654
BRD-K85318537 (obaa),-0.004618784784522847,1,1,1,1,1.0,0.297029702970297,0.7102884201463625,5.0,Computational reversal candidate for further investigation.,655
vindesine,-0.004613698456990419,1,1,1,1,1.0,0.3069306930693069,0.7248155563478785,6.0,Computational reversal candidate for further investigation.,656
BRD-K88278225,-0.004602312161990463,1,1,1,1,1.0,0.3564356435643564,0.7831479024191079,5.0,Computational reversal candidate for further investigation.,657
BRD-A05565054,-0.004598509533561734,1,1,1,1,1.0,0.19801980198019803,0.5892212257875002,5.0,Computational reversal candidate for further investigation.,658
amoxapine,-0.004590960688864558,2,2,2,2,1.0,0.16831683168316833,0.5324307940998182,6.0,Computational reversal candidate for further investigation.,659
homoharringtonine,-0.0045670006465620555,8,14,11,20,0.5714285714285714,0.297029702970297,0.7102884201463625,9.7,Computational reversal candidate for further investigation.,660
arcyriaflavin a,-0.004558415058324911,1,1,1,1,1.0,0.297029702970297,0.7102884201463625,5.0,Computational reversal candidate for further investigation.,661
BRD-K83972459,-0.0045428923882771845,3,6,3,6,0.5,0.2376237623762376,0.6461698801459093,7.0,Computational reversal candidate for further investigation.,662
s1104,-0.004534348709823931,1,2,1,2,0.5,0.297029702970297,0.7102884201463625,6.0,Computational reversal candidate for further investigation.,663
BRD-K53414658,-0.004491143298088744,3,4,3,4,0.75,0.24752475247524752,0.6543096170082124,5.75,Computational reversal candidate for further investigation.,664
s4002,-0.004463051319907794,1,1,1,1,1.0,0.39603960396039606,0.8275092215103864,6.0,Computational reversal candidate for further investigation.,665
pd 166793,-0.004459944596567327,1,1,1,1,1.0,0.297029702970297,0.7102884201463625,6.0,Computational reversal candidate for further investigation.,666
oxymetazoline hydrochloride,-0.004458789566146785,1,1,1,1,1.0,0.27722772277227725,0.6890280864821177,7.0,Computational reversal candidate for further investigation.,667
BRD-K84203638,-0.004454738042293555,6,10,6,10,0.6,0.22772277227722773,0.633388787492126,10.1,Computational reversal candidate for further investigation.,668
ly-294002,-0.0044521574828032704,1,1,1,1,1.0,0.16831683168316833,0.5324307940998182,5.0,Computational reversal candidate for further investigation.,669
clofarabine,-0.00445210063217576,2,2,2,2,1.0,0.3069306930693069,0.7248155563478785,7.0,Computational reversal candidate for further investigation.,670
arvanil,-0.004427341087751966,1,1,1,1,1.0,0.24752475247524752,0.6543096170082124,5.0,Computational reversal candidate for further investigation.,671
isoxsuprine hydrochloride,-0.004422795515802272,1,1,1,1,1.0,0.297029702970297,0.7102884201463625,5.0,Computational reversal candidate for further investigation.,672
np-004007,-0.004402726878410221,1,1,1,1,1.0,0.2871287128712871,0.7013674146784306,5.0,Computational reversal candidate for further investigation.,673
BRD-K00954209,-0.004361882720379139,2,2,2,2,1.0,0.31683168316831684,0.7410123728422225,7.0,Computational reversal candidate for further investigation.,674
BRD-K08463963,-0.004347378021431661,1,2,1,2,0.5,0.16831683168316833,0.5324307940998182,7.5,Computational reversal candidate for further investigation.,675
dorsomorphin dihydrochloride,-0.0043461106421686145,17,25,21,30,0.68,0.15841584158415842,0.5174310534501726,6.933333333333334,Computational reversal candidate for further investigation.,676
mitotane,-0.004321477175729539,1,1,1,1,1.0,0.2376237623762376,0.6461698801459093,7.0,Computational reversal candidate for further investigation.,677
ly 320135,-0.004316969722855152,1,1,1,1,1.0,0.32673267326732675,0.7497701317911064,5.0,Computational reversal candidate for further investigation.,678
BRD-K26300881,-0.004311111834298219,1,1,1,1,1.0,0.32673267326732675,0.7497701317911064,7.0,Computational reversal candidate for further investigation.,679
ei-232,-0.00430997596926713,1,2,1,2,0.5,0.31683168316831684,0.7410123728422225,8.5,Computational reversal candidate for further investigation.,680
BRD-K26664453,-0.004308420972170556,3,5,3,5,0.6,0.19801980198019803,0.5892212257875002,8.6,Computational reversal candidate for further investigation.,681
a-1065,-0.004279464283865802,1,2,1,2,0.5,0.3465346534653465,0.7703280106367872,6.5,Computational reversal candidate for further investigation.,682
BRD-K87909389,-0.00427632948030438,9,13,13,18,0.6923076923076923,0.2376237623762376,0.6461698801459093,6.833333333333333,Computational reversal candidate for further investigation.,683
l-cis-diltiazem,-0.004260327552578477,1,1,1,1,1.0,0.33663366336633666,0.7632452074994734,8.0,Computational reversal candidate for further investigation.,684
cgs 12066b,-0.00423802336440153,2,3,2,3,0.6666666666666666,0.21782178217821782,0.6241783842249771,6.333333333333333,Computational reversal candidate for further investigation.,685
BRD-A25170757,-0.004227103839282616,1,1,1,1,1.0,0.24752475247524752,0.6543096170082124,7.0,Computational reversal candidate for further investigation.,686
BRD-K04923131,-0.004203343249354649,2,3,2,3,0.6666666666666666,0.2376237623762376,0.6461698801459093,5.0,Computational reversal candidate for further investigation.,687
BRD-K26849279,-0.00418331888559098,1,1,1,1,1.0,0.3465346534653465,0.7703280106367872,5.0,Computational reversal candidate for further investigation.,688
BRD-A36630025,-0.0041332437941383575,21,35,21,35,0.6,0.16831683168316833,0.5324307940998182,7.914285714285715,Computational reversal candidate for further investigation.,689
cjd-fun-4-2,-0.004121247867095248,1,1,1,1,1.0,0.25742574257425743,0.6680531066805311,5.0,Computational reversal candidate for further investigation.,690
maprotiline hydrochloride,-0.004097842478344143,3,3,3,3,1.0,0.26732673267326734,0.6762493756794078,6.0,Computational reversal candidate for further investigation.,691
leoidin dimethyl ether,-0.004097800201446925,1,1,1,1,1.0,0.39603960396039606,0.8275092215103864,6.0,Computational reversal candidate for further investigation.,692
BRD-K35004659,-0.004070590583863927,1,1,1,1,1.0,0.21782178217821782,0.6241783842249771,6.0,Computational reversal candidate for further investigation.,693
gw 7647,-0.004062537203307988,2,3,2,3,0.6666666666666666,0.42574257425742573,0.8580272920909111,7.666666666666667,Computational reversal candidate for further investigation.,694
lasalocid sodium salt,-0.0040560174112759684,3,4,3,4,0.75,0.297029702970297,0.7102884201463625,8.25,Computational reversal candidate for further investigation.,695
ouabain,-0.004046561997423729,10,15,12,20,0.6666666666666666,0.1485148514851485,0.5024163130598774,7.15,Computational reversal candidate for further investigation.,696
lawsone,-0.004025185608641273,1,1,1,1,1.0,0.32673267326732675,0.7497701317911064,7.0,Computational reversal candidate for further investigation.,697
BRD-K56196992,-0.004017161925011419,4,6,4,6,0.6666666666666666,0.24752475247524752,0.6543096170082124,5.833333333333333,Computational reversal candidate for further investigation.,698
PFI-1,-0.0040070312230025456,7,11,7,11,0.6363636363636364,0.16831683168316833,0.5324307940998182,10.0,Computational reversal candidate for further investigation.,699
glimepiride,-0.00392712528945978,1,2,1,2,0.5,0.2871287128712871,0.7013674146784306,6.0,Computational reversal candidate for further investigation.,700
BRD-K70161581,-0.003922973946666274,3,4,3,4,0.75,0.22772277227722773,0.633388787492126,6.25,Computational reversal candidate for further investigation.,701
norethindrone,-0.003838925850771261,1,2,1,3,0.5,0.26732673267326734,0.6762493756794078,6.0,Computational reversal candidate for further investigation.,702
BRD-K46373671,-0.003824970067092428,1,2,1,2,0.5,0.25742574257425743,0.6680531066805311,5.5,Computational reversal candidate for further investigation.,703
olvanil,-0.0038099522677709687,1,2,1,2,0.5,0.39603960396039606,0.8275092215103864,5.5,Computational reversal candidate for further investigation.,704
16-hydroxytriptolide,-0.003753934928654214,15,20,15,20,0.75,0.16831683168316833,0.5324307940998182,6.75,Computational reversal candidate for further investigation.,705
cdc,-0.0037511051634794746,1,1,1,1,1.0,0.3465346534653465,0.7703280106367872,7.0,Computational reversal candidate for further investigation.,706
qs 11,-0.003701779647290423,2,4,2,4,0.5,0.24752475247524752,0.6543096170082124,6.5,Computational reversal candidate for further investigation.,707
jnj 16259685,-0.003689908558360281,1,1,1,1,1.0,0.33663366336633666,0.7632452074994734,7.0,Computational reversal candidate for further investigation.,708
BRD-K71172276,-0.0036871251987262593,1,1,1,1,1.0,0.37623762376237624,0.8089346135117926,5.0,Computational reversal candidate for further investigation.,709
ei-293,-0.0036745733555584754,6,8,6,8,0.75,0.26732673267326734,0.6762493756794078,7.625,Computational reversal candidate for further investigation.,710
w-13 hydrochloride,-0.0036625263465656266,1,1,1,1,1.0,0.297029702970297,0.7102884201463625,6.0,Computational reversal candidate for further investigation.,711
pha 665752,-0.003655565153743651,2,4,2,4,0.5,0.2871287128712871,0.7013674146784306,7.25,Computational reversal candidate for further investigation.,712
s1120,-0.003653869345846359,4,8,4,8,0.5,0.22772277227722773,0.633388787492126,7.125,Computational reversal candidate for further investigation.,713
bl-010,-0.003630529183912251,1,1,1,1,1.0,0.39603960396039606,0.8275092215103864,9.0,Computational reversal candidate for further investigation.,714
BRD-K53780220,-0.003615630480851322,4,5,4,5,0.8,0.24752475247524752,0.6543096170082124,5.4,Computational reversal candidate for further investigation.,715
rs 17053 hydrochloride,-0.0036023355203457074,5,6,5,6,0.8333333333333334,0.25742574257425743,0.6680531066805311,6.333333333333333,Computational reversal candidate for further investigation.,716
rimexolone,-0.00360071798966191,1,1,1,1,1.0,0.32673267326732675,0.7497701317911064,7.0,Computational reversal candidate for further investigation.,717
cycloheximide,-0.0035416045161921943,9,16,14,24,0.5625,0.27722772277227725,0.6890280864821177,7.541666666666667,Computational reversal candidate for further investigation.,718
triciribine,-0.003491531745767302,2,4,3,5,0.5,0.297029702970297,0.7102884201463625,6.6,Computational reversal candidate for further investigation.,719
l-6307,-0.003476082899299848,4,8,4,8,0.5,0.24752475247524752,0.6543096170082124,6.75,Computational reversal candidate for further investigation.,720
BRD-K53308430,-0.0034485909359766335,3,3,3,3,1.0,0.3564356435643564,0.7831479024191079,7.0,Computational reversal candidate for further investigation.,721
ncgc00185094-01,-0.0034353595496190133,2,3,2,3,0.6666666666666666,0.31683168316831684,0.7410123728422225,5.333333333333333,Computational reversal candidate for further investigation.,722
gsk-3 inhibitor ii,-0.0034285929455795264,1,1,1,1,1.0,0.3465346534653465,0.7703280106367872,5.0,Computational reversal candidate for further investigation.,723
mesoridazine besylate,-0.003422008926126951,2,3,2,3,0.6666666666666666,0.21782178217821782,0.6241783842249771,5.666666666666667,Computational reversal candidate for further investigation.,724
BRD-A84102390,-0.0034209183344947715,1,1,1,1,1.0,0.40594059405940597,0.8399620301836008,5.0,Computational reversal candidate for further investigation.,725
BRD-K04853698,-0.0033753438822349117,14,21,14,21,0.6666666666666666,0.22772277227722773,0.633388787492126,8.285714285714286,Computational reversal candidate for further investigation.,726
bvt 948,-0.003310374301749975,2,3,2,3,0.6666666666666666,0.31683168316831684,0.7410123728422225,10.0,Computational reversal candidate for further investigation.,727
azd8055,-0.0032969299693803196,12,22,12,22,0.5454545454545454,0.1485148514851485,0.5024163130598774,6.0,Computational reversal candidate for further investigation.,728
c1386,-0.0032890590418031933,1,1,1,1,1.0,0.24752475247524752,0.6543096170082124,5.0,Computational reversal candidate for further investigation.,729
BRD-K87343924 (wortmannin),-0.0032829430979089366,3,5,3,5,0.6,0.19801980198019803,0.5892212257875002,6.0,Computational reversal candidate for further investigation.,730
aminopurvalanol a,-0.00328040836571861,4,7,4,7,0.5714285714285714,0.32673267326732675,0.7497701317911064,6.428571428571429,Computational reversal candidate for further investigation.,731
prima-1 met,-0.003251739506961006,2,2,2,2,1.0,0.2871287128712871,0.7013674146784306,6.5,Computational reversal candidate for further investigation.,732
BRD-K68174511,-0.0032139905984652833,4,7,4,7,0.5714285714285714,0.32673267326732675,0.7497701317911064,6.285714285714286,Computational reversal candidate for further investigation.,733
BRD-K85818861,-0.003209306210679618,1,2,1,2,0.5,0.32673267326732675,0.7497701317911064,5.5,Computational reversal candidate for further investigation.,734
BRD-K13810148,-0.0032032292720047626,2,4,2,4,0.5,0.40594059405940597,0.8399620301836008,7.75,Computational reversal candidate for further investigation.,735
BRD-K19220233,-0.003192537739539229,4,6,4,6,0.6666666666666666,0.36633663366336633,0.7966887249949485,9.166666666666666,Computational reversal candidate for further investigation.,736
s1014,-0.003190788959654236,3,6,3,6,0.5,0.22772277227722773,0.633388787492126,5.5,Computational reversal candidate for further investigation.,737
tpca-1,-0.0031570135836273966,4,5,4,5,0.8,0.2871287128712871,0.7013674146784306,6.2,Computational reversal candidate for further investigation.,738
s1130,-0.003153389429603787,2,3,2,3,0.6666666666666666,0.27722772277227725,0.6890280864821177,7.333333333333333,Computational reversal candidate for further investigation.,739
hy-70044,-0.003110466155303431,1,1,1,1,1.0,0.45544554455445546,0.8946251768033946,6.0,Computational reversal candidate for further investigation.,740
ncgc00184830-01,-0.003081827465550262,2,4,2,4,0.5,0.26732673267326734,0.6762493756794078,6.5,Computational reversal candidate for further investigation.,741
yk 4-279,-0.003078973602669695,1,2,1,2,0.5,0.36633663366336633,0.7966887249949485,6.5,Computational reversal candidate for further investigation.,742
pravastatin sodium salt,-0.0030777758679640375,1,1,1,1,1.0,0.3564356435643564,0.7831479024191079,5.0,Computational reversal candidate for further investigation.,743
hy-10518,-0.0030772094575729136,6,10,6,10,0.6,0.2871287128712871,0.7013674146784306,6.7,Computational reversal candidate for further investigation.,744
BRD-K26818574,-0.003065112587347407,1,2,1,2,0.5,0.32673267326732675,0.7497701317911064,5.5,Computational reversal candidate for further investigation.,745
ym-155,-0.00306052490909135,17,23,17,23,0.7391304347826086,0.24752475247524752,0.6543096170082124,7.565217391304348,Computational reversal candidate for further investigation.,746
oxymetholone,-0.003049666574615571,1,1,1,1,1.0,0.45544554455445546,0.8946251768033946,9.0,Computational reversal candidate for further investigation.,747
aloisine a,-0.0030445362261780863,1,2,1,2,0.5,0.3069306930693069,0.7248155563478785,5.0,Computational reversal candidate for further investigation.,748
vx-680,-0.002968732252651561,8,12,8,12,0.6666666666666666,0.2376237623762376,0.6461698801459093,6.416666666666667,Computational reversal candidate for further investigation.,749
BRD-K17953061,-0.002964038773413437,5,9,5,9,0.5555555555555556,0.31683168316831684,0.7410123728422225,6.666666666666667,Computational reversal candidate for further investigation.,750
deoxycorticosterone,-0.0029572948899748773,1,1,1,1,1.0,0.3465346534653465,0.7703280106367872,6.0,Computational reversal candidate for further investigation.,751
BRD-A42737819,-0.002956944383592437,1,1,1,1,1.0,0.44554455445544555,0.8833179829610868,5.0,Computational reversal candidate for further investigation.,752
BRD-K76042595,-0.0029442642674410886,1,1,1,1,1.0,0.39603960396039606,0.8275092215103864,6.0,Computational reversal candidate for further investigation.,753
r(+)-6-bromo-apb,-0.0029422839365153925,1,2,1,2,0.5,0.25742574257425743,0.6680531066805311,7.0,Computational reversal candidate for further investigation.,754
BRD-K77547920,-0.002941593278840822,4,7,4,7,0.5714285714285714,0.33663366336633666,0.7632452074994734,6.285714285714286,Computational reversal candidate for further investigation.,755
BRD-K51443908,-0.0029322948825444336,1,2,1,2,0.5,0.33663366336633666,0.7632452074994734,5.0,Computational reversal candidate for further investigation.,756
hy-10044,-0.002907877252182056,3,5,3,5,0.6,0.32673267326732675,0.7497701317911064,5.4,Computational reversal candidate for further investigation.,757
sib 1893,-0.002907791961003992,4,5,4,5,0.8,0.3465346534653465,0.7703280106367872,6.0,Computational reversal candidate for further investigation.,758
BRD-K07005393,-0.00285883281189291,2,2,2,2,1.0,0.37623762376237624,0.8089346135117926,6.5,Computational reversal candidate for further investigation.,759
mk-0591,-0.002841156154164145,6,9,6,9,0.6666666666666666,0.32673267326732675,0.7497701317911064,7.666666666666667,Computational reversal candidate for further investigation.,760
thioridazine hydrochloride,-0.0028102513343138827,3,6,3,7,0.5,0.27722772277227725,0.6890280864821177,7.142857142857143,Computational reversal candidate for further investigation.,761
ys-035 hydrochloride,-0.0027515220153030394,1,1,1,1,1.0,0.43564356435643564,0.8728228874591336,5.0,Computational reversal candidate for further investigation.,762
BRD-U86922168,-0.0027248883060726047,8,12,8,12,0.6666666666666666,0.26732673267326734,0.6762493756794078,7.083333333333333,Computational reversal candidate for further investigation.,763
yc-1,-0.0026854468430501906,1,1,1,1,1.0,0.44554455445544555,0.8833179829610868,8.0,Computational reversal candidate for further investigation.,764
ciclopirox ethanolamine,-0.002684474638297637,1,1,1,1,1.0,0.40594059405940597,0.8399620301836008,6.0,Computational reversal candidate for further investigation.,765
niclosamide,-0.0026821535429835076,14,19,17,26,0.7368421052631579,0.26732673267326734,0.6762493756794078,7.653846153846154,Computational reversal candidate for further investigation.,766
kn-93,-0.00266408086077369,1,1,1,1,1.0,0.44554455445544555,0.8833179829610868,6.0,Computational reversal candidate for further investigation.,767
BRD-A60245366,-0.0026601992394531,4,6,4,6,0.6666666666666666,0.3564356435643564,0.7831479024191079,7.333333333333333,Computational reversal candidate for further investigation.,768
mwp00339,-0.0026575026725033915,1,1,1,1,1.0,0.36633663366336633,0.7966887249949485,5.0,Computational reversal candidate for further investigation.,769
BRD-K03176945,-0.0026023476757662065,1,1,1,1,1.0,0.4158415841584158,0.8470847084708472,7.0,Computational reversal candidate for further investigation.,770
arp 101,-0.0025916200450525947,5,9,8,13,0.5555555555555556,0.32673267326732675,0.7497701317911064,8.384615384615385,Computational reversal candidate for further investigation.,771
imd 0354,-0.002580354774884652,19,28,23,34,0.6785714285714286,0.297029702970297,0.7102884201463625,7.588235294117647,Computational reversal candidate for further investigation.,772
6-azauridine,-0.0025794667925627393,1,1,1,1,1.0,0.43564356435643564,0.8728228874591336,5.0,Computational reversal candidate for further investigation.,773
BRD-K55844427,-0.0025607481940817956,3,3,3,3,1.0,0.2871287128712871,0.7013674146784306,7.0,Computational reversal candidate for further investigation.,774
ncgc00188531-01,-0.002535001322139643,1,2,1,2,0.5,0.39603960396039606,0.8275092215103864,6.5,Computational reversal candidate for further investigation.,775
pik-90,-0.00252940319175661,1,2,1,2,0.5,0.36633663366336633,0.7966887249949485,6.5,Computational reversal candidate for further investigation.,776
rottlerin,-0.002512624521513925,3,4,3,4,0.75,0.297029702970297,0.7102884201463625,8.0,Computational reversal candidate for further investigation.,777
ikk 16,-0.002496463547006351,6,11,6,11,0.5454545454545454,0.33663366336633666,0.7632452074994734,7.0,Computational reversal candidate for further investigation.,778
niguldipine hydrochloride,-0.002440666629535418,5,7,5,7,0.7142857142857143,0.2871287128712871,0.7013674146784306,7.0,Computational reversal candidate for further investigation.,779
mst- 312,-0.002408417573423509,2,4,2,4,0.5,0.38613861386138615,0.8219305076575074,8.0,Computational reversal candidate for further investigation.,780
BRD-A98444709,-0.0023849562766365432,1,1,1,1,1.0,0.26732673267326734,0.6762493756794078,5.0,Computational reversal candidate for further investigation.,781
BRD-K14788918,-0.002383613272146465,2,2,2,2,1.0,0.3465346534653465,0.7703280106367872,6.5,Computational reversal candidate for further investigation.,782
byssochlamic acid,-0.002360472911477436,1,1,1,1,1.0,0.3465346534653465,0.7703280106367872,5.0,Computational reversal candidate for further investigation.,783
rhizocarpic acid,-0.0023420506627248113,1,1,1,1,1.0,0.3465346534653465,0.7703280106367872,6.0,Computational reversal candidate for further investigation.,784
fluticasone propionate,-0.0023015264352274772,1,1,2,2,1.0,0.4752475247524752,0.9166255992115048,7.0,Computational reversal candidate for further investigation.,785
digoxin,-0.0022542672751063677,8,15,14,27,0.5333333333333333,0.3465346534653465,0.7703280106367872,7.222222222222222,Computational reversal candidate for further investigation.,786
emetine hydrochloride,-0.0022487546361056663,7,11,7,11,0.6363636363636364,0.42574257425742573,0.8580272920909111,8.636363636363637,Computational reversal candidate for further investigation.,787
dihydroergocristine mesylate,-0.002212741875766382,1,1,1,1,1.0,0.3564356435643564,0.7831479024191079,6.0,Computational reversal candidate for further investigation.,788
gw 441756,-0.0022050644798045074,1,2,1,2,0.5,0.3564356435643564,0.7831479024191079,7.5,Computational reversal candidate for further investigation.,789
BRD-K15592317,-0.0021848480148161436,1,1,1,1,1.0,0.38613861386138615,0.8219305076575074,7.0,Computational reversal candidate for further investigation.,790
st4066738,-0.002167239798683003,1,2,1,2,0.5,0.3069306930693069,0.7248155563478785,6.5,Computational reversal candidate for further investigation.,791
ncgc00182357-01,-0.0021512443052641274,1,2,1,2,0.5,0.38613861386138615,0.8219305076575074,7.5,Computational reversal candidate for further investigation.,792
BRD-K80348542,-0.002148234246134606,10,16,10,16,0.625,0.37623762376237624,0.8089346135117926,7.5625,Computational reversal candidate for further investigation.,793
nocodazole,-0.0021475994185835836,2,3,2,3,0.6666666666666666,0.36633663366336633,0.7966887249949485,5.666666666666667,Computational reversal candidate for further investigation.,794
norgestrel,-0.0020960148699581426,1,1,1,1,1.0,0.49504950495049505,0.9316328983891766,5.0,Computational reversal candidate for further investigation.,795
mdv3100,-0.0020731531644113863,1,1,1,1,1.0,0.36633663366336633,0.7966887249949485,5.0,Computational reversal candidate for further investigation.,796
vinorelbine,-0.002069813345292745,1,2,1,2,0.5,0.46534653465346537,0.9067609618104668,6.0,Computational reversal candidate for further investigation.,797
ncgc00241435-01,-0.002056285990719449,1,1,1,1,1.0,0.5346534653465347,0.9833701816783621,5.0,Computational reversal candidate for further investigation.,798
gant 58,-0.002054825467660625,1,2,1,2,0.5,0.3465346534653465,0.7703280106367872,6.0,Computational reversal candidate for further investigation.,799
BRD-K72307842,-0.0020401148103985204,1,1,1,1,1.0,0.44554455445544555,0.8833179829610868,5.0,Computational reversal candidate for further investigation.,800
betamethasone acetate,-0.0020285740484237078,1,2,1,2,0.5,0.48514851485148514,0.9262913973368221,7.0,Computational reversal candidate for further investigation.,801
piroxicam,-0.0020237933273308463,1,1,1,1,1.0,0.49504950495049505,0.9316328983891766,7.0,Computational reversal candidate for further investigation.,802
nafronyl oxalate,-0.002004957229048813,1,2,1,2,0.5,0.44554455445544555,0.8833179829610868,5.0,Computational reversal candidate for further investigation.,803
BRD-K10114046,-0.001995409185871662,1,1,1,1,1.0,0.36633663366336633,0.7966887249949485,5.0,Computational reversal candidate for further investigation.,804
BRD-K01436366,-0.0019858652232957047,2,3,2,3,0.6666666666666666,0.40594059405940597,0.8399620301836008,6.0,Computational reversal candidate for further investigation.,805
BRD-K07395346,-0.0019650717539655147,1,2,1,2,0.5,0.3069306930693069,0.7248155563478785,5.0,Computational reversal candidate for further investigation.,806
simvastatin,-0.0019205111777670031,2,3,2,3,0.6666666666666666,0.37623762376237624,0.8089346135117926,6.333333333333333,Computational reversal candidate for further investigation.,807
selamectin,-0.001912893347086724,3,4,3,4,0.75,0.44554455445544555,0.8833179829610868,8.5,Computational reversal candidate for further investigation.,808
BRD-K50140147,-0.0018816279956886187,6,9,7,10,0.6666666666666666,0.3069306930693069,0.7248155563478785,6.6,Computational reversal candidate for further investigation.,809
proscillaridin a,-0.0018594768507923247,6,10,7,12,0.6,0.32673267326732675,0.7497701317911064,7.166666666666667,Computational reversal candidate for further investigation.,810
cy 208-243,-0.0018549682567065222,1,1,1,1,1.0,0.33663366336633666,0.7632452074994734,5.0,Computational reversal candidate for further investigation.,811
gw 843682x,-0.0018528094176982267,3,3,3,3,1.0,0.45544554455445546,0.8946251768033946,6.0,Computational reversal candidate for further investigation.,812
luzindole,-0.0018147896027051755,1,1,1,1,1.0,0.3564356435643564,0.7831479024191079,5.0,Computational reversal candidate for further investigation.,813
BRD-K79222491,-0.0017706346162580824,4,7,4,7,0.5714285714285714,0.32673267326732675,0.7497701317911064,6.428571428571429,Computational reversal candidate for further investigation.,814
teniposide,-0.0017462471570553586,16,26,18,29,0.6153846153846154,0.4158415841584158,0.8470847084708472,7.172413793103448,Computational reversal candidate for further investigation.,815
erk inhibitor 11e,-0.00174182278014837,2,3,2,3,0.6666666666666666,0.37623762376237624,0.8089346135117926,6.0,Computational reversal candidate for further investigation.,816
vincristine sulfate,-0.00171320802221683,3,6,4,7,0.5,0.4158415841584158,0.8470847084708472,5.285714285714286,Computational reversal candidate for further investigation.,817
ver155008,-0.0016778467980120334,1,2,1,2,0.5,0.40594059405940597,0.8399620301836008,7.5,Computational reversal candidate for further investigation.,818
BRD-K02216544,-0.0016285716652553505,1,1,1,1,1.0,0.38613861386138615,0.8219305076575074,5.0,Computational reversal candidate for further investigation.,819
5-nonyloxytryptamine,-0.0016082452888763967,2,3,2,3,0.6666666666666666,0.46534653465346537,0.9067609618104668,5.666666666666667,Computational reversal candidate for further investigation.,820
a-275,-0.0015680356331321576,2,3,2,3,0.6666666666666666,0.3564356435643564,0.7831479024191079,6.0,Computational reversal candidate for further investigation.,821
BRD-K45399554,-0.0015306517238589173,3,6,4,7,0.5,0.3465346534653465,0.7703280106367872,6.428571428571429,Computational reversal candidate for further investigation.,822
amlodipine besylate,-0.0015281947114836,2,3,2,3,0.6666666666666666,0.4158415841584158,0.8470847084708472,5.333333333333333,Computational reversal candidate for further investigation.,823
ncgc00188012-01,-0.001517085896872187,1,1,1,1,1.0,0.49504950495049505,0.9316328983891766,5.0,Computational reversal candidate for further investigation.,824
BRD-K80334323 (norethynodrel),-0.001499224115575982,1,2,1,2,0.5,0.42574257425742573,0.8580272920909111,8.5,Computational reversal candidate for further investigation.,825
cortisone,-0.001479903686732527,1,1,1,1,1.0,0.3465346534653465,0.7703280106367872,6.0,Computational reversal candidate for further investigation.,826
BRD-K59962020,-0.0014364147592655803,3,4,3,4,0.75,0.39603960396039606,0.8275092215103864,5.25,Computational reversal candidate for further investigation.,827
BRD-K42489623,-0.0014353284720863236,1,1,1,1,1.0,0.38613861386138615,0.8219305076575074,6.0,Computational reversal candidate for further investigation.,828
ncgc00188714-01,-0.0014027986709013657,1,1,1,1,1.0,0.42574257425742573,0.8580272920909111,8.0,Computational reversal candidate for further investigation.,829
prostaglandin a1,-0.0013620590270412166,4,7,4,7,0.5714285714285714,0.42574257425742573,0.8580272920909111,6.428571428571429,Computational reversal candidate for further investigation.,830
mitomycin c,-0.0013497029624701638,9,14,9,14,0.6428571428571429,0.42574257425742573,0.8580272920909111,7.5,Computational reversal candidate for further investigation.,831
BRD-U88878891,-0.0013436799538772337,1,1,1,1,1.0,0.49504950495049505,0.9316328983891766,5.0,Computational reversal candidate for further investigation.,832
curcubitacin i,-0.0012197201845285085,12,21,12,21,0.5714285714285714,0.3465346534653465,0.7703280106367872,7.238095238095238,Computational reversal candidate for further investigation.,833
s1172,-0.001212221970785657,1,1,1,1,1.0,0.39603960396039606,0.8275092215103864,6.0,Computational reversal candidate for further investigation.,834
BRD-K36038115,-0.0011765022764651974,1,1,1,1,1.0,0.40594059405940597,0.8399620301836008,7.0,Computational reversal candidate for further investigation.,835
BRD-K31342827,-0.0011717738246308958,9,17,9,17,0.5294117647058824,0.4158415841584158,0.8470847084708472,6.764705882352941,Computational reversal candidate for further investigation.,836
BRD-K53903639,-0.0011500074836708106,5,9,5,9,0.5555555555555556,0.42574257425742573,0.8580272920909111,6.222222222222222,Computational reversal candidate for further investigation.,837
SB-216763,-0.0010647353578160275,1,2,1,2,0.5,0.39603960396039606,0.8275092215103864,6.0,Computational reversal candidate for further investigation.,838
ncgc00182942-03,-0.0010419230980309928,1,1,1,1,1.0,0.40594059405940597,0.8399620301836008,5.0,Computational reversal candidate for further investigation.,839
cvf-csc-7 brd-a32595718,-0.001041292824929982,1,2,1,2,0.5,0.5346534653465347,0.9833701816783621,6.0,Computational reversal candidate for further investigation.,840
sirolimus,-0.0010162863833830112,19,34,22,38,0.5588235294117647,0.26732673267326734,0.6762493756794078,10.052631578947368,Computational reversal candidate for further investigation.,841
ncgc00183696-01,-0.0009705796689566852,3,3,3,3,1.0,0.4752475247524752,0.9166255992115048,8.333333333333334,Computational reversal candidate for further investigation.,842
BRD-K64606589,-0.0009545435739214431,6,10,6,10,0.6,0.48514851485148514,0.9262913973368221,7.7,Computational reversal candidate for further investigation.,843
bas 00535043,-0.0009405821491012835,1,1,1,1,1.0,0.22772277227722773,0.633388787492126,5.0,Computational reversal candidate for further investigation.,844
ncgc00167097-01,-0.0009239706301091195,1,1,1,1,1.0,0.44554455445544555,0.8833179829610868,6.0,Computational reversal candidate for further investigation.,845
BRD-K11663430,-0.0009217986093329848,1,1,1,1,1.0,0.43564356435643564,0.8728228874591336,6.0,Computational reversal candidate for further investigation.,846
ncgc00183237-01,-0.0009204363916914043,1,1,1,1,1.0,0.46534653465346537,0.9067609618104668,5.0,Computational reversal candidate for further investigation.,847
BRD-K05153001,-0.0009080083532404496,2,4,2,4,0.5,0.37623762376237624,0.8089346135117926,7.25,Computational reversal candidate for further investigation.,848
pd 407824,-0.000900759510729922,6,9,6,9,0.6666666666666666,0.39603960396039606,0.8275092215103864,6.555555555555555,Computational reversal candidate for further investigation.,849
bp 554 maleate,-0.0008894042736912987,1,1,1,1,1.0,0.45544554455445546,0.8946251768033946,7.0,Computational reversal candidate for further investigation.,850
metergoline,-0.0008766883332363088,2,3,2,3,0.6666666666666666,0.1782178217821782,0.5524752475247524,5.0,Computational reversal candidate for further investigation.,851
ncgc00241357-01,-0.0008732015420428935,1,2,1,2,0.5,0.5247524752475248,0.972503228583728,8.0,Computational reversal candidate for further investigation.,852
thm-i-94,-0.0008489940696225634,9,15,9,15,0.6,0.4158415841584158,0.8470847084708472,7.933333333333334,Computational reversal candidate for further investigation.,853
BRD-K78633253,-0.0008445248691472847,1,1,1,1,1.0,0.4752475247524752,0.9166255992115048,5.0,Computational reversal candidate for further investigation.,854
BRD-K98731749,-0.00083111638927487,1,1,1,1,1.0,0.4752475247524752,0.9166255992115048,6.0,Computational reversal candidate for further investigation.,855
dibenzepine hydrochloride,-0.0008105114674449886,1,1,1,1,1.0,0.37623762376237624,0.8089346135117926,5.0,Computational reversal candidate for further investigation.,856
naltrindole hydrochloride,-0.0007737018538436537,1,1,1,1,1.0,0.37623762376237624,0.8089346135117926,7.0,Computational reversal candidate for further investigation.,857
s1053,-0.0007711123592359021,4,8,4,8,0.5,0.49504950495049505,0.9316328983891766,5.625,Computational reversal candidate for further investigation.,858
s1018,-0.0007608613790776638,1,2,1,2,0.5,0.4752475247524752,0.9166255992115048,6.5,Computational reversal candidate for further investigation.,859
nsc 23766,-0.0007382116238068013,4,7,4,7,0.5714285714285714,0.39603960396039606,0.8275092215103864,6.0,Computational reversal candidate for further investigation.,860
BRD-K72238567,-0.0007365369892856654,4,8,4,8,0.5,0.4158415841584158,0.8470847084708472,7.375,Computational reversal candidate for further investigation.,861
digitoxin,-0.0007206775566807244,6,11,7,12,0.5454545454545454,0.4158415841584158,0.8470847084708472,8.166666666666666,Computational reversal candidate for further investigation.,862
BRD-K06020002,-0.0006889383352220177,1,1,1,1,1.0,0.33663366336633666,0.7632452074994734,5.0,Computational reversal candidate for further investigation.,863
BRD-K99616396,-0.0006849804852503672,1,1,1,1,1.0,0.43564356435643564,0.8728228874591336,5.0,Computational reversal candidate for further investigation.,864
BRD-K26304855,-0.0006589483120224724,2,4,2,4,0.5,0.5148514851485149,0.9614696409399976,6.25,Computational reversal candidate for further investigation.,865
ei-263,-0.0006223527124373405,3,6,3,6,0.5,0.5445544554455446,0.9919501565541171,6.666666666666667,Computational reversal candidate for further investigation.,866
s1170,-0.0006158745209412127,2,3,2,3,0.6666666666666666,0.39603960396039606,0.8275092215103864,5.666666666666667,Computational reversal candidate for further investigation.,867
ncgc00183371-01,-0.0005557593683733382,1,2,1,2,0.5,0.4752475247524752,0.9166255992115048,5.0,Computational reversal candidate for further investigation.,868
dexamethasone,-0.0005545868328529942,1,2,1,2,0.5,0.45544554455445546,0.8946251768033946,5.0,Computational reversal candidate for further investigation.,869
carbinoxamine maleate,-0.0005486511997132727,1,1,1,1,1.0,0.4158415841584158,0.8470847084708472,5.0,Computational reversal candidate for further investigation.,870
verapamil hydrochloride,-0.0005441926396749586,1,1,1,1,1.0,0.38613861386138615,0.8219305076575074,7.0,Computational reversal candidate for further investigation.,871
pentylenetetrazole,-0.000535855847337952,1,1,1,1,1.0,0.37623762376237624,0.8089346135117926,6.0,Computational reversal candidate for further investigation.,872
pnu 74654,-0.0005254223893941517,5,9,5,9,0.5555555555555556,0.4158415841584158,0.8470847084708472,5.444444444444445,Computational reversal candidate for further investigation.,873
zardaverine,-0.0005160122646418819,1,1,1,1,1.0,0.5247524752475248,0.972503228583728,5.0,Computational reversal candidate for further investigation.,874
phenothiazine,-0.0004903223083335276,1,1,1,1,1.0,0.45544554455445546,0.8946251768033946,8.0,Computational reversal candidate for further investigation.,875
bcl-2 inhibitor,-0.00046278877573596895,1,2,1,2,0.5,0.48514851485148514,0.9262913973368221,6.0,Computational reversal candidate for further investigation.,876
BRD-K62970326,-0.0004399710649107499,1,1,1,1,1.0,0.46534653465346537,0.9067609618104668,8.0,Computational reversal candidate for further investigation.,877
ncgc00182913-03,-0.000420208381658969,1,1,1,1,1.0,0.49504950495049505,0.9316328983891766,5.0,Computational reversal candidate for further investigation.,878
mometasone furoate,-0.0003900204574520641,1,2,1,2,0.5,0.48514851485148514,0.9262913973368221,5.5,Computational reversal candidate for further investigation.,879
arg-csc-91,-0.0003753487293918149,1,1,1,1,1.0,0.39603960396039606,0.8275092215103864,5.0,Computational reversal candidate for further investigation.,880
BRD-K52914903,-0.00037167915598036207,1,1,1,1,1.0,0.6435643564356436,1.0,9.0,Computational reversal candidate for further investigation.,881
sb 202190,-0.00037022587737002436,1,1,1,1,1.0,0.42574257425742573,0.8580272920909111,5.0,Computational reversal candidate for further investigation.,882
rs 504393,-0.0003443272975089491,2,3,2,3,0.6666666666666666,0.4158415841584158,0.8470847084708472,5.333333333333333,Computational reversal candidate for further investigation.,883
ci 976,-0.00033344527832048073,2,3,2,3,0.6666666666666666,0.49504950495049505,0.9316328983891766,6.0,Computational reversal candidate for further investigation.,884
citalopram hydrobromide,-0.0003097292561585292,1,1,1,1,1.0,0.40594059405940597,0.8399620301836008,6.0,Computational reversal candidate for further investigation.,885
jak3 inhibitor vi,-0.0002961547741574164,5,9,5,9,0.5555555555555556,0.4752475247524752,0.9166255992115048,6.444444444444445,Computational reversal candidate for further investigation.,886
BRD-K16180117,-0.00023773744909679666,1,1,1,1,1.0,0.46534653465346537,0.9067609618104668,9.0,Computational reversal candidate for further investigation.,887
r-96544 hydrochloride,-0.00022255689071083197,1,1,1,1,1.0,0.33663366336633666,0.7632452074994734,5.0,Computational reversal candidate for further investigation.,888
hy-70061,-0.00021409273743442942,1,1,1,1,1.0,0.38613861386138615,0.8219305076575074,5.0,Computational reversal candidate for further investigation.,889
podofilox,-0.0002007946155580644,2,3,2,3,0.6666666666666666,0.44554455445544555,0.8833179829610868,5.666666666666667,Computational reversal candidate for further investigation.,890
BRD-K64642496,-0.00019343476190290462,5,9,5,9,0.5555555555555556,0.4158415841584158,0.8470847084708472,7.444444444444445,Computational reversal candidate for further investigation.,891
BRD-K74797618,-0.00018999313749282448,2,2,2,2,1.0,0.4752475247524752,0.9166255992115048,7.0,Computational reversal candidate for further investigation.,892
piretanide,-0.00018789948724801022,2,3,2,3,0.6666666666666666,0.48514851485148514,0.9262913973368221,7.666666666666667,Computational reversal candidate for further investigation.,893
BRD-K90999434,-0.0001878203962812318,1,2,1,2,0.5,0.48514851485148514,0.9262913973368221,6.5,Computational reversal candidate for further investigation.,894
ncgc00242279-01,-0.00016048602575346495,1,1,1,1,1.0,0.48514851485148514,0.9262913973368221,6.0,Computational reversal candidate for further investigation.,895
arg-a1-22 brd-k91349888,-0.00014572299296785815,1,1,1,1,1.0,0.45544554455445546,0.8946251768033946,10.0,Computational reversal candidate for further investigation.,896
cyt997,-0.00012574877881838583,6,11,6,11,0.5454545454545454,0.48514851485148514,0.9262913973368221,7.090909090909091,Computational reversal candidate for further investigation.,897
y 134,-0.00012187808940918379,1,1,1,1,1.0,0.5247524752475248,0.972503228583728,8.0,Computational reversal candidate for further investigation.,898
stock1n-27488,-9.602184832810346e-05,5,9,5,10,0.5555555555555556,0.4158415841584158,0.8470847084708472,6.2,Computational reversal candidate for further investigation.,899
gm6001,-8.953026027385541e-05,1,1,1,1,1.0,0.3564356435643564,0.7831479024191079,5.0,Computational reversal candidate for further investigation.,900
ncgc00165289-01,-8.509855791525613e-05,3,6,3,6,0.5,0.6039603960396039,1.0,6.5,Computational reversal candidate for further investigation.,901
BRD-K28907958,-2.920522659199216e-05,8,16,8,16,0.5,0.43564356435643564,0.8728228874591336,7.5625,Computational reversal candidate for further investigation.,902
sb 205384,-1.594404136797626e-05,1,1,1,1,1.0,0.42574257425742573,0.8580272920909111,6.0,Computational reversal candidate for further investigation.,903
BRD-K28115298,1.778115882162916e-05,1,2,1,2,0.5,0.594059405940594,1.0,6.5,No aggregate reversal under this configuration.,904
bithionate sodium,3.2780601682361535e-05,1,3,1,3,0.3333333333333333,0.594059405940594,1.0,7.0,No aggregate reversal under this configuration.,905
cot-10b,5.237248945337645e-05,14,28,14,28,0.5,0.5346534653465347,0.9833701816783621,7.392857142857143,No aggregate reversal under this configuration.,906
racepinephrine hcl,5.982599325942252e-05,0,1,0,1,0.0,0.5841584158415841,1.0,5.0,No aggregate reversal under this configuration.,907
BRD-K86574132,8.792057098761224e-05,3,7,3,7,0.42857142857142855,0.49504950495049505,0.9316328983891766,8.142857142857142,No aggregate reversal under this configuration.,908
BRD-K70871370,0.00011032141054579791,0,1,0,1,0.0,0.5247524752475248,0.972503228583728,6.0,No aggregate reversal under this configuration.,909
clonidine hydrochloride,0.00012134702336712112,0,1,0,1,0.0,0.48514851485148514,0.9262913973368221,5.0,No aggregate reversal under this configuration.,910
bw-b 70c,0.0001263903293224058,1,3,1,3,0.3333333333333333,0.5742574257425742,1.0,7.333333333333333,No aggregate reversal under this configuration.,911
floxuridine,0.0001288031917948949,1,2,2,3,0.5,0.49504950495049505,0.9316328983891766,5.0,No aggregate reversal under this configuration.,912
trifluoperazine dihydrochloride,0.00015535663552913338,2,4,2,4,0.5,0.5643564356435643,1.0,6.75,No aggregate reversal under this configuration.,913
donepezil hydrochloride,0.0001577258454162657,0,1,0,1,0.0,0.49504950495049505,0.9316328983891766,5.0,No aggregate reversal under this configuration.,914
ncgc00165188-01,0.00016475380547452574,1,2,1,2,0.5,0.44554455445544555,0.8833179829610868,7.0,No aggregate reversal under this configuration.,915
chlorprothixene hydrochloride,0.00019868041076176067,1,2,1,2,0.5,0.4752475247524752,0.9166255992115048,5.5,No aggregate reversal under this configuration.,916
ncgc00242335-01,0.00022041602457151233,2,4,2,4,0.5,0.5643564356435643,1.0,7.0,No aggregate reversal under this configuration.,917
wortmannin,0.0002421849765667527,12,24,47,78,0.5,0.5742574257425742,1.0,6.935897435897436,No aggregate reversal under this configuration.,918
isoliquiritigenin,0.00026481033110070185,3,6,3,6,0.5,0.5742574257425742,1.0,5.5,No aggregate reversal under this configuration.,919
danazol,0.0003076395163216887,1,2,1,2,0.5,0.5445544554455446,0.9919501565541171,6.5,No aggregate reversal under this configuration.,920
ro 31-8220 mesylate,0.0003307158259151402,3,9,5,12,0.3333333333333333,0.5346534653465347,0.9833701816783621,6.75,No aggregate reversal under this configuration.,921
abt-751,0.000346609945365943,4,9,4,9,0.4444444444444444,0.5841584158415841,1.0,6.444444444444445,No aggregate reversal under this configuration.,922
BRD-K94325918,0.00035409233389973324,6,12,6,12,0.5,0.6732673267326733,1.0,7.666666666666667,No aggregate reversal under this configuration.,923
piceatannol,0.00036321872646066875,0,1,0,1,0.0,0.49504950495049505,0.9316328983891766,6.0,No aggregate reversal under this configuration.,924
BRD-U25771771,0.00042101352547675806,3,6,3,6,0.5,0.5445544554455446,0.9919501565541171,7.166666666666667,No aggregate reversal under this configuration.,925
fluconazole,0.00043186632089696735,0,1,0,1,0.0,0.5544554455445545,1.0,6.0,No aggregate reversal under this configuration.,926
BRD-K45818044,0.00047140220038018824,0,1,0,1,0.0,0.5643564356435643,1.0,7.0,No aggregate reversal under this configuration.,927
BRD-K56343971,0.0005227953330637731,4,9,4,10,0.4444444444444444,0.5841584158415841,1.0,7.4,No aggregate reversal under this configuration.,928
sb 218078,0.0005237147083443569,5,11,5,11,0.45454545454545453,0.7128712871287128,1.0,7.363636363636363,No aggregate reversal under this configuration.,929
exemestane,0.0005268727543433589,1,3,1,3,0.3333333333333333,0.5247524752475248,0.972503228583728,5.333333333333333,No aggregate reversal under this configuration.,930
sarmentogenin,0.0005485650090154143,3,6,3,6,0.5,0.5544554455445545,1.0,8.5,No aggregate reversal under this configuration.,931
cp 93129 dihydrochloride,0.000594577628088463,0,1,0,1,0.0,0.49504950495049505,0.9316328983891766,6.0,No aggregate reversal under this configuration.,932
"dibutyryl-camp, sodium salt",0.0005984571206408252,0,1,0,1,0.0,0.5148514851485149,0.9614696409399976,5.0,No aggregate reversal under this configuration.,933
BRD-K14844937,0.0006069609695468457,0,1,0,1,0.0,0.6039603960396039,1.0,5.0,No aggregate reversal under this configuration.,934
bufalin,0.0006185212171613119,6,12,6,12,0.5,0.5445544554455446,0.9919501565541171,8.333333333333334,No aggregate reversal under this configuration.,935
BRD-K61717269,0.0006516246084098034,2,5,2,5,0.4,0.5445544554455446,0.9919501565541171,5.8,No aggregate reversal under this configuration.,936
BRD-K18595892,0.0006573015313012136,1,2,1,2,0.5,0.5544554455445545,1.0,7.0,No aggregate reversal under this configuration.,937
np-006304,0.0007179778622706137,1,3,1,3,0.3333333333333333,0.5643564356435643,1.0,6.0,No aggregate reversal under this configuration.,938
dichlorobenzamil,0.0007459225428913859,2,4,2,4,0.5,0.5841584158415841,1.0,7.75,No aggregate reversal under this configuration.,939
sid 26681509,0.0007968345393364875,2,5,2,5,0.4,0.5841584158415841,1.0,8.2,No aggregate reversal under this configuration.,940
m-3m3fbs,0.0008235661191559504,4,10,4,10,0.4,0.6534653465346535,1.0,6.6,No aggregate reversal under this configuration.,941
hy-11006,0.0008365894336053396,1,2,1,2,0.5,0.46534653465346537,0.9067609618104668,6.0,No aggregate reversal under this configuration.,942
skf 81297 hydrobromide,0.0008793585030867088,1,2,1,2,0.5,0.46534653465346537,0.9067609618104668,5.5,No aggregate reversal under this configuration.,943
BRD-K06750613,0.0009076653125256275,2,4,2,4,0.5,0.5148514851485149,0.9614696409399976,6.5,No aggregate reversal under this configuration.,944
sdm25n hydrochloride,0.000913387524584679,1,2,1,2,0.5,0.5247524752475248,0.972503228583728,6.0,No aggregate reversal under this configuration.,945
"l-690,488",0.0009416411690331946,4,8,4,8,0.5,0.7029702970297029,1.0,5.5,No aggregate reversal under this configuration.,946
kuc104135 kuc104135n,0.000971321221456955,1,3,1,3,0.3333333333333333,0.6138613861386139,1.0,6.666666666666667,No aggregate reversal under this configuration.,947
BRD-K10906552,0.0009800075724031186,1,3,1,3,0.3333333333333333,0.5346534653465347,0.9833701816783621,8.0,No aggregate reversal under this configuration.,948
BRD-A19248578,0.000980812826977577,1,2,1,2,0.5,0.5247524752475248,0.972503228583728,6.5,No aggregate reversal under this configuration.,949
acyclovir,0.0010184279937758625,0,1,0,1,0.0,0.5346534653465347,0.9833701816783621,5.0,No aggregate reversal under this configuration.,950
scriptaid,0.0010287683667391462,4,9,4,9,0.4444444444444444,0.6138613861386139,1.0,8.333333333333334,No aggregate reversal under this configuration.,951
BRD-K39757396,0.0010306627097012577,0,1,0,1,0.0,0.5148514851485149,0.9614696409399976,5.0,No aggregate reversal under this configuration.,952
cymarin,0.001032710832379334,2,9,2,9,0.2222222222222222,0.5346534653465347,0.9833701816783621,6.888888888888889,No aggregate reversal under this configuration.,953
BRD-U43867373,0.0010476514880409563,2,4,2,4,0.5,0.5742574257425742,1.0,5.75,No aggregate reversal under this configuration.,954
salmeterol,0.0010519281965839997,0,1,0,1,0.0,0.5742574257425742,1.0,7.0,No aggregate reversal under this configuration.,955
BRD-A84524947,0.0010910486026616379,0,1,0,1,0.0,0.6237623762376238,1.0,5.0,No aggregate reversal under this configuration.,956
mafenide hydrochloride,0.0011003151753199514,0,1,0,1,0.0,0.5742574257425742,1.0,6.0,No aggregate reversal under this configuration.,957
BRD-K52321331,0.0011033196778695467,0,2,0,2,0.0,0.5544554455445545,1.0,7.5,No aggregate reversal under this configuration.,958
hts 10859,0.0011177718134650454,0,1,0,1,0.0,0.5445544554455446,0.9919501565541171,6.0,No aggregate reversal under this configuration.,959
kenpaullone,0.001119801815600366,1,3,1,3,0.3333333333333333,0.5445544554455446,0.9919501565541171,7.333333333333333,No aggregate reversal under this configuration.,960
cyproheptadine hydrochloride,0.0011207438010079982,0,1,0,1,0.0,0.504950495049505,0.948172460417848,6.0,No aggregate reversal under this configuration.,961
"methyl 2,5-dihydroxycinnamate",0.00112175994548199,0,1,0,1,0.0,0.6138613861386139,1.0,6.0,No aggregate reversal under this configuration.,962
h-5832,0.0011870997565552235,1,2,1,2,0.5,0.5148514851485149,0.9614696409399976,5.5,No aggregate reversal under this configuration.,963
ncgc00242340-01,0.0012087071710255466,0,1,0,1,0.0,0.504950495049505,0.948172460417848,7.0,No aggregate reversal under this configuration.,964
BRD-K03857568,0.0012130610014447108,1,3,1,3,0.3333333333333333,0.594059405940594,1.0,6.333333333333333,No aggregate reversal under this configuration.,965
mln4924,0.001218183418058495,6,12,6,12,0.5,0.6633663366336634,1.0,7.75,No aggregate reversal under this configuration.,966
16beta-bromoandrosterone,0.0012545909141230558,0,1,0,1,0.0,0.594059405940594,1.0,6.0,No aggregate reversal under this configuration.,967
isocarboxazid,0.0012620797574487423,0,1,0,1,0.0,0.45544554455445546,0.8946251768033946,6.0,No aggregate reversal under this configuration.,968
ncgc00183412-01,0.0012905333488942312,0,1,0,1,0.0,0.5643564356435643,1.0,5.0,No aggregate reversal under this configuration.,969
nnc 05-2090 hydrochloride,0.0013057739489116078,1,3,1,3,0.3333333333333333,0.6831683168316832,1.0,6.0,No aggregate reversal under this configuration.,970
BRD-U68942961,0.0013086237311699042,1,3,1,3,0.3333333333333333,0.6831683168316832,1.0,6.666666666666667,No aggregate reversal under this configuration.,971
BRD-K68202742 (trichostatin a),0.0013445325639362953,6,13,11,23,0.46153846153846156,0.5643564356435643,1.0,7.739130434782608,No aggregate reversal under this configuration.,972
"ici-185,282",0.001386823578149795,0,1,0,1,0.0,0.5643564356435643,1.0,5.0,No aggregate reversal under this configuration.,973
ag-014699 (pf-01367338),0.0013896886024463797,0,1,0,1,0.0,0.49504950495049505,0.9316328983891766,7.0,No aggregate reversal under this configuration.,974
bapta-am,0.001451495204432266,0,1,0,1,0.0,0.5445544554455446,0.9919501565541171,10.0,No aggregate reversal under this configuration.,975
rs 39604 hydrochloride,0.0014591986828356692,2,5,2,5,0.4,0.6534653465346535,1.0,5.6,No aggregate reversal under this configuration.,976
c8273,0.0014699041528565206,1,2,1,2,0.5,0.6237623762376238,1.0,7.0,No aggregate reversal under this configuration.,977
carbamazepine,0.0015159938470918274,1,2,1,2,0.5,0.5742574257425742,1.0,8.5,No aggregate reversal under this configuration.,978
dehydroisoandosterone 3-acetate,0.0015530389149437805,0,1,0,1,0.0,0.6138613861386139,1.0,5.0,No aggregate reversal under this configuration.,979
strophanthidin,0.0015621770510088132,3,11,3,11,0.2727272727272727,0.6732673267326733,1.0,7.0,No aggregate reversal under this configuration.,980
ag 527,0.001630918739428746,0,1,0,1,0.0,0.5544554455445545,1.0,6.0,No aggregate reversal under this configuration.,981
stk397047,0.0016349879861216625,2,6,2,6,0.3333333333333333,0.6039603960396039,1.0,6.166666666666667,No aggregate reversal under this configuration.,982
ncgc00188530-01,0.0016399866104120568,2,4,2,4,0.5,0.6237623762376238,1.0,7.5,No aggregate reversal under this configuration.,983
jtc 801,0.0016944557801977936,1,4,1,4,0.25,0.5643564356435643,1.0,6.25,No aggregate reversal under this configuration.,984
chr 2797,0.0017053692463593665,6,14,6,14,0.42857142857142855,0.6732673267326733,1.0,8.357142857142858,No aggregate reversal under this configuration.,985
BRD-A31107743,0.0017462460467408143,6,13,6,13,0.46153846153846156,0.693069306930693,1.0,8.538461538461538,No aggregate reversal under this configuration.,986
BRD-K95138506,0.0017661319805891205,0,2,0,2,0.0,0.6039603960396039,1.0,5.5,No aggregate reversal under this configuration.,987
BRD-K81795824,0.001979299015427637,1,3,1,3,0.3333333333333333,0.6039603960396039,1.0,6.666666666666667,No aggregate reversal under this configuration.,988
mls-0435555.0001,0.001997202505284395,0,2,0,2,0.0,0.7029702970297029,1.0,6.5,No aggregate reversal under this configuration.,989
ncgc00188488-01,0.0020155527478515605,0,1,0,1,0.0,0.6534653465346535,1.0,7.0,No aggregate reversal under this configuration.,990
biperiden hydrochloride,0.0020221151826144527,0,1,0,1,0.0,0.5544554455445545,1.0,8.0,No aggregate reversal under this configuration.,991
BRD-K64058329,0.0020591354040077987,0,1,0,1,0.0,0.5544554455445545,1.0,7.0,No aggregate reversal under this configuration.,992
benazepril hydrochloride,0.00210329694510624,0,1,0,1,0.0,0.6633663366336634,1.0,6.0,No aggregate reversal under this configuration.,993
dipropyldopamine,0.002187827873177771,0,1,0,1,0.0,0.5841584158415841,1.0,5.0,No aggregate reversal under this configuration.,994
BRD-K10846167,0.002189607339911634,2,5,2,5,0.4,0.6237623762376238,1.0,5.8,No aggregate reversal under this configuration.,995
hy-11068,0.0022520902812695554,1,2,1,2,0.5,0.6138613861386139,1.0,5.0,No aggregate reversal under this configuration.,996
p5172,0.002276948199293515,1,2,1,2,0.5,0.7425742574257426,1.0,5.0,No aggregate reversal under this configuration.,997
hy-10181,0.0022858175930987852,0,4,0,4,0.0,0.7425742574257426,1.0,6.25,No aggregate reversal under this configuration.,998
ncgc00166395-02,0.0023132983602103833,0,2,0,2,0.0,0.6138613861386139,1.0,6.0,No aggregate reversal under this configuration.,999
fenobam,0.0023138027799667303,0,1,0,1,0.0,0.5544554455445545,1.0,6.0,No aggregate reversal under this configuration.,1000
t 0901317,0.002345651404704701,1,2,1,2,0.5,0.594059405940594,1.0,7.5,No aggregate reversal under this configuration.,1001
BRD-K34387287,0.0023918842138968967,0,1,0,1,0.0,0.6237623762376238,1.0,7.0,No aggregate reversal under this configuration.,1002
promazine hydrochloride,0.0024018873660496265,1,2,1,2,0.5,0.5643564356435643,1.0,7.0,No aggregate reversal under this configuration.,1003
estradiol valerate,0.002410606878236454,0,1,0,1,0.0,0.5445544554455446,0.9919501565541171,8.0,No aggregate reversal under this configuration.,1004
tl hras26 brd-k01877528,0.002429118853110316,4,11,4,12,0.36363636363636365,0.6039603960396039,1.0,6.916666666666667,No aggregate reversal under this configuration.,1005
purvalanol a,0.0024525467922305254,1,3,1,3,0.3333333333333333,0.6732673267326733,1.0,5.333333333333333,No aggregate reversal under this configuration.,1006
mdl 72222,0.0024683395769804985,0,1,0,1,0.0,0.6039603960396039,1.0,7.0,No aggregate reversal under this configuration.,1007
t0516-4420,0.0024816240059482297,0,1,0,1,0.0,0.6732673267326733,1.0,5.0,No aggregate reversal under this configuration.,1008
cyclo [arg-gly-asp-d-phe-val],0.002483224811208607,0,1,0,1,0.0,0.6435643564356436,1.0,5.0,No aggregate reversal under this configuration.,1009
BRD-A06664848,0.002485800834617538,0,1,0,1,0.0,0.6435643564356436,1.0,6.0,No aggregate reversal under this configuration.,1010
sb 216641 hydrochloride,0.0024967565416436155,0,1,0,1,0.0,0.6435643564356436,1.0,6.0,No aggregate reversal under this configuration.,1011
BRD-K89224880,0.0025055350670807964,0,3,0,3,0.0,0.693069306930693,1.0,6.333333333333333,No aggregate reversal under this configuration.,1012
gr-103,0.002529319001450954,1,2,1,2,0.5,0.6633663366336634,1.0,6.0,No aggregate reversal under this configuration.,1013
vu0418947-2,0.002563842383857931,3,6,3,6,0.5,0.5841584158415841,1.0,5.833333333333333,No aggregate reversal under this configuration.,1014
hexylcaine hydrochloride,0.0025677393677987492,1,2,1,2,0.5,0.5643564356435643,1.0,5.5,No aggregate reversal under this configuration.,1015
bg fa 0953,0.002573719152885224,1,2,1,2,0.5,0.6237623762376238,1.0,5.0,No aggregate reversal under this configuration.,1016
zm 336372,0.0025850897526983863,4,10,4,10,0.4,0.7623762376237624,1.0,6.0,No aggregate reversal under this configuration.,1017
BRD-U51951544,0.0026232745290695023,2,9,2,9,0.2222222222222222,0.6534653465346535,1.0,6.666666666666667,No aggregate reversal under this configuration.,1018
BRD-K23217072,0.0026266220380662857,1,2,1,2,0.5,0.7524752475247525,1.0,6.5,No aggregate reversal under this configuration.,1019
fccp,0.0026367063433206227,4,9,4,9,0.4444444444444444,0.7326732673267327,1.0,6.222222222222222,No aggregate reversal under this configuration.,1020
s1122,0.0026486515295684396,3,6,3,6,0.5,0.6039603960396039,1.0,7.5,No aggregate reversal under this configuration.,1021
anisomycin,0.0026576781990305114,6,14,6,14,0.42857142857142855,0.6732673267326733,1.0,9.214285714285714,No aggregate reversal under this configuration.,1022
sulfaguanidine,0.0026729701779286607,0,1,0,1,0.0,0.6831683168316832,1.0,12.0,No aggregate reversal under this configuration.,1023
levonorgestrel,0.0026749902530187066,0,1,0,1,0.0,0.6336633663366337,1.0,9.0,No aggregate reversal under this configuration.,1024
ruxolitinib,0.002717606285395674,0,3,0,3,0.0,0.7227722772277227,1.0,5.666666666666667,No aggregate reversal under this configuration.,1025
flunisolide,0.0027228176675314483,1,4,1,4,0.25,0.7425742574257426,1.0,5.75,No aggregate reversal under this configuration.,1026
lonidamine,0.0027242569832889446,1,4,1,4,0.25,0.8316831683168316,1.0,5.75,No aggregate reversal under this configuration.,1027
BRD-K75081836,0.0027333138248490305,1,6,1,6,0.16666666666666666,0.693069306930693,1.0,6.833333333333333,No aggregate reversal under this configuration.,1028
nortriptyline hydrochloride,0.0027402188230419306,0,1,0,1,0.0,0.5643564356435643,1.0,6.0,No aggregate reversal under this configuration.,1029
BRD-K60093216,0.002756267321798226,0,1,0,1,0.0,0.6435643564356436,1.0,5.0,No aggregate reversal under this configuration.,1030
amodiaquin dihydrochloride dihydrate,0.0027574113951992895,1,2,1,2,0.5,0.7722772277227723,1.0,5.0,No aggregate reversal under this configuration.,1031
iopanoic acid,0.0027706634427930054,0,2,0,2,0.0,0.6534653465346535,1.0,7.0,No aggregate reversal under this configuration.,1032
BRD-K66792149,0.0027866355230402543,2,5,2,5,0.4,0.6534653465346535,1.0,6.0,No aggregate reversal under this configuration.,1033
pdgf receptor tyrosine kinase inhibitor i,0.0027908861101929956,0,3,0,3,0.0,0.6633663366336634,1.0,6.333333333333333,No aggregate reversal under this configuration.,1034
nsc 95397,0.002820876463198078,3,7,3,7,0.42857142857142855,0.7227722772277227,1.0,7.0,No aggregate reversal under this configuration.,1035
BRD-K14027855,0.0028413223956689714,2,4,2,4,0.5,0.7227722772277227,1.0,5.25,No aggregate reversal under this configuration.,1036
np-003021,0.002845333981864637,0,1,0,1,0.0,0.6039603960396039,1.0,5.0,No aggregate reversal under this configuration.,1037
BRD-K77681376,0.0028653063655030655,1,3,1,3,0.3333333333333333,0.693069306930693,1.0,9.0,No aggregate reversal under this configuration.,1038
mammea a/ba + a/bb,0.0028655649355612293,1,2,1,2,0.5,0.693069306930693,1.0,5.0,No aggregate reversal under this configuration.,1039
BRD-K92158425,0.002883300054043283,2,5,2,5,0.4,0.5841584158415841,1.0,7.0,No aggregate reversal under this configuration.,1040
pkcbeta inhibitor,0.002892472851944772,1,2,1,2,0.5,0.6237623762376238,1.0,8.0,No aggregate reversal under this configuration.,1041
bms-536924,0.002895297466084103,6,14,6,14,0.42857142857142855,0.7623762376237624,1.0,7.071428571428571,No aggregate reversal under this configuration.,1042
strophantine octahydrate,0.0029001708631687505,4,9,4,9,0.4444444444444444,0.7326732673267327,1.0,6.444444444444445,No aggregate reversal under this configuration.,1043
BRD-K94390040,0.002932939531485594,0,1,0,1,0.0,0.7227722772277227,1.0,5.0,No aggregate reversal under this configuration.,1044
e6 berbamine,0.0029411707845701032,0,1,0,1,0.0,0.6435643564356436,1.0,5.0,No aggregate reversal under this configuration.,1045
flucytosine,0.002971038636564884,0,1,0,1,0.0,0.6237623762376238,1.0,8.0,No aggregate reversal under this configuration.,1046
ag 18,0.0029821349216500107,0,1,0,1,0.0,0.693069306930693,1.0,10.0,No aggregate reversal under this configuration.,1047
cinobufagin,0.002984533651668146,5,11,5,11,0.45454545454545453,0.7326732673267327,1.0,7.818181818181818,No aggregate reversal under this configuration.,1048
BRD-K43620258,0.0029978842088648223,8,22,8,22,0.36363636363636365,0.7425742574257426,1.0,7.2272727272727275,No aggregate reversal under this configuration.,1049
BRD-K19295594,0.003011717167051154,3,7,3,7,0.42857142857142855,0.7326732673267327,1.0,7.857142857142857,No aggregate reversal under this configuration.,1050
BRD-K17140735,0.0030313639887102487,7,19,7,19,0.3684210526315789,0.7128712871287128,1.0,7.157894736842105,No aggregate reversal under this configuration.,1051
sq 22536,0.003035131399676705,0,1,0,1,0.0,0.5643564356435643,1.0,7.0,No aggregate reversal under this configuration.,1052
flubendazole,0.0030364309729236606,0,2,0,2,0.0,0.7326732673267327,1.0,5.5,No aggregate reversal under this configuration.,1053
cgk 733,0.003058973804667924,1,4,1,4,0.25,0.7326732673267327,1.0,8.5,No aggregate reversal under this configuration.,1054
digoxigenin,0.0030634113104849856,3,6,3,6,0.5,0.7524752475247525,1.0,6.5,No aggregate reversal under this configuration.,1055
BRD-U44618005,0.003075950458258454,0,1,0,1,0.0,0.6831683168316832,1.0,5.0,No aggregate reversal under this configuration.,1056
BRD-K03736784,0.003104187212653085,2,5,2,5,0.4,0.6237623762376238,1.0,7.6,No aggregate reversal under this configuration.,1057
BRD-K78373679,0.0031769659438061273,0,1,0,1,0.0,0.6534653465346535,1.0,5.0,No aggregate reversal under this configuration.,1058
lylamine hydrochloride,0.00323866495150895,1,3,1,3,0.3333333333333333,0.7029702970297029,1.0,7.666666666666667,No aggregate reversal under this configuration.,1059
BRD-K06217810,0.0032539698689177457,0,1,0,1,0.0,0.7722772277227723,1.0,6.0,No aggregate reversal under this configuration.,1060
lomatin,0.0032800107023128813,1,2,1,2,0.5,0.7128712871287128,1.0,5.0,No aggregate reversal under this configuration.,1061
BRD-K96704648,0.0032994177462404416,0,1,0,1,0.0,0.6633663366336634,1.0,5.0,No aggregate reversal under this configuration.,1062
BRD-K53932786,0.003336577302685686,3,7,3,7,0.42857142857142855,0.7227722772277227,1.0,6.857142857142857,No aggregate reversal under this configuration.,1063
BRD-K49371609,0.0033903855961691363,9,23,9,23,0.391304347826087,0.801980198019802,1.0,7.869565217391305,No aggregate reversal under this configuration.,1064
n-chlorophenyl-n-hexylpiperazine,0.0034087382750502063,0,1,0,1,0.0,0.6534653465346535,1.0,7.0,No aggregate reversal under this configuration.,1065
hemado,0.0034137396102870724,0,1,0,1,0.0,0.6435643564356436,1.0,6.0,No aggregate reversal under this configuration.,1066
BRD-K71670746,0.003421509073573057,0,1,0,1,0.0,0.6138613861386139,1.0,5.0,No aggregate reversal under this configuration.,1067
prozac,0.0034348180246448795,0,1,0,1,0.0,0.6732673267326733,1.0,5.0,No aggregate reversal under this configuration.,1068
hli 373,0.0034475420089019318,2,9,2,9,0.2222222222222222,0.7722772277227723,1.0,6.777777777777778,No aggregate reversal under this configuration.,1069
s1003,0.003474382501295123,4,9,4,9,0.4444444444444444,0.7425742574257426,1.0,6.888888888888889,No aggregate reversal under this configuration.,1070
sr 142948,0.003478745453887905,0,1,0,1,0.0,0.6831683168316832,1.0,6.0,No aggregate reversal under this configuration.,1071
evodiamine,0.0034902298489107924,1,2,1,2,0.5,0.7128712871287128,1.0,7.0,No aggregate reversal under this configuration.,1072
BRD-K16618170,0.0035325286778308987,0,1,0,1,0.0,0.6138613861386139,1.0,7.0,No aggregate reversal under this configuration.,1073
ryuvidine,0.003555164089605648,2,5,2,5,0.4,0.7524752475247525,1.0,5.8,No aggregate reversal under this configuration.,1074
ncgc00181799-01,0.0035754006103811027,0,1,0,1,0.0,0.6336633663366337,1.0,5.0,No aggregate reversal under this configuration.,1075
u 99194 maleate,0.0036022738500368083,0,1,0,1,0.0,0.7029702970297029,1.0,5.0,No aggregate reversal under this configuration.,1076
flufenamic acid,0.003611688183854969,1,3,1,3,0.3333333333333333,0.6435643564356436,1.0,5.666666666666667,No aggregate reversal under this configuration.,1077
BRD-K46499837,0.003637150846765839,0,1,0,1,0.0,0.7227722772277227,1.0,5.0,No aggregate reversal under this configuration.,1078
BRD-K74133369,0.0036612493930222667,0,1,0,1,0.0,0.7029702970297029,1.0,5.0,No aggregate reversal under this configuration.,1079
BRD-K23673040,0.0036650137949088527,0,2,0,2,0.0,0.6732673267326733,1.0,6.0,No aggregate reversal under this configuration.,1080
BRD-K71726959,0.0036686699863665295,3,7,3,7,0.42857142857142855,0.7128712871287128,1.0,6.142857142857143,No aggregate reversal under this configuration.,1081
BRD-K07023879,0.0036805442011150578,1,2,1,2,0.5,0.6534653465346535,1.0,6.5,No aggregate reversal under this configuration.,1082
nefazodone hydrochloride,0.003702488104427932,0,1,0,1,0.0,0.6534653465346535,1.0,5.0,No aggregate reversal under this configuration.,1083
BRD-K58288048,0.003769262959471438,1,3,1,3,0.3333333333333333,0.693069306930693,1.0,6.666666666666667,No aggregate reversal under this configuration.,1084
prednisolone,0.003800454849508334,0,1,0,1,0.0,0.5643564356435643,1.0,8.0,No aggregate reversal under this configuration.,1085
BRD-A50774520,0.003808124303650332,1,4,1,4,0.25,0.7821782178217822,1.0,5.5,No aggregate reversal under this configuration.,1086
s1085,0.003846819734628746,3,9,3,9,0.3333333333333333,0.7524752475247525,1.0,8.11111111111111,No aggregate reversal under this configuration.,1087
BRD-K61776140,0.00389175645741178,0,1,0,1,0.0,0.7425742574257426,1.0,5.0,No aggregate reversal under this configuration.,1088
cucurbitacin i,0.0038951858621430035,1,4,1,4,0.25,0.7425742574257426,1.0,5.5,No aggregate reversal under this configuration.,1089
s1142,0.00390016680863667,1,3,1,3,0.3333333333333333,0.6732673267326733,1.0,5.0,No aggregate reversal under this configuration.,1090
kf 38789,0.003926029552195382,0,2,0,2,0.0,0.7920792079207921,1.0,5.5,No aggregate reversal under this configuration.,1091
hy-11004,0.0039429867652574935,1,3,1,3,0.3333333333333333,0.7524752475247525,1.0,6.333333333333333,No aggregate reversal under this configuration.,1092
BRD-K25731886,0.0039527858417728635,0,1,0,1,0.0,0.6732673267326733,1.0,9.0,No aggregate reversal under this configuration.,1093
digitoxigenin,0.003960345915768197,3,10,3,11,0.3,0.7722772277227723,1.0,7.636363636363637,No aggregate reversal under this configuration.,1094
BRD-K22631935,0.003989219612288271,0,1,0,1,0.0,0.594059405940594,1.0,5.0,No aggregate reversal under this configuration.,1095
BRD-K68007270,0.003993379676374812,0,1,0,1,0.0,0.6237623762376238,1.0,5.0,No aggregate reversal under this configuration.,1096
rosiglitazone hydrochloride,0.003999066468031233,0,1,0,1,0.0,0.7227722772277227,1.0,13.0,No aggregate reversal under this configuration.,1097
clobetasol propionate,0.00404944151788999,0,4,0,5,0.0,0.7920792079207921,1.0,6.6,No aggregate reversal under this configuration.,1098
BRD-K96405393,0.004053550485602471,0,1,0,1,0.0,0.6732673267326733,1.0,5.0,No aggregate reversal under this configuration.,1099
k784-3187,0.004089032924964578,4,10,6,15,0.4,0.7920792079207921,1.0,7.066666666666666,No aggregate reversal under this configuration.,1100
l 655240,0.0040925908879776915,0,1,0,1,0.0,0.6138613861386139,1.0,5.0,No aggregate reversal under this configuration.,1101
p233,0.004108848575170203,0,1,0,1,0.0,0.693069306930693,1.0,5.0,No aggregate reversal under this configuration.,1102
hydrocortisone hemisuccinate,0.004120686557010585,0,1,0,1,0.0,0.6435643564356436,1.0,5.0,No aggregate reversal under this configuration.,1103
rottlerin ncgc00025228-11,0.00423027730021276,7,18,7,18,0.3888888888888889,0.900990099009901,1.0,7.5,No aggregate reversal under this configuration.,1104
topotecan hcl,0.004264407044509099,2,5,2,6,0.4,0.7425742574257426,1.0,7.5,No aggregate reversal under this configuration.,1105
km 00927,0.004277769573363773,4,14,4,14,0.2857142857142857,0.7821782178217822,1.0,8.0,No aggregate reversal under this configuration.,1106
ag 957,0.004288640560497393,2,5,2,5,0.4,0.7623762376237624,1.0,6.2,No aggregate reversal under this configuration.,1107
estradiol,0.004305437262970662,0,1,0,1,0.0,0.693069306930693,1.0,5.0,No aggregate reversal under this configuration.,1108
np-001236,0.004320576304463079,2,5,2,5,0.4,0.7425742574257426,1.0,8.8,No aggregate reversal under this configuration.,1109
irbesartan,0.0043399542293672405,0,1,0,1,0.0,0.6633663366336634,1.0,11.0,No aggregate reversal under this configuration.,1110
BRD-K75128590,0.004361032813328423,0,1,0,1,0.0,0.6237623762376238,1.0,9.0,No aggregate reversal under this configuration.,1111
BRD-U29336476,0.0043796785215331055,0,6,0,6,0.0,0.7227722772277227,1.0,7.333333333333333,No aggregate reversal under this configuration.,1112
peitc,0.004387040583659176,1,3,1,3,0.3333333333333333,0.7920792079207921,1.0,7.0,No aggregate reversal under this configuration.,1113
nifuroxazide,0.004430500737978993,0,1,0,1,0.0,0.7029702970297029,1.0,8.0,No aggregate reversal under this configuration.,1114
BRD-K79390395,0.004454383993137551,0,1,0,1,0.0,0.6138613861386139,1.0,11.0,No aggregate reversal under this configuration.,1115
BRD-K48950795,0.004470999922384578,0,1,0,1,0.0,0.6732673267326733,1.0,5.0,No aggregate reversal under this configuration.,1116
BRD-A77467113,0.0045129916200443,0,1,0,1,0.0,0.7326732673267327,1.0,5.0,No aggregate reversal under this configuration.,1117
BRD-K80786583,0.00451426982665716,1,4,1,4,0.25,0.7920792079207921,1.0,7.0,No aggregate reversal under this configuration.,1118
BRD-K05331696,0.0045163321664044515,1,4,1,4,0.25,0.7920792079207921,1.0,6.0,No aggregate reversal under this configuration.,1119
narciclasine,0.004520424331979947,18,41,18,41,0.43902439024390244,0.7326732673267327,1.0,9.682926829268293,No aggregate reversal under this configuration.,1120
BRD-K64857848,0.004544239652496477,2,4,2,4,0.5,0.7623762376237624,1.0,5.25,No aggregate reversal under this configuration.,1121
blebbistatin,0.004554203224286064,0,1,0,1,0.0,0.7623762376237624,1.0,5.0,No aggregate reversal under this configuration.,1122
v4877,0.004576721521060126,2,10,2,10,0.2,0.7524752475247525,1.0,8.7,No aggregate reversal under this configuration.,1123
ncgc00241077-01,0.004577296977792227,0,3,0,3,0.0,0.7425742574257426,1.0,6.0,No aggregate reversal under this configuration.,1124
s1011,0.004584207457897284,1,6,1,6,0.16666666666666666,0.8118811881188119,1.0,5.5,No aggregate reversal under this configuration.,1125
le 135,0.004586225454059985,1,5,1,5,0.2,0.8514851485148515,1.0,8.8,No aggregate reversal under this configuration.,1126
"camptothecine (s,+)",0.004587780020436942,1,2,1,2,0.5,0.6831683168316832,1.0,9.5,No aggregate reversal under this configuration.,1127
BRD-K89692698,0.004591394137533219,0,1,0,1,0.0,0.6039603960396039,1.0,5.0,No aggregate reversal under this configuration.,1128
cpccoet,0.004597458141824254,0,1,0,1,0.0,0.8415841584158416,1.0,6.0,No aggregate reversal under this configuration.,1129
m9948,0.004600886264770447,0,3,0,3,0.0,0.8118811881188119,1.0,6.0,No aggregate reversal under this configuration.,1130
s1040,0.0046078775233634375,1,4,1,4,0.25,0.7821782178217822,1.0,5.75,No aggregate reversal under this configuration.,1131
BRD-K97701319,0.004633146979967842,0,1,0,1,0.0,0.6138613861386139,1.0,5.0,No aggregate reversal under this configuration.,1132
vorinostat,0.004644369743787539,36,89,108,273,0.4044943820224719,0.8613861386138614,1.0,8.853479853479854,No aggregate reversal under this configuration.,1133
BRD-K77877933,0.0047080927471770725,0,4,0,4,0.0,0.7227722772277227,1.0,7.0,No aggregate reversal under this configuration.,1134
BRD-K03814443,0.004751486436775105,0,1,0,1,0.0,0.7722772277227723,1.0,5.0,No aggregate reversal under this configuration.,1135
BRD-K58306044,0.004758416886272812,0,1,0,1,0.0,0.7722772277227723,1.0,5.0,No aggregate reversal under this configuration.,1136
bjm-ctd2-9,0.004779832547177068,9,26,9,26,0.34615384615384615,0.8316831683168316,1.0,7.384615384615385,No aggregate reversal under this configuration.,1137
BRD-K61981833,0.004783802408726896,1,2,1,2,0.5,0.7821782178217822,1.0,5.0,No aggregate reversal under this configuration.,1138
rimcazole dihydrochloride,0.004800789500551815,0,1,0,1,0.0,0.7326732673267327,1.0,5.0,No aggregate reversal under this configuration.,1139
mrs 1220,0.004810509374402399,0,1,0,1,0.0,0.7227722772277227,1.0,9.0,No aggregate reversal under this configuration.,1140
BRD-K91701654,0.00481385021343414,0,2,0,2,0.0,0.7128712871287128,1.0,5.5,No aggregate reversal under this configuration.,1141
BRD-K33720394,0.004864267171192826,0,1,0,1,0.0,0.6534653465346535,1.0,6.0,No aggregate reversal under this configuration.,1142
hdac6 inhibitor isox,0.004868158913296502,11,33,11,33,0.3333333333333333,0.8811881188118812,1.0,7.696969696969697,No aggregate reversal under this configuration.,1143
spb02303,0.004869946156342586,0,2,0,2,0.0,0.8415841584158416,1.0,5.5,No aggregate reversal under this configuration.,1144
BRD-K96076993,0.004881634009066165,2,6,2,6,0.3333333333333333,0.7227722772277227,1.0,6.333333333333333,No aggregate reversal under this configuration.,1145
ketotifen fumarate,0.004888882669537489,0,1,0,1,0.0,0.7425742574257426,1.0,5.0,No aggregate reversal under this configuration.,1146
disulfiram,0.004903672215539811,0,1,0,1,0.0,0.7326732673267327,1.0,5.0,No aggregate reversal under this configuration.,1147
BRD-U82589721,0.004953894480153236,1,3,1,3,0.3333333333333333,0.7425742574257426,1.0,5.666666666666667,No aggregate reversal under this configuration.,1148
nnc 26-9100,0.004964522297816667,0,1,0,1,0.0,0.6138613861386139,1.0,8.0,No aggregate reversal under this configuration.,1149
immepip dihydrobromide,0.005013241897309171,0,1,0,1,0.0,0.7524752475247525,1.0,7.0,No aggregate reversal under this configuration.,1150
ranolazine,0.005025658197744953,0,1,0,1,0.0,0.801980198019802,1.0,7.0,No aggregate reversal under this configuration.,1151
nsc 3852,0.005035257370272913,1,5,1,5,0.2,0.7920792079207921,1.0,6.0,No aggregate reversal under this configuration.,1152
BRD-K15716662,0.005047694315343234,0,1,0,1,0.0,0.7524752475247525,1.0,5.0,No aggregate reversal under this configuration.,1153
ncgc00165208-01,0.005073297848642,1,3,1,3,0.3333333333333333,0.7920792079207921,1.0,7.0,No aggregate reversal under this configuration.,1154
tws119,0.00509669231458221,2,7,2,7,0.2857142857142857,0.8613861386138614,1.0,7.0,No aggregate reversal under this configuration.,1155
BRD-K83336168,0.005099540553976663,0,1,0,1,0.0,0.7128712871287128,1.0,6.0,No aggregate reversal under this configuration.,1156
CHIR-99021,0.005141434867292306,4,10,4,10,0.4,0.9405940594059405,1.0,6.1,No aggregate reversal under this configuration.,1157
BRD-K33116223,0.005142068555342315,0,1,0,1,0.0,0.7326732673267327,1.0,5.0,No aggregate reversal under this configuration.,1158
BRD-K71935468,0.005146132245832961,1,2,1,2,0.5,0.7425742574257426,1.0,8.0,No aggregate reversal under this configuration.,1159
BRD-K16533489,0.005168896528602033,0,3,0,3,0.0,0.7425742574257426,1.0,7.0,No aggregate reversal under this configuration.,1160
BRD-K55722623,0.005189970779440155,0,1,0,1,0.0,0.7425742574257426,1.0,5.0,No aggregate reversal under this configuration.,1161
cmpd-1,0.0052087733962091496,1,3,1,3,0.3333333333333333,0.8217821782178217,1.0,6.333333333333333,No aggregate reversal under this configuration.,1162
medrysone,0.0052413349947656625,1,3,1,3,0.3333333333333333,0.8613861386138614,1.0,6.0,No aggregate reversal under this configuration.,1163
prednicarbate,0.005244742015033284,0,1,0,1,0.0,0.7128712871287128,1.0,5.0,No aggregate reversal under this configuration.,1164
st4070169,0.0052820121097390295,0,1,0,1,0.0,0.7920792079207921,1.0,5.0,No aggregate reversal under this configuration.,1165
BRD-K92980438,0.005292349775888734,0,1,0,1,0.0,0.7128712871287128,1.0,8.0,No aggregate reversal under this configuration.,1166
BRD-K48654774,0.005306570213467645,0,1,0,1,0.0,0.7425742574257426,1.0,6.0,No aggregate reversal under this configuration.,1167
fk506,0.005309445368902407,1,3,1,3,0.3333333333333333,0.8415841584158416,1.0,6.666666666666667,No aggregate reversal under this configuration.,1168
ml 9 hydrochloride,0.005317301869779479,0,1,0,1,0.0,0.8415841584158416,1.0,5.0,No aggregate reversal under this configuration.,1169
BRD-K25737009,0.005349239170112929,8,20,8,20,0.4,0.8712871287128713,1.0,8.25,No aggregate reversal under this configuration.,1170
fit,0.0053541586943795004,0,2,0,2,0.0,0.7227722772277227,1.0,7.0,No aggregate reversal under this configuration.,1171
BRD-A80960055,0.005370465330990604,1,3,1,3,0.3333333333333333,0.8415841584158416,1.0,5.666666666666667,No aggregate reversal under this configuration.,1172
BRD-K37865504,0.005377712800031943,2,11,2,11,0.18181818181818182,0.8712871287128713,1.0,6.909090909090909,No aggregate reversal under this configuration.,1173
bw 723c86 hydrochloride,0.005394183090611248,0,1,0,1,0.0,0.7722772277227723,1.0,5.0,No aggregate reversal under this configuration.,1174
moclobemide,0.005420805466810889,0,1,0,1,0.0,0.693069306930693,1.0,7.0,No aggregate reversal under this configuration.,1175
BRD-K90826279,0.005440595768734983,0,1,0,1,0.0,0.7128712871287128,1.0,5.0,No aggregate reversal under this configuration.,1176
ivermectin,0.005454959704391495,1,4,1,4,0.25,0.7623762376237624,1.0,7.0,No aggregate reversal under this configuration.,1177
hy-50767,0.00545985027361412,0,1,0,1,0.0,0.8316831683168316,1.0,5.0,No aggregate reversal under this configuration.,1178
akt inhibitor iv,0.005469275073418068,3,14,3,14,0.21428571428571427,0.9306930693069307,1.0,6.142857142857143,No aggregate reversal under this configuration.,1179
ursolic acid,0.0054972201048160965,3,8,3,8,0.375,0.8514851485148515,1.0,7.125,No aggregate reversal under this configuration.,1180
BRD-K62310379 (fluticasone propionate),0.005498031218866358,0,2,0,2,0.0,0.7524752475247525,1.0,8.0,No aggregate reversal under this configuration.,1181
ncgc00188536-01,0.005498433575276918,3,6,3,6,0.5,0.8217821782178217,1.0,6.833333333333333,No aggregate reversal under this configuration.,1182
BRD-K88868628,0.005508617927287709,0,1,0,1,0.0,0.6534653465346535,1.0,12.0,No aggregate reversal under this configuration.,1183
hy-10966,0.005522918146810929,0,3,0,3,0.0,0.8316831683168316,1.0,5.0,No aggregate reversal under this configuration.,1184
quinine hemisulfate salt monohydrate,0.005536189350290275,0,1,0,1,0.0,0.7524752475247525,1.0,5.0,No aggregate reversal under this configuration.,1185
formoterol,0.005545416954972288,0,1,0,1,0.0,0.8118811881188119,1.0,5.0,No aggregate reversal under this configuration.,1186
aristolochic acid,0.005615257312011062,0,1,0,1,0.0,0.7821782178217822,1.0,6.0,No aggregate reversal under this configuration.,1187
BRD-K07877311,0.005644702356211935,0,2,0,2,0.0,0.6732673267326733,1.0,7.5,No aggregate reversal under this configuration.,1188
BRD-K18163752,0.005702779044453797,0,2,0,2,0.0,0.8217821782178217,1.0,6.0,No aggregate reversal under this configuration.,1189
fulvestrant,0.005704198185685726,1,2,1,2,0.5,0.7920792079207921,1.0,5.5,No aggregate reversal under this configuration.,1190
bd 1063 dihydrochloride,0.005714844631013469,1,2,1,2,0.5,0.801980198019802,1.0,7.5,No aggregate reversal under this configuration.,1191
rosuvastatin calcium,0.005716295126448956,0,2,0,2,0.0,0.7920792079207921,1.0,5.5,No aggregate reversal under this configuration.,1192
ca-074-me,0.005736989142613771,0,2,0,2,0.0,0.7326732673267327,1.0,7.5,No aggregate reversal under this configuration.,1193
BRD-K33720404,0.005754025016990233,0,2,0,2,0.0,0.8316831683168316,1.0,5.0,No aggregate reversal under this configuration.,1194
linezolid,0.005757723276755325,0,1,0,1,0.0,0.7623762376237624,1.0,5.0,No aggregate reversal under this configuration.,1195
ALW-II-38-3,0.005761002601773309,1,2,1,2,0.5,0.8118811881188119,1.0,6.0,No aggregate reversal under this configuration.,1196
t5323840,0.005775133465142401,2,6,2,8,0.3333333333333333,0.8514851485148515,1.0,6.25,No aggregate reversal under this configuration.,1197
nitazoxanide,0.005794896020055277,0,1,0,1,0.0,0.693069306930693,1.0,8.0,No aggregate reversal under this configuration.,1198
BRD-K61496577 (flumethasone),0.005833158306327859,0,1,0,1,0.0,0.7623762376237624,1.0,5.0,No aggregate reversal under this configuration.,1199
pf3845,0.005849329404994365,0,1,0,1,0.0,0.7821782178217822,1.0,5.0,No aggregate reversal under this configuration.,1200
npc 15199,0.005858730312098457,0,1,0,1,0.0,0.7227722772277227,1.0,7.0,No aggregate reversal under this configuration.,1201
helveticoside,0.005866528414866157,2,6,2,6,0.3333333333333333,0.8712871287128713,1.0,7.833333333333333,No aggregate reversal under this configuration.,1202
alclometazone dipropionate,0.005870898148051005,0,1,0,1,0.0,0.7920792079207921,1.0,5.0,No aggregate reversal under this configuration.,1203
BRD-K81473043,0.006004382844231424,2,9,2,9,0.2222222222222222,0.7920792079207921,1.0,7.0,No aggregate reversal under this configuration.,1204
ei-215,0.006019322449632969,2,6,2,6,0.3333333333333333,0.8415841584158416,1.0,8.0,No aggregate reversal under this configuration.,1205
nu7026,0.0060269333096760955,0,1,0,1,0.0,0.8613861386138614,1.0,6.0,No aggregate reversal under this configuration.,1206
dibutyrylcyclic amp,0.0060281622849967355,0,1,0,1,0.0,0.7524752475247525,1.0,5.0,No aggregate reversal under this configuration.,1207
BRD-K19540840,0.006034415595387352,1,2,1,2,0.5,0.9207920792079208,1.0,5.0,No aggregate reversal under this configuration.,1208
BRD-K28366633,0.00605717032946284,3,7,3,7,0.42857142857142855,0.8613861386138614,1.0,6.142857142857143,No aggregate reversal under this configuration.,1209
BRD-K74761218,0.006081650956857486,0,5,0,5,0.0,0.7722772277227723,1.0,8.2,No aggregate reversal under this configuration.,1210
BRD-K06666320,0.006085019566156973,1,4,1,4,0.25,0.7227722772277227,1.0,7.5,No aggregate reversal under this configuration.,1211
aminolevulinic acid,0.00609077033432287,1,2,1,2,0.5,0.8316831683168316,1.0,6.0,No aggregate reversal under this configuration.,1212
toremifene,0.006120161679485378,0,1,0,1,0.0,0.8514851485148515,1.0,5.0,No aggregate reversal under this configuration.,1213
jlk 6,0.006196582430082731,0,1,0,1,0.0,0.7524752475247525,1.0,6.0,No aggregate reversal under this configuration.,1214
camptothecin,0.006218330070263606,5,11,5,11,0.45454545454545453,0.9207920792079208,1.0,8.090909090909092,No aggregate reversal under this configuration.,1215
BRD-K02558072,0.006226183734808065,0,1,0,1,0.0,0.7623762376237624,1.0,7.0,No aggregate reversal under this configuration.,1216
bibu 1361 dihydrochloride,0.006227979878177179,1,3,1,3,0.3333333333333333,0.8613861386138614,1.0,7.0,No aggregate reversal under this configuration.,1217
1483-0018,0.006254137986978112,1,3,1,3,0.3333333333333333,0.8316831683168316,1.0,6.0,No aggregate reversal under this configuration.,1218
remacemide hydrochloride,0.00627104206415346,0,1,0,1,0.0,0.7425742574257426,1.0,5.0,No aggregate reversal under this configuration.,1219
"l-750,667",0.006281408243688361,0,1,0,1,0.0,0.7326732673267327,1.0,5.0,No aggregate reversal under this configuration.,1220
ftt,0.006315107814363016,0,2,0,2,0.0,0.7920792079207921,1.0,7.0,No aggregate reversal under this configuration.,1221
BRD-K30993697,0.0063438930006035925,0,1,0,1,0.0,0.7128712871287128,1.0,8.0,No aggregate reversal under this configuration.,1222
ncgc00185090-03,0.006347699327593799,2,5,2,5,0.4,0.8316831683168316,1.0,8.0,No aggregate reversal under this configuration.,1223
fluspirilen,0.006354486820904812,0,4,0,4,0.0,0.8712871287128713,1.0,8.5,No aggregate reversal under this configuration.,1224
nsc 663284,0.006362099825860387,2,7,2,7,0.2857142857142857,0.8613861386138614,1.0,7.571428571428571,No aggregate reversal under this configuration.,1225
BRD-K67470788,0.0063995935608033945,0,1,0,1,0.0,0.7524752475247525,1.0,7.0,No aggregate reversal under this configuration.,1226
BRD-K52678950,0.006406416552141098,0,1,0,1,0.0,0.7524752475247525,1.0,6.0,No aggregate reversal under this configuration.,1227
"ly-163,502",0.0064590042422581085,0,1,0,1,0.0,0.7029702970297029,1.0,5.0,No aggregate reversal under this configuration.,1228
menadione,0.006467480437439018,7,17,9,20,0.4117647058823529,0.9504950495049505,1.0,7.2,No aggregate reversal under this configuration.,1229
BRD-K76691125,0.006557136002595019,0,1,0,1,0.0,0.900990099009901,1.0,5.0,No aggregate reversal under this configuration.,1230
isoreserpine,0.0065668142124989705,0,1,0,1,0.0,0.7821782178217822,1.0,5.0,No aggregate reversal under this configuration.,1231
ncgc00182393-01,0.006576771256488458,2,6,2,6,0.3333333333333333,0.8712871287128713,1.0,6.333333333333333,No aggregate reversal under this configuration.,1232
t542500,0.0065784102802200544,2,9,2,9,0.2222222222222222,0.8613861386138614,1.0,7.777777777777778,No aggregate reversal under this configuration.,1233
glyburide,0.0065967023923823595,0,1,0,1,0.0,0.7326732673267327,1.0,5.0,No aggregate reversal under this configuration.,1234
BRD-K67619794,0.006598173575714096,0,1,0,1,0.0,0.7029702970297029,1.0,5.0,No aggregate reversal under this configuration.,1235
BRD-K82594686,0.006628869486530887,0,1,0,1,0.0,0.8316831683168316,1.0,5.0,No aggregate reversal under this configuration.,1236
BRD-A32449311,0.0066335822335935775,0,1,0,1,0.0,0.7623762376237624,1.0,5.0,No aggregate reversal under this configuration.,1237
BRD-K23931216,0.0066515136445526955,0,1,0,1,0.0,0.8811881188118812,1.0,5.0,No aggregate reversal under this configuration.,1238
palda,0.0066687928408272375,0,1,0,1,0.0,0.8712871287128713,1.0,5.0,No aggregate reversal under this configuration.,1239
s1362,0.006678189526442298,0,1,0,1,0.0,0.7821782178217822,1.0,8.0,No aggregate reversal under this configuration.,1240
BRD-K86761848,0.006687352454733427,0,1,0,1,0.0,0.7524752475247525,1.0,8.0,No aggregate reversal under this configuration.,1241
GSK-J4,0.006732225539862007,0,1,0,1,0.0,0.7227722772277227,1.0,7.0,No aggregate reversal under this configuration.,1242
s1175,0.006760737340703172,0,1,0,1,0.0,0.7029702970297029,1.0,5.0,No aggregate reversal under this configuration.,1243
BRD-A82238138 (budesonide),0.006805129709780776,0,1,0,1,0.0,0.7623762376237624,1.0,6.0,No aggregate reversal under this configuration.,1244
BRD-K14939371,0.006845018109200941,0,1,0,1,0.0,0.7821782178217822,1.0,5.0,No aggregate reversal under this configuration.,1245
BRD-K11540476,0.006890765468503993,0,1,0,1,0.0,0.7326732673267327,1.0,6.0,No aggregate reversal under this configuration.,1246
BRD-K51556300,0.006956973184448956,0,2,0,2,0.0,0.8316831683168316,1.0,6.0,No aggregate reversal under this configuration.,1247
thiophene-2-carboxylic acid benzothiazol-2-ylamide mls-0446110.0001,0.007002036504176324,0,1,0,1,0.0,0.7623762376237624,1.0,6.0,No aggregate reversal under this configuration.,1248
BRD-A49848186,0.0070028727923106965,1,7,1,7,0.14285714285714285,0.9306930693069307,1.0,6.285714285714286,No aggregate reversal under this configuration.,1249
curcumin,0.0070133119323739935,12,33,12,33,0.36363636363636365,0.9108910891089109,1.0,6.848484848484849,No aggregate reversal under this configuration.,1250
hy-10159,0.007017111143223847,0,3,0,3,0.0,0.8217821782178217,1.0,8.666666666666666,No aggregate reversal under this configuration.,1251
cyclopiazonic acid,0.007019809878304464,0,1,0,1,0.0,0.7623762376237624,1.0,6.0,No aggregate reversal under this configuration.,1252
flurandrenolide,0.0070484684150839486,1,3,1,3,0.3333333333333333,0.900990099009901,1.0,5.333333333333333,No aggregate reversal under this configuration.,1253
hy-50877,0.007051241158261957,0,1,0,1,0.0,0.7722772277227723,1.0,5.0,No aggregate reversal under this configuration.,1254
np-007374,0.007105880934466625,0,1,0,1,0.0,0.7920792079207921,1.0,7.0,No aggregate reversal under this configuration.,1255
cilostamide,0.007113702529406544,0,1,0,1,0.0,0.7524752475247525,1.0,7.0,No aggregate reversal under this configuration.,1256
BRD-K86899078,0.007147078975162936,0,1,0,1,0.0,0.7425742574257426,1.0,6.0,No aggregate reversal under this configuration.,1257
BRD-K24754728,0.007155030463891116,0,1,0,1,0.0,0.9306930693069307,1.0,5.0,No aggregate reversal under this configuration.,1258
ncgc00184716-01,0.007156446935354768,1,2,1,2,0.5,0.7524752475247525,1.0,8.0,No aggregate reversal under this configuration.,1259
herniarin,0.007173098138196353,0,1,0,1,0.0,0.7425742574257426,1.0,8.0,No aggregate reversal under this configuration.,1260
s(-)-timolol,0.00717547099405903,0,1,0,1,0.0,0.7722772277227723,1.0,5.0,No aggregate reversal under this configuration.,1261
azacytidine-5,0.007229583445296632,0,1,0,1,0.0,0.8217821782178217,1.0,6.0,No aggregate reversal under this configuration.,1262
clomid,0.0072483364930767125,0,1,0,1,0.0,0.7623762376237624,1.0,7.0,No aggregate reversal under this configuration.,1263
tyrphostin 47,0.00727338904451215,0,1,0,1,0.0,0.8118811881188119,1.0,5.0,No aggregate reversal under this configuration.,1264
s1173,0.0073099161852914415,0,1,0,1,0.0,0.8514851485148515,1.0,5.0,No aggregate reversal under this configuration.,1265
BRD-K82580504,0.007350547190706035,0,1,0,1,0.0,0.801980198019802,1.0,5.0,No aggregate reversal under this configuration.,1266
BRD-K28610502,0.007391051274956043,0,1,0,1,0.0,0.8217821782178217,1.0,5.0,No aggregate reversal under this configuration.,1267
imodium,0.007414252431241747,2,4,2,4,0.5,0.8811881188118812,1.0,7.5,No aggregate reversal under this configuration.,1268
"chrysene-1,4-quinone",0.007428015478567713,0,1,0,1,0.0,0.7029702970297029,1.0,7.0,No aggregate reversal under this configuration.,1269
st4029573,0.007431060297483432,0,2,0,2,0.0,0.8514851485148515,1.0,5.5,No aggregate reversal under this configuration.,1270
BRD-K72615639,0.007439062741057052,0,1,0,1,0.0,0.7524752475247525,1.0,5.0,No aggregate reversal under this configuration.,1271
BRD-K39687892,0.007439327781876016,0,1,0,1,0.0,0.7128712871287128,1.0,5.0,No aggregate reversal under this configuration.,1272
BRD-K56411643,0.00745205124694968,4,16,4,16,0.25,0.900990099009901,1.0,6.625,No aggregate reversal under this configuration.,1273
BRD-K12762134,0.0074623045952704236,0,1,0,1,0.0,0.8415841584158416,1.0,5.0,No aggregate reversal under this configuration.,1274
cct 018159,0.007467982327949331,0,3,0,3,0.0,0.8514851485148515,1.0,5.666666666666667,No aggregate reversal under this configuration.,1275
pd 158780,0.0074741783793945025,0,1,0,1,0.0,0.8613861386138614,1.0,5.0,No aggregate reversal under this configuration.,1276
BRD-K88832793,0.007505716277550204,0,1,0,1,0.0,0.7425742574257426,1.0,7.0,No aggregate reversal under this configuration.,1277
BRD-A52193669,0.007506618289105253,1,5,1,5,0.2,0.8613861386138614,1.0,5.8,No aggregate reversal under this configuration.,1278
BRD-K31491153,0.007587931946218431,0,1,0,1,0.0,0.7920792079207921,1.0,6.0,No aggregate reversal under this configuration.,1279
btb06091sc,0.00761142718419571,0,2,0,2,0.0,0.8910891089108911,1.0,6.0,No aggregate reversal under this configuration.,1280
brazilin,0.007624518698689926,1,4,1,5,0.25,0.9702970297029703,1.0,6.2,No aggregate reversal under this configuration.,1281
BRD-A20697603,0.007645489314684735,3,7,4,9,0.42857142857142855,0.9108910891089109,1.0,6.111111111111111,No aggregate reversal under this configuration.,1282
chaetocin,0.007652841623069711,8,25,8,25,0.32,0.9801980198019802,1.0,7.72,No aggregate reversal under this configuration.,1283
t5212475,0.007656632678882096,1,10,1,12,0.1,0.9504950495049505,1.0,6.25,No aggregate reversal under this configuration.,1284
BRD-K65904652,0.00767918130524632,0,1,0,1,0.0,0.8217821782178217,1.0,5.0,No aggregate reversal under this configuration.,1285
BRD-K58618158,0.0076836293129673855,0,1,0,1,0.0,0.801980198019802,1.0,6.0,No aggregate reversal under this configuration.,1286
t 0070907,0.007706175997041691,0,1,0,1,0.0,0.8118811881188119,1.0,5.0,No aggregate reversal under this configuration.,1287
ncgc00182371-01,0.0077207706720805735,1,7,1,7,0.14285714285714285,0.9405940594059405,1.0,5.857142857142857,No aggregate reversal under this configuration.,1288
ly 225910,0.007731678988292089,0,1,0,1,0.0,0.8613861386138614,1.0,5.0,No aggregate reversal under this configuration.,1289
dibenzyline,0.007737713729664713,0,2,0,2,0.0,0.9108910891089109,1.0,5.5,No aggregate reversal under this configuration.,1290
minocycline hydrochloride,0.0077745895743737145,0,1,0,1,0.0,0.9207920792079208,1.0,6.0,No aggregate reversal under this configuration.,1291
np-009265,0.007813060321986535,0,1,0,1,0.0,0.7524752475247525,1.0,8.0,No aggregate reversal under this configuration.,1292
oxindole i,0.007829724842529152,0,2,0,2,0.0,0.8514851485148515,1.0,6.5,No aggregate reversal under this configuration.,1293
mevastatin,0.007840446418663532,1,5,3,7,0.2,0.9603960396039604,1.0,6.571428571428571,No aggregate reversal under this configuration.,1294
ncgc00181233-01,0.007856200225341822,0,1,0,1,0.0,0.7821782178217822,1.0,7.0,No aggregate reversal under this configuration.,1295
pyrvinium pamoate,0.007858868927802402,0,1,0,1,0.0,0.8316831683168316,1.0,5.0,No aggregate reversal under this configuration.,1296
BRD-K27169919,0.007897835257872608,1,4,1,4,0.25,0.9702970297029703,1.0,6.0,No aggregate reversal under this configuration.,1297
BRD-A93393712,0.007948947694391379,0,3,0,3,0.0,0.9108910891089109,1.0,6.333333333333333,No aggregate reversal under this configuration.,1298
auranofin,0.007952216450100719,5,18,5,18,0.2777777777777778,0.900990099009901,1.0,6.777777777777778,No aggregate reversal under this configuration.,1299
beta-escin,0.007960513355411702,0,1,0,1,0.0,0.8217821782178217,1.0,5.0,No aggregate reversal under this configuration.,1300
ncgc00182390-01,0.007978121965836315,0,2,0,2,0.0,0.9306930693069307,1.0,5.5,No aggregate reversal under this configuration.,1301
BRD-K58547240,0.007987712187851749,0,1,0,1,0.0,0.801980198019802,1.0,8.0,No aggregate reversal under this configuration.,1302
BRD-K71489689,0.007994994165569183,0,1,0,1,0.0,0.7722772277227723,1.0,5.0,No aggregate reversal under this configuration.,1303
sch 58261,0.008077650685451987,0,1,0,1,0.0,0.7623762376237624,1.0,8.0,No aggregate reversal under this configuration.,1304
bambuterol hydrochloride,0.008096513188711543,0,1,0,1,0.0,0.8613861386138614,1.0,5.0,No aggregate reversal under this configuration.,1305
gbr 13069 dihydrochloride,0.00810728329515905,0,1,0,1,0.0,0.8316831683168316,1.0,5.0,No aggregate reversal under this configuration.,1306
halometasone,0.00811249560231233,0,2,0,2,0.0,0.8613861386138614,1.0,6.0,No aggregate reversal under this configuration.,1307
skatole,0.00814635943703995,0,2,0,2,0.0,0.7920792079207921,1.0,5.5,No aggregate reversal under this configuration.,1308
BRD-K14704318,0.008161344095119847,0,1,0,1,0.0,0.7425742574257426,1.0,10.0,No aggregate reversal under this configuration.,1309
na-tosyl-phe chloromethyl ketone,0.008164659551993927,0,1,0,1,0.0,0.8415841584158416,1.0,7.0,No aggregate reversal under this configuration.,1310
manumycin a,0.008185312798280154,10,38,11,42,0.2631578947368421,0.9702970297029703,1.0,7.4523809523809526,No aggregate reversal under this configuration.,1311
BRD-K52522949,0.008236433524491998,2,6,2,6,0.3333333333333333,0.8613861386138614,1.0,6.5,No aggregate reversal under this configuration.,1312
rev-5901,0.008293138104227119,0,1,0,1,0.0,0.8712871287128713,1.0,6.0,No aggregate reversal under this configuration.,1313
BRD-K19624190,0.008293909313023805,0,1,0,1,0.0,0.7821782178217822,1.0,5.0,No aggregate reversal under this configuration.,1314
erythrosine sodium,0.008345004333344095,0,1,0,1,0.0,0.7326732673267327,1.0,5.0,No aggregate reversal under this configuration.,1315
BIX-02189,0.008349275046088907,0,1,0,1,0.0,0.9207920792079208,1.0,5.0,No aggregate reversal under this configuration.,1316
pepstatin a,0.0084087422891257,0,1,0,1,0.0,0.8217821782178217,1.0,5.0,No aggregate reversal under this configuration.,1317
l-sulforophane,0.008413006726599035,1,7,1,7,0.14285714285714285,0.9702970297029703,1.0,5.714285714285714,No aggregate reversal under this configuration.,1318
BRD-K06765193,0.008425356950574931,1,6,1,8,0.16666666666666666,0.9801980198019802,1.0,5.25,No aggregate reversal under this configuration.,1319
gr 32191 hydrochloride,0.008463648746898905,0,1,0,1,0.0,0.7128712871287128,1.0,8.0,No aggregate reversal under this configuration.,1320
quercetin,0.008493991980011419,0,1,0,1,0.0,0.8415841584158416,1.0,5.0,No aggregate reversal under this configuration.,1321
BRD-K86086851,0.008496027804337086,0,1,0,1,0.0,0.8217821782178217,1.0,6.0,No aggregate reversal under this configuration.,1322
pentobarbital,0.008501447966256199,0,1,0,1,0.0,0.7227722772277227,1.0,9.0,No aggregate reversal under this configuration.,1323
BRD-K37798499,0.008522056277430507,1,2,1,2,0.5,0.8712871287128713,1.0,11.5,No aggregate reversal under this configuration.,1324
dihydroergocristine,0.008527078839094544,0,1,0,1,0.0,0.801980198019802,1.0,7.0,No aggregate reversal under this configuration.,1325
BRD-K52075040,0.008527945622506382,3,21,3,21,0.14285714285714285,0.9900990099009901,1.0,6.666666666666667,No aggregate reversal under this configuration.,1326
cgs 9343b,0.008529765696859261,0,1,0,1,0.0,0.8613861386138614,1.0,6.0,No aggregate reversal under this configuration.,1327
nan-190 hydrobromide,0.008539240082429563,0,1,0,1,0.0,0.8316831683168316,1.0,6.0,No aggregate reversal under this configuration.,1328
BRD-K56653679,0.008583987319657219,1,4,1,4,0.25,0.7920792079207921,1.0,7.5,No aggregate reversal under this configuration.,1329
k784-3131,0.008636431269853069,4,10,5,13,0.4,0.9108910891089109,1.0,7.538461538461538,No aggregate reversal under this configuration.,1330
BRD-A75409952 (wortmannin),0.008642602600921662,1,5,1,5,0.2,0.9207920792079208,1.0,5.6,No aggregate reversal under this configuration.,1331
px12,0.00866636832171036,4,17,4,17,0.23529411764705882,0.9702970297029703,1.0,8.117647058823529,No aggregate reversal under this configuration.,1332
lumicolchicine gamma,0.008671127376004265,0,1,0,1,0.0,0.7524752475247525,1.0,7.0,No aggregate reversal under this configuration.,1333
dm-55-3 brd-k81592585,0.00868674448830824,0,1,0,1,0.0,0.8217821782178217,1.0,5.0,No aggregate reversal under this configuration.,1334
ed csc 15,0.00871062432496017,1,2,1,2,0.5,0.8811881188118812,1.0,6.5,No aggregate reversal under this configuration.,1335
s-8599,0.008782903079803216,0,2,0,2,0.0,0.9306930693069307,1.0,6.0,No aggregate reversal under this configuration.,1336
b675700.cdx,0.008786058758111408,8,24,8,24,0.3333333333333333,0.9504950495049505,1.0,7.291666666666667,No aggregate reversal under this configuration.,1337
ncgc00182615-01,0.008787569624315641,0,1,0,1,0.0,0.8514851485148515,1.0,8.0,No aggregate reversal under this configuration.,1338
thiostrepton,0.00879886616905079,0,2,0,2,0.0,0.9108910891089109,1.0,7.0,No aggregate reversal under this configuration.,1339
pz0013,0.008827531909363587,0,1,0,1,0.0,0.8910891089108911,1.0,5.0,No aggregate reversal under this configuration.,1340
BRD-K92317137,0.00885059598689967,15,46,19,54,0.32608695652173914,0.9504950495049505,1.0,7.907407407407407,No aggregate reversal under this configuration.,1341
BRD-K77547509,0.008886678782508085,0,1,0,1,0.0,0.801980198019802,1.0,6.0,No aggregate reversal under this configuration.,1342
gr 159897,0.00889598217007793,0,1,0,1,0.0,0.8316831683168316,1.0,6.0,No aggregate reversal under this configuration.,1343
tyrphostin ag 1478,0.008903773077364879,8,23,8,23,0.34782608695652173,0.9900990099009901,1.0,8.043478260869565,No aggregate reversal under this configuration.,1344
phensuximide,0.008938827548795287,0,1,0,1,0.0,0.801980198019802,1.0,5.0,No aggregate reversal under this configuration.,1345
s1452,0.008966165102517873,0,2,0,2,0.0,0.9405940594059405,1.0,5.5,No aggregate reversal under this configuration.,1346
ncgc00182364-01,0.009026822733497829,0,2,0,2,0.0,0.9405940594059405,1.0,5.0,No aggregate reversal under this configuration.,1347
emd 386088 hydrochloride,0.009064803774158522,0,1,0,1,0.0,0.7524752475247525,1.0,5.0,No aggregate reversal under this configuration.,1348
felamidin,0.009098254911431423,0,1,0,1,0.0,0.7524752475247525,1.0,6.0,No aggregate reversal under this configuration.,1349
BRD-K33045404,0.00911928554101348,0,1,0,1,0.0,0.8514851485148515,1.0,6.0,No aggregate reversal under this configuration.,1350
b3063,0.009131641132084015,0,1,0,1,0.0,0.9207920792079208,1.0,5.0,No aggregate reversal under this configuration.,1351
sertraline hydrochloride,0.009146655081865046,1,4,1,4,0.25,0.9504950495049505,1.0,5.75,No aggregate reversal under this configuration.,1352
u0126,0.009163471931317375,0,2,0,2,0.0,0.900990099009901,1.0,5.5,No aggregate reversal under this configuration.,1353
formoterol hemifumarate,0.009188635616190937,0,1,0,1,0.0,0.7920792079207921,1.0,8.0,No aggregate reversal under this configuration.,1354
diclofenac sodium,0.009231843372425906,0,1,0,1,0.0,0.7920792079207921,1.0,5.0,No aggregate reversal under this configuration.,1355
ei-247,0.009286201171544224,1,2,1,2,0.5,0.8910891089108911,1.0,7.0,No aggregate reversal under this configuration.,1356
BRD-A11087911,0.00935561676062006,1,2,1,2,0.5,0.9405940594059405,1.0,7.0,No aggregate reversal under this configuration.,1357
gsk-3b inhibitor viii,0.009357393657408267,2,5,2,5,0.4,0.8910891089108911,1.0,8.4,No aggregate reversal under this configuration.,1358
BMS-777607,0.009368959393357964,0,1,0,1,0.0,0.7623762376237624,1.0,10.0,No aggregate reversal under this configuration.,1359
BRD-A94377914,0.009389803478681274,4,9,4,9,0.4444444444444444,0.9207920792079208,1.0,6.888888888888889,No aggregate reversal under this configuration.,1360
BRD-K78167523,0.009425699770574461,0,1,0,1,0.0,0.8811881188118812,1.0,6.0,No aggregate reversal under this configuration.,1361
axon1408,0.009430942112485309,1,2,1,2,0.5,0.9801980198019802,1.0,5.0,No aggregate reversal under this configuration.,1362
trichostatin a,0.009458364891532862,9,39,62,210,0.23076923076923078,0.9702970297029703,1.0,8.638095238095238,No aggregate reversal under this configuration.,1363
BRD-K48970916 (danazol),0.009461921593255446,0,1,0,1,0.0,0.9207920792079208,1.0,7.0,No aggregate reversal under this configuration.,1364
wiskostatin,0.009502881095252727,1,3,1,3,0.3333333333333333,0.9504950495049505,1.0,5.0,No aggregate reversal under this configuration.,1365
"ici-162,846",0.009514250509995912,0,1,0,1,0.0,0.7722772277227723,1.0,13.0,No aggregate reversal under this configuration.,1366
brefeldin a,0.009519618668229514,3,12,3,12,0.25,0.9504950495049505,1.0,9.5,No aggregate reversal under this configuration.,1367
BRD-K60870698,0.009553926212481238,2,7,2,7,0.2857142857142857,0.8811881188118812,1.0,7.714285714285714,No aggregate reversal under this configuration.,1368
at-csc-18 brd-k01121114,0.009577084601805761,0,1,0,1,0.0,0.7623762376237624,1.0,6.0,No aggregate reversal under this configuration.,1369
penfluridol,0.009590220670455467,3,9,3,9,0.3333333333333333,0.9504950495049505,1.0,7.222222222222222,No aggregate reversal under this configuration.,1370
ei-332,0.009608553040937858,0,1,0,1,0.0,0.8118811881188119,1.0,6.0,No aggregate reversal under this configuration.,1371
ncgc00182378-01,0.009616389821618932,0,3,0,3,0.0,0.9207920792079208,1.0,6.0,No aggregate reversal under this configuration.,1372
7b-cis,0.009633662179292771,3,17,3,17,0.17647058823529413,1.0,1.0,6.764705882352941,No aggregate reversal under this configuration.,1373
BRD-U37049823,0.009652057066604717,1,2,1,2,0.5,0.9306930693069307,1.0,6.5,No aggregate reversal under this configuration.,1374
way 170523,0.009658416083160506,0,2,0,2,0.0,0.8613861386138614,1.0,5.0,No aggregate reversal under this configuration.,1375
BRD-A51777634,0.00970305107164205,1,3,1,3,0.3333333333333333,0.8415841584158416,1.0,5.666666666666667,No aggregate reversal under this configuration.,1376
api-2,0.00976503293367517,1,4,1,4,0.25,0.9801980198019802,1.0,6.0,No aggregate reversal under this configuration.,1377
puromycin hydrochloride,0.009863945122587012,2,9,2,9,0.2222222222222222,0.9207920792079208,1.0,6.555555555555555,No aggregate reversal under this configuration.,1378
BRD-K65955264,0.009871248680295843,0,2,0,2,0.0,0.900990099009901,1.0,7.0,No aggregate reversal under this configuration.,1379
mek1/2 inhibitor,0.009890411702054562,0,2,0,2,0.0,0.9108910891089109,1.0,5.0,No aggregate reversal under this configuration.,1380
ncgc00167398-02,0.009919969265280638,1,7,1,7,0.14285714285714285,0.9801980198019802,1.0,6.714285714285714,No aggregate reversal under this configuration.,1381
zileuton,0.00996411847290599,0,2,0,2,0.0,0.9207920792079208,1.0,6.5,No aggregate reversal under this configuration.,1382
BRD-K12393722,0.009981738937416943,0,2,0,2,0.0,0.9603960396039604,1.0,6.0,No aggregate reversal under this configuration.,1383
stock1s-53863,0.009991005787902574,1,4,1,5,0.25,0.9207920792079208,1.0,7.0,No aggregate reversal under this configuration.,1384
brl 54443,0.010030493749227381,0,1,0,1,0.0,0.8514851485148515,1.0,6.0,No aggregate reversal under this configuration.,1385
capsazepine,0.010037593214715696,0,1,0,1,0.0,0.8712871287128713,1.0,5.0,No aggregate reversal under this configuration.,1386
ncgc00182362-01,0.010055955268319802,2,5,2,5,0.4,0.9603960396039604,1.0,5.8,No aggregate reversal under this configuration.,1387
lanatoside c,0.010103245914346685,0,2,0,2,0.0,0.8613861386138614,1.0,8.0,No aggregate reversal under this configuration.,1388
BRD-A26199074,0.010228684058748076,0,1,0,1,0.0,0.8811881188118812,1.0,6.0,No aggregate reversal under this configuration.,1389
BRD-K22006123,0.010283889315511975,0,1,0,1,0.0,0.9108910891089109,1.0,6.0,No aggregate reversal under this configuration.,1390
brinzolamide,0.010351638952119472,0,1,0,1,0.0,0.8217821782178217,1.0,6.0,No aggregate reversal under this configuration.,1391
b4313,0.010375877756291644,0,3,0,3,0.0,0.9306930693069307,1.0,6.666666666666667,No aggregate reversal under this configuration.,1392
rk-682,0.010399792884927202,0,1,0,1,0.0,0.900990099009901,1.0,5.0,No aggregate reversal under this configuration.,1393
BRD-K50234570,0.01050297667898635,1,8,1,9,0.125,0.9702970297029703,1.0,6.444444444444445,No aggregate reversal under this configuration.,1394
ag-879,0.010516434226463815,0,4,0,4,0.0,0.9801980198019802,1.0,7.75,No aggregate reversal under this configuration.,1395
vu0415556-1,0.010517157942856537,0,2,0,2,0.0,0.9207920792079208,1.0,6.0,No aggregate reversal under this configuration.,1396
BRD-A68930007 (ouabain),0.01052374963400278,0,3,0,3,0.0,0.9306930693069307,1.0,7.0,No aggregate reversal under this configuration.,1397
prednisolone hemisuccinate,0.010540326971013985,0,1,0,1,0.0,0.9306930693069307,1.0,5.0,No aggregate reversal under this configuration.,1398
BRD-K54687541,0.010631046453290416,0,1,0,1,0.0,0.8811881188118812,1.0,7.0,No aggregate reversal under this configuration.,1399
BRD-K27630390,0.010662846888592151,0,1,0,1,0.0,0.9405940594059405,1.0,5.0,No aggregate reversal under this configuration.,1400
ncgc00012508-02,0.010692949776587236,0,1,0,1,0.0,0.900990099009901,1.0,6.0,No aggregate reversal under this configuration.,1401
angiogenesis inhibitor,0.010702461128464083,0,1,0,1,0.0,0.8316831683168316,1.0,6.0,No aggregate reversal under this configuration.,1402
hydrocortisone phosphate triethylamine,0.010713145131239889,0,1,0,1,0.0,0.8613861386138614,1.0,5.0,No aggregate reversal under this configuration.,1403
BRD-K10649245,0.010761002605073719,0,1,0,1,0.0,0.9306930693069307,1.0,5.0,No aggregate reversal under this configuration.,1404
alprenolol hydrochloride,0.010851302670906894,0,1,0,1,0.0,1.0,1.0,5.0,No aggregate reversal under this configuration.,1405
BRD-A58924247,0.010868008866977166,1,5,1,5,0.2,0.9405940594059405,1.0,7.0,No aggregate reversal under this configuration.,1406
BRD-K57080016,0.010881456051238405,4,18,4,18,0.2222222222222222,0.9702970297029703,1.0,6.444444444444445,No aggregate reversal under this configuration.,1407
cimetidine,0.01091287852463958,0,1,0,1,0.0,0.9108910891089109,1.0,5.0,No aggregate reversal under this configuration.,1408
BRD-A43155244,0.010922602618268473,1,6,1,6,0.16666666666666666,0.9801980198019802,1.0,6.666666666666667,No aggregate reversal under this configuration.,1409
ncgc00182361-01,0.010954617061850804,1,2,1,2,0.5,0.9900990099009901,1.0,6.0,No aggregate reversal under this configuration.,1410
mls-0437446.0001,0.010963518445226268,1,3,1,3,0.3333333333333333,0.9207920792079208,1.0,8.0,No aggregate reversal under this configuration.,1411
thiocolchicoside,0.011043177311768002,0,2,0,2,0.0,0.9306930693069307,1.0,8.5,No aggregate reversal under this configuration.,1412
BRD-K59470558,0.01105797103035995,0,1,0,1,0.0,0.8712871287128713,1.0,6.0,No aggregate reversal under this configuration.,1413
periplocymarin,0.011091882005851168,3,9,3,9,0.3333333333333333,0.9702970297029703,1.0,8.222222222222221,No aggregate reversal under this configuration.,1414
BRD-K57678861,0.011102708520157002,0,1,0,1,0.0,0.8811881188118812,1.0,5.0,No aggregate reversal under this configuration.,1415
u-0126,0.011104907996939943,1,4,1,4,0.25,0.9405940594059405,1.0,6.75,No aggregate reversal under this configuration.,1416
puromycin dihydrochloride,0.011142177830890037,1,6,1,6,0.16666666666666666,0.9603960396039604,1.0,7.333333333333333,No aggregate reversal under this configuration.,1417
jak3 inhibitor i,0.01123596540930849,0,2,0,2,0.0,0.9702970297029703,1.0,5.5,No aggregate reversal under this configuration.,1418
indirubin,0.011270362023483462,0,1,0,1,0.0,0.9207920792079208,1.0,5.0,No aggregate reversal under this configuration.,1419
mestanolone,0.011323612474344994,0,1,0,1,0.0,0.8118811881188119,1.0,8.0,No aggregate reversal under this configuration.,1420
elesclomol,0.011329141285158245,0,4,0,4,0.0,0.9306930693069307,1.0,7.5,No aggregate reversal under this configuration.,1421
dephostatin,0.011354263734269012,0,1,0,1,0.0,0.8811881188118812,1.0,6.0,No aggregate reversal under this configuration.,1422
BRD-A83124583,0.01137232624252301,0,1,0,1,0.0,0.8415841584158416,1.0,7.0,No aggregate reversal under this configuration.,1423
cyclosporin a,0.011379055637742894,1,3,1,3,0.3333333333333333,0.9702970297029703,1.0,5.666666666666667,No aggregate reversal under this configuration.,1424
guggulsterone,0.011394662971805058,0,1,0,1,0.0,0.9306930693069307,1.0,5.0,No aggregate reversal under this configuration.,1425
BRD-K23282736,0.011410982364523727,0,1,0,1,0.0,0.9306930693069307,1.0,5.0,No aggregate reversal under this configuration.,1426
BRD-K55612480,0.011416480441816125,0,1,0,1,0.0,0.7722772277227723,1.0,5.0,No aggregate reversal under this configuration.,1427
nimodipine,0.011419440959419913,0,1,0,1,0.0,0.8415841584158416,1.0,6.0,No aggregate reversal under this configuration.,1428
d3943,0.01143741133122975,0,2,0,2,0.0,1.0,1.0,5.0,No aggregate reversal under this configuration.,1429
ag 592,0.01144337448094839,1,8,1,8,0.125,0.9702970297029703,1.0,6.625,No aggregate reversal under this configuration.,1430
vu0420364-1,0.011459981469292412,0,3,0,3,0.0,0.9504950495049505,1.0,5.666666666666667,No aggregate reversal under this configuration.,1431
BRD-K02458594,0.01148746839153331,0,1,0,1,0.0,0.9207920792079208,1.0,5.0,No aggregate reversal under this configuration.,1432
stock3s-04022,0.011545216830677813,0,2,0,2,0.0,0.9207920792079208,1.0,7.5,No aggregate reversal under this configuration.,1433
BRD-K64314806,0.01154999017407402,0,1,0,1,0.0,0.8613861386138614,1.0,5.0,No aggregate reversal under this configuration.,1434
bay 11-7821,0.011556873848173043,2,9,2,9,0.2222222222222222,0.9801980198019802,1.0,6.111111111111111,No aggregate reversal under this configuration.,1435
BRD-K73567619,0.011564516739411643,0,1,0,1,0.0,0.8910891089108911,1.0,5.0,No aggregate reversal under this configuration.,1436
gw 583340 dihydrochloride,0.011578281560550898,0,2,0,2,0.0,0.9801980198019802,1.0,6.5,No aggregate reversal under this configuration.,1437
etodolac,0.011634259441050971,0,1,0,1,0.0,0.9207920792079208,1.0,5.0,No aggregate reversal under this configuration.,1438
ossk 647368,0.011649722422319264,1,2,1,2,0.5,0.9405940594059405,1.0,6.5,No aggregate reversal under this configuration.,1439
BRD-K00317371,0.01167455166794808,0,4,0,4,0.0,0.9801980198019802,1.0,7.75,No aggregate reversal under this configuration.,1440
verteporfin,0.011675269135317263,0,2,0,2,0.0,0.9702970297029703,1.0,6.0,No aggregate reversal under this configuration.,1441
BRD-K91509126 (piceatannol),0.011691451044385256,0,1,0,1,0.0,0.8514851485148515,1.0,6.0,No aggregate reversal under this configuration.,1442
ag 825,0.011692552938097877,0,1,0,1,0.0,0.8514851485148515,1.0,6.0,No aggregate reversal under this configuration.,1443
sr 49059,0.011710463814814925,0,1,0,1,0.0,0.9504950495049505,1.0,5.0,No aggregate reversal under this configuration.,1444
hydrocortisone acetate,0.01175298364715488,0,2,0,2,0.0,0.9306930693069307,1.0,8.0,No aggregate reversal under this configuration.,1445
betamethasone,0.011806755809874846,0,2,0,3,0.0,0.9801980198019802,1.0,6.333333333333333,No aggregate reversal under this configuration.,1446
ro 08-2750,0.011829877733766644,0,1,0,1,0.0,0.8514851485148515,1.0,9.0,No aggregate reversal under this configuration.,1447
eugenol,0.011839042095045079,0,1,0,1,0.0,0.9801980198019802,1.0,6.0,No aggregate reversal under this configuration.,1448
lenalidomide,0.011891097954836888,0,1,0,1,0.0,0.9900990099009901,1.0,5.0,No aggregate reversal under this configuration.,1449
hy-11067,0.011908109928899579,0,1,0,1,0.0,0.9504950495049505,1.0,6.0,No aggregate reversal under this configuration.,1450
parthenolide,0.011923421607226096,10,41,10,44,0.24390243902439024,1.0,1.0,7.0227272727272725,No aggregate reversal under this configuration.,1451
altrenogest,0.01193052467341617,0,2,0,2,0.0,0.9306930693069307,1.0,6.0,No aggregate reversal under this configuration.,1452
BRD-K76236182,0.011940704371123788,0,2,0,2,0.0,0.9405940594059405,1.0,6.5,No aggregate reversal under this configuration.,1453
BRD-K69852452,0.011986197979985113,4,13,5,19,0.3076923076923077,0.9900990099009901,1.0,6.684210526315789,No aggregate reversal under this configuration.,1454
amuvatinib,0.012025375096221284,1,2,1,2,0.5,0.9306930693069307,1.0,9.0,No aggregate reversal under this configuration.,1455
devazepide,0.012050818966929139,0,2,0,2,0.0,0.9801980198019802,1.0,6.0,No aggregate reversal under this configuration.,1456
mw-a1-12,0.012069618095542358,3,18,3,18,0.16666666666666666,1.0,1.0,6.888888888888889,No aggregate reversal under this configuration.,1457
vidarabine,0.012097167988774941,0,1,0,1,0.0,0.9504950495049505,1.0,6.0,No aggregate reversal under this configuration.,1458
pioglitazone hydrochloride,0.012128605211967979,0,1,0,1,0.0,0.9207920792079208,1.0,7.0,No aggregate reversal under this configuration.,1459
4-aminosalicylic acid,0.012134743040709856,0,1,0,1,0.0,0.9603960396039604,1.0,7.0,No aggregate reversal under this configuration.,1460
BRD-K32896438,0.012202457246276768,0,5,0,5,0.0,0.9603960396039604,1.0,6.6,No aggregate reversal under this configuration.,1461
thalidomide,0.012219912093980906,0,1,0,1,0.0,0.9405940594059405,1.0,5.0,No aggregate reversal under this configuration.,1462
nadolol,0.012245897437673948,0,2,0,2,0.0,0.9207920792079208,1.0,5.5,No aggregate reversal under this configuration.,1463
BRD-A68065211,0.012272297428302322,1,4,1,4,0.25,0.9702970297029703,1.0,7.75,No aggregate reversal under this configuration.,1464
ct-200783,0.01228534477081954,2,29,2,29,0.06896551724137931,1.0,1.0,7.172413793103448,No aggregate reversal under this configuration.,1465
tl hras24 brd-k93060291,0.012308166940548957,0,1,0,1,0.0,0.9108910891089109,1.0,5.0,No aggregate reversal under this configuration.,1466
ski ii,0.012361039864092621,3,9,3,9,0.3333333333333333,0.9801980198019802,1.0,6.555555555555555,No aggregate reversal under this configuration.,1467
BRD-K20718732,0.012388962690956887,0,1,0,1,0.0,0.9306930693069307,1.0,5.0,No aggregate reversal under this configuration.,1468
tolazamide,0.0124128834883701,1,3,1,3,0.3333333333333333,0.9900990099009901,1.0,5.0,No aggregate reversal under this configuration.,1469
BRD-K92301463,0.01242882496671093,1,5,1,5,0.2,0.9801980198019802,1.0,5.8,No aggregate reversal under this configuration.,1470
arg-a1-2 brd-k39580048,0.012465389345049042,0,1,0,1,0.0,0.9108910891089109,1.0,8.0,No aggregate reversal under this configuration.,1471
BRD-K52800308,0.012470620206726615,0,1,0,1,0.0,0.9702970297029703,1.0,6.0,No aggregate reversal under this configuration.,1472
BRD-A18411371,0.012573298013317323,1,6,1,6,0.16666666666666666,1.0,1.0,6.333333333333333,No aggregate reversal under this configuration.,1473
ncgc00185837-02,0.012578030564059792,0,2,0,2,0.0,0.9603960396039604,1.0,6.0,No aggregate reversal under this configuration.,1474
fludrocortisone acetate,0.012583647247862607,0,2,0,2,0.0,0.9207920792079208,1.0,6.5,No aggregate reversal under this configuration.,1475
p0030,0.012584525294718431,1,4,1,4,0.25,0.9801980198019802,1.0,5.75,No aggregate reversal under this configuration.,1476
n-formylmethionylalanine,0.012592663879988877,0,2,0,2,0.0,0.9801980198019802,1.0,5.5,No aggregate reversal under this configuration.,1477
BRD-K97764662,0.01263161494049998,0,1,0,1,0.0,0.8811881188118812,1.0,7.0,No aggregate reversal under this configuration.,1478
fenretinide,0.012730213581262117,1,2,1,2,0.5,0.9801980198019802,1.0,8.0,No aggregate reversal under this configuration.,1479
tegaserod,0.012766145721621148,0,1,0,1,0.0,0.8811881188118812,1.0,5.0,No aggregate reversal under this configuration.,1480
fluorometholone,0.012801587956267058,0,1,0,1,0.0,0.9702970297029703,1.0,5.0,No aggregate reversal under this configuration.,1481
zd 7155 hydrochloride,0.012861733883584334,0,1,0,1,0.0,0.8811881188118812,1.0,8.0,No aggregate reversal under this configuration.,1482
ei-155,0.012885201383085413,1,3,1,3,0.3333333333333333,0.9306930693069307,1.0,8.0,No aggregate reversal under this configuration.,1483
BRD-K21773564,0.012913355424696321,0,1,0,1,0.0,0.9504950495049505,1.0,6.0,No aggregate reversal under this configuration.,1484
BRD-K04534322,0.013017686912531027,0,1,0,1,0.0,0.8811881188118812,1.0,11.0,No aggregate reversal under this configuration.,1485
BRD-K05549170,0.0130306795981547,0,2,0,2,0.0,0.9504950495049505,1.0,6.5,No aggregate reversal under this configuration.,1486
isoflupredone acetate,0.013039755260053755,0,1,0,1,0.0,0.8316831683168316,1.0,8.0,No aggregate reversal under this configuration.,1487
v2264,0.013055440318633637,0,2,0,2,0.0,0.9504950495049505,1.0,6.5,No aggregate reversal under this configuration.,1488
amiodarone hydrochloride,0.013094390007276066,0,1,0,1,0.0,0.8613861386138614,1.0,5.0,No aggregate reversal under this configuration.,1489
as605240,0.013127667527963939,0,10,0,10,0.0,0.9900990099009901,1.0,6.9,No aggregate reversal under this configuration.,1490
ei-195,0.01313427245229553,0,1,0,1,0.0,0.9405940594059405,1.0,6.0,No aggregate reversal under this configuration.,1491
resveratrol,0.01313969608232452,0,1,0,1,0.0,0.9306930693069307,1.0,5.0,No aggregate reversal under this configuration.,1492
BRD-K29622226,0.013170662672934524,0,1,0,1,0.0,0.900990099009901,1.0,6.0,No aggregate reversal under this configuration.,1493
BRD-K09854848,0.013190710342943302,1,6,1,6,0.16666666666666666,0.9900990099009901,1.0,6.666666666666667,No aggregate reversal under this configuration.,1494
BRD-K02641134,0.013224715797551842,0,1,0,1,0.0,0.9207920792079208,1.0,8.0,No aggregate reversal under this configuration.,1495
alprostadil,0.013246551158508958,0,1,0,1,0.0,0.9306930693069307,1.0,7.0,No aggregate reversal under this configuration.,1496
z-leu3-vs,0.013251387386576927,1,3,1,3,0.3333333333333333,0.9702970297029703,1.0,5.666666666666667,No aggregate reversal under this configuration.,1497
BRD-A40431293,0.013284517000804597,1,5,1,5,0.2,0.9207920792079208,1.0,7.0,No aggregate reversal under this configuration.,1498
BRD-K17025677,0.01329095887514262,0,1,0,1,0.0,0.9702970297029703,1.0,5.0,No aggregate reversal under this configuration.,1499
bo2 (inhibits rad51),0.01334037179911185,0,9,0,9,0.0,1.0,1.0,5.888888888888889,No aggregate reversal under this configuration.,1500
hy-10992,0.013359901749721768,1,5,1,5,0.2,0.9702970297029703,1.0,6.4,No aggregate reversal under this configuration.,1501
np-000732,0.013370333470028677,0,1,0,1,0.0,0.9405940594059405,1.0,7.0,No aggregate reversal under this configuration.,1502
hy-50898,0.013378627500056896,0,1,0,1,0.0,0.9801980198019802,1.0,7.0,No aggregate reversal under this configuration.,1503
lde225 (nvp-lde225),0.013398845355178934,0,1,0,1,0.0,0.9306930693069307,1.0,10.0,No aggregate reversal under this configuration.,1504
BRD-K35716340,0.013418875393431517,0,2,0,2,0.0,1.0,1.0,6.5,No aggregate reversal under this configuration.,1505
st056792,0.013434217035479173,0,7,0,7,0.0,1.0,1.0,6.285714285714286,No aggregate reversal under this configuration.,1506
nelfinavir,0.013435764245120479,0,1,0,1,0.0,0.9603960396039604,1.0,5.0,No aggregate reversal under this configuration.,1507
"15-deoxy-?12,14-prostaglandin j2",0.013442900535211393,1,16,1,16,0.0625,1.0,1.0,6.625,No aggregate reversal under this configuration.,1508
BRD-A37735495,0.013472686156423924,0,5,0,5,0.0,0.9801980198019802,1.0,7.2,No aggregate reversal under this configuration.,1509
ncgc00181801-01,0.01362542047070445,0,1,0,1,0.0,0.8811881188118812,1.0,8.0,No aggregate reversal under this configuration.,1510
BRD-K38340366,0.013629149419366576,0,1,0,1,0.0,0.9702970297029703,1.0,5.0,No aggregate reversal under this configuration.,1511
c3393m50,0.01367376449739437,1,2,1,2,0.5,0.9702970297029703,1.0,5.0,No aggregate reversal under this configuration.,1512
BRD-K96167523,0.013679926350140863,0,1,0,1,0.0,0.9405940594059405,1.0,5.0,No aggregate reversal under this configuration.,1513
BRD-U86222656,0.013683297195996987,1,3,1,3,0.3333333333333333,0.9900990099009901,1.0,7.666666666666667,No aggregate reversal under this configuration.,1514
BRD-K32238524,0.013696286714663906,0,1,0,1,0.0,0.9702970297029703,1.0,6.0,No aggregate reversal under this configuration.,1515
ncgc00188535-01,0.013699033179012714,1,4,1,4,0.25,1.0,1.0,7.0,No aggregate reversal under this configuration.,1516
BRD-K99633092,0.013801429498817415,1,3,1,3,0.3333333333333333,0.9108910891089109,1.0,7.666666666666667,No aggregate reversal under this configuration.,1517
BRD-K68548958,0.013874344491919263,2,24,2,24,0.08333333333333333,1.0,1.0,6.791666666666667,No aggregate reversal under this configuration.,1518
ethisterone,0.013896237513359243,0,1,0,1,0.0,0.900990099009901,1.0,5.0,No aggregate reversal under this configuration.,1519
mls-0437633.0003,0.013976610789100865,0,1,0,1,0.0,0.9603960396039604,1.0,7.0,No aggregate reversal under this configuration.,1520
ncgc00242296-02,0.014033580630945897,0,1,0,1,0.0,0.9108910891089109,1.0,5.0,No aggregate reversal under this configuration.,1521
desoximetasone,0.01407650051204452,0,1,0,1,0.0,0.9306930693069307,1.0,5.0,No aggregate reversal under this configuration.,1522
kb-r7943 mesylate,0.014088047488903617,0,1,0,1,0.0,0.9108910891089109,1.0,6.0,No aggregate reversal under this configuration.,1523
naringenine,0.01411683747381551,0,1,0,1,0.0,0.8811881188118812,1.0,5.0,No aggregate reversal under this configuration.,1524
mls-0390945.0001,0.014169231254567944,0,1,0,1,0.0,0.9900990099009901,1.0,5.0,No aggregate reversal under this configuration.,1525
trolox,0.014196403282328744,0,1,0,1,0.0,1.0,1.0,5.0,No aggregate reversal under this configuration.,1526
ncgc00182353-01,0.014225860881911578,0,1,0,1,0.0,0.9405940594059405,1.0,5.0,No aggregate reversal under this configuration.,1527
jzl-184,0.01426133334440345,0,1,0,1,0.0,0.9306930693069307,1.0,12.0,No aggregate reversal under this configuration.,1528
penicillin v,0.01426524745849819,0,1,0,1,0.0,0.9306930693069307,1.0,5.0,No aggregate reversal under this configuration.,1529
BRD-A41250203,0.014280417473258061,0,5,0,5,0.0,0.9801980198019802,1.0,8.4,No aggregate reversal under this configuration.,1530
gr-237,0.014399164502629836,0,1,0,1,0.0,0.900990099009901,1.0,5.0,No aggregate reversal under this configuration.,1531
jte 907,0.014399222399279656,0,1,0,1,0.0,0.900990099009901,1.0,6.0,No aggregate reversal under this configuration.,1532
"2,4-dideoxy-dc-45-a2",0.014415208798695813,0,2,0,2,0.0,0.9900990099009901,1.0,5.5,No aggregate reversal under this configuration.,1533
hydrastinine hydrochloride,0.014452467503084232,0,1,0,1,0.0,0.9306930693069307,1.0,5.0,No aggregate reversal under this configuration.,1534
mg-132,0.01445446025700117,0,9,0,9,0.0,0.9900990099009901,1.0,6.444444444444445,No aggregate reversal under this configuration.,1535
dicloxacillin sodium salt hydrate,0.01449118715142792,0,1,0,1,0.0,0.9702970297029703,1.0,5.0,No aggregate reversal under this configuration.,1536
ketoprofen,0.014620197714288338,0,2,0,2,0.0,0.9603960396039604,1.0,6.5,No aggregate reversal under this configuration.,1537
BRD-A18725729,0.014660583527409957,2,5,2,5,0.4,0.9900990099009901,1.0,6.4,No aggregate reversal under this configuration.,1538
nsc 632839 hydrochloride,0.014671450491425328,2,14,2,14,0.14285714285714285,1.0,1.0,6.428571428571429,No aggregate reversal under this configuration.,1539
moban,0.014690541840836631,0,1,0,1,0.0,0.9405940594059405,1.0,8.0,No aggregate reversal under this configuration.,1540
mln2238,0.01474397728837145,3,21,3,21,0.14285714285714285,1.0,1.0,7.571428571428571,No aggregate reversal under this configuration.,1541
ncgc00188740-01,0.0147745300227939,1,3,1,3,0.3333333333333333,1.0,1.0,5.333333333333333,No aggregate reversal under this configuration.,1542
ossk 645683,0.014781783945652075,0,1,0,1,0.0,0.9603960396039604,1.0,7.0,No aggregate reversal under this configuration.,1543
mw-a1-14 brd-k32010074,0.014806292670876842,0,1,0,1,0.0,0.9306930693069307,1.0,5.0,No aggregate reversal under this configuration.,1544
piplartine,0.014808330500756754,5,44,6,51,0.11363636363636363,1.0,1.0,7.666666666666667,No aggregate reversal under this configuration.,1545
carbidopa,0.014866015998293208,0,1,0,1,0.0,0.900990099009901,1.0,9.0,No aggregate reversal under this configuration.,1546
pp 1,0.014879996969012276,1,5,1,5,0.2,1.0,1.0,6.0,No aggregate reversal under this configuration.,1547
BRD-K21672423,0.014885358574718703,0,1,0,1,0.0,0.9504950495049505,1.0,7.0,No aggregate reversal under this configuration.,1548
ossk 645668,0.014960708102859033,0,1,0,1,0.0,0.8514851485148515,1.0,5.0,No aggregate reversal under this configuration.,1549
testosterone,0.014968462992022228,0,1,0,1,0.0,0.9405940594059405,1.0,5.0,No aggregate reversal under this configuration.,1550
chlormadinone acetate,0.014980690722586197,0,1,0,1,0.0,0.9306930693069307,1.0,7.0,No aggregate reversal under this configuration.,1551
np-001821,0.014996643989703275,0,1,0,1,0.0,0.9504950495049505,1.0,5.0,No aggregate reversal under this configuration.,1552
ritanserin,0.014998056765257827,0,1,0,1,0.0,0.9504950495049505,1.0,5.0,No aggregate reversal under this configuration.,1553
pj 34 hydrochloride,0.015008660903687812,0,2,0,2,0.0,0.9900990099009901,1.0,7.0,No aggregate reversal under this configuration.,1554
arachidonyl trifluoro-methyl ketone,0.015049082394718482,4,26,4,26,0.15384615384615385,1.0,1.0,6.730769230769231,No aggregate reversal under this configuration.,1555
methoxsalen,0.01507005910046674,0,1,0,1,0.0,0.9207920792079208,1.0,9.0,No aggregate reversal under this configuration.,1556
BRD-A57107094,0.015111415929288632,0,2,0,2,0.0,0.9702970297029703,1.0,10.0,No aggregate reversal under this configuration.,1557
BRD-K27484191,0.015158756179864667,0,1,0,1,0.0,0.9504950495049505,1.0,6.0,No aggregate reversal under this configuration.,1558
BRD-K41925105,0.015220346235523353,0,5,0,5,0.0,1.0,1.0,7.2,No aggregate reversal under this configuration.,1559
flumethasone,0.015232284101530684,0,2,0,2,0.0,0.9504950495049505,1.0,5.5,No aggregate reversal under this configuration.,1560
BRD-K62169556,0.015257441957718207,0,1,0,1,0.0,0.9801980198019802,1.0,5.0,No aggregate reversal under this configuration.,1561
mifepristone,0.01529845324988579,0,1,0,1,0.0,0.8712871287128713,1.0,5.0,No aggregate reversal under this configuration.,1562
GSK1059615,0.015311246451870437,1,3,1,3,0.3333333333333333,1.0,1.0,10.666666666666666,No aggregate reversal under this configuration.,1563
BRD-A59145032,0.01535231698594137,0,2,0,2,0.0,0.9603960396039604,1.0,8.5,No aggregate reversal under this configuration.,1564
ei-328,0.015352432667855954,0,1,0,1,0.0,0.9207920792079208,1.0,5.0,No aggregate reversal under this configuration.,1565
BRD-K35424586,0.015452823613368622,0,2,0,2,0.0,0.9504950495049505,1.0,6.0,No aggregate reversal under this configuration.,1566
mmpx,0.01547207782938435,0,1,0,1,0.0,0.9702970297029703,1.0,5.0,No aggregate reversal under this configuration.,1567
retinoic acid,0.015527980718427741,1,5,1,5,0.2,1.0,1.0,5.6,No aggregate reversal under this configuration.,1568
BRD-K60070073,0.015556159648552548,0,1,0,1,0.0,0.8910891089108911,1.0,6.0,No aggregate reversal under this configuration.,1569
"ici 192,605",0.015603334969454735,0,1,0,1,0.0,0.900990099009901,1.0,5.0,No aggregate reversal under this configuration.,1570
mw-ras12,0.015610647845122578,1,15,1,18,0.06666666666666667,1.0,1.0,7.444444444444445,No aggregate reversal under this configuration.,1571
BRD-K02562327,0.01567414308110305,0,1,0,1,0.0,0.900990099009901,1.0,7.0,No aggregate reversal under this configuration.,1572
BRD-K94991378,0.01573076820595002,0,1,0,1,0.0,0.9801980198019802,1.0,6.0,No aggregate reversal under this configuration.,1573
ei-346,0.015841665525702625,1,8,1,8,0.125,1.0,1.0,6.75,No aggregate reversal under this configuration.,1574
penicillin g potassium,0.015888303575345028,0,1,0,1,0.0,0.9504950495049505,1.0,7.0,No aggregate reversal under this configuration.,1575
mk 212,0.01591708419291176,0,1,0,1,0.0,0.9603960396039604,1.0,7.0,No aggregate reversal under this configuration.,1576
BRD-K41859756,0.015935296432817415,1,14,1,14,0.07142857142857142,0.9900990099009901,1.0,6.571428571428571,No aggregate reversal under this configuration.,1577
BRD-K40373196,0.015952219381728923,1,4,1,4,0.25,0.9900990099009901,1.0,5.75,No aggregate reversal under this configuration.,1578
s1176,0.01598756369440671,0,1,0,1,0.0,0.9801980198019802,1.0,5.0,No aggregate reversal under this configuration.,1579
BRD-K05104363,0.016034484642438916,0,7,0,7,0.0,1.0,1.0,5.428571428571429,No aggregate reversal under this configuration.,1580
triamcinolone,0.0160432645213452,0,2,0,3,0.0,0.9900990099009901,1.0,6.0,No aggregate reversal under this configuration.,1581
k784-3188,0.01606791750444618,1,4,1,6,0.25,1.0,1.0,7.333333333333333,No aggregate reversal under this configuration.,1582
bl-009,0.016151445956893724,0,1,0,1,0.0,0.9702970297029703,1.0,5.0,No aggregate reversal under this configuration.,1583
ch 55,0.016153614880251625,2,6,2,6,0.3333333333333333,1.0,1.0,6.333333333333333,No aggregate reversal under this configuration.,1584
BRD-K35483542,0.01624401323432663,0,1,0,1,0.0,0.9603960396039604,1.0,6.0,No aggregate reversal under this configuration.,1585
(-)-gallocatechin gallate,0.016389628417683027,0,3,0,3,0.0,0.9801980198019802,1.0,7.0,No aggregate reversal under this configuration.,1586
BRD-K80346834,0.01640028973322485,0,1,0,1,0.0,0.9603960396039604,1.0,5.0,No aggregate reversal under this configuration.,1587
BRD-U73238814,0.01645314801571816,0,1,0,1,0.0,0.9702970297029703,1.0,5.0,No aggregate reversal under this configuration.,1588
hoechst  33342 (cell permeable) (bisbenzimide),0.016485083874421436,0,1,0,1,0.0,0.8910891089108911,1.0,6.0,No aggregate reversal under this configuration.,1589
genistin,0.016595894332284512,0,1,0,1,0.0,0.9405940594059405,1.0,5.0,No aggregate reversal under this configuration.,1590
ncgc00241726-01,0.016623529736995584,0,2,0,2,0.0,0.9702970297029703,1.0,7.0,No aggregate reversal under this configuration.,1591
clopidogrel,0.01663350328311889,0,1,0,1,0.0,0.9801980198019802,1.0,5.0,No aggregate reversal under this configuration.,1592
BRD-A63583287,0.016683331552242157,0,2,0,2,0.0,1.0,1.0,6.5,No aggregate reversal under this configuration.,1593
BRD-K74690444,0.016822602805216004,0,1,0,1,0.0,0.9900990099009901,1.0,5.0,No aggregate reversal under this configuration.,1594
3-methyladenine,0.016843475413661515,0,1,0,1,0.0,0.9900990099009901,1.0,5.0,No aggregate reversal under this configuration.,1595
methyltestosterone,0.01686966394567282,0,1,0,1,0.0,0.8910891089108911,1.0,7.0,No aggregate reversal under this configuration.,1596
chemistry 2804,0.01688901202418372,4,37,4,37,0.10810810810810811,0.9900990099009901,1.0,7.45945945945946,No aggregate reversal under this configuration.,1597
clocortolone pivalate,0.01690123137086803,0,2,0,2,0.0,0.9900990099009901,1.0,6.0,No aggregate reversal under this configuration.,1598
pifithrin- ?,0.017003483219311305,1,19,1,20,0.05263157894736842,1.0,1.0,6.3,No aggregate reversal under this configuration.,1599
s1022,0.017123242540201457,0,1,0,1,0.0,0.9801980198019802,1.0,5.0,No aggregate reversal under this configuration.,1600
BRD-K91913968,0.017135598589082843,0,1,0,1,0.0,0.9900990099009901,1.0,5.0,No aggregate reversal under this configuration.,1601
BRD-K20914082,0.017190083385843585,0,1,0,1,0.0,1.0,1.0,5.0,No aggregate reversal under this configuration.,1602
BRD-K45205755,0.017194800713709806,0,2,0,2,0.0,1.0,1.0,5.5,No aggregate reversal under this configuration.,1603
butein,0.017319700183757183,0,1,0,1,0.0,0.9801980198019802,1.0,6.0,No aggregate reversal under this configuration.,1604
glycopyrrolate,0.01734245067156258,0,1,0,1,0.0,0.9207920792079208,1.0,6.0,No aggregate reversal under this configuration.,1605
ipratropium bromide,0.017464974024117858,0,1,0,1,0.0,0.9603960396039604,1.0,8.0,No aggregate reversal under this configuration.,1606
norketamine hydrochloride,0.017498252204932965,0,1,0,1,0.0,0.9900990099009901,1.0,5.0,No aggregate reversal under this configuration.,1607
15-delta prostaglandin j2,0.01757151574779354,0,3,0,3,0.0,0.9900990099009901,1.0,5.333333333333333,No aggregate reversal under this configuration.,1608
psb 06126,0.0176058270390438,0,1,0,1,0.0,0.9603960396039604,1.0,5.0,No aggregate reversal under this configuration.,1609
chemistry 1735,0.017624783892040374,0,1,0,1,0.0,0.9702970297029703,1.0,5.0,No aggregate reversal under this configuration.,1610
kuc104487 kuc104487n,0.017780750293374385,0,1,0,1,0.0,0.9603960396039604,1.0,8.0,No aggregate reversal under this configuration.,1611
np-009169,0.017786119696577674,0,3,0,3,0.0,0.9900990099009901,1.0,7.666666666666667,No aggregate reversal under this configuration.,1612
BRD-K82971429,0.017814427815104936,0,1,0,1,0.0,1.0,1.0,6.0,No aggregate reversal under this configuration.,1613
dexamethasone acetate,0.017861560782808313,0,1,0,1,0.0,0.9603960396039604,1.0,6.0,No aggregate reversal under this configuration.,1614
BRD-K70917163,0.017883140684034564,0,1,0,1,0.0,0.9306930693069307,1.0,6.0,No aggregate reversal under this configuration.,1615
tipifarnib-p2,0.017887240528803777,0,1,0,1,0.0,0.9900990099009901,1.0,6.0,No aggregate reversal under this configuration.,1616
nnc 711,0.01801569765853543,0,1,0,1,0.0,0.9801980198019802,1.0,7.0,No aggregate reversal under this configuration.,1617
diphenylcyclopropenone,0.018074842519825732,0,3,0,3,0.0,0.9900990099009901,1.0,5.333333333333333,No aggregate reversal under this configuration.,1618
BRD-K76938712,0.01813582436107329,0,2,0,2,0.0,1.0,1.0,6.5,No aggregate reversal under this configuration.,1619
stk249718,0.018353422273238596,0,3,0,3,0.0,0.9801980198019802,1.0,5.333333333333333,No aggregate reversal under this configuration.,1620
inca-6,0.01841331940104046,0,2,0,2,0.0,1.0,1.0,5.0,No aggregate reversal under this configuration.,1621
dcpib,0.0184292901374236,0,1,0,1,0.0,0.9603960396039604,1.0,5.0,No aggregate reversal under this configuration.,1622
w-9 hydrochloride,0.018462499444429268,0,1,0,1,0.0,1.0,1.0,5.0,No aggregate reversal under this configuration.,1623
sb 205607,0.018479442238464178,0,1,0,1,0.0,0.9405940594059405,1.0,7.0,No aggregate reversal under this configuration.,1624
caffeic acid phenethyl ester,0.018494910623071823,0,1,0,1,0.0,0.9207920792079208,1.0,8.0,No aggregate reversal under this configuration.,1625
BRD-K66254772,0.01858770665375068,0,2,0,2,0.0,0.9900990099009901,1.0,9.0,No aggregate reversal under this configuration.,1626
ncgc00182382-01,0.018623375322986434,0,2,0,2,0.0,1.0,1.0,5.5,No aggregate reversal under this configuration.,1627
BRD-K90735586,0.018765326162367004,0,2,0,2,0.0,1.0,1.0,5.5,No aggregate reversal under this configuration.,1628
nrb 04155,0.018778285475433906,0,2,0,2,0.0,1.0,1.0,7.5,No aggregate reversal under this configuration.,1629
endecaphyllin x,0.018833333921026242,0,1,0,1,0.0,0.9702970297029703,1.0,6.0,No aggregate reversal under this configuration.,1630
BRD-K53592093,0.018845161036023465,0,1,0,1,0.0,0.9801980198019802,1.0,6.0,No aggregate reversal under this configuration.,1631
wr 216174,0.01899499425648487,0,1,0,1,0.0,0.9405940594059405,1.0,10.0,No aggregate reversal under this configuration.,1632
t5247673,0.01909254853405692,0,1,0,1,0.0,0.9900990099009901,1.0,5.0,No aggregate reversal under this configuration.,1633
BRD-A95445494,0.019184645646786437,0,1,0,1,0.0,0.9702970297029703,1.0,5.0,No aggregate reversal under this configuration.,1634
r2146,0.01937372533272093,0,4,0,4,0.0,1.0,1.0,7.0,No aggregate reversal under this configuration.,1635
triclosan,0.019625205206341995,0,1,0,1,0.0,0.9702970297029703,1.0,10.0,No aggregate reversal under this configuration.,1636
BRD-K86472598,0.019755656660348637,0,7,0,7,0.0,1.0,1.0,6.285714285714286,No aggregate reversal under this configuration.,1637
abt-888 (veliparib),0.01990822418852632,0,1,0,1,0.0,0.9405940594059405,1.0,6.0,No aggregate reversal under this configuration.,1638
bntx maleate,0.019942167294908858,1,6,1,6,0.16666666666666666,1.0,1.0,8.166666666666666,No aggregate reversal under this configuration.,1639
albendazole,0.019968693277220714,0,1,0,1,0.0,1.0,1.0,5.0,No aggregate reversal under this configuration.,1640
BRD-K87964538,0.02001378884781521,0,1,0,1,0.0,1.0,1.0,6.0,No aggregate reversal under this configuration.,1641
ncgc00189555-02,0.020205532557805026,0,1,0,1,0.0,0.9603960396039604,1.0,6.0,No aggregate reversal under this configuration.,1642
6-diazo-5-oxo-l-norleucine,0.020391490716738406,0,2,0,2,0.0,1.0,1.0,8.5,No aggregate reversal under this configuration.,1643
ncgc00182392-01,0.020402221915607123,0,1,0,1,0.0,1.0,1.0,5.0,No aggregate reversal under this configuration.,1644
BRD-K56593336,0.020485761104381283,0,1,0,1,0.0,0.9801980198019802,1.0,6.0,No aggregate reversal under this configuration.,1645
BRD-K79382620,0.020620426701033086,0,2,0,2,0.0,0.9900990099009901,1.0,6.0,No aggregate reversal under this configuration.,1646
rho kinase inhibitor iii [rockout],0.020802523757689685,0,1,0,1,0.0,1.0,1.0,6.0,No aggregate reversal under this configuration.,1647
prestw-550,0.020907288760813932,0,2,0,2,0.0,0.9900990099009901,1.0,9.0,No aggregate reversal under this configuration.,1648
pp 2,0.020935117443762537,0,4,0,4,0.0,1.0,1.0,6.75,No aggregate reversal under this configuration.,1649
"l-690,330",0.0210056881533413,0,4,0,4,0.0,1.0,1.0,7.0,No aggregate reversal under this configuration.,1650
ml 3163,0.021229335821377312,0,1,0,1,0.0,0.9108910891089109,1.0,11.0,No aggregate reversal under this configuration.,1651
ncgc00182609-01,0.02126544822328193,0,2,0,2,0.0,0.9801980198019802,1.0,9.5,No aggregate reversal under this configuration.,1652
fluocinolone acetonide,0.02132971982306249,0,1,0,1,0.0,0.9900990099009901,1.0,5.0,No aggregate reversal under this configuration.,1653
ssr 69071,0.021393136268718655,0,3,0,3,0.0,1.0,1.0,8.0,No aggregate reversal under this configuration.,1654
bumetanide,0.021545500222111318,0,1,0,1,0.0,0.9702970297029703,1.0,6.0,No aggregate reversal under this configuration.,1655
arachidonamide,0.021774209137877223,0,1,0,1,0.0,0.9900990099009901,1.0,5.0,No aggregate reversal under this configuration.,1656
BRD-K42644990,0.021896472245269267,0,1,0,1,0.0,0.9504950495049505,1.0,7.0,No aggregate reversal under this configuration.,1657
westcort,0.02226803022206497,0,1,0,1,0.0,0.9504950495049505,1.0,8.0,No aggregate reversal under this configuration.,1658
g5797,0.02231340259386314,0,1,0,1,0.0,1.0,1.0,6.0,No aggregate reversal under this configuration.,1659
BRD-K93568044 (hydrocortisone),0.02232747689399629,0,1,0,1,0.0,0.9900990099009901,1.0,6.0,No aggregate reversal under this configuration.,1660
daphnetin,0.0223342224064125,0,1,0,1,0.0,1.0,1.0,8.0,No aggregate reversal under this configuration.,1661
11k-629s,0.022395396654245763,0,1,0,1,0.0,0.9702970297029703,1.0,6.0,No aggregate reversal under this configuration.,1662
acitretin,0.022691837568887444,0,1,0,1,0.0,1.0,1.0,6.0,No aggregate reversal under this configuration.,1663
rizatriptan benzoate,0.022693776171670118,0,1,0,1,0.0,0.9900990099009901,1.0,5.0,No aggregate reversal under this configuration.,1664
BRD-K07061353,0.02274562257700485,0,1,0,1,0.0,1.0,1.0,5.0,No aggregate reversal under this configuration.,1665
tpl2,0.022794127517487262,0,1,0,1,0.0,0.9801980198019802,1.0,7.0,No aggregate reversal under this configuration.,1666
BRD-A81282034,0.02345773380394773,0,1,0,1,0.0,1.0,1.0,7.0,No aggregate reversal under this configuration.,1667
BRD-K73319509,0.023506178620756425,0,1,0,1,0.0,0.9900990099009901,1.0,9.0,No aggregate reversal under this configuration.,1668
BRD-K98676510,0.023598441521495806,0,2,0,2,0.0,1.0,1.0,7.0,No aggregate reversal under this configuration.,1669
OSI-930,0.023773507883910264,0,1,0,1,0.0,0.9900990099009901,1.0,8.0,No aggregate reversal under this configuration.,1670
gatifloxacin,0.023783657868122234,0,1,0,1,0.0,1.0,1.0,5.0,No aggregate reversal under this configuration.,1671
sildenafil citrate,0.023829177810482806,0,1,0,1,0.0,1.0,1.0,6.0,No aggregate reversal under this configuration.,1672
BRD-U32365159,0.023958355655366373,0,1,0,1,0.0,1.0,1.0,6.0,No aggregate reversal under this configuration.,1673
"l-689,560",0.02439872401899196,0,1,0,1,0.0,0.9801980198019802,1.0,5.0,No aggregate reversal under this configuration.,1674
s1107,0.02480418854871189,0,1,0,1,0.0,0.9801980198019802,1.0,7.0,No aggregate reversal under this configuration.,1675
BRD-K34495954,0.025146073583815758,0,1,0,1,0.0,1.0,1.0,6.0,No aggregate reversal under this configuration.,1676
pd 198306,0.025339837424877575,1,6,1,6,0.16666666666666666,1.0,1.0,7.833333333333333,No aggregate reversal under this configuration.,1677
ag 9,0.025363472806594633,0,1,0,1,0.0,0.9900990099009901,1.0,9.0,No aggregate reversal under this configuration.,1678
BRD-K89209981,0.025370731729788397,0,1,0,1,0.0,1.0,1.0,5.0,No aggregate reversal under this configuration.,1679
darinaparsin,0.025426406536240752,0,2,0,2,0.0,1.0,1.0,7.0,No aggregate reversal under this configuration.,1680
ranitidine,0.02569776759824196,0,1,0,1,0.0,1.0,1.0,6.0,No aggregate reversal under this configuration.,1681
triamcinolone acetonide,0.0257726799118935,0,1,0,1,0.0,1.0,1.0,5.0,No aggregate reversal under this configuration.,1682
amcinonide,0.025966755180737183,0,1,0,1,0.0,1.0,1.0,6.0,No aggregate reversal under this configuration.,1683
BRD-K53423944,0.026004517934074847,1,4,1,4,0.25,1.0,1.0,7.5,No aggregate reversal under this configuration.,1684
sb 200646 hydrochloride,0.026512552307651625,0,1,0,1,0.0,1.0,1.0,6.0,No aggregate reversal under this configuration.,1685
BRD-K14880289,0.026634545395353496,0,1,0,1,0.0,1.0,1.0,5.0,No aggregate reversal under this configuration.,1686
rg 108,0.02700461523409029,0,1,0,1,0.0,0.9900990099009901,1.0,9.0,No aggregate reversal under this configuration.,1687
idelalisib,0.027064923008357448,0,1,0,1,0.0,1.0,1.0,5.0,No aggregate reversal under this configuration.,1688
vu0365121-1,0.02732656070312125,0,1,0,1,0.0,0.9900990099009901,1.0,9.0,No aggregate reversal under this configuration.,1689
ncgc00167098-01,0.027330167139538453,0,1,0,1,0.0,0.9900990099009901,1.0,9.0,No aggregate reversal under this configuration.,1690
BRD-A06929388,0.027672449515878467,0,2,0,2,0.0,1.0,1.0,8.0,No aggregate reversal under this configuration.,1691
8-{[2-oxo-2-(1-pyrrolidinyl)ethyl]thio}quinoline,0.02788489103901654,0,1,0,1,0.0,1.0,1.0,7.0,No aggregate reversal under this configuration.,1692
BRD-K52080565,0.02810202880062122,0,1,0,1,0.0,0.9504950495049505,1.0,8.0,No aggregate reversal under this configuration.,1693
pit,0.02869030961764445,0,1,0,1,0.0,1.0,1.0,6.0,No aggregate reversal under this configuration.,1694
ly 288513,0.028907180232325955,0,1,0,1,0.0,1.0,1.0,5.0,No aggregate reversal under this configuration.,1695
BRD-K58900438,0.02906425345056511,0,1,0,1,0.0,1.0,1.0,6.0,No aggregate reversal under this configuration.,1696
thimerosal,0.02935556698073506,0,1,0,1,0.0,1.0,1.0,5.0,No aggregate reversal under this configuration.,1697
mdm2 inhibitor,0.029474358850739287,0,1,0,1,0.0,1.0,1.0,8.0,No aggregate reversal under this configuration.,1698
thioguanosine,0.02957511429213057,0,1,0,1,0.0,1.0,1.0,6.0,No aggregate reversal under this configuration.,1699
o-2050,0.029942679900521282,0,1,0,1,0.0,1.0,1.0,5.0,No aggregate reversal under this configuration.,1700
BRD-K58214070,0.030092125606722066,0,1,0,1,0.0,1.0,1.0,8.0,No aggregate reversal under this configuration.,1701
BRD-K61105081,0.03223980198307112,0,1,0,1,0.0,1.0,1.0,6.0,No aggregate reversal under this configuration.,1702
minoxidil,0.03339322713355229,0,1,0,1,0.0,1.0,1.0,12.0,No aggregate reversal under this configuration.,1703
tizanidine hcl,0.03687558846146408,0,1,0,1,0.0,1.0,1.0,8.0,No aggregate reversal under this configuration.,1704
kuc104495 kuc104495n,0.043872017233164806,0,1,0,1,0.0,1.0,1.0,10.0,No aggregate reversal under this configuration.,1705
