compound,configurations_present,top_k_frequency,evaluated_configurations,mean_rank,rank_sd,baseline,relaxed,stringent,multi-context
palbociclib,4,4,4,1.0,0.0,1.0,1,1.0,1.0
KIN001-127,4,4,4,2.5,0.8660254037844386,2.0,2,4.0,2.0
BMS509744,4,4,4,4.0,1.7320508075688772,3.0,3,7.0,3.0
AZD-8330,4,4,4,5.0,1.7320508075688772,4.0,4,8.0,4.0
trametinib,4,4,4,6.75,1.7853571071357126,5.0,8,9.0,5.0
GSK-2126458,4,4,4,12.0,4.949747468305833,12.0,5,19.0,12.0
WZ-4-145,4,4,4,12.5,3.2015621187164243,14.0,7,15.0,14.0
HG-14-8-02,4,3,4,13.25,5.3091901453988255,13.0,6,21.0,13.0
GDC-0941,4,3,4,18.5,3.774917217635375,17.0,16,25.0,16.0
PI-103,4,3,4,20.25,9.12071817347735,16.0,14,36.0,15.0
neratinib,4,3,4,23.0,21.61018278497431,8.0,60,16.0,8.0
C646,4,3,4,25.0,17.190113437671084,19.0,9,54.0,18.0
PD-184352,4,3,4,28.0,30.870698080866262,7.0,81,17.0,7.0
PLX-4720,4,3,4,39.0,37.02026472082554,20.0,103,14.0,19.0
SU-11274,4,3,4,46.25,63.94284557321483,9.0,157,10.0,9.0
SB590885,4,3,4,72.5,105.36958764273494,11.0,255,13.0,11.0
erlotinib,4,3,4,97.25,158.04963619066007,6.0,371,6.0,6.0
selumetinib,4,2,4,54.25,69.34109531872134,10.0,174,23.0,10.0
CX-5461,4,2,4,81.0,102.34011921040546,18.0,258,31.0,17.0
NVP-TAE684,4,1,4,25.25,8.870597499605086,26.0,13,38.0,24.0
sutent,4,1,4,27.25,13.160072188251856,27.0,10,47.0,25.0
torin-1,4,1,4,28.25,6.869315832017043,28.0,20,39.0,26.0
WYE-125132,4,1,4,31.75,9.65336728815391,34.0,17,44.0,32.0
PD-0325901,4,1,4,32.25,17.80975856096876,22.0,63,24.0,20.0
PF-3758309,4,1,4,37.0,16.30950643030009,37.0,15,61.0,35.0
SGI-1776,4,1,4,39.5,28.85740806101615,30.0,12,88.0,28.0
CGK-733,4,1,4,42.5,31.5079355083763,33.0,11,95.0,31.0
AZD4547,4,1,4,49.75,23.09085316743407,50.0,19,84.0,46.0
KW-2449,4,1,4,68.25,40.5362492098122,106.0,66,3.0,98.0
dinaciclib,4,1,4,68.75,37.585735326051555,69.0,18,124.0,64.0
MK-2206,4,1,4,74.0,32.8861673048107,101.0,84,18.0,93.0
GSK-2334470,4,1,4,138.75,113.90868052962425,119.0,320,5.0,111.0
pazopanib,4,1,4,149.0,86.26412927746966,180.0,249,12.0,155.0
TGX-221,4,1,4,189.0,173.50360226807973,147.0,473,2.0,134.0
TWS-119,4,1,4,201.5,155.4742743993359,181.0,449,20.0,156.0
NVP-BGJ398,3,1,4,524.3333333333334,701.359790375493,46.0,1516,11.0,
garcinol,3,1,4,544.3333333333334,725.3809727002463,15.0,1570,48.0,
PHA-793887,4,0,4,27.75,5.11737237261468,24.0,30,35.0,22.0
foretinib,4,0,4,33.0,5.0990195135927845,29.0,39,37.0,27.0
vemurafenib,4,0,4,34.25,9.443913383762052,32.0,25,50.0,30.0
NVP-BEZ235,4,0,4,34.5,12.196310917650468,31.0,23,55.0,29.0
SAR-245408,4,0,4,38.5,9.12414379544733,42.0,24,49.0,39.0
WZ-4002,4,0,4,38.5,18.848076824970764,25.0,36,70.0,23.0
NVP-AEW541,4,0,4,38.75,23.60481942316018,23.0,79,32.0,21.0
JW-7-24-1,4,0,4,42.25,11.96609794377432,40.0,62,30.0,37.0
XMD-1499,4,0,4,42.75,10.732543966832841,43.0,29,59.0,40.0
GDC-0980,4,0,4,44.25,21.992896580487074,35.0,27,82.0,33.0
torin-2,4,0,4,45.0,9.72111104761179,45.0,33,60.0,42.0
NVP-TAE226,4,0,4,48.5,14.221462653327892,41.0,42,73.0,38.0
AZD-8055,4,0,4,49.75,16.223054582907622,63.0,56,22.0,58.0
sorafenib,4,0,4,51.25,12.47747971346778,54.0,68,33.0,50.0
lapatinib,4,0,4,53.25,4.763139720814412,52.0,61,52.0,48.0
TG-101348,4,0,4,53.5,10.897247358851684,48.0,50,72.0,44.0
BX-795,4,0,4,53.75,19.122957407263137,75.0,43,28.0,69.0
NVP-BGT226,4,0,4,54.25,38.499188303131795,39.0,22,120.0,36.0
ZSTK-474,4,0,4,55.5,18.296174463531987,53.0,35,85.0,49.0
AS-605240,4,0,4,58.75,6.339361166552983,59.0,69,53.0,54.0
PIK-93,4,0,4,58.75,21.288200957337846,81.0,52,27.0,75.0
DCC-2036,4,0,4,59.75,21.992896580487074,62.0,91,29.0,57.0
CTB,2,0,4,63.0,10.0,73.0,53,,
JWE-035,4,0,4,65.25,34.1933838629639,64.0,21,117.0,59.0
canertinib,4,0,4,65.25,29.877876430563134,65.0,110,26.0,60.0
OSI-027,4,0,4,66.0,22.11334438749598,91.0,45,43.0,85.0
AZ-628,4,0,4,67.5,30.03747659175118,56.0,44,119.0,51.0
dovitinib,4,0,4,68.0,20.310096011589902,58.0,58,103.0,53.0
HG-9-91-01,4,0,4,68.5,26.139051245215462,44.0,98,91.0,41.0
dabrafenib,4,0,4,70.0,20.639767440550294,74.0,40,98.0,68.0
AT7867,4,0,4,70.5,33.20015060206806,47.0,126,66.0,43.0
CGP-60474,4,0,4,71.25,36.037307058102996,67.0,28,128.0,62.0
BMS-387032,4,0,4,71.5,21.313141485947114,70.0,46,105.0,65.0
HG-14-10-04,4,0,4,71.75,23.79469478686373,86.0,31,90.0,80.0
BRD-K11611839,1,0,4,73.0,0.0,,73,,
vandetanib,4,0,4,73.5,39.073648409126065,51.0,55,141.0,47.0
AZD-5438,4,0,4,74.0,26.419689627245813,80.0,34,108.0,74.0
PF-431396,4,0,4,75.0,5.477225575051661,79.0,67,81.0,73.0
alvocidib,4,0,4,75.25,39.80185297194089,61.0,41,143.0,56.0
NU-7441,4,0,4,77.0,4.242640687119285,83.0,71,77.0,77.0
HG-6-64-01,4,0,4,77.25,34.70860844228705,66.0,136,46.0,61.0
BS-181,4,0,4,77.75,24.252577182641847,76.0,49,116.0,70.0
QL-XI-92,4,0,4,78.5,27.179955849853766,85.0,37,113.0,79.0
rocilinostat,4,0,4,80.75,14.254385290148432,97.0,59,78.0,89.0
crizotinib,4,0,4,81.0,12.30853362509117,77.0,74,102.0,71.0
iniparib,3,0,4,81.66666666666667,41.875476780038646,92.0,26,127.0,
pracinostat,4,0,4,82.5,16.91892431568863,93.0,54,97.0,86.0
OTSSP167,4,0,4,84.75,35.967867604293694,84.0,38,139.0,78.0
GSK-J2,1,0,4,85.0,0.0,,85,,
LDN-193189,4,0,4,85.5,13.6106575888162,88.0,105,67.0,82.0
UNC0638,4,0,4,85.5,51.34442520858521,49.0,76,172.0,45.0
fu jmbii227b,1,0,4,87.0,0.0,,87,,
entinostat,4,0,4,88.5,28.79670119996386,72.0,77,138.0,67.0
serdemetan,4,0,4,89.25,39.820691857374854,71.0,158,62.0,66.0
BRD-K02123250,1,0,4,90.0,0.0,,90,,
MGCD-265,4,0,4,90.0,43.35320057389074,60.0,82,163.0,55.0
belinostat,4,0,4,94.75,34.41928964984606,98.0,47,144.0,90.0
mocetinostat,4,0,4,95.25,21.76436307361187,100.0,64,125.0,92.0
KIN236,1,0,4,96.0,0.0,,96,,
PF-562271,4,0,4,97.25,22.37604746151563,78.0,118,121.0,72.0
linsitinib,4,0,4,98.5,12.599603168354152,113.0,97,79.0,105.0
CP-724714,4,0,4,99.0,39.96248240537617,134.0,32,106.0,124.0
AT-7519,4,0,4,99.75,30.185882461839675,104.0,57,142.0,96.0
XMD-885,4,0,4,100.75,33.11627243516396,90.0,72,157.0,84.0
dasatinib,4,0,4,101.5,6.020797289396148,110.0,93,101.0,102.0
HG-5-113-01,4,0,4,101.75,19.472737352514155,96.0,88,135.0,88.0
levocetirizine,1,0,4,102.0,0.0,,102,,
JNK-9L,4,0,4,102.25,39.36607041603213,105.0,48,159.0,97.0
INK-128,4,0,4,102.75,22.353690970396812,116.0,65,122.0,108.0
FR-180204,2,0,4,103.5,28.5,132.0,75,,
HG-5-88-01,4,0,4,103.75,16.843025262701474,103.0,86,131.0,95.0
veliparib,1,0,4,104.0,0.0,,104,,
saracatinib,4,0,4,106.5,15.190457530963313,109.0,129,87.0,101.0
GDC-0068,3,0,4,106.66666666666667,62.39836180185787,38.0,189,93.0,
PF 573228,3,0,4,107.0,26.419689627245813,130.0,70,,121.0
BRD-K11671649,1,0,4,108.0,0.0,,108,,
gefitinib,4,0,4,109.5,93.8416218956173,57.0,272,57.0,52.0
mitoxantrone,4,0,4,111.5,7.762087348130012,120.0,99,115.0,112.0
A66,3,0,4,112.33333333333333,64.22010761609032,55.0,202,80.0,
KU-60019,4,0,4,114.0,73.28028384224504,82.0,240,58.0,76.0
BYL719,4,0,4,114.5,47.35240226218729,111.0,188,56.0,103.0
NVP-AUY922,4,0,4,115.25,21.787324296480282,131.0,78,130.0,122.0
PD-173074,4,0,4,115.25,87.05565748416355,68.0,266,64.0,63.0
WZ-3105,4,0,4,115.75,38.25816906230616,137.0,51,149.0,126.0
CH5424802,4,0,4,116.5,45.53295509847785,87.0,194,104.0,81.0
withaferin-a,4,0,4,116.75,5.0682837331783235,123.0,120,110.0,114.0
afatinib,4,0,4,117.75,27.851166941440713,144.0,125,71.0,131.0
methylstat,4,0,4,119.0,27.147743920996454,114.0,92,164.0,106.0
ponatinib,4,0,4,120.25,19.369757355217438,124.0,94,148.0,115.0
YM-201636,4,0,4,120.75,47.04984059484155,158.0,143,40.0,142.0
KI20227,2,0,4,123.5,28.5,95.0,152,,
cabozantinib,4,0,4,123.75,39.8269695056001,171.0,106,68.0,150.0
milrinone,1,0,4,124.0,0.0,,124,,
AKT-inhibitor-1-2,4,0,4,124.25,30.34283276162593,157.0,123,76.0,141.0
prothionamide,2,0,4,124.5,15.5,140.0,109,,
WH-4-025,4,0,4,125.25,20.837166314064877,117.0,161,114.0,109.0
BMS-345541,4,0,4,126.25,22.331312097590683,142.0,89,145.0,129.0
BX-912,4,0,4,127.5,45.5,112.0,205,89.0,104.0
IOX2,1,0,4,128.0,0.0,,128,,
nintedanib,4,0,4,128.75,44.75698269544094,89.0,190,153.0,83.0
GSK-1070916,4,0,4,129.0,28.8704000665041,149.0,80,151.0,136.0
LY2603618,4,0,4,129.75,45.963980462966866,166.0,155,51.0,147.0
BIX-01294,4,0,4,131.5,25.937424698685874,133.0,171,99.0,123.0
(+)-JQ1,4,0,4,132.0,22.102036105300343,128.0,169,112.0,119.0
harpagoside,1,0,4,132.0,0.0,,132,,
AZD7762,4,0,4,132.5,27.207535720825582,127.0,107,178.0,118.0
VE821,4,0,4,133.0,138.7984149765407,36.0,370,92.0,34.0
fu jmbii127b,1,0,4,133.0,0.0,,133,,
XMD-892,4,0,4,134.5,102.04288314233384,99.0,307,41.0,91.0
KU-55933,4,0,4,135.5,14.378803844548406,154.0,114,134.0,140.0
rf 01079,1,0,4,137.0,0.0,,137,,
tozasertib,4,0,4,137.5,12.698425099200294,146.0,119,152.0,133.0
baccatin iii,1,0,4,138.0,0.0,,138,,
norcyclobenzaprine,2,0,4,138.0,26.0,164.0,112,,
imatinib,4,0,4,138.75,39.56245063188073,129.0,101,205.0,120.0
A443654,4,0,4,139.5,11.926860441876563,150.0,121,150.0,137.0
naloxone benzoylhydrazone,1,0,4,141.0,0.0,,141,,
GDC-0879,4,0,4,142.0,15.443445211480501,136.0,140,167.0,125.0
ncgc00183691-01,1,0,4,142.0,0.0,,142,,
I-BET,4,0,4,143.25,16.315253599009733,148.0,167,123.0,135.0
cuneatin methyl ether,1,0,4,145.0,0.0,,145,,
BRD-K16331660,1,0,4,146.0,0.0,,146,,
BRD-K88708949,2,0,4,148.0,26.0,174.0,122,,
jas07 005,1,0,4,148.0,0.0,,148,,
QL-X-138,4,0,4,149.25,46.687123492457744,214.0,115,96.0,172.0
celastrol,4,0,4,149.25,58.836107111194906,118.0,251,118.0,110.0
XMD16-144,4,0,4,149.5,47.82520256099288,145.0,95,226.0,132.0
BRD-K55127335,3,0,4,150.0,49.25444142409901,200.0,83,,167.0
"tiratricol, 3,3',5-triiodothyroacetic acid",1,0,4,151.0,0.0,,151,,
ncgc00188773-01,1,0,4,154.0,0.0,,154,,
PHA-665752,4,0,4,155.0,46.39504283864818,141.0,117,234.0,128.0
SB-239063,3,0,4,155.0,73.6115932898254,107.0,259,,99.0
ncgc00183226-01,3,0,4,155.66666666666666,7.760297817881877,165.0,156,,146.0
AZ20,4,0,4,156.5,51.96392979750473,198.0,193,69.0,166.0
tanespimycin,4,0,4,159.0,19.44222209522358,163.0,139,189.0,145.0
XMD-1150,4,0,4,159.25,140.3235101470883,102.0,399,42.0,94.0
bosutinib,4,0,4,160.0,80.52018380505598,189.0,256,34.0,161.0
QL-XII-47,4,0,4,160.5,10.781929326423912,176.0,149,165.0,152.0
tivozanib,4,0,4,161.25,70.88150322898069,94.0,227,237.0,87.0
ncgc00183260-01,1,0,4,164.0,0.0,,164,,
GSK-1059615,4,0,4,170.0,22.4610774452162,178.0,203,146.0,153.0
radicicol,4,0,4,170.5,38.92621224830384,152.0,237,155.0,138.0
linifanib,4,0,4,170.75,23.85765076448224,209.0,144,161.0,169.0
BRD-K78596368,1,0,4,172.0,0.0,,172,,
BRD-K41845021,1,0,4,173.0,0.0,,173,,
BRD-K09485525,1,0,4,175.0,0.0,,175,,
KIN001-265,4,0,4,175.25,87.30514016940812,115.0,323,156.0,107.0
UNC669,1,0,4,176.0,0.0,,176,,
regorafenib,4,0,4,176.75,88.84642648975816,303.0,116,74.0,214.0
cc-100,1,0,4,177.0,0.0,,177,,
quizartinib,4,0,4,177.75,58.717012015258405,153.0,279,140.0,139.0
AZD-6482,4,0,4,179.0,77.48225603323641,278.0,170,63.0,205.0
BRD-K24861700,2,0,4,179.0,11.0,190.0,168,,
methiazole,1,0,4,179.0,0.0,,179,,
xylazine,1,0,4,180.0,0.0,,180,,
tyrphostin-AG-1478,3,0,4,180.33333333333334,84.6968450153579,125.0,300,,116.0
barasertib,4,0,4,180.75,84.55286807672464,139.0,130,327.0,127.0
st001903,1,0,4,181.0,0.0,,181,,
KIN001-260;,1,0,4,182.0,0.0,,182,,
(-)-cotinine,2,0,4,184.5,49.5,234.0,135,,
ncgc00183218-01,1,0,4,185.0,0.0,,185,,
hts 13363,1,0,4,186.0,0.0,,186,,
BRD-K37021324,2,0,4,186.5,24.5,211.0,162,,
BRD-K00541156,1,0,4,187.0,0.0,,187,,
ON-01910,4,0,4,187.25,48.67430020041377,179.0,147,269.0,154.0
CYT387,4,0,4,188.25,41.33022501753408,184.0,257,154.0,158.0
ncgc00183255-01,4,0,4,188.25,58.311126725522975,221.0,100,256.0,176.0
unc0321,4,0,4,188.75,54.04801106423806,173.0,150,281.0,151.0
ncgc00188700-01,3,0,4,189.0,15.297058540778355,204.0,195,,168.0
taxol,3,0,4,189.66666666666666,19.430788855719562,194.0,211,,164.0
bromocriptine mesylate,2,0,4,190.0,6.0,196.0,184,,
BRD-K22546959,1,0,4,191.0,0.0,,191,,
am580,3,0,4,191.0,29.676028485406647,231.0,160,,182.0
BRD-A76019558,1,0,4,192.0,0.0,,192,,
PHA-767491,4,0,4,195.25,121.79362668054516,126.0,406,132.0,117.0
gw 5074,3,0,4,195.66666666666666,64.66494843078092,172.0,131,284.0,
bh3i-1,3,0,4,196.0,27.28858125052797,205.0,159,224.0,
loxapine succinate,1,0,4,196.0,0.0,,196,,
rg-14620,1,0,4,198.0,0.0,,198,,
su 4312,2,0,4,198.5,20.5,219.0,178,,
I-BET151,4,0,4,199.0,23.62202362203543,215.0,229,179.0,173.0
podophyllotoxin,1,0,4,199.0,0.0,,199,,
np-004102,2,0,4,199.5,0.5,199.0,200,,
bms 191011,3,0,4,201.33333333333334,62.098488083223266,279.0,127,198.0,
KIN001-266,2,0,4,201.5,0.5,202.0,201,,
KIN001-244,3,0,4,201.66666666666666,43.70608907489004,259.0,153,,193.0
BRD-U44700465,1,0,4,206.0,0.0,,206,,
primaquine diphosphate,4,0,4,207.25,40.158280590682665,212.0,271,176.0,170.0
tivantinib,4,0,4,207.5,59.457968347396466,170.0,207,304.0,149.0
s1064,1,0,4,209.0,0.0,,209,,
AS-601245,4,0,4,210.5,31.925694980689144,258.0,219,173.0,192.0
tetrindole mesylate,4,0,4,210.5,50.47028828924994,213.0,292,166.0,171.0
g3420,2,0,4,213.5,7.5,206.0,221,,
gw 9508,2,0,4,213.5,3.5,217.0,210,,
tipifarnib-p1,1,0,4,214.0,0.0,,214,,
"l-ornithine, n5-[imino(methylamino)methyl]-[cas]",1,0,4,216.0,0.0,,216,,
BRD-K89843224,1,0,4,217.0,0.0,,217,,
AST1306,4,0,4,218.0,162.98312796114817,143.0,499,100.0,130.0
BRD-U04166717,1,0,4,218.0,0.0,,218,,
BRD-K11795542,3,0,4,219.33333333333334,70.6462234580794,307.0,134,,217.0
fomepizole,1,0,4,220.0,0.0,,220,,
roscovitine,4,0,4,220.0,44.760473634670134,191.0,267,260.0,162.0
mls-0435526.0001,1,0,4,222.0,0.0,,222,,
BRD-K65242613,1,0,4,223.0,0.0,,223,,
BRD-K06009608,4,0,4,224.5,54.536684901082864,241.0,166,306.0,185.0
dppe fumarate,1,0,4,225.0,0.0,,225,,
BRD-A81541225,3,0,4,225.66666666666666,25.837096500101467,253.0,233,,191.0
BRD-K25979535,2,0,4,226.0,13.0,239.0,213,,
psh 024,2,0,4,226.0,14.0,240.0,212,,
BRD-U74615290,3,0,4,226.33333333333334,42.279493321887806,207.0,285,187.0,
mycophenolic acid,4,0,4,227.5,46.89083066016212,229.0,303,197.0,181.0
st638,2,0,4,228.5,5.5,223.0,234,,
nilotinib,4,0,4,229.5,122.45917687131495,243.0,414,75.0,186.0
sr 57227 hydrochloride,1,0,4,230.0,0.0,,230,,
ftorafur,1,0,4,231.0,0.0,,231,,
ncgc00242557-01,2,0,4,233.5,13.5,220.0,247,,
"n,n-hexamethyleneamiloride",1,0,4,235.0,0.0,,235,,
azacitidine,4,0,4,235.25,84.37527777732053,261.0,357,129.0,194.0
RAF 265,4,0,4,236.5,113.23978982672125,182.0,432,175.0,157.0
"reichstein/c,aeos substance/c-*s",2,0,4,237.0,74.0,311.0,163,,
BRD-A68739437,1,0,4,239.0,0.0,,239,,
BRD-K90543092,1,0,4,241.0,0.0,,241,,
KIN001-055,2,0,4,243.0,10.0,233.0,253,,
st4049616,2,0,4,244.5,20.5,265.0,224,,
BRD-K71142328,1,0,4,245.0,0.0,,245,,
BRD-K97274161,1,0,4,246.0,0.0,,246,,
losartan,1,0,4,248.0,0.0,,248,,
ncgc00238536-01,2,0,4,248.0,51.0,197.0,299,,
cosmosiin,2,0,4,249.0,5.0,244.0,254,,
JW55,2,0,4,250.5,137.5,388.0,113,,
pelitinib,4,0,4,252.25,190.93634410452086,169.0,581,111.0,148.0
GW-5074,3,0,4,253.0,232.0474089491197,21.0,570,168.0,
ncgc00012588-02,3,0,4,253.0,14.165686240583852,272.0,238,249.0,
bulleyaconitine a,2,0,4,255.0,19.0,274.0,236,,
np-002491,3,0,4,255.0,37.95611501018863,306.0,215,244.0,
ncgc00167094-01,4,0,4,258.75,80.7352927783135,250.0,393,203.0,189.0
BRD-K47448802,1,0,4,261.0,0.0,,261,,
quinidine gluconate,1,0,4,262.0,0.0,,262,,
daunorubicin hydrochloride,4,0,4,266.0,56.38705525207004,361.0,244,213.0,246.0
BRD-K50387473,3,0,4,267.3333333333333,38.784303812524755,301.0,288,,213.0
psb 36,1,0,4,268.0,0.0,,268,,
naltrexone hydrochloride,3,0,4,269.6666666666667,138.449348941128,138.0,461,210.0,
piperacetazine,1,0,4,270.0,0.0,,270,,
TPCA-1,4,0,4,271.0,54.4288526426931,262.0,348,279.0,195.0
torasemide,1,0,4,275.0,0.0,,275,,
BRD-K74486276,1,0,4,277.0,0.0,,277,,
olaparib,4,0,4,278.0,175.25552773022596,188.0,183,581.0,160.0
e3380,4,0,4,278.75,59.767779781417346,293.0,369,242.0,211.0
e0886,2,0,4,279.5,49.5,230.0,329,,
thiazolopyrimidine,4,0,4,279.5,66.34945365261119,266.0,383,271.0,198.0
BRD-K14328427,1,0,4,280.0,0.0,,280,,
pyrimethamine,1,0,4,281.0,0.0,,281,,
tranilast,2,0,4,281.5,3.5,285.0,278,,
MK-1775,4,0,4,281.75,130.13718722947718,371.0,421,83.0,252.0
"androsta-1,4-dien-3,17-dione",3,0,4,282.3333333333333,57.09251750935104,245.0,363,239.0,
purmorphamine,1,0,4,284.0,0.0,,284,,
bml-259,4,0,4,284.5,92.39182864301367,263.0,439,240.0,196.0
ZM-447439,4,0,4,285.75,196.0833687491114,185.0,625,174.0,159.0
sb 366791,1,0,4,287.0,0.0,,287,,
JNK-IN-5A,4,0,4,287.75,125.91936904225656,227.0,243,502.0,179.0
BRD-A80383043,1,0,4,289.0,0.0,,289,,
k3644,1,0,4,290.0,0.0,,290,,
BRD-K65983740,1,0,4,291.0,0.0,,291,,
thiothixene,3,0,4,294.3333333333333,141.52110168530425,216.0,493,,174.0
brivanib,4,0,4,294.75,122.96620470682178,382.0,111,428.0,258.0
BRD-K56477805,1,0,4,295.0,0.0,,295,,
BRD-A84327315,2,0,4,296.0,5.0,291.0,301,,
BRD-K31851742,3,0,4,296.3333333333333,78.13805446487362,283.0,208,398.0,
amperozide,1,0,4,297.0,0.0,,297,,
hyperoside,2,0,4,298.0,60.0,238.0,358,,
BRD-U00779237,4,0,4,301.75,45.98029469240057,325.0,308,348.0,226.0
rondual-kinase-inhibitor,1,0,4,302.0,0.0,,302,,
BRD-K81927853,1,0,4,304.0,0.0,,304,,
chelidonine (+),4,0,4,304.0,73.84781648769312,389.0,360,206.0,261.0
parbendazole,3,0,4,304.0,134.62045411699765,236.0,492,,184.0
BRD-K33164466,1,0,4,305.0,0.0,,305,,
dihydro-beta-tubaic acid,2,0,4,305.0,63.0,242.0,368,,
ncgc00167107-01,2,0,4,305.5,29.5,276.0,335,,
CP466722,4,0,4,306.0,67.50925862428056,414.0,232,305.0,273.0
BRD-K36055864 (cycloheximide),4,0,4,306.25,48.27719440895463,326.0,315,357.0,227.0
BRD-K92107474,2,0,4,307.0,25.0,282.0,332,,
fenofibrate,2,0,4,307.5,97.5,210.0,405,,
tibolone,1,0,4,309.0,0.0,,309,,
aloisine,1,0,4,310.0,0.0,,310,,
MLN-8054,4,0,4,310.25,191.3627118850483,573.0,252,45.0,371.0
BRD-K64835161,1,0,4,311.0,0.0,,311,,
ncgc00012852-02,1,0,4,312.0,0.0,,312,,
triptolide,4,0,4,312.25,143.94334823117043,275.0,557,214.0,203.0
ifenprodil tartrate,1,0,4,313.0,0.0,,313,,
metoclopramide monohydrochloride,1,0,4,314.0,0.0,,314,,
dcebio,1,0,4,316.0,0.0,,316,,
tubocurarine chloride pentahydrate (+),2,0,4,316.0,46.0,270.0,362,,
BRD-K42021584,1,0,4,317.0,0.0,,317,,
BRD-K93443135,3,0,4,317.0,125.3501761732574,264.0,490,,197.0
BRD-K12105018,3,0,4,317.6666666666667,83.0475098295481,203.0,353,397.0,
bucladesine,2,0,4,318.5,125.5,193.0,444,,
stk222600,1,0,4,319.0,0.0,,319,,
1391-0741,2,0,4,319.5,71.5,248.0,391,,
carbazol-9-yl-p-tolyl-methanone,3,0,4,322.0,87.65082239583761,312.0,434,,220.0
olomoucine,1,0,4,322.0,0.0,,322,,
ncgc00187945-01,3,0,4,322.6666666666667,106.73747649672484,292.0,466,,210.0
BRD-K05197617,4,0,4,324.0,56.95173395077625,363.0,392,294.0,247.0
kuc103428n,1,0,4,324.0,0.0,,324,,
BRD-K71574320,1,0,4,326.0,0.0,,326,,
methylergometrine maleate,1,0,4,327.0,0.0,,327,,
PF-477736,4,0,4,328.0,111.42710621747295,392.0,472,184.0,264.0
BRD-K34966483,2,0,4,329.0,36.0,365.0,293,,
mirtazapine,1,0,4,330.0,0.0,,330,,
chlorambucil,3,0,4,330.3333333333333,93.49628631959429,254.0,462,275.0,
BRD-K60219430,4,0,4,330.75,290.0735898009331,192.0,832,136.0,163.0
BRD-K08316444,3,0,4,331.0,127.47548783981962,281.0,506,,206.0
BRD-K57592392,1,0,4,331.0,0.0,,331,,
BRD-K58853583,4,0,4,331.0,63.45470825714984,345.0,325,416.0,238.0
BRD-K00313977,4,0,4,332.5,87.17941270735884,332.0,469,300.0,229.0
sb 221284,1,0,4,333.0,0.0,,333,,
"9-amino-1,2,3,4-tetrahydroacridine",1,0,4,334.0,0.0,,334,,
BRD-K31754360,2,0,4,335.5,75.5,411.0,260,,
BRD-K89558221,3,0,4,335.6666666666667,224.4539051911451,135.0,649,223.0,
buparlisib,4,0,4,336.25,70.41439838555748,340.0,433,338.0,234.0
hy-11001,4,0,4,336.25,105.91594544732158,450.0,417,182.0,296.0
idarubicin hcl,4,0,4,337.5,92.51351252654933,342.0,484,288.0,236.0
apoptosis activator 2,1,0,4,338.0,0.0,,338,,
BRD-U33728988,4,0,4,338.25,84.11116156610845,321.0,459,350.0,223.0
vesamicol,1,0,4,341.0,0.0,,341,,
cefotaxime,2,0,4,341.5,7.5,334.0,349,,
BRD-K45542213,1,0,4,342.0,0.0,,342,,
BRD-K86269644,1,0,4,343.0,0.0,,343,,
AZD-1480,2,0,4,343.5,222.5,121.0,566,,
"vegf receptor 3 kinase inhibitor, maz51",2,0,4,344.5,14.5,330.0,359,,
BRD-K60067222,1,0,4,345.0,0.0,,345,,
gamma-linolenic acid (18:3 n-6),2,0,4,346.5,17.5,329.0,364,,
ei-148,1,0,4,347.0,0.0,,347,,
deacetoxy-7-oxisogedunin,2,0,4,348.5,147.5,201.0,496,,
lamivudine,1,0,4,350.0,0.0,,350,,
naproxol,3,0,4,350.6666666666667,151.46029916193294,351.0,165,536.0,
BRD-K00028814,3,0,4,351.0,67.4438037677789,257.0,384,412.0,
BRD-K49094915,1,0,4,351.0,0.0,,351,,
atpa,1,0,4,352.0,0.0,,352,,
ncgc00185684-02,4,0,4,352.25,88.12030129317534,502.0,286,291.0,330.0
dacomitinib,4,0,4,358.0,164.66329281293994,448.0,564,126.0,294.0
glipizide,2,0,4,358.5,41.5,317.0,400,,
vu0410183-2,4,0,4,358.5,107.99421280790929,464.0,458,208.0,304.0
vu0418939-2,4,0,4,360.25,57.54291876504006,403.0,356,414.0,268.0
BRD-A93015352,1,0,4,361.0,0.0,,361,,
pi 828,4,0,4,362.0,179.54108164985527,335.0,663,219.0,231.0
fosfosal,2,0,4,363.5,208.5,155.0,572,,
BRD-K06623064,1,0,4,365.0,0.0,,365,,
itavastatin ca,4,0,4,366.5,103.95792418089157,515.0,226,389.0,336.0
BRD-K67870070,3,0,4,366.6666666666667,120.12863475828271,521.0,228,351.0,
BRD-K12238169,1,0,4,367.0,0.0,,367,,
Y-39983,4,0,4,368.0,100.7993055531634,424.0,505,264.0,279.0
sunitinib,4,0,4,369.0,161.0543386562436,235.0,530,528.0,183.0
BRD-K97534490,4,0,4,369.5,111.95646475304586,421.0,528,252.0,277.0
tw 37,4,0,4,371.0,240.68444071023785,322.0,776,162.0,224.0
diflorasone diacetate,3,0,4,371.6666666666667,85.605036196606,387.0,468,,260.0
triflupromazine hydrochloride,3,0,4,371.6666666666667,215.22752818561312,251.0,674,,190.0
ite,1,0,4,372.0,0.0,,372,,
BRD-K74980345,1,0,4,373.0,0.0,,373,,
GSK-429286A,2,0,4,377.0,180.0,557.0,197,,
gsk2334470,1,0,4,377.0,0.0,,377,,
BRD-A62809825,4,0,4,377.75,97.83244604935523,510.0,420,247.0,334.0
BRD-K44241590,1,0,4,378.0,0.0,,378,,
pregnenolone succinate,1,0,4,380.0,0.0,,380,,
BRD-K81814927,4,0,4,380.5,138.5830076163741,357.0,610,312.0,243.0
naloxone hydrochloride,1,0,4,381.0,0.0,,381,,
BRD-K55116708,3,0,4,381.6666666666667,128.97631134781645,353.0,552,,240.0
chelerythrine chloride,3,0,4,382.0,100.0233306117461,383.0,504,,259.0
thioproperazine dimesylate,3,0,4,382.0,45.9782557302906,393.0,321,432.0,
s1169,2,0,4,382.5,43.5,426.0,339,,
sertraline,2,0,4,383.0,29.0,412.0,354,,
at-mlpcn csc-006,4,0,4,383.75,298.9476333741413,267.0,898,171.0,199.0
ntncb hydrochloride,3,0,4,384.6666666666667,180.70294838644872,304.0,635,,215.0
dc-45-a2,1,0,4,385.0,0.0,,385,,
fostamatinib,4,0,4,385.75,241.86605280609348,284.0,250,802.0,207.0
fentiazac,1,0,4,386.0,0.0,,386,,
BRD-A47832959,1,0,4,387.0,0.0,,387,,
BRD-K52911425,3,0,4,387.0,264.44785245236284,224.0,760,,177.0
linolenic acid (18:3 n-3),1,0,4,388.0,0.0,,388,,
BRD-K96433222,2,0,4,388.5,44.5,433.0,344,,
BRD-K89329876,2,0,4,389.5,157.5,232.0,547,,
calyculin a,3,0,4,390.3333333333333,93.98699673654626,404.0,498,,269.0
NPK76-II-72-1,4,0,4,391.0,241.83568801977924,162.0,569,689.0,144.0
c3930,4,0,4,391.0,120.4927383704097,536.0,463,218.0,347.0
thapsigargin,4,0,4,392.25,87.02406276427227,434.0,340,511.0,284.0
epitestosterone,2,0,4,393.5,54.5,339.0,448,,
hy-11009,4,0,4,393.75,105.81440119378836,493.0,501,258.0,323.0
gw 311616 hydrochloride,1,0,4,394.0,0.0,,394,,
h 89 dihydrochloride,4,0,4,394.25,177.34482653858274,249.0,556,584.0,188.0
(+)-3-hydroxy-n-methylmorphinan d-tartrate,1,0,4,395.0,0.0,,395,,
mrs 1334,2,0,4,395.0,100.0,295.0,495,,
BRD-K92754162,1,0,4,396.0,0.0,,396,,
cercosporin,4,0,4,396.25,182.1323351302563,422.0,681,204.0,278.0
BRD-K20123385,1,0,4,397.0,0.0,,397,,
BRD-K85853281,4,0,4,397.0,285.24726116125987,341.0,875,137.0,235.0
pifithrin- a hydrobromide,1,0,4,398.0,0.0,,398,,
cid 755673,2,0,4,398.5,32.5,366.0,431,,
a112550.cdx,4,0,4,399.25,141.34775378477013,313.0,585,478.0,221.0
s1222,2,0,4,399.5,123.5,523.0,276,,
WZ-7043,1,0,4,401.0,0.0,,401,,
cerivastatin na,3,0,4,401.0,110.23611023616536,399.0,537,,267.0
12k-613s,1,0,4,404.0,0.0,,404,,
u 18666a,3,0,4,404.3333333333333,82.09885640020951,444.0,479,,290.0
methylene blue,4,0,4,404.5,87.12777972610114,469.0,511,330.0,308.0
KIN001-043,4,0,4,406.0,521.3564040078534,108.0,1309,107.0,100.0
vu0415533-1,2,0,4,406.0,112.0,294.0,518,,
XMD11-85H,4,0,4,406.75,381.36293409297133,273.0,1058,94.0,202.0
nomegestrol acetate,1,0,4,407.0,0.0,,407,,
GSK-1904529A,4,0,4,408.75,246.84243456099682,449.0,782,109.0,295.0
mefexamide hydrochloride,1,0,4,409.0,0.0,,409,,
BRD-K08448573,4,0,4,409.5,262.88543131942475,226.0,844,390.0,178.0
cgp 53353,1,0,4,410.0,0.0,,410,,
"ly-165,163",2,0,4,410.0,90.0,320.0,500,,
pp-30,4,0,4,410.5,214.85867448162293,338.0,294,777.0,233.0
BRD-K15885023,2,0,4,411.0,1.0,410.0,412,,
pd 102807,1,0,4,411.0,0.0,,411,,
BRD-K38615104,4,0,4,411.25,72.20240646959076,445.0,482,427.0,291.0
BRD-K25536815,3,0,4,412.0,220.1105782707107,268.0,723,245.0,
mebendazole,4,0,4,413.25,292.07479778303366,298.0,916,227.0,212.0
ag14361,4,0,4,414.0,145.8372380429635,556.0,540,199.0,361.0
dmeob,2,0,4,414.5,59.5,355.0,474,,
BRD-A18763547,4,0,4,414.75,338.0675783035102,269.0,998,192.0,200.0
niridazole,2,0,4,415.5,190.5,225.0,606,,
etoposide,4,0,4,415.75,151.72899360372756,405.0,665,323.0,270.0
orlistat,1,0,4,416.0,0.0,,416,,
rhodomyrtoxin b,4,0,4,416.25,360.87627727519026,195.0,1038,267.0,165.0
temsirolimus [ci779],4,0,4,417.75,106.17762240698367,391.0,464,553.0,263.0
anpirtoline hydrochloride,1,0,4,418.0,0.0,,418,,
BRD-A16820783,2,0,4,418.5,241.5,177.0,660,,
reserpine,2,0,4,418.5,181.5,237.0,600,,
"betamethasone 17,21-dipropionate",2,0,4,419.0,155.0,574.0,264,,
"hydroxytacrine maleate (r,s)",1,0,4,419.0,0.0,,419,,
BRD-A07614565,2,0,4,421.5,32.5,454.0,389,,
BRD-K00366212,1,0,4,422.0,0.0,,422,,
mls-0315872.0001,1,0,4,423.0,0.0,,423,,
gitoxigenin,4,0,4,423.5,181.97046463643488,428.0,719,266.0,281.0
gr-109,1,0,4,425.0,0.0,,425,,
bisacodyl,4,0,4,425.25,229.85797245255603,286.0,402,805.0,208.0
fenbendazole,2,0,4,425.5,137.5,288.0,563,,
"stat3 inhibitor vi, s31-201",2,0,4,425.5,12.5,413.0,438,,
BRD-A75931230,2,0,4,426.0,267.0,159.0,693,,
BRD-K27151060,2,0,4,426.5,71.5,498.0,355,,
BRD-A96272097,1,0,4,427.0,0.0,,427,,
azacyclonol,1,0,4,429.0,0.0,,429,,
ethyl-beta-carboline-3-carboxylate,3,0,4,429.0,74.4222189044822,495.0,467,,325.0
BRD-K50659736,1,0,4,430.0,0.0,,430,,
BRD-K03829970,4,0,4,430.25,177.20521295943863,456.0,709,257.0,299.0
geldanamycin,4,0,4,430.25,266.1666536213731,343.0,886,255.0,237.0
cccp,4,0,4,431.5,169.19589238512856,416.0,711,325.0,274.0
ncgc00165199-01,4,0,4,431.75,261.87150952327744,271.0,871,384.0,201.0
BRD-K32501161,3,0,4,432.6666666666667,134.3064489226866,418.0,604,,276.0
s1057,4,0,4,433.0,300.6301714731906,246.0,943,356.0,187.0
hinokitiol,4,0,4,435.5,374.71088855276145,228.0,1083,251.0,180.0
s1095,3,0,4,435.6666666666667,118.83976139697053,440.0,579,,288.0
BRD-A27640568,2,0,4,436.0,90.0,526.0,346,,
"mapp, d-erythro",2,0,4,437.0,114.0,323.0,551,,
phenolphthalein,2,0,4,437.0,109.0,328.0,546,,
GSK-690693,4,0,4,437.25,153.89667800183344,346.0,531,633.0,239.0
taxifolin-(+/-),3,0,4,438.3333333333333,144.1118392854044,438.0,615,262.0,
lovastatin,4,0,4,439.0,169.0591612424479,368.0,428,710.0,250.0
emetine dihydrochloride hydrate (74),4,0,4,439.75,100.89939296150399,485.0,580,377.0,317.0
hy-50878,4,0,4,439.75,158.03065367200125,370.0,683,455.0,251.0
u-74389g,1,0,4,440.0,0.0,,440,,
tremulacin,1,0,4,441.0,0.0,,441,,
calpeptin,2,0,4,442.0,123.0,319.0,565,,
np-010914,1,0,4,443.0,0.0,,443,,
BRD-K85123403,2,0,4,444.0,65.0,379.0,509,,
oxaprozin,2,0,4,444.5,69.5,514.0,375,,
BRD-K16541732,2,0,4,445.0,270.0,175.0,715,,
BRD-K24014699,1,0,4,445.0,0.0,,445,,
BRD-K39944607,4,0,4,445.5,117.29982949689227,637.0,318,419.0,408.0
hy-50940,4,0,4,446.0,82.75868534480233,563.0,485,371.0,365.0
tomoxetine hydrochloride,1,0,4,446.0,0.0,,446,,
BRD-K72817452,2,0,4,447.5,225.5,222.0,673,,
CC-401,4,0,4,448.0,247.53282610595306,310.0,862,401.0,219.0
bms-754807,4,0,4,448.75,265.85839746000124,354.0,904,296.0,241.0
everolimus,3,0,4,449.6666666666667,358.4618374233007,218.0,956,,175.0
bl-077,3,0,4,450.0,82.59539938761722,561.0,426,,363.0
ethopropazine hydrochloride,1,0,4,451.0,0.0,,451,,
BRD-K54256913,4,0,4,451.25,305.8008951916263,367.0,972,217.0,249.0
THZ-2-98-01,4,0,4,453.0,253.25382524258148,622.0,726,65.0,399.0
fluphenazine dihydrochloride,1,0,4,453.0,0.0,,453,,
s1205,4,0,4,454.0,232.82504160850053,381.0,850,328.0,257.0
BRD-K18724229,3,0,4,454.3333333333333,172.29690137150527,407.0,685,,271.0
dy131,2,0,4,454.5,31.5,423.0,486,,
h-9 dihydrochloride,3,0,4,455.0,144.14807201855552,439.0,639,,287.0
dequalinium dichloride,1,0,4,456.0,0.0,,456,,
bx-795,4,0,4,456.5,274.157345332931,394.0,921,246.0,265.0
metaxalone,2,0,4,456.5,104.5,352.0,561,,
trimeprazine tartrate,2,0,4,459.5,61.5,398.0,521,,
BRD-A50388635,1,0,4,460.0,0.0,,460,,
dl-pdmp,4,0,4,460.5,167.51492470821816,442.0,735,376.0,289.0
doxorubicin,4,0,4,462.25,69.49955035825772,539.0,470,490.0,350.0
ku 0060648 trihydrochloride,4,0,4,464.0,175.68579908461584,511.0,730,280.0,335.0
paclitaxel,2,0,4,464.5,158.5,623.0,306,,
tgx-115,4,0,4,464.75,168.64663500941845,358.0,626,631.0,244.0
BRD-K24031526,1,0,4,465.0,0.0,,465,,
BRD-K00627859,2,0,4,466.5,151.5,315.0,618,,
epirubicin hydrochloride,4,0,4,468.25,157.34734665700594,437.0,720,430.0,286.0
nizatidine,2,0,4,468.5,72.5,396.0,541,,
ncgc00187898-02,3,0,4,468.6666666666667,105.36391960987194,347.0,455,604.0,
BRD-K88551539,2,0,4,470.0,120.0,350.0,590,,
cladribine,4,0,4,470.0,147.65331015591894,482.0,704,379.0,315.0
roxatidine acetate hcl,2,0,4,470.0,73.0,397.0,543,,
bl-081,3,0,4,470.3333333333333,179.57418770215526,429.0,274,708.0,
AZD-7762,4,0,4,471.25,89.38784872677046,501.0,480,575.0,329.0
daunorubicin,4,0,4,471.25,93.74266637982942,633.0,424,424.0,404.0
GSK-461364,4,0,4,472.0,233.42986098612147,277.0,725,682.0,204.0
SYK-inhibitor,4,0,4,473.75,409.50358667537944,308.0,1179,190.0,218.0
BRD-K83670234,4,0,4,475.0,99.10095862301232,604.0,538,368.0,390.0
BRD-K12184916,4,0,4,475.5,98.09306805274265,543.0,596,411.0,352.0
mycophenolate mofetil,1,0,4,476.0,0.0,,476,,
BRD-K01896723,4,0,4,476.75,166.9945732651214,451.0,749,410.0,297.0
salermide,4,0,4,477.75,285.5848166482245,431.0,957,241.0,282.0
BRD-K71382703,2,0,4,478.0,5.0,473.0,483,,
yo-2,1,0,4,478.0,0.0,,478,,
BRD-K01614657,4,0,4,479.0,227.37853900489378,554.0,806,196.0,360.0
doxorubicin hydrochloride,4,0,4,480.5,269.03391979451214,356.0,937,387.0,242.0
cay10618,4,0,4,483.25,237.7103016278428,435.0,884,329.0,285.0
quinacrine dihydrochloride dihydrate,4,0,4,483.75,142.31545067208972,487.0,707,423.0,318.0
BRD-K58479490,2,0,4,484.0,297.0,187.0,781,,
akti-1/2,4,0,4,484.25,138.10209086034868,529.0,376,690.0,342.0
niguldipine,4,0,4,485.5,326.13072532345063,359.0,1046,292.0,245.0
t 98475,3,0,4,485.6666666666667,248.59248223190946,299.0,837,321.0,
nutlin-3,4,0,4,486.5,314.4403759061485,390.0,1024,270.0,262.0
BRD-K23582869,1,0,4,488.0,0.0,,488,,
skf 96365 hydrochloride,3,0,4,488.0,135.54581021435766,490.0,653,,321.0
pimozide,3,0,4,488.6666666666667,259.33290488396483,420.0,835,211.0,
BRD-K39866321,1,0,4,491.0,0.0,,491,,
r(+)-skf-81297,2,0,4,493.5,133.5,360.0,627,,
enzastaurin,4,0,4,493.75,592.896439102142,122.0,1518,222.0,113.0
jas07 010,1,0,4,494.0,0.0,,494,,
BRD-K35004659,2,0,4,494.5,198.5,693.0,296,,
BRD-K34968258,2,0,4,496.0,207.0,289.0,703,,
BRD-K40175214,4,0,4,496.25,235.53914218235576,460.0,891,333.0,301.0
BRD-A84102390,2,0,4,497.0,228.0,725.0,269,,
BRD-K07005393,3,0,4,497.6666666666667,203.36721029266792,759.0,263,,471.0
clobetasol,3,0,4,498.6666666666667,178.62499514034673,309.0,738,449.0,
BRD-K19724398,4,0,4,499.25,157.5965973617451,483.0,750,448.0,316.0
BRD-K49010888,4,0,4,499.5,209.68130579524728,540.0,283,824.0,351.0
BRD-K18726304,4,0,4,499.75,96.26103832807955,532.0,607,516.0,344.0
BRD-K88569143,3,0,4,500.6666666666667,53.42492135906446,468.0,576,458.0,
BRD-K74126469,2,0,4,501.0,116.0,385.0,617,,
valdecoxib,4,0,4,501.0,200.66514395878522,533.0,816,310.0,345.0
losartan potassium,1,0,4,503.0,0.0,,503,,
bibr1532,4,0,4,503.25,168.3662302838666,470.0,773,461.0,309.0
d-64131,3,0,4,504.3333333333333,193.40860603625913,452.0,763,,298.0
perhexiline maleate,4,0,4,504.5,415.616710443649,331.0,1221,238.0,228.0
w-13 hydrochloride,2,0,4,504.5,206.5,711.0,298,,
r406,4,0,4,505.0,238.39567949105117,516.0,889,278.0,337.0
BRD-K68437527,2,0,4,507.5,27.5,480.0,535,,
sericetin dimethyl ether,1,0,4,508.0,0.0,,508,,
mls-0075347.0001,1,0,4,510.0,0.0,,510,,
fr 122047 hydrochloride,2,0,4,511.0,102.0,409.0,613,,
cgp 57380,4,0,4,511.5,470.77834487155417,305.0,1324,201.0,216.0
bvt 948,4,0,4,512.0,124.6495086231791,727.0,447,422.0,452.0
jfd02227,1,0,4,512.0,0.0,,512,,
er 27319 maleate,4,0,4,512.75,165.91620626087132,447.0,747,564.0,293.0
anafranil,1,0,4,513.0,0.0,,513,,
BRD-K14711204,2,0,4,513.5,83.5,430.0,597,,
BRD-A76641868,1,0,4,514.0,0.0,,514,,
s1030,4,0,4,514.25,146.7896028334432,634.0,682,336.0,405.0
BRD-K73261812,4,0,4,514.5,144.39269372097743,587.0,716,378.0,377.0
BRD-K19410523,1,0,4,515.0,0.0,,515,,
BRD-K53308430,4,0,4,515.25,208.31151552422637,721.0,204,688.0,448.0
BRD-K78385490,4,0,4,515.25,92.92032877686131,589.0,481,612.0,379.0
beclomethasone dipropionate,4,0,4,515.75,232.29977938000715,476.0,905,370.0,312.0
BRD-K08307026,3,0,4,516.0,93.70521152351488,635.0,507,,406.0
BRD-K94841585,1,0,4,516.0,0.0,,516,,
ei-156,4,0,4,518.0,172.75850196155326,459.0,779,534.0,300.0
prednisolone acetate,1,0,4,519.0,0.0,,519,,
mitoxantrone dihydrochloride,4,0,4,519.25,186.05963425740683,497.0,824,429.0,327.0
BRD-K84762162,1,0,4,520.0,0.0,,520,,
inhibitor bec hydrochloride,4,0,4,520.75,349.1263202624517,417.0,1117,274.0,275.0
ncgc00184834-01,4,0,4,521.25,223.6463447052064,395.0,560,864.0,266.0
gliclazide,1,0,4,522.0,0.0,,522,,
hy-11066,3,0,4,522.0,352.3435823170333,324.0,1017,,225.0
s1249,3,0,4,522.6666666666666,114.82547142898605,564.0,638,,366.0
vu0418934-2,2,0,4,523.0,276.0,247.0,799,,
BRD-K62300190,1,0,4,524.0,0.0,,524,,
mls-0391006,2,0,4,524.5,20.5,504.0,545,,
decitabine,1,0,4,525.0,0.0,,525,,
BRD-K17953061,4,0,4,525.25,140.81792322002195,750.0,366,518.0,467.0
ic 261,4,0,4,527.0,245.50967394381834,500.0,936,344.0,328.0
ncs-382,1,0,4,527.0,0.0,,527,,
syk inhibitor,4,0,4,527.0,212.75925361779215,618.0,825,268.0,397.0
dorsomorphin dihydrochloride,4,0,4,527.5,147.54744999490842,676.0,668,341.0,425.0
vu0418946-2,4,0,4,527.5,125.20483217512015,649.0,656,393.0,412.0
BRD-K10554164,1,0,4,529.0,0.0,,529,,
KIN001-220,4,0,4,530.0,528.5499030366007,287.0,1443,181.0,209.0
ncgc00188537-01,1,0,4,532.0,0.0,,532,,
mls-0359128.0001,1,0,4,533.0,0.0,,533,,
clotrimazole,2,0,4,533.5,58.5,592.0,475,,
terfenadine,4,0,4,533.75,333.17215895089436,463.0,1097,272.0,303.0
ncgc00183247-01,1,0,4,536.0,0.0,,536,,
norethynodrel,2,0,4,536.5,10.5,547.0,526,,
meclocycline sulfosalicylate,3,0,4,537.0,384.9909089835759,300.0,1080,231.0,
BRD-K31706415,3,0,4,537.6666666666666,183.53806750160092,505.0,777,,331.0
perphenazine,4,0,4,538.0,220.7860955766916,507.0,408,905.0,332.0
maprotiline hydrochloride,4,0,4,538.5,156.346570157455,691.0,692,340.0,431.0
5-azacytidine,4,0,4,538.75,347.78971735806107,425.0,1134,316.0,280.0
pf 750,4,0,4,540.75,198.04087330649702,475.0,856,521.0,311.0
importazole,4,0,4,541.75,370.3460375108663,494.0,1156,193.0,324.0
BRD-K77480336,1,0,4,542.0,0.0,,542,,
mk-2206,4,0,4,542.0,174.0186771585165,613.0,794,366.0,395.0
vinpocetine,3,0,4,544.3333333333334,263.94485956140323,458.0,902,273.0,
BRD-K47635719 (dexamethasone acetate),2,0,4,544.5,167.5,377.0,712,,
cgp 71683 hydrochloride,4,0,4,544.75,422.77557580825317,333.0,1273,343.0,230.0
atorvastatin,3,0,4,547.6666666666666,262.2839851933185,481.0,265,897.0,
BRD-K23478508 (digoxin),4,0,4,548.0,511.8691238978964,336.0,1430,194.0,232.0
KIN001-270,1,0,4,548.0,0.0,,548,,
enrofloxacin,2,0,4,549.0,231.0,318.0,780,,
bibx 1382 dihydrochloride,3,0,4,549.6666666666666,119.10872717349007,597.0,666,,386.0
BRD-K15916856,1,0,4,550.0,0.0,,550,,
yc-1,3,0,4,551.3333333333334,157.4152329209456,764.0,502,388.0,
BRD-K56196992,3,0,4,552.0,109.30995685053885,698.0,523,,435.0
delta1-hydrocortisone 21-hemisuccinate,3,0,4,553.3333333333334,161.6835042778191,550.0,753,,357.0
thiethylperazine dimalate,2,0,4,554.0,101.0,453.0,655,,
BRD-K95976153,1,0,4,555.0,0.0,,555,,
c1386,2,0,4,555.5,173.5,729.0,382,,
ku-0063794,4,0,4,555.5,128.75849486538743,546.0,702,620.0,354.0
hy-10459,4,0,4,555.75,186.17783836966203,630.0,826,364.0,403.0
tc 2559 difumarate,2,0,4,556.0,85.0,471.0,641,,
cyclosporine,4,0,4,557.0,237.79928511246624,601.0,926,313.0,388.0
BRD-A11702965,4,0,4,557.5,168.2980986226523,491.0,771,646.0,322.0
BRD-K19220233,4,0,4,557.75,107.28088133493311,736.0,544,492.0,459.0
mls-0091943.0001,1,0,4,558.0,0.0,,558,,
BRD-K34363599,4,0,4,558.25,238.18309658747827,408.0,893,660.0,272.0
hy-11005,3,0,4,558.3333333333334,150.4245842791515,569.0,737,,369.0
5-fluorouracil,1,0,4,559.0,0.0,,559,,
pac 1,4,0,4,562.25,97.51249919882066,629.0,651,567.0,402.0
su11652,4,0,4,564.0,398.1840026922227,372.0,1248,383.0,253.0
BRD-A41451487,4,0,4,564.25,318.754901923092,549.0,1087,265.0,356.0
ro 28-1675 ?,4,0,4,567.75,318.0875469112238,479.0,1109,369.0,314.0
tcs 359,1,0,4,568.0,0.0,,568,,
bi 2536,4,0,4,570.25,263.4970350876837,619.0,977,287.0,398.0
indirubin-3-oxime,3,0,4,570.3333333333334,473.64004147547416,160.0,1234,317.0,
BRD-K53414658,4,0,4,570.75,233.2106076060864,664.0,903,295.0,421.0
"camptothecine (s,+)",3,0,4,571.0,399.37284167387577,1127.0,379,207.0,
ncgc00185087-01,2,0,4,571.0,72.0,499.0,643,,
vincristine,3,0,4,571.3333333333334,310.6770384534754,571.0,952,191.0,
pd 166793,2,0,4,571.5,94.5,666.0,477,,
BRD-K99502566,1,0,4,573.0,0.0,,573,,
l-cis-diltiazem,3,0,4,573.0,91.45855163223757,684.0,575,460.0,
lasalocid sodium,3,0,4,573.0,273.7784992775486,465.0,949,,305.0
BRD-K84203638,4,0,4,575.5,92.94756586377075,668.0,623,589.0,422.0
phorbol-12-myristate-13-acetate (pma),4,0,4,576.0,251.99404754874666,531.0,997,433.0,343.0
sb 216763,4,0,4,576.0,369.80805832215174,462.0,1208,332.0,302.0
s6005,2,0,4,577.0,38.0,615.0,539,,
ki 8751,4,0,4,577.25,161.3790181529185,628.0,817,463.0,401.0
pheniramine maleate,1,0,4,578.0,0.0,,578,,
"ingenol 3, 20-dibenzoate",4,0,4,578.25,255.45094930338388,496.0,1005,486.0,326.0
s1527,3,0,4,581.6666666666666,382.343940567768,373.0,1118,,254.0
pha 665752,4,0,4,581.75,367.026140077243,712.0,1088,86.0,441.0
BRD-K83972459,4,0,4,582.0,141.78152206828645,662.0,772,474.0,420.0
s1130,4,0,4,582.5,110.119253539061,739.0,631,498.0,462.0
BRD-K37150847,3,0,4,583.3333333333334,133.38249093823705,402.0,629,719.0,
akt inhibitor x,3,0,4,583.3333333333334,54.73775865179559,625.0,619,506.0,
BRD-U88878891,2,0,4,584.5,247.5,832.0,337,,
BI-2536,4,0,4,585.0,253.0810146968753,509.0,1007,491.0,333.0
psh 013,1,0,4,586.0,0.0,,586,,
pi 103 hydrochloride,4,0,4,586.25,144.57070069692546,565.0,762,651.0,367.0
BRD-K82837433,2,0,4,586.5,33.5,620.0,553,,
benzoxiquine,1,0,4,587.0,0.0,,587,,
cay10594,4,0,4,588.0,193.74338698391747,611.0,894,454.0,393.0
itraconazole,1,0,4,588.0,0.0,,588,,
ncgc00184830-01,4,0,4,589.5,124.23666930500029,741.0,471,683.0,463.0
dup 697,2,0,4,590.5,104.5,486.0,695,,
s1216,4,0,4,591.25,276.261990689997,586.0,1044,359.0,376.0
dactinomycin,4,0,4,592.25,166.17968437808517,647.0,838,473.0,411.0
amsacrine,4,0,4,592.75,293.88124727515367,584.0,1075,337.0,375.0
paroxetine,2,0,4,593.5,193.5,400.0,787,,
s1154,2,0,4,593.5,4.5,598.0,589,,
BRD-K02113016,3,0,4,593.6666666666666,407.21847807889185,401.0,1160,220.0,
amoxicillin crystalline,1,0,4,594.0,0.0,,594,,
racepinephrine hcl,2,0,4,594.5,312.5,907.0,282,,
hydrocortisone valerate,1,0,4,595.0,0.0,,595,,
lawsone,3,0,4,595.3333333333334,81.68367169895231,697.0,592,497.0,
s1053,3,0,4,595.6666666666666,190.20398406856665,858.0,413,,516.0
lfm-a13,1,0,4,598.0,0.0,,598,,
BRD-K87573634,1,0,4,599.0,0.0,,599,,
BRD-K46373671,2,0,4,600.0,103.0,703.0,497,,
BRD-K48803730,1,0,4,601.0,0.0,,601,,
BRD-K10705233,4,0,4,601.25,305.2371004645405,551.0,1114,382.0,358.0
BRD-K07023879,3,0,4,601.3333333333334,355.58808878938686,1082.0,489,233.0,
pronethalol hydrochloride,1,0,4,603.0,0.0,,603,,
verapamil hydrochloride,3,0,4,603.0,190.13854597810163,871.0,450,488.0,
PFI-1,4,0,4,604.75,252.63746258225441,699.0,970,314.0,436.0
troglitazone,3,0,4,605.3333333333334,377.7956531718643,461.0,1123,232.0,
gw 7647,3,0,4,608.0,124.46150676681793,694.0,698,,432.0
BRD-K38625260,3,0,4,608.6666666666666,321.6015478127485,466.0,1054,,306.0
BRD-A25170757,2,0,4,610.0,76.0,686.0,534,,
BRD-K71303366,2,0,4,610.0,320.0,290.0,930,,
tamoxifen citrate,3,0,4,610.0,144.09024949662626,653.0,761,,416.0
gr 127935 hydrochloride,4,0,4,610.25,229.31242334422268,552.0,984,546.0,359.0
BRD-K01868942,3,0,4,610.6666666666666,25.590796956892312,639.0,577,616.0,
BRD-K88198340,4,0,4,610.75,434.6903351812644,612.0,1304,133.0,394.0
siguazodan,1,0,4,611.0,0.0,,611,,
BRD-A15010982,3,0,4,611.6666666666666,191.78865683060843,596.0,854,,385.0
6-azauridine,2,0,4,612.5,160.5,773.0,452,,
prima-1 met,4,0,4,612.5,150.01583249777337,732.0,790,472.0,456.0
ncgc00183696-01,4,0,4,613.25,182.4600983777001,842.0,727,374.0,510.0
ncgc00183401-01,2,0,4,614.0,7.0,607.0,621,,
ym-155,4,0,4,614.0,210.70239675903073,746.0,885,360.0,465.0
BRD-K91145395,4,0,4,614.75,255.094467795756,489.0,1011,639.0,320.0
aminopurvalanol a,4,0,4,615.5,113.64968103782782,731.0,562,714.0,455.0
pipamperone,1,0,4,616.0,0.0,,616,,
4-demethoxydaunorubicin hydrochloride (65),4,0,4,616.25,385.2832561895209,548.0,1264,298.0,355.0
dg-041,4,0,4,616.5,344.7814525173882,640.0,1164,253.0,409.0
isoquercitrin,2,0,4,616.5,180.5,436.0,797,,
BRD-K93605482,2,0,4,617.5,26.5,644.0,591,,
BRD-K23531129,1,0,4,620.0,0.0,,620,,
trimipramine maleate salt,2,0,4,620.0,85.0,535.0,705,,
BRD-K87909389,4,0,4,621.5,223.33550993964215,683.0,961,415.0,427.0
mls-0435541.0001,1,0,4,622.0,0.0,,622,,
vu0415108-1,3,0,4,625.0,403.8869478785699,327.0,1196,352.0,
oxibendazole,2,0,4,625.5,16.5,642.0,609,,
s2004,3,0,4,626.3333333333334,403.4594844040174,427.0,1189,263.0,
finasteride,2,0,4,626.5,242.5,384.0,869,,
BRD-K58972465,1,0,4,628.0,0.0,,628,,
vinblastine sulfate,4,0,4,628.5,208.9802622258858,545.0,925,691.0,353.0
BRD-A05565054,2,0,4,631.5,26.5,658.0,605,,
BRD-K28916077,4,0,4,632.5,246.98228681425718,559.0,1035,574.0,362.0
BRD-K57457519,1,0,4,633.0,0.0,,633,,
BRD-K53780220,3,0,4,633.6666666666666,135.30541583970523,715.0,743,,443.0
jnj 16259685,3,0,4,633.6666666666666,103.71220864595557,708.0,487,706.0,
carvedilol,1,0,4,634.0,0.0,,634,,
ciclopirox ethanolamine,3,0,4,634.0,191.66115934116647,765.0,774,363.0,
nnc 55-0396 dihydrochloride,4,0,4,635.5,226.90141030853025,594.0,1003,562.0,383.0
19-norethindrone,1,0,4,636.0,0.0,,636,,
gr-108,2,0,4,636.0,81.0,555.0,717,,
p8624,4,0,4,636.25,180.48597590948722,590.0,879,696.0,380.0
BRD-K79222491,3,0,4,637.0,132.56193521017514,814.0,602,,495.0
pp-110,4,0,4,638.25,268.81627089891714,608.0,1084,470.0,391.0
BRD-K13810148,4,0,4,641.75,170.65517132510226,735.0,874,500.0,458.0
calcipotriene,1,0,4,642.0,0.0,,642,,
mst- 312,4,0,4,643.5,328.2533320470639,780.0,1095,216.0,483.0
tramadol,1,0,4,644.0,0.0,,644,,
tg101348,4,0,4,645.0,338.0806116889876,650.0,1193,324.0,413.0
BRD-K72238567,4,0,4,645.25,170.26064577582218,861.0,758,444.0,518.0
ei-293,4,0,4,646.0,170.63997187060247,710.0,890,544.0,440.0
ABT-737,3,0,4,647.0,700.074281773013,161.0,1637,,143.0
brompheniramine maleate,2,0,4,647.0,480.0,167.0,1127,,
ei-273,1,0,4,647.0,0.0,,647,,
BRD-K98896788,1,0,4,648.0,0.0,,648,,
vx-680,4,0,4,648.75,290.98915357792976,749.0,1072,308.0,466.0
a8674,3,0,4,650.0,306.7420197277619,534.0,1070,,346.0
BRD-K19166598,2,0,4,650.5,499.5,151.0,1150,,
BRD-A60245366,4,0,4,652.5,219.17629890113574,768.0,953,413.0,476.0
clofarabine,4,0,4,653.5,324.64634604443035,670.0,1176,345.0,423.0
arp 101,4,0,4,653.75,280.15118686166585,771.0,1049,318.0,477.0
BRD-K77690805,1,0,4,657.0,0.0,,657,,
emetine,4,0,4,657.5,281.39074256272187,562.0,1122,582.0,364.0
cvf-csc-7 brd-a32595718,3,0,4,658.0,158.34982370267,840.0,454,680.0,
jnj 10191584 maleate,3,0,4,659.6666666666666,119.28211191214811,566.0,828,585.0,
amuvatinib,3,0,4,660.6666666666666,561.9527461351968,1455.0,242,285.0,
BRD-K02646507,1,0,4,661.0,0.0,,661,,
amiloride hydrochloride dihydrate,2,0,4,661.0,131.0,530.0,792,,
niguldipine hydrochloride,4,0,4,661.5,291.13270170147496,779.0,1074,311.0,482.0
pterostilbene,2,0,4,661.5,134.5,527.0,796,,
trap 101,3,0,4,662.0,519.3117239834536,256.0,1395,335.0,
a-275,4,0,4,662.5,168.17921988164886,821.0,840,489.0,500.0
pkc-412,4,0,4,662.75,359.7772748520951,446.0,1240,673.0,292.0
BRD-K30381384,1,0,4,664.0,0.0,,664,,
hydrocortisone,3,0,4,664.0,495.9858868959882,375.0,1362,,255.0
azd8055,4,0,4,664.5,170.66121410560748,728.0,907,570.0,453.0
BRD-K57480017,1,0,4,667.0,0.0,,667,,
cjd-fun-4-2,2,0,4,667.5,22.5,690.0,645,,
fluvastatin,4,0,4,667.5,308.56320260199533,488.0,1141,722.0,319.0
BRD-K81795824,3,0,4,668.0,258.86418575513045,988.0,662,354.0,
syrosingopine,1,0,4,670.0,0.0,,670,,
m-3m3fbs,4,0,4,670.75,206.64749575061393,941.0,785,405.0,552.0
thiotepa,1,0,4,671.0,0.0,,671,,
BRD-K09299610,1,0,4,672.0,0.0,,672,,
ver155008,3,0,4,673.0,110.81816938871832,818.0,652,549.0,
vu0365114-2,3,0,4,673.3333333333334,17.9133717900592,648.0,686,686.0,
BRD-K79554012,3,0,4,674.0,255.7498778103325,570.0,1026,426.0,
BRD-K59962020,4,0,4,674.25,115.38062012313853,827.0,669,698.0,503.0
ag 538,1,0,4,675.0,0.0,,675,,
cycloheximide,4,0,4,675.0,161.82243354986355,718.0,896,641.0,445.0
pik-90,3,0,4,675.0,310.827926673264,776.0,995,254.0,
cyt997,4,0,4,675.5,229.23514128510053,897.0,899,375.0,531.0
ei-232,3,0,4,676.6666666666666,168.21480975889793,680.0,881,469.0,
ncgc00188531-01,3,0,4,676.6666666666666,270.76722270040165,775.0,948,307.0,
prunetin,2,0,4,677.0,262.0,415.0,939,,
BRD-K77681376,3,0,4,677.3333333333334,286.91617049042196,1038.0,336,658.0,
ncgc00165289-01,4,0,4,678.0,358.37061821527726,901.0,1108,170.0,533.0
necrostatin-1,1,0,4,678.0,0.0,,678,,
eo 1428,1,0,4,679.0,0.0,,679,,
crotamiton,1,0,4,680.0,0.0,,680,,
osi-906,3,0,4,680.0,337.83526557579313,585.0,1133,322.0,
paroxetine hydrochloride,4,0,4,680.25,366.1450361537078,520.0,1297,566.0,338.0
ncgc00185094-01,3,0,4,680.3333333333334,174.37953498682757,722.0,870,,449.0
podofilox,3,0,4,680.3333333333334,153.45430010990967,890.0,624,,527.0
chlorpromazine,2,0,4,681.5,57.5,624.0,739,,
16-hydroxytriptolide,4,0,4,682.0,231.8652625987774,705.0,1048,537.0,438.0
s1367,2,0,4,682.0,320.0,362.0,1002,,
sirolimus,4,0,4,682.0,400.88527037046396,841.0,1231,147.0,509.0
mdv3100,2,0,4,683.5,112.5,796.0,571,,
levetiracetam,1,0,4,684.0,0.0,,684,,
s1266,3,0,4,684.3333333333334,537.1358197782838,364.0,1441,,248.0
BRD-K15563106,4,0,4,684.5,438.6960793077595,636.0,1412,283.0,407.0
BRD-K68007270,2,0,4,684.5,411.5,1096.0,273,,
BRD-K01436366,3,0,4,686.0,140.30205510492948,805.0,764,,489.0
BRD-K61717269,3,0,4,686.3333333333334,176.83576812649892,936.0,574,,549.0
ncgc00241071-01,2,0,4,687.0,127.0,560.0,814,,
BRD-K45399554,4,0,4,687.25,225.4056066294714,822.0,986,440.0,501.0
BRD-K98824517,4,0,4,687.5,246.60748163833148,626.0,1081,643.0,400.0
simvastatin,4,0,4,688.25,284.8143035382879,807.0,1094,362.0,490.0
s1042,3,0,4,688.3333333333334,471.80669299571787,432.0,1350,,283.0
bml-st330,1,0,4,689.0,0.0,,689,,
zoxazolamine,1,0,4,690.0,0.0,,690,,
am 404,3,0,4,690.6666666666666,297.2477455292508,595.0,1093,,384.0
prostaglandin a1,4,0,4,690.75,143.64778974979043,830.0,831,598.0,504.0
3-deoxydenosine,1,0,4,691.0,0.0,,691,,
artesunate,3,0,4,692.0,319.3493384993932,576.0,1128,,372.0
s1152,3,0,4,692.6666666666666,450.5058884804455,316.0,1326,436.0,
BRD-K95196255,4,0,4,693.0,546.930068655948,610.0,1601,169.0,392.0
lonidamine,3,0,4,693.0,301.22859536681887,1027.0,755,297.0,
teniposide,4,0,4,693.5,360.6733286507335,815.0,1213,250.0,496.0
methyl benzethonium chloride,3,0,4,693.6666666666666,551.0271217362072,443.0,1458,180.0,
BRD-K88542532,1,0,4,694.0,0.0,,694,,
s1104,3,0,4,694.3333333333334,134.1152075228193,663.0,872,548.0,
BRD-A42737819,2,0,4,694.5,57.5,752.0,637,,
BRD-K53903639,4,0,4,694.5,141.06824589538215,837.0,608,825.0,508.0
BRD-A36630025,4,0,4,695.0,424.8299659863932,689.0,1385,276.0,430.0
BRD-A47816767,4,0,4,696.0,539.3491448032527,593.0,1600,209.0,382.0
BRD-K03176945,3,0,4,696.3333333333334,141.02088103855004,770.0,820,499.0,
bu 239 hydrochloride,1,0,4,697.0,0.0,,697,,
BRD-K71670746,2,0,4,697.5,369.5,1067.0,328,,
hts 10859,3,0,4,698.0,213.92677875073673,959.0,435,700.0,
chloroxine,4,0,4,698.75,404.71926998846993,524.0,1386,545.0,340.0
medroxyprogesterone,1,0,4,699.0,0.0,,699,,
hki-272,4,0,4,699.25,462.46371479284727,588.0,1484,347.0,378.0
BRD-K19181733,3,0,4,699.3333333333334,435.5688490034867,477.0,1308,,313.0
l-6307,4,0,4,700.75,390.64585944305105,720.0,1327,309.0,447.0
pp3,1,0,4,701.0,0.0,,701,,
sb 225002,4,0,4,704.0,225.50720609328653,643.0,1040,723.0,410.0
BRD-K42489623,3,0,4,704.3333333333334,209.74958614712185,828.0,876,409.0,
s1017,3,0,4,704.3333333333334,376.85747379553925,538.0,1226,,349.0
BRD-K08463963,3,0,4,705.6666666666666,155.83395721800247,675.0,910,532.0,
BRD-K72451865,1,0,4,706.0,0.0,,706,,
diphenyleneiodonium chloride,3,0,4,706.3333333333334,663.6828225055165,186.0,1643,290.0,
erk inhibitor 11e,4,0,4,706.5,415.7658595892645,816.0,1318,195.0,497.0
cyproheptadine hydrochloride,3,0,4,706.6666666666666,216.8968008575097,961.0,728,431.0,
kuc104488 kuc104488n,3,0,4,707.0,287.8691832528565,478.0,1113,530.0,
BRD-K99582188,2,0,4,707.5,204.5,503.0,912,,
carbinoxamine maleate,2,0,4,709.5,160.5,870.0,549,,
nsc 23766,4,0,4,709.75,217.7514351273029,860.0,985,477.0,517.0
2-chloroadenosine,1,0,4,710.0,0.0,,710,,
topotecan hcl,4,0,4,710.25,267.31944841331693,1105.0,767,373.0,596.0
BRD-K04923131,4,0,4,710.75,321.96768083147725,687.0,1243,484.0,429.0
tripelennamine citrate,3,0,4,711.6666666666666,486.27587049145495,406.0,1398,331.0,
s1118,3,0,4,712.0,350.6603294737896,572.0,1194,,370.0
fu jmbii113b,1,0,4,713.0,0.0,,713,,
selamectin,4,0,4,713.0,271.81703405048034,808.0,1115,438.0,491.0
np-004121,1,0,4,714.0,0.0,,714,,
BRD-K31484631,2,0,4,714.5,134.5,580.0,849,,
sulpiride,2,0,4,715.5,507.5,208.0,1223,,
suloctidil,4,0,4,717.25,480.6284297666962,568.0,1539,394.0,368.0
hy-10044,4,0,4,717.75,160.05838778395838,757.0,915,730.0,469.0
ncgc00241357-01,2,0,4,718.0,134.0,852.0,584,,
yk 4-279,2,0,4,719.0,23.0,742.0,696,,
ys-035 hydrochloride,2,0,4,719.5,42.5,762.0,677,,
BRD-K64058329,3,0,4,720.3333333333334,310.3270676059194,992.0,883,286.0,
BRD-K64517075,4,0,4,721.0,218.8823885103596,651.0,1013,806.0,414.0
BRD-K67941506,1,0,4,721.0,0.0,,721,,
BRD-K26664453,4,0,4,722.0,244.86016417539216,681.0,1107,674.0,426.0
GW-843682X,4,0,4,722.0,302.31440587573724,614.0,1216,662.0,396.0
BRD-K50140147,4,0,4,723.75,268.416071612711,809.0,1126,468.0,492.0
hypericin,1,0,4,724.0,0.0,,724,,
x0379,3,0,4,724.0,424.04716718780236,386.0,1322,464.0,
mitomycin c,4,0,4,724.25,430.0449831122321,831.0,1361,200.0,505.0
vincristine sulfate,4,0,4,727.0,315.85677133789613,817.0,1202,391.0,498.0
uzi/1930680,1,0,4,729.0,0.0,,729,,
BRD-K05649647,4,0,4,729.25,361.09027610834386,591.0,1335,610.0,381.0
niclosamide,4,0,4,729.25,240.94851628511847,766.0,1105,571.0,475.0
BRD-U32049204,2,0,4,729.5,274.5,455.0,1004,,
SB-525334,2,0,4,729.5,561.5,168.0,1291,,
BRD-K05153001,4,0,4,730.5,413.7997704204293,848.0,1337,225.0,512.0
BRD-K49814456,1,0,4,731.0,0.0,,731,,
malonoben,4,0,4,731.0,301.7648090815097,599.0,1209,729.0,387.0
zk 164015,3,0,4,731.0,490.8550363056965,467.0,1419,,307.0
cilnidipine,1,0,4,732.0,0.0,,732,,
np-004007,2,0,4,732.0,59.0,673.0,791,,
BRD-K19295594,4,0,4,732.75,236.29787874629767,1050.0,857,442.0,582.0
BRD-A90643929,4,0,4,733.0,479.01409165075717,528.0,1553,510.0,341.0
ha-1004,1,0,4,733.0,0.0,,733,,
lomerizine dihcl,1,0,4,734.0,0.0,,734,,
methylandrostenediol,1,0,4,736.0,0.0,,736,,
BRD-K72307842,2,0,4,738.0,62.0,800.0,676,,
vu0415555-1,3,0,4,738.0,141.57212531662674,646.0,938,630.0,
homochlorcyclizine dihydrochloride,1,0,4,740.0,0.0,,740,,
gr-231,1,0,4,741.0,0.0,,741,,
BRD-K69888333,1,0,4,742.0,0.0,,742,,
BRD-A68061604,2,0,4,742.5,394.5,348.0,1137,,
BRD-A45657137,2,0,4,744.0,191.0,553.0,935,,
t5345967,2,0,4,744.5,287.5,457.0,1032,,
gp 2a,2,0,4,745.0,143.0,602.0,888,,
s1297,1,0,4,745.0,0.0,,745,,
rs 17053 hydrochloride,4,0,4,745.75,216.176288015129,716.0,1053,770.0,444.0
BRD-K11758216,1,0,4,746.0,0.0,,746,,
BRD-K26304855,4,0,4,746.0,237.1571209135412,865.0,1077,522.0,520.0
tpca-1,4,0,4,746.5,306.0739289779513,738.0,1247,540.0,461.0
s1170,3,0,4,747.0,159.21683328090657,867.0,852,,522.0
triciribine,4,0,4,747.0,473.238312058523,719.0,1524,299.0,446.0
BRD-A25088322,3,0,4,747.3333333333334,675.812761709106,280.0,1703,259.0,
zk 93423,2,0,4,747.5,170.5,577.0,918,,
cgs 12066b,4,0,4,748.0,373.2606328023356,685.0,1374,505.0,428.0
fgin-1-27,2,0,4,749.5,174.5,575.0,924,,
emetine hydrochloride,4,0,4,750.0,268.5190868448647,787.0,1173,554.0,486.0
ci 976,3,0,4,750.3333333333334,160.25465845196376,884.0,842,,525.0
BRD-A94793051,1,0,4,751.0,0.0,,751,,
BRD-U86922168,4,0,4,752.0,349.60477685523693,763.0,1319,452.0,474.0
chlormezanone,1,0,4,752.0,0.0,,752,,
BRD-K80348542,4,0,4,752.75,319.7376854548115,793.0,1260,471.0,487.0
BRD-K89692698,3,0,4,753.0,285.46920441032984,1128.0,436,695.0,
ALW-II-49-7,3,0,4,753.3333333333334,769.4731242148024,260.0,1840,160.0,
BRD-K11558771,2,0,4,753.5,597.5,156.0,1351,,
isoeugenitol,2,0,4,753.5,112.5,641.0,866,,
ncgc00183371-01,2,0,4,754.0,114.0,868.0,640,,
trifluoperazine dihydrochloride,4,0,4,755.5,305.1233357185255,913.0,1172,400.0,537.0
BRD-K71172276,2,0,4,756.0,47.0,709.0,803,,
s1039,1,0,4,756.0,0.0,,756,,
luzindole,2,0,4,756.5,56.5,813.0,700,,
clemastine fumarate,1,0,4,757.0,0.0,,757,,
BRD-K70161581,4,0,4,760.25,354.24382492853704,701.0,1352,551.0,437.0
BRD-K99616396,2,0,4,761.0,103.0,864.0,658,,
exemestane,2,0,4,761.5,168.5,930.0,593,,
benzamil hydrochloride,2,0,4,762.5,278.5,484.0,1041,,
gemcitabine,4,0,4,763.0,619.1134790973299,652.0,1797,188.0,415.0
BRD-K28907958,4,0,4,763.25,222.71885304122773,902.0,1056,561.0,534.0
mk-0591,4,0,4,764.25,516.3489009381157,760.0,1597,228.0,472.0
hli 373,4,0,4,764.75,191.97965386988278,1069.0,789,613.0,588.0
homoharringtonine,4,0,4,766.75,368.9541807596168,660.0,1387,601.0,419.0
arg-csc-91,2,0,4,767.0,113.0,880.0,654,,
BRD-K04853698,4,0,4,767.25,370.57615614067777,726.0,1384,508.0,451.0
BRD-K89546934,3,0,4,767.6666666666666,339.5804601105442,419.0,1228,656.0,
BRD-K68202742 (trichostatin a),4,0,4,767.75,209.28016508976668,972.0,982,558.0,559.0
oxantel pamoate,1,0,4,768.0,0.0,,768,,
BRD-K64642496,4,0,4,768.25,366.28498126458857,891.0,1305,349.0,528.0
vu0365117-1,2,0,4,769.5,472.5,297.0,1242,,
r(+)-6-bromo-apb,2,0,4,770.0,16.0,754.0,786,,
imd 0354,4,0,4,770.5,343.638254564302,772.0,1331,501.0,478.0
ncgc00012272-02,2,0,4,770.5,262.5,508.0,1033,,
n-benzylnaltrindole hydrochloride,3,0,4,772.0,644.0455470435819,380.0,1680,,256.0
BRD-K80334323 (norethynodrel),3,0,4,773.6666666666666,91.59815621628103,825.0,851,645.0,
BRD-K58288048,3,0,4,774.0,234.49093799121533,1084.0,517,721.0,
gliquidone,2,0,4,774.0,262.0,512.0,1036,,
mibefradil dihydrochloride,3,0,4,774.3333333333334,475.5840853332061,537.0,1438,,348.0
BRD-K66426634,1,0,4,775.0,0.0,,775,,
BRD-K71726959,4,0,4,775.25,277.61157666783276,1081.0,1009,420.0,591.0
bapta-am,3,0,4,777.3333333333334,229.21654002759536,975.0,901,456.0,
BRD-K07403598,1,0,4,778.0,0.0,,778,,
mls-0425618,2,0,4,778.5,409.5,369.0,1188,,
ly 320135,2,0,4,779.0,101.0,678.0,880,,
BRD-K45818044,3,0,4,780.3333333333334,186.60713336371208,927.0,897,517.0,
rs 504393,3,0,4,780.3333333333334,182.44694814901368,883.0,934,,524.0
BRD-K87343924 (wortmannin),3,0,4,780.6666666666666,289.6311830970937,730.0,1158,,454.0
h7270,4,0,4,780.75,528.4062712534741,522.0,1683,579.0,339.0
ro 31-8220 mesylate,4,0,4,781.0,245.01122423268694,921.0,1112,550.0,541.0
BRD-K76042595,2,0,4,781.5,28.5,753.0,810,,
BRD-K18761689,1,0,4,783.0,0.0,,783,,
cp 93129 dihydrochloride,3,0,4,783.0,242.49673537321416,932.0,976,441.0,
BRD-K57353465,1,0,4,784.0,0.0,,784,,
piroxicam,2,0,4,784.0,18.0,802.0,766,,
biperiden hydrochloride,3,0,4,784.3333333333334,299.3697082575694,991.0,1001,361.0,
ouabain,4,0,4,786.25,370.0448452552744,696.0,1406,609.0,434.0
s4002,3,0,4,786.3333333333334,200.54148919584915,665.0,1069,625.0,
BRD-K49371609,4,0,4,787.5,282.2326168251997,1064.0,1065,434.0,587.0
ethacrynic acid,1,0,4,788.0,0.0,,788,,
BRD-K82732294,4,0,4,788.25,463.5597992708168,603.0,1578,583.0,389.0
ikk 16,4,0,4,789.25,539.1944802202634,778.0,1662,236.0,481.0
kn-93,2,0,4,789.5,22.5,767.0,812,,
ei-263,4,0,4,790.25,249.65313436846733,866.0,1163,611.0,521.0
mls-0437446.0001,3,0,4,790.6666666666666,439.76685742435035,1411.0,442,519.0,
mesoridazine besylate,3,0,4,791.3333333333334,309.86592082526414,724.0,1200,,450.0
np-001236,4,0,4,792.5,249.1169404115264,1109.0,958,504.0,599.0
SB-203580,1,0,4,793.0,0.0,,793,,
BRD-K77547920,4,0,4,794.5,409.9222487252918,755.0,1476,479.0,468.0
BRD-K30849099,1,0,4,795.0,0.0,,795,,
aristolochic acid,2,0,4,795.0,392.0,1187.0,403,,
vu0418947-2,4,0,4,795.5,385.85845850518814,1014.0,1298,302.0,568.0
evodiamine,3,0,4,798.0,326.58944665537905,1072.0,983,339.0,
t0518-4011,1,0,4,798.0,0.0,,798,,
wortmannin,4,0,4,799.5,246.315346659521,918.0,1145,596.0,539.0
BRD-K43226598,1,0,4,800.0,0.0,,800,,
"tamoxifen, 4-hydroxy-, (z)-",1,0,4,801.0,0.0,,801,,
BRD-A85891951,1,0,4,802.0,0.0,,802,,
BRD-K48654774,2,0,4,802.0,365.0,1167.0,437,,
BRD-K64606589,4,0,4,802.25,441.0109834233157,843.0,1502,353.0,511.0
BRD-K68174511,4,0,4,802.25,387.21529863888384,733.0,1451,568.0,457.0
thioridazine hydrochloride,4,0,4,803.0,343.96002674729516,761.0,1372,606.0,473.0
hy-10161,1,0,4,804.0,0.0,,804,,
ncgc00183690-01,3,0,4,804.3333333333334,524.6486655107608,472.0,1545,396.0,
BRD-K68588778,1,0,4,805.0,0.0,,805,,
nocodazole,3,0,4,806.0,264.68094000135335,794.0,1136,,488.0
flucloxacillin sodium,1,0,4,807.0,0.0,,807,,
pkcbeta inhibitor,3,0,4,807.6666666666666,320.1346938746599,1041.0,1027,355.0,
jte 013,1,0,4,808.0,0.0,,808,,
fipronil,2,0,4,808.5,295.5,513.0,1104,,
stk397047,3,0,4,808.6666666666666,179.13371790059205,982.0,882,,562.0
gr-239,1,0,4,809.0,0.0,,809,,
strophanthidin,4,0,4,810.25,283.3896390131439,980.0,1187,513.0,561.0
ncgc00182608-01,1,0,4,811.0,0.0,,811,,
BRD-A75301702,2,0,4,812.5,557.5,255.0,1370,,
BRD-K00007652,1,0,4,813.0,0.0,,813,,
a-1065,2,0,4,813.0,131.0,682.0,944,,
proscillaridin a,4,0,4,813.25,427.05056784882044,810.0,1511,439.0,493.0
camptothecin,4,0,4,813.75,438.8766199058683,1215.0,1235,186.0,619.0
norethindrone acetate,1,0,4,815.0,0.0,,815,,
cot-10b,4,0,4,815.75,487.3681231882118,906.0,1561,261.0,535.0
BRD-K14788918,3,0,4,816.0,285.9696953641534,782.0,1182,,484.0
ly-294002,2,0,4,816.5,147.5,669.0,964,,
BRD-K12002134,1,0,4,818.0,0.0,,818,,
norgestrel,2,0,4,818.0,23.0,795.0,841,,
BRD-K92158425,4,0,4,818.75,252.77101791938094,1040.0,1101,557.0,577.0
arvanil,2,0,4,819.0,148.0,671.0,967,,
gr 103691,1,0,4,819.0,0.0,,819,,
BRD-K07395346,2,0,4,819.5,13.5,806.0,833,,
BRD-K95760042,1,0,4,821.0,0.0,,821,,
hy-10518,4,0,4,821.0,331.2121676508881,744.0,1363,713.0,464.0
nafronyl oxalate,2,0,4,821.0,18.0,803.0,839,,
BRD-K39687892,2,0,4,823.0,449.0,1272.0,374,,
lasalocid sodium salt,4,0,4,823.25,372.32537853334685,695.0,1437,728.0,433.0
qs 11,4,0,4,824.25,436.9584505419251,707.0,1563,588.0,439.0
BRD-K43620258,4,0,4,826.5,346.3527825786881,1049.0,1268,408.0,581.0
raclopride,1,0,4,827.0,0.0,,827,,
heliotrine,1,0,4,829.0,0.0,,829,,
skf 86002 dihydrochloride,1,0,4,830.0,0.0,,830,,
s1003,4,0,4,830.75,371.43799953693485,1070.0,1299,365.0,589.0
BRD-K74761218,3,0,4,831.6666666666666,287.0636785724651,1210.0,770,515.0,
prednisolone,2,0,4,833.5,251.5,1085.0,582,,
azd-7545-a,1,0,4,834.0,0.0,,834,,
danazol,3,0,4,834.0,308.163376582401,920.0,1161,421.0,
s1475,3,0,4,834.3333333333334,801.7964551901907,314.0,1967,,222.0
gw 843682x,3,0,4,834.6666666666666,287.8533577284718,812.0,1198,,494.0
sib 1893,3,0,4,834.6666666666666,333.48396596471554,758.0,1276,,470.0
BRD-U51951544,4,0,4,835.0,345.9038883851987,1018.0,1307,445.0,570.0
BRD-K31342827,4,0,4,835.75,571.8677185328789,836.0,1757,243.0,507.0
BRD-K75302809,1,0,4,836.0,0.0,,836,,
ncgc00181736-02,2,0,4,838.5,462.5,376.0,1301,,
s1120,4,0,4,838.75,375.2328443779942,713.0,1456,744.0,442.0
s1018,3,0,4,839.3333333333334,345.2499899428754,859.0,1252,407.0,
acyclovir,3,0,4,840.3333333333334,164.3701784252714,950.0,963,608.0,
BRD-K02216544,2,0,4,841.0,22.0,819.0,863,,
BRD-K66792149,4,0,4,842.25,442.7603047925593,1033.0,1461,301.0,574.0
BRD-K72615639,2,0,4,843.0,428.0,1271.0,415,,
ethotoin,1,0,4,843.0,0.0,,843,,
thm-i-94,4,0,4,843.75,267.25771738155663,853.0,1255,752.0,515.0
zm 336372,4,0,4,843.75,335.1562135780866,1017.0,1306,483.0,569.0
BRD-K26849279,2,0,4,844.0,156.0,688.0,1000,,
BRD-K22832646,1,0,4,846.0,0.0,,846,,
ibrutinib,2,0,4,846.0,663.0,183.0,1509,,
BRD-K41931739,2,0,4,847.0,322.0,525.0,1169,,
BRD-K43782924,1,0,4,847.0,0.0,,847,,
BRD-K86574132,4,0,4,848.0,453.9229009424398,908.0,1562,386.0,536.0
ritodrine hydrochloride,1,0,4,848.0,0.0,,848,,
sb 218078,4,0,4,849.75,432.6392116995407,929.0,1521,403.0,546.0
curcubitacin i,4,0,4,850.25,461.60447084056716,833.0,1609,453.0,506.0
bjm-ctd2-9,4,0,4,852.5,410.1100462071126,1137.0,1349,320.0,604.0
hy-10456,1,0,4,853.0,0.0,,853,,
isoxsuprine hydrochloride,2,0,4,853.0,181.0,672.0,1034,,
digoxin,4,0,4,853.75,534.249649040596,786.0,1745,399.0,485.0
dubinidine,3,0,4,854.0,726.1900577672487,302.0,1880,380.0,
BRD-A86792397,1,0,4,855.0,0.0,,855,,
BRD-K88278225,2,0,4,856.0,199.0,657.0,1055,,
metergoline,3,0,4,856.0,281.3052908614886,851.0,1203,,514.0
ncgc00183412-01,2,0,4,856.5,112.5,969.0,744,,
amlodipine besylate,3,0,4,858.0,305.96405017583356,823.0,1249,,502.0
vu0365118-1,2,0,4,858.5,521.5,337.0,1380,,
jak3 inhibitor vi,4,0,4,859.0,301.3453168708616,886.0,1332,692.0,526.0
mt-21,1,0,4,859.0,0.0,,859,,
deoxycorticosterone,2,0,4,860.0,109.0,751.0,969,,
BRD-K55844427,3,0,4,861.0,352.823846510786,774.0,1330,,479.0
BRD-K34387287,2,0,4,862.0,140.0,1002.0,722,,
arg-a1-22 brd-k91349888,3,0,4,862.0,298.9894089540074,896.0,1210,480.0,
nonoxynol-9,3,0,4,862.6666666666666,472.6918187948207,654.0,1517,,417.0
pnu 74654,3,0,4,864.3333333333334,275.2275825970613,873.0,1197,,523.0
rs 39604 hydrochloride,3,0,4,864.3333333333334,217.72204502275116,976.0,1057,,560.0
BRD-K34294489,1,0,4,867.0,0.0,,867,,
cdc,2,0,4,867.0,161.0,706.0,1028,,
hy-11006,3,0,4,867.3333333333334,96.54820327461074,942.0,929,731.0,
BRD-K90072296,1,0,4,868.0,0.0,,868,,
nifedipine,2,0,4,868.0,524.0,344.0,1392,,
abt-751,4,0,4,868.25,576.78348407353,922.0,1774,235.0,542.0
nnc 05-2090 hydrochloride,2,0,4,869.5,100.5,970.0,769,,
ncgc00241077-01,3,0,4,870.0,194.99743588057768,1124.0,650,836.0,
piretanide,4,0,4,871.75,554.8618634399016,893.0,1761,303.0,530.0
hy-70044,3,0,4,872.3333333333334,233.8665336373624,740.0,1201,676.0,
luteolin,1,0,4,873.0,0.0,,873,,
scriptaid,4,0,4,873.0,337.64182205408144,951.0,1393,593.0,555.0
ncgc00188714-01,3,0,4,873.6666666666666,76.25104735164116,829.0,981,811.0,
BRD-K74797618,4,0,4,874.5,418.578845619317,892.0,1552,525.0,529.0
az 10417808,2,0,4,876.0,295.0,581.0,1171,,
BRD-K35638681,1,0,4,878.0,0.0,,878,,
GSK1059615,3,0,4,878.3333333333334,574.1430328953076,1563.0,914,158.0,
rottlerin,4,0,4,879.25,346.13030422082375,777.0,1433,827.0,480.0
irinotecan hydrochloride trihydrate,4,0,4,880.0,747.179028078278,578.0,2167,402.0,373.0
np-006304,3,0,4,880.6666666666666,467.16544773297994,938.0,1422,282.0,
mln4924,4,0,4,881.0,575.6900207576991,966.0,1770,230.0,558.0
BRD-K52321331,3,0,4,881.6666666666666,248.03539173987966,958.0,1140,547.0,
gant 58,3,0,4,883.0,157.00530776590537,799.0,1103,747.0,
t7765,3,0,4,883.3333333333334,698.0684461824325,474.0,1866,,310.0
BRD-K74133369,2,0,4,883.5,195.5,1079.0,688,,
oxymetholone,3,0,4,886.0,450.5352372456565,747.0,1494,417.0,
amg 9810,1,0,4,887.0,0.0,,887,,
BRD-A51777634,3,0,4,887.3333333333334,348.99506523095073,1376.0,583,703.0,
antimycin a,2,0,4,890.5,372.5,518.0,1263,,
BRD-K45044657,1,0,4,892.0,0.0,,892,,
BRD-K63068307,2,0,4,892.0,276.0,616.0,1168,,
ciglitazone,2,0,4,892.0,400.0,492.0,1292,,
np-003021,2,0,4,892.5,144.5,1037.0,748,,
BRD-K06592610,1,0,4,895.0,0.0,,895,,
hy-50767,2,0,4,895.0,283.0,1178.0,612,,
BRD-K97701319,2,0,4,895.5,236.5,1132.0,659,,
km 00927,4,0,4,896.25,235.3724442240425,1106.0,1146,736.0,597.0
vinorelbine,3,0,4,898.0,236.7882316895556,797.0,1225,672.0,
"l-690,488",4,0,4,898.25,497.5833472896777,946.0,1689,404.0,554.0
metixene hydrochloride,1,0,4,900.0,0.0,,900,,
mafenide hydrochloride,3,0,4,900.6666666666666,94.90463049234684,957.0,978,767.0,
dibenzepine hydrochloride,2,0,4,901.5,45.5,856.0,947,,
amitriptyline hydrochloride,2,0,4,902.0,275.0,627.0,1177,,
kf 38789,2,0,4,904.5,186.5,1091.0,718,,
s1122,4,0,4,905.5,369.2103059233315,1021.0,1460,569.0,572.0
methotrexate,1,0,4,906.0,0.0,,906,,
BRD-K75081836,3,0,4,907.0,104.04165832332099,1028.0,919,774.0,
BMS-777607,2,0,4,908.0,451.0,1359.0,457,,
stock1n-27488,4,0,4,908.25,584.8326149420875,899.0,1860,342.0,532.0
stock4s-72743,1,0,4,909.0,0.0,,909,,
BRD-K10846167,4,0,4,911.0,330.777115290644,995.0,1414,669.0,566.0
zaprinast,1,0,4,911.0,0.0,,911,,
sulconazole nitrate,2,0,4,911.5,367.5,544.0,1279,,
bw-b 70c,3,0,4,911.6666666666666,120.84241345193702,911.0,1060,764.0,
BRD-A19248578,2,0,4,913.0,36.0,949.0,877,,
BRD-K79459005,1,0,4,913.0,0.0,,913,,
pd 407824,4,0,4,914.25,637.1410263826997,849.0,1969,326.0,513.0
ei-215,4,0,4,916.75,395.9509912855378,1205.0,1399,446.0,617.0
mitotane,2,0,4,917.0,240.0,677.0,1157,,
spiperone,1,0,4,917.0,0.0,,917,,
bas 00535043,2,0,4,918.5,74.5,844.0,993,,
BRD-K00954209,3,0,4,918.6666666666666,532.6570712527484,674.0,1658,,424.0
BRD-K53932786,4,0,4,919.0,419.49076271117104,1063.0,1540,487.0,586.0
digitoxin,4,0,4,919.75,465.6889385630713,862.0,1696,602.0,519.0
BRD-K37194137,1,0,4,920.0,0.0,,920,,
isoliquiritigenin,4,0,4,922.5,442.02856242555185,919.0,1645,586.0,540.0
todralazine hydrochloride,1,0,4,923.0,0.0,,923,,
bufalin,4,0,4,923.25,487.6517071640373,935.0,1715,495.0,548.0
bms-536924,4,0,4,923.5,623.2228734570001,1042.0,1872,202.0,578.0
nortriptyline hydrochloride,2,0,4,926.0,103.0,1029.0,823,,
BRD-K72381041,1,0,4,927.0,0.0,,927,,
BRD-K93215584,2,0,4,927.5,360.5,567.0,1288,,
jtc 801,3,0,4,927.6666666666666,363.48895749695373,984.0,1342,457.0,
ei-231,1,0,4,928.0,0.0,,928,,
sarmentogenin,4,0,4,929.75,523.0761775305773,931.0,1782,459.0,547.0
BRD-K52522949,4,0,4,930.5,285.6085607960658,1312.0,1099,679.0,632.0
BRD-K34508425,1,0,4,931.0,0.0,,931,,
moclobemide,2,0,4,931.0,244.0,1175.0,687,,
ncgc00165188-01,3,0,4,931.6666666666666,348.0271381500139,915.0,1366,514.0,
ncgc00010428-03,1,0,4,932.0,0.0,,932,,
y 134,2,0,4,932.0,34.0,898.0,966,,
BRD-K90999434,3,0,4,932.3333333333334,626.4313387931851,894.0,1718,185.0,
mwp00339,3,0,4,932.6666666666666,411.3897854292879,769.0,1498,531.0,
BRD-K76698671,1,0,4,933.0,0.0,,933,,
sertindole,2,0,4,933.5,559.5,374.0,1493,,
cinobufagin,4,0,4,934.5,420.83042903288253,1048.0,1575,535.0,580.0
sb 202190,2,0,4,934.5,52.5,882.0,987,,
BRD-K06750613,4,0,4,936.75,568.5003847843905,944.0,1858,392.0,553.0
BRD-K92980438,2,0,4,937.0,229.0,1166.0,708,,
BRD-K70871370,3,0,4,940.0,172.45482500256892,909.0,1165,746.0,
megestrol acetate,1,0,4,940.0,0.0,,940,,
BRD-U68942961,3,0,4,940.3333333333334,254.8546426669306,971.0,1236,614.0,
n- (2-aminoethyl)-4-chlorobenzamide (ro-16-6491),2,0,4,941.0,303.0,638.0,1244,,
s1140,1,0,4,941.0,0.0,,941,,
BRD-K53461563,1,0,4,942.0,0.0,,942,,
st4066738,2,0,4,943.5,152.5,791.0,1096,,
ncgc00188012-01,2,0,4,944.0,120.0,824.0,1064,,
BRD-K42629487,2,0,4,944.5,438.5,506.0,1383,,
BRD-K45842176,1,0,4,945.0,0.0,,945,,
BRD-K56343971,4,0,4,945.25,382.58748999411887,928.0,1565,743.0,545.0
rimcazole dihydrochloride,2,0,4,946.5,192.5,1139.0,754,,
BRD-U43867373,4,0,4,947.75,446.9604988139332,954.0,1675,605.0,557.0
chr 2797,4,0,4,948.75,462.4177629589936,985.0,1691,555.0,564.0
ryuvidine,4,0,4,949.25,271.3994979730066,1074.0,1314,819.0,590.0
clobetasol propionate,3,0,4,949.3333333333334,316.7883976551049,1098.0,1241,509.0,
erythromycin,1,0,4,950.0,0.0,,950,,
BRD-K65366129,1,0,4,951.0,0.0,,951,,
nsc 95397,4,0,4,951.0,591.9527008131646,1035.0,1875,319.0,575.0
dichlorobenzamil,4,0,4,952.5,363.73651177741283,939.0,1535,786.0,550.0
anisomycin,4,0,4,953.0,394.22138450368215,1022.0,1569,648.0,573.0
BRD-K03736784,4,0,4,953.75,364.7488005463486,1057.0,1505,668.0,585.0
BRD-A81530502,1,0,4,954.0,0.0,,954,,
BRD-K11663430,2,0,4,954.0,108.0,846.0,1062,,
norethindrone,2,0,4,954.5,252.5,702.0,1207,,
(e)-capsaicin,1,0,4,955.0,0.0,,955,,
s1085,4,0,4,955.25,285.11521793829246,1087.0,1344,798.0,592.0
benzethonium chloride,3,0,4,955.3333333333334,845.9961912181138,441.0,2148,277.0,
st4029573,2,0,4,958.0,312.0,1270.0,646,,
kuc103672 kuc103672n,1,0,4,959.0,0.0,,959,,
BRD-K10114046,2,0,4,960.0,156.0,804.0,1116,,
s1174,1,0,4,960.0,0.0,,960,,
vorinostat,4,0,4,961.25,308.49341565096654,1133.0,1375,734.0,603.0
BRD-K47764688,1,0,4,962.0,0.0,,962,,
BRD-K94325918,4,0,4,963.0,432.00752308264265,923.0,1674,712.0,543.0
sid 26681509,4,0,4,963.75,587.8372967922331,940.0,1929,435.0,551.0
BRD-K81473043,4,0,4,964.0,454.8389824982023,1204.0,1585,451.0,616.0
ncgc00188530-01,4,0,4,964.75,704.5553118811894,983.0,2092,221.0,563.0
akt inhibitor iv,4,0,4,965.5,386.34990617314764,1179.0,1492,580.0,611.0
byssochlamic acid,2,0,4,967.0,184.0,783.0,1151,,
narciclasine,4,0,4,967.0,383.9283787374932,1120.0,1526,622.0,600.0
oxymetazoline hydrochloride,2,0,4,967.0,300.0,667.0,1267,,
granisetron,1,0,4,968.0,0.0,,968,,
s1014,3,0,4,968.6666666666666,535.5696863050492,737.0,1709,,460.0
digitoxigenin,4,0,4,969.5,316.0715899918878,1094.0,1420,771.0,593.0
nisoxetine hydrochloride,1,0,4,971.0,0.0,,971,,
BRD-A00420644,2,0,4,973.0,432.0,541.0,1405,,
a2478,1,0,4,973.0,0.0,,973,,
lylamine hydrochloride,3,0,4,973.0,294.5686111361268,1059.0,1283,577.0,
dm163 brd-k06180729,1,0,4,974.0,0.0,,974,,
olvanil,2,0,4,974.5,270.5,704.0,1245,,
BRD-K24051260,1,0,4,975.0,0.0,,975,,
mead acid (20:3 n-9),2,0,4,978.5,461.5,517.0,1440,,
floxuridine,3,0,4,978.6666666666666,312.21502561891896,912.0,1390,634.0,
BRD-A54632525,1,0,4,979.0,0.0,,979,,
amoxapine,3,0,4,979.3333333333334,631.148336147868,659.0,1861,,418.0
digoxigenin,4,0,4,980.75,591.7615123510484,1055.0,1912,372.0,584.0
BRD-K02562327,2,0,4,981.0,591.0,1572.0,390,,
BRD-K14027855,3,0,4,982.6666666666666,312.5522178594945,1036.0,1336,,576.0
BRD-K39757396,2,0,4,983.0,31.0,952.0,1014,,
BRD-K28115298,3,0,4,986.0,448.7523444692703,904.0,1572,482.0,
leoidin dimethyl ether,2,0,4,986.5,294.5,692.0,1281,,
aminolevulinic acid,2,0,4,988.5,223.5,1212.0,765,,
t542500,4,0,4,988.75,393.53803818690767,1233.0,1507,591.0,624.0
solanine alpha,1,0,4,989.0,0.0,,989,,
fccp,4,0,4,989.75,371.2380469456222,1020.0,1571,797.0,571.0
BRD-K17023947,1,0,4,990.0,0.0,,990,,
BRD-A43087975,1,0,4,991.0,0.0,,991,,
BRD-K53423944,3,0,4,991.0,490.657382158535,1684.0,614,675.0,
v4877,4,0,4,992.5,364.7536840115532,1123.0,1528,717.0,602.0
BRD-K17140735,4,0,4,993.0,493.7555062984108,1051.0,1778,560.0,583.0
alprostadil,3,0,4,993.0,367.14120807485864,1496.0,630,853.0,
ncgc00182554-02,1,0,4,994.0,0.0,,994,,
ncgc00242335-01,4,0,4,994.5,539.6056430394331,917.0,1897,626.0,538.0
ncgc00166395-02,2,0,4,995.5,3.5,999.0,992,,
su 5416,1,0,4,996.0,0.0,,996,,
ncgc00182393-01,4,0,4,997.0,412.9243272077827,1232.0,1555,578.0,623.0
BRD-K64857848,3,0,4,997.6666666666666,287.0927066684597,1121.0,1271,,601.0
irbesartan,3,0,4,997.6666666666666,538.652846357363,1110.0,1594,289.0,
BRD-U25771771,4,0,4,997.75,434.909401484953,925.0,1712,810.0,544.0
hdac6 inhibitor isox,4,0,4,998.75,285.7152209806121,1143.0,1368,879.0,605.0
BRD-A72837804,3,0,4,1001.3333333333334,489.85734884986897,645.0,1694,665.0,
BRD-K28366633,4,0,4,1001.75,417.67952726941263,1209.0,1586,594.0,618.0
BRD-K65955264,3,0,4,1004.6666666666666,299.0700401058068,1379.0,988,647.0,
disulfiram,2,0,4,1006.0,141.0,1147.0,865,,
s1005,3,0,4,1006.0,751.5175757536657,582.0,2062,,374.0
BRD-K73945663,1,0,4,1008.0,0.0,,1008,,
sulfaguanidine,3,0,4,1009.3333333333334,383.46693324051927,1023.0,1472,533.0,
abt-888 (veliparib),3,0,4,1014.0,457.4829687175979,1638.0,554,850.0,
BRD-K70714754,2,0,4,1015.0,666.0,349.0,1681,,
indatraline,1,0,4,1015.0,0.0,,1015,,
immethridine dihydrobromide,1,0,4,1016.0,0.0,,1016,,
BRD-A31107743,4,0,4,1017.25,455.08536287162656,986.0,1762,756.0,565.0
penicillic acid,1,0,4,1018.0,0.0,,1018,,
triacsin-c,1,0,4,1019.0,0.0,,1019,,
BRD-K32536677,1,0,4,1020.0,0.0,,1020,,
gsk-3 inhibitor ii,2,0,4,1020.0,297.0,723.0,1317,,
BRD-K57019930,1,0,4,1021.0,0.0,,1021,,
fluticasone propionate,3,0,4,1021.6666666666666,271.60306003839906,785.0,1402,878.0,
ncgc00238548-02,1,0,4,1022.0,0.0,,1022,,
rottlerin ncgc00025228-11,4,0,4,1022.25,546.7171915167842,1104.0,1883,507.0,595.0
salmeterol,2,0,4,1023.5,68.5,955.0,1092,,
spironolactone,1,0,4,1025.0,0.0,,1025,,
ursolic acid,4,0,4,1025.5,543.2754826052801,1180.0,1845,465.0,612.0
spb02303,2,0,4,1026.0,118.0,1144.0,908,,
BRD-A20697603,4,0,4,1027.0,508.91354865045594,1282.0,1732,466.0,628.0
rs 67333 hydrochloride,1,0,4,1029.0,0.0,,1029,,
BRD-K31841256,1,0,4,1031.0,0.0,,1031,,
dihydroergocristine mesylate,2,0,4,1032.5,244.5,788.0,1277,,
ncgc00185090-03,4,0,4,1032.5,408.1461135426871,1223.0,1610,677.0,620.0
BRD-K17025677,2,0,4,1033.0,466.0,1499.0,567,,
gw 441756,2,0,4,1033.5,244.5,789.0,1278,,
BRD-K72703948,1,0,4,1037.0,0.0,,1037,,
hy-10181,3,0,4,1037.0,302.9532417167155,998.0,1426,687.0,
nsc 663284,4,0,4,1037.25,448.8877225988699,1225.0,1686,617.0,621.0
BRD-K96076993,4,0,4,1037.75,412.09791008933786,1145.0,1663,737.0,606.0
y27632,2,0,4,1040.0,423.0,617.0,1463,,
BRD-K25737009,4,0,4,1042.0,476.4950157137008,1170.0,1768,621.0,609.0
tacrolimus,1,0,4,1042.0,0.0,,1042,,
BRD-K51556300,3,0,4,1042.6666666666667,268.7257999440239,1247.0,1218,663.0,
le 300,1,0,4,1043.0,0.0,,1043,,
manumycin a,4,0,4,1043.75,523.4669879753641,1311.0,1766,467.0,631.0
dmbi,1,0,4,1045.0,0.0,,1045,,
zardaverine,2,0,4,1045.5,171.5,874.0,1217,,
5-nonyloxytryptamine,3,0,4,1046.3333333333333,562.5420478111441,820.0,1820,,499.0
ncgc00182357-01,3,0,4,1047.0,643.4599184616449,792.0,1931,418.0,
s1252,1,0,4,1047.0,0.0,,1047,,
mdl 72222,3,0,4,1048.0,262.4766656295374,1007.0,1388,749.0,
BRD-K61776140,2,0,4,1050.0,38.0,1088.0,1012,,
BRD-K37865504,4,0,4,1052.0,381.0269019373829,1173.0,1612,813.0,610.0
amodiaquin dihydrochloride dihydrate,3,0,4,1052.6666666666667,346.12553920346426,1031.0,1487,640.0,
tegaserod,2,0,4,1056.0,424.0,1480.0,632,,
gsk-3b inhibitor viii,4,0,4,1056.75,360.5068480625576,1358.0,1467,763.0,639.0
promazine hydrochloride,2,0,4,1057.0,54.0,1003.0,1111,,
BRD-K03857568,3,0,4,1057.3333333333333,283.99100142238467,965.0,1442,765.0,
BRD-K50204028,1,0,4,1059.0,0.0,,1059,,
protriptyline hydrochloride,2,0,4,1060.5,451.5,609.0,1512,,
12k-516s,1,0,4,1061.0,0.0,,1061,,
pf3845,2,0,4,1061.0,139.0,1200.0,922,,
cmpd-1,3,0,4,1062.0,685.4317374229666,1162.0,1847,177.0,
helveticoside,4,0,4,1062.75,754.2321840786165,1202.0,2219,215.0,615.0
s8822,1,0,4,1063.0,0.0,,1063,,
flufenamic acid,2,0,4,1063.5,13.5,1077.0,1050,,
gbr 13069 dihydrochloride,2,0,4,1064.0,242.0,1306.0,822,,
homosalate,2,0,4,1064.0,433.0,631.0,1497,,
nsc 3852,3,0,4,1065.3333333333333,506.6815787279248,1152.0,1638,406.0,
liothyronine (l- isomer) sodium,1,0,4,1067.0,0.0,,1067,,
BRD-K68038686,1,0,4,1068.0,0.0,,1068,,
ag-879,3,0,4,1069.3333333333333,269.5135535655963,1395.0,1078,735.0,
k784-3131,4,0,4,1069.5,506.6618694948338,1330.0,1771,543.0,634.0
BRD-K26300881,3,0,4,1070.6666666666667,824.7845509922913,679.0,2218,315.0,
BRD-K20401833,1,0,4,1071.0,0.0,,1071,,
ncgc00180994-01,1,0,4,1073.0,0.0,,1073,,
tws119,4,0,4,1074.0,482.3992122713303,1155.0,1829,705.0,607.0
BRD-K06020002,2,0,4,1074.5,211.5,863.0,1286,,
BRD-K96405393,2,0,4,1075.0,24.0,1099.0,1051,,
cymarin,4,0,4,1075.5,578.7644166670926,953.0,2048,745.0,556.0
BRD-K82857306,1,0,4,1076.0,0.0,,1076,,
bp 554 maleate,2,0,4,1076.5,226.5,850.0,1303,,
BRD-K80786583,3,0,4,1077.3333333333333,549.4387034864662,1118.0,1729,385.0,
k784-3187,4,0,4,1079.0,636.418887211874,1100.0,2110,512.0,594.0
arcyriaflavin a,2,0,4,1080.5,419.5,661.0,1500,,
BRD-K67090983,1,0,4,1082.0,0.0,,1082,,
BRD-K00824317 (flurandrenolide),2,0,4,1084.5,706.5,378.0,1791,,
na-tosyl-phe chloromethyl ketone,2,0,4,1085.0,225.0,1310.0,860,,
BRD-A94377914,4,0,4,1085.5,343.0921887773022,1360.0,1473,869.0,640.0
ncgc00182942-03,2,0,4,1086.0,247.0,839.0,1333,,
BRD-K19540840,2,0,4,1086.5,121.5,1208.0,965,,
brefeldin a,4,0,4,1088.75,550.7464820586691,1367.0,1852,494.0,642.0
icariin,1,0,4,1089.0,0.0,,1089,,
estradiol valerate,3,0,4,1089.3333333333333,534.9531651358733,1004.0,1783,481.0,
cefixime,1,0,4,1090.0,0.0,,1090,,
ptb1,1,0,4,1091.0,0.0,,1091,,
BRD-K45435259,2,0,4,1093.0,487.0,606.0,1580,,
strophantine octahydrate,4,0,4,1093.25,618.8482750238543,1043.0,2119,632.0,579.0
ay 9944,2,0,4,1094.0,552.0,542.0,1646,,
menadione,4,0,4,1095.0,440.57065267673016,1229.0,1753,776.0,622.0
px12,4,0,4,1096.75,430.0507964182836,1332.0,1682,738.0,635.0
"ici-199,441 hydrochloride",1,0,4,1098.0,0.0,,1098,,
periplocymarin,4,0,4,1098.25,534.4353913243395,1414.0,1810,520.0,649.0
16beta-bromoandrosterone,2,0,4,1098.5,131.5,967.0,1230,,
tyrphostin ag 1478,4,0,4,1098.5,461.7929730950873,1344.0,1734,678.0,638.0
chlorprothixene hydrochloride,2,0,4,1099.0,183.0,916.0,1282,,
ivermectin,3,0,4,1099.6666666666667,337.5888360450064,1177.0,1469,653.0,
BRD-K51443908,2,0,4,1101.0,345.0,756.0,1446,,
ezetimibe,1,0,4,1102.0,0.0,,1102,,
t 0901317,3,0,4,1102.0,434.1666346769022,1001.0,1677,628.0,
penfluridol,4,0,4,1103.25,368.1394946212645,1370.0,1547,852.0,644.0
BRD-A75409952 (wortmannin),3,0,4,1103.3333333333333,178.87487867842768,1331.0,1085,894.0,
r-96544 hydrochloride,2,0,4,1105.5,217.5,888.0,1323,,
BRD-K18749194,1,0,4,1106.0,0.0,,1106,,
clonidine hydrochloride,2,0,4,1106.0,196.0,910.0,1302,,
BRD-A84524947,2,0,4,1107.0,151.0,956.0,1258,,
bay 11-7821,4,0,4,1107.75,537.2650067704019,1435.0,1817,529.0,650.0
BRD-K48950795,2,0,4,1108.0,8.0,1116.0,1100,,
purvalanol a,2,0,4,1108.5,102.5,1006.0,1211,,
BRD-K37798499,3,0,4,1109.0,539.9129559475305,1324.0,1636,367.0,
BRD-A80574334,1,0,4,1110.0,0.0,,1110,,
piceatannol,3,0,4,1111.3333333333333,609.7875768568009,924.0,1934,476.0,
kenpaullone,3,0,4,1111.6666666666667,614.053381682371,960.0,1928,447.0,
tl hras26 brd-k01877528,4,0,4,1112.75,617.2715670594265,1005.0,2147,732.0,567.0
BRD-K16180117,2,0,4,1113.5,226.5,887.0,1340,,
BRD-K18595892,2,0,4,1113.5,176.5,937.0,1290,,
hexylcaine hydrochloride,2,0,4,1115.0,100.0,1015.0,1215,,
BRD-K36038115,2,0,4,1115.5,280.5,835.0,1396,,
way 170523,2,0,4,1116.5,258.5,1375.0,858,,
carbamazepine,3,0,4,1117.6666666666667,249.41308884837798,978.0,1468,907.0,
D-4476,2,0,4,1118.5,866.5,252.0,1985,,
tolbutamide,1,0,4,1119.0,0.0,,1119,,
le 135,3,0,4,1119.3333333333333,588.7129087160301,1126.0,1837,395.0,
curcumin,4,0,4,1119.5,478.64940196348306,1250.0,1844,759.0,625.0
medroxyprogesterone 17-acetate,1,0,4,1120.0,0.0,,1120,,
sew 05685,2,0,4,1120.0,499.0,621.0,1619,,
bromocryptine mesylate,1,0,4,1121.0,0.0,,1121,,
ncgc00188740-01,3,0,4,1121.3333333333333,557.1650463631839,1542.0,1488,334.0,
BRD-K95138506,2,0,4,1122.0,135.0,987.0,1257,,
imodium,4,0,4,1122.25,540.2417861476471,1268.0,1945,650.0,626.0
BRD-A77467113,2,0,4,1123.0,6.0,1117.0,1129,,
BRD-K60870698,4,0,4,1123.0,684.7718598190203,1368.0,2123,358.0,643.0
"r(-)-2,10,11-trihydroxyaporphine",1,0,4,1124.0,0.0,,1124,,
kuc104495 kuc104495n,3,0,4,1124.3333333333333,415.13478400260425,1705.0,759,909.0,
phenothiazine,3,0,4,1124.3333333333333,443.94168786251896,875.0,1748,750.0,
h-5832,2,0,4,1125.0,162.0,963.0,1287,,
rhizocarpic acid,2,0,4,1125.0,341.0,784.0,1466,,
BRD-K06666320,3,0,4,1125.3333333333333,482.6912977140658,1211.0,1669,496.0,
rimexolone,2,0,4,1125.5,408.5,717.0,1534,,
cgk 733,3,0,4,1125.6666666666667,465.3130368066451,1054.0,1728,595.0,
BRD-K86899078,2,0,4,1128.0,129.0,1257.0,999,,
s1040,2,0,4,1128.0,3.0,1131.0,1125,,
puromycin hydrochloride,4,0,4,1129.25,564.9076805107185,1378.0,1937,556.0,646.0
fluspirilen,3,0,4,1129.3333333333333,187.1137503112894,1224.0,1296,868.0,
BRD-K67470788,3,0,4,1129.6666666666667,285.44740710369433,1226.0,1421,742.0,
pd 123319 ditrifluoroacetate,1,0,4,1130.0,0.0,,1130,,
BRD-A06664848,2,0,4,1130.5,120.5,1010.0,1251,,
ncgc00167097-01,2,0,4,1130.5,285.5,845.0,1416,,
raltitrexed,1,0,4,1131.0,0.0,,1131,,
hydroxychloroquine sulfate,1,0,4,1135.0,0.0,,1135,,
BRD-K82580504,2,0,4,1136.0,130.0,1266.0,1006,,
stock2s-79598,1,0,4,1138.0,0.0,,1138,,
hexamethylquercetagetin,1,0,4,1139.0,0.0,,1139,,
BRD-K66555411,1,0,4,1142.0,0.0,,1142,,
ski ii,4,0,4,1142.0,374.8326293160722,1467.0,1544,902.0,655.0
cy 208-243,2,0,4,1142.5,331.5,811.0,1474,,
BRD-K84091085,1,0,4,1143.0,0.0,,1143,,
modafinil,1,0,4,1144.0,0.0,,1144,,
BRD-K92317137,4,0,4,1145.0,507.92322254451017,1341.0,1887,715.0,637.0
BRD-K90697054,1,0,4,1147.0,0.0,,1147,,
BRD-U44618005,2,0,4,1147.5,91.5,1056.0,1239,,
BRD-K89224880,3,0,4,1147.6666666666667,362.78215073083305,1012.0,1644,787.0,
levonorgestrel,2,0,4,1148.0,124.0,1024.0,1272,,
trifluridine,1,0,4,1148.0,0.0,,1148,,
peitc,3,0,4,1149.0,413.93075105223414,1113.0,1673,661.0,
tetrahydropalmatine,1,0,4,1149.0,0.0,,1149,,
s1485,1,0,4,1152.0,0.0,,1152,,
BRD-K89059493,1,0,4,1154.0,0.0,,1154,,
BRD-K42499654,3,0,4,1154.3333333333333,888.7318055646608,605.0,2408,450.0,
s1028,1,0,4,1155.0,0.0,,1155,,
ftt,3,0,4,1156.3333333333333,460.33128167537006,1221.0,1685,563.0,
mevastatin,3,0,4,1156.3333333333333,432.0141458589316,1294.0,1603,572.0,
trichostatin a,4,0,4,1157.0,494.2772501339709,1363.0,1869,755.0,641.0
cucurbitacin i,2,0,4,1161.0,72.0,1089.0,1233,,
7b-cis,4,0,4,1161.25,525.7320491467112,1373.0,1925,702.0,645.0
gm6001,2,0,4,1161.5,261.5,900.0,1423,,
BRD-K88329126,1,0,4,1162.0,0.0,,1162,,
BRD-K62970326,2,0,4,1162.5,285.5,877.0,1448,,
betamethasone,3,0,4,1163.3333333333333,219.1275630514995,1446.0,1132,912.0,
BRD-K26818574,2,0,4,1163.5,418.5,745.0,1582,,
BRD-K52914903,3,0,4,1163.6666666666667,508.00874883105,881.0,1877,733.0,
ag 592,3,0,4,1164.6666666666667,681.9630162666855,1430.0,1835,229.0,
"ici-185,282",2,0,4,1165.0,192.0,973.0,1357,,
zm 306416 hydrochloride,1,0,4,1166.0,0.0,,1166,,
gtp 14564,1,0,4,1167.0,0.0,,1167,,
BRD-K14844937,2,0,4,1167.5,233.5,934.0,1401,,
BRD-K52075040,4,0,4,1167.75,591.918227038161,1326.0,2070,642.0,633.0
l-sulforophane,3,0,4,1168.6666666666667,424.84611593166557,1318.0,1598,590.0,
BRD-K83336168,3,0,4,1169.6666666666667,294.5056120951782,1156.0,1537,816.0,
celecoxib,1,0,4,1170.0,0.0,,1170,,
chaetocin,4,0,4,1171.5,599.854357323509,1283.0,2108,666.0,629.0
BRD-K98731749,2,0,4,1172.0,317.0,855.0,1489,,
ncgc00184716-01,3,0,4,1172.0,750.8435256429931,1259.0,2045,212.0,
b675700.cdx,4,0,4,1172.5,597.5150625716476,1337.0,2081,636.0,636.0
BRD-U37049823,3,0,4,1172.6666666666667,270.0152259081369,1374.0,1353,791.0,
flubendazole,2,0,4,1173.5,120.5,1053.0,1294,,
bibu 1361 dihydrochloride,3,0,4,1174.0,739.1468054453053,1217.0,2057,248.0,
mw-a1-12,4,0,4,1174.0,453.2251096309647,1457.0,1763,823.0,653.0
pz0004,1,0,4,1174.0,0.0,,1174,,
BRD-K61175124,1,0,4,1175.0,0.0,,1175,,
fk506,2,0,4,1175.5,7.5,1168.0,1183,,
ei-195,2,0,4,1176.0,315.0,1491.0,861,,
gw 4064,1,0,4,1178.0,0.0,,1178,,
BRD-K05977823,1,0,4,1180.0,0.0,,1180,,
kuc104135 kuc104135n,3,0,4,1180.6666666666667,373.6846561236121,947.0,1708,887.0,
remoxipride hydrochloride,1,0,4,1181.0,0.0,,1181,,
bl-010,2,0,4,1181.5,467.5,714.0,1649,,
parthenolide,4,0,4,1181.75,466.2517426240893,1451.0,1803,822.0,651.0
t5323840,4,0,4,1183.5,679.206338309648,1197.0,2288,635.0,614.0
ncgc00186101-01,1,0,4,1184.0,0.0,,1184,,
ncgc00182913-03,2,0,4,1184.5,306.5,878.0,1491,,
BRD-K28789065,1,0,4,1185.0,0.0,,1185,,
CHIR-99021,4,0,4,1186.0,710.1637135196363,1157.0,2355,624.0,608.0
fulvestrant,3,0,4,1186.0,361.71904382637456,1190.0,1627,741.0,
pt-630,1,0,4,1186.0,0.0,,1186,,
quercetin,2,0,4,1186.5,134.5,1321.0,1052,,
flunisolide,2,0,4,1187.0,161.0,1026.0,1348,,
BRD-K14704318,3,0,4,1189.0,218.79823277775043,1309.0,1376,882.0,
protein tyrosine phosphatase inhibitor iv,1,0,4,1190.0,0.0,,1190,,
ag 82,2,0,4,1190.5,590.5,600.0,1781,,
genistein,1,0,4,1191.0,0.0,,1191,,
BRD-K18163752,3,0,4,1191.6666666666667,418.05050199972516,1189.0,1705,681.0,
BRD-A89907244,1,0,4,1192.0,0.0,,1192,,
lfm-a12,1,0,4,1195.0,0.0,,1195,,
BRD-K11540476,3,0,4,1197.0,298.81209257101136,1246.0,1536,809.0,
p233,2,0,4,1197.5,95.5,1102.0,1293,,
testosterone,2,0,4,1197.5,352.5,1550.0,845,,
BRD-K05331696,3,0,4,1197.6666666666667,420.1121543376509,1119.0,1747,727.0,
ruxolitinib,3,0,4,1197.6666666666667,444.9242132718286,1025.0,1808,760.0,
gyki 52466 hydrochloride,1,0,4,1199.0,0.0,,1199,,
citalopram hydrobromide,3,0,4,1200.0,551.1956700362102,885.0,1975,740.0,
BRD-K74155249,1,0,4,1204.0,0.0,,1204,,
BRD-K31688005,1,0,4,1205.0,0.0,,1205,,
isocarboxazid,2,0,4,1206.0,238.0,968.0,1444,,
vu0420363-1,1,0,4,1206.0,0.0,,1206,,
vindesine,2,0,4,1210.0,554.0,656.0,1764,,
ag-014699 (pf-01367338),3,0,4,1210.3333333333333,676.2131485132644,974.0,2131,526.0,
dibutyrylcyclic amp,2,0,4,1210.5,3.5,1207.0,1214,,
BRD-K27484191,2,0,4,1211.0,347.0,1558.0,864,,
BRD-K77877933,3,0,4,1211.0,457.6308556030723,1134.0,1806,693.0,
BRD-K06217810,2,0,4,1212.0,152.0,1060.0,1364,,
hy-11068,2,0,4,1215.0,219.0,996.0,1434,,
testosterone propionate,2,0,4,1216.0,633.0,583.0,1849,,
BRD-K59470558,2,0,4,1218.0,195.0,1413.0,1023,,
BRD-K54687541,2,0,4,1219.0,180.0,1399.0,1039,,
BRD-K94580036,1,0,4,1219.0,0.0,,1219,,
c8273,2,0,4,1219.5,242.5,977.0,1462,,
alclometazone dipropionate,2,0,4,1220.0,17.0,1203.0,1237,,
forskolin,1,0,4,1220.0,0.0,,1220,,
blebbistatin,2,0,4,1221.0,99.0,1122.0,1320,,
nitazoxanide,3,0,4,1221.3333333333333,545.6692119671852,1198.0,1901,565.0,
ru 24969,1,0,4,1222.0,0.0,,1222,,
wiskostatin,2,0,4,1222.0,143.0,1365.0,1079,,
BRD-K79390395,3,0,4,1222.3333333333333,590.3272162303058,1115.0,1993,559.0,
BRD-K04676863,1,0,4,1224.0,0.0,,1224,,
s1011,3,0,4,1224.6666666666667,524.4567559760184,1125.0,1911,638.0,
BRD-K04534322,3,0,4,1226.0,489.1427876056915,1485.0,1652,541.0,
z2777,1,0,4,1227.0,0.0,,1227,,
BRD-K96704648,2,0,4,1228.0,166.0,1062.0,1394,,
terbutaline hemisulfate,1,0,4,1229.0,0.0,,1229,,
ag 957,4,0,4,1229.25,647.5536174711713,1107.0,2306,906.0,598.0
BRD-K10906552,3,0,4,1230.3333333333333,660.8057371287134,948.0,2143,600.0,
(-)-JQ1,1,0,4,1232.0,0.0,,1232,,
"dibutyryl-camp, sodium salt",2,0,4,1233.0,300.0,933.0,1533,,
amiodarone hydrochloride,2,0,4,1234.5,254.5,1489.0,980,,
naltrindole hydrochloride,2,0,4,1235.0,378.0,857.0,1613,,
auranofin,4,0,4,1236.0,619.8374786990538,1299.0,2221,794.0,630.0
btb06091sc,3,0,4,1236.3333333333333,490.4625934315028,1280.0,1814,615.0,
BRD-A61825514,1,0,4,1238.0,0.0,,1238,,
ncgc00182362-01,4,0,4,1238.0,656.4472560686045,1387.0,2251,667.0,647.0
1483-0018,2,0,4,1238.5,20.5,1218.0,1259,,
BRD-K86086851,3,0,4,1239.6666666666667,276.85896931269696,1322.0,1530,867.0,
rosiglitazone hydrochloride,3,0,4,1240.0,628.318921143289,1097.0,2071,552.0,
BRD-K05549170,3,0,4,1241.3333333333333,583.1068131616673,1486.0,1801,437.0,
BRD-K85818861,2,0,4,1242.0,508.0,734.0,1750,,
iopanoic acid,2,0,4,1242.0,210.0,1032.0,1452,,
s1019,2,0,4,1242.5,946.5,296.0,2189,,
cgs 9343b,2,0,4,1243.0,84.0,1327.0,1159,,
bd 1063 dihydrochloride,3,0,4,1243.3333333333333,361.56542361729714,1191.0,1710,829.0,
s1458,1,0,4,1246.0,0.0,,1246,,
formoterol,2,0,4,1249.0,63.0,1186.0,1312,,
ncgc00188536-01,3,0,4,1249.3333333333333,549.1207112790006,1182.0,1953,,613.0
BRD-K15716662,2,0,4,1249.5,96.5,1153.0,1346,,
indirubin-3?-monoxime,1,0,4,1250.0,0.0,,1250,,
fenobam,2,0,4,1251.5,251.5,1000.0,1503,,
nicardipine hydrochloride,1,0,4,1253.0,0.0,,1253,,
sch 58261,3,0,4,1253.0,656.23014255671,1304.0,2030,425.0,
BRD-K16533489,3,0,4,1253.6666666666667,430.11652168013984,1160.0,1821,780.0,
apigenin triacetate,1,0,4,1254.0,0.0,,1254,,
ncgc00188488-01,2,0,4,1255.0,265.0,990.0,1520,,
BRD-K56411643,4,0,4,1255.75,653.0870443516699,1273.0,2311,812.0,627.0
BRD-K35424586,2,0,4,1256.0,310.0,1566.0,946,,
t018500,1,0,4,1256.0,0.0,,1256,,
toremifene,2,0,4,1256.5,43.5,1213.0,1300,,
BRD-K82492171,1,0,4,1261.0,0.0,,1261,,
rhamnetin,1,0,4,1262.0,0.0,,1262,,
hy-11004,3,0,4,1263.0,708.9010274126189,1092.0,2204,493.0,
skf 81297 hydrobromide,2,0,4,1263.5,320.5,943.0,1584,,
BRD-U29336476,2,0,4,1264.5,152.5,1112.0,1417,,
BRD-K34974324,1,0,4,1265.0,0.0,,1265,,
kuc103885 kuc103885n,1,0,4,1266.0,0.0,,1266,,
BRD-K57080016,4,0,4,1267.5,614.057204175637,1407.0,2211,804.0,648.0
ncgc00182388-01,2,0,4,1267.5,688.5,579.0,1956,,
ncgc00182371-01,3,0,4,1268.0,389.7255444540427,1288.0,1735,781.0,
gr 32191 hydrochloride,3,0,4,1269.0,480.2311943220682,1320.0,1830,657.0,
my-5445,1,0,4,1269.0,0.0,,1269,,
1495-0136,1,0,4,1270.0,0.0,,1270,,
dipropyldopamine,2,0,4,1271.0,277.0,994.0,1548,,
"ici-162,846",3,0,4,1272.3333333333333,536.8651806759516,1366.0,1878,573.0,
ct-200783,4,0,4,1273.0,563.2206494794025,1465.0,2102,871.0,654.0
ag 18,3,0,4,1273.3333333333333,864.5076954866022,1047.0,2427,346.0,
hy-70061,2,0,4,1274.0,385.0,889.0,1659,,
l 161982,1,0,4,1274.0,0.0,,1274,,
piplartine,4,0,4,1274.0,631.2935133517531,1545.0,2182,709.0,660.0
sdm25n hydrochloride,2,0,4,1274.5,329.5,945.0,1604,,
hy-10159,3,0,4,1275.0,336.8243854988333,1251.0,1699,875.0,
jwh 015,1,0,4,1275.0,0.0,,1275,,
clomid,2,0,4,1276.0,13.0,1263.0,1289,,
sb 205384,2,0,4,1277.0,374.0,903.0,1651,,
BRD-K55612480,3,0,4,1277.3333333333333,331.30080323208125,1427.0,1587,818.0,
m9948,3,0,4,1277.3333333333333,467.3644782774527,1130.0,1909,793.0,
flucytosine,2,0,4,1278.0,232.0,1046.0,1510,,
BRD-A50774520,3,0,4,1279.0,591.1891970145147,1086.0,2080,671.0,
arg-a1-2 brd-k39580048,3,0,4,1279.3333333333333,594.1516828405203,1471.0,1892,475.0,
"l-750,667",2,0,4,1279.5,59.5,1220.0,1339,,
"clomiphene citrate (z,e)",1,0,4,1280.0,0.0,,1280,,
benazepril hydrochloride,2,0,4,1280.5,287.5,993.0,1568,,
cct 018159,3,0,4,1280.6666666666667,608.7113893755853,1275.0,2029,538.0,
ncgc00241435-01,2,0,4,1281.5,483.5,798.0,1765,,
ch 55,4,0,4,1283.0,671.6107503606535,1584.0,2242,644.0,662.0
api-2,3,0,4,1283.3333333333333,439.80020716482414,1377.0,1769,704.0,
trazodone hydrochloride,1,0,4,1284.0,0.0,,1284,,
ncgc00181920-01,1,0,4,1285.0,0.0,,1285,,
aloisine a,2,0,4,1287.0,539.0,748.0,1826,,
ketotifen fumarate,2,0,4,1287.5,141.5,1146.0,1429,,
vidarabine,3,0,4,1288.0,308.5222844463589,1458.0,1551,855.0,
c3393m50,2,0,4,1289.0,223.0,1512.0,1066,,
BRD-K69852452,4,0,4,1290.25,585.7398633352523,1454.0,2170,885.0,652.0
glimepiride,2,0,4,1292.0,592.0,700.0,1884,,
nsc 632839 hydrochloride,4,0,4,1292.5,722.091580064468,1539.0,2366,607.0,658.0
BRD-K91701654,3,0,4,1292.6666666666667,498.70788599695874,1141.0,1965,772.0,
BRD-A57107094,3,0,4,1294.6666666666667,734.5675976760447,1557.0,2034,293.0,
BRD-K94544211,1,0,4,1295.0,0.0,,1295,,
OSI-930,3,0,4,1298.0,357.7680813040761,1670.0,1409,815.0,
BRD-K38340366,2,0,4,1298.5,212.5,1511.0,1086,,
gw 583340 dihydrochloride,3,0,4,1299.6666666666667,485.0218780861563,1437.0,1813,649.0,
BRD-K15592317,2,0,4,1302.5,512.5,790.0,1815,,
thiostrepton,3,0,4,1303.0,639.0075638571633,1339.0,2067,503.0,
BRD-K76236182,3,0,4,1303.6666666666667,398.8034882272499,1453.0,1700,758.0,
s1176,2,0,4,1304.5,274.5,1579.0,1030,,
ncgc00182361-01,3,0,4,1305.3333333333333,458.35381772406157,1410.0,1807,699.0,
np-009265,3,0,4,1306.0,632.0458844103014,1292.0,2087,539.0,
BRD-K62310379 (fluticasone propionate),3,0,4,1308.3333333333333,614.9175193109686,1181.0,2117,627.0,
BRD-K03814443,2,0,4,1309.0,174.0,1135.0,1483,,
bcl-2 inhibitor,2,0,4,1309.5,433.5,876.0,1743,,
BRD-K68548958,4,0,4,1309.75,631.2433663017774,1518.0,2248,817.0,656.0
hts 10765,1,0,4,1310.0,0.0,,1310,,
linopirdine dihydrochloride,1,0,4,1311.0,0.0,,1311,,
herniarin,3,0,4,1312.3333333333333,716.6153469997384,1260.0,2215,462.0,
cimaterol,1,0,4,1313.0,0.0,,1313,,
p5172,2,0,4,1313.0,316.0,997.0,1629,,
BRD-A93393712,3,0,4,1313.3333333333333,435.32771818737,1298.0,1854,788.0,
sb 334867,1,0,4,1315.0,0.0,,1315,,
BRD-K23673040,3,0,4,1315.6666666666667,677.6795375068924,1080.0,2238,629.0,
stk661558,1,0,4,1316.0,0.0,,1316,,
BRD-K75128590,3,0,4,1316.3333333333333,496.88719936107117,1111.0,2001,837.0,
BRD-K85318537 (obaa),2,0,4,1316.5,661.5,655.0,1978,,
hemado,2,0,4,1316.5,250.5,1066.0,1567,,
ml 9 hydrochloride,2,0,4,1316.5,147.5,1169.0,1464,,
mln2238,4,0,4,1319.0,654.7564432672656,1541.0,2291,785.0,659.0
fluconazole,2,0,4,1323.0,397.0,926.0,1720,,
BRD-A80960055,2,0,4,1324.5,152.5,1172.0,1477,,
riluzole hydrochloride,1,0,4,1325.0,0.0,,1325,,
"chrysene-1,4-quinone",2,0,4,1325.5,56.5,1269.0,1382,,
BRD-A18725729,4,0,4,1327.0,655.6039200614956,1538.0,2305,808.0,657.0
arachidonyl trifluoro-methyl ketone,4,0,4,1328.0,676.7488455845344,1555.0,2335,761.0,661.0
progesterone,1,0,4,1328.0,0.0,,1328,,
hycanthone,1,0,4,1329.0,0.0,,1329,,
prozac,2,0,4,1329.0,261.0,1068.0,1590,,
u-0126,3,0,4,1329.3333333333333,321.0704318716101,1416.0,1672,900.0,
BRD-K99633092,3,0,4,1331.3333333333333,629.0820472897174,1517.0,1992,485.0,
BRD-A43155244,3,0,4,1334.0,527.2728578892211,1409.0,1939,654.0,
guanabenz acetate,1,0,4,1334.0,0.0,,1334,,
dihydroergocristine,3,0,4,1334.3333333333333,466.2662567913555,1325.0,1910,768.0,
BRD-K14939371,2,0,4,1334.5,89.5,1245.0,1424,,
at-csc-18 brd-k01121114,3,0,4,1334.6666666666667,388.18752627506666,1369.0,1792,843.0,
puromycin dihydrochloride,3,0,4,1335.3333333333333,909.3713335168546,1417.0,2406,183.0,
sb 216641 hydrochloride,2,0,4,1336.0,325.0,1011.0,1661,,
"methyl 2,5-dihydroxycinnamate",2,0,4,1336.5,374.5,962.0,1711,,
BRD-K07877311,3,0,4,1337.6666666666667,452.2405947673821,1188.0,1951,874.0,
BRD-K84450674,1,0,4,1338.0,0.0,,1338,,
BRD-K35716340,3,0,4,1339.3333333333333,320.59770568250934,1505.0,1622,891.0,
BRD-K00317371,3,0,4,1340.0,370.95911724429504,1440.0,1736,844.0,
BRD-K39345836,1,0,4,1341.0,0.0,,1341,,
BRD-K33116223,3,0,4,1343.0,605.8432140413888,1158.0,2160,711.0,
doxylamine succinate,1,0,4,1343.0,0.0,,1343,,
chemistry 2804,4,0,4,1343.25,743.5039929280811,1597.0,2449,664.0,663.0
BRD-K06765193,3,0,4,1345.0,638.7649541628491,1319.0,2140,576.0,
deguelin(-),1,0,4,1345.0,0.0,,1345,,
mammea a/ba + a/bb,2,0,4,1346.5,307.5,1039.0,1654,,
d 4476,1,0,4,1347.0,0.0,,1347,,
idelalisib,2,0,4,1349.0,339.0,1688.0,1010,,
ossk 645683,3,0,4,1349.0,409.8422460736163,1543.0,1725,779.0,
BRD-A98444709,2,0,4,1349.5,568.5,781.0,1918,,
cortisone,2,0,4,1349.5,523.5,826.0,1873,,
npc 15199,3,0,4,1350.3333333333333,744.0113499731633,1201.0,2327,523.0,
SB-216763,2,0,4,1350.5,512.5,838.0,1863,,
BRD-A49848186,3,0,4,1352.0,459.37421201746474,1249.0,1959,848.0,
cyclo [arg-gly-asp-d-phe-val],2,0,4,1352.0,343.0,1009.0,1695,,
minocycline hydrochloride,3,0,4,1353.0,504.05555249396866,1291.0,1999,769.0,
oxindole i,3,0,4,1353.6666666666667,455.9943956770619,1293.0,1940,828.0,
BRD-K56653679,3,0,4,1354.3333333333333,547.3459194655201,1329.0,2037,697.0,
BRD-K70831943,1,0,4,1356.0,0.0,,1356,,
f9428,1,0,4,1358.0,0.0,,1358,,
BRD-K89626439,1,0,4,1359.0,0.0,,1359,,
meprylcaine hydrochloride,1,0,4,1360.0,0.0,,1360,,
BRD-A59145032,3,0,4,1360.6666666666667,405.21955639984714,1564.0,1723,795.0,
BRD-A68930007 (ouabain),3,0,4,1360.6666666666667,524.412263607767,1397.0,1984,701.0,
hydrocortisone acetate,3,0,4,1362.3333333333333,471.4900729484014,1445.0,1894,748.0,
BRD-K20000640,1,0,4,1365.0,0.0,,1365,,
estradiol,2,0,4,1366.0,258.0,1108.0,1624,,
BRD-U64289953,1,0,4,1367.0,0.0,,1367,,
BRD-K78633253,2,0,4,1367.5,513.5,854.0,1881,,
bl-009,2,0,4,1368.0,215.0,1583.0,1153,,
BRD-K23657553,1,0,4,1369.0,0.0,,1369,,
gr 46611,1,0,4,1371.0,0.0,,1371,,
ei-332,2,0,4,1372.0,1.0,1371.0,1373,,
mometasone furoate,2,0,4,1372.0,493.0,879.0,1865,,
ncgc00242279-01,2,0,4,1372.5,477.5,895.0,1850,,
as605240,3,0,4,1376.3333333333333,595.3689798958477,1490.0,2042,597.0,
t5212475,3,0,4,1376.3333333333333,734.0818906785687,1284.0,2318,527.0,
BRD-K22096725,1,0,4,1377.0,0.0,,1377,,
4-aminosalicylic acid,3,0,4,1378.0,408.3038084563993,1460.0,1832,842.0,
BRD-K13665914,1,0,4,1378.0,0.0,,1378,,
angiogenesis inhibitor,2,0,4,1378.0,24.0,1402.0,1354,,
BRD-K11072542,1,0,4,1379.0,0.0,,1379,,
t0516-4420,3,0,4,1379.0,801.4515997031053,1008.0,2492,637.0,
s1362,2,0,4,1379.5,139.5,1240.0,1519,,
BRD-K42644990,3,0,4,1379.6666666666667,351.9936868120727,1657.0,1599,883.0,
flurandrenolide,3,0,4,1380.0,502.4785235874929,1253.0,2049,838.0,
bithionate sodium,3,0,4,1380.3333333333333,717.9532637218726,905.0,2395,841.0,
BRD-K08640787,1,0,4,1381.0,0.0,,1381,,
bw 723c86 hydrochloride,2,0,4,1383.5,209.5,1174.0,1593,,
azacytidine-5,2,0,4,1384.0,122.0,1262.0,1506,,
dehydroisoandosterone 3-acetate,2,0,4,1384.5,405.5,979.0,1790,,
BRD-K23217072,2,0,4,1388.5,369.5,1019.0,1758,,
hy-10344,1,0,4,1389.0,0.0,,1389,,
mls-0435555.0001,2,0,4,1389.0,400.0,989.0,1789,,
BRD-K90826279,2,0,4,1390.5,214.5,1176.0,1605,,
tracazolate hydrochloride,1,0,4,1391.0,0.0,,1391,,
ncgc00185837-02,3,0,4,1391.3333333333333,596.4642114624779,1474.0,2077,623.0,
BRD-K49865102,2,0,4,1392.0,873.0,519.0,2265,,
ncgc00188535-01,3,0,4,1392.3333333333333,478.76391769732277,1516.0,1907,754.0,
sq 22536,2,0,4,1392.5,340.5,1052.0,1733,,
BRD-K88868628,3,0,4,1394.6666666666667,518.8926243025194,1183.0,2109,892.0,
pdgf receptor tyrosine kinase inhibitor i,3,0,4,1396.3333333333333,792.509235838226,1034.0,2496,659.0,
s1080,1,0,4,1397.0,0.0,,1397,,
BRD-K92301463,3,0,4,1400.0,435.5647674762809,1470.0,1895,835.0,
clobenpropit dihydrobromide,1,0,4,1400.0,0.0,,1400,,
BRD-U82589721,2,0,4,1400.5,252.5,1148.0,1653,,
s1452,2,0,4,1400.5,54.5,1346.0,1455,,
pj 34 hydrochloride,3,0,4,1401.6666666666667,602.8854691306541,1554.0,2052,599.0,
BRD-K77547509,3,0,4,1402.0,468.95913112622793,1342.0,2004,860.0,
elesclomol,3,0,4,1402.3333333333333,645.1673340218714,1421.0,2183,603.0,
BRD-K83194053,1,0,4,1403.0,0.0,,1403,,
s(-)-timolol,2,0,4,1403.5,142.5,1261.0,1546,,
ca-074-me,3,0,4,1403.6666666666667,763.4021803013723,1193.0,2426,592.0,
flavokawain b,1,0,4,1404.0,0.0,,1404,,
quinine hemisulfate salt monohydrate,2,0,4,1405.0,220.0,1185.0,1625,,
tl hras24 brd-k93060291,3,0,4,1405.0,444.2319214104272,1466.0,1916,833.0,
ei-247,3,0,4,1405.3333333333333,452.86814367490626,1356.0,1983,877.0,
u0126,3,0,4,1405.6666666666667,623.283955263481,1353.0,2194,670.0,
k784-3188,3,0,4,1406.6666666666667,660.8486126859077,1582.0,2114,524.0,
dau 5884 hydrochloride,1,0,4,1407.0,0.0,,1407,,
BRD-K37043259,1,0,4,1408.0,0.0,,1408,,
BRD-K22006123,3,0,4,1409.0,457.84349582217135,1390.0,1979,858.0,
p0030,3,0,4,1409.3333333333333,419.0730511763101,1476.0,1886,866.0,
BRD-K71935468,3,0,4,1409.6666666666667,691.8026372375932,1159.0,2354,716.0,
triamcinolone diacetate,1,0,4,1410.0,0.0,,1410,,
raf1 kinase inhibitor i,1,0,4,1411.0,0.0,,1411,,
ag 527,2,0,4,1412.0,431.0,981.0,1843,,
ed csc 15,3,0,4,1412.6666666666667,456.8765940844663,1335.0,2007,896.0,
BRD-K96274284,1,0,4,1413.0,0.0,,1413,,
ncgc00182378-01,3,0,4,1413.3333333333333,636.7219871253772,1372.0,2213,655.0,
rev-5901,2,0,4,1413.5,100.5,1313.0,1514,,
nu7026,2,0,4,1414.5,208.5,1206.0,1623,,
BRD-K97936712,1,0,4,1415.0,0.0,,1415,,
BRD-K60093216,2,0,4,1416.0,386.0,1030.0,1802,,
ncgc00183237-01,2,0,4,1416.5,569.5,847.0,1986,,
BRD-K33720394,2,0,4,1417.0,275.0,1142.0,1692,,
penitrem a,1,0,4,1418.0,0.0,,1418,,
BRD-K12762134,2,0,4,1419.0,145.0,1274.0,1564,,
BRD-K50234570,3,0,4,1421.0,536.3698972413223,1394.0,2091,778.0,
isoreserpine,2,0,4,1421.0,190.0,1231.0,1611,,
sr 142948,2,0,4,1422.0,351.0,1071.0,1773,,
trolox,2,0,4,1423.5,102.5,1526.0,1321,,
brazilin,3,0,4,1424.3333333333333,529.8913934844469,1281.0,2133,859.0,
calcitriol,1,0,4,1425.0,0.0,,1425,,
BRD-A58924247,3,0,4,1425.6666666666667,810.492168719449,1406.0,2428,443.0,
BRD-A32449311,2,0,4,1426.5,189.5,1237.0,1616,,
docetaxel,1,0,4,1427.0,0.0,,1427,,
thiophene-2-carboxylic acid benzothiazol-2-ylamide mls-0446110.0001,2,0,4,1427.5,179.5,1248.0,1607,,
BRD-K34092011,1,0,4,1428.0,0.0,,1428,,
BRD-K86761848,2,0,4,1431.0,190.0,1241.0,1621,,
ppt,1,0,4,1431.0,0.0,,1431,,
lidoflazine,1,0,4,1432.0,0.0,,1432,,
ncgc00182609-01,3,0,4,1433.6666666666667,527.2939302598589,1652.0,1942,707.0,
estradiol benzoate,1,0,4,1435.0,0.0,,1435,,
dexamethasone,2,0,4,1435.5,566.5,869.0,2002,,
lanatoside c,3,0,4,1435.6666666666667,660.1819614486768,1388.0,2267,652.0,
BRD-K14749055,1,0,4,1436.0,0.0,,1436,,
BRD-K28610502,2,0,4,1436.5,169.5,1267.0,1606,,
11k-629s,2,0,4,1437.0,225.0,1662.0,1212,,
BRD-A82238138 (budesonide),2,0,4,1437.5,193.5,1244.0,1631,,
BRD-K94390040,2,0,4,1438.5,394.5,1044.0,1833,,
BRD-K18861610,1,0,4,1439.0,0.0,,1439,,
halcinonide,2,0,4,1440.0,882.0,558.0,2322,,
ranolazine,2,0,4,1444.5,293.5,1151.0,1738,,
BRD-K77987635,1,0,4,1445.0,0.0,,1445,,
z-leu3-vs,3,0,4,1446.0,454.99523807031943,1497.0,1976,865.0,
hy-10992,3,0,4,1446.3333333333333,468.6330002132681,1501.0,1991,847.0,
ncgc00167398-02,3,0,4,1446.3333333333333,623.0689278794833,1381.0,2240,718.0,
budesonide,2,0,4,1446.5,814.5,632.0,2261,,
8-cpt-2-me-camp,1,0,4,1447.0,0.0,,1447,,
BRD-K82594686,2,0,4,1448.0,212.0,1236.0,1660,,
phenazopyridine hydrochloride,1,0,4,1449.0,0.0,,1449,,
np-000732,3,0,4,1449.6666666666667,604.1171703863048,1502.0,2162,685.0,
BRD-A37735495,3,0,4,1450.0,681.8274464017027,1509.0,2254,587.0,
cam-9-026 brd-k91442916,1,0,4,1450.0,0.0,,1450,,
jzl-184,3,0,4,1450.0,842.7981173843868,1528.0,2441,381.0,
pd 198306,3,0,4,1452.3333333333333,386.85081821750816,1677.0,1772,908.0,
azathioprine,1,0,4,1453.0,0.0,,1453,,
fenoterol hydrobromide,1,0,4,1454.0,0.0,,1454,,
pentobarbital,3,0,4,1455.3333333333333,636.0316204578372,1323.0,2292,751.0,
BRD-K78373679,2,0,4,1455.5,397.5,1058.0,1853,,
nefazodone hydrochloride,2,0,4,1455.5,372.5,1083.0,1828,,
domperidone,1,0,4,1457.0,0.0,,1457,,
BRD-K88832793,2,0,4,1458.0,181.0,1277.0,1639,,
dm-55-3 brd-k81592585,2,0,4,1458.5,124.5,1334.0,1583,,
oxybenzone,1,0,4,1459.0,0.0,,1459,,
s1175,2,0,4,1459.5,216.5,1243.0,1676,,
stock3s-04022,3,0,4,1460.3333333333333,699.1882594997016,1433.0,2330,618.0,
rk-682,3,0,4,1461.3333333333333,564.2306462983221,1393.0,2184,807.0,
sertraline hydrochloride,2,0,4,1463.0,111.0,1352.0,1574,,
risperidone,1,0,4,1465.0,0.0,,1465,,
ncgc00182390-01,3,0,4,1467.6666666666667,599.5739227892495,1301.0,2271,831.0,
b4313,3,0,4,1469.3333333333333,522.1630226492701,1392.0,2144,872.0,
bms 299897,1,0,4,1470.0,0.0,,1470,,
donepezil hydrochloride,2,0,4,1470.0,556.0,914.0,2026,,
sdz 21009,1,0,4,1471.0,0.0,,1471,,
BRD-K76691125,2,0,4,1474.5,244.5,1230.0,1719,,
ncgc00238427-01,1,0,4,1475.0,0.0,,1475,,
BRD-K73567619,3,0,4,1475.3333333333333,551.0210723939896,1436.0,2169,821.0,
prestw-550,3,0,4,1477.3333333333333,409.297229678167,1648.0,1871,913.0,
BRD-K16618170,2,0,4,1477.5,404.5,1073.0,1882,,
mdl-28170,1,0,4,1478.0,0.0,,1478,,
BRD-K11362964,1,0,4,1479.0,0.0,,1479,,
hy-50877,2,0,4,1479.0,225.0,1254.0,1704,,
e6 berbamine,2,0,4,1479.5,434.5,1045.0,1914,,
bo2 (inhibits rad51),3,0,4,1480.0,567.6413186746246,1500.0,2165,775.0,
deoxyandirobin lactone,1,0,4,1480.0,0.0,,1480,,
nnc 26-9100,2,0,4,1480.5,331.5,1149.0,1812,,
flecainide acetate,1,0,4,1481.0,0.0,,1481,,
minoxidil,3,0,4,1481.0,411.5977000259679,1703.0,1836,904.0,
triclosan,3,0,4,1481.6666666666667,503.1012710070299,1636.0,2006,803.0,
BRD-A10523515,1,0,4,1482.0,0.0,,1482,,
BRD-K09854848,3,0,4,1482.3333333333333,580.1794741476315,1494.0,2187,766.0,
altrenogest,2,0,4,1482.5,30.5,1452.0,1513,,
pravastatin sodium salt,2,0,4,1482.5,739.5,743.0,2222,,
lumicolchicine gamma,2,0,4,1483.0,150.0,1333.0,1633,,
BRD-K66254772,3,0,4,1483.6666666666667,570.2925175342524,1626.0,2100,725.0,
BRD-K23282736,2,0,4,1484.5,58.5,1426.0,1543,,
BRD-K86027709,1,0,4,1485.0,0.0,,1485,,
ag 9,3,0,4,1485.3333333333333,591.532097372765,1678.0,2094,684.0,
homatropine bromide,1,0,4,1486.0,0.0,,1486,,
pp 1,3,0,4,1486.3333333333333,551.174100342976,1547.0,2129,783.0,
BRD-K97764662,2,0,4,1487.0,9.0,1478.0,1496,,
BRD-K83509924,1,0,4,1490.0,0.0,,1490,,
devazepide,2,0,4,1490.5,34.5,1456.0,1525,,
BRD-K58214070,3,0,4,1491.3333333333333,436.25400348369936,1701.0,1889,884.0,
BRD-K58547240,3,0,4,1491.6666666666667,715.2809859690728,1302.0,2447,726.0,
u 99194 maleate,2,0,4,1492.0,416.0,1076.0,1908,,
BRD-A18411371,3,0,4,1493.0,639.4732207059183,1473.0,2286,720.0,
motesanib,1,0,4,1495.0,0.0,,1495,,
lenalidomide,2,0,4,1495.5,46.5,1449.0,1542,,
fenretinide,3,0,4,1496.3333333333333,574.9442485049215,1479.0,2209,801.0,
BRD-U86222656,3,0,4,1499.0,514.0940251225127,1514.0,2121,862.0,
s-8599,2,0,4,1500.0,164.0,1336.0,1664,,
pq 401,1,0,4,1501.0,0.0,,1501,,
l 655240,2,0,4,1502.0,401.0,1101.0,1903,,
BRD-K06405410,1,0,4,1504.0,0.0,,1504,,
isoflupredone acetate,3,0,4,1504.3333333333333,730.0508353684846,1487.0,2407,619.0,
arachidonamide,2,0,4,1505.5,150.5,1656.0,1355,,
mls-0390982,1,0,4,1508.0,0.0,,1508,,
glyburide,2,0,4,1510.0,276.0,1234.0,1786,,
bambuterol hydrochloride,2,0,4,1510.5,205.5,1305.0,1716,,
n-chlorophenyl-n-hexylpiperazine,2,0,4,1511.5,446.5,1065.0,1958,,
ncgc00165208-01,2,0,4,1512.0,358.0,1154.0,1870,,
stock1s-53863,3,0,4,1512.0,678.0447379536741,1384.0,2399,753.0,
st056792,3,0,4,1513.3333333333333,541.36206820287,1506.0,2180,854.0,
BRD-K33045404,2,0,4,1514.0,164.0,1350.0,1678,,
BRD-K65904652,2,0,4,1514.5,229.5,1285.0,1744,,
BRD-A52193669,2,0,4,1515.0,237.0,1278.0,1752,,
dilazep dihydrochloride,1,0,4,1515.0,0.0,,1515,,
BRD-A68065211,3,0,4,1516.0,668.9055738044547,1464.0,2360,724.0,
BIX-02189,2,0,4,1516.5,200.5,1316.0,1717,,
(-)-gallocatechin gallate,3,0,4,1517.3333333333333,548.3899666802407,1586.0,2152,814.0,
methoxsalen,3,0,4,1519.3333333333333,548.4823505719112,1556.0,2172,830.0,
mls-0437633.0003,3,0,4,1520.3333333333333,514.801148233201,1520.0,2151,890.0,
BRD-K41859756,3,0,4,1520.6666666666667,517.1539637498896,1577.0,2124,861.0,
remacemide hydrochloride,2,0,4,1521.0,302.0,1219.0,1823,,
BRD-K25731886,2,0,4,1521.5,428.5,1093.0,1950,,
palda,2,0,4,1521.5,282.5,1239.0,1804,,
pentylenetetrazole,2,0,4,1521.5,649.5,872.0,2171,,
BRD-K02920722,1,0,4,1522.0,0.0,,1522,,
BRD-K33720404,2,0,4,1522.5,328.5,1194.0,1851,,
bisindolylmaleimide iv,1,0,4,1523.0,0.0,,1523,,
ncgc00181799-01,2,0,4,1526.0,451.0,1075.0,1977,,
epicatechin monogallate,1,0,4,1527.0,0.0,,1527,,
erythrosine sodium,2,0,4,1527.5,212.5,1315.0,1740,,
BRD-K23149109,1,0,4,1529.0,0.0,,1529,,
nifuroxazide,2,0,4,1529.0,415.0,1114.0,1944,,
mdm2 inhibitor,3,0,4,1530.0,509.65151492629417,1698.0,2053,839.0,
liothyronine,1,0,4,1531.0,0.0,,1531,,
BRD-A41250203,3,0,4,1531.3333333333333,600.9422231425875,1530.0,2268,796.0,
fr 139317,1,0,4,1532.0,0.0,,1532,,
BRD-A83124583,3,0,4,1535.6666666666667,630.4899329533783,1423.0,2358,826.0,
rg 108,3,0,4,1536.3333333333333,471.07630898707794,1687.0,2023,899.0,
triamcinolone,3,0,4,1537.0,504.73821597603114,1581.0,2132,898.0,
betamethasone acetate,2,0,4,1538.0,737.0,801.0,2275,,
duloxetine hydrochloride,1,0,4,1538.0,0.0,,1538,,
xaliproden hydrochloride,1,0,4,1541.0,0.0,,1541,,
pyrvinium pamoate,2,0,4,1541.5,245.5,1296.0,1787,,
BRD-K67619794,2,0,4,1545.0,310.0,1235.0,1855,,
hy-10966,2,0,4,1545.0,361.0,1184.0,1906,,
pifithrin- ?,3,0,4,1545.3333333333333,596.0270314526198,1599.0,2247,790.0,
cyclosporin a,2,0,4,1546.0,122.0,1424.0,1668,,
cpccoet,2,0,4,1547.5,418.5,1129.0,1966,,
"ly-163,502",2,0,4,1547.5,319.5,1228.0,1867,,
BRD-K76938712,3,0,4,1548.3333333333333,524.9414782197683,1619.0,2153,873.0,
mg-132,3,0,4,1548.3333333333333,703.0667741323642,1535.0,2416,694.0,
BRD-K86231656,1,0,4,1549.0,0.0,,1549,,
stock2s-69948,1,0,4,1550.0,0.0,,1550,,
mw-ras12,3,0,4,1552.3333333333333,656.5959352769572,1571.0,2347,739.0,
nrb 04155,3,0,4,1553.0,796.2667057378869,1629.0,2488,542.0,
BRD-A40431293,3,0,4,1553.3333333333333,669.8543788681902,1498.0,2400,762.0,
fluorometholone,2,0,4,1553.5,72.5,1481.0,1626,,
BRD-K92981876,1,0,4,1554.0,0.0,,1554,,
fit,2,0,4,1554.5,383.5,1171.0,1938,,
BRD-K32896438,3,0,4,1555.0,680.1313598612159,1461.0,2431,773.0,
carbidopa,3,0,4,1555.3333333333333,543.0103334396338,1546.0,2225,895.0,
6-diazo-5-oxo-l-norleucine,3,0,4,1555.6666666666667,544.8481949640244,1643.0,2175,849.0,
BRD-K82384352,1,0,4,1556.0,0.0,,1556,,
BRD-K89451433,1,0,4,1557.0,0.0,,1557,,
nafadotride,1,0,4,1558.0,0.0,,1558,,
UNC1215,1,0,4,1559.0,0.0,,1559,,
ncgc00242296-02,2,0,4,1561.5,40.5,1521.0,1602,,
BRD-K79382620,3,0,4,1562.0,507.2678450943512,1646.0,2137,903.0,
bntx maleate,3,0,4,1562.3333333333333,556.2327650263771,1639.0,2202,846.0,
s1142,2,0,4,1562.5,472.5,1090.0,2035,,
moban,3,0,4,1564.0,601.1810598036724,1540.0,2312,840.0,
rosuvastatin calcium,2,0,4,1566.5,374.5,1192.0,1941,,
ei-155,3,0,4,1567.3333333333333,698.6130704633447,1483.0,2462,757.0,
"15-deoxy-?12,14-prostaglandin j2",3,0,4,1568.3333333333333,659.8850068172653,1508.0,2405,792.0,
pyrrolidinedithiocarbamate ammonium,1,0,4,1573.0,0.0,,1573,,
rho kinase inhibitor iii [rockout],2,0,4,1573.0,74.0,1647.0,1499,,
BRD-K46499837,2,0,4,1573.5,495.5,1078.0,2069,,
ncgc00012508-02,2,0,4,1573.5,172.5,1401.0,1746,,
retinoic acid,3,0,4,1574.6666666666667,573.1999844925175,1568.0,2280,876.0,
cyclopiazonic acid,2,0,4,1575.5,323.5,1252.0,1899,,
BRD-K53610452,1,0,4,1576.0,0.0,,1576,,
BRD-K61981833,2,0,4,1576.5,438.5,1138.0,2015,,
BRD-K24754728,2,0,4,1577.0,319.0,1258.0,1896,,
iodipamide,1,0,4,1577.0,0.0,,1577,,
diclofenac sodium,2,0,4,1577.5,222.5,1355.0,1800,,
cp 94253 hydrochloride,1,0,4,1579.0,0.0,,1579,,
medrysone,2,0,4,1579.5,416.5,1163.0,1996,,
BRD-K20914082,2,0,4,1581.0,21.0,1602.0,1560,,
bg fa 0953,2,0,4,1581.0,565.0,1016.0,2146,,
tyrphostin 47,2,0,4,1584.0,320.0,1264.0,1904,,
mdl 29951,1,0,4,1589.0,0.0,,1589,,
BRD-A06929388,3,0,4,1590.0,543.1948698825005,1691.0,2199,880.0,
BRD-K94991378,3,0,4,1590.6666666666667,667.6028426808529,1573.0,2417,782.0,
"2,5-dideoxyadenosine",1,0,4,1591.0,0.0,,1591,,
BRD-K57309821,1,0,4,1592.0,0.0,,1592,,
BRD-K40373196,3,0,4,1593.6666666666667,607.9826386410133,1578.0,2346,857.0,
np-009169,3,0,4,1594.6666666666667,650.8631875355135,1612.0,2383,789.0,
way 213613,1,0,4,1595.0,0.0,,1595,,
ncgc00242340-01,2,0,4,1595.5,631.5,964.0,2227,,
sb 206553 hydrochloride,1,0,4,1596.0,0.0,,1596,,
BRD-K71489689,2,0,4,1596.5,293.5,1303.0,1890,,
BRD-A95445494,2,0,4,1600.0,34.0,1634.0,1566,,
zileuton,2,0,4,1600.5,218.5,1382.0,1819,,
BRD-K41925105,3,0,4,1602.6666666666667,657.596803182281,1559.0,2429,820.0,
r2146,3,0,4,1602.6666666666667,616.4707796986182,1635.0,2341,832.0,
BRD-K30993697,2,0,4,1606.0,384.0,1222.0,1990,,
cinanserin hydrochloride,1,0,4,1608.0,0.0,,1608,,
ei-346,3,0,4,1608.3333333333333,687.5106463822134,1574.0,2467,784.0,
BRD-K58306044,2,0,4,1609.5,473.5,1136.0,2083,,
ly 225910,2,0,4,1611.0,322.0,1289.0,1933,,
penicillin g potassium,3,0,4,1611.0,678.170086826798,1575.0,2459,799.0,
BRD-K86472598,3,0,4,1611.3333333333333,600.807419690832,1637.0,2334,863.0,
cilostamide,2,0,4,1612.0,356.0,1256.0,1968,,
"l-690,330",3,0,4,1612.3333333333333,620.7008583492982,1650.0,2353,834.0,
bl-076,1,0,4,1614.0,0.0,,1614,,
clopidogrel,3,0,4,1614.0,603.5914733217052,1592.0,2364,886.0,
BRD-K03015355,1,0,4,1615.0,0.0,,1615,,
pyrazolanthrone,1,0,4,1617.0,0.0,,1617,,
BRD-K83816656,1,0,4,1618.0,0.0,,1618,,
BRD-K02558072,2,0,4,1618.5,402.5,1216.0,2021,,
2-fluoropalmitic acid,1,0,4,1620.0,0.0,,1620,,
BRD-A11087911,2,0,4,1622.5,265.5,1357.0,1888,,
BRD-K12393722,2,0,4,1622.5,239.5,1383.0,1862,,
kuc104487 kuc104487n,3,0,4,1623.0,640.1895552620854,1611.0,2413,845.0,
s1172,2,0,4,1623.0,789.0,834.0,2412,,
fludrocortisone acetate,2,0,4,1625.0,150.0,1475.0,1775,,
kb-r7943 mesylate,2,0,4,1625.0,102.0,1523.0,1727,,
linezolid,2,0,4,1625.0,430.0,1195.0,2055,,
st4070169,2,0,4,1625.0,460.0,1165.0,2085,,
coumarinic acid methyl ether,1,0,4,1628.0,0.0,,1628,,
immepip dihydrobromide,2,0,4,1628.0,478.0,1150.0,2106,,
pivmecillinam hydrochloride,1,0,4,1630.0,0.0,,1630,,
BRD-K22631935,2,0,4,1630.5,535.5,1095.0,2166,,
ssr 69071,3,0,4,1630.6666666666667,602.8003170389198,1654.0,2357,881.0,
BRD-K20718732,2,0,4,1631.5,163.5,1468.0,1795,,
mifepristone,2,0,4,1631.5,69.5,1562.0,1701,,
triamcinolone acetonide,2,0,4,1631.5,50.5,1682.0,1581,,
dihomo-gamma-linolenic acid,1,0,4,1632.0,0.0,,1632,,
BRD-K45205755,3,0,4,1632.6666666666667,635.1725924677656,1603.0,2425,870.0,
ncgc00011606-02,1,0,4,1634.0,0.0,,1634,,
fasudil hydrochloride,1,0,4,1635.0,0.0,,1635,,
pp 2,3,0,4,1635.3333333333333,594.0798674327291,1649.0,2356,901.0,
sb 200646 hydrochloride,2,0,4,1636.5,48.5,1685.0,1588,,
emd 386088 hydrochloride,2,0,4,1637.0,289.0,1348.0,1926,,
ml 3163,3,0,4,1638.0,678.9791356637306,1651.0,2463,800.0,
r3904,1,0,4,1640.0,0.0,,1640,,
GSK-J4,2,0,4,1640.5,398.5,1242.0,2039,,
BRD-K73319509,3,0,4,1641.0,604.1009849354659,1668.0,2367,888.0,
pinacidil,1,0,4,1641.0,0.0,,1641,,
iodophenpropit dihydrobromide,1,0,4,1642.0,0.0,,1642,,
h-8,1,0,4,1647.0,0.0,,1647,,
BRD-K53592093,3,0,4,1647.3333333333333,652.8911769115041,1631.0,2455,856.0,
methotrimeprazine maleat salt,1,0,4,1648.0,0.0,,1648,,
beclomethasone,1,0,4,1650.0,0.0,,1650,,
BRD-K80346834,2,0,4,1650.5,63.5,1587.0,1714,,
dexamethasone acetate,2,0,4,1650.5,36.5,1614.0,1687,,
zd 7155 hydrochloride,2,0,4,1652.0,170.0,1482.0,1822,,
vu0365121-1,3,0,4,1652.6666666666667,640.2407533281697,1689.0,2418,851.0,
tipifarnib-p2,2,0,4,1653.0,37.0,1616.0,1690,,
psb 06126,2,0,4,1653.5,44.5,1609.0,1698,,
mek1/2 inhibitor,2,0,4,1655.0,275.0,1380.0,1930,,
t3205,1,0,4,1655.0,0.0,,1655,,
mw-a1-14 brd-k32010074,2,0,4,1655.5,111.5,1544.0,1767,,
glycopyrrolate,3,0,4,1655.6666666666667,647.6569736793973,1605.0,2473,889.0,
chloroguanide hydrochloride,1,0,4,1656.0,0.0,,1656,,
nimodipine,2,0,4,1656.5,228.5,1428.0,1885,,
valproic acid,1,0,4,1657.0,0.0,,1657,,
resveratrol,2,0,4,1658.5,166.5,1492.0,1825,,
jlk 6,2,0,4,1659.0,445.0,1214.0,2104,,
lomatin,2,0,4,1659.5,598.5,1061.0,2258,,
BRD-K52678950,2,0,4,1661.0,434.0,1227.0,2095,,
prednicarbate,2,0,4,1663.5,499.5,1164.0,2163,,
BRD-A67438293,1,0,4,1665.0,0.0,,1665,,
s1107,3,0,4,1665.3333333333333,612.0023601987896,1675.0,2410,911.0,
azasetron,1,0,4,1666.0,0.0,,1666,,
sp 600125,1,0,4,1667.0,0.0,,1667,,
pz0013,2,0,4,1669.0,329.0,1340.0,1998,,
eugenol,2,0,4,1669.5,221.5,1448.0,1891,,
fk 888,1,0,4,1670.0,0.0,,1670,,
physostigmine salicylate,1,0,4,1671.0,0.0,,1671,,
ethisterone,2,0,4,1675.0,156.0,1519.0,1831,,
phensuximide,2,0,4,1675.0,330.0,1345.0,2005,,
vu0415556-1,2,0,4,1675.0,279.0,1396.0,1954,,
BRD-K02458594,2,0,4,1677.0,245.0,1432.0,1922,,
BRD-K61496577 (flumethasone),2,0,4,1678.5,479.5,1199.0,2158,,
cabergoline,1,0,4,1679.0,0.0,,1679,,
pd 158780,2,0,4,1683.0,407.0,1276.0,2090,,
BRD-K59705555,1,0,4,1684.0,0.0,,1684,,
bifemelane hydrochloride,1,0,4,1688.0,0.0,,1688,,
ncgc00182364-01,2,0,4,1690.0,343.0,1347.0,2033,,
BRD-K58618158,2,0,4,1691.0,405.0,1286.0,2096,,
gr-103,2,0,4,1691.0,678.0,1013.0,2369,,
BRD-K79619196,1,0,4,1693.0,0.0,,1693,,
darinaparsin,3,0,4,1693.0,658.5686499269964,1680.0,2506,893.0,
sildenafil citrate,3,0,4,1693.3333333333333,648.4737637115493,1672.0,2498,910.0,
2-chloro-7-methoxyphenothiazine,1,0,4,1697.0,0.0,,1697,,
pepstatin a,2,0,4,1699.5,382.5,1317.0,2082,,
amyleine hydrochloride,1,0,4,1702.0,0.0,,1702,,
isotretinoin,1,0,4,1706.0,0.0,,1706,,
dicyclomine hydrochloride,1,0,4,1707.0,0.0,,1707,,
mestanolone,2,0,4,1708.5,288.5,1420.0,1997,,
BRD-K70977695,1,0,4,1713.0,0.0,,1713,,
felamidin,2,0,4,1716.5,367.5,1349.0,2084,,
mrs 1220,2,0,4,1716.5,576.5,1140.0,2293,,
vu0420364-1,2,0,4,1717.0,286.0,1431.0,2003,,
brinzolamide,2,0,4,1719.0,328.0,1391.0,2047,,
ncgc00182382-01,2,0,4,1719.0,92.0,1627.0,1811,,
BRD-K04695623,1,0,4,1721.0,0.0,,1721,,
ei-286,1,0,4,1722.0,0.0,,1722,,
desoxymetasone,1,0,4,1724.0,0.0,,1724,,
hydrocortisone hemisuccinate,2,0,4,1726.0,623.0,1103.0,2349,,
lobendazole,1,0,4,1726.0,0.0,,1726,,
BRD-K25690923,1,0,4,1730.0,0.0,,1730,,
BRD-K78524708,1,0,4,1731.0,0.0,,1731,,
"2,4-dideoxy-dc-45-a2",2,0,4,1734.0,201.0,1533.0,1935,,
gr 159897,2,0,4,1736.5,393.5,1343.0,2130,,
methyl 7-desoxypurpurogallin-7-carboxylate trimethyl ether,1,0,4,1737.0,0.0,,1737,,
gp 1a,1,0,4,1739.0,0.0,,1739,,
halometasone,2,0,4,1740.5,433.5,1307.0,2174,,
HY-11007,1,0,4,1741.0,0.0,,1741,,
quetiapine,1,0,4,1742.0,0.0,,1742,,
d3943,2,0,4,1743.5,314.5,1429.0,2058,,
t 0070907,2,0,4,1744.0,457.0,1287.0,2201,,
BRD-K48970916 (danazol),2,0,4,1746.0,382.0,1364.0,2128,,
BRD-K82971429,2,0,4,1746.0,133.0,1613.0,1879,,
nan-190 hydrobromide,2,0,4,1746.0,418.0,1328.0,2164,,
verteporfin,2,0,4,1748.5,307.5,1441.0,2056,,
etodolac,2,0,4,1749.0,311.0,1438.0,2060,,
kn-62,1,0,4,1749.0,0.0,,1749,,
bis-tyrphostin,1,0,4,1751.0,0.0,,1751,,
BRD-K72161580,1,0,4,1754.0,0.0,,1754,,
BRD-K37270826 (mifepristone),1,0,4,1755.0,0.0,,1755,,
np-007374,2,0,4,1755.5,500.5,1255.0,2256,,
ALW-II-38-3,2,0,4,1756.0,560.0,1196.0,2316,,
dienestrol,1,0,4,1756.0,0.0,,1756,,
BRD-K27169919,2,0,4,1756.5,459.5,1297.0,2216,,
flumethasone,2,0,4,1758.5,198.5,1560.0,1957,,
BRD-K15467014,1,0,4,1759.0,0.0,,1759,,
lde225 (nvp-lde225),2,0,4,1760.0,256.0,1504.0,2016,,
ro 90-7501,1,0,4,1760.0,0.0,,1760,,
v2264,2,0,4,1763.0,275.0,1488.0,2038,,
alprenolol hydrochloride,2,0,4,1765.0,360.0,1405.0,2125,,
cimetidine,2,0,4,1767.5,359.5,1408.0,2127,,
b3063,2,0,4,1768.5,417.5,1351.0,2186,,
stk249718,2,0,4,1773.5,153.5,1620.0,1927,,
ala-ala-phe-cmk,1,0,4,1776.0,0.0,,1776,,
albendazole,2,0,4,1776.5,136.5,1640.0,1913,,
sb 222200,1,0,4,1777.0,0.0,,1777,,
BRD-K79779816,1,0,4,1779.0,0.0,,1779,,
tinidazole,1,0,4,1780.0,0.0,,1780,,
dibenzyline,2,0,4,1781.0,491.0,1290.0,2272,,
jak3 inhibitor i,2,0,4,1784.0,366.0,1418.0,2150,,
obaa,1,0,4,1784.0,0.0,,1784,,
BRD-K51377689,1,0,4,1785.0,0.0,,1785,,
formoterol hemifumarate,2,0,4,1785.5,431.5,1354.0,2217,,
BRD-K57678861,2,0,4,1787.0,372.0,1415.0,2159,,
capsazepine,2,0,4,1787.0,401.0,1386.0,2188,,
nadolol,2,0,4,1787.5,324.5,1463.0,2112,,
"l-701,252",1,0,4,1788.0,0.0,,1788,,
n-formylmethionylalanine,2,0,4,1789.0,312.0,1477.0,2101,,
dicloxacillin sodium salt hydrate,2,0,4,1789.5,253.5,1536.0,2043,,
hydrocortisone phosphate triethylamine,2,0,4,1790.0,387.0,1403.0,2177,,
ossk 647368,2,0,4,1792.0,353.0,1439.0,2145,,
src kinase inhibitor ii,1,0,4,1793.0,0.0,,1793,,
ag 494,1,0,4,1794.0,0.0,,1794,,
BRD-K78167523,2,0,4,1794.5,433.5,1361.0,2228,,
ncgc00181233-01,2,0,4,1795.0,500.0,1295.0,2295,,
BRD-K56593336,2,0,4,1795.5,150.5,1645.0,1946,,
isorotenone,1,0,4,1796.0,0.0,,1796,,
mk 212,2,0,4,1797.0,221.0,1576.0,2018,,
s1173,2,0,4,1797.0,532.0,1265.0,2329,,
BRD-K75329208,1,0,4,1798.0,0.0,,1798,,
BRD-K45114207,1,0,4,1799.0,0.0,,1799,,
BRD-K55722623,2,0,4,1802.5,641.5,1161.0,2444,,
BRD-K57732441,1,0,4,1805.0,0.0,,1805,,
BRD-K23931216,2,0,4,1806.0,568.0,1238.0,2374,,
sr 49059,2,0,4,1808.5,364.5,1444.0,2173,,
BRD-K66359319,1,0,4,1809.0,0.0,,1809,,
"ici 192,605",2,0,4,1814.5,244.5,1570.0,2059,,
sodium dehydrocholate,1,0,4,1816.0,0.0,,1816,,
BRD-K56515112 (medrysone),1,0,4,1818.0,0.0,,1818,,
np-001821,2,0,4,1820.0,268.0,1552.0,2088,,
skatole,2,0,4,1820.0,512.0,1308.0,2332,,
aminoglutethimide,1,0,4,1824.0,0.0,,1824,,
BRD-K19624190,2,0,4,1825.5,511.5,1314.0,2337,,
papaverine hydrochloride,1,0,4,1827.0,0.0,,1827,,
BRD-K27630390,2,0,4,1828.5,428.5,1400.0,2257,,
BRD-K89209981,2,0,4,1830.5,151.5,1679.0,1982,,
brl 54443,2,0,4,1830.5,445.5,1385.0,2276,,
BRD-K31491153,2,0,4,1831.5,552.5,1279.0,2384,,
thalidomide,2,0,4,1833.5,371.5,1462.0,2205,,
corticosterone,1,0,4,1834.0,0.0,,1834,,
ipratropium bromide,2,0,4,1837.0,231.0,1606.0,2068,,
gr-235,1,0,4,1838.0,0.0,,1838,,
BRD-K60757524,1,0,4,1839.0,0.0,,1839,,
BRD-K21773564,2,0,4,1840.5,356.5,1484.0,2197,,
BRD-K98676510,2,0,4,1840.5,171.5,1669.0,2012,,
dcb,1,0,4,1841.0,0.0,,1841,,
BRD-K05326558,1,0,4,1842.0,0.0,,1842,,
penicillin v,2,0,4,1842.5,313.5,1529.0,2156,,
ag 825,2,0,4,1843.5,400.5,1443.0,2244,,
ncgc00167098-01,2,0,4,1845.0,155.0,1690.0,2000,,
gr-105,1,0,4,1846.0,0.0,,1846,,
cgs 15943,1,0,4,1848.0,0.0,,1848,,
t5247673,2,0,4,1848.0,215.0,1633.0,2063,,
nelfinavir,2,0,4,1852.5,345.5,1507.0,2198,,
guggulsterone,2,0,4,1854.5,429.5,1425.0,2284,,
BRD-K10649245,2,0,4,1855.5,451.5,1404.0,2307,,
bmy 45778,1,0,4,1856.0,0.0,,1856,,
BRD-K52099002,1,0,4,1857.0,0.0,,1857,,
rg-13022,1,0,4,1859.0,0.0,,1859,,
BRD-A63583287,2,0,4,1864.0,271.0,1593.0,2135,,
BRD-K84106030,1,0,4,1864.0,0.0,,1864,,
BRD-K29622226,2,0,4,1866.0,373.0,1493.0,2239,,
2-(trifluoromethyl)-10h-phenothiazine,1,0,4,1868.0,0.0,,1868,,
dephostatin,2,0,4,1868.0,446.0,1422.0,2314,,
BRD-A26199074,2,0,4,1870.0,481.0,1389.0,2351,,
3-methyladenine,2,0,4,1872.0,277.0,1595.0,2149,,
nitrofurazone,1,0,4,1874.0,0.0,,1874,,
hy-11067,2,0,4,1874.5,424.5,1450.0,2299,,
BRD-K90430314,1,0,4,1876.0,0.0,,1876,,
desoximetasone,2,0,4,1876.0,354.0,1522.0,2230,,
ncgc00182615-01,2,0,4,1876.5,538.5,1338.0,2415,,
hydrastinine hydrochloride,2,0,4,1879.0,345.0,1534.0,2224,,
mls-0390945.0001,2,0,4,1880.0,355.0,1525.0,2235,,
naringenine,2,0,4,1880.5,356.5,1524.0,2237,,
genistin,2,0,4,1884.5,294.5,1590.0,2179,,
BRD-K91509126 (piceatannol),2,0,4,1885.0,443.0,1442.0,2328,,
BRD-U73238814,2,0,4,1891.5,303.5,1588.0,2195,,
mbcq,1,0,4,1893.0,0.0,,1893,,
beta-escin,2,0,4,1896.5,596.5,1300.0,2493,,
jte 907,2,0,4,1897.5,365.5,1532.0,2263,,
acetylcysteine,1,0,4,1898.0,0.0,,1898,,
axon1408,2,0,4,1898.0,536.0,1362.0,2434,,
BRD-K96167523,2,0,4,1899.0,386.0,1513.0,2285,,
BRD-K69159985,1,0,4,1900.0,0.0,,1900,,
BRD-K32568627,1,0,4,1902.0,0.0,,1902,,
thiocolchicoside,2,0,4,1902.0,490.0,1412.0,2392,,
BRD-K52800308,2,0,4,1902.5,430.5,1472.0,2333,,
cisapride,1,0,4,1905.0,0.0,,1905,,
ncgc00181801-01,2,0,4,1909.5,399.5,1510.0,2309,,
pioglitazone hydrochloride,2,0,4,1910.0,451.0,1459.0,2361,,
BRD-K21672423,2,0,4,1911.0,363.0,1548.0,2274,,
BRD-K94173926,1,0,4,1915.0,0.0,,1915,,
prednisolone hemisuccinate,2,0,4,1915.5,517.5,1398.0,2433,,
etomidate,1,0,4,1917.0,0.0,,1917,,
hoechst  33342 (cell permeable) (bisbenzimide),2,0,4,1917.5,328.5,1589.0,2246,,
BRD-A35020550,1,0,4,1919.0,0.0,,1919,,
daminozide,1,0,4,1920.0,0.0,,1920,,
rhodomyrtoxin,1,0,4,1921.0,0.0,,1921,,
t0513-6584,1,0,4,1923.0,0.0,,1923,,
BRD-K83213280,1,0,4,1924.0,0.0,,1924,,
BRD-K64314806,2,0,4,1928.0,494.0,1434.0,2422,,
BRD-K07061353,2,0,4,1930.5,265.5,1665.0,2196,,
butein,2,0,4,1931.5,327.5,1604.0,2259,,
ei-328,2,0,4,1931.5,366.5,1565.0,2298,,
jak3 inhibitor ii,1,0,4,1932.0,0.0,,1932,,
BRD-K05104363,2,0,4,1935.0,355.0,1580.0,2290,,
tolazamide,2,0,4,1935.0,466.0,1469.0,2401,,
BRD-K23644387,1,0,4,1936.0,0.0,,1936,,
ketoprofen,2,0,4,1936.5,399.5,1537.0,2336,,
ritanserin,2,0,4,1942.0,389.0,1553.0,2331,,
indirubin,2,0,4,1942.5,523.5,1419.0,2466,,
ketorolac tromethamine,1,0,4,1943.0,0.0,,1943,,
endecaphyllin x,2,0,4,1945.0,315.0,1630.0,2260,,
8-{[2-oxo-2-(1-pyrrolidinyl)ethyl]thio}quinoline,2,0,4,1946.0,254.0,1692.0,2200,,
BRD-K80094086,1,0,4,1947.0,0.0,,1947,,
BRD-U31801276,1,0,4,1948.0,0.0,,1948,,
methylprednisolone,1,0,4,1949.0,0.0,,1949,,
BRD-K62169556,2,0,4,1950.0,389.0,1561.0,2339,,
hy-50898,2,0,4,1950.0,447.0,1503.0,2397,,
BRD-K58900438,2,0,4,1951.0,255.0,1696.0,2206,,
chlormadinone acetate,2,0,4,1951.5,400.5,1551.0,2352,,
buddleoflavonoloside,1,0,4,1952.0,0.0,,1952,,
ncgc00183236-01,1,0,4,1955.0,0.0,,1955,,
BRD-A43640821,1,0,4,1960.0,0.0,,1960,,
BRD-K87964538,2,0,4,1961.0,320.0,1641.0,2281,,
tubocurarine chloride,1,0,4,1961.0,0.0,,1961,,
ro 08-2750,2,0,4,1961.5,514.5,1447.0,2476,,
AGK-2,1,0,4,1962.0,0.0,,1962,,
BRD-K90735586,2,0,4,1962.5,334.5,1628.0,2297,,
BRD-K73155123,1,0,4,1963.0,0.0,,1963,,
"pifithrin-a, cyclic-",1,0,4,1964.0,0.0,,1964,,
norketamine hydrochloride,2,0,4,1966.0,359.0,1607.0,2325,,
gr-237,2,0,4,1966.5,435.5,1531.0,2402,,
BRD-K02641134,2,0,4,1970.0,475.0,1495.0,2445,,
mls-0106435.0004,1,0,4,1970.0,0.0,,1970,,
dapt,1,0,4,1971.0,0.0,,1971,,
ossk 645668,2,0,4,1971.5,422.5,1549.0,2394,,
BRD-K41220170,1,0,4,1972.0,0.0,,1972,,
tpl2,2,0,4,1972.0,306.0,1666.0,2278,,
dcpib,2,0,4,1972.5,350.5,1622.0,2323,,
cgp 37157,1,0,4,1973.0,0.0,,1973,,
BRD-K81209512 (ag 494),1,0,4,1974.0,0.0,,1974,,
BRD-K35483542,2,0,4,1977.5,392.5,1585.0,2370,,
BRD-K61105081,2,0,4,1977.5,275.5,1702.0,2253,,
BRD-K70917163,2,0,4,1977.5,362.5,1615.0,2340,,
prostaglandin e2,1,0,4,1980.0,0.0,,1980,,
urapidil hydrochloride,1,0,4,1981.0,0.0,,1981,,
caffeic acid phenethyl ester,2,0,4,1983.5,358.5,1625.0,2342,,
ncgc00181375-01,1,0,4,1987.0,0.0,,1987,,
sinensetin,1,0,4,1988.0,0.0,,1988,,
BRD-K32485462,1,0,4,1989.0,0.0,,1989,,
ncgc00241726-01,2,0,4,1991.0,400.0,1591.0,2391,,
BRD-K32238524,2,0,4,1992.0,477.0,1515.0,2469,,
BRD-K31856043,1,0,4,1994.0,0.0,,1994,,
ncgc00189555-02,2,0,4,1995.0,353.0,1642.0,2348,,
sb 269970 hydrochloride,1,0,4,1995.0,0.0,,1995,,
mmpx,2,0,4,1995.5,428.5,1567.0,2424,,
ncgc00182353-01,2,0,4,1995.5,468.5,1527.0,2464,,
BRD-K91913968,2,0,4,1997.0,396.0,1601.0,2393,,
s1022,2,0,4,1999.0,399.0,1600.0,2398,,
inca-6,2,0,4,2000.5,379.5,1621.0,2380,,
sb 205607,2,0,4,2002.5,378.5,1624.0,2381,,
sulfisoxazole,1,0,4,2008.0,0.0,,2008,,
rapamycin,1,0,4,2009.0,0.0,,2009,,
pd 98059,1,0,4,2010.0,0.0,,2010,,
d0196,1,0,4,2011.0,0.0,,2011,,
fluocinolone acetonide,2,0,4,2012.5,359.5,1653.0,2372,,
BRD-K73418978,1,0,4,2013.0,0.0,,2013,,
BRD-K76357752,1,0,4,2014.0,0.0,,2014,,
flutamide,1,0,4,2017.0,0.0,,2017,,
BRD-K74690444,2,0,4,2018.5,424.5,1594.0,2443,,
aceclidine hydrochloride,1,0,4,2019.0,0.0,,2019,,
methyltestosterone,2,0,4,2019.0,423.0,1596.0,2442,,
jak3 inhibitor v,1,0,4,2020.0,0.0,,2020,,
w-9 hydrochloride,2,0,4,2021.5,398.5,1623.0,2420,,
wr 216174,2,0,4,2021.5,389.5,1632.0,2411,,
s-250,1,0,4,2022.0,0.0,,2022,,
chemistry 1735,2,0,4,2022.5,412.5,1610.0,2435,,
bl-095,1,0,4,2024.0,0.0,,2024,,
gabexate mesylate,1,0,4,2025.0,0.0,,2025,,
BRD-K60070073,2,0,4,2026.0,457.0,1569.0,2483,,
kynuramine,1,0,4,2027.0,0.0,,2027,,
nnc 711,2,0,4,2027.5,410.5,1617.0,2438,,
doxepin hydrochloride,1,0,4,2028.0,0.0,,2028,,
ozagrel hydrochloride,1,0,4,2031.0,0.0,,2031,,
"haematoxylone, tetramethyl-",1,0,4,2032.0,0.0,,2032,,
daphnetin,2,0,4,2032.5,371.5,1661.0,2404,,
acitretin,2,0,4,2033.0,370.0,1663.0,2403,,
ranitidine,2,0,4,2033.5,352.5,1681.0,2386,,
BRD-A24054354,1,0,4,2036.0,0.0,,2036,,
clocortolone pivalate,2,0,4,2039.5,441.5,1598.0,2481,,
riboflavine,1,0,4,2040.0,0.0,,2040,,
pd 160170,1,0,4,2041.0,0.0,,2041,,
BRD-K96072942,1,0,4,2044.0,0.0,,2044,,
sdz nkt 343,1,0,4,2046.0,0.0,,2046,,
BRD-K86682249,1,0,4,2050.0,0.0,,2050,,
stock4s-23872,1,0,4,2051.0,0.0,,2051,,
"nf-kb activation inhibitor ii, jsh-23",1,0,4,2054.0,0.0,,2054,,
15-delta prostaglandin j2,2,0,4,2059.5,451.5,1608.0,2511,,
ncgc00182392-01,2,0,4,2060.5,416.5,1644.0,2477,,
BRD-K69406317,1,0,4,2061.0,0.0,,2061,,
BRD-K22828860,1,0,4,2064.0,0.0,,2064,,
BRD-K32101742,1,0,4,2065.0,0.0,,2065,,
diphenylcyclopropenone,2,0,4,2065.0,447.0,1618.0,2512,,
BRD-K02174945,1,0,4,2066.0,0.0,,2066,,
rizatriptan benzoate,2,0,4,2067.5,403.5,1664.0,2471,,
clioquinol,1,0,4,2072.0,0.0,,2072,,
anagrelide hydrochloride,1,0,4,2073.0,0.0,,2073,,
BRD-K93568044 (hydrocortisone),2,0,4,2073.5,413.5,1660.0,2487,,
BRD-K84677391,1,0,4,2074.0,0.0,,2074,,
ncgc00184713-01,1,0,4,2075.0,0.0,,2075,,
ter14687,1,0,4,2076.0,0.0,,2076,,
amcinonide,2,0,4,2077.5,394.5,1683.0,2472,,
BRD-K36354764,1,0,4,2078.0,0.0,,2078,,
bumetanide,2,0,4,2078.5,423.5,1655.0,2502,,
BRD-K60297835,1,0,4,2079.0,0.0,,2079,,
BRD-U32365159,2,0,4,2079.0,406.0,1673.0,2485,,
g5797,2,0,4,2081.5,422.5,1659.0,2504,,
westcort,2,0,4,2083.5,425.5,1658.0,2509,,
"tyrphostin b44, (+) enantiomer",1,0,4,2086.0,0.0,,2086,,
"l-689,560",2,0,4,2086.5,412.5,1674.0,2499,,
BRD-K34495954,2,0,4,2088.5,412.5,1676.0,2501,,
"l-741,626",1,0,4,2089.0,0.0,,2089,,
BRD-K52080565,2,0,4,2089.5,396.5,1693.0,2486,,
gatifloxacin,2,0,4,2090.5,419.5,1671.0,2510,,
BRD-A81282034,2,0,4,2092.5,425.5,1667.0,2518,,
idebenone,1,0,4,2093.0,0.0,,2093,,
tizanidine hcl,2,0,4,2096.5,392.5,1704.0,2489,,
BRD-K98173387,1,0,4,2097.0,0.0,,2097,,
BRD-K39829853,1,0,4,2098.0,0.0,,2098,,
thioguanosine,2,0,4,2098.0,399.0,1699.0,2497,,
jas07 007,1,0,4,2099.0,0.0,,2099,,
BRD-K14880289,2,0,4,2101.0,415.0,1686.0,2516,,
pit,2,0,4,2101.0,407.0,1694.0,2508,,
Y-27632,1,0,4,2103.0,0.0,,2103,,
ly 288513,2,0,4,2104.5,409.5,1695.0,2514,,
BRD-K20492338,1,0,4,2105.0,0.0,,2105,,
methiothepin maleate,1,0,4,2107.0,0.0,,2107,,
o-2050,2,0,4,2108.5,408.5,1700.0,2517,,
thimerosal,2,0,4,2109.5,412.5,1697.0,2522,,
ranitidine hydrochloride,1,0,4,2111.0,0.0,,2111,,
BRD-K45253154,1,0,4,2113.0,0.0,,2113,,
erastin,1,0,4,2115.0,0.0,,2115,,
ribavirin,1,0,4,2116.0,0.0,,2116,,
ly 303511,1,0,4,2118.0,0.0,,2118,,
BRD-K73125384,1,0,4,2120.0,0.0,,2120,,
i-ome-ag 538,1,0,4,2122.0,0.0,,2122,,
tropisetron hcl,1,0,4,2126.0,0.0,,2126,,
"amethopterin (r,s)",1,0,4,2134.0,0.0,,2134,,
BRD-K07790824,1,0,4,2136.0,0.0,,2136,,
BRD-K83691318,1,0,4,2138.0,0.0,,2138,,
BRD-K64525051,1,0,4,2139.0,0.0,,2139,,
BRD-K85275009,1,0,4,2141.0,0.0,,2141,,
BRD-A25337146,1,0,4,2142.0,0.0,,2142,,
BRD-K04733502,1,0,4,2154.0,0.0,,2154,,
BRD-K71199328,1,0,4,2155.0,0.0,,2155,,
fenbufen,1,0,4,2157.0,0.0,,2157,,
pz0005,1,0,4,2161.0,0.0,,2161,,
BRD-K01834163,1,0,4,2168.0,0.0,,2168,,
rs 100329 hydrochloride,1,0,4,2176.0,0.0,,2176,,
np-001445,1,0,4,2178.0,0.0,,2178,,
BRD-K41557448,1,0,4,2181.0,0.0,,2181,,
BRD-K16057611,1,0,4,2185.0,0.0,,2185,,
esculin hydrate,1,0,4,2190.0,0.0,,2190,,
sib 1757,1,0,4,2191.0,0.0,,2191,,
icilin,1,0,4,2192.0,0.0,,2192,,
BRD-K05520923,1,0,4,2193.0,0.0,,2193,,
zd 2079 hydrochloride,1,0,4,2203.0,0.0,,2203,,
mosapride,1,0,4,2207.0,0.0,,2207,,
cjd-pla-20-1,1,0,4,2208.0,0.0,,2208,,
BRD-K93578426,1,0,4,2210.0,0.0,,2210,,
BRD-K83355732,1,0,4,2212.0,0.0,,2212,,
c-1,1,0,4,2214.0,0.0,,2214,,
uk 356618,1,0,4,2220.0,0.0,,2220,,
evista,1,0,4,2223.0,0.0,,2223,,
srt-1720,1,0,4,2226.0,0.0,,2226,,
ketanserin tartrate hydrate,1,0,4,2229.0,0.0,,2229,,
BRD-K08325710,1,0,4,2231.0,0.0,,2231,,
mls-0351065,1,0,4,2232.0,0.0,,2232,,
fluocinonide,1,0,4,2233.0,0.0,,2233,,
ncgc00182380-01,1,0,4,2234.0,0.0,,2234,,
flurofamide,1,0,4,2236.0,0.0,,2236,,
prl-3 inhibitor i,1,0,4,2241.0,0.0,,2241,,
tretinoin,1,0,4,2243.0,0.0,,2243,,
hy-13001,1,0,4,2245.0,0.0,,2245,,
BRD-K12621773,1,0,4,2249.0,0.0,,2249,,
lupanine perchlorate,1,0,4,2250.0,0.0,,2250,,
rlm-2-12,1,0,4,2252.0,0.0,,2252,,
phosphodiesterase v inhibitor ii,1,0,4,2255.0,0.0,,2255,,
bongkrekic acid,1,0,4,2262.0,0.0,,2262,,
BRD-K61217870,1,0,4,2264.0,0.0,,2264,,
cgs 20625,1,0,4,2266.0,0.0,,2266,,
ncgc00188324-02,1,0,4,2269.0,0.0,,2269,,
BRD-K28100108,1,0,4,2270.0,0.0,,2270,,
mephentermine sulfate,1,0,4,2273.0,0.0,,2273,,
ncgc00165193-01,1,0,4,2277.0,0.0,,2277,,
s2001,1,0,4,2279.0,0.0,,2279,,
s1084,1,0,4,2282.0,0.0,,2282,,
rifabutin,1,0,4,2283.0,0.0,,2283,,
BRD-K93127801,1,0,4,2287.0,0.0,,2287,,
mdl 73005ef hydrochloride,1,0,4,2289.0,0.0,,2289,,
fu jmbii105b,1,0,4,2294.0,0.0,,2294,,
BRD-K03122949,1,0,4,2296.0,0.0,,2296,,
tocainide hydrochloride,1,0,4,2300.0,0.0,,2300,,
BRD-K15107389,1,0,4,2301.0,0.0,,2301,,
BRD-K28180706,1,0,4,2302.0,0.0,,2302,,
aicar,1,0,4,2303.0,0.0,,2303,,
cd 01333,1,0,4,2304.0,0.0,,2304,,
norgestimate,1,0,4,2308.0,0.0,,2308,,
sibutramine hcl,1,0,4,2310.0,0.0,,2310,,
km00799,1,0,4,2313.0,0.0,,2313,,
cytarabine,1,0,4,2315.0,0.0,,2315,,
chlorhexidine,1,0,4,2317.0,0.0,,2317,,
nitrocaramiphen hydrochloride,1,0,4,2319.0,0.0,,2319,,
ncgc00181381-01,1,0,4,2320.0,0.0,,2320,,
candesartan,1,0,4,2321.0,0.0,,2321,,
BRD-K12401458,1,0,4,2324.0,0.0,,2324,,
BRD-K62818989,1,0,4,2326.0,0.0,,2326,,
BRD-A15914070,1,0,4,2338.0,0.0,,2338,,
BRD-K55827386,1,0,4,2343.0,0.0,,2343,,
haloprogin,1,0,4,2344.0,0.0,,2344,,
BRD-K51189903,1,0,4,2345.0,0.0,,2345,,
sc-10,1,0,4,2350.0,0.0,,2350,,
oxprenolol hydrochloride,1,0,4,2359.0,0.0,,2359,,
BRD-K70251741,1,0,4,2362.0,0.0,,2362,,
tiabendazole,1,0,4,2363.0,0.0,,2363,,
BRD-K69569876,1,0,4,2365.0,0.0,,2365,,
BRD-K74623475,1,0,4,2368.0,0.0,,2368,,
s1352,1,0,4,2371.0,0.0,,2371,,
bas 02859604,1,0,4,2373.0,0.0,,2373,,
BRD-K06436323,1,0,4,2375.0,0.0,,2375,,
ncgc00242337-01,1,0,4,2376.0,0.0,,2376,,
eplerenone,1,0,4,2377.0,0.0,,2377,,
nbqx disodium salt,1,0,4,2378.0,0.0,,2378,,
bml-257,1,0,4,2379.0,0.0,,2379,,
BRD-K81609421,1,0,4,2382.0,0.0,,2382,,
BRD-K77830450 (forskolin),1,0,4,2385.0,0.0,,2385,,
"l-733,060 hydrochloride",1,0,4,2387.0,0.0,,2387,,
morantel tartrate,1,0,4,2388.0,0.0,,2388,,
rofecoxib,1,0,4,2389.0,0.0,,2389,,
jx 401,1,0,4,2390.0,0.0,,2390,,
cinnarizine,1,0,4,2396.0,0.0,,2396,,
loteprednol,1,0,4,2409.0,0.0,,2409,,
BRD-K14236372,1,0,4,2414.0,0.0,,2414,,
"fluphenazine-n-2-chloroethane, dihydrochloride",1,0,4,2419.0,0.0,,2419,,
BRD-A12409803,1,0,4,2421.0,0.0,,2421,,
BRD-K42687792,1,0,4,2423.0,0.0,,2423,,
masitinib,1,0,4,2430.0,0.0,,2430,,
auraptene,1,0,4,2432.0,0.0,,2432,,
nobiletin,1,0,4,2436.0,0.0,,2436,,
c247,1,0,4,2437.0,0.0,,2437,,
clofibric acid,1,0,4,2439.0,0.0,,2439,,
bl-079,1,0,4,2440.0,0.0,,2440,,
depo-medrol,1,0,4,2446.0,0.0,,2446,,
arctigenin,1,0,4,2448.0,0.0,,2448,,
vu0413247-1,1,0,4,2450.0,0.0,,2450,,
sulindac,1,0,4,2451.0,0.0,,2451,,
ns-1619,1,0,4,2452.0,0.0,,2452,,
tms,1,0,4,2453.0,0.0,,2453,,
VX-745,1,0,4,2454.0,0.0,,2454,,
ncgc00184891-01,1,0,4,2456.0,0.0,,2456,,
BRD-K37340241,1,0,4,2457.0,0.0,,2457,,
ag 555,1,0,4,2458.0,0.0,,2458,,
mercaptopurine,1,0,4,2460.0,0.0,,2460,,
rifapentine,1,0,4,2461.0,0.0,,2461,,
y-27152,1,0,4,2465.0,0.0,,2465,,
embelin,1,0,4,2468.0,0.0,,2468,,
rifampicin,1,0,4,2470.0,0.0,,2470,,
ncgc00182607-01,1,0,4,2474.0,0.0,,2474,,
buspar,1,0,4,2475.0,0.0,,2475,,
vu0404997-2,1,0,4,2478.0,0.0,,2478,,
cgp 52432,1,0,4,2479.0,0.0,,2479,,
np-002257,1,0,4,2480.0,0.0,,2480,,
dihydrosamidin,1,0,4,2482.0,0.0,,2482,,
propyl-beta-carboline-3-carboxylate,1,0,4,2484.0,0.0,,2484,,
nrb 03823,1,0,4,2490.0,0.0,,2490,,
hexylresorcinol,1,0,4,2491.0,0.0,,2491,,
BRD-K03371390,1,0,4,2494.0,0.0,,2494,,
KIN001-269,1,0,4,2495.0,0.0,,2495,,
BRD-K71835137,1,0,4,2500.0,0.0,,2500,,
"na-tosyl-lys chloromethyl ketone, hydrochloride",1,0,4,2503.0,0.0,,2503,,
ag 556,1,0,4,2505.0,0.0,,2505,,
BRD-K88742110,1,0,4,2507.0,0.0,,2507,,
BRD-K67847053 (guanabenz acetate),1,0,4,2513.0,0.0,,2513,,
telmisartan,1,0,4,2515.0,0.0,,2515,,
piribedil dihydrochloride,1,0,4,2519.0,0.0,,2519,,
BRD-K60895275,1,0,4,2520.0,0.0,,2520,,
ischemin,1,0,4,2521.0,0.0,,2521,,
BRD-K15318909,1,0,4,2523.0,0.0,,2523,,
