compound,score,supporting_contexts,contexts,supporting_signatures,signatures,consistency,permutation_p,permutation_fdr,naive_overlap,interpretation,rank
trametinib,-0.08730009961256494,36,37,36,37,0.972972972972973,0.009900990099009901,0.07332920792079209,13.108108108108109,Computational reversal candidate for further investigation.,1
gefitinib,-0.08493183036457705,11,11,11,11,1.0,0.009900990099009901,0.07332920792079209,11.727272727272727,Computational reversal candidate for further investigation.,2
PLX-4720,-0.07840620142427582,7,9,7,9,0.7777777777777778,0.009900990099009901,0.07332920792079209,12.222222222222221,Computational reversal candidate for further investigation.,3
AZD-8330,-0.0773024414803003,35,38,35,38,0.9210526315789473,0.009900990099009901,0.07332920792079209,12.236842105263158,Computational reversal candidate for further investigation.,4
palbociclib,-0.06516344455857884,57,57,57,57,1.0,0.009900990099009901,0.07332920792079209,10.75438596491228,Computational reversal candidate for further investigation.,5
foretinib,-0.06469240806175466,14,14,14,14,1.0,0.009900990099009901,0.07332920792079209,11.214285714285714,Computational reversal candidate for further investigation.,6
UNC0638,-0.06211311655332853,2,2,2,2,1.0,0.009900990099009901,0.07332920792079209,8.0,Computational reversal candidate for further investigation.,7
BMS509744,-0.061714509453926994,4,4,4,4,1.0,0.009900990099009901,0.07332920792079209,8.25,Computational reversal candidate for further investigation.,8
linsitinib,-0.061497291696141154,5,5,5,5,1.0,0.009900990099009901,0.07332920792079209,8.6,Computational reversal candidate for further investigation.,9
PD-0325901,-0.0575631839564959,57,58,144,145,0.9827586206896551,0.009900990099009901,0.07332920792079209,10.36551724137931,Computational reversal candidate for further investigation.,10
selumetinib,-0.05701656257295047,30,31,30,31,0.967741935483871,0.009900990099009901,0.07332920792079209,10.903225806451612,Computational reversal candidate for further investigation.,11
barasertib,-0.056702278996229545,1,1,1,1,1.0,0.009900990099009901,0.07332920792079209,7.0,Computational reversal candidate for further investigation.,12
PD-184352,-0.05628439129663139,26,28,26,28,0.9285714285714286,0.009900990099009901,0.07332920792079209,10.75,Computational reversal candidate for further investigation.,13
neratinib,-0.05273749003308392,19,20,19,20,0.95,0.009900990099009901,0.07332920792079209,9.25,Computational reversal candidate for further investigation.,14
bosutinib,-0.05181984353638441,1,1,1,1,1.0,0.009900990099009901,0.07332920792079209,6.0,Computational reversal candidate for further investigation.,15
sutent,-0.049971129533885994,5,5,5,5,1.0,0.009900990099009901,0.07332920792079209,8.2,Computational reversal candidate for further investigation.,16
vemurafenib,-0.04938821044807302,11,12,11,12,0.9166666666666666,0.009900990099009901,0.07332920792079209,10.0,Computational reversal candidate for further investigation.,17
AZ-628,-0.04921017774349066,14,14,14,14,1.0,0.009900990099009901,0.07332920792079209,8.642857142857142,Computational reversal candidate for further investigation.,18
SB590885,-0.04850358129266272,12,16,12,16,0.75,0.009900990099009901,0.07332920792079209,10.5,Computational reversal candidate for further investigation.,19
NU-7441,-0.048154018725876276,8,10,8,10,0.8,0.009900990099009901,0.07332920792079209,7.7,Computational reversal candidate for further investigation.,20
LY2603618,-0.048046075400608,3,4,3,4,0.75,0.009900990099009901,0.07332920792079209,6.0,Computational reversal candidate for further investigation.,21
BYL719,-0.04692757547242945,6,6,6,6,1.0,0.009900990099009901,0.07332920792079209,8.333333333333334,Computational reversal candidate for further investigation.,22
NVP-TAE684,-0.046682271923074475,33,36,33,36,0.9166666666666666,0.009900990099009901,0.07332920792079209,9.0,Computational reversal candidate for further investigation.,23
WZ-4-145,-0.04649792400570295,39,40,39,40,0.975,0.009900990099009901,0.07332920792079209,9.5,Computational reversal candidate for further investigation.,24
BRD-K27484191,-0.046303350608198277,1,1,1,1,1.0,0.009900990099009901,0.07332920792079209,6.0,Computational reversal candidate for further investigation.,25
XMD11-85H,-0.04604621679416312,4,4,4,4,1.0,0.009900990099009901,0.07332920792079209,6.5,Computational reversal candidate for further investigation.,26
MLN-8054,-0.04601265546021456,1,1,1,1,1.0,0.009900990099009901,0.07332920792079209,7.0,Computational reversal candidate for further investigation.,27
erlotinib,-0.045830820356432905,12,12,12,12,1.0,0.009900990099009901,0.07332920792079209,9.5,Computational reversal candidate for further investigation.,28
MGCD-265,-0.04431406018100677,1,1,1,1,1.0,0.009900990099009901,0.07332920792079209,5.0,Computational reversal candidate for further investigation.,29
ncgc00182353-01,-0.04428080893246926,1,1,1,1,1.0,0.009900990099009901,0.07332920792079209,7.0,Computational reversal candidate for further investigation.,30
AS-605240,-0.043649116433664564,27,28,27,28,0.9642857142857143,0.009900990099009901,0.07332920792079209,8.928571428571429,Computational reversal candidate for further investigation.,31
NVP-AUY922,-0.04340009195530701,56,57,56,57,0.9824561403508771,0.009900990099009901,0.07332920792079209,9.052631578947368,Computational reversal candidate for further investigation.,32
A66,-0.04335673428421491,1,1,1,1,1.0,0.009900990099009901,0.07332920792079209,7.0,Computational reversal candidate for further investigation.,33
PHA-793887,-0.042819347851347875,40,43,40,43,0.9302325581395349,0.009900990099009901,0.07332920792079209,8.069767441860465,Computational reversal candidate for further investigation.,34
C646,-0.04247290418576865,4,4,4,4,1.0,0.009900990099009901,0.07332920792079209,5.75,Computational reversal candidate for further investigation.,35
serdemetan,-0.04208328887558927,1,1,1,1,1.0,0.009900990099009901,0.07332920792079209,6.0,Computational reversal candidate for further investigation.,36
GDC-0941,-0.04198198659889485,40,42,40,42,0.9523809523809523,0.009900990099009901,0.07332920792079209,8.19047619047619,Computational reversal candidate for further investigation.,37
GSK-1070916,-0.041793736141938216,8,8,8,8,1.0,0.009900990099009901,0.07332920792079209,5.625,Computational reversal candidate for further investigation.,38
BRD-K70161581,-0.04176794804873701,1,1,1,1,1.0,0.009900990099009901,0.07332920792079209,7.0,Computational reversal candidate for further investigation.,39
nintedanib,-0.041671459906893936,9,9,9,9,1.0,0.009900990099009901,0.07332920792079209,7.777777777777778,Computational reversal candidate for further investigation.,40
triamcinolone acetonide,-0.04156891569502991,1,1,1,1,1.0,0.009900990099009901,0.07332920792079209,5.0,Computational reversal candidate for further investigation.,41
vandetanib,-0.04147136904304159,3,3,3,3,1.0,0.009900990099009901,0.07332920792079209,7.666666666666667,Computational reversal candidate for further investigation.,42
XMD-1150,-0.04121750297814936,19,21,19,21,0.9047619047619048,0.009900990099009901,0.07332920792079209,8.19047619047619,Computational reversal candidate for further investigation.,43
crizotinib,-0.041162262551677285,9,10,9,10,0.9,0.009900990099009901,0.07332920792079209,7.1,Computational reversal candidate for further investigation.,44
HG-14-8-02,-0.0405250049092486,8,8,8,8,1.0,0.009900990099009901,0.07332920792079209,7.375,Computational reversal candidate for further investigation.,45
TG-101348,-0.040036607847078055,15,15,15,15,1.0,0.009900990099009901,0.07332920792079209,8.933333333333334,Computational reversal candidate for further investigation.,46
radicicol,-0.03967353832949897,42,49,62,70,0.8571428571428571,0.009900990099009901,0.07332920792079209,9.271428571428572,Computational reversal candidate for further investigation.,47
BRD-A57107094,-0.03954273391514215,1,1,1,1,1.0,0.019801980198019802,0.1235018238665972,6.0,Computational reversal candidate for further investigation.,48
HG-6-64-01,-0.039067828831232665,28,29,28,29,0.9655172413793104,0.009900990099009901,0.07332920792079209,7.862068965517241,Computational reversal candidate for further investigation.,49
s1173,-0.03900374832935044,1,1,1,1,1.0,0.009900990099009901,0.07332920792079209,5.0,Computational reversal candidate for further investigation.,50
BRD-K10906552,-0.03889329289466476,1,1,1,1,1.0,0.009900990099009901,0.07332920792079209,6.0,Computational reversal candidate for further investigation.,51
NVP-TAE226,-0.038825779127826185,9,10,9,10,0.9,0.009900990099009901,0.07332920792079209,7.2,Computational reversal candidate for further investigation.,52
ketanserin tartrate hydrate,-0.03873680746740271,1,1,1,1,1.0,0.009900990099009901,0.07332920792079209,6.0,Computational reversal candidate for further investigation.,53
QL-XI-92,-0.03863210603219909,2,3,2,3,0.6666666666666666,0.009900990099009901,0.07332920792079209,7.0,Computational reversal candidate for further investigation.,54
GSK-2126458,-0.03841430623575584,79,90,79,90,0.8777777777777778,0.009900990099009901,0.07332920792079209,8.544444444444444,Computational reversal candidate for further investigation.,55
NVP-AEW541,-0.038363426132634354,7,8,7,8,0.875,0.009900990099009901,0.07332920792079209,8.625,Computational reversal candidate for further investigation.,56
SU-11274,-0.037001464842110435,5,5,5,5,1.0,0.009900990099009901,0.07332920792079209,6.6,Computational reversal candidate for further investigation.,57
AZD-6482,-0.036740373381263326,5,5,5,5,1.0,0.009900990099009901,0.07332920792079209,6.0,Computational reversal candidate for further investigation.,58
PI-103,-0.03672642707493187,36,43,36,43,0.8372093023255814,0.009900990099009901,0.07332920792079209,8.651162790697674,Computational reversal candidate for further investigation.,59
AKT-inhibitor-1-2,-0.036545514646966176,3,4,3,4,0.75,0.009900990099009901,0.07332920792079209,6.0,Computational reversal candidate for further investigation.,60
WH-4-025,-0.03642549882411461,18,22,18,22,0.8181818181818182,0.009900990099009901,0.07332920792079209,7.909090909090909,Computational reversal candidate for further investigation.,61
clocortolone pivalate,-0.03642546981588817,1,1,1,1,1.0,0.009900990099009901,0.07332920792079209,7.0,Computational reversal candidate for further investigation.,62
penitrem a,-0.036236517014950204,1,1,1,1,1.0,0.009900990099009901,0.07332920792079209,6.0,Computational reversal candidate for further investigation.,63
HG-5-88-01,-0.03616865388485053,7,8,7,8,0.875,0.009900990099009901,0.07332920792079209,6.25,Computational reversal candidate for further investigation.,64
tozasertib,-0.03613110618740637,11,11,11,11,1.0,0.009900990099009901,0.07332920792079209,6.545454545454546,Computational reversal candidate for further investigation.,65
CX-5461,-0.036037267628079545,2,2,2,2,1.0,0.009900990099009901,0.07332920792079209,6.5,Computational reversal candidate for further investigation.,66
decitabine,-0.035849083561094654,1,1,1,1,1.0,0.009900990099009901,0.07332920792079209,7.0,Computational reversal candidate for further investigation.,67
rocilinostat,-0.03577477740193151,5,5,5,5,1.0,0.009900990099009901,0.07332920792079209,9.0,Computational reversal candidate for further investigation.,68
XMD-885,-0.03552163723054156,3,3,3,3,1.0,0.009900990099009901,0.07332920792079209,6.666666666666667,Computational reversal candidate for further investigation.,69
lapatinib,-0.035485747555326075,11,12,11,12,0.9166666666666666,0.009900990099009901,0.07332920792079209,8.5,Computational reversal candidate for further investigation.,70
ZSTK-474,-0.03531937372924906,32,35,32,35,0.9142857142857143,0.009900990099009901,0.07332920792079209,8.914285714285715,Computational reversal candidate for further investigation.,71
amoxapine,-0.03507273530877554,1,1,1,1,1.0,0.009900990099009901,0.07332920792079209,5.0,Computational reversal candidate for further investigation.,72
cabozantinib,-0.03505151216685694,2,2,2,2,1.0,0.009900990099009901,0.07332920792079209,7.0,Computational reversal candidate for further investigation.,73
(+)-JQ1,-0.03489762848103413,16,18,16,18,0.8888888888888888,0.009900990099009901,0.07332920792079209,6.555555555555555,Computational reversal candidate for further investigation.,74
AST1306,-0.034703954514808746,2,2,2,2,1.0,0.009900990099009901,0.07332920792079209,6.0,Computational reversal candidate for further investigation.,75
chelerythrine chloride,-0.03449759942990294,2,2,2,2,1.0,0.009900990099009901,0.07332920792079209,7.0,Computational reversal candidate for further investigation.,76
lanatoside c,-0.03425612243748032,1,1,1,1,1.0,0.009900990099009901,0.07332920792079209,9.0,Computational reversal candidate for further investigation.,77
BRD-A15010982,-0.0335725524184302,1,1,1,1,1.0,0.039603960396039604,0.20141928355925723,7.0,Computational reversal candidate for further investigation.,78
PF-477736,-0.03346918442189112,10,13,10,13,0.7692307692307693,0.009900990099009901,0.07332920792079209,7.384615384615385,Computational reversal candidate for further investigation.,79
AT7867,-0.03344568313848051,4,4,4,4,1.0,0.009900990099009901,0.07332920792079209,6.25,Computational reversal candidate for further investigation.,80
indirubin-3?-monoxime,-0.033401173608510894,1,1,1,1,1.0,0.009900990099009901,0.07332920792079209,6.0,Computational reversal candidate for further investigation.,81
heliotrine,-0.03322464156870692,1,1,1,1,1.0,0.009900990099009901,0.07332920792079209,5.0,Computational reversal candidate for further investigation.,82
afatinib,-0.033138076235454735,26,32,26,32,0.8125,0.009900990099009901,0.07332920792079209,9.0,Computational reversal candidate for further investigation.,83
JWE-035,-0.03313391931347751,8,8,8,8,1.0,0.009900990099009901,0.07332920792079209,6.375,Computational reversal candidate for further investigation.,84
KIN001-244,-0.033018379411028836,1,1,1,1,1.0,0.009900990099009901,0.07332920792079209,6.0,Computational reversal candidate for further investigation.,85
geldanamycin,-0.03287947276652488,76,90,112,145,0.8444444444444444,0.009900990099009901,0.07332920792079209,8.213793103448277,Computational reversal candidate for further investigation.,86
PIK-93,-0.03282158436595481,7,8,7,8,0.875,0.009900990099009901,0.07332920792079209,6.625,Computational reversal candidate for further investigation.,87
tamoxifen citrate,-0.03260427030765442,1,1,1,1,1.0,0.009900990099009901,0.07332920792079209,5.0,Computational reversal candidate for further investigation.,88
dovitinib,-0.032570107906470525,17,19,17,19,0.8947368421052632,0.009900990099009901,0.07332920792079209,9.263157894736842,Computational reversal candidate for further investigation.,89
OSI-027,-0.032123542349595156,28,34,28,34,0.8235294117647058,0.009900990099009901,0.07332920792079209,7.705882352941177,Computational reversal candidate for further investigation.,90
dasatinib,-0.032008612333787385,46,50,91,95,0.92,0.009900990099009901,0.07332920792079209,7.042105263157895,Computational reversal candidate for further investigation.,91
ly 288513,-0.031816739236974534,1,1,1,1,1.0,0.019801980198019802,0.1235018238665972,5.0,Computational reversal candidate for further investigation.,92
HG-14-10-04,-0.03170073010887467,7,8,7,8,0.875,0.009900990099009901,0.07332920792079209,6.875,Computational reversal candidate for further investigation.,93
PHA-665752,-0.0316422746111329,6,6,6,6,1.0,0.009900990099009901,0.07332920792079209,8.5,Computational reversal candidate for further investigation.,94
metaxalone,-0.03138396884245385,1,1,1,1,1.0,0.009900990099009901,0.07332920792079209,6.0,Computational reversal candidate for further investigation.,95
CH5424802,-0.03129412851016105,1,1,1,1,1.0,0.039603960396039604,0.20141928355925723,7.0,Computational reversal candidate for further investigation.,96
BRD-K76938712,-0.031249404516728967,1,1,1,1,1.0,0.009900990099009901,0.07332920792079209,7.0,Computational reversal candidate for further investigation.,97
BRD-K03176945,-0.031232073593401993,1,1,1,1,1.0,0.019801980198019802,0.1235018238665972,5.0,Computational reversal candidate for further investigation.,98
KW-2449,-0.03119660784777283,1,2,1,2,0.5,0.019801980198019802,0.1235018238665972,9.5,Computational reversal candidate for further investigation.,99
kenpaullone,-0.03117022190587582,2,2,2,2,1.0,0.009900990099009901,0.07332920792079209,5.5,Computational reversal candidate for further investigation.,100
NVP-BEZ235,-0.03099024199307356,53,66,53,66,0.803030303030303,0.009900990099009901,0.07332920792079209,7.484848484848484,Computational reversal candidate for further investigation.,101
PF-3758309,-0.03011866616254726,23,24,23,24,0.9583333333333334,0.009900990099009901,0.07332920792079209,6.666666666666667,Computational reversal candidate for further investigation.,102
fluvoxamine maleate,-0.030020557750348405,1,1,1,1,1.0,0.009900990099009901,0.07332920792079209,5.0,Computational reversal candidate for further investigation.,103
HG-9-91-01,-0.0299590544785005,5,5,5,5,1.0,0.009900990099009901,0.07332920792079209,6.0,Computational reversal candidate for further investigation.,104
scoulerine,-0.029893013079843146,1,1,1,1,1.0,0.009900990099009901,0.07332920792079209,5.0,Computational reversal candidate for further investigation.,105
tanespimycin,-0.029475489928365205,7,7,17,17,1.0,0.009900990099009901,0.07332920792079209,8.529411764705882,Computational reversal candidate for further investigation.,106
CP-724714,-0.029391942519958844,5,7,5,7,0.7142857142857143,0.009900990099009901,0.07332920792079209,6.571428571428571,Computational reversal candidate for further investigation.,107
BRD-K28916077,-0.029323047045309848,2,2,2,2,1.0,0.009900990099009901,0.07332920792079209,6.0,Computational reversal candidate for further investigation.,108
fludrocortisone acetate,-0.029291490750016858,1,1,1,1,1.0,0.0297029702970297,0.16681525972502462,5.0,Computational reversal candidate for further investigation.,109
canertinib,-0.029124031270055518,26,29,26,29,0.896551724137931,0.009900990099009901,0.07332920792079209,9.10344827586207,Computational reversal candidate for further investigation.,110
JW-7-24-1,-0.028987265662998855,25,29,25,29,0.8620689655172413,0.009900990099009901,0.07332920792079209,7.862068965517241,Computational reversal candidate for further investigation.,111
tripelennamine citrate,-0.028879321384991136,1,1,1,1,1.0,0.0297029702970297,0.16681525972502462,6.0,Computational reversal candidate for further investigation.,112
CYT387,-0.028838382921981504,2,3,2,3,0.6666666666666666,0.009900990099009901,0.07332920792079209,6.333333333333333,Computational reversal candidate for further investigation.,113
osi-906,-0.02871088685325586,1,1,1,1,1.0,0.009900990099009901,0.07332920792079209,6.0,Computational reversal candidate for further investigation.,114
BRD-K53461563,-0.028605588369767846,1,1,1,1,1.0,0.009900990099009901,0.07332920792079209,5.0,Computational reversal candidate for further investigation.,115
BRD-K05549170,-0.028544128631394494,1,1,1,1,1.0,0.0297029702970297,0.16681525972502462,5.0,Computational reversal candidate for further investigation.,116
BRD-K13810148,-0.028471917690588718,1,1,1,1,1.0,0.039603960396039604,0.20141928355925723,5.0,Computational reversal candidate for further investigation.,117
ei-156,-0.028148564977117457,3,3,3,3,1.0,0.009900990099009901,0.07332920792079209,7.0,Computational reversal candidate for further investigation.,118
formoterol hemifumarate,-0.028103668132513915,1,1,1,1,1.0,0.009900990099009901,0.07332920792079209,6.0,Computational reversal candidate for further investigation.,119
GDC-0980,-0.027653756177409075,34,43,34,43,0.7906976744186046,0.009900990099009901,0.07332920792079209,8.13953488372093,Computational reversal candidate for further investigation.,120
XMD-892,-0.027154828778994576,4,5,4,5,0.8,0.009900990099009901,0.07332920792079209,6.6,Computational reversal candidate for further investigation.,121
dabrafenib,-0.027148760720571097,17,18,17,18,0.9444444444444444,0.009900990099009901,0.07332920792079209,7.944444444444445,Computational reversal candidate for further investigation.,122
coumarinic acid methyl ether,-0.027137518824396873,1,1,1,1,1.0,0.009900990099009901,0.07332920792079209,5.0,Computational reversal candidate for further investigation.,123
TWS-119,-0.02671723176909486,6,7,6,7,0.8571428571428571,0.009900990099009901,0.07332920792079209,7.857142857142857,Computational reversal candidate for further investigation.,124
tyrphostin-AG-1478,-0.026684205655213004,1,1,1,1,1.0,0.009900990099009901,0.07332920792079209,5.0,Computational reversal candidate for further investigation.,125
ncgc00183690-01,-0.026539667652733287,1,1,1,1,1.0,0.039603960396039604,0.20141928355925723,8.0,Computational reversal candidate for further investigation.,126
KIN001-127,-0.026495308712538093,6,6,6,6,1.0,0.009900990099009901,0.07332920792079209,7.5,Computational reversal candidate for further investigation.,127
AZD-8055,-0.026337346936110617,38,45,38,45,0.8444444444444444,0.009900990099009901,0.07332920792079209,7.4,Computational reversal candidate for further investigation.,128
ncgc00188531-01,-0.026222215669901267,1,1,1,1,1.0,0.0297029702970297,0.16681525972502462,5.0,Computational reversal candidate for further investigation.,129
MK-2206,-0.02619118797639567,15,16,15,16,0.9375,0.009900990099009901,0.07332920792079209,9.1875,Computational reversal candidate for further investigation.,130
YM-201636,-0.02593377579439869,8,9,8,9,0.8888888888888888,0.009900990099009901,0.07332920792079209,7.444444444444445,Computational reversal candidate for further investigation.,131
AZD4547,-0.025856265833780055,4,4,4,4,1.0,0.009900990099009901,0.07332920792079209,7.0,Computational reversal candidate for further investigation.,132
BRD-K89224880,-0.02576814727653929,1,1,1,1,1.0,0.019801980198019802,0.1235018238665972,5.0,Computational reversal candidate for further investigation.,133
BRD-K37798499,-0.025650794286168475,1,1,1,1,1.0,0.019801980198019802,0.1235018238665972,6.0,Computational reversal candidate for further investigation.,134
BRD-K58214070,-0.025619095967609057,1,1,1,1,1.0,0.019801980198019802,0.1235018238665972,7.0,Computational reversal candidate for further investigation.,135
BRD-K27630941,-0.025618739610534215,1,1,1,1,1.0,0.009900990099009901,0.07332920792079209,5.0,Computational reversal candidate for further investigation.,136
amcinonide,-0.025385640058683358,1,1,1,1,1.0,0.009900990099009901,0.07332920792079209,5.0,Computational reversal candidate for further investigation.,137
bms 191011,-0.02535321401050708,1,1,1,1,1.0,0.04950495049504951,0.23750350743576382,6.0,Computational reversal candidate for further investigation.,138
WYE-125132,-0.02521116826826959,55,67,55,67,0.8208955223880597,0.009900990099009901,0.07332920792079209,7.82089552238806,Computational reversal candidate for further investigation.,139
AZD-7762,-0.02507672154488677,25,30,25,30,0.8333333333333334,0.009900990099009901,0.07332920792079209,6.633333333333334,Computational reversal candidate for further investigation.,140
BI-2536,-0.025011595516436193,40,49,45,54,0.8163265306122449,0.009900990099009901,0.07332920792079209,7.277777777777778,Computational reversal candidate for further investigation.,141
d 4476,-0.024859203168881516,1,1,1,1,1.0,0.019801980198019802,0.1235018238665972,5.0,Computational reversal candidate for further investigation.,142
pracinostat,-0.024834077471562993,24,26,24,26,0.9230769230769231,0.009900990099009901,0.07332920792079209,7.6923076923076925,Computational reversal candidate for further investigation.,143
ibrutinib,-0.02480831674990146,1,1,1,1,1.0,0.019801980198019802,0.1235018238665972,5.0,Computational reversal candidate for further investigation.,144
INK-128,-0.02468151719121993,18,22,18,22,0.8181818181818182,0.009900990099009901,0.07332920792079209,7.363636363636363,Computational reversal candidate for further investigation.,145
fenofibrate,-0.024617383800358678,1,1,1,1,1.0,0.0297029702970297,0.16681525972502462,7.0,Computational reversal candidate for further investigation.,146
TGX-221,-0.024530002810027783,4,5,4,5,0.8,0.009900990099009901,0.07332920792079209,8.0,Computational reversal candidate for further investigation.,147
BRD-K98676510,-0.024527431869071258,1,1,1,1,1.0,0.009900990099009901,0.07332920792079209,5.0,Computational reversal candidate for further investigation.,148
GSK-690693,-0.024487500957226876,6,7,6,7,0.8571428571428571,0.009900990099009901,0.07332920792079209,6.285714285714286,Computational reversal candidate for further investigation.,149
p1075,-0.02444011277754029,1,1,1,1,1.0,0.019801980198019802,0.1235018238665972,5.0,Computational reversal candidate for further investigation.,150
BRD-K68202742 (trichostatin a),-0.024217041542108037,7,8,8,9,0.875,0.009900990099009901,0.07332920792079209,6.333333333333333,Computational reversal candidate for further investigation.,151
sb 200646 hydrochloride,-0.02416794900033603,2,2,2,2,1.0,0.009900990099009901,0.07332920792079209,5.5,Computational reversal candidate for further investigation.,152
torin-1,-0.024164748252325566,52,63,52,63,0.8253968253968254,0.009900990099009901,0.07332920792079209,7.936507936507937,Computational reversal candidate for further investigation.,153
belinostat,-0.023940748921371758,20,25,20,25,0.8,0.009900990099009901,0.07332920792079209,7.64,Computational reversal candidate for further investigation.,154
BRD-K88708949,-0.023719652668714935,1,1,1,1,1.0,0.019801980198019802,0.1235018238665972,6.0,Computational reversal candidate for further investigation.,155
BRD-K86682249,-0.023621967899705415,1,1,1,1,1.0,0.019801980198019802,0.1235018238665972,7.0,Computational reversal candidate for further investigation.,156
enrofloxacin,-0.023604231395260755,1,1,1,1,1.0,0.06930693069306931,0.2975678002582867,5.0,Computational reversal candidate for further investigation.,157
felamidin,-0.0235889724466861,1,1,1,1,1.0,0.07920792079207921,0.32933819697759253,7.0,Computational reversal candidate for further investigation.,158
jlk 6,-0.023419436747499116,1,1,1,1,1.0,0.06930693069306931,0.2975678002582867,5.0,Computational reversal candidate for further investigation.,159
BRD-K26304855,-0.02316745626143759,3,3,3,3,1.0,0.019801980198019802,0.1235018238665972,5.666666666666667,Computational reversal candidate for further investigation.,160
mitoxantrone,-0.02306050070835635,55,68,89,107,0.8088235294117647,0.009900990099009901,0.07332920792079209,8.299065420560748,Computational reversal candidate for further investigation.,161
I-BET,-0.023002715542825472,12,14,12,14,0.8571428571428571,0.009900990099009901,0.07332920792079209,5.571428571428571,Computational reversal candidate for further investigation.,162
BRD-K88742110,-0.022832890860922564,1,1,1,1,1.0,0.019801980198019802,0.1235018238665972,5.0,Computational reversal candidate for further investigation.,163
mibefradil dihydrochloride,-0.022446498232583007,1,1,1,1,1.0,0.0297029702970297,0.16681525972502462,7.0,Computational reversal candidate for further investigation.,164
stk249718,-0.02244506422613827,1,1,1,1,1.0,0.04950495049504951,0.23750350743576382,5.0,Computational reversal candidate for further investigation.,165
BRD-K95196255,-0.022426098187050273,1,1,1,1,1.0,0.06930693069306931,0.2975678002582867,5.0,Computational reversal candidate for further investigation.,166
stock3s-04022,-0.022278030699566607,1,1,1,1,1.0,0.04950495049504951,0.23750350743576382,7.0,Computational reversal candidate for further investigation.,167
pyrvinium pamoate,-0.02223946242891427,1,1,1,1,1.0,0.04950495049504951,0.23750350743576382,5.0,Computational reversal candidate for further investigation.,168
alaproclate,-0.022213984194255756,1,1,1,1,1.0,0.039603960396039604,0.20141928355925723,5.0,Computational reversal candidate for further investigation.,169
BRD-U33728988,-0.022173018268381476,1,1,1,1,1.0,0.10891089108910891,0.4033106435643564,8.0,Computational reversal candidate for further investigation.,170
flurofamide,-0.022156928541466992,1,1,1,1,1.0,0.0594059405940594,0.27391455098817274,5.0,Computational reversal candidate for further investigation.,171
doramapimod,-0.02214507881675625,1,1,1,1,1.0,0.019801980198019802,0.1235018238665972,5.0,Computational reversal candidate for further investigation.,172
cmpd-1,-0.022143937355759563,1,1,1,1,1.0,0.039603960396039604,0.20141928355925723,5.0,Computational reversal candidate for further investigation.,173
BRD-K14844937,-0.022130581765517993,1,1,1,1,1.0,0.039603960396039604,0.20141928355925723,5.0,Computational reversal candidate for further investigation.,174
kirromycin,-0.02204665029159585,1,1,1,1,1.0,0.0297029702970297,0.16681525972502462,5.0,Computational reversal candidate for further investigation.,175
GSK-1904529A,-0.021962243616304965,4,4,4,4,1.0,0.009900990099009901,0.07332920792079209,8.75,Computational reversal candidate for further investigation.,176
BRD-K04923131,-0.021767106407252497,1,1,1,1,1.0,0.019801980198019802,0.1235018238665972,5.0,Computational reversal candidate for further investigation.,177
entinostat,-0.021715109097036046,12,13,12,13,0.9230769230769231,0.019801980198019802,0.1235018238665972,7.076923076923077,Computational reversal candidate for further investigation.,178
"methyl 2,5-dihydroxycinnamate",-0.02117002336123889,1,1,1,1,1.0,0.06930693069306931,0.2975678002582867,5.0,Computational reversal candidate for further investigation.,179
WZ-4002,-0.021150740992587416,6,6,6,6,1.0,0.009900990099009901,0.07332920792079209,6.666666666666667,Computational reversal candidate for further investigation.,180
torin-2,-0.02102054881807861,41,54,41,54,0.7592592592592593,0.009900990099009901,0.07332920792079209,7.537037037037037,Computational reversal candidate for further investigation.,181
olaparib,-0.02089736875053764,2,2,2,2,1.0,0.019801980198019802,0.1235018238665972,5.0,Computational reversal candidate for further investigation.,182
BRD-K10846167,-0.020836253529759617,1,1,1,1,1.0,0.0891089108910891,0.3555355535553555,5.0,Computational reversal candidate for further investigation.,183
BRD-K54256913,-0.02071582284920794,4,5,4,5,0.8,0.009900990099009901,0.07332920792079209,5.6,Computational reversal candidate for further investigation.,184
s1085,-0.02068098247581617,1,2,1,2,0.5,0.04950495049504951,0.23750350743576382,6.5,Computational reversal candidate for further investigation.,185
pyrazolanthrone,-0.020455853180676394,1,1,1,1,1.0,0.0297029702970297,0.16681525972502462,5.0,Computational reversal candidate for further investigation.,186
"ici-185,282",-0.020436695661626102,1,1,1,1,1.0,0.04950495049504951,0.23750350743576382,7.0,Computational reversal candidate for further investigation.,187
fluticasone propionate,-0.020422363431125492,1,1,1,1,1.0,0.039603960396039604,0.20141928355925723,6.0,Computational reversal candidate for further investigation.,188
r2146,-0.020245169301882138,2,2,2,2,1.0,0.019801980198019802,0.1235018238665972,6.0,Computational reversal candidate for further investigation.,189
s1003,-0.020121653090031586,3,3,3,3,1.0,0.06930693069306931,0.2975678002582867,6.333333333333333,Computational reversal candidate for further investigation.,190
sb 202190,-0.020012407732874556,1,1,1,1,1.0,0.039603960396039604,0.20141928355925723,5.0,Computational reversal candidate for further investigation.,191
iniparib,-0.019914735237054098,1,1,1,1,1.0,0.039603960396039604,0.20141928355925723,5.0,Computational reversal candidate for further investigation.,192
BIX-02189,-0.01987951357333165,2,2,2,2,1.0,0.009900990099009901,0.07332920792079209,5.0,Computational reversal candidate for further investigation.,193
calyculin a,-0.019876046696858923,1,1,1,1,1.0,0.0891089108910891,0.3555355535553555,7.0,Computational reversal candidate for further investigation.,194
BRD-K61776140,-0.019796908773505113,1,2,1,2,0.5,0.019801980198019802,0.1235018238665972,7.0,Computational reversal candidate for further investigation.,195
BRD-K66426634,-0.019646958669002644,1,1,1,1,1.0,0.0297029702970297,0.16681525972502462,5.0,Computational reversal candidate for further investigation.,196
alvocidib,-0.01926552213452283,41,56,41,56,0.7321428571428571,0.009900990099009901,0.07332920792079209,7.142857142857143,Computational reversal candidate for further investigation.,197
tipifarnib-p2,-0.019212101638309297,1,1,1,1,1.0,0.009900990099009901,0.07332920792079209,8.0,Computational reversal candidate for further investigation.,198
ei-155,-0.019200508883169865,2,2,2,2,1.0,0.06930693069306931,0.2975678002582867,5.5,Computational reversal candidate for further investigation.,199
BX-795,-0.018830194248247577,3,3,3,3,1.0,0.019801980198019802,0.1235018238665972,5.333333333333333,Computational reversal candidate for further investigation.,200
BRD-K34363599,-0.01872010734670632,1,1,1,1,1.0,0.04950495049504951,0.23750350743576382,5.0,Computational reversal candidate for further investigation.,201
gamma-linolenic acid (18:3 n-6),-0.018668072023931195,1,1,1,1,1.0,0.12871287128712872,0.44992552352580395,5.0,Computational reversal candidate for further investigation.,202
d3943,-0.018666099009181716,1,1,1,1,1.0,0.0297029702970297,0.16681525972502462,5.0,Computational reversal candidate for further investigation.,203
palda,-0.01860440697237914,1,1,1,1,1.0,0.07920792079207921,0.32933819697759253,5.0,Computational reversal candidate for further investigation.,204
BRD-K09854848,-0.018590190664792353,4,4,4,4,1.0,0.039603960396039604,0.20141928355925723,5.75,Computational reversal candidate for further investigation.,205
iopanoic acid,-0.0184549034943043,1,1,1,1,1.0,0.06930693069306931,0.2975678002582867,7.0,Computational reversal candidate for further investigation.,206
brompheniramine maleate,-0.01836335878524991,1,1,1,1,1.0,0.0297029702970297,0.16681525972502462,5.0,Computational reversal candidate for further investigation.,207
fluocinolone acetonide,-0.018209570742038012,1,1,1,1,1.0,0.06930693069306931,0.2975678002582867,6.0,Computational reversal candidate for further investigation.,208
l-6307,-0.0180495608103754,3,4,3,4,0.75,0.009900990099009901,0.07332920792079209,5.75,Computational reversal candidate for further investigation.,209
SAR-245408,-0.017977474296790336,2,2,2,2,1.0,0.04950495049504951,0.23750350743576382,7.5,Computational reversal candidate for further investigation.,210
BRD-K70251741,-0.017950594961918726,1,1,1,1,1.0,0.07920792079207921,0.32933819697759253,8.0,Computational reversal candidate for further investigation.,211
pnu 74654,-0.017842135645315838,1,1,1,1,1.0,0.0594059405940594,0.27391455098817274,5.0,Computational reversal candidate for further investigation.,212
ncgc00242279-01,-0.017762351656732317,1,1,1,1,1.0,0.039603960396039604,0.20141928355925723,5.0,Computational reversal candidate for further investigation.,213
s-8599,-0.017655126479590985,1,1,1,1,1.0,0.039603960396039604,0.20141928355925723,6.0,Computational reversal candidate for further investigation.,214
luteolin,-0.017573147508260247,1,1,1,1,1.0,0.009900990099009901,0.07332920792079209,5.0,Computational reversal candidate for further investigation.,215
cilostamide,-0.017482660737328785,1,1,1,1,1.0,0.10891089108910891,0.4033106435643564,5.0,Computational reversal candidate for further investigation.,216
bay 11-7821,-0.017464246710542666,2,2,2,2,1.0,0.0594059405940594,0.27391455098817274,6.5,Computational reversal candidate for further investigation.,217
BRD-K41557448,-0.017415810318355738,1,1,1,1,1.0,0.019801980198019802,0.1235018238665972,5.0,Computational reversal candidate for further investigation.,218
fostamatinib,-0.017268606055103275,5,6,5,6,0.8333333333333334,0.009900990099009901,0.07332920792079209,5.833333333333333,Computational reversal candidate for further investigation.,219
sid 26681509,-0.017237512005891586,3,3,3,3,1.0,0.0297029702970297,0.16681525972502462,6.0,Computational reversal candidate for further investigation.,220
KU-60019,-0.01716047590190435,1,1,1,1,1.0,0.039603960396039604,0.20141928355925723,5.0,Computational reversal candidate for further investigation.,221
ca-074-me,-0.01706532772484596,1,2,1,2,0.5,0.039603960396039604,0.20141928355925723,5.0,Computational reversal candidate for further investigation.,222
tws119,-0.017059576719213626,2,2,2,2,1.0,0.06930693069306931,0.2975678002582867,6.5,Computational reversal candidate for further investigation.,223
gw 583340 dihydrochloride,-0.017024854134746695,2,2,2,2,1.0,0.009900990099009901,0.07332920792079209,5.5,Computational reversal candidate for further investigation.,224
GSK-461364,-0.017021672721516175,5,7,5,7,0.7142857142857143,0.009900990099009901,0.07332920792079209,6.142857142857143,Computational reversal candidate for further investigation.,225
BRD-K97764662,-0.017012926104813805,1,1,2,2,1.0,0.009900990099009901,0.07332920792079209,7.0,Computational reversal candidate for further investigation.,226
BRD-K64857848,-0.01698844336888941,2,2,2,2,1.0,0.04950495049504951,0.23750350743576382,5.5,Computational reversal candidate for further investigation.,227
dau 5884 hydrochloride,-0.016934627867925208,1,1,1,1,1.0,0.07920792079207921,0.32933819697759253,5.0,Computational reversal candidate for further investigation.,228
danazol,-0.01674152813005845,2,2,2,2,1.0,0.04950495049504951,0.23750350743576382,5.0,Computational reversal candidate for further investigation.,229
I-BET151,-0.01668269646397858,11,15,11,15,0.7333333333333333,0.009900990099009901,0.07332920792079209,7.933333333333334,Computational reversal candidate for further investigation.,230
azd-7545-a,-0.016372444625247982,1,1,1,1,1.0,0.0594059405940594,0.27391455098817274,6.0,Computational reversal candidate for further investigation.,231
BRD-K03736784,-0.01636640620774782,2,2,2,2,1.0,0.1188118811881188,0.425353713619096,5.0,Computational reversal candidate for further investigation.,232
BRD-K83670234,-0.016216074175329435,4,4,4,4,1.0,0.039603960396039604,0.20141928355925723,6.25,Computational reversal candidate for further investigation.,233
roscovitine,-0.01613137585273897,2,3,2,3,0.6666666666666666,0.019801980198019802,0.1235018238665972,7.666666666666667,Computational reversal candidate for further investigation.,234
disulfiram,-0.016015430520236684,2,2,2,2,1.0,0.0297029702970297,0.16681525972502462,5.5,Computational reversal candidate for further investigation.,235
l-sulforophane,-0.015961845846117265,2,2,2,2,1.0,0.0594059405940594,0.27391455098817274,5.0,Computational reversal candidate for further investigation.,236
mw-a1-12,-0.0158803231071421,1,1,1,1,1.0,0.10891089108910891,0.4033106435643564,7.0,Computational reversal candidate for further investigation.,237
estradiol valerate,-0.015788290856071505,1,1,1,1,1.0,0.06930693069306931,0.2975678002582867,5.0,Computational reversal candidate for further investigation.,238
BRD-K11795542,-0.015772619028680667,1,1,1,1,1.0,0.0891089108910891,0.3555355535553555,6.0,Computational reversal candidate for further investigation.,239
angiogenesis inhibitor,-0.015427952683364974,1,1,1,1,1.0,0.1188118811881188,0.425353713619096,5.0,Computational reversal candidate for further investigation.,240
elesclomol,-0.015419688517258157,1,1,1,1,1.0,0.1782178217821782,0.5319599970072574,6.0,Computational reversal candidate for further investigation.,241
sorafenib,-0.015397204318332977,8,12,8,12,0.6666666666666666,0.019801980198019802,0.1235018238665972,8.166666666666666,Computational reversal candidate for further investigation.,242
thm-i-94,-0.015314955932702257,6,7,6,7,0.8571428571428571,0.07920792079207921,0.32933819697759253,7.142857142857143,Computational reversal candidate for further investigation.,243
BRD-K08463963,-0.015298581840211486,1,1,1,1,1.0,0.16831683168316833,0.5140604266612229,5.0,Computational reversal candidate for further investigation.,244
quinine hemisulfate salt monohydrate,-0.015282012898553306,2,3,2,3,0.6666666666666666,0.019801980198019802,0.1235018238665972,6.333333333333333,Computational reversal candidate for further investigation.,245
saracatinib,-0.01527819825710472,16,18,18,20,0.8888888888888888,0.009900990099009901,0.07332920792079209,7.05,Computational reversal candidate for further investigation.,246
XMD16-144,-0.015275551774019375,24,27,24,27,0.8888888888888888,0.009900990099009901,0.07332920792079209,6.703703703703703,Computational reversal candidate for further investigation.,247
BRD-K79222491,-0.015051879622272231,6,7,6,7,0.8571428571428571,0.009900990099009901,0.07332920792079209,6.142857142857143,Computational reversal candidate for further investigation.,248
clobetasol propionate,-0.015005153957506817,2,3,2,3,0.6666666666666666,0.039603960396039604,0.20141928355925723,5.333333333333333,Computational reversal candidate for further investigation.,249
BRD-K64606589,-0.014972711814486242,4,4,4,4,1.0,0.0297029702970297,0.16681525972502462,6.0,Computational reversal candidate for further investigation.,250
bisacodyl,-0.014806000502735714,1,1,1,1,1.0,0.1485148514851485,0.4848212093936666,7.0,Computational reversal candidate for further investigation.,251
gw 7647,-0.014518785928296331,3,3,3,3,1.0,0.1188118811881188,0.425353713619096,7.0,Computational reversal candidate for further investigation.,252
bp 554 maleate,-0.01440278950743783,1,1,1,1,1.0,0.1485148514851485,0.4848212093936666,6.0,Computational reversal candidate for further investigation.,253
BRD-K52914903,-0.01432588300219426,1,1,1,1,1.0,0.15841584158415842,0.4992626922266695,7.0,Computational reversal candidate for further investigation.,254
4-aminosalicylic acid,-0.014266796874763652,1,1,1,1,1.0,0.12871287128712872,0.44992552352580395,5.0,Computational reversal candidate for further investigation.,255
bibr1532,-0.014265020434233975,4,5,4,5,0.8,0.009900990099009901,0.07332920792079209,6.6,Computational reversal candidate for further investigation.,256
dilazep dihydrochloride,-0.014228459791323658,1,1,1,1,1.0,0.0594059405940594,0.27391455098817274,5.0,Computational reversal candidate for further investigation.,257
BRD-K52522949,-0.014176164903678191,1,2,1,2,0.5,0.0891089108910891,0.3555355535553555,5.5,Computational reversal candidate for further investigation.,258
ki 8751,-0.014158622640040424,2,2,2,2,1.0,0.039603960396039604,0.20141928355925723,6.5,Computational reversal candidate for further investigation.,259
yo-2,-0.014155783480090675,1,1,1,1,1.0,0.07920792079207921,0.32933819697759253,10.0,Computational reversal candidate for further investigation.,260
gr-103,-0.014134958972920348,2,2,2,2,1.0,0.0594059405940594,0.27391455098817274,5.0,Computational reversal candidate for further investigation.,261
manumycin a,-0.014086577603653252,14,18,15,19,0.7777777777777778,0.039603960396039604,0.20141928355925723,5.894736842105263,Computational reversal candidate for further investigation.,262
BRD-K62310379 (fluticasone propionate),-0.013919157361657743,1,1,1,1,1.0,0.1188118811881188,0.425353713619096,6.0,Computational reversal candidate for further investigation.,263
bh3i-1,-0.013853639973755192,1,1,1,1,1.0,0.12871287128712872,0.44992552352580395,5.0,Computational reversal candidate for further investigation.,264
rimexolone,-0.013836915591948152,1,1,1,1,1.0,0.06930693069306931,0.2975678002582867,5.0,Computational reversal candidate for further investigation.,265
BRD-K19724398,-0.013829664987795889,1,2,1,2,0.5,0.10891089108910891,0.4033106435643564,7.0,Computational reversal candidate for further investigation.,266
cgp 57380,-0.013805409422376434,1,1,1,1,1.0,0.0891089108910891,0.3555355535553555,5.0,Computational reversal candidate for further investigation.,267
PD-173074,-0.013748598665321072,5,7,5,7,0.7142857142857143,0.0297029702970297,0.16681525972502462,6.285714285714286,Computational reversal candidate for further investigation.,268
jak3 inhibitor i,-0.013684160128910758,1,1,1,1,1.0,0.15841584158415842,0.4992626922266695,5.0,Computational reversal candidate for further investigation.,269
bvt 948,-0.01365513397825537,2,2,2,2,1.0,0.16831683168316833,0.5140604266612229,6.5,Computational reversal candidate for further investigation.,270
kuc104135 kuc104135n,-0.01361165613084847,3,3,3,3,1.0,0.06930693069306931,0.2975678002582867,5.333333333333333,Computational reversal candidate for further investigation.,271
podophyllotoxin,-0.013589585850807703,1,1,1,1,1.0,0.12871287128712872,0.44992552352580395,5.0,Computational reversal candidate for further investigation.,272
evista,-0.013526204273981074,1,1,1,1,1.0,0.09900990099009901,0.3809309502378809,5.0,Computational reversal candidate for further investigation.,273
olvanil,-0.013523209624070278,2,2,2,2,1.0,0.06930693069306931,0.2975678002582867,6.5,Computational reversal candidate for further investigation.,274
BRD-K79390395,-0.013444127508268552,1,1,1,1,1.0,0.16831683168316833,0.5140604266612229,6.0,Computational reversal candidate for further investigation.,275
chelidonine (+),-0.013443171545127103,1,1,1,1,1.0,0.16831683168316833,0.5140604266612229,7.0,Computational reversal candidate for further investigation.,276
OTSSP167,-0.013407516925554185,11,12,11,12,0.9166666666666666,0.009900990099009901,0.07332920792079209,5.75,Computational reversal candidate for further investigation.,277
BIX-01294,-0.013397460104188161,2,3,2,3,0.6666666666666666,0.18811881188118812,0.5490659903428766,6.0,Computational reversal candidate for further investigation.,278
ftt,-0.013354119245394598,2,3,2,3,0.6666666666666666,0.06930693069306931,0.2975678002582867,5.666666666666667,Computational reversal candidate for further investigation.,279
withaferin-a,-0.013259087151257272,26,36,33,45,0.7222222222222222,0.009900990099009901,0.07332920792079209,7.7555555555555555,Computational reversal candidate for further investigation.,280
terconazole,-0.013225832061512868,1,1,1,1,1.0,0.0891089108910891,0.3555355535553555,5.0,Computational reversal candidate for further investigation.,281
thiethylperazine dimalate,-0.013205291427771156,1,1,1,1,1.0,0.21782178217821782,0.6016755521706016,7.0,Computational reversal candidate for further investigation.,282
cyproheptadine hydrochloride,-0.013183544709565178,1,1,1,1,1.0,0.09900990099009901,0.3809309502378809,5.0,Computational reversal candidate for further investigation.,283
pelitinib,-0.012865459601699115,23,31,23,31,0.7419354838709677,0.0297029702970297,0.16681525972502462,8.419354838709678,Computational reversal candidate for further investigation.,284
periplocymarin,-0.01285728221221295,4,6,4,6,0.6666666666666666,0.0297029702970297,0.16681525972502462,6.0,Computational reversal candidate for further investigation.,285
BRD-A43155244,-0.01283470312922444,2,2,2,2,1.0,0.1485148514851485,0.4848212093936666,5.0,Computational reversal candidate for further investigation.,286
BRD-A25337146,-0.012827642996816878,1,1,1,1,1.0,0.10891089108910891,0.4033106435643564,5.0,Computational reversal candidate for further investigation.,287
JNK-9L,-0.012756519563681692,18,25,18,25,0.72,0.039603960396039604,0.20141928355925723,7.24,Computational reversal candidate for further investigation.,288
GSK-2334470,-0.012744107058540233,2,4,2,4,0.5,0.019801980198019802,0.1235018238665972,5.5,Computational reversal candidate for further investigation.,289
linezolid,-0.01274162163847201,1,1,1,1,1.0,0.10891089108910891,0.4033106435643564,5.0,Computational reversal candidate for further investigation.,290
thiocolchicoside,-0.01270909698825698,1,1,1,1,1.0,0.22772277227722773,0.6160992811609929,7.0,Computational reversal candidate for further investigation.,291
s1040,-0.01259369885272862,1,2,1,2,0.5,0.06930693069306931,0.2975678002582867,7.0,Computational reversal candidate for further investigation.,292
digitoxin,-0.012529020572361214,6,8,6,8,0.75,0.019801980198019802,0.1235018238665972,6.375,Computational reversal candidate for further investigation.,293
doxorubicin hydrochloride,-0.012417857721680392,5,8,8,12,0.625,0.019801980198019802,0.1235018238665972,6.166666666666667,Computational reversal candidate for further investigation.,294
spb02303,-0.012405837647175483,1,1,1,1,1.0,0.1782178217821782,0.5319599970072574,6.0,Computational reversal candidate for further investigation.,295
fu jmbii227b,-0.0124014487553385,1,1,1,1,1.0,0.0594059405940594,0.27391455098817274,5.0,Computational reversal candidate for further investigation.,296
nortriptyline hydrochloride,-0.012186033480899378,1,1,1,1,1.0,0.1188118811881188,0.425353713619096,5.0,Computational reversal candidate for further investigation.,297
ciglitazone,-0.012163547250392431,1,1,1,1,1.0,0.22772277227722773,0.6160992811609929,7.0,Computational reversal candidate for further investigation.,298
BRD-K77547920,-0.012139517713201674,2,2,2,2,1.0,0.13861386138613863,0.47065164969218987,6.0,Computational reversal candidate for further investigation.,299
BRD-U51951544,-0.012126223316513297,6,8,6,8,0.75,0.0297029702970297,0.16681525972502462,5.75,Computational reversal candidate for further investigation.,300
regorafenib,-0.012049311444245668,4,5,4,5,0.8,0.04950495049504951,0.23750350743576382,6.2,Computational reversal candidate for further investigation.,301
hy-50940,-0.012009432237940248,3,4,3,4,0.75,0.09900990099009901,0.3809309502378809,5.75,Computational reversal candidate for further investigation.,302
AZD-5438,-0.011975437467109943,23,33,23,33,0.696969696969697,0.039603960396039604,0.20141928355925723,8.272727272727273,Computational reversal candidate for further investigation.,303
mead ethanolamide,-0.011844958836363571,1,1,1,1,1.0,0.12871287128712872,0.44992552352580395,5.0,Computational reversal candidate for further investigation.,304
puromycin dihydrochloride,-0.011812539190692802,4,4,4,4,1.0,0.04950495049504951,0.23750350743576382,6.25,Computational reversal candidate for further investigation.,305
BMS-387032,-0.011811367603091455,34,50,34,50,0.68,0.009900990099009901,0.07332920792079209,6.94,Computational reversal candidate for further investigation.,306
emd 386088 hydrochloride,-0.011799106840836425,1,1,1,1,1.0,0.15841584158415842,0.4992626922266695,8.0,Computational reversal candidate for further investigation.,307
fulvestrant,-0.011798512211765116,1,2,1,2,0.5,0.0297029702970297,0.16681525972502462,5.0,Computational reversal candidate for further investigation.,308
BRD-A11702965,-0.011795701691664696,4,6,4,6,0.6666666666666666,0.039603960396039604,0.20141928355925723,6.166666666666667,Computational reversal candidate for further investigation.,309
lfm-a12,-0.011718683499661348,1,1,1,1,1.0,0.1188118811881188,0.425353713619096,5.0,Computational reversal candidate for further investigation.,310
AZ20,-0.011712166408038464,6,9,6,9,0.6666666666666666,0.019801980198019802,0.1235018238665972,5.555555555555555,Computational reversal candidate for further investigation.,311
BRD-K31342827,-0.011666064619479985,7,11,7,11,0.6363636363636364,0.0297029702970297,0.16681525972502462,6.181818181818182,Computational reversal candidate for further investigation.,312
ritanserin,-0.011607305030542407,1,1,1,1,1.0,0.1485148514851485,0.4848212093936666,5.0,Computational reversal candidate for further investigation.,313
BRD-K36055864 (cycloheximide),-0.011606017540779551,2,2,2,2,1.0,0.06930693069306931,0.2975678002582867,6.0,Computational reversal candidate for further investigation.,314
BRD-K55127335,-0.01145555432952176,2,2,2,2,1.0,0.10891089108910891,0.4033106435643564,5.0,Computational reversal candidate for further investigation.,315
KU-55933,-0.011338027606954713,1,1,1,1,1.0,0.18811881188118812,0.5490659903428766,7.0,Computational reversal candidate for further investigation.,316
carbazol-9-yl-p-tolyl-methanone,-0.011321725124736191,1,1,1,1,1.0,0.1485148514851485,0.4848212093936666,5.0,Computational reversal candidate for further investigation.,317
BRD-K47635719 (dexamethasone acetate),-0.011309533475726288,1,1,1,1,1.0,0.21782178217821782,0.6016755521706016,5.0,Computational reversal candidate for further investigation.,318
BRD-K12762134,-0.011225095127896444,1,1,1,1,1.0,0.16831683168316833,0.5140604266612229,7.0,Computational reversal candidate for further investigation.,319
BRD-K42021584,-0.011165720900555707,1,1,1,1,1.0,0.19801980198019803,0.5654300369796016,7.0,Computational reversal candidate for further investigation.,320
A443654,-0.01114715439723167,27,40,27,40,0.675,0.009900990099009901,0.07332920792079209,6.65,Computational reversal candidate for further investigation.,321
BRD-K85853281,-0.0111377013173884,4,4,4,4,1.0,0.0594059405940594,0.27391455098817274,5.75,Computational reversal candidate for further investigation.,322
mitoxantrone dihydrochloride,-0.011117292012976308,7,10,13,16,0.7,0.019801980198019802,0.1235018238665972,7.0,Computational reversal candidate for further investigation.,323
h-8,-0.011114364484131506,1,1,1,1,1.0,0.22772277227722773,0.6160992811609929,5.0,Computational reversal candidate for further investigation.,324
sirolimus,-0.0110690190575987,20,29,22,31,0.6896551724137931,0.009900990099009901,0.07332920792079209,6.516129032258065,Computational reversal candidate for further investigation.,325
ei-293,-0.01106559794755382,5,6,5,6,0.8333333333333334,0.0891089108910891,0.3555355535553555,6.666666666666667,Computational reversal candidate for further investigation.,326
BRD-A60245366,-0.011029668786854407,2,3,2,3,0.6666666666666666,0.09900990099009901,0.3809309502378809,5.666666666666667,Computational reversal candidate for further investigation.,327
hy-10459,-0.011004270361419651,6,9,6,9,0.6666666666666666,0.07920792079207921,0.32933819697759253,6.888888888888889,Computational reversal candidate for further investigation.,328
s1122,-0.010963645040421932,5,6,5,6,0.8333333333333334,0.04950495049504951,0.23750350743576382,5.333333333333333,Computational reversal candidate for further investigation.,329
BRD-A80960055,-0.010918710738708117,1,1,1,1,1.0,0.13861386138613863,0.47065164969218987,6.0,Computational reversal candidate for further investigation.,330
rhamnetin,-0.010851849776758456,1,1,1,1,1.0,0.10891089108910891,0.4033106435643564,6.0,Computational reversal candidate for further investigation.,331
NVP-BGT226,-0.010808295283667413,17,23,17,23,0.7391304347826086,0.09900990099009901,0.3809309502378809,6.826086956521739,Computational reversal candidate for further investigation.,332
bongkrekic acid,-0.010726578527084987,1,1,1,1,1.0,0.1782178217821782,0.5319599970072574,5.0,Computational reversal candidate for further investigation.,333
DCC-2036,-0.010634292694953723,7,9,7,9,0.7777777777777778,0.009900990099009901,0.07332920792079209,5.888888888888889,Computational reversal candidate for further investigation.,334
px12,-0.010621693606250827,4,4,4,4,1.0,0.1188118811881188,0.425353713619096,6.25,Computational reversal candidate for further investigation.,335
piplartine,-0.010603756428873162,13,17,15,20,0.7647058823529411,0.06930693069306931,0.2975678002582867,6.85,Computational reversal candidate for further investigation.,336
LDN-193189,-0.010536712231132412,7,11,7,11,0.6363636363636364,0.1188118811881188,0.425353713619096,7.454545454545454,Computational reversal candidate for further investigation.,337
su 4312,-0.010499566054806217,1,1,1,1,1.0,0.19801980198019803,0.5654300369796016,5.0,Computational reversal candidate for further investigation.,338
amperozide,-0.010439144904527364,1,1,1,1,1.0,0.1188118811881188,0.425353713619096,6.0,Computational reversal candidate for further investigation.,339
nilotinib,-0.010431969804084854,3,3,3,3,1.0,0.09900990099009901,0.3809309502378809,5.666666666666667,Computational reversal candidate for further investigation.,340
topotecan hcl,-0.010422057338407011,1,1,1,1,1.0,0.1485148514851485,0.4848212093936666,5.0,Computational reversal candidate for further investigation.,341
s1030,-0.010400449631418757,5,7,5,7,0.7142857142857143,0.07920792079207921,0.32933819697759253,6.0,Computational reversal candidate for further investigation.,342
brefeldin a,-0.010385124319581574,7,8,7,8,0.875,0.0594059405940594,0.27391455098817274,7.125,Computational reversal candidate for further investigation.,343
BRD-K61717269,-0.010243870230711416,1,1,1,1,1.0,0.22772277227722773,0.6160992811609929,5.0,Computational reversal candidate for further investigation.,344
mefloquine,-0.010070023099847803,1,1,1,1,1.0,0.22772277227722773,0.6160992811609929,7.0,Computational reversal candidate for further investigation.,345
BRD-K56343971,-0.010049743711668533,2,3,2,3,0.6666666666666666,0.16831683168316833,0.5140604266612229,8.666666666666666,Computational reversal candidate for further investigation.,346
BRD-K31856043,-0.009983315904582752,1,1,1,1,1.0,0.16831683168316833,0.5140604266612229,5.0,Computational reversal candidate for further investigation.,347
mocetinostat,-0.009961839548426651,9,13,9,13,0.6923076923076923,0.0891089108910891,0.3555355535553555,7.3076923076923075,Computational reversal candidate for further investigation.,348
methylene blue,-0.009871154194433553,4,6,4,6,0.6666666666666666,0.0891089108910891,0.3555355535553555,6.0,Computational reversal candidate for further investigation.,349
BRD-K37150847,-0.009815775226033585,1,1,1,1,1.0,0.19801980198019803,0.5654300369796016,6.0,Computational reversal candidate for further investigation.,350
ryuvidine,-0.009811119169744163,1,1,1,1,1.0,0.2079207920792079,0.5824731409311144,6.0,Computational reversal candidate for further investigation.,351
beclomethasone dipropionate,-0.009808478417169466,1,1,1,1,1.0,0.1485148514851485,0.4848212093936666,5.0,Computational reversal candidate for further investigation.,352
h-5832,-0.009796538212656428,1,1,1,1,1.0,0.1485148514851485,0.4848212093936666,5.0,Computational reversal candidate for further investigation.,353
methylstat,-0.009795314938154297,3,4,3,4,0.75,0.19801980198019803,0.5654300369796016,7.0,Computational reversal candidate for further investigation.,354
cinobufagin,-0.009787966920967874,5,8,5,8,0.625,0.10891089108910891,0.4033106435643564,5.875,Computational reversal candidate for further investigation.,355
GSK-1059615,-0.009778586372435488,26,38,41,65,0.6842105263157895,0.0297029702970297,0.16681525972502462,6.8307692307692305,Computational reversal candidate for further investigation.,356
helveticoside,-0.009686808129830003,1,1,1,1,1.0,0.31683168316831684,0.7493923044999111,6.0,Computational reversal candidate for further investigation.,357
mg-132,-0.009675239374265718,3,3,3,3,1.0,0.2079207920792079,0.5824731409311144,5.333333333333333,Computational reversal candidate for further investigation.,358
pha 665752,-0.009613056922204839,1,2,1,2,0.5,0.09900990099009901,0.3809309502378809,6.5,Computational reversal candidate for further investigation.,359
BRD-A20697603,-0.009549975300847129,5,7,6,9,0.7142857142857143,0.0891089108910891,0.3555355535553555,6.333333333333333,Computational reversal candidate for further investigation.,360
BRD-K01614657,-0.009533856652812723,3,4,3,4,0.75,0.15841584158415842,0.4992626922266695,6.0,Computational reversal candidate for further investigation.,361
hdac6 inhibitor isox,-0.009523215051816043,9,11,9,11,0.8181818181818182,0.1188118811881188,0.425353713619096,5.909090909090909,Computational reversal candidate for further investigation.,362
zardaverine,-0.009399025186356507,1,1,1,1,1.0,0.18811881188118812,0.5490659903428766,5.0,Computational reversal candidate for further investigation.,363
temsirolimus [ci779],-0.00933428404243659,3,5,3,5,0.6,0.1485148514851485,0.4848212093936666,6.2,Computational reversal candidate for further investigation.,364
ci 976,-0.009256780680280184,1,2,1,2,0.5,0.18811881188118812,0.5490659903428766,5.5,Computational reversal candidate for further investigation.,365
hy-10518,-0.009250809722793803,4,7,4,7,0.5714285714285714,0.12871287128712872,0.44992552352580395,6.714285714285714,Computational reversal candidate for further investigation.,366
curcumin,-0.009188834699064957,11,17,11,17,0.6470588235294118,0.04950495049504951,0.23750350743576382,6.647058823529412,Computational reversal candidate for further investigation.,367
BRD-K60067222,-0.009180586768919549,1,1,1,1,1.0,0.15841584158415842,0.4992626922266695,5.0,Computational reversal candidate for further investigation.,368
bumetanide,-0.009177563085042419,1,1,1,1,1.0,0.16831683168316833,0.5140604266612229,5.0,Computational reversal candidate for further investigation.,369
strophanthidin,-0.009171909468155319,2,3,2,3,0.6666666666666666,0.10891089108910891,0.4033106435643564,5.333333333333333,Computational reversal candidate for further investigation.,370
BRD-K31491153,-0.009100454538117423,1,1,1,1,1.0,0.15841584158415842,0.4992626922266695,7.0,Computational reversal candidate for further investigation.,371
idelalisib,-0.008981284689243939,1,2,1,2,0.5,0.13861386138613863,0.47065164969218987,5.0,Computational reversal candidate for further investigation.,372
ei-215,-0.008969281485600123,2,3,2,3,0.6666666666666666,0.13861386138613863,0.47065164969218987,5.333333333333333,Computational reversal candidate for further investigation.,373
ABT-737,-0.008962675588179323,1,2,1,2,0.5,0.0891089108910891,0.3555355535553555,5.0,Computational reversal candidate for further investigation.,374
jnj 10191584 maleate,-0.008940669867102373,1,1,1,1,1.0,0.2871287128712871,0.7103288616961905,5.0,Computational reversal candidate for further investigation.,375
strophantine octahydrate,-0.008938695611966009,4,5,4,5,0.8,0.10891089108910891,0.4033106435643564,6.4,Computational reversal candidate for further investigation.,376
BRD-A25088322,-0.008935916969435213,2,2,2,2,1.0,0.15841584158415842,0.4992626922266695,5.5,Computational reversal candidate for further investigation.,377
BRD-A50774520,-0.008914152746619696,2,2,2,2,1.0,0.13861386138613863,0.47065164969218987,5.0,Computational reversal candidate for further investigation.,378
s1527,-0.008913324069176458,1,1,1,1,1.0,0.26732673267326734,0.6841947693689456,5.0,Computational reversal candidate for further investigation.,379
BRD-K01896723,-0.008875113496775779,4,6,4,6,0.6666666666666666,0.09900990099009901,0.3809309502378809,6.5,Computational reversal candidate for further investigation.,380
mmpx,-0.00886808457391266,1,1,1,1,1.0,0.24752475247524752,0.6503699150402844,5.0,Computational reversal candidate for further investigation.,381
BRD-K80334323 (norethynodrel),-0.00884250535963509,1,2,1,2,0.5,0.18811881188118812,0.5490659903428766,5.0,Computational reversal candidate for further investigation.,382
alclometazone dipropionate,-0.008809980309419388,1,1,1,1,1.0,0.16831683168316833,0.5140604266612229,5.0,Computational reversal candidate for further investigation.,383
BRD-A45657137,-0.00880795501369365,1,1,1,1,1.0,0.15841584158415842,0.4992626922266695,5.0,Computational reversal candidate for further investigation.,384
CGK-733,-0.008708815590918639,4,7,4,7,0.5714285714285714,0.1782178217821782,0.5319599970072574,5.571428571428571,Computational reversal candidate for further investigation.,385
cyclopiazonic acid,-0.008704789611191035,1,1,1,1,1.0,0.1485148514851485,0.4848212093936666,6.0,Computational reversal candidate for further investigation.,386
BRD-K71726959,-0.008621284220201484,4,4,4,4,1.0,0.10891089108910891,0.4033106435643564,6.5,Computational reversal candidate for further investigation.,387
ncgc00182609-01,-0.008605226583625716,1,1,1,1,1.0,0.27722772277227725,0.6960060412820943,6.0,Computational reversal candidate for further investigation.,388
dihomo-gamma-linolenic acid,-0.008595001085473123,2,2,2,2,1.0,0.13861386138613863,0.47065164969218987,5.5,Computational reversal candidate for further investigation.,389
cyclosporine,-0.008479018648389174,7,9,7,9,0.7777777777777778,0.06930693069306931,0.2975678002582867,5.555555555555555,Computational reversal candidate for further investigation.,390
gelsemine,-0.00847231446309265,1,1,1,1,1.0,0.12871287128712872,0.44992552352580395,5.0,Computational reversal candidate for further investigation.,391
mls-0391006,-0.008459849802791268,1,1,1,1,1.0,0.18811881188118812,0.5490659903428766,5.0,Computational reversal candidate for further investigation.,392
dmbi,-0.008445667278284715,1,1,1,1,1.0,0.15841584158415842,0.4992626922266695,5.0,Computational reversal candidate for further investigation.,393
ct-200783,-0.008264850847815242,8,15,8,15,0.5333333333333333,0.07920792079207921,0.32933819697759253,6.066666666666666,Computational reversal candidate for further investigation.,394
triclosan,-0.008197889723276317,1,2,1,2,0.5,0.16831683168316833,0.5140604266612229,6.5,Computational reversal candidate for further investigation.,395
risperidone,-0.008109283339541138,1,1,1,1,1.0,0.2376237623762376,0.6356301544375655,6.0,Computational reversal candidate for further investigation.,396
selinidin,-0.008063580201555457,1,1,1,1,1.0,0.2376237623762376,0.6356301544375655,6.0,Computational reversal candidate for further investigation.,397
flunisolide,-0.0080224072100758,1,1,1,1,1.0,0.27722772277227725,0.6960060412820943,6.0,Computational reversal candidate for further investigation.,398
QL-X-138,-0.007986781954358282,21,32,21,32,0.65625,0.09900990099009901,0.3809309502378809,7.21875,Computational reversal candidate for further investigation.,399
BRD-A58924247,-0.00791398768989948,1,1,1,1,1.0,0.2376237623762376,0.6356301544375655,5.0,Computational reversal candidate for further investigation.,400
ponatinib,-0.007727391529073978,5,7,5,7,0.7142857142857143,0.0891089108910891,0.3555355535553555,6.0,Computational reversal candidate for further investigation.,401
vorinostat,-0.007691910703291553,29,43,77,101,0.6744186046511628,0.1188118811881188,0.425353713619096,6.98019801980198,Computational reversal candidate for further investigation.,402
triptolide,-0.007636214911606945,2,3,2,3,0.6666666666666666,0.1485148514851485,0.4848212093936666,6.666666666666667,Computational reversal candidate for further investigation.,403
BMS-345541,-0.007533040712774759,7,11,7,11,0.6363636363636364,0.09900990099009901,0.3809309502378809,6.909090909090909,Computational reversal candidate for further investigation.,404
ncgc00184830-01,-0.007491145975227103,2,2,2,2,1.0,0.21782178217821782,0.6016755521706016,6.0,Computational reversal candidate for further investigation.,405
podofilox,-0.007439419397866923,2,2,2,2,1.0,0.13861386138613863,0.47065164969218987,6.5,Computational reversal candidate for further investigation.,406
cgp 37157,-0.007436439153680438,1,1,1,1,1.0,0.26732673267326734,0.6841947693689456,5.0,Computational reversal candidate for further investigation.,407
BRD-A75931230,-0.00742429857778606,2,3,2,3,0.6666666666666666,0.1485148514851485,0.4848212093936666,5.0,Computational reversal candidate for further investigation.,408
BRD-K53903639,-0.007401256157432343,4,6,4,6,0.6666666666666666,0.15841584158415842,0.4992626922266695,6.0,Computational reversal candidate for further investigation.,409
a112550.cdx,-0.007386927477185121,1,1,1,1,1.0,0.18811881188118812,0.5490659903428766,5.0,Computational reversal candidate for further investigation.,410
BRD-K74797618,-0.007385831269541199,1,1,1,1,1.0,0.38613861386138615,0.8170968882602546,5.0,Computational reversal candidate for further investigation.,411
rifapentine,-0.007364919064767578,1,1,1,1,1.0,0.2079207920792079,0.5824731409311144,6.0,Computational reversal candidate for further investigation.,412
ei-232,-0.00734048041913147,1,1,1,1,1.0,0.24752475247524752,0.6503699150402844,7.0,Computational reversal candidate for further investigation.,413
BRD-U43867373,-0.007266942001641656,1,2,1,2,0.5,0.1782178217821782,0.5319599970072574,5.5,Computational reversal candidate for further investigation.,414
digoxigenin,-0.007185074580855886,1,1,1,1,1.0,0.297029702970297,0.7257323670511381,6.0,Computational reversal candidate for further investigation.,415
BRD-K81814927,-0.0070853057581990245,3,5,3,5,0.6,0.1485148514851485,0.4848212093936666,7.4,Computational reversal candidate for further investigation.,416
BRD-A68930007 (ouabain),-0.007039935591824353,1,2,1,2,0.5,0.27722772277227725,0.6960060412820943,5.5,Computational reversal candidate for further investigation.,417
BRD-K35716340,-0.007003570615347177,2,2,2,2,1.0,0.24752475247524752,0.6503699150402844,5.0,Computational reversal candidate for further investigation.,418
flufenamic acid,-0.006967280062460214,1,1,1,1,1.0,0.3564356435643564,0.7865479285358703,5.0,Computational reversal candidate for further investigation.,419
meclofenamic acid sodium salt monohydrate,-0.006967280062460214,1,1,1,1,1.0,0.33663366336633666,0.7671363290175172,5.0,Computational reversal candidate for further investigation.,420
ouabain,-0.006876576531857834,8,10,10,12,0.8,0.13861386138613863,0.47065164969218987,5.75,Computational reversal candidate for further investigation.,421
pazopanib,-0.006858513834514689,2,3,2,3,0.6666666666666666,0.15841584158415842,0.4992626922266695,6.333333333333333,Computational reversal candidate for further investigation.,422
s1367,-0.006810767774508508,2,2,2,2,1.0,0.2376237623762376,0.6356301544375655,6.0,Computational reversal candidate for further investigation.,423
SGI-1776,-0.006781333147897521,3,5,3,5,0.6,0.21782178217821782,0.6016755521706016,7.4,Computational reversal candidate for further investigation.,424
BRD-A93393712,-0.006721902145626483,1,2,1,2,0.5,0.22772277227722773,0.6160992811609929,6.0,Computational reversal candidate for further investigation.,425
pd 198306,-0.00667806389779792,3,4,3,4,0.75,0.13861386138613863,0.47065164969218987,6.0,Computational reversal candidate for further investigation.,426
BRD-K50140147,-0.006621085224949931,4,6,5,8,0.6666666666666666,0.09900990099009901,0.3809309502378809,6.5,Computational reversal candidate for further investigation.,427
ncgc00188740-01,-0.006596749588952991,1,1,1,1,1.0,0.3069306930693069,0.7377543028136485,5.0,Computational reversal candidate for further investigation.,428
(s)-(-)-bay k 8644,-0.006556552693568343,1,1,1,1,1.0,0.15841584158415842,0.4992626922266695,5.0,Computational reversal candidate for further investigation.,429
BX-912,-0.006424479916006082,2,4,2,4,0.5,0.16831683168316833,0.5140604266612229,7.25,Computational reversal candidate for further investigation.,430
ntncb hydrochloride,-0.006392674355748029,1,1,1,1,1.0,0.3465346534653465,0.7821782178217821,5.0,Computational reversal candidate for further investigation.,431
ag 957,-0.006367889517222364,1,2,1,2,0.5,0.22772277227722773,0.6160992811609929,7.0,Computational reversal candidate for further investigation.,432
ag14361,-0.00634779664556369,7,11,7,11,0.6363636363636364,0.06930693069306931,0.2975678002582867,5.818181818181818,Computational reversal candidate for further investigation.,433
desoxymetasone,-0.0063265883387586975,1,1,1,1,1.0,0.2079207920792079,0.5824731409311144,5.0,Computational reversal candidate for further investigation.,434
15-delta prostaglandin j2,-0.006256044378957529,1,1,1,1,1.0,0.297029702970297,0.7257323670511381,5.0,Computational reversal candidate for further investigation.,435
BRD-U29336476,-0.006183096222620011,2,2,2,2,1.0,0.37623762376237624,0.8062234794908062,6.0,Computational reversal candidate for further investigation.,436
dinaciclib,-0.0061455768488616605,17,26,17,26,0.6538461538461539,0.13861386138613863,0.47065164969218987,6.730769230769231,Computational reversal candidate for further investigation.,437
immethridine dihydrobromide,-0.0061058322378663805,1,1,1,1,1.0,0.2871287128712871,0.7103288616961905,7.0,Computational reversal candidate for further investigation.,438
eo 1428,-0.0060830140238452785,1,1,1,1,1.0,0.3564356435643564,0.7865479285358703,6.0,Computational reversal candidate for further investigation.,439
CC-401,-0.006027566495471915,1,2,1,2,0.5,0.26732673267326734,0.6841947693689456,6.0,Computational reversal candidate for further investigation.,440
chlormadinone acetate,-0.0060088639390265906,1,1,1,1,1.0,0.3069306930693069,0.7377543028136485,5.0,Computational reversal candidate for further investigation.,441
WZ-3105,-0.006002323058935797,18,29,18,29,0.6206896551724138,0.19801980198019803,0.5654300369796016,6.620689655172414,Computational reversal candidate for further investigation.,442
BRD-A41250203,-0.005962355167100289,2,2,2,2,1.0,0.297029702970297,0.7257323670511381,6.0,Computational reversal candidate for further investigation.,443
PFI-1,-0.0059605378687324385,5,6,5,6,0.8333333333333334,0.12871287128712872,0.44992552352580395,6.0,Computational reversal candidate for further investigation.,444
"mapp, d-erythro",-0.005951443947944892,1,1,1,1,1.0,0.27722772277227725,0.6960060412820943,5.0,Computational reversal candidate for further investigation.,445
6-azauridine,-0.005897519650891735,1,1,1,1,1.0,0.25742574257425743,0.667504387200208,6.0,Computational reversal candidate for further investigation.,446
BRD-K57080016,-0.005896646851547084,5,9,5,9,0.5555555555555556,0.21782178217821782,0.6016755521706016,7.111111111111111,Computational reversal candidate for further investigation.,447
hydrocortisone valerate,-0.005780465305670801,1,1,1,1,1.0,0.3564356435643564,0.7865479285358703,6.0,Computational reversal candidate for further investigation.,448
thapsigargin,-0.005780303641746791,1,1,1,1,1.0,0.36633663366336633,0.7994639242929819,11.0,Computational reversal candidate for further investigation.,449
s1017,-0.00572880094514924,1,1,1,1,1.0,0.2079207920792079,0.5824731409311144,8.0,Computational reversal candidate for further investigation.,450
arachidonyl trifluoro-methyl ketone,-0.005677956096488505,8,11,8,11,0.7272727272727273,0.1782178217821782,0.5319599970072574,6.454545454545454,Computational reversal candidate for further investigation.,451
AT-7519,-0.0056675072171516044,24,38,24,38,0.631578947368421,0.15841584158415842,0.4992626922266695,6.315789473684211,Computational reversal candidate for further investigation.,452
auranofin,-0.005655203721499619,4,5,4,5,0.8,0.2079207920792079,0.5824731409311144,6.2,Computational reversal candidate for further investigation.,453
s1175,-0.005567986743682678,2,2,2,2,1.0,0.32673267326732675,0.76066447509191,6.5,Computational reversal candidate for further investigation.,454
HG-5-113-01,-0.005532475097459707,9,13,9,13,0.6923076923076923,0.18811881188118812,0.5490659903428766,6.230769230769231,Computational reversal candidate for further investigation.,455
BRD-K77877933,-0.0054692946266702465,2,3,2,3,0.6666666666666666,0.31683168316831684,0.7493923044999111,5.333333333333333,Computational reversal candidate for further investigation.,456
BRD-K88551539,-0.005456549580876738,1,2,1,2,0.5,0.24752475247524752,0.6503699150402844,5.5,Computational reversal candidate for further investigation.,457
emetine hydrochloride,-0.005434945897527575,5,6,5,6,0.8333333333333334,0.2871287128712871,0.7103288616961905,6.0,Computational reversal candidate for further investigation.,458
ketoprofen,-0.005414472239377247,1,2,1,2,0.5,0.27722772277227725,0.6960060412820943,5.5,Computational reversal candidate for further investigation.,459
BRD-K29622226,-0.00536078575049161,1,1,1,1,1.0,0.31683168316831684,0.7493923044999111,7.0,Computational reversal candidate for further investigation.,460
piceatannol,-0.0053333039414970715,1,1,1,1,1.0,0.32673267326732675,0.76066447509191,5.0,Computational reversal candidate for further investigation.,461
resveratrol,-0.005314331445676208,1,1,1,1,1.0,0.31683168316831684,0.7493923044999111,5.0,Computational reversal candidate for further investigation.,462
PF-431396,-0.0053126077617443495,8,12,8,12,0.6666666666666666,0.16831683168316833,0.5140604266612229,6.166666666666667,Computational reversal candidate for further investigation.,463
hy-50878,-0.005275597480069147,2,3,2,3,0.6666666666666666,0.27722772277227725,0.6960060412820943,5.666666666666667,Computational reversal candidate for further investigation.,464
menadione,-0.005275597480069147,5,9,5,9,0.5555555555555556,0.25742574257425743,0.667504387200208,5.333333333333333,Computational reversal candidate for further investigation.,465
BRD-K50234570,-0.005235804978481898,2,2,2,2,1.0,0.3069306930693069,0.7377543028136485,5.0,Computational reversal candidate for further investigation.,466
ncgc00185684-02,-0.00521981115766597,1,2,1,2,0.5,0.3465346534653465,0.7821782178217821,8.0,Computational reversal candidate for further investigation.,467
amuvatinib,-0.005214105537351945,1,2,1,2,0.5,0.24752475247524752,0.6503699150402844,6.5,Computational reversal candidate for further investigation.,468
BRD-K71935468,-0.005105371781692354,1,1,1,1,1.0,0.3564356435643564,0.7865479285358703,7.0,Computational reversal candidate for further investigation.,469
ticlopidine hydrochloride,-0.005100950241861932,1,1,1,1,1.0,0.2871287128712871,0.7103288616961905,5.0,Computational reversal candidate for further investigation.,470
cpccoet,-0.00509728201580436,1,1,1,1,1.0,0.43564356435643564,0.8720230131121219,5.0,Computational reversal candidate for further investigation.,471
pac 1,-0.0050854974962780755,3,4,3,4,0.75,0.32673267326732675,0.76066447509191,6.5,Computational reversal candidate for further investigation.,472
digitoxigenin,-0.00505004669229451,5,8,5,8,0.625,0.27722772277227725,0.6960060412820943,5.75,Computational reversal candidate for further investigation.,473
erythrosine sodium,-0.005029153807379975,2,3,2,3,0.6666666666666666,0.31683168316831684,0.7493923044999111,5.333333333333333,Computational reversal candidate for further investigation.,474
vincristine,-0.005008636959384176,1,1,1,1,1.0,0.37623762376237624,0.8062234794908062,5.0,Computational reversal candidate for further investigation.,475
p8624,-0.004963336333900917,4,7,4,7,0.5714285714285714,0.22772277227722773,0.6160992811609929,6.0,Computational reversal candidate for further investigation.,476
lasalocid sodium salt,-0.004884006617352936,1,1,1,1,1.0,0.3564356435643564,0.7865479285358703,5.0,Computational reversal candidate for further investigation.,477
BRD-K18595892,-0.004807763991793604,1,1,1,1,1.0,0.3564356435643564,0.7865479285358703,5.0,Computational reversal candidate for further investigation.,478
BRD-K06765193,-0.004807301036875795,1,1,1,1,1.0,0.2079207920792079,0.5824731409311144,5.0,Computational reversal candidate for further investigation.,479
metoclopramide monohydrochloride,-0.004802051279592208,1,1,1,1,1.0,0.24752475247524752,0.6503699150402844,5.0,Computational reversal candidate for further investigation.,480
ch 55,-0.0047744227888564805,1,1,1,1,1.0,0.33663366336633666,0.7671363290175172,5.0,Computational reversal candidate for further investigation.,481
arg-csc-91,-0.004756124409917355,1,1,1,1,1.0,0.44554455445544555,0.877027071477912,5.0,Computational reversal candidate for further investigation.,482
stk397047,-0.004735413377058146,1,1,1,1,1.0,0.36633663366336633,0.7994639242929819,5.0,Computational reversal candidate for further investigation.,483
doxorubicin,-0.0047272499386352106,5,8,7,10,0.625,0.25742574257425743,0.667504387200208,6.5,Computational reversal candidate for further investigation.,484
k784-3187,-0.0047180342174471855,3,5,3,5,0.6,0.24752475247524752,0.6503699150402844,6.0,Computational reversal candidate for further investigation.,485
BRD-U82589721,-0.004680654072104569,3,5,3,5,0.6,0.2079207920792079,0.5824731409311144,6.2,Computational reversal candidate for further investigation.,486
CGP-60474,-0.004636651580515906,62,93,137,181,0.6666666666666666,0.19801980198019803,0.5654300369796016,6.856353591160221,Computational reversal candidate for further investigation.,487
BRD-K36354764,-0.0046098943639293994,1,2,1,2,0.5,0.26732673267326734,0.6841947693689456,5.5,Computational reversal candidate for further investigation.,488
s1053,-0.00458190543737382,2,4,2,5,0.5,0.25742574257425743,0.667504387200208,6.0,Computational reversal candidate for further investigation.,489
halcinonide,-0.004526874121110005,1,1,1,1,1.0,0.2871287128712871,0.7103288616961905,6.0,Computational reversal candidate for further investigation.,490
doxepin hydrochloride,-0.004490091033868656,1,1,1,1,1.0,0.37623762376237624,0.8062234794908062,5.0,Computational reversal candidate for further investigation.,491
buparlisib,-0.004485601941578834,9,15,9,15,0.6,0.22772277227722773,0.6160992811609929,6.733333333333333,Computational reversal candidate for further investigation.,492
mebendazole,-0.004473552366397206,1,2,1,2,0.5,0.26732673267326734,0.6841947693689456,6.0,Computational reversal candidate for further investigation.,493
BRD-K52321331,-0.004464481833266876,1,1,1,1,1.0,0.40594059405940597,0.8380480905233381,8.0,Computational reversal candidate for further investigation.,494
bmy 45778,-0.004447970877762502,1,1,1,1,1.0,0.33663366336633666,0.7671363290175172,5.0,Computational reversal candidate for further investigation.,495
GDC-0068,-0.004442782203339024,1,2,1,2,0.5,0.25742574257425743,0.667504387200208,5.5,Computational reversal candidate for further investigation.,496
BRD-A90643929,-0.004411827764609238,1,1,1,1,1.0,0.37623762376237624,0.8062234794908062,5.0,Computational reversal candidate for further investigation.,497
er 27319 maleate,-0.004371563962484644,5,9,5,9,0.5555555555555556,0.19801980198019803,0.5654300369796016,6.333333333333333,Computational reversal candidate for further investigation.,498
s1249,-0.004368263473435921,3,5,3,5,0.6,0.1485148514851485,0.4848212093936666,5.4,Computational reversal candidate for further investigation.,499
vx-680,-0.004347886486980921,3,4,3,4,0.75,0.25742574257425743,0.667504387200208,5.5,Computational reversal candidate for further investigation.,500
bd 1063 dihydrochloride,-0.004334146479029282,1,1,1,1,1.0,0.39603960396039606,0.8277018178008277,5.0,Computational reversal candidate for further investigation.,501
BRD-K84450674,-0.004308661844720205,1,1,1,1,1.0,0.45544554455445546,0.8876693590411674,5.0,Computational reversal candidate for further investigation.,502
BRD-K58853583,-0.004282274853783085,1,1,1,1,1.0,0.40594059405940597,0.8380480905233381,7.0,Computational reversal candidate for further investigation.,503
unc0321,-0.004245126649345979,1,1,1,1,1.0,0.36633663366336633,0.7994639242929819,6.0,Computational reversal candidate for further investigation.,504
s1362,-0.0041904374627729874,1,2,1,2,0.5,0.21782178217821782,0.6016755521706016,5.0,Computational reversal candidate for further investigation.,505
idarubicin hcl,-0.004156436776117305,3,4,3,4,0.75,0.19801980198019803,0.5654300369796016,5.5,Computational reversal candidate for further investigation.,506
BRD-K16533489,-0.004121872483152484,2,2,2,2,1.0,0.38613861386138615,0.8170968882602546,6.5,Computational reversal candidate for further investigation.,507
cay10594,-0.004113998697130461,2,2,2,2,1.0,0.32673267326732675,0.76066447509191,9.0,Computational reversal candidate for further investigation.,508
prestw-550,-0.0040876708952469875,2,2,2,2,1.0,0.3069306930693069,0.7377543028136485,6.5,Computational reversal candidate for further investigation.,509
parbendazole,-0.004062185157118635,1,1,1,1,1.0,0.3069306930693069,0.7377543028136485,6.0,Computational reversal candidate for further investigation.,510
pq 401,-0.004043644164777129,2,2,2,2,1.0,0.24752475247524752,0.6503699150402844,5.5,Computational reversal candidate for further investigation.,511
lawsone,-0.004029717436549485,3,3,3,3,1.0,0.3069306930693069,0.7377543028136485,5.333333333333333,Computational reversal candidate for further investigation.,512
KIN001-265,-0.003984470467249559,4,8,4,8,0.5,0.1782178217821782,0.5319599970072574,6.875,Computational reversal candidate for further investigation.,513
daunorubicin hydrochloride,-0.003983074240692614,8,10,10,12,0.8,0.1782178217821782,0.5319599970072574,6.166666666666667,Computational reversal candidate for further investigation.,514
suloctidil,-0.0039796891750817085,2,3,2,3,0.6666666666666666,0.38613861386138615,0.8170968882602546,6.333333333333333,Computational reversal candidate for further investigation.,515
BRD-A31107743,-0.003918578676589553,6,9,6,9,0.6666666666666666,0.297029702970297,0.7257323670511381,5.777777777777778,Computational reversal candidate for further investigation.,516
gitoxigenin,-0.0039076441755421755,2,3,2,4,0.6666666666666666,0.26732673267326734,0.6841947693689456,5.5,Computational reversal candidate for further investigation.,517
BRD-K49371609,-0.003869439021688874,8,14,8,14,0.5714285714285714,0.1782178217821782,0.5319599970072574,6.142857142857143,Computational reversal candidate for further investigation.,518
BRD-K41925105,-0.0038619563382410608,1,2,1,2,0.5,0.38613861386138615,0.8170968882602546,6.0,Computational reversal candidate for further investigation.,519
BRD-K53780220,-0.003860480378143912,2,2,2,2,1.0,0.27722772277227725,0.6960060412820943,6.5,Computational reversal candidate for further investigation.,520
s1057,-0.003856133543778884,2,3,2,3,0.6666666666666666,0.2871287128712871,0.7103288616961905,5.666666666666667,Computational reversal candidate for further investigation.,521
mycophenolic acid,-0.0038144946443432826,1,1,1,1,1.0,0.40594059405940597,0.8380480905233381,5.0,Computational reversal candidate for further investigation.,522
chloroquine diphosphate,-0.0037880279212449937,1,1,1,1,1.0,0.48514851485148514,0.9183721886565652,5.0,Computational reversal candidate for further investigation.,523
terfenadine,-0.003757649780726134,1,1,1,1,1.0,0.33663366336633666,0.7671363290175172,6.0,Computational reversal candidate for further investigation.,524
hemado,-0.003724394369571115,1,1,1,1,1.0,0.39603960396039606,0.8277018178008277,5.0,Computational reversal candidate for further investigation.,525
t542500,-0.0036897260008956316,2,3,2,3,0.6666666666666666,0.32673267326732675,0.76066447509191,6.0,Computational reversal candidate for further investigation.,526
BRD-A83124583,-0.0036867120261524643,2,2,2,2,1.0,0.3564356435643564,0.7865479285358703,5.5,Computational reversal candidate for further investigation.,527
tivozanib,-0.0036735337158528055,3,3,3,3,1.0,0.3465346534653465,0.7821782178217821,6.0,Computational reversal candidate for further investigation.,528
st4066738,-0.0036570982008473684,1,1,1,1,1.0,0.4158415841584158,0.8481450554694023,5.0,Computational reversal candidate for further investigation.,529
fgin-1-27,-0.0035972279839554143,2,3,2,3,0.6666666666666666,0.33663366336633666,0.7671363290175172,5.0,Computational reversal candidate for further investigation.,530
metergoline,-0.003582595300028227,1,1,1,1,1.0,0.3465346534653465,0.7821782178217821,5.0,Computational reversal candidate for further investigation.,531
BRD-K84203638,-0.0035674362284141997,3,6,3,6,0.5,0.3069306930693069,0.7377543028136485,9.166666666666666,Computational reversal candidate for further investigation.,532
trichostatin a,-0.0035314958136116385,15,21,58,73,0.7142857142857143,0.18811881188118812,0.5490659903428766,6.191780821917808,Computational reversal candidate for further investigation.,533
thiostrepton,-0.0034911430403342307,1,2,1,2,0.5,0.42574257425742573,0.8594632887479549,5.5,Computational reversal candidate for further investigation.,534
zd 7155 hydrochloride,-0.003407988498141462,1,1,1,1,1.0,0.40594059405940597,0.8380480905233381,6.0,Computational reversal candidate for further investigation.,535
BRD-K07790824,-0.0032426092256664443,1,1,1,1,1.0,0.2871287128712871,0.7103288616961905,5.0,Computational reversal candidate for further investigation.,536
BRD-K66792149,-0.0031735190013480402,3,5,3,5,0.6,0.19801980198019803,0.5654300369796016,5.6,Computational reversal candidate for further investigation.,537
naloxone benzoylhydrazone,-0.0031480513663053027,1,1,1,1,1.0,0.40594059405940597,0.8380480905233381,5.0,Computational reversal candidate for further investigation.,538
azathioprine,-0.0030712469569618185,1,1,1,1,1.0,0.44554455445544555,0.877027071477912,5.0,Computational reversal candidate for further investigation.,539
na-tosyl-phe chloromethyl ketone,-0.003061371176440411,1,1,1,1,1.0,0.33663366336633666,0.7671363290175172,5.0,Computational reversal candidate for further investigation.,540
BRD-K00313977,-0.003008782884183904,1,2,1,2,0.5,0.40594059405940597,0.8380480905233381,5.0,Computational reversal candidate for further investigation.,541
RAF 265,-0.0029588072002202977,3,6,3,6,0.5,0.3564356435643564,0.7865479285358703,6.0,Computational reversal candidate for further investigation.,542
BRD-K56593336,-0.0029279011940933266,1,2,1,2,0.5,0.44554455445544555,0.877027071477912,5.5,Computational reversal candidate for further investigation.,543
altrenogest,-0.0028306447287836482,1,2,1,2,0.5,0.3564356435643564,0.7865479285358703,5.5,Computational reversal candidate for further investigation.,544
bithionate sodium,-0.0027909643163123994,2,2,2,2,1.0,0.33663366336633666,0.7671363290175172,6.0,Computational reversal candidate for further investigation.,545
kf 38789,-0.002756321428579226,2,3,2,3,0.6666666666666666,0.33663366336633666,0.7671363290175172,5.333333333333333,Computational reversal candidate for further investigation.,546
lylamine hydrochloride,-0.0027193110331645834,1,1,1,1,1.0,0.44554455445544555,0.877027071477912,5.0,Computational reversal candidate for further investigation.,547
BRD-A72837804,-0.0027178493193636384,1,1,1,1,1.0,0.42574257425742573,0.8594632887479549,5.0,Computational reversal candidate for further investigation.,548
PF-562271,-0.0026649305467337505,8,13,8,13,0.6153846153846154,0.3465346534653465,0.7821782178217821,6.6923076923076925,Computational reversal candidate for further investigation.,549
s1216,-0.002636565082956105,2,3,2,3,0.6666666666666666,0.27722772277227725,0.6960060412820943,6.333333333333333,Computational reversal candidate for further investigation.,550
BRD-K80786583,-0.0026341469952127685,1,1,1,1,1.0,0.45544554455445546,0.8876693590411674,6.0,Computational reversal candidate for further investigation.,551
cymarin,-0.002625210446998292,3,5,3,5,0.6,0.3564356435643564,0.7865479285358703,6.4,Computational reversal candidate for further investigation.,552
ku-0063794,-0.0026140655681799975,2,3,2,3,0.6666666666666666,0.37623762376237624,0.8062234794908062,5.0,Computational reversal candidate for further investigation.,553
s1042,-0.002548324189215531,2,2,2,2,1.0,0.43564356435643564,0.8720230131121219,5.5,Computational reversal candidate for further investigation.,554
diflorasone diacetate,-0.0025183989310514146,1,1,1,1,1.0,0.33663366336633666,0.7671363290175172,5.0,Computational reversal candidate for further investigation.,555
gw 441756,-0.002464148432373428,1,1,1,1,1.0,0.5247524752475248,0.964080128943127,5.0,Computational reversal candidate for further investigation.,556
BRD-K17953061,-0.0024105694332428327,3,5,3,5,0.6,0.3564356435643564,0.7865479285358703,6.8,Computational reversal candidate for further investigation.,557
hy-11005,-0.0023806158246346748,2,3,2,3,0.6666666666666666,0.31683168316831684,0.7493923044999111,6.333333333333333,Computational reversal candidate for further investigation.,558
BRD-K56196992,-0.0023734770278715737,1,2,1,2,0.5,0.36633663366336633,0.7994639242929819,5.5,Computational reversal candidate for further investigation.,559
mls-0435555.0001,-0.002361781285880272,1,2,1,2,0.5,0.43564356435643564,0.8720230131121219,5.0,Computational reversal candidate for further investigation.,560
promazine hydrochloride,-0.0023132370547424884,1,1,1,1,1.0,0.4752475247524752,0.9068732960252546,6.0,Computational reversal candidate for further investigation.,561
c3930,-0.002183516851561415,1,1,1,1,1.0,0.4158415841584158,0.8481450554694023,5.0,Computational reversal candidate for further investigation.,562
BRD-K11671649,-0.0021531569233909096,1,2,1,2,0.5,0.37623762376237624,0.8062234794908062,5.5,Computational reversal candidate for further investigation.,563
ro 28-1675 ?,-0.0021425028596555504,6,10,6,10,0.6,0.33663366336633666,0.7671363290175172,7.1,Computational reversal candidate for further investigation.,564
BRD-K40373196,-0.002020807076895937,1,2,1,2,0.5,0.32673267326732675,0.76066447509191,6.0,Computational reversal candidate for further investigation.,565
BRD-K56653679,-0.001977855235814508,1,2,1,2,0.5,0.45544554455445546,0.8876693590411674,5.5,Computational reversal candidate for further investigation.,566
BRD-K21672423,-0.0019754502143978017,1,1,1,1,1.0,0.44554455445544555,0.877027071477912,5.0,Computational reversal candidate for further investigation.,567
linifanib,-0.001909108265574791,6,12,6,12,0.5,0.4158415841584158,0.8481450554694023,7.416666666666667,Computational reversal candidate for further investigation.,568
KIN001-220,-0.0018305539848307924,2,4,2,4,0.5,0.3564356435643564,0.7865479285358703,6.5,Computational reversal candidate for further investigation.,569
mls-0146291.0001,-0.0018295129190747375,1,1,1,1,1.0,0.38613861386138615,0.8170968882602546,6.0,Computational reversal candidate for further investigation.,570
XMD-1499,-0.0018168644769894216,2,4,2,4,0.5,0.37623762376237624,0.8062234794908062,5.75,Computational reversal candidate for further investigation.,571
(-)-gallocatechin gallate,-0.0017913603810720486,3,4,3,4,0.75,0.39603960396039606,0.8277018178008277,5.75,Computational reversal candidate for further investigation.,572
tgx-115,-0.0017543678833085185,2,4,2,4,0.5,0.37623762376237624,0.8062234794908062,6.25,Computational reversal candidate for further investigation.,573
BRD-K83816656,-0.0017431111202521133,1,1,1,1,1.0,0.5247524752475248,0.964080128943127,6.0,Computational reversal candidate for further investigation.,574
BRD-K00317371,-0.0016435049803321293,2,3,2,3,0.6666666666666666,0.31683168316831684,0.7493923044999111,6.666666666666667,Computational reversal candidate for further investigation.,575
BRD-K77547509,-0.001642314318925476,1,1,1,1,1.0,0.37623762376237624,0.8062234794908062,5.0,Computational reversal candidate for further investigation.,576
t 0901317,-0.0016358277106603104,1,1,1,1,1.0,0.39603960396039606,0.8277018178008277,7.0,Computational reversal candidate for further investigation.,577
hydrocortisone acetate,-0.0016239732531282622,1,1,1,1,1.0,0.46534653465346537,0.8995687496971558,5.0,Computational reversal candidate for further investigation.,578
BRD-K35133769,-0.001560921152756481,1,1,1,1,1.0,0.45544554455445546,0.8876693590411674,5.0,Computational reversal candidate for further investigation.,579
bi 2536,-0.0015438582918546597,7,14,7,14,0.5,0.46534653465346537,0.8995687496971558,6.357142857142857,Computational reversal candidate for further investigation.,580
BRD-K40175214,-0.0015344440613102974,2,2,2,2,1.0,0.42574257425742573,0.8594632887479549,6.5,Computational reversal candidate for further investigation.,581
u 99194 maleate,-0.0015197550860652012,1,1,1,1,1.0,0.44554455445544555,0.877027071477912,7.0,Computational reversal candidate for further investigation.,582
BRD-K15563106,-0.0015132292251298207,4,7,4,7,0.5714285714285714,0.31683168316831684,0.7493923044999111,6.0,Computational reversal candidate for further investigation.,583
ssr 69071,-0.001512621094296839,2,2,2,2,1.0,0.504950495049505,0.9423091915490762,6.5,Computational reversal candidate for further investigation.,584
BRD-K06666320,-0.0014790002435972989,2,4,2,4,0.5,0.4158415841584158,0.8481450554694023,6.25,Computational reversal candidate for further investigation.,585
BRD-K32501161,-0.0014602179864661845,2,4,2,4,0.5,0.4752475247524752,0.9068732960252546,6.0,Computational reversal candidate for further investigation.,586
chemistry 2804,-0.0014193497081545735,9,15,9,15,0.6,0.4752475247524752,0.9068732960252546,6.733333333333333,Computational reversal candidate for further investigation.,587
s1205,-0.0013699696204351993,3,5,3,5,0.6,0.39603960396039606,0.8277018178008277,7.0,Computational reversal candidate for further investigation.,588
benzopurpurin (b),-0.0013595477875197734,1,1,1,1,1.0,0.44554455445544555,0.877027071477912,5.0,Computational reversal candidate for further investigation.,589
e3380,-0.0013460231693745335,1,2,1,2,0.5,0.48514851485148514,0.9183721886565652,6.0,Computational reversal candidate for further investigation.,590
quinacrine dihydrochloride dihydrate,-0.0013419896317748985,6,12,6,13,0.5,0.36633663366336633,0.7994639242929819,6.230769230769231,Computational reversal candidate for further investigation.,591
BRD-K19166598,-0.001331522550016158,1,2,1,2,0.5,0.43564356435643564,0.8720230131121219,5.5,Computational reversal candidate for further investigation.,592
celastrol,-0.0013194017102610032,12,19,12,19,0.631578947368421,0.5148514851485149,0.9503099842694551,7.684210526315789,Computational reversal candidate for further investigation.,593
THZ-2-98-01,-0.001316880514552747,1,1,1,1,1.0,0.39603960396039606,0.8277018178008277,6.0,Computational reversal candidate for further investigation.,594
azacytidine-5,-0.0012438382615123289,1,1,1,1,1.0,0.42574257425742573,0.8594632887479549,6.0,Computational reversal candidate for further investigation.,595
BRD-A06929388,-0.0012372874534794364,1,2,1,2,0.5,0.42574257425742573,0.8594632887479549,6.0,Computational reversal candidate for further investigation.,596
hy-11001,-0.001200167506285666,3,6,3,6,0.5,0.36633663366336633,0.7994639242929819,6.0,Computational reversal candidate for further investigation.,597
BRD-K72238567,-0.0011952303893054354,4,7,4,7,0.5714285714285714,0.32673267326732675,0.76066447509191,6.285714285714286,Computational reversal candidate for further investigation.,598
ncgc00182380-01,-0.0011514888296168535,1,1,1,1,1.0,0.4158415841584158,0.8481450554694023,5.0,Computational reversal candidate for further investigation.,599
remacemide hydrochloride,-0.001101183787233148,1,1,1,1,1.0,0.504950495049505,0.9423091915490762,6.0,Computational reversal candidate for further investigation.,600
bml-259,-0.0010276873550972036,2,3,2,3,0.6666666666666666,0.32673267326732675,0.76066447509191,6.0,Computational reversal candidate for further investigation.,601
kuc104495 kuc104495n,-0.0009980360629147766,1,2,1,2,0.5,0.48514851485148514,0.9183721886565652,7.0,Computational reversal candidate for further investigation.,602
sch 442416,-0.0009905293015656695,1,1,1,1,1.0,0.4752475247524752,0.9068732960252546,5.0,Computational reversal candidate for further investigation.,603
BRD-K87909389,-0.0009782214305172465,5,9,6,11,0.5555555555555556,0.297029702970297,0.7257323670511381,6.7272727272727275,Computational reversal candidate for further investigation.,604
mln4924,-0.0009782161473293229,4,7,4,7,0.5714285714285714,0.38613861386138615,0.8170968882602546,6.142857142857143,Computational reversal candidate for further investigation.,605
daminozide,-0.0009751498377010498,1,1,1,1,1.0,0.39603960396039606,0.8277018178008277,5.0,Computational reversal candidate for further investigation.,606
parthenolide,-0.0009669952453774532,11,22,12,23,0.5,0.33663366336633666,0.7671363290175172,6.478260869565218,Computational reversal candidate for further investigation.,607
norgestrel,-0.0009581704592784126,1,1,1,1,1.0,0.4158415841584158,0.8481450554694023,6.0,Computational reversal candidate for further investigation.,608
ncgc00188535-01,-0.0009212247609829767,1,2,1,2,0.5,0.5148514851485149,0.9503099842694551,7.0,Computational reversal candidate for further investigation.,609
ncgc00241077-01,-0.0009195594650533525,1,2,1,2,0.5,0.45544554455445546,0.8876693590411674,6.0,Computational reversal candidate for further investigation.,610
rhodomyrtoxin b,-0.0008033223210335808,2,4,2,4,0.5,0.4158415841584158,0.8481450554694023,6.5,Computational reversal candidate for further investigation.,611
BRD-K23478508 (digoxin),-0.0006420391079091253,3,6,3,6,0.5,0.5841584158415841,1.0,6.0,Computational reversal candidate for further investigation.,612
hli 373,-0.0006268542612390018,3,6,3,6,0.5,0.45544554455445546,0.8876693590411674,5.833333333333333,Computational reversal candidate for further investigation.,613
a8674,-0.0005787883867686893,1,1,1,1,1.0,0.40594059405940597,0.8380480905233381,5.0,Computational reversal candidate for further investigation.,614
mst- 312,-0.000567766322610695,1,1,1,1,1.0,0.49504950495049505,0.9296888484411039,6.0,Computational reversal candidate for further investigation.,615
Y-27632,-0.0005172198320280014,1,1,1,1,1.0,0.2376237623762376,0.6356301544375655,5.0,Computational reversal candidate for further investigation.,616
arp 101,-0.00046447229243835614,4,7,5,10,0.5714285714285714,0.37623762376237624,0.8062234794908062,7.8,Computational reversal candidate for further investigation.,617
biperiden hydrochloride,-0.0004519682941045047,1,2,1,2,0.5,0.49504950495049505,0.9296888484411039,6.0,Computational reversal candidate for further investigation.,618
BRD-K37865504,-0.0004478586231440604,2,4,2,4,0.5,0.46534653465346537,0.8995687496971558,7.25,Computational reversal candidate for further investigation.,619
as605240,-0.0003965362358217626,2,4,2,4,0.5,0.42574257425742573,0.8594632887479549,7.0,Computational reversal candidate for further investigation.,620
cp 93129 dihydrochloride,-0.00030224679489535087,1,1,1,1,1.0,0.5445544554455446,0.9821872598218727,8.0,Computational reversal candidate for further investigation.,621
chaetocin,-0.00027075031660721456,8,15,8,15,0.5333333333333333,0.297029702970297,0.7257323670511381,6.4,Computational reversal candidate for further investigation.,622
indirubin,-8.756901353432125e-05,1,1,1,1,1.0,0.3069306930693069,0.7377543028136485,6.0,Computational reversal candidate for further investigation.,623
BRD-A94377914,-5.065261018325461e-05,2,4,2,4,0.5,0.4752475247524752,0.9068732960252546,6.75,Computational reversal candidate for further investigation.,624
BRD-K19220233,-8.821200596321674e-07,3,6,3,6,0.5,0.38613861386138615,0.8170968882602546,5.5,Computational reversal candidate for further investigation.,625
forskolin,8.761537401441848e-06,2,4,2,4,0.5,0.594059405940594,1.0,5.0,No aggregate reversal under this configuration.,626
puromycin hydrochloride,3.422479058958795e-05,2,5,2,5,0.4,0.49504950495049505,0.9296888484411039,6.8,No aggregate reversal under this configuration.,627
digoxin,5.058519206518029e-05,6,13,8,17,0.46153846153846156,0.6336633663366337,1.0,6.176470588235294,No aggregate reversal under this configuration.,628
veliparib,5.812275088827243e-05,1,2,1,2,0.5,0.6534653465346535,1.0,5.0,No aggregate reversal under this configuration.,629
gsk-3b inhibitor viii,0.00013117733416724824,2,5,2,5,0.4,0.594059405940594,1.0,6.0,No aggregate reversal under this configuration.,630
hinokitiol,0.00015418364422770548,1,2,1,2,0.5,0.4752475247524752,0.9068732960252546,6.5,No aggregate reversal under this configuration.,631
fit,0.0001874821286303478,1,2,1,2,0.5,0.5742574257425742,1.0,5.0,No aggregate reversal under this configuration.,632
BRD-K02113016,0.00025238496716222924,0,1,0,1,0.0,0.504950495049505,0.9423091915490762,6.0,No aggregate reversal under this configuration.,633
vincristine sulfate,0.0002586665077270343,1,3,2,5,0.3333333333333333,0.6336633663366337,1.0,6.2,No aggregate reversal under this configuration.,634
urapidil hydrochloride,0.0003082645064201566,0,1,0,1,0.0,0.6435643564356436,1.0,5.0,No aggregate reversal under this configuration.,635
dorsomorphin dihydrochloride,0.0003555788953410765,9,18,9,19,0.5,0.5643564356435643,1.0,6.684210526315789,No aggregate reversal under this configuration.,636
BRD-U00779237,0.0003745721951101816,3,7,3,7,0.42857142857142855,0.5148514851485149,0.9503099842694551,6.142857142857143,No aggregate reversal under this configuration.,637
VX-745,0.0003832750873336791,0,1,0,1,0.0,0.6435643564356436,1.0,5.0,No aggregate reversal under this configuration.,638
BRD-K41220170,0.00041549048308078644,0,1,0,1,0.0,0.4752475247524752,0.9068732960252546,5.0,No aggregate reversal under this configuration.,639
BRD-K33164466,0.00042133313370957496,0,1,0,1,0.0,0.48514851485148514,0.9183721886565652,5.0,No aggregate reversal under this configuration.,640
dg-041,0.00045385405755736996,4,10,4,10,0.4,0.46534653465346537,0.8995687496971558,6.3,No aggregate reversal under this configuration.,641
hy-11009,0.0005020692852317618,2,6,2,6,0.3333333333333333,0.5445544554455446,0.9821872598218727,5.833333333333333,No aggregate reversal under this configuration.,642
perhexiline maleate,0.0005863591801453217,4,8,4,8,0.5,0.594059405940594,1.0,8.125,No aggregate reversal under this configuration.,643
dephostatin,0.0006035075241613008,0,1,0,1,0.0,0.594059405940594,1.0,7.0,No aggregate reversal under this configuration.,644
ursolic acid,0.0006045785177380631,1,3,1,3,0.3333333333333333,0.6039603960396039,1.0,5.666666666666667,No aggregate reversal under this configuration.,645
tranilast,0.0007571082019532738,0,1,0,1,0.0,0.6237623762376238,1.0,10.0,No aggregate reversal under this configuration.,646
BRD-A68065211,0.000761536312548273,0,1,0,1,0.0,0.43564356435643564,0.8720230131121219,8.0,No aggregate reversal under this configuration.,647
BRD-K43620258,0.0007720578627445776,5,11,5,11,0.45454545454545453,0.6237623762376238,1.0,6.454545454545454,No aggregate reversal under this configuration.,648
vinorelbine,0.0008220266732097024,1,2,1,2,0.5,0.6336633663366337,1.0,5.0,No aggregate reversal under this configuration.,649
ncgc00242340-01,0.0008269962292394434,1,2,1,2,0.5,0.4752475247524752,0.9068732960252546,5.0,No aggregate reversal under this configuration.,650
BRD-K53423944,0.0008965929451930504,1,2,1,2,0.5,0.5742574257425742,1.0,5.5,No aggregate reversal under this configuration.,651
r406,0.000897185851894005,2,4,2,4,0.5,0.5346534653465347,0.9777227722772278,5.75,No aggregate reversal under this configuration.,652
JW55,0.0009487222860894142,0,1,0,1,0.0,0.5643564356435643,1.0,7.0,No aggregate reversal under this configuration.,653
BRD-K65904652,0.0009563791148889779,0,1,0,1,0.0,0.6138613861386139,1.0,5.0,No aggregate reversal under this configuration.,654
bntx maleate,0.0009807988165179823,1,3,1,3,0.3333333333333333,0.44554455445544555,0.877027071477912,5.0,No aggregate reversal under this configuration.,655
ei-195,0.001056863424311931,2,4,2,4,0.5,0.6534653465346535,1.0,5.5,No aggregate reversal under this configuration.,656
v2264,0.001068771574122402,0,1,0,1,0.0,0.6138613861386139,1.0,5.0,No aggregate reversal under this configuration.,657
tremulacin,0.0010692576066411432,0,1,0,1,0.0,0.49504950495049505,0.9296888484411039,6.0,No aggregate reversal under this configuration.,658
np-009169,0.0010850899523349167,1,2,1,2,0.5,0.6237623762376238,1.0,6.0,No aggregate reversal under this configuration.,659
BRD-K53932786,0.0011104242000816557,0,1,0,1,0.0,0.6336633663366337,1.0,5.0,No aggregate reversal under this configuration.,660
teniposide,0.0011418761906886146,7,16,7,16,0.4375,0.5148514851485149,0.9503099842694551,6.5625,No aggregate reversal under this configuration.,661
gm6001,0.0011517200475398906,0,1,0,1,0.0,0.6435643564356436,1.0,5.0,No aggregate reversal under this configuration.,662
BRD-U31801276,0.001187550675153401,0,1,0,1,0.0,0.6633663366336634,1.0,5.0,No aggregate reversal under this configuration.,663
glyburide,0.0012539812955252635,0,1,0,1,0.0,0.7227722772277227,1.0,5.0,No aggregate reversal under this configuration.,664
ncgc00165199-01,0.0012813762482254305,1,2,1,2,0.5,0.5841584158415841,1.0,6.0,No aggregate reversal under this configuration.,665
cyclo [arg-gly-asp-d-phe-val],0.00133300577715829,0,1,0,1,0.0,0.6831683168316832,1.0,5.0,No aggregate reversal under this configuration.,666
penfluridol,0.0013471464579701336,1,2,1,2,0.5,0.44554455445544555,0.877027071477912,6.0,No aggregate reversal under this configuration.,667
BRD-K64517075,0.0013804404879335097,1,2,1,2,0.5,0.5742574257425742,1.0,8.0,No aggregate reversal under this configuration.,668
BRD-K68007270,0.0013914330416817935,0,1,0,1,0.0,0.7029702970297029,1.0,7.0,No aggregate reversal under this configuration.,669
h7270,0.0013960036781015149,2,4,2,4,0.5,0.6336633663366337,1.0,7.0,No aggregate reversal under this configuration.,670
cgk 733,0.0014096944278296523,3,6,3,6,0.5,0.5445544554455446,0.9821872598218727,6.0,No aggregate reversal under this configuration.,671
piretanide,0.0014103735560851809,1,2,1,2,0.5,0.6138613861386139,1.0,6.0,No aggregate reversal under this configuration.,672
pkc-412,0.001442154408478587,1,2,1,2,0.5,0.5742574257425742,1.0,5.5,No aggregate reversal under this configuration.,673
BRD-K68548958,0.001493742225409352,6,12,6,12,0.5,0.6435643564356436,1.0,5.666666666666667,No aggregate reversal under this configuration.,674
budesonide,0.0015147279997190597,1,2,1,2,0.5,0.5346534653465347,0.9777227722772278,5.0,No aggregate reversal under this configuration.,675
cot-10b,0.0015628962605191248,7,16,7,16,0.4375,0.5445544554455446,0.9821872598218727,6.3125,No aggregate reversal under this configuration.,676
z-leu3-vs,0.0016616936237248154,1,2,1,2,0.5,0.46534653465346537,0.8995687496971558,6.0,No aggregate reversal under this configuration.,677
daunorubicin,0.001708122280774799,4,10,4,10,0.4,0.49504950495049505,0.9296888484411039,5.7,No aggregate reversal under this configuration.,678
BRD-A75409952 (wortmannin),0.0017165425855853304,0,2,0,2,0.0,0.5841584158415841,1.0,5.5,No aggregate reversal under this configuration.,679
v4877,0.0018335146775938505,2,7,2,7,0.2857142857142857,0.5742574257425742,1.0,7.285714285714286,No aggregate reversal under this configuration.,680
BRD-K92158425,0.0018751081443587757,0,2,0,2,0.0,0.44554455445544555,0.877027071477912,7.0,No aggregate reversal under this configuration.,681
sb 431542,0.001892788011232085,0,1,0,1,0.0,0.7425742574257426,1.0,5.0,No aggregate reversal under this configuration.,682
BRD-K77681376,0.0019015222937144808,1,3,1,3,0.3333333333333333,0.48514851485148514,0.9183721886565652,6.666666666666667,No aggregate reversal under this configuration.,683
abt-888 (veliparib),0.001928074055772274,0,1,0,1,0.0,0.5247524752475248,0.964080128943127,7.0,No aggregate reversal under this configuration.,684
pik-90,0.0019511734877260207,0,1,0,1,0.0,0.5148514851485149,0.9503099842694551,6.0,No aggregate reversal under this configuration.,685
BRD-K32896438,0.0019990967179463574,1,3,1,3,0.3333333333333333,0.5445544554455446,0.9821872598218727,5.333333333333333,No aggregate reversal under this configuration.,686
vu0405172-2,0.002016428932752428,0,1,0,1,0.0,0.8712871287128713,1.0,5.0,No aggregate reversal under this configuration.,687
ncgc00167098-01,0.002046509874476417,1,2,1,2,0.5,0.6336633663366337,1.0,6.5,No aggregate reversal under this configuration.,688
BRD-A36630025,0.002164393602205123,8,17,8,17,0.47058823529411764,0.6831683168316832,1.0,6.705882352941177,No aggregate reversal under this configuration.,689
"15-deoxy-?12,14-prostaglandin j2",0.0021690258487922992,2,5,2,5,0.4,0.6732673267326733,1.0,5.6,No aggregate reversal under this configuration.,690
BRD-K10705233,0.0021757798959333675,2,5,2,5,0.4,0.6138613861386139,1.0,6.4,No aggregate reversal under this configuration.,691
epirubicin hydrochloride,0.0021766370406830163,3,7,5,9,0.42857142857142855,0.5445544554455446,0.9821872598218727,6.111111111111111,No aggregate reversal under this configuration.,692
gant 58,0.0022805911406829117,1,2,1,2,0.5,0.594059405940594,1.0,5.5,No aggregate reversal under this configuration.,693
BRD-K08316444,0.0023395752375760734,1,2,1,2,0.5,0.6039603960396039,1.0,6.5,No aggregate reversal under this configuration.,694
ski ii,0.0023538030413985896,3,6,3,6,0.5,0.693069306930693,1.0,6.166666666666667,No aggregate reversal under this configuration.,695
SB-216763,0.002391674892921686,1,3,1,3,0.3333333333333333,0.7227722772277227,1.0,6.333333333333333,No aggregate reversal under this configuration.,696
sarmentogenin,0.0023955736913344834,2,5,2,5,0.4,0.6633663366336634,1.0,6.0,No aggregate reversal under this configuration.,697
butamben,0.0023962584403028958,0,1,0,1,0.0,0.7623762376237624,1.0,5.0,No aggregate reversal under this configuration.,698
meprylcaine hydrochloride,0.002433004122843057,0,1,0,1,0.0,0.6732673267326733,1.0,7.0,No aggregate reversal under this configuration.,699
salermide,0.0024855767643927875,4,11,4,11,0.36363636363636365,0.6138613861386139,1.0,6.636363636363637,No aggregate reversal under this configuration.,700
ym-155,0.002500225689415234,4,10,4,10,0.4,0.7425742574257426,1.0,6.5,No aggregate reversal under this configuration.,701
tyrphostin ag 1478,0.002533148341060124,3,8,3,8,0.375,0.5544554455445545,0.998525384453339,7.25,No aggregate reversal under this configuration.,702
donepezil hydrochloride,0.002559528616785385,0,1,0,1,0.0,0.6237623762376238,1.0,5.0,No aggregate reversal under this configuration.,703
purmorphamine,0.0025980344071028965,0,1,0,1,0.0,0.6831683168316832,1.0,7.0,No aggregate reversal under this configuration.,704
diflunisal,0.00260805916581778,0,1,0,1,0.0,0.6633663366336634,1.0,7.0,No aggregate reversal under this configuration.,705
PHA-767491,0.002679061553657684,1,2,1,2,0.5,0.7128712871287128,1.0,6.5,No aggregate reversal under this configuration.,706
fccp,0.0027014153609335127,2,5,2,5,0.4,0.6039603960396039,1.0,5.6,No aggregate reversal under this configuration.,707
cp 94253 hydrochloride,0.002715288029214516,0,1,0,1,0.0,0.6336633663366337,1.0,5.0,No aggregate reversal under this configuration.,708
k784-3131,0.0027495625232108714,1,4,1,4,0.25,0.5742574257425742,1.0,6.0,No aggregate reversal under this configuration.,709
bibx 1382 dihydrochloride,0.0027500609428429486,0,2,0,2,0.0,0.5148514851485149,0.9503099842694551,6.0,No aggregate reversal under this configuration.,710
"betamethasone 17,21-dipropionate",0.00283128803017827,0,1,0,1,0.0,0.5841584158415841,1.0,6.0,No aggregate reversal under this configuration.,711
cyclosporin a,0.0028983941417989045,0,1,0,1,0.0,0.594059405940594,1.0,6.0,No aggregate reversal under this configuration.,712
jfd02227,0.002920137940543502,0,1,0,1,0.0,0.5346534653465347,0.9777227722772278,5.0,No aggregate reversal under this configuration.,713
isoxsuprine hydrochloride,0.002964355759731631,0,1,0,1,0.0,0.5643564356435643,1.0,6.0,No aggregate reversal under this configuration.,714
PF 573228,0.00298649404919649,2,5,2,5,0.4,0.801980198019802,1.0,6.0,No aggregate reversal under this configuration.,715
jak3 inhibitor vi,0.0030235582749007094,2,8,2,8,0.25,0.6336633663366337,1.0,7.5,No aggregate reversal under this configuration.,716
GSK-429286A,0.0030266353771601683,0,1,0,1,0.0,0.6336633663366337,1.0,5.0,No aggregate reversal under this configuration.,717
"camptothecine (s,+)",0.0030661098618415712,1,2,1,2,0.5,0.504950495049505,0.9423091915490762,5.0,No aggregate reversal under this configuration.,718
pkcbeta inhibitor,0.0030984485644487266,0,1,0,1,0.0,0.6633663366336634,1.0,6.0,No aggregate reversal under this configuration.,719
16-hydroxytriptolide,0.003151584408283046,8,19,8,19,0.42105263157894735,0.7227722772277227,1.0,6.473684210526316,No aggregate reversal under this configuration.,720
VE821,0.0032135791873309574,1,2,1,2,0.5,0.7425742574257426,1.0,5.5,No aggregate reversal under this configuration.,721
BRD-A47816767,0.0033490820398208512,1,2,1,2,0.5,0.6138613861386139,1.0,5.5,No aggregate reversal under this configuration.,722
vu0420364-1,0.0033786895962508094,0,2,0,2,0.0,0.594059405940594,1.0,6.0,No aggregate reversal under this configuration.,723
quizartinib,0.0033901247269910585,1,2,1,2,0.5,0.7227722772277227,1.0,5.5,No aggregate reversal under this configuration.,724
BRD-K42644990,0.0033985791520446344,1,2,1,2,0.5,0.5643564356435643,1.0,6.0,No aggregate reversal under this configuration.,725
stock1n-27488,0.0034342155783892167,1,3,1,3,0.3333333333333333,0.8415841584158416,1.0,5.666666666666667,No aggregate reversal under this configuration.,726
sb 218078,0.0034811426475517037,1,3,1,3,0.3333333333333333,0.6732673267326733,1.0,7.0,No aggregate reversal under this configuration.,727
BRD-A96272097,0.0035703762767857463,0,1,0,1,0.0,0.6138613861386139,1.0,5.0,No aggregate reversal under this configuration.,728
BRD-K15519488,0.0035742252199204147,0,1,0,1,0.0,0.6633663366336634,1.0,5.0,No aggregate reversal under this configuration.,729
BRD-A95445494,0.0035785870795234757,0,1,0,1,0.0,0.5148514851485149,0.9503099842694551,6.0,No aggregate reversal under this configuration.,730
vu0410183-2,0.0036063722525167055,3,7,3,9,0.42857142857142855,0.7128712871287128,1.0,5.222222222222222,No aggregate reversal under this configuration.,731
pifithrin- ?,0.003671491103516031,1,4,1,4,0.25,0.7128712871287128,1.0,5.5,No aggregate reversal under this configuration.,732
t7765,0.003680506253276936,2,5,2,5,0.4,0.6633663366336634,1.0,6.8,No aggregate reversal under this configuration.,733
BRD-U86922168,0.003698303304768843,1,5,1,5,0.2,0.7425742574257426,1.0,5.4,No aggregate reversal under this configuration.,734
mln2238,0.0037089028731616845,5,11,5,11,0.45454545454545453,0.7524752475247525,1.0,5.7272727272727275,No aggregate reversal under this configuration.,735
pimozide,0.003748665602592605,0,1,0,1,0.0,0.5841584158415841,1.0,7.0,No aggregate reversal under this configuration.,736
BRD-K73261812,0.0037511878300022705,1,5,1,5,0.2,0.693069306930693,1.0,5.8,No aggregate reversal under this configuration.,737
emetine dihydrochloride hydrate (74),0.003826437193727189,6,14,6,14,0.42857142857142855,0.801980198019802,1.0,6.928571428571429,No aggregate reversal under this configuration.,738
"l-690,488",0.0038777198929596454,2,5,2,5,0.4,0.6633663366336634,1.0,5.8,No aggregate reversal under this configuration.,739
simvastatin,0.003948481612798671,2,4,2,5,0.5,0.7029702970297029,1.0,6.0,No aggregate reversal under this configuration.,740
BRD-K49010888,0.003956001848849105,1,2,1,2,0.5,0.7227722772277227,1.0,6.0,No aggregate reversal under this configuration.,741
dactinomycin,0.003975053460797689,2,6,3,8,0.3333333333333333,0.6138613861386139,1.0,5.875,No aggregate reversal under this configuration.,742
kuc103672 kuc103672n,0.004034043304152836,0,1,0,1,0.0,0.693069306930693,1.0,5.0,No aggregate reversal under this configuration.,743
aminopurvalanol a,0.004116344239976506,2,4,2,4,0.5,0.6732673267326733,1.0,6.25,No aggregate reversal under this configuration.,744
"ly-163,502",0.004131137764240686,0,1,0,1,0.0,0.6534653465346535,1.0,5.0,No aggregate reversal under this configuration.,745
BRD-K03829970,0.004133949037547852,1,3,1,3,0.3333333333333333,0.7029702970297029,1.0,6.0,No aggregate reversal under this configuration.,746
vu0418934-2,0.00419233058854916,1,2,1,2,0.5,0.6732673267326733,1.0,5.0,No aggregate reversal under this configuration.,747
homoharringtonine,0.004226431333188339,3,11,3,16,0.2727272727272727,0.6435643564356436,1.0,7.25,No aggregate reversal under this configuration.,748
BRD-K58347372,0.004340042766241181,0,1,0,1,0.0,0.7029702970297029,1.0,6.0,No aggregate reversal under this configuration.,749
curcubitacin i,0.004354118956013623,6,17,6,17,0.35294117647058826,0.7326732673267327,1.0,6.529411764705882,No aggregate reversal under this configuration.,750
BRD-A18763547,0.004373033594240809,0,3,0,3,0.0,0.6039603960396039,1.0,8.0,No aggregate reversal under this configuration.,751
vinblastine sulfate,0.004396661468126019,1,4,2,5,0.25,0.801980198019802,1.0,6.4,No aggregate reversal under this configuration.,752
scriptaid,0.004398283376081451,2,5,2,5,0.4,0.693069306930693,1.0,6.0,No aggregate reversal under this configuration.,753
BRD-K28907958,0.004416604694863661,2,8,2,8,0.25,0.7326732673267327,1.0,6.75,No aggregate reversal under this configuration.,754
proscillaridin a,0.004444938757839866,3,6,3,6,0.5,0.8217821782178217,1.0,6.5,No aggregate reversal under this configuration.,755
su11652,0.004472872764898546,2,5,2,5,0.4,0.7128712871287128,1.0,5.2,No aggregate reversal under this configuration.,756
mitomycin c,0.004548307596681277,1,3,1,3,0.3333333333333333,0.6039603960396039,1.0,7.0,No aggregate reversal under this configuration.,757
bufalin,0.004576855697476934,2,8,2,8,0.25,0.8613861386138614,1.0,6.25,No aggregate reversal under this configuration.,758
BRD-K05649647,0.004577044389458732,4,11,4,11,0.36363636363636365,0.8514851485148515,1.0,6.363636363636363,No aggregate reversal under this configuration.,759
BRD-K25737009,0.00458874451828931,2,10,2,10,0.2,0.801980198019802,1.0,6.4,No aggregate reversal under this configuration.,760
dc-45-a2,0.004614377580593557,1,2,1,2,0.5,0.7326732673267327,1.0,5.0,No aggregate reversal under this configuration.,761
ei-346,0.004619225196438503,1,3,1,3,0.3333333333333333,0.6336633663366337,1.0,6.0,No aggregate reversal under this configuration.,762
s1142,0.004692788840917944,1,2,1,2,0.5,0.7623762376237624,1.0,5.5,No aggregate reversal under this configuration.,763
BRD-K49865102,0.0047591267120208475,1,2,1,3,0.5,0.7623762376237624,1.0,5.0,No aggregate reversal under this configuration.,764
exemestane,0.0047935887452847555,0,1,0,1,0.0,0.6336633663366337,1.0,7.0,No aggregate reversal under this configuration.,765
inhibitor bec hydrochloride,0.004802501368742927,0,1,0,1,0.0,0.7128712871287128,1.0,7.0,No aggregate reversal under this configuration.,766
y 134,0.004889588764906451,1,2,1,2,0.5,0.7128712871287128,1.0,6.5,No aggregate reversal under this configuration.,767
ncgc00182378-01,0.004958408732624109,0,1,0,1,0.0,0.594059405940594,1.0,7.0,No aggregate reversal under this configuration.,768
tl hras26 brd-k01877528,0.004976991777059658,1,3,1,3,0.3333333333333333,0.7722772277227723,1.0,6.0,No aggregate reversal under this configuration.,769
nimodipine,0.004986697535837581,0,1,0,1,0.0,0.594059405940594,1.0,6.0,No aggregate reversal under this configuration.,770
hy-10161,0.005022634667228144,1,2,1,2,0.5,0.7029702970297029,1.0,8.5,No aggregate reversal under this configuration.,771
dcebio,0.005027024108804189,0,1,0,1,0.0,0.693069306930693,1.0,5.0,No aggregate reversal under this configuration.,772
herniarin,0.0050611238253153515,1,2,1,2,0.5,0.7227722772277227,1.0,7.0,No aggregate reversal under this configuration.,773
u0126,0.00506846440520029,0,1,0,1,0.0,0.594059405940594,1.0,5.0,No aggregate reversal under this configuration.,774
BRD-K58288048,0.005185520934493099,0,1,0,1,0.0,0.6831683168316832,1.0,9.0,No aggregate reversal under this configuration.,775
betamethasone acetate,0.005232071165817641,0,1,0,1,0.0,0.5841584158415841,1.0,5.0,No aggregate reversal under this configuration.,776
norethindrone,0.005250864623790112,0,1,0,1,0.0,0.5445544554455446,0.9821872598218727,5.0,No aggregate reversal under this configuration.,777
BRD-K55116708,0.0053286758188695015,0,1,0,1,0.0,0.7128712871287128,1.0,5.0,No aggregate reversal under this configuration.,778
pp 2,0.005378414712725588,1,2,1,2,0.5,0.7128712871287128,1.0,6.0,No aggregate reversal under this configuration.,779
pifithrin- a hydrobromide,0.005401725971923003,0,1,0,1,0.0,0.8316831683168316,1.0,5.0,No aggregate reversal under this configuration.,780
etoposide,0.005410509632333201,0,3,0,3,0.0,0.6831683168316832,1.0,6.0,No aggregate reversal under this configuration.,781
wr 216174,0.005450994046068541,0,1,0,1,0.0,0.8118811881188119,1.0,6.0,No aggregate reversal under this configuration.,782
BRD-K75081836,0.00550363240932075,1,3,1,3,0.3333333333333333,0.7425742574257426,1.0,5.0,No aggregate reversal under this configuration.,783
BRD-K06750613,0.005551803841167502,2,4,2,4,0.5,0.8415841584158416,1.0,6.75,No aggregate reversal under this configuration.,784
oxindole i,0.005589111522007454,1,2,1,2,0.5,0.7227722772277227,1.0,5.5,No aggregate reversal under this configuration.,785
bms-536924,0.005590678105876457,1,6,1,6,0.16666666666666666,0.7128712871287128,1.0,8.0,No aggregate reversal under this configuration.,786
s1120,0.005656246566504103,1,4,1,4,0.25,0.7722772277227723,1.0,7.0,No aggregate reversal under this configuration.,787
irinotecan hydrochloride trihydrate,0.005672019269119161,1,2,1,2,0.5,0.7029702970297029,1.0,9.0,No aggregate reversal under this configuration.,788
bx-795,0.005707118291987791,6,13,6,13,0.46153846153846156,0.9108910891089109,1.0,5.461538461538462,No aggregate reversal under this configuration.,789
BRD-K60870698,0.005715275592041004,1,3,1,3,0.3333333333333333,0.6831683168316832,1.0,5.333333333333333,No aggregate reversal under this configuration.,790
pd 407824,0.005775442370999562,2,4,2,4,0.5,0.7128712871287128,1.0,6.5,No aggregate reversal under this configuration.,791
BRD-K33720394,0.0057928301105270134,0,1,0,1,0.0,0.693069306930693,1.0,5.0,No aggregate reversal under this configuration.,792
embelin,0.005875655991480953,0,1,0,1,0.0,0.6435643564356436,1.0,5.0,No aggregate reversal under this configuration.,793
rottlerin,0.0059521625628166765,0,1,0,1,0.0,0.5445544554455446,0.9821872598218727,8.0,No aggregate reversal under this configuration.,794
ro 31-8220 mesylate,0.0059820776196993376,2,6,2,6,0.3333333333333333,0.693069306930693,1.0,7.0,No aggregate reversal under this configuration.,795
le 135,0.006055980026401241,1,4,1,4,0.25,0.7920792079207921,1.0,5.5,No aggregate reversal under this configuration.,796
cgp 71683 hydrochloride,0.006065164234903014,0,3,0,3,0.0,0.6732673267326733,1.0,10.333333333333334,No aggregate reversal under this configuration.,797
BRD-K74761218,0.006090985554104107,0,1,0,1,0.0,0.6237623762376238,1.0,5.0,No aggregate reversal under this configuration.,798
mitotane,0.006122617716615878,1,2,1,2,0.5,0.900990099009901,1.0,5.5,No aggregate reversal under this configuration.,799
thiazolopyrimidine,0.006141509516136996,1,2,1,2,0.5,0.6138613861386139,1.0,7.5,No aggregate reversal under this configuration.,800
vu0365117-1,0.006151744870469531,0,1,0,1,0.0,0.7425742574257426,1.0,5.0,No aggregate reversal under this configuration.,801
rottlerin ncgc00025228-11,0.00615642856284823,4,13,4,13,0.3076923076923077,0.6831683168316832,1.0,6.461538461538462,No aggregate reversal under this configuration.,802
BRD-K65366129,0.00618039028610713,0,1,0,1,0.0,0.6138613861386139,1.0,6.0,No aggregate reversal under this configuration.,803
BRD-K80348542,0.006189361072746296,1,6,1,6,0.16666666666666666,0.7524752475247525,1.0,6.666666666666667,No aggregate reversal under this configuration.,804
BRD-K68174511,0.006210611088541243,2,6,2,6,0.3333333333333333,0.8316831683168316,1.0,6.166666666666667,No aggregate reversal under this configuration.,805
zm 336372,0.006213502810077532,1,3,1,3,0.3333333333333333,0.8514851485148515,1.0,5.666666666666667,No aggregate reversal under this configuration.,806
pp-110,0.00628073750435744,3,9,3,9,0.3333333333333333,0.7425742574257426,1.0,8.666666666666666,No aggregate reversal under this configuration.,807
pipamperone,0.006312180462964056,0,1,0,1,0.0,0.8217821782178217,1.0,6.0,No aggregate reversal under this configuration.,808
BRD-A37735495,0.006313047638043,0,1,0,1,0.0,0.5445544554455446,0.9821872598218727,7.0,No aggregate reversal under this configuration.,809
BRD-K25536815,0.00641973611348478,0,1,0,1,0.0,0.7623762376237624,1.0,6.0,No aggregate reversal under this configuration.,810
fluspirilen,0.006441571218013264,1,2,1,2,0.5,0.8514851485148515,1.0,5.0,No aggregate reversal under this configuration.,811
betamethasone,0.006464445018562935,1,3,1,3,0.3333333333333333,0.8118811881188119,1.0,6.0,No aggregate reversal under this configuration.,812
pp-30,0.0065197149276343845,1,3,1,3,0.3333333333333333,0.8118811881188119,1.0,6.0,No aggregate reversal under this configuration.,813
BRD-K58306044,0.006523062217778536,1,2,1,2,0.5,0.8613861386138614,1.0,5.0,No aggregate reversal under this configuration.,814
akt inhibitor iv,0.006526795624255803,3,13,3,13,0.23076923076923078,0.8613861386138614,1.0,6.0,No aggregate reversal under this configuration.,815
norketamine hydrochloride,0.006628978442638387,0,2,0,2,0.0,0.8613861386138614,1.0,5.0,No aggregate reversal under this configuration.,816
ed csc 15,0.0066397964487633285,0,1,0,1,0.0,0.7029702970297029,1.0,8.0,No aggregate reversal under this configuration.,817
ncgc00187945-01,0.006668921048596532,0,1,0,1,0.0,0.801980198019802,1.0,6.0,No aggregate reversal under this configuration.,818
prima-1 met,0.00678355952529728,0,1,0,1,0.0,0.7524752475247525,1.0,9.0,No aggregate reversal under this configuration.,819
azacitidine,0.006798160108567565,1,9,1,9,0.1111111111111111,0.8712871287128713,1.0,7.555555555555555,No aggregate reversal under this configuration.,820
mk-2206,0.006816051612657774,3,7,3,7,0.42857142857142855,0.9603960396039604,1.0,6.428571428571429,No aggregate reversal under this configuration.,821
pi 828,0.006825997119877601,1,4,1,4,0.25,0.8217821782178217,1.0,8.0,No aggregate reversal under this configuration.,822
s1169,0.006854532387830692,0,1,0,1,0.0,0.7722772277227723,1.0,5.0,No aggregate reversal under this configuration.,823
ZM-447439,0.006868738317087205,1,3,1,3,0.3333333333333333,0.8316831683168316,1.0,6.0,No aggregate reversal under this configuration.,824
st4029573,0.006917423186257705,0,2,0,2,0.0,0.7920792079207921,1.0,6.0,No aggregate reversal under this configuration.,825
tw 37,0.006925685854147682,2,6,2,6,0.3333333333333333,0.7227722772277227,1.0,6.666666666666667,No aggregate reversal under this configuration.,826
MK-1775,0.006931329661913821,2,5,2,5,0.4,0.7920792079207921,1.0,5.8,No aggregate reversal under this configuration.,827
dubinidine,0.006963636970185,0,1,0,1,0.0,0.7326732673267327,1.0,5.0,No aggregate reversal under this configuration.,828
NVP-BGJ398,0.006966936120920823,1,2,1,2,0.5,0.8415841584158416,1.0,6.5,No aggregate reversal under this configuration.,829
"2,4-dideoxy-dc-45-a2",0.006975308115381834,1,2,1,2,0.5,0.7821782178217822,1.0,6.0,No aggregate reversal under this configuration.,830
Y-39983,0.006976192554901957,1,5,1,5,0.2,0.9207920792079208,1.0,6.0,No aggregate reversal under this configuration.,831
nutlin-3,0.006976653002627464,0,2,0,2,0.0,0.7425742574257426,1.0,9.5,No aggregate reversal under this configuration.,832
BRD-K89558221,0.006993939287368606,0,1,0,1,0.0,0.8217821782178217,1.0,5.0,No aggregate reversal under this configuration.,833
"ingenol 3, 20-dibenzoate",0.007029237466728805,4,9,4,9,0.4444444444444444,0.8514851485148515,1.0,6.777777777777778,No aggregate reversal under this configuration.,834
maprotiline hydrochloride,0.007046346045239353,0,1,0,1,0.0,0.7128712871287128,1.0,6.0,No aggregate reversal under this configuration.,835
km 00927,0.007078370782730037,1,2,1,2,0.5,0.7722772277227723,1.0,9.0,No aggregate reversal under this configuration.,836
JNK-IN-5A,0.0072078651620900705,6,16,6,16,0.375,0.9306930693069307,1.0,6.5625,No aggregate reversal under this configuration.,837
BRD-K56411643,0.007226426331096455,2,6,2,6,0.3333333333333333,0.8316831683168316,1.0,5.5,No aggregate reversal under this configuration.,838
BRD-K92301463,0.007238814225275354,1,2,1,2,0.5,0.7821782178217822,1.0,5.0,No aggregate reversal under this configuration.,839
kn-62,0.007251861769844054,0,1,0,1,0.0,0.6831683168316832,1.0,5.0,No aggregate reversal under this configuration.,840
BRD-K12184916,0.007291402393493892,0,3,0,3,0.0,0.8415841584158416,1.0,5.666666666666667,No aggregate reversal under this configuration.,841
ncgc00165208-01,0.007423970532384184,0,1,0,1,0.0,0.7326732673267327,1.0,6.0,No aggregate reversal under this configuration.,842
BRD-K64642496,0.007428721922343777,1,6,1,6,0.16666666666666666,0.8316831683168316,1.0,7.0,No aggregate reversal under this configuration.,843
QL-XII-47,0.0074442815579670845,12,32,12,32,0.375,0.9108910891089109,1.0,6.71875,No aggregate reversal under this configuration.,844
emetine,0.007444435813288659,3,11,3,12,0.2727272727272727,0.8514851485148515,1.0,6.166666666666667,No aggregate reversal under this configuration.,845
citalopram hydrobromide,0.007457837138202702,0,1,0,1,0.0,0.801980198019802,1.0,5.0,No aggregate reversal under this configuration.,846
naproxol,0.0074797006298070855,0,1,0,1,0.0,0.6039603960396039,1.0,5.0,No aggregate reversal under this configuration.,847
gr 32191 hydrochloride,0.007639891529985755,0,1,0,1,0.0,0.7722772277227723,1.0,5.0,No aggregate reversal under this configuration.,848
BRD-K38615104,0.007748014857019461,3,7,3,7,0.42857142857142855,0.8613861386138614,1.0,6.714285714285714,No aggregate reversal under this configuration.,849
BRD-A49848186,0.00777456914084626,0,1,0,1,0.0,0.7425742574257426,1.0,6.0,No aggregate reversal under this configuration.,850
ncgc00188530-01,0.007879605924695565,0,3,0,3,0.0,0.8217821782178217,1.0,8.0,No aggregate reversal under this configuration.,851
hy-70061,0.007882421215482313,0,1,0,1,0.0,0.8118811881188119,1.0,5.0,No aggregate reversal under this configuration.,852
BRD-K92317137,0.0079082339486127,6,20,8,23,0.3,0.8316831683168316,1.0,6.826086956521739,No aggregate reversal under this configuration.,853
BRD-K81473043,0.007946234162945945,1,5,1,5,0.2,0.8415841584158416,1.0,6.2,No aggregate reversal under this configuration.,854
anisomycin,0.007955847551674885,5,11,5,11,0.45454545454545453,0.8712871287128713,1.0,7.090909090909091,No aggregate reversal under this configuration.,855
nsc 632839 hydrochloride,0.007983485125019979,1,3,1,3,0.3333333333333333,0.7128712871287128,1.0,6.333333333333333,No aggregate reversal under this configuration.,856
BRD-A62809825,0.008031821179622773,2,5,2,5,0.4,0.7920792079207921,1.0,8.0,No aggregate reversal under this configuration.,857
jak3 inhibitor ii,0.008119539417847748,0,1,0,1,0.0,0.8118811881188119,1.0,6.0,No aggregate reversal under this configuration.,858
BRD-A63583287,0.008123136603420712,0,1,0,1,0.0,0.693069306930693,1.0,6.0,No aggregate reversal under this configuration.,859
BRD-K04853698,0.008126863954391366,4,10,4,10,0.4,0.8712871287128713,1.0,6.9,No aggregate reversal under this configuration.,860
b675700.cdx,0.008149896454849164,3,12,3,12,0.25,0.9504950495049505,1.0,6.583333333333333,No aggregate reversal under this configuration.,861
t5212475,0.008225046996343091,0,3,0,4,0.0,0.8613861386138614,1.0,6.25,No aggregate reversal under this configuration.,862
tpca-1,0.008297879798242824,2,7,2,7,0.2857142857142857,0.9108910891089109,1.0,6.571428571428571,No aggregate reversal under this configuration.,863
rosuvastatin calcium,0.008300708377604969,0,1,0,1,0.0,0.693069306930693,1.0,5.0,No aggregate reversal under this configuration.,864
jte 013,0.008309889088965947,0,1,0,1,0.0,0.8316831683168316,1.0,6.0,No aggregate reversal under this configuration.,865
imd 0354,0.00831585588024702,4,13,5,17,0.3076923076923077,0.8514851485148515,1.0,7.294117647058823,No aggregate reversal under this configuration.,866
fk506,0.008343825593570968,1,2,1,2,0.5,0.9405940594059405,1.0,6.0,No aggregate reversal under this configuration.,867
BRD-K08307026,0.008392456656995693,0,2,0,2,0.0,0.8217821782178217,1.0,6.0,No aggregate reversal under this configuration.,868
gemcitabine,0.008432513275342599,1,4,1,4,0.25,0.8712871287128713,1.0,5.25,No aggregate reversal under this configuration.,869
luzindole,0.008484597950207676,0,1,0,1,0.0,0.900990099009901,1.0,5.0,No aggregate reversal under this configuration.,870
ag 592,0.00851023783031852,0,3,0,3,0.0,0.8613861386138614,1.0,6.333333333333333,No aggregate reversal under this configuration.,871
tetrindole mesylate,0.008551714894446878,0,2,0,2,0.0,0.8316831683168316,1.0,6.5,No aggregate reversal under this configuration.,872
amsacrine,0.008633309278680203,2,6,2,6,0.3333333333333333,0.7920792079207921,1.0,6.333333333333333,No aggregate reversal under this configuration.,873
bapta-am,0.00863915130172934,0,4,0,4,0.0,0.9801980198019802,1.0,5.25,No aggregate reversal under this configuration.,874
BRD-K18163752,0.008663815343870937,1,3,1,3,0.3333333333333333,0.8316831683168316,1.0,5.0,No aggregate reversal under this configuration.,875
cycloheximide,0.008685514024689193,2,7,2,9,0.2857142857142857,0.9306930693069307,1.0,5.333333333333333,No aggregate reversal under this configuration.,876
chemistry 1735,0.008697162059592364,0,1,0,1,0.0,0.8514851485148515,1.0,5.0,No aggregate reversal under this configuration.,877
ncgc00182615-01,0.008698373673001396,0,1,0,1,0.0,0.7425742574257426,1.0,5.0,No aggregate reversal under this configuration.,878
narciclasine,0.00873417777853931,8,28,8,28,0.2857142857142857,0.8811881188118812,1.0,6.928571428571429,No aggregate reversal under this configuration.,879
6-diazo-5-oxo-l-norleucine,0.008747470074802248,1,4,1,4,0.25,0.9504950495049505,1.0,6.0,No aggregate reversal under this configuration.,880
BRD-K94580036,0.008763113828510513,0,1,0,1,0.0,0.8217821782178217,1.0,5.0,No aggregate reversal under this configuration.,881
bjm-ctd2-9,0.008763718146118843,2,17,2,17,0.11764705882352941,0.9306930693069307,1.0,7.117647058823529,No aggregate reversal under this configuration.,882
s1011,0.00881576906510829,0,1,0,1,0.0,0.801980198019802,1.0,5.0,No aggregate reversal under this configuration.,883
ag-879,0.008877983357958202,0,1,0,1,0.0,0.6534653465346535,1.0,7.0,No aggregate reversal under this configuration.,884
BRD-K59962020,0.008880291207699984,0,2,0,2,0.0,0.801980198019802,1.0,5.0,No aggregate reversal under this configuration.,885
cct 018159,0.008926900050518239,1,2,1,2,0.5,0.8811881188118812,1.0,6.0,No aggregate reversal under this configuration.,886
ku 0060648 trihydrochloride,0.00894576840389129,4,10,4,10,0.4,0.8514851485148515,1.0,7.0,No aggregate reversal under this configuration.,887
BRD-K15716662,0.008948698651873286,0,1,0,1,0.0,0.8316831683168316,1.0,7.0,No aggregate reversal under this configuration.,888
BRD-K45399554,0.008994097865901149,1,3,1,3,0.3333333333333333,0.8415841584158416,1.0,7.0,No aggregate reversal under this configuration.,889
BRD-K88198340,0.00901873432580601,0,1,0,1,0.0,0.7128712871287128,1.0,5.0,No aggregate reversal under this configuration.,890
arg-a1-22 brd-k91349888,0.009071702008323922,0,1,0,1,0.0,0.7623762376237624,1.0,7.0,No aggregate reversal under this configuration.,891
BRD-K86574132,0.009148724851897314,3,6,3,6,0.5,0.7524752475247525,1.0,7.833333333333333,No aggregate reversal under this configuration.,892
np-002491,0.009173738597236879,1,2,1,2,0.5,0.8811881188118812,1.0,6.0,No aggregate reversal under this configuration.,893
KI20227,0.009231966952511206,0,1,0,1,0.0,0.9504950495049505,1.0,7.0,No aggregate reversal under this configuration.,894
altanserin hydrochloride,0.009280086245279068,0,1,0,1,0.0,0.8910891089108911,1.0,5.0,No aggregate reversal under this configuration.,895
at-mlpcn csc-006,0.009334417285057711,0,1,0,1,0.0,0.7029702970297029,1.0,8.0,No aggregate reversal under this configuration.,896
moclobemide,0.009484684752239153,0,1,0,1,0.0,0.7029702970297029,1.0,5.0,No aggregate reversal under this configuration.,897
selamectin,0.009529048542353792,0,3,0,3,0.0,0.8811881188118812,1.0,7.333333333333333,No aggregate reversal under this configuration.,898
vu0418946-2,0.009531958057734696,3,8,4,9,0.375,0.8910891089108911,1.0,6.333333333333333,No aggregate reversal under this configuration.,899
calpeptin,0.00958898275305733,1,2,1,2,0.5,0.8910891089108911,1.0,6.0,No aggregate reversal under this configuration.,900
tg101348,0.009609345533641591,6,17,6,17,0.35294117647058826,0.9504950495049505,1.0,6.764705882352941,No aggregate reversal under this configuration.,901
paroxetine hydrochloride,0.009657133744455346,0,1,0,1,0.0,0.7425742574257426,1.0,7.0,No aggregate reversal under this configuration.,902
siguazodan,0.00978189435277351,0,1,0,1,0.0,0.8415841584158416,1.0,8.0,No aggregate reversal under this configuration.,903
BRD-K08640787,0.010035927148662648,0,1,0,1,0.0,0.8613861386138614,1.0,5.0,No aggregate reversal under this configuration.,904
peitc,0.01012520762092143,0,2,0,2,0.0,0.8910891089108911,1.0,5.0,No aggregate reversal under this configuration.,905
dexamethasone,0.010162247343246052,0,1,0,1,0.0,0.7920792079207921,1.0,5.0,No aggregate reversal under this configuration.,906
cyt997,0.01017385620213715,1,2,1,2,0.5,0.9108910891089109,1.0,5.5,No aggregate reversal under this configuration.,907
BRD-K18724229,0.010197532954728103,1,2,1,2,0.5,0.8514851485148515,1.0,5.0,No aggregate reversal under this configuration.,908
BRD-K86761848,0.010202080525192137,1,2,1,2,0.5,0.8712871287128713,1.0,5.5,No aggregate reversal under this configuration.,909
t5345967,0.010211819940589366,0,1,0,1,0.0,0.8613861386138614,1.0,5.0,No aggregate reversal under this configuration.,910
cdc,0.010356752991887562,0,1,0,1,0.0,0.8217821782178217,1.0,6.0,No aggregate reversal under this configuration.,911
ncgc00012588-02,0.01045639811132077,0,1,0,1,0.0,0.8613861386138614,1.0,7.0,No aggregate reversal under this configuration.,912
dihydroergocristine,0.010572843090144349,0,1,0,1,0.0,0.8316831683168316,1.0,5.0,No aggregate reversal under this configuration.,913
vu0415555-1,0.010589684316976634,0,1,0,1,0.0,0.8415841584158416,1.0,5.0,No aggregate reversal under this configuration.,914
BRD-K14236372,0.01068765668310932,0,1,0,1,0.0,0.7821782178217822,1.0,5.0,No aggregate reversal under this configuration.,915
BRD-K06436323,0.010738482006163102,0,1,0,1,0.0,0.7524752475247525,1.0,6.0,No aggregate reversal under this configuration.,916
camptothecin,0.010746560981668464,1,3,1,3,0.3333333333333333,0.8712871287128713,1.0,5.333333333333333,No aggregate reversal under this configuration.,917
16beta-bromoandrosterone,0.010749019036171635,0,2,0,2,0.0,0.9603960396039604,1.0,5.0,No aggregate reversal under this configuration.,918
BRD-K69852452,0.010751116782001233,1,4,1,4,0.25,0.9405940594059405,1.0,6.25,No aggregate reversal under this configuration.,919
akt inhibitor x,0.010795102724257665,0,2,0,2,0.0,0.9306930693069307,1.0,6.0,No aggregate reversal under this configuration.,920
jzl-184,0.010811741085257811,0,1,0,1,0.0,0.8613861386138614,1.0,5.0,No aggregate reversal under this configuration.,921
u-0126,0.01089724892511544,0,1,0,1,0.0,0.8514851485148515,1.0,5.0,No aggregate reversal under this configuration.,922
trifluoperazine dihydrochloride,0.010921554382554991,0,2,0,2,0.0,0.900990099009901,1.0,6.0,No aggregate reversal under this configuration.,923
btb06091sc,0.010926119444590501,0,1,0,1,0.0,0.801980198019802,1.0,5.0,No aggregate reversal under this configuration.,924
BRD-K85318537 (obaa),0.010992724499174548,0,1,0,1,0.0,0.7821782178217822,1.0,6.0,No aggregate reversal under this configuration.,925
ethyl-beta-carboline-3-carboxylate,0.011003366182013644,0,1,0,1,0.0,0.8514851485148515,1.0,5.0,No aggregate reversal under this configuration.,926
cccp,0.011009185149396817,0,2,0,2,0.0,0.7524752475247525,1.0,8.5,No aggregate reversal under this configuration.,927
BRD-K08448573,0.011027808616453931,0,2,0,2,0.0,0.7722772277227723,1.0,6.5,No aggregate reversal under this configuration.,928
benazepril hydrochloride,0.01103398252024956,0,1,0,1,0.0,0.8811881188118812,1.0,5.0,No aggregate reversal under this configuration.,929
m-3m3fbs,0.011072484661794498,1,5,1,5,0.2,0.900990099009901,1.0,6.0,No aggregate reversal under this configuration.,930
4-demethoxydaunorubicin hydrochloride (65),0.011073975011506186,2,10,2,10,0.2,0.9207920792079208,1.0,5.6,No aggregate reversal under this configuration.,931
BRD-K18726304,0.011112042606824335,0,1,0,1,0.0,0.801980198019802,1.0,6.0,No aggregate reversal under this configuration.,932
BRD-K28180706,0.011291711427305857,0,1,0,1,0.0,0.7623762376237624,1.0,5.0,No aggregate reversal under this configuration.,933
yc-1,0.011346211087541495,0,2,0,2,0.0,0.9108910891089109,1.0,7.0,No aggregate reversal under this configuration.,934
ncgc00182390-01,0.011421927541397425,0,1,0,1,0.0,0.8217821782178217,1.0,6.0,No aggregate reversal under this configuration.,935
BRD-K55844427,0.01144115496475882,0,1,0,1,0.0,0.9306930693069307,1.0,6.0,No aggregate reversal under this configuration.,936
hy-10159,0.01151827263348992,1,2,1,2,0.5,0.8613861386138614,1.0,5.5,No aggregate reversal under this configuration.,937
skf 86002 dihydrochloride,0.011663676225453765,0,1,0,1,0.0,0.8910891089108911,1.0,5.0,No aggregate reversal under this configuration.,938
c3393m50,0.011675795393802646,1,3,1,3,0.3333333333333333,0.900990099009901,1.0,6.0,No aggregate reversal under this configuration.,939
phorbol-12-myristate-13-acetate (pma),0.0116912196355526,4,14,4,14,0.2857142857142857,0.9801980198019802,1.0,6.428571428571429,No aggregate reversal under this configuration.,940
y27632,0.01169488085889682,1,2,1,2,0.5,0.9504950495049505,1.0,7.5,No aggregate reversal under this configuration.,941
purvalanol a,0.011719989668197952,0,4,0,4,0.0,0.9306930693069307,1.0,6.5,No aggregate reversal under this configuration.,942
BRD-K78385490,0.011760821480535904,1,2,1,2,0.5,0.7920792079207921,1.0,9.0,No aggregate reversal under this configuration.,943
ncgc00165289-01,0.011798677293183072,0,1,0,1,0.0,0.7623762376237624,1.0,8.0,No aggregate reversal under this configuration.,944
prostaglandin a1,0.011911461367086061,2,6,2,6,0.3333333333333333,0.9405940594059405,1.0,7.666666666666667,No aggregate reversal under this configuration.,945
p0030,0.011977162027076138,1,3,1,3,0.3333333333333333,0.9504950495049505,1.0,5.0,No aggregate reversal under this configuration.,946
levonorgestrel,0.011983240363076037,0,1,0,1,0.0,0.7722772277227723,1.0,5.0,No aggregate reversal under this configuration.,947
fenretinide,0.011983940727050332,1,3,1,3,0.3333333333333333,0.9504950495049505,1.0,5.333333333333333,No aggregate reversal under this configuration.,948
GW-843682X,0.012001994736325074,1,7,1,7,0.14285714285714285,1.0,1.0,5.857142857142857,No aggregate reversal under this configuration.,949
BRD-K28115298,0.012142834497187626,0,1,0,1,0.0,0.8613861386138614,1.0,5.0,No aggregate reversal under this configuration.,950
GSK1059615,0.012223068870425978,1,3,1,3,0.3333333333333333,0.9702970297029703,1.0,6.333333333333333,No aggregate reversal under this configuration.,951
GDC-0879,0.012309666923016473,2,5,2,5,0.4,0.9900990099009901,1.0,5.2,No aggregate reversal under this configuration.,952
liothyronine,0.012319111260997107,0,1,0,1,0.0,0.9306930693069307,1.0,5.0,No aggregate reversal under this configuration.,953
taxol,0.012335398549019827,0,1,0,1,0.0,0.8217821782178217,1.0,5.0,No aggregate reversal under this configuration.,954
BRD-U37049823,0.012410214154604306,0,1,0,1,0.0,0.8316831683168316,1.0,7.0,No aggregate reversal under this configuration.,955
BRD-K82732294,0.012446937490823859,0,1,0,1,0.0,0.8514851485148515,1.0,5.0,No aggregate reversal under this configuration.,956
7b-cis,0.012453359397502006,1,8,1,8,0.125,0.9801980198019802,1.0,6.75,No aggregate reversal under this configuration.,957
BRD-K41859756,0.012490481516409408,3,11,3,11,0.2727272727272727,0.9603960396039604,1.0,5.818181818181818,No aggregate reversal under this configuration.,958
BRD-K16618170,0.012579537787901485,0,1,0,1,0.0,0.801980198019802,1.0,5.0,No aggregate reversal under this configuration.,959
ncgc00183696-01,0.01259081896904263,1,3,1,3,0.3333333333333333,0.900990099009901,1.0,6.333333333333333,No aggregate reversal under this configuration.,960
sib 1893,0.012617971150541526,0,1,0,1,0.0,0.6138613861386139,1.0,7.0,No aggregate reversal under this configuration.,961
BRD-K90735586,0.012675657582733691,0,2,0,2,0.0,0.9603960396039604,1.0,5.5,No aggregate reversal under this configuration.,962
mk-0591,0.012804187086052845,1,3,1,3,0.3333333333333333,0.7623762376237624,1.0,6.0,No aggregate reversal under this configuration.,963
pf 750,0.012896686121131911,1,3,1,3,0.3333333333333333,0.9207920792079208,1.0,7.0,No aggregate reversal under this configuration.,964
dacomitinib,0.012947060048732362,0,2,0,2,0.0,0.9108910891089109,1.0,7.0,No aggregate reversal under this configuration.,965
am580,0.012951518256673964,0,2,0,2,0.0,0.9702970297029703,1.0,5.0,No aggregate reversal under this configuration.,966
trimipramine maleate salt,0.012972904445436927,0,1,0,1,0.0,0.8712871287128713,1.0,6.0,No aggregate reversal under this configuration.,967
BRD-K52075040,0.012986312678525926,1,6,1,6,0.16666666666666666,0.9603960396039604,1.0,7.333333333333333,No aggregate reversal under this configuration.,968
BRD-A41451487,0.013059988857702888,1,4,1,4,0.25,0.8811881188118812,1.0,7.75,No aggregate reversal under this configuration.,969
ikk 16,0.013160784706646804,1,5,1,5,0.2,0.9405940594059405,1.0,5.4,No aggregate reversal under this configuration.,970
BRD-K91145395,0.013205208698094627,0,8,0,8,0.0,0.9801980198019802,1.0,6.125,No aggregate reversal under this configuration.,971
BRD-K05153001,0.013225563557256051,1,3,1,3,0.3333333333333333,0.8316831683168316,1.0,7.0,No aggregate reversal under this configuration.,972
BRD-K06009608,0.013231483338947185,0,1,0,1,0.0,0.7623762376237624,1.0,6.0,No aggregate reversal under this configuration.,973
ncgc00183255-01,0.01324385790420873,0,2,0,2,0.0,0.801980198019802,1.0,5.5,No aggregate reversal under this configuration.,974
st056792,0.013252110564814042,0,3,0,3,0.0,0.8910891089108911,1.0,7.0,No aggregate reversal under this configuration.,975
carbamazepine,0.0133463471959353,0,1,0,1,0.0,0.9108910891089109,1.0,6.0,No aggregate reversal under this configuration.,976
bms-754807,0.013361061816487978,1,4,1,4,0.25,0.9108910891089109,1.0,6.75,No aggregate reversal under this configuration.,977
hy-10181,0.013514900704228698,0,2,0,2,0.0,0.9900990099009901,1.0,5.0,No aggregate reversal under this configuration.,978
pivmecillinam hydrochloride,0.013530515343358303,0,1,0,1,0.0,0.9405940594059405,1.0,5.0,No aggregate reversal under this configuration.,979
mevastatin,0.01353215501570455,0,1,0,1,0.0,0.8712871287128713,1.0,8.0,No aggregate reversal under this configuration.,980
vu0418939-2,0.013535641818201327,1,3,1,3,0.3333333333333333,0.9207920792079208,1.0,5.666666666666667,No aggregate reversal under this configuration.,981
BRD-K01834163,0.013584345689863001,0,2,0,2,0.0,0.9108910891089109,1.0,5.5,No aggregate reversal under this configuration.,982
11k-629s,0.013602790233263797,0,1,0,1,0.0,0.9405940594059405,1.0,5.0,No aggregate reversal under this configuration.,983
naloxone hydrochloride,0.0136311787419479,0,1,0,1,0.0,0.9603960396039604,1.0,5.0,No aggregate reversal under this configuration.,984
BRD-K03122949,0.013782063915894439,0,1,0,1,0.0,0.8613861386138614,1.0,5.0,No aggregate reversal under this configuration.,985
BRD-K02920722,0.013788872417839618,0,1,0,1,0.0,0.9603960396039604,1.0,5.0,No aggregate reversal under this configuration.,986
KIN001-043,0.013798783505305246,8,30,8,30,0.26666666666666666,1.0,1.0,6.633333333333334,No aggregate reversal under this configuration.,987
taxifolin-(+/-),0.013879776213605312,0,1,0,1,0.0,0.7425742574257426,1.0,5.0,No aggregate reversal under this configuration.,988
nifedipine,0.013924495393531824,0,1,0,1,0.0,0.8811881188118812,1.0,6.0,No aggregate reversal under this configuration.,989
BRD-A51777634,0.013942191949197482,0,2,0,2,0.0,0.8811881188118812,1.0,5.0,No aggregate reversal under this configuration.,990
l-cis-diltiazem,0.013959209800036815,0,1,0,1,0.0,0.8811881188118812,1.0,8.0,No aggregate reversal under this configuration.,991
akti-1/2,0.01410026154546362,1,6,1,6,0.16666666666666666,1.0,1.0,5.833333333333333,No aggregate reversal under this configuration.,992
lonidamine,0.014120791945146555,1,3,1,3,0.3333333333333333,0.9702970297029703,1.0,6.666666666666667,No aggregate reversal under this configuration.,993
ncgc00242335-01,0.014239115230123214,0,2,0,2,0.0,0.9603960396039604,1.0,6.0,No aggregate reversal under this configuration.,994
BRD-K67870070,0.014257612369928042,0,1,0,1,0.0,0.9108910891089109,1.0,5.0,No aggregate reversal under this configuration.,995
losartan potassium,0.014291547527462423,0,1,0,1,0.0,0.9306930693069307,1.0,6.0,No aggregate reversal under this configuration.,996
cay10618,0.014348025799500341,0,1,0,1,0.0,0.8811881188118812,1.0,5.0,No aggregate reversal under this configuration.,997
nsc 95397,0.014350154425560615,0,2,0,2,0.0,0.9405940594059405,1.0,6.5,No aggregate reversal under this configuration.,998
wortmannin,0.014359304967232317,2,18,4,41,0.1111111111111111,1.0,1.0,6.560975609756097,No aggregate reversal under this configuration.,999
hki-272,0.014492853751517976,1,5,1,5,0.2,0.9603960396039604,1.0,6.2,No aggregate reversal under this configuration.,1000
hy-10044,0.014593555929625204,0,1,0,1,0.0,0.8910891089108911,1.0,6.0,No aggregate reversal under this configuration.,1001
importazole,0.01462348223293816,2,12,2,12,0.16666666666666666,0.9900990099009901,1.0,7.5,No aggregate reversal under this configuration.,1002
thioridazine hydrochloride,0.0146375156754288,0,3,0,3,0.0,0.9405940594059405,1.0,7.0,No aggregate reversal under this configuration.,1003
azd8055,0.014638341133311222,2,10,2,10,0.2,1.0,1.0,6.0,No aggregate reversal under this configuration.,1004
reserpine,0.014644734940300856,0,1,0,1,0.0,0.9801980198019802,1.0,5.0,No aggregate reversal under this configuration.,1005
srt-1720,0.014650884610388593,0,1,0,1,0.0,0.9900990099009901,1.0,5.0,No aggregate reversal under this configuration.,1006
bibu 1361 dihydrochloride,0.014707198564629482,0,1,0,1,0.0,0.9306930693069307,1.0,6.0,No aggregate reversal under this configuration.,1007
BRD-K57678861,0.01471136105869849,0,1,0,1,0.0,0.9207920792079208,1.0,5.0,No aggregate reversal under this configuration.,1008
pi 103 hydrochloride,0.014723209365958629,1,5,1,5,0.2,0.9702970297029703,1.0,6.0,No aggregate reversal under this configuration.,1009
piroxicam,0.01478005581085448,0,1,0,1,0.0,0.8712871287128713,1.0,5.0,No aggregate reversal under this configuration.,1010
tivantinib,0.014809288282944595,1,5,1,5,0.2,0.9801980198019802,1.0,5.2,No aggregate reversal under this configuration.,1011
BRD-K78373679,0.01486171040403521,0,1,0,1,0.0,0.8613861386138614,1.0,6.0,No aggregate reversal under this configuration.,1012
pp 1,0.01497824192696739,0,2,0,2,0.0,0.9306930693069307,1.0,5.5,No aggregate reversal under this configuration.,1013
ncgc00183226-01,0.014979141458433914,0,1,0,1,0.0,0.8613861386138614,1.0,8.0,No aggregate reversal under this configuration.,1014
BRD-K97701319,0.01501769789248912,0,1,0,1,0.0,0.8316831683168316,1.0,5.0,No aggregate reversal under this configuration.,1015
"tamoxifen, 4-hydroxy-, (z)-",0.015020021212908397,0,1,0,1,0.0,0.9405940594059405,1.0,6.0,No aggregate reversal under this configuration.,1016
cercosporin,0.015056378803207525,1,4,1,4,0.25,0.9801980198019802,1.0,6.0,No aggregate reversal under this configuration.,1017
sunitinib,0.015086078967665846,5,13,5,13,0.38461538461538464,0.9900990099009901,1.0,6.0,No aggregate reversal under this configuration.,1018
mesoridazine besylate,0.01512209094444212,0,1,0,1,0.0,0.8811881188118812,1.0,7.0,No aggregate reversal under this configuration.,1019
BRD-K53638321,0.015169746377692639,0,1,0,1,0.0,1.0,1.0,5.0,No aggregate reversal under this configuration.,1020
np-001236,0.01527093739958307,1,5,1,5,0.2,0.9900990099009901,1.0,7.0,No aggregate reversal under this configuration.,1021
nnc 55-0396 dihydrochloride,0.015355002976412988,0,4,0,4,0.0,0.9504950495049505,1.0,6.5,No aggregate reversal under this configuration.,1022
nadolol,0.015760373943526258,0,1,0,1,0.0,0.900990099009901,1.0,6.0,No aggregate reversal under this configuration.,1023
y-27152,0.015835418134416624,0,1,0,1,0.0,0.9504950495049505,1.0,5.0,No aggregate reversal under this configuration.,1024
ncgc00166395-02,0.016025005122329287,0,1,0,1,0.0,0.8910891089108911,1.0,5.0,No aggregate reversal under this configuration.,1025
ALW-II-49-7,0.016118786345300666,0,2,0,2,0.0,0.9900990099009901,1.0,6.0,No aggregate reversal under this configuration.,1026
s1452,0.016176603522534135,0,1,0,1,0.0,0.9306930693069307,1.0,7.0,No aggregate reversal under this configuration.,1027
lumicolchicine gamma,0.016198272130324702,0,1,0,1,0.0,0.8910891089108911,1.0,9.0,No aggregate reversal under this configuration.,1028
cosmosiin,0.016210676760950036,1,2,1,2,0.5,0.9603960396039604,1.0,6.5,No aggregate reversal under this configuration.,1029
mek1/2 inhibitor,0.016246678106933626,0,1,0,1,0.0,0.9504950495049505,1.0,7.0,No aggregate reversal under this configuration.,1030
malonoben,0.0162741405720738,2,5,2,5,0.4,0.9603960396039604,1.0,7.2,No aggregate reversal under this configuration.,1031
enzastaurin,0.01637860055853958,1,3,1,3,0.3333333333333333,0.9900990099009901,1.0,5.0,No aggregate reversal under this configuration.,1032
hy-11068,0.01638743695011071,1,3,1,3,0.3333333333333333,0.9207920792079208,1.0,6.333333333333333,No aggregate reversal under this configuration.,1033
BRD-K73319509,0.016396160014605997,0,1,0,1,0.0,0.8811881188118812,1.0,5.0,No aggregate reversal under this configuration.,1034
devazepide,0.01643844263550988,0,1,0,1,0.0,0.8415841584158416,1.0,6.0,No aggregate reversal under this configuration.,1035
oxprenolol hydrochloride,0.016455199453240876,0,1,0,1,0.0,0.9207920792079208,1.0,6.0,No aggregate reversal under this configuration.,1036
t 98475,0.016569425752448234,0,2,0,2,0.0,0.9801980198019802,1.0,5.5,No aggregate reversal under this configuration.,1037
gw 843682x,0.016649927297767545,1,3,1,3,0.3333333333333333,1.0,1.0,5.333333333333333,No aggregate reversal under this configuration.,1038
BRD-K53414658,0.01670516077823406,0,1,0,1,0.0,0.801980198019802,1.0,7.0,No aggregate reversal under this configuration.,1039
isoliquiritigenin,0.01687660707503679,0,2,0,2,0.0,0.9900990099009901,1.0,6.5,No aggregate reversal under this configuration.,1040
cjd-pla-49-3,0.016885801307942937,0,1,0,1,0.0,0.9306930693069307,1.0,5.0,No aggregate reversal under this configuration.,1041
imodium,0.016902839006937766,0,2,0,2,0.0,0.9603960396039604,1.0,6.0,No aggregate reversal under this configuration.,1042
qs 11,0.01693490034412298,1,3,1,3,0.3333333333333333,0.9801980198019802,1.0,5.0,No aggregate reversal under this configuration.,1043
BRD-K66254772,0.016988891127134472,0,2,0,2,0.0,0.9504950495049505,1.0,6.5,No aggregate reversal under this configuration.,1044
chr 2797,0.017020662722900273,2,10,2,10,0.2,0.9900990099009901,1.0,6.2,No aggregate reversal under this configuration.,1045
mw-ras12,0.01714009080567626,0,6,0,6,0.0,0.9801980198019802,1.0,7.666666666666667,No aggregate reversal under this configuration.,1046
pdgf receptor tyrosine kinase inhibitor i,0.017288296101279528,0,1,0,1,0.0,0.9306930693069307,1.0,6.0,No aggregate reversal under this configuration.,1047
"fluphenazine-n-2-chloroethane, dihydrochloride",0.017336662600580525,0,1,0,1,0.0,0.9207920792079208,1.0,5.0,No aggregate reversal under this configuration.,1048
syk inhibitor,0.01744016357068826,0,1,0,1,0.0,0.8811881188118812,1.0,6.0,No aggregate reversal under this configuration.,1049
pz0004,0.017497126837759266,0,1,0,1,0.0,1.0,1.0,5.0,No aggregate reversal under this configuration.,1050
ncgc00167398-02,0.017659092258870752,0,3,0,3,0.0,0.9702970297029703,1.0,5.333333333333333,No aggregate reversal under this configuration.,1051
BRD-K41845021,0.01771477452559058,0,1,0,1,0.0,0.900990099009901,1.0,5.0,No aggregate reversal under this configuration.,1052
BRD-K17140735,0.017775811124147632,1,10,1,10,0.1,1.0,1.0,6.5,No aggregate reversal under this configuration.,1053
ALW-II-38-3,0.017794933629045925,0,1,0,1,0.0,0.9603960396039604,1.0,5.0,No aggregate reversal under this configuration.,1054
vu0365121-1,0.017812899103088156,0,2,0,2,0.0,0.9900990099009901,1.0,5.5,No aggregate reversal under this configuration.,1055
vu0418947-2,0.017926446056109942,1,6,1,6,0.16666666666666666,1.0,1.0,6.0,No aggregate reversal under this configuration.,1056
niguldipine hydrochloride,0.01793402018054375,2,5,2,5,0.4,0.9900990099009901,1.0,6.2,No aggregate reversal under this configuration.,1057
hy-11006,0.017967946755950655,0,1,0,1,0.0,0.8910891089108911,1.0,5.0,No aggregate reversal under this configuration.,1058
gr 159897,0.01816440888957127,0,1,0,1,0.0,0.9108910891089109,1.0,6.0,No aggregate reversal under this configuration.,1059
BRD-K93568044 (hydrocortisone),0.0182121550940096,0,1,0,1,0.0,0.9405940594059405,1.0,5.0,No aggregate reversal under this configuration.,1060
diphenyleneiodonium chloride,0.01825411508189121,0,1,0,1,0.0,0.7623762376237624,1.0,8.0,No aggregate reversal under this configuration.,1061
cucurbitacin i,0.018258959900461637,0,2,0,2,0.0,0.9306930693069307,1.0,5.5,No aggregate reversal under this configuration.,1062
niclosamide,0.01834498565109422,2,10,3,14,0.2,1.0,1.0,7.142857142857143,No aggregate reversal under this configuration.,1063
ei-263,0.018444813631619535,0,2,0,2,0.0,0.9207920792079208,1.0,5.5,No aggregate reversal under this configuration.,1064
BRD-A81530502,0.018517379410015893,0,1,0,1,0.0,0.9207920792079208,1.0,5.0,No aggregate reversal under this configuration.,1065
BRD-K14027855,0.018527999989142258,0,1,0,1,0.0,0.9504950495049505,1.0,5.0,No aggregate reversal under this configuration.,1066
"nf-kb activation inhibitor ii, jsh-23",0.01861614193066258,0,1,0,1,0.0,0.9603960396039604,1.0,6.0,No aggregate reversal under this configuration.,1067
BRD-K34495954,0.018682806755012438,0,1,0,1,0.0,0.9504950495049505,1.0,5.0,No aggregate reversal under this configuration.,1068
BRD-K60219430,0.019086328004988017,0,1,0,1,0.0,0.9801980198019802,1.0,5.0,No aggregate reversal under this configuration.,1069
s1170,0.019217135748328427,0,1,0,1,0.0,0.9603960396039604,1.0,7.0,No aggregate reversal under this configuration.,1070
BRD-K89329876,0.019223404164872275,0,1,0,1,0.0,0.900990099009901,1.0,7.0,No aggregate reversal under this configuration.,1071
itavastatin ca,0.01925393804808661,1,2,1,2,0.5,0.9603960396039604,1.0,7.0,No aggregate reversal under this configuration.,1072
BRD-K53308430,0.019285348033386298,0,1,0,1,0.0,0.900990099009901,1.0,9.0,No aggregate reversal under this configuration.,1073
ncgc00182362-01,0.019331034954309805,0,1,0,1,0.0,0.9207920792079208,1.0,5.0,No aggregate reversal under this configuration.,1074
vinpocetine,0.019425930248148846,0,1,0,1,0.0,0.9306930693069307,1.0,7.0,No aggregate reversal under this configuration.,1075
r(+)-6-bromo-apb,0.01967314679112243,0,2,0,2,0.0,0.9801980198019802,1.0,6.5,No aggregate reversal under this configuration.,1076
gr-109,0.019707222437238756,0,1,0,1,0.0,0.9405940594059405,1.0,9.0,No aggregate reversal under this configuration.,1077
AS-601245,0.01974705302510821,3,10,3,10,0.3,1.0,1.0,6.4,No aggregate reversal under this configuration.,1078
triciribine,0.01982448118796324,1,3,1,3,0.3333333333333333,0.9900990099009901,1.0,6.0,No aggregate reversal under this configuration.,1079
ON-01910,0.01990058069146567,1,7,1,7,0.14285714285714285,0.9702970297029703,1.0,7.857142857142857,No aggregate reversal under this configuration.,1080
jtc 801,0.02005681612352941,0,1,0,1,0.0,0.9801980198019802,1.0,6.0,No aggregate reversal under this configuration.,1081
valdecoxib,0.02016297330207365,0,3,0,3,0.0,0.9801980198019802,1.0,7.0,No aggregate reversal under this configuration.,1082
KIN001-055,0.02020177059964524,0,1,0,1,0.0,0.9801980198019802,1.0,5.0,No aggregate reversal under this configuration.,1083
BRD-K96405393,0.020292484041840492,0,1,0,1,0.0,0.9405940594059405,1.0,6.0,No aggregate reversal under this configuration.,1084
abt-751,0.020342023961147974,2,6,2,6,0.3333333333333333,1.0,1.0,5.833333333333333,No aggregate reversal under this configuration.,1085
bl-081,0.02061695384966826,0,1,0,1,0.0,0.9405940594059405,1.0,9.0,No aggregate reversal under this configuration.,1086
ruxolitinib,0.020622352754722222,0,2,0,2,0.0,1.0,1.0,5.0,No aggregate reversal under this configuration.,1087
BRD-K94325918,0.02095500449682688,1,7,1,7,0.14285714285714285,1.0,1.0,8.142857142857142,No aggregate reversal under this configuration.,1088
dichlorobenzamil,0.02095825491922903,0,1,0,1,0.0,0.9405940594059405,1.0,5.0,No aggregate reversal under this configuration.,1089
BRD-K88868628,0.020990388574901226,0,1,0,1,0.0,0.9405940594059405,1.0,6.0,No aggregate reversal under this configuration.,1090
bucladesine,0.021124946589001742,0,1,0,1,0.0,0.9801980198019802,1.0,5.0,No aggregate reversal under this configuration.,1091
BRD-K19295594,0.02112572038062018,0,3,0,3,0.0,0.9900990099009901,1.0,7.666666666666667,No aggregate reversal under this configuration.,1092
CP466722,0.02128069495583424,2,6,2,6,0.3333333333333333,1.0,1.0,6.0,No aggregate reversal under this configuration.,1093
methoxsalen,0.021288854497625517,0,1,0,1,0.0,0.9801980198019802,1.0,5.0,No aggregate reversal under this configuration.,1094
yk 4-279,0.02150476247608887,0,1,0,1,0.0,0.9801980198019802,1.0,7.0,No aggregate reversal under this configuration.,1095
"androsta-1,4-dien-3,17-dione",0.021664865380802464,0,1,0,1,0.0,0.8811881188118812,1.0,6.0,No aggregate reversal under this configuration.,1096
nsc 663284,0.021731459880417477,0,1,0,1,0.0,0.9108910891089109,1.0,6.0,No aggregate reversal under this configuration.,1097
BRD-K86899078,0.02193382252355537,0,2,0,2,0.0,0.9900990099009901,1.0,5.5,No aggregate reversal under this configuration.,1098
niguldipine,0.02196703637341192,1,3,1,3,0.3333333333333333,0.9702970297029703,1.0,6.0,No aggregate reversal under this configuration.,1099
bo2 (inhibits rad51),0.022433373079906494,1,3,1,3,0.3333333333333333,0.9801980198019802,1.0,7.0,No aggregate reversal under this configuration.,1100
clofarabine,0.022490430523934124,0,2,0,2,0.0,0.9702970297029703,1.0,5.5,No aggregate reversal under this configuration.,1101
SYK-inhibitor,0.0225427499315673,0,6,0,6,0.0,1.0,1.0,5.833333333333333,No aggregate reversal under this configuration.,1102
ncgc00185837-02,0.022753495694170373,0,1,0,1,0.0,0.9801980198019802,1.0,7.0,No aggregate reversal under this configuration.,1103
rs 17053 hydrochloride,0.022851771688787118,1,3,1,3,0.3333333333333333,1.0,1.0,7.0,No aggregate reversal under this configuration.,1104
ncgc00184834-01,0.02288585463629724,0,2,0,2,0.0,0.9900990099009901,1.0,5.5,No aggregate reversal under this configuration.,1105
cvf-csc-7 brd-a32595718,0.022949385041950838,0,1,0,1,0.0,0.9702970297029703,1.0,5.0,No aggregate reversal under this configuration.,1106
at-csc-18 brd-k01121114,0.02308691586981328,0,1,0,1,0.0,0.9702970297029703,1.0,5.0,No aggregate reversal under this configuration.,1107
ncgc00167097-01,0.02324854695802015,0,1,0,1,0.0,1.0,1.0,5.0,No aggregate reversal under this configuration.,1108
BRD-K26664453,0.023385678060629213,2,6,2,6,0.3333333333333333,1.0,1.0,6.333333333333333,No aggregate reversal under this configuration.,1109
BRD-K39944607,0.023468569833174167,1,4,1,4,0.25,1.0,1.0,5.0,No aggregate reversal under this configuration.,1110
"chrysene-1,4-quinone",0.023571573168582112,0,1,0,1,0.0,0.9603960396039604,1.0,6.0,No aggregate reversal under this configuration.,1111
cgs 9343b,0.02383346644011349,0,1,0,1,0.0,0.9603960396039604,1.0,6.0,No aggregate reversal under this configuration.,1112
ncgc00182371-01,0.023835338916004638,0,2,0,2,0.0,0.9900990099009901,1.0,6.0,No aggregate reversal under this configuration.,1113
dppe fumarate,0.023903445138933034,0,1,0,1,0.0,1.0,1.0,5.0,No aggregate reversal under this configuration.,1114
BRD-A84102390,0.024014476466127702,0,1,0,1,0.0,0.9405940594059405,1.0,6.0,No aggregate reversal under this configuration.,1115
zk 164015,0.024102148791153258,0,3,0,3,0.0,0.9900990099009901,1.0,5.666666666666667,No aggregate reversal under this configuration.,1116
ciclopirox ethanolamine,0.024125134973419084,0,1,0,1,0.0,0.9801980198019802,1.0,8.0,No aggregate reversal under this configuration.,1117
flucytosine,0.024146061729858757,0,1,0,1,0.0,0.9306930693069307,1.0,5.0,No aggregate reversal under this configuration.,1118
BRD-K83972459,0.024243319432737026,0,1,0,1,0.0,0.9702970297029703,1.0,6.0,No aggregate reversal under this configuration.,1119
methyl benzethonium chloride,0.024322156094121673,0,1,0,1,0.0,0.9504950495049505,1.0,8.0,No aggregate reversal under this configuration.,1120
estradiol,0.024740592279881887,0,1,0,1,0.0,0.9603960396039604,1.0,7.0,No aggregate reversal under this configuration.,1121
rg-14620,0.025090562859598486,0,1,0,1,0.0,0.9801980198019802,1.0,5.0,No aggregate reversal under this configuration.,1122
BRD-U25771771,0.025116754128139303,0,2,0,2,0.0,1.0,1.0,6.5,No aggregate reversal under this configuration.,1123
ncgc00185090-03,0.02531086120605952,0,2,0,2,0.0,1.0,1.0,7.0,No aggregate reversal under this configuration.,1124
flecainide acetate,0.025713490924290153,0,1,0,1,0.0,1.0,1.0,6.0,No aggregate reversal under this configuration.,1125
BRD-K14788918,0.025939684224447236,0,1,0,1,0.0,0.9603960396039604,1.0,7.0,No aggregate reversal under this configuration.,1126
hts 10859,0.025986085661419106,0,1,0,1,0.0,1.0,1.0,5.0,No aggregate reversal under this configuration.,1127
BRD-K31851742,0.02628755343634089,0,1,0,1,0.0,0.9405940594059405,1.0,5.0,No aggregate reversal under this configuration.,1128
tl hras24 brd-k93060291,0.026400693319662397,0,2,0,2,0.0,1.0,1.0,6.0,No aggregate reversal under this configuration.,1129
BRD-K52678950,0.02648537430895933,0,1,0,1,0.0,1.0,1.0,5.0,No aggregate reversal under this configuration.,1130
nsc 23766,0.026489556249628076,0,3,0,3,0.0,1.0,1.0,5.333333333333333,No aggregate reversal under this configuration.,1131
BRD-K35424586,0.026790688797220335,0,1,0,1,0.0,0.9702970297029703,1.0,8.0,No aggregate reversal under this configuration.,1132
mefenamic acid,0.026852181918556723,0,1,0,1,0.0,0.9702970297029703,1.0,5.0,No aggregate reversal under this configuration.,1133
atorvastatin,0.02685793589135213,0,1,0,1,0.0,0.9603960396039604,1.0,6.0,No aggregate reversal under this configuration.,1134
rg 108,0.027066398766185905,0,1,0,1,0.0,0.9900990099009901,1.0,6.0,No aggregate reversal under this configuration.,1135
anpirtoline hydrochloride,0.0271128168603736,0,1,0,1,0.0,1.0,1.0,6.0,No aggregate reversal under this configuration.,1136
"ici-162,846",0.02715956366414789,0,1,0,1,0.0,0.9702970297029703,1.0,9.0,No aggregate reversal under this configuration.,1137
api-2,0.027217159338651317,0,4,0,4,0.0,1.0,1.0,6.0,No aggregate reversal under this configuration.,1138
BRD-K81795824,0.027350540563830482,0,2,0,2,0.0,1.0,1.0,5.0,No aggregate reversal under this configuration.,1139
dmeob,0.02743447653511849,0,1,0,1,0.0,1.0,1.0,5.0,No aggregate reversal under this configuration.,1140
OSI-930,0.0274507510885016,0,1,0,1,0.0,0.9702970297029703,1.0,8.0,No aggregate reversal under this configuration.,1141
bw-b 70c,0.02752767943974797,0,1,0,1,0.0,0.9900990099009901,1.0,6.0,No aggregate reversal under this configuration.,1142
BRD-K83151319,0.02758423220707279,0,1,0,1,0.0,1.0,1.0,6.0,No aggregate reversal under this configuration.,1143
ml 3163,0.027639663287571992,0,1,0,1,0.0,0.9801980198019802,1.0,8.0,No aggregate reversal under this configuration.,1144
isoeugenitol,0.027684889739763314,0,1,0,1,0.0,1.0,1.0,7.0,No aggregate reversal under this configuration.,1145
brazilin,0.027714951397209083,1,3,1,3,0.3333333333333333,0.9900990099009901,1.0,7.333333333333333,No aggregate reversal under this configuration.,1146
sodium dehydrocholate,0.027974601142455348,0,1,0,1,0.0,0.9900990099009901,1.0,5.0,No aggregate reversal under this configuration.,1147
ncgc00182393-01,0.028490495267428726,0,1,0,1,0.0,1.0,1.0,5.0,No aggregate reversal under this configuration.,1148
BRD-K01436366,0.0285201670407863,0,1,0,1,0.0,1.0,1.0,5.0,No aggregate reversal under this configuration.,1149
progesterone,0.028709729780051915,0,1,0,1,0.0,0.9900990099009901,1.0,5.0,No aggregate reversal under this configuration.,1150
BRD-K07005393,0.028725207982062385,0,1,0,1,0.0,0.9900990099009901,1.0,8.0,No aggregate reversal under this configuration.,1151
BRD-K48950795,0.02885409925347101,0,1,0,1,0.0,1.0,1.0,6.0,No aggregate reversal under this configuration.,1152
bl-077,0.02901352437796565,0,1,0,1,0.0,0.9801980198019802,1.0,6.0,No aggregate reversal under this configuration.,1153
5-nonyloxytryptamine,0.029064225932563994,0,1,0,1,0.0,0.9900990099009901,1.0,8.0,No aggregate reversal under this configuration.,1154
GSK-3-inhibitor-II,0.02918163224044672,0,1,0,1,0.0,1.0,1.0,6.0,No aggregate reversal under this configuration.,1155
BRD-K67090983,0.029365248499766634,0,1,0,1,0.0,1.0,1.0,6.0,No aggregate reversal under this configuration.,1156
BRD-K52080565,0.029436410668163795,0,1,0,1,0.0,0.9603960396039604,1.0,6.0,No aggregate reversal under this configuration.,1157
dl-pdmp,0.029629849291747414,0,6,0,6,0.0,1.0,1.0,8.166666666666666,No aggregate reversal under this configuration.,1158
finasteride,0.02979985224349443,0,1,0,1,0.0,0.9702970297029703,1.0,5.0,No aggregate reversal under this configuration.,1159
ly 225910,0.030084339612471797,0,1,0,1,0.0,0.9900990099009901,1.0,5.0,No aggregate reversal under this configuration.,1160
sch 58261,0.030355970337996804,0,1,0,1,0.0,0.9900990099009901,1.0,6.0,No aggregate reversal under this configuration.,1161
naltrexone hydrochloride,0.0307037413535172,0,1,0,1,0.0,1.0,1.0,6.0,No aggregate reversal under this configuration.,1162
BRD-K79382620,0.03109331841323669,0,1,0,1,0.0,0.9900990099009901,1.0,8.0,No aggregate reversal under this configuration.,1163
gw 5074,0.03118617587445521,0,1,0,1,0.0,1.0,1.0,6.0,No aggregate reversal under this configuration.,1164
hy-10992,0.03200968512930552,0,2,0,2,0.0,0.9900990099009901,1.0,5.5,No aggregate reversal under this configuration.,1165
imatinib,0.03212847632376854,0,1,0,1,0.0,1.0,1.0,6.0,No aggregate reversal under this configuration.,1166
ncgc00185087-01,0.032264531019385256,0,1,0,1,0.0,0.9306930693069307,1.0,8.0,No aggregate reversal under this configuration.,1167
gr-105,0.032613052115369766,0,1,0,1,0.0,1.0,1.0,7.0,No aggregate reversal under this configuration.,1168
TPCA-1,0.03277056600005907,1,5,1,5,0.2,1.0,1.0,6.0,No aggregate reversal under this configuration.,1169
artesunate,0.033778203101954646,0,2,0,2,0.0,0.9900990099009901,1.0,6.5,No aggregate reversal under this configuration.,1170
prednisolone,0.03404494720559567,0,1,0,1,0.0,1.0,1.0,9.0,No aggregate reversal under this configuration.,1171
pentobarbital,0.03440154770718712,0,1,0,1,0.0,1.0,1.0,5.0,No aggregate reversal under this configuration.,1172
BRD-A11087911,0.03476683939089118,0,1,0,1,0.0,0.9900990099009901,1.0,5.0,No aggregate reversal under this configuration.,1173
zileuton,0.03495713500424465,0,1,0,1,0.0,0.9801980198019802,1.0,6.0,No aggregate reversal under this configuration.,1174
BRD-K74486276,0.0350177377905189,0,1,0,1,0.0,1.0,1.0,5.0,No aggregate reversal under this configuration.,1175
BRD-K38625260,0.03546049931727437,0,1,0,1,0.0,1.0,1.0,5.0,No aggregate reversal under this configuration.,1176
BRD-K65955264,0.03606339418989931,0,1,0,1,0.0,0.9900990099009901,1.0,8.0,No aggregate reversal under this configuration.,1177
BRD-K25731886,0.03606753939404871,0,1,0,1,0.0,0.9900990099009901,1.0,6.0,No aggregate reversal under this configuration.,1178
CHIR-99021,0.036419716200122514,2,7,2,7,0.2857142857142857,1.0,1.0,6.142857142857143,No aggregate reversal under this configuration.,1179
BRD-K28366633,0.03766504476601863,0,1,0,1,0.0,0.9801980198019802,1.0,6.0,No aggregate reversal under this configuration.,1180
BRD-K35004659,0.03832712939106273,0,1,0,1,0.0,1.0,1.0,8.0,No aggregate reversal under this configuration.,1181
acitretin,0.03882866080261961,0,1,0,1,0.0,1.0,1.0,5.0,No aggregate reversal under this configuration.,1182
BRD-K99633092,0.04016153453775573,0,1,0,1,0.0,1.0,1.0,6.0,No aggregate reversal under this configuration.,1183
meloxicam sodium,0.04151046113396087,0,1,0,1,0.0,1.0,1.0,6.0,No aggregate reversal under this configuration.,1184
darinaparsin,0.04320439818586076,0,1,0,1,0.0,1.0,1.0,8.0,No aggregate reversal under this configuration.,1185
