compound,configurations_present,top_k_frequency,evaluated_configurations,mean_rank,rank_sd,baseline,relaxed,stringent,multi-context
trametinib,4,4,4,2.25,1.299038105676658,1.0,4,3.0,1.0
AZD-8330,4,4,4,3.25,1.299038105676658,4.0,1,4.0,4.0
gefitinib,4,4,4,5.25,3.6996621467371855,2.0,11,6.0,2.0
foretinib,4,4,4,6.75,3.2691742076555053,6.0,3,12.0,6.0
PLX-4720,4,4,4,7.0,4.06201920231798,3.0,12,10.0,3.0
palbociclib,4,4,4,7.0,5.338539126015656,5.0,2,16.0,5.0
vemurafenib,4,4,4,11.75,4.656984002549289,17.0,10,5.0,15.0
PD-0325901,4,4,4,13.0,3.082207001484488,10.0,17,15.0,10.0
UNC0638,4,3,4,15.0,13.285330255586423,7.0,38,8.0,7.0
AZ-628,4,3,4,16.25,7.495832175282475,18.0,5,26.0,16.0
BMS509744,4,3,4,20.75,22.083647796503186,8.0,8,59.0,8.0
selumetinib,4,3,4,22.75,20.351596988934308,11.0,58,11.0,11.0
NU-7441,4,3,4,24.25,17.440971876589906,20.0,6,53.0,18.0
neratinib,4,3,4,24.5,15.532224567009067,14.0,20,51.0,13.0
PD-184352,4,3,4,25.25,25.36114153582208,13.0,69,7.0,12.0
barasertib,3,2,4,19.0,9.201449161228174,12.0,13,32.0,
linsitinib,4,2,4,24.5,18.78163997099295,9.0,55,25.0,9.0
SB590885,4,2,4,29.0,15.795568998931314,19.0,56,24.0,17.0
sutent,4,2,4,58.25,44.990971316476376,16.0,84,119.0,14.0
BYL719,4,2,4,103.75,145.06614870465128,22.0,355,18.0,20.0
BRD-K00944562,1,1,4,9.0,0.0,,9,,
vu0420363-1,1,1,4,18.0,0.0,,18,,
erlotinib,4,1,4,23.75,2.8613807855648994,28.0,23,20.0,24.0
NVP-AUY922,4,1,4,28.75,10.473180032826706,32.0,14,43.0,26.0
amoxapine,2,1,4,39.5,32.5,72.0,7,,
LY2603618,4,1,4,41.0,30.87879531328902,21.0,94,30.0,19.0
GDC-0941,4,1,4,42.75,25.77183540223707,37.0,19,86.0,29.0
C646,4,1,4,46.0,34.734708865916815,35.0,16,105.0,28.0
SU-11274,4,1,4,47.75,19.51121472384536,57.0,72,19.0,43.0
HG-14-8-02,4,1,4,49.75,41.96054694591099,45.0,117,2.0,35.0
coumarinic acid methyl ether,2,1,4,69.0,54.0,123.0,15,,
dovitinib,4,1,4,70.75,37.23153904957462,89.0,115,14.0,65.0
XMD11-85H,4,1,4,94.0,124.7497494987465,26.0,310,17.0,23.0
TGX-221,4,1,4,170.25,163.20137101139807,147.0,438,1.0,95.0
bosutinib,2,1,4,187.0,172.0,15.0,359,,
ponatinib,4,1,4,356.0,291.4335258682501,401.0,800,9.0,214.0
KIN001-220,4,1,4,629.5,616.1888914935095,569.0,1641,13.0,295.0
WZ-4-145,4,0,4,26.5,5.545268253204709,24.0,24,36.0,22.0
ncgc00182353-01,2,0,4,29.0,1.0,30.0,28,,
ei-231,1,0,4,31.0,0.0,,31,,
NVP-TAE684,4,0,4,31.25,16.618889854620253,23.0,60,21.0,21.0
3-deoxydenosine,1,0,4,32.0,0.0,,32,,
pd 166793,1,0,4,33.0,0.0,,33,,
BRD-K37043259,1,0,4,34.0,0.0,,34,,
oxybenzone,1,0,4,35.0,0.0,,35,,
s1173,2,0,4,35.5,14.5,50.0,21,,
GSK-1070916,4,0,4,37.5,11.521718621802913,38.0,26,56.0,30.0
riluzole hydrochloride,1,0,4,39.0,0.0,,39,,
XMD-1150,4,0,4,39.5,9.962429422585638,43.0,54,28.0,33.0
rs 504393,1,0,4,41.0,0.0,,41,,
BRD-K45114207,1,0,4,45.0,0.0,,45,,
vesamicol,1,0,4,46.0,0.0,,46,,
deoxycorticosterone,1,0,4,49.0,0.0,,49,,
vandetanib,4,0,4,51.0,14.866068747318506,42.0,70,60.0,32.0
PHA-793887,4,0,4,51.75,29.14939965076468,34.0,101,45.0,27.0
BRD-A57107094,3,0,4,52.0,20.607442021431645,48.0,29,79.0,
crizotinib,4,0,4,52.0,21.66794868002045,44.0,89,41.0,34.0
nintedanib,4,0,4,52.0,25.16942589730644,40.0,95,42.0,31.0
NVP-AEW541,4,0,4,53.0,6.363961030678928,56.0,57,57.0,42.0
ketanserin tartrate hydrate,2,0,4,53.0,0.0,53.0,53,,
XMD-885,4,0,4,53.25,19.40843888621648,69.0,22,70.0,52.0
NVP-TAE226,4,0,4,54.5,18.255136263528684,52.0,42,85.0,39.0
AS-605240,4,0,4,56.5,36.01735692690401,31.0,116,54.0,25.0
TG-101348,4,0,4,56.5,23.77498685593748,46.0,97,47.0,36.0
AST1306,3,0,4,58.333333333333336,13.097921802925667,75.0,43,,57.0
AZD-6482,3,0,4,60.333333333333336,14.383632673594278,58.0,79,,44.0
BRD-K83336168,1,0,4,61.0,0.0,,61,,
BRD-K87964538,1,0,4,63.0,0.0,,63,,
HG-5-88-01,4,0,4,65.75,20.07952937695503,64.0,52,99.0,48.0
BRD-K65242613,1,0,4,66.0,0.0,,66,,
GSK-2126458,4,0,4,66.0,32.14031735997639,55.0,47,121.0,41.0
GSK-J2,1,0,4,68.0,0.0,,68,,
tripelennamine citrate,2,0,4,68.5,43.5,112.0,25,,
HG-6-64-01,4,0,4,70.5,31.941352507368876,49.0,121,74.0,38.0
BS-181,1,0,4,71.0,0.0,,71,,
KIN001-244,3,0,4,73.0,33.7441352929167,85.0,27,107.0,
lapatinib,4,0,4,74.5,21.406774628607646,70.0,65,110.0,53.0
BRD-K32536677,1,0,4,76.0,0.0,,76,,
articaine hydrochloride,1,0,4,77.0,0.0,,77,,
formoterol hemifumarate,2,0,4,79.5,39.5,119.0,40,,
t5715534,1,0,4,80.0,0.0,,80,,
radicicol,4,0,4,80.75,69.53551250979604,47.0,201,38.0,37.0
PI-103,4,0,4,83.0,38.6975451417787,59.0,82,146.0,45.0
BRD-K13810148,2,0,4,84.0,33.0,117.0,51,,
fenbufen,1,0,4,85.0,0.0,,85,,
sb 415286,1,0,4,86.0,0.0,,86,,
WH-4-025,4,0,4,86.5,72.88861365124185,61.0,211,27.0,47.0
tamoxifen citrate,2,0,4,87.5,0.5,88.0,87,,
ZSTK-474,4,0,4,88.0,27.649593125396983,71.0,126,101.0,54.0
vitexin,1,0,4,88.0,0.0,,88,,
AT7867,4,0,4,89.5,25.927784324928346,80.0,131,87.0,60.0
ncgc00188531-01,2,0,4,89.5,39.5,129.0,50,,
JW-7-24-1,4,0,4,90.25,21.602951187279945,111.0,111,61.0,78.0
tozasertib,4,0,4,90.75,47.94984358681475,65.0,172,77.0,49.0
BRD-K53461563,2,0,4,91.0,24.0,115.0,67,,
afatinib,4,0,4,91.75,38.54461700419398,83.0,157,66.0,61.0
BRD-K78633253,1,0,4,92.0,0.0,,92,,
ncgc00012272-02,1,0,4,93.0,0.0,,93,,
HG-9-91-01,4,0,4,93.25,38.661188548724155,104.0,150,46.0,73.0
sb 200646 hydrochloride,3,0,4,93.33333333333333,49.91548412622635,152.0,30,,98.0
lanatoside c,3,0,4,94.0,38.27096375408734,77.0,147,58.0,
PIK-93,4,0,4,94.75,31.32391259086259,87.0,81,147.0,64.0
HG-14-10-04,4,0,4,95.5,22.20923231451281,93.0,91,130.0,68.0
brivanib,1,0,4,96.0,0.0,,96,,
saquinavir mesylate,1,0,4,98.0,0.0,,98,,
riboflavine,1,0,4,99.0,0.0,,99,,
OSI-027,4,0,4,99.25,25.073641538476217,90.0,106,135.0,66.0
BRD-K88742110,2,0,4,99.5,63.5,163.0,36,,
PF-477736,4,0,4,99.5,61.58530668917709,79.0,205,55.0,59.0
methyltestosterone,1,0,4,100.0,0.0,,100,,
bms 191011,2,0,4,101.0,37.0,138.0,64,,
colchicine,1,0,4,102.0,0.0,,102,,
BRD-K34968258,1,0,4,103.0,0.0,,103,,
canertinib,4,0,4,103.0,48.026034606242476,110.0,177,48.0,77.0
serdemetan,3,0,4,103.33333333333333,98.7803399242762,36.0,243,31.0,
BRD-K89009594,1,0,4,104.0,0.0,,104,,
fenofibrate,2,0,4,104.0,42.0,146.0,62,,
BRD-K91701654,1,0,4,105.0,0.0,,105,,
flurofamide,2,0,4,107.5,63.5,171.0,44,,
BRD-K14704318,1,0,4,108.0,0.0,,108,,
ly 288513,2,0,4,108.0,16.0,92.0,124,,
QL-XI-92,4,0,4,108.25,67.49953703544936,54.0,130,209.0,40.0
geldanamycin,4,0,4,108.75,82.80813667750289,86.0,249,37.0,63.0
BRD-K26300881,1,0,4,110.0,0.0,,110,,
BRD-K34711351,1,0,4,112.0,0.0,,112,,
p1075,2,0,4,112.0,38.0,150.0,74,,
scoulerine,2,0,4,112.5,7.5,105.0,120,,
dasatinib,4,0,4,112.75,46.44553261617311,91.0,190,103.0,67.0
ncgc00183406-01,1,0,4,113.0,0.0,,113,,
CX-5461,4,0,4,113.5,68.824051028692,66.0,226,112.0,50.0
MGCD-265,2,0,4,113.5,84.5,29.0,198,,
BRD-K72307842,1,0,4,114.0,0.0,,114,,
metaxalone,2,0,4,114.0,19.0,95.0,133,,
dabrafenib,4,0,4,114.75,32.01074038506451,122.0,164,90.0,83.0
dirithromycin,1,0,4,118.0,0.0,,118,,
nnc 711,1,0,4,119.0,0.0,,119,,
JWE-035,4,0,4,119.75,98.73797395126152,84.0,289,44.0,62.0
PHA-665752,4,0,4,121.0,41.934472692523514,94.0,176,145.0,69.0
CP-724714,4,0,4,121.25,89.14139049846598,107.0,269,34.0,75.0
cabozantinib,4,0,4,121.25,60.35882288447978,73.0,153,204.0,55.0
AZD4547,4,0,4,121.75,39.47388377142538,132.0,182,84.0,89.0
BRD-A43087975,1,0,4,123.0,0.0,,123,,
AKT-inhibitor-1-2,4,0,4,123.75,110.3185727790203,60.0,75,314.0,46.0
NVP-BEZ235,4,0,4,124.0,62.74551776820397,101.0,231,93.0,71.0
tanespimycin,4,0,4,125.0,41.12177038990418,106.0,186,134.0,74.0
TWS-119,4,0,4,125.5,73.25810535360576,124.0,244,50.0,84.0
mls-0390843.0001,1,0,4,127.0,0.0,,127,,
linolenic acid (18:3 n-3),1,0,4,128.0,0.0,,128,,
WZ-4002,4,0,4,128.5,39.27785635698567,180.0,78,150.0,106.0
GDC-0980,4,0,4,128.75,32.383444844549814,120.0,146,168.0,81.0
w-13 hydrochloride,1,0,4,129.0,0.0,,129,,
fluvoxamine maleate,2,0,4,131.5,28.5,103.0,160,,
BRD-A68739437,1,0,4,132.0,0.0,,132,,
PF-3758309,4,0,4,133.0,68.9129886160802,102.0,250,108.0,72.0
BMS-777607,1,0,4,134.0,0.0,,134,,
AZD-8055,4,0,4,135.0,37.36977388210959,128.0,135,191.0,86.0
clobenpropit dihydrobromide,1,0,4,136.0,0.0,,136,,
BRD-A12083771,1,0,4,137.0,0.0,,137,,
methoprene acid,1,0,4,138.0,0.0,,138,,
sulfaquinoxaline sodium salt,1,0,4,139.0,0.0,,139,,
amodiaquin dihydrochloride dihydrate,1,0,4,140.0,0.0,,140,,
BRD-K69888333,1,0,4,142.0,0.0,,142,,
inca-6,1,0,4,143.0,0.0,,143,,
mitoxantrone,4,0,4,143.0,56.52875374532858,161.0,227,82.0,102.0
BRD-K28916077,3,0,4,149.33333333333334,82.12727250365063,108.0,264,,76.0
ncgc00183690-01,2,0,4,149.5,23.5,126.0,173,,
BRD-K68202742 (trichostatin a),4,0,4,149.75,58.67441946879406,151.0,245,106.0,97.0
MK-2206,4,0,4,150.0,44.51404272810997,130.0,184,199.0,87.0
WYE-125132,4,0,4,151.25,43.50502844499702,139.0,210,166.0,90.0
BRD-K57732441,1,0,4,152.0,0.0,,152,,
torin-1,4,0,4,152.5,41.847939017351855,153.0,216,142.0,99.0
garcinol,1,0,4,154.0,0.0,,154,,
YM-201636,4,0,4,154.5,58.1743070435738,131.0,247,152.0,88.0
felamidin,2,0,4,154.5,3.5,158.0,151,,
BRD-K81538844,1,0,4,156.0,0.0,,156,,
bp 554 maleate,2,0,4,156.0,97.0,253.0,59,,
jlk 6,2,0,4,158.5,0.5,159.0,158,,
norgestimate,1,0,4,159.0,0.0,,159,,
ethinyl estradiol,1,0,4,161.0,0.0,,161,,
skf 96365 hydrochloride,1,0,4,162.0,0.0,,162,,
cilostamide,2,0,4,162.5,53.5,216.0,109,,
BI-2536,4,0,4,162.75,106.22470287084826,141.0,342,76.0,92.0
BRD-K08463963,2,0,4,163.5,80.5,244.0,83,,
kuc104135 kuc104135n,3,0,4,164.0,81.62107570964744,271.0,73,,148.0
BRD-K14844937,2,0,4,164.5,9.5,174.0,155,,
BRD-K12393722,1,0,4,166.0,0.0,,166,,
"l-750,667",1,0,4,167.0,0.0,,167,,
hydrocortisone phosphate triethylamine,1,0,4,168.0,0.0,,168,,
entinostat,4,0,4,169.0,96.42354484253315,178.0,322,71.0,105.0
ncgc00184716-01,1,0,4,169.0,0.0,,169,,
BRD-K45044657,1,0,4,170.0,0.0,,170,,
indirubin-3?-monoxime,2,0,4,170.5,89.5,81.0,260,,
BRD-A98444709,1,0,4,171.0,0.0,,171,,
ei-155,3,0,4,171.0,40.307154038292836,199.0,200,,114.0
pyrvinium pamoate,2,0,4,171.0,3.0,168.0,174,,
BRD-K88708949,2,0,4,171.5,16.5,155.0,188,,
BRD-K83670234,4,0,4,171.75,51.601235450326186,233.0,212,113.0,129.0
BRD-K54256913,4,0,4,173.5,46.20876540224809,184.0,163,238.0,109.0
lfm-a12,2,0,4,173.5,136.5,310.0,37,,
KIN001-127,4,0,4,177.5,107.72534520715169,127.0,361,137.0,85.0
BRD-K47448802,1,0,4,178.0,0.0,,178,,
baccatin iii,1,0,4,179.0,0.0,,179,,
gw 583340 dihydrochloride,3,0,4,179.33333333333334,42.05023450852828,224.0,191,,123.0
I-BET,4,0,4,180.25,94.21086720755733,162.0,339,117.0,103.0
albendazole,1,0,4,181.0,0.0,,181,,
INK-128,4,0,4,181.25,88.03798895931233,145.0,328,158.0,94.0
BRD-K45542213,1,0,4,183.0,0.0,,183,,
alaproclate,2,0,4,183.0,14.0,169.0,197,,
GSK-1904529A,4,0,4,184.5,125.5,176.0,391,67.0,104.0
doxycycline,1,0,4,187.0,0.0,,187,,
(+)-JQ1,4,0,4,187.5,195.89474214485696,74.0,526,94.0,56.0
BRD-K26304855,3,0,4,190.0,87.52523445650783,160.0,309,,101.0
BRD-K19922318,1,0,4,192.0,0.0,,192,,
belinostat,4,0,4,193.0,121.0826164236634,154.0,400,118.0,100.0
propyl-beta-carboline-3-carboxylate,1,0,4,193.0,0.0,,193,,
quetiapine,1,0,4,196.0,0.0,,196,,
BRD-K79222491,4,0,4,196.75,55.881011980815096,248.0,144,257.0,138.0
ki 8751,3,0,4,197.0,47.69346566005312,259.0,189,,143.0
olaparib,3,0,4,198.33333333333334,81.24995726494602,182.0,305,,108.0
BRD-K41557448,2,0,4,199.0,19.0,218.0,180,,
BRD-K53816294,1,0,4,199.0,0.0,,199,,
amcinonide,2,0,4,201.0,64.0,137.0,265,,
mdl-28170,1,0,4,202.0,0.0,,202,,
BRD-K27484191,2,0,4,203.0,178.0,25.0,381,,
sappanone a trimethyl ether,1,0,4,203.0,0.0,,203,,
terconazole,2,0,4,203.0,78.0,281.0,125,,
BRD-K75128590,1,0,4,204.0,0.0,,204,,
mead ethanolamide,2,0,4,205.5,98.5,304.0,107,,
"tyrphostin b44, (+) enantiomer",1,0,4,206.0,0.0,,206,,
doramapimod,2,0,4,207.0,35.0,172.0,242,,
metoprolol tartrate,1,0,4,207.0,0.0,,207,,
SAR-245408,4,0,4,207.25,85.43820866567837,210.0,344,157.0,118.0
thimerosal,1,0,4,208.0,0.0,,208,,
AZD-7762,4,0,4,209.0,194.83967768398716,140.0,543,62.0,91.0
mls-0425618,1,0,4,209.0,0.0,,209,,
thiethylperazine dimalate,2,0,4,211.5,70.5,282.0,141,,
beclomethasone,1,0,4,213.0,0.0,,213,,
fostamatinib,4,0,4,213.5,91.72922108030788,219.0,360,155.0,120.0
BRD-K89224880,2,0,4,214.0,81.0,133.0,295,,
rocilinostat,4,0,4,214.75,280.3367394759381,68.0,700,40.0,51.0
bvt 948,3,0,4,215.33333333333334,51.13598428591053,270.0,229,,147.0
calyculin a,2,0,4,215.5,21.5,194.0,237,,
clocortolone pivalate,3,0,4,216.0,224.89701346764627,62.0,534,52.0,
BRD-K52522949,2,0,4,216.5,41.5,258.0,175,,
SB-203580,1,0,4,217.0,0.0,,217,,
alvocidib,4,0,4,217.75,121.20102103530316,197.0,421,140.0,113.0
zd 2079 hydrochloride,1,0,4,218.0,0.0,,218,,
s1028,1,0,4,220.0,0.0,,220,,
XMD-892,4,0,4,220.25,219.89130837757094,121.0,600,78.0,82.0
TAK-715,1,0,4,221.0,0.0,,221,,
quinine hemisulfate salt monohydrate,4,0,4,221.0,53.27288240746881,245.0,225,279.0,135.0
fomepizole,1,0,4,222.0,0.0,,222,,
pracinostat,4,0,4,222.75,199.3142932656863,143.0,566,89.0,93.0
"ici-185,282",2,0,4,227.0,40.0,187.0,267,,
BRD-K27630941,2,0,4,228.0,92.0,136.0,320,,
ncgc00242557-01,1,0,4,228.0,0.0,,228,,
zm 323881 hydrochloride,1,0,4,230.0,0.0,,230,,
kenpaullone,3,0,4,230.66666666666666,206.36752543836823,100.0,522,,70.0
BRD-K09854848,3,0,4,231.33333333333334,106.55932098549093,205.0,373,,116.0
pyrazolanthrone,2,0,4,231.5,45.5,186.0,277,,
hy-11004,1,0,4,232.0,0.0,,232,,
XMD16-144,4,0,4,232.5,116.27875988330801,247.0,417,129.0,137.0
karakoline,1,0,4,233.0,0.0,,233,,
KW-2449,3,0,4,233.33333333333334,245.68317447929198,99.0,578,23.0,
fluticasone propionate,2,0,4,233.5,45.5,188.0,279,,
alfacalcidol,1,0,4,234.0,0.0,,234,,
BRD-K79390395,2,0,4,235.0,40.0,275.0,195,,
s1022,1,0,4,235.0,0.0,,235,,
ncs-382,1,0,4,236.0,0.0,,236,,
A66,2,0,4,237.0,204.0,33.0,441,,
hypericin,1,0,4,238.0,0.0,,238,,
praziquantel,1,0,4,240.0,0.0,,240,,
toremifene,1,0,4,241.0,0.0,,241,,
AZ20,4,0,4,241.5,66.20611754211238,311.0,304,182.0,169.0
su 4312,2,0,4,241.5,96.5,338.0,145,,
thm-i-94,4,0,4,241.75,105.1127370968904,243.0,411,179.0,134.0
GSK-690693,4,0,4,243.75,155.88677782288016,149.0,501,229.0,96.0
hoechst  33342 (cell permeable) (bisbenzimide),1,0,4,246.0,0.0,,246,,
torin-2,4,0,4,246.25,209.8468191324329,181.0,605,92.0,107.0
BRD-K69406317,1,0,4,248.0,0.0,,248,,
s1030,3,0,4,250.66666666666666,66.23359335630892,342.0,223,,187.0
BRD-U51951544,4,0,4,252.0,139.22463862405965,300.0,455,91.0,162.0
ncgc00238537-02,1,0,4,252.0,0.0,,252,,
19-norethindrone,1,0,4,253.0,0.0,,253,,
BRD-K16472144,1,0,4,254.0,0.0,,254,,
ftt,3,0,4,254.0,75.18421820213779,279.0,331,,152.0
o-2050,1,0,4,255.0,0.0,,255,,
podophyllotoxin,2,0,4,255.5,16.5,272.0,239,,
ncgc00241726-01,1,0,4,256.0,0.0,,256,,
gr-231,1,0,4,259.0,0.0,,259,,
disulfiram,3,0,4,259.3333333333333,116.00095785045148,235.0,412,,131.0
triacsin-c,1,0,4,261.0,0.0,,261,,
pz0013,1,0,4,262.0,0.0,,262,,
sorafenib,4,0,4,262.0,148.61527512338697,242.0,510,163.0,133.0
amiloride hydrochloride dihydrate,1,0,4,263.0,0.0,,263,,
doxorubicin hydrochloride,4,0,4,263.25,135.1469108045019,294.0,471,128.0,160.0
PD-173074,4,0,4,265.0,197.54619712867165,268.0,583,63.0,146.0
ncgc00182327-02,1,0,4,266.0,0.0,,266,,
skf 81297 hydrobromide,1,0,4,268.0,0.0,,268,,
ei-156,4,0,4,269.0,295.33201655086435,118.0,780,98.0,80.0
BRD-K97764662,2,0,4,269.5,43.5,226.0,313,,
bh3i-1,2,0,4,269.5,5.5,264.0,275,,
ub 165 fumarate,1,0,4,270.0,0.0,,270,,
BRD-K15107389,1,0,4,271.0,0.0,,271,,
meclofenamic acid sodium salt monohydrate,2,0,4,271.0,149.0,420.0,122,,
gr-103,3,0,4,271.6666666666667,108.85566386530172,261.0,410,,144.0
gw 7647,4,0,4,272.0,118.4335256589113,252.0,464,231.0,141.0
mls-0437446.0001,1,0,4,272.0,0.0,,272,,
rhamnetin,2,0,4,272.5,58.5,331.0,214,,
BRD-K76042595,1,0,4,273.0,0.0,,273,,
BRD-K81814927,4,0,4,273.75,142.41554514869506,416.0,393,64.0,222.0
h-9 dihydrochloride,1,0,4,274.0,0.0,,274,,
bibr1532,4,0,4,275.5,173.66994558644856,256.0,565,139.0,142.0
troglitazone,1,0,4,276.0,0.0,,276,,
BRD-K23282736,1,0,4,278.0,0.0,,278,,
BRD-K85275009,1,0,4,280.0,0.0,,280,,
fenobam,1,0,4,281.0,0.0,,281,,
BRD-K70251741,2,0,4,281.5,70.5,211.0,352,,
penicillin g potassium,1,0,4,282.0,0.0,,282,,
ncgc00182364-01,1,0,4,283.0,0.0,,283,,
mitoxantrone dihydrochloride,4,0,4,283.25,164.71547437930658,323.0,533,102.0,175.0
fexaramine,1,0,4,284.0,0.0,,284,,
BRD-K49861754,1,0,4,285.0,0.0,,285,,
s1122,3,0,4,285.3333333333333,74.84354050654977,329.0,347,,180.0
verapamil hydrochloride,1,0,4,286.0,0.0,,286,,
nilotinib,4,0,4,286.75,129.35102434847587,340.0,473,148.0,186.0
azd-7545-a,2,0,4,287.0,56.0,231.0,343,,
curcumin,4,0,4,287.0,83.55537086268004,367.0,374,206.0,201.0
mls-0390876,1,0,4,287.0,0.0,,287,,
OTSSP167,4,0,4,287.25,226.41375289500414,277.0,657,65.0,150.0
ncgc00188537-01,1,0,4,288.0,0.0,,288,,
I-BET151,4,0,4,288.5,251.38864333935214,230.0,714,83.0,127.0
l-6307,4,0,4,288.5,205.23340371391788,209.0,639,189.0,117.0
BRD-K61776140,3,0,4,288.6666666666667,69.9348903544496,195.0,308,363.0,
kirromycin,2,0,4,289.5,114.5,175.0,404,,
fk 888,1,0,4,290.0,0.0,,290,,
AZD-5438,4,0,4,290.75,154.71647455911088,303.0,539,156.0,165.0
BRD-K03371390,1,0,4,291.0,0.0,,291,,
JNK-9L,4,0,4,291.0,130.89499608464794,288.0,503,216.0,157.0
h-8,2,0,4,291.0,33.0,324.0,258,,
az 10417808,1,0,4,292.0,0.0,,292,,
bay 11-7821,3,0,4,292.3333333333333,180.328096042248,217.0,541,,119.0
BRD-K66426634,2,0,4,294.0,98.0,196.0,392,,
ncgc00187898-02,1,0,4,294.0,0.0,,294,,
BRD-K77547920,3,0,4,295.3333333333333,108.21686046494274,299.0,426,,161.0
erk inhibitor 11e,1,0,4,296.0,0.0,,296,,
manumycin a,4,0,4,296.25,186.9644016918729,262.0,611,167.0,145.0
s2004,1,0,4,297.0,0.0,,297,,
pelitinib,4,0,4,297.25,235.613428097806,284.0,683,68.0,154.0
BRD-K06405410,1,0,4,299.0,0.0,,299,,
BRD-U43867373,2,0,4,299.5,114.5,414.0,185,,
ossk 645683,1,0,4,300.0,0.0,,300,,
paclitaxel,1,0,4,302.0,0.0,,302,,
isotretinoin,1,0,4,303.0,0.0,,303,,
ca-074-me,2,0,4,303.5,81.5,222.0,385,,
r2146,3,0,4,304.3333333333333,221.32981924921205,189.0,614,,110.0
gr 113808,1,0,4,306.0,0.0,,306,,
tws119,4,0,4,306.0,296.1967251675818,223.0,810,69.0,122.0
A443654,4,0,4,307.75,153.73251933146742,321.0,554,183.0,173.0
hy-10459,4,0,4,309.0,156.15216937333915,328.0,557,172.0,179.0
CH5424802,3,0,4,309.3333333333333,287.67265347188555,96.0,716,116.0,
jak3 inhibitor i,2,0,4,309.5,40.5,269.0,350,,
CGK-733,3,0,4,310.3333333333333,74.86135332881862,385.0,338,,208.0
ncgc00242279-01,2,0,4,310.5,97.5,213.0,408,,
cgp 37157,2,0,4,311.0,96.0,407.0,215,,
fulvestrant,2,0,4,311.0,3.0,308.0,314,,
BRD-K64606589,4,0,4,311.5,305.1184196340824,250.0,823,33.0,140.0
aceclidine hydrochloride,1,0,4,312.0,0.0,,312,,
t 0901317,2,0,4,312.5,264.5,577.0,48,,
vorinostat,4,0,4,314.25,144.7970562546076,402.0,502,138.0,215.0
amitriptyline hydrochloride,1,0,4,315.0,0.0,,315,,
BIX-01294,4,0,4,316.0,139.0665308404578,278.0,536,299.0,151.0
BRD-K03736784,3,0,4,316.0,196.96361762180004,232.0,588,,128.0
BRD-K17739445,1,0,4,316.0,0.0,,316,,
BRD-K10846167,3,0,4,316.3333333333333,225.58713517298713,183.0,634,132.0,
arvanil,1,0,4,317.0,0.0,,317,,
DCC-2036,4,0,4,317.75,87.37383761744702,334.0,329,426.0,182.0
ncgc00183691-01,1,0,4,318.0,0.0,,318,,
emd 386088 hydrochloride,3,0,4,318.3333333333333,35.216788925485844,307.0,366,282.0,
pha 665752,3,0,4,318.3333333333333,152.16073372880695,359.0,481,115.0,
kuc104487 kuc104487n,1,0,4,319.0,0.0,,319,,
yo-2,3,0,4,320.0,108.27126427019621,260.0,472,228.0,
ciglitazone,3,0,4,320.6666666666667,97.67064838299966,298.0,450,214.0,
BRD-K34387287,1,0,4,321.0,0.0,,321,,
BX-912,4,0,4,322.0,84.33267456923205,430.0,378,250.0,230.0
am 404,1,0,4,323.0,0.0,,323,,
s1003,4,0,4,323.25,284.92926753845416,190.0,814,178.0,111.0
CYT387,4,0,4,323.75,438.405847930887,113.0,1081,22.0,79.0
BRD-A18725729,1,0,4,324.0,0.0,,324,,
BRD-A18411371,1,0,4,325.0,0.0,,325,,
estradiol valerate,2,0,4,325.5,87.5,238.0,413,,
ncgc00182357-01,1,0,4,326.0,0.0,,326,,
BRD-K09299610,1,0,4,327.0,0.0,,327,,
piplartine,4,0,4,327.0,183.29620836231175,336.0,623,165.0,184.0
BRD-A41250203,4,0,4,328.0,114.42683251755246,443.0,440,194.0,235.0
BRD-K55127335,3,0,4,329.0,134.27087050684773,315.0,500,,172.0
BRD-K96704648,1,0,4,330.0,0.0,,330,,
iniparib,2,0,4,331.0,139.0,192.0,470,,
saracatinib,4,0,4,331.75,257.2414964580948,246.0,772,173.0,136.0
BRD-K01896723,4,0,4,332.0,103.36101779684641,380.0,475,266.0,207.0
t3205,1,0,4,332.0,0.0,,332,,
BRD-K88569143,1,0,4,334.0,0.0,,334,,
BRD-K86682249,2,0,4,334.5,178.5,156.0,513,,
nisoldipine,1,0,4,336.0,0.0,,336,,
QL-X-138,4,0,4,337.0,90.82951062292474,399.0,445,291.0,213.0
skf 89976a hydrochloride,1,0,4,337.0,0.0,,337,,
olvanil,3,0,4,338.6666666666667,186.9408700335186,274.0,593,,149.0
hdac6 inhibitor isox,4,0,4,339.5,166.46396006343235,362.0,603,195.0,198.0
regorafenib,4,0,4,339.75,223.08896767881643,301.0,715,180.0,163.0
mibefradil dihydrochloride,2,0,4,340.0,176.0,164.0,516,,
st4049616,1,0,4,340.0,0.0,,340,,
sirolimus,4,0,4,341.25,229.0910026605148,325.0,720,144.0,176.0
BRD-K53903639,4,0,4,341.75,75.91895349647544,409.0,333,404.0,221.0
omeprazole,1,0,4,345.0,0.0,,345,,
BRD-A45657137,2,0,4,345.5,38.5,384.0,307,,
BRD-K95196255,2,0,4,345.5,179.5,166.0,525,,
BRD-K54687541,1,0,4,346.0,0.0,,346,,
BRD-K84450674,2,0,4,348.0,154.0,502.0,194,,
pyrrolidinedithiocarbamate ammonium,1,0,4,348.0,0.0,,348,,
calcipotriol,1,0,4,349.0,0.0,,349,,
angiogenesis inhibitor,2,0,4,350.5,110.5,240.0,461,,
BRD-K57080016,4,0,4,350.75,120.41672433677974,447.0,493,226.0,237.0
ncgc00238536-01,1,0,4,351.0,0.0,,351,,
t542500,3,0,4,351.0,124.1638702145945,526.0,251,,276.0
digitoxin,3,0,4,351.3333333333333,185.4981281726464,293.0,602,,159.0
heliotrine,2,0,4,352.0,270.0,82.0,622,,
BRD-K99616396,1,0,4,353.0,0.0,,353,,
"ici 192,605",1,0,4,354.0,0.0,,354,,
jnj 10191584 maleate,2,0,4,355.0,20.0,375.0,335,,
withaferin-a,4,0,4,355.0,261.68014827265745,280.0,801,186.0,153.0
chelerythrine chloride,4,0,4,355.75,483.57335276046797,76.0,1193,96.0,58.0
BRD-K63511615,1,0,4,356.0,0.0,,356,,
s-8599,2,0,4,356.5,142.5,214.0,499,,
methylstat,4,0,4,357.5,210.9057846527686,354.0,703,181.0,192.0
luteolin,2,0,4,360.0,145.0,215.0,505,,
etomidate,1,0,4,362.0,0.0,,362,,
BRD-K85853281,3,0,4,363.6666666666667,174.37953498682757,322.0,595,,174.0
BRD-A43155244,3,0,4,364.3333333333333,209.53652558815506,286.0,651,,156.0
BRD-K41220170,2,0,4,364.5,274.5,639.0,90,,
bifemelane hydrochloride,1,0,4,365.0,0.0,,365,,
PFI-1,4,0,4,366.5,204.99329257319616,444.0,661,125.0,236.0
BRD-K48803730,1,0,4,367.0,0.0,,367,,
mls-0091943.0001,1,0,4,368.0,0.0,,368,,
pd 198306,4,0,4,368.0,142.68671977447656,426.0,575,243.0,228.0
ikk-3 inhibitor ix,1,0,4,369.0,0.0,,369,,
dau 5884 hydrochloride,2,0,4,369.5,141.5,228.0,511,,
esculin hydrate,1,0,4,370.0,0.0,,370,,
KIN001-265,4,0,4,370.75,177.9190476031164,513.0,569,133.0,268.0
BRD-K51377689,1,0,4,371.0,0.0,,371,,
chelidonine (+),2,0,4,371.5,95.5,276.0,467,,
BRD-K45842176,1,0,4,372.0,0.0,,372,,
ncgc00165188-01,1,0,4,375.0,0.0,,375,,
azacyclonol,1,0,4,376.0,0.0,,376,,
osi-906,2,0,4,376.0,262.0,114.0,638,,
BMS-387032,4,0,4,376.5,259.7426611090292,306.0,818,215.0,167.0
stock2s-84516,1,0,4,377.0,0.0,,377,,
BRD-A50388635,1,0,4,379.0,0.0,,379,,
bd 1063 dihydrochloride,2,0,4,379.0,122.0,501.0,257,,
flufenamic acid,2,0,4,380.0,39.0,419.0,341,,
scriptaid,4,0,4,380.0,228.85912697552615,753.0,148,252.0,367.0
prenylamine lactate,1,0,4,382.0,0.0,,382,,
bisacodyl,2,0,4,382.5,131.5,251.0,514,,
pd 123319 ditrifluoroacetate,1,0,4,383.0,0.0,,383,,
BRD-K24051260,1,0,4,384.0,0.0,,384,,
BRD-K47635719 (dexamethasone acetate),2,0,4,384.5,66.5,318.0,451,,
trazodone hydrochloride,1,0,4,387.0,0.0,,387,,
ncgc00241077-01,2,0,4,387.5,222.5,610.0,165,,
paroxetine,1,0,4,388.0,0.0,,388,,
ncgc00183244-01,1,0,4,390.0,0.0,,390,,
CC-401,3,0,4,390.3333333333333,138.0394468580952,440.0,529,202.0,
daunorubicin hydrochloride,4,0,4,392.75,164.64108691332186,514.0,592,196.0,269.0
BRD-K00954209,1,0,4,394.0,0.0,,394,,
BRD-K56653679,2,0,4,395.0,171.0,566.0,224,,
BRD-U32365159,1,0,4,395.0,0.0,,395,,
BRD-K73418978,1,0,4,396.0,0.0,,396,,
vu0415113-1,1,0,4,397.0,0.0,,397,,
ncgc00241732-01,1,0,4,399.0,0.0,,399,,
mls-0391006,2,0,4,399.5,7.5,392.0,407,,
s1053,3,0,4,399.6666666666667,101.94551921928148,489.0,453,,257.0
stk249718,2,0,4,400.0,235.0,165.0,635,,
BRD-K19624190,1,0,4,401.0,0.0,,401,,
BRD-K71670746,1,0,4,402.0,0.0,,402,,
hy-10518,4,0,4,402.5,344.2749627841095,366.0,971,73.0,200.0
mmpx,2,0,4,402.5,21.5,381.0,424,,
BRD-K11611839,1,0,4,403.0,0.0,,403,,
BRD-K05549170,2,0,4,403.5,287.5,116.0,691,,
BRD-K92470030,1,0,4,405.0,0.0,,405,,
gm6001,2,0,4,405.5,256.5,662.0,149,,
np-006304,1,0,4,406.0,0.0,,406,,
BRD-K01614657,4,0,4,408.5,293.2861230948372,361.0,901,175.0,197.0
podofilox,4,0,4,408.5,269.41278737283426,406.0,848,161.0,219.0
naringenine,1,0,4,409.0,0.0,,409,,
danazol,3,0,4,409.3333333333333,330.5473575080514,229.0,873,,126.0
brefeldin a,4,0,4,410.5,340.9739726137466,343.0,985,126.0,188.0
s1085,2,0,4,411.0,226.0,185.0,637,,
beclomethasone dipropionate,2,0,4,414.5,62.5,352.0,477,,
zaprinast,1,0,4,415.0,0.0,,415,,
BRD-K34508425,1,0,4,416.0,0.0,,416,,
SGI-1776,3,0,4,416.3333333333333,151.55710328307134,424.0,598,,227.0
arachidonyl trifluoro-methyl ketone,4,0,4,416.5,197.63160172401578,451.0,726,251.0,238.0
tivozanib,4,0,4,417.25,158.2266965464425,528.0,616,247.0,278.0
BX-795,3,0,4,417.3333333333333,369.09468824258215,200.0,937,,115.0
s1205,4,0,4,418.0,166.06173550821393,588.0,572,205.0,307.0
tizanidine hcl,1,0,4,418.0,0.0,,418,,
linoleic acid,1,0,4,419.0,0.0,,419,,
BRD-K31342827,4,0,4,420.0,437.44885415325984,312.0,1159,39.0,170.0
BRD-K92158425,3,0,4,420.6666666666667,184.09478235107287,681.0,293,288.0,
BRD-K64857848,3,0,4,421.6666666666667,349.9117349021353,227.0,913,,125.0
am 281,1,0,4,422.0,0.0,,422,,
risperidone,2,0,4,422.0,26.0,396.0,448,,
arg-csc-91,2,0,4,422.5,59.5,482.0,363,,
ei-293,4,0,4,422.5,310.28575539331484,326.0,952,235.0,177.0
triptolide,4,0,4,422.75,300.26436268728264,403.0,918,154.0,216.0
gamma-linolenic acid (18:3 n-6),2,0,4,423.5,221.5,202.0,645,,
nnc 05-2090 hydrochloride,1,0,4,425.0,0.0,,425,,
nizatidine,1,0,4,428.0,0.0,,428,,
as605240,4,0,4,428.5,136.03032750089224,620.0,492,281.0,321.0
BRD-A42737819,1,0,4,429.0,0.0,,429,,
RAF 265,4,0,4,429.25,241.4087560549534,542.0,761,131.0,283.0
opipramol dihydrochloride,1,0,4,430.0,0.0,,430,,
BRD-K39829853,1,0,4,431.0,0.0,,431,,
BRD-K12105018,1,0,4,432.0,0.0,,432,,
BRD-K52911425,1,0,4,433.0,0.0,,433,,
thioproperazine dimesylate,1,0,4,434.0,0.0,,434,,
pp3,1,0,4,436.0,0.0,,436,,
HG-5-113-01,4,0,4,436.75,306.3652844236762,455.0,926,124.0,242.0
BRD-K71172276,1,0,4,437.0,0.0,,437,,
s1176,1,0,4,439.0,0.0,,439,,
GSK-1059615,4,0,4,441.75,270.16881296700404,356.0,898,319.0,194.0
diphenoxylate,1,0,4,442.0,0.0,,442,,
BRD-K17953061,4,0,4,442.5,142.43331773149146,557.0,610,312.0,291.0
s1216,4,0,4,442.75,284.70104934825935,550.0,846,88.0,287.0
buparlisib,4,0,4,443.0,229.46241522306,492.0,798,224.0,258.0
gelsemine,2,0,4,443.0,52.0,391.0,495,,
ml 9 hydrochloride,1,0,4,443.0,0.0,,443,,
mocetinostat,4,0,4,443.25,369.20818991457924,348.0,1071,164.0,190.0
bongkrekic acid,2,0,4,444.0,111.0,333.0,555,,
doxylamine succinate,1,0,4,444.0,0.0,,444,,
piretanide,2,0,4,445.5,226.5,672.0,219,,
BRD-K30381384,1,0,4,446.0,0.0,,446,,
WZ-3105,4,0,4,446.0,312.2058615721364,442.0,955,153.0,234.0
methoxamine hydrochloride,1,0,4,447.0,0.0,,447,,
BRD-K30993697,1,0,4,449.0,0.0,,449,,
BRD-K31856043,2,0,4,449.0,102.0,347.0,551,,
BRD-A60245366,3,0,4,449.3333333333333,284.9331305567832,327.0,843,,178.0
CGP-60474,4,0,4,450.0,233.3420236476919,487.0,817,240.0,256.0
BRD-K72238567,4,0,4,450.25,178.15355034351688,598.0,653,239.0,311.0
BRD-K49010888,3,0,4,451.0,210.45823021841332,741.0,364,248.0,
GSK-461364,4,0,4,451.75,456.2813687846568,225.0,1239,219.0,124.0
s1095,1,0,4,452.0,0.0,,452,,
cyclosporine,3,0,4,453.3333333333333,228.15832709375792,390.0,759,,211.0
dilazep dihydrochloride,2,0,4,453.5,196.5,257.0,650,,
BRD-K77830450 (forskolin),1,0,4,454.0,0.0,,454,,
BRD-A90643929,2,0,4,455.5,41.5,497.0,414,,
tipifarnib-p2,2,0,4,455.5,257.5,198.0,713,,
BRD-K60067222,2,0,4,456.0,88.0,368.0,544,,
BRD-U32049204,1,0,4,456.0,0.0,,456,,
BRD-K58288048,3,0,4,457.0,224.87329765892613,775.0,301,295.0,
ncgc00181736-02,1,0,4,457.0,0.0,,457,,
selinidin,2,0,4,457.5,60.5,397.0,518,,
orphenadrine hydrochloride,1,0,4,458.0,0.0,,458,,
bg fa 0953,1,0,4,459.0,0.0,,459,,
BRD-K15318909,1,0,4,460.0,0.0,,460,,
BRD-K91449330,1,0,4,462.0,0.0,,462,,
BRD-K04923131,2,0,4,463.0,286.0,177.0,749,,
ag 9,1,0,4,463.0,0.0,,463,,
BRD-A11702965,4,0,4,464.0,450.1849619878478,309.0,1236,143.0,168.0
methylene blue,3,0,4,464.0,281.8380149423897,349.0,852,,191.0
closantel,1,0,4,465.0,0.0,,465,,
BRD-K50140147,4,0,4,465.75,214.05767330324787,427.0,813,394.0,229.0
benzamil hydrochloride,1,0,4,466.0,0.0,,466,,
decitabine,3,0,4,467.3333333333333,535.3455789383984,67.0,1224,111.0,
BRD-K56343971,4,0,4,467.75,374.728818614208,346.0,1109,227.0,189.0
BRD-K74989018,1,0,4,468.0,0.0,,468,,
psb 06126,1,0,4,469.0,0.0,,469,,
BRD-K10906552,3,0,4,470.3333333333333,572.643189274283,51.0,1280,80.0,
BRD-K56593336,2,0,4,470.5,72.5,543.0,398,,
mycophenolic acid,2,0,4,471.0,51.0,522.0,420,,
topotecan hcl,2,0,4,471.0,130.0,341.0,601,,
6-azauridine,3,0,4,471.6666666666667,242.7705821460985,446.0,781,188.0,
tyrphostin-AG-1478,2,0,4,472.0,347.0,125.0,819,,
ei-195,3,0,4,473.0,134.62788220374955,656.0,427,,336.0
BRD-K07877311,1,0,4,474.0,0.0,,474,,
BRD-K12762134,2,0,4,474.0,155.0,319.0,629,,
trichostatin a,4,0,4,474.0,236.51532719889423,533.0,836,246.0,281.0
cot-10b,4,0,4,474.5,203.76272966369487,676.0,670,211.0,341.0
tranilast,3,0,4,474.6666666666667,126.8393559673898,646.0,435,343.0,
BRD-K16533489,3,0,4,475.0,161.62508056198044,507.0,655,,263.0
ct-200783,3,0,4,475.3333333333333,254.79054578657787,394.0,820,,212.0
dinaciclib,4,0,4,475.5,303.7873433834925,437.0,983,249.0,233.0
quercetin,1,0,4,476.0,0.0,,476,,
elesclomol,2,0,4,476.5,235.5,241.0,712,,
amuvatinib,3,0,4,476.6666666666667,158.51883869818823,468.0,675,287.0,
AT-7519,4,0,4,477.5,313.9446607286068,452.0,998,221.0,239.0
flavokawain b,1,0,4,478.0,0.0,,478,,
BRD-U00779237,4,0,4,479.0,142.07920326353184,637.0,604,345.0,330.0
mdm2 inhibitor,1,0,4,479.0,0.0,,479,,
BRD-K11072542,1,0,4,480.0,0.0,,480,,
rifapentine,2,0,4,481.0,69.0,412.0,550,,
ym-155,4,0,4,481.5,304.24455623724805,701.0,825,49.0,351.0
baeomycesic acid,1,0,4,482.0,0.0,,482,,
BRD-A43640821,1,0,4,483.0,0.0,,483,,
oxymetazoline hydrochloride,1,0,4,484.0,0.0,,484,,
cefotaxime,1,0,4,485.0,0.0,,485,,
BRD-K06592610,1,0,4,486.0,0.0,,486,,
pq 401,4,0,4,486.5,254.95538825449444,511.0,894,275.0,266.0
kuc104495 kuc104495n,3,0,4,486.6666666666667,221.32981924921205,602.0,681,177.0,
BRD-K41303952,1,0,4,487.0,0.0,,487,,
BRD-K45278408,1,0,4,488.0,0.0,,488,,
ncgc00184830-01,3,0,4,488.3333333333333,261.47317686948736,405.0,842,,218.0
fentiazac,1,0,4,489.0,0.0,,489,,
ag14361,4,0,4,490.25,329.1712130487719,433.0,1044,253.0,231.0
BRD-K53780220,3,0,4,491.0,166.6073227682385,520.0,679,,274.0
BRD-K84091085,1,0,4,491.0,0.0,,491,,
BRD-K71726959,3,0,4,493.6666666666667,286.09710861096715,387.0,885,,209.0
nornicotine,1,0,4,494.0,0.0,,494,,
doxorubicin,4,0,4,494.25,351.7572849281163,484.0,1070,170.0,253.0
ebt or (erichrome black t),1,0,4,496.0,0.0,,496,,
bithionate sodium,4,0,4,496.25,189.7529644037215,545.0,782,374.0,284.0
GSK-2334470,4,0,4,496.5,588.5739120960086,289.0,1504,35.0,158.0
obaa,1,0,4,497.0,0.0,,497,,
digitoxigenin,3,0,4,497.3333333333333,212.57835156844067,473.0,769,,250.0
BRD-K42021584,2,0,4,498.0,178.0,320.0,676,,
s1005,1,0,4,498.0,0.0,,498,,
epirubicin hydrochloride,4,0,4,499.0,232.5499946248118,692.0,757,200.0,347.0
BRD-K19724398,2,0,4,500.0,234.0,266.0,734,,
l-sulforophane,3,0,4,501.6666666666667,451.25036164959346,236.0,1137,,132.0
menadione,3,0,4,501.6666666666667,224.4063774098727,465.0,793,,247.0
BRD-A20697603,4,0,4,502.25,454.1785854705173,360.0,1279,174.0,196.0
ncgc00185684-02,3,0,4,502.3333333333333,210.51101845007753,467.0,776,264.0,
"mapp, d-erythro",2,0,4,504.0,59.0,445.0,563,,
ranitidine hydrochloride,1,0,4,504.0,0.0,,504,,
periplocymarin,3,0,4,505.0,406.53003169097684,285.0,1075,,155.0
auranofin,3,0,4,506.3333333333333,242.18771415761142,453.0,826,,240.0
BRD-K84203638,4,0,4,506.5,342.1268039777065,532.0,1052,162.0,280.0
temsirolimus [ci779],4,0,4,506.5,384.6937093325026,364.0,1165,298.0,199.0
triclosan,3,0,4,506.6666666666667,156.50843072783297,395.0,728,397.0,
"l-701,324",1,0,4,507.0,0.0,,507,,
kuc104488 kuc104488n,1,0,4,508.0,0.0,,508,,
rk-682,1,0,4,509.0,0.0,,509,,
4-aminosalicylic acid,2,0,4,511.0,256.0,255.0,767,,
BRD-K71303366,1,0,4,512.0,0.0,,512,,
(-)-gallocatechin gallate,3,0,4,514.0,158.88570315376606,572.0,673,,297.0
dihomo-gamma-linolenic acid,3,0,4,514.3333333333334,312.4850218632709,389.0,944,,210.0
km 00927,3,0,4,514.3333333333334,227.47063302520812,836.0,357,350.0,
ei-215,3,0,4,514.6666666666666,327.98204557905643,373.0,968,,203.0
BRD-K16057611,1,0,4,515.0,0.0,,515,,
sid 26681509,3,0,4,516.0,490.27951211528307,220.0,1207,,121.0
KU-55933,2,0,4,516.5,200.5,316.0,717,,
vu0420364-1,2,0,4,517.0,206.0,723.0,311,,
BMS-345541,4,0,4,517.25,454.67481511515456,404.0,1289,159.0,217.0
celastrol,4,0,4,518.0,270.916038654045,593.0,928,242.0,309.0
probenecid,1,0,4,519.0,0.0,,519,,
BIX-02189,3,0,4,519.6666666666666,520.3039709844835,193.0,1254,,112.0
nylidrin hydrochloride,1,0,4,520.0,0.0,,520,,
BRD-K35716340,3,0,4,520.6666666666666,294.05932885880173,418.0,921,,223.0
a112550.cdx,2,0,4,521.0,111.0,410.0,632,,
rdr 01085,1,0,4,521.0,0.0,,521,,
er 27319 maleate,4,0,4,521.75,378.6042623901638,498.0,1146,184.0,259.0
cay10594,4,0,4,522.0,340.9552756594331,508.0,1083,233.0,264.0
BRD-K71935468,2,0,4,522.5,53.5,469.0,576,,
BRD-K80334323 (norethynodrel),2,0,4,523.0,141.0,382.0,664,,
sb 206553 hydrochloride,1,0,4,523.0,0.0,,523,,
BRD-K24346336,1,0,4,524.0,0.0,,524,,
pazopanib,4,0,4,524.25,490.3714790849892,422.0,1350,100.0,225.0
BRD-U82589721,3,0,4,524.3333333333334,237.11366238344195,486.0,832,,255.0
ticlopidine hydrochloride,2,0,4,524.5,54.5,470.0,579,,
BRD-A75931230,3,0,4,524.6666666666666,307.6549293535788,408.0,946,,220.0
prostaglandin a1,4,0,4,524.75,243.10221615608526,945.0,380,366.0,408.0
BRD-K37150847,2,0,4,525.5,175.5,350.0,701,,
idarubicin hcl,3,0,4,525.6666666666666,223.74439781937684,506.0,809,,262.0
retinoic acid,1,0,4,527.0,0.0,,527,,
ru 24969,1,0,4,528.0,0.0,,528,,
ryuvidine,2,0,4,529.0,178.0,351.0,707,,
cefixime,1,0,4,530.0,0.0,,530,,
levcromakalim,1,0,4,531.0,0.0,,531,,
strophantine octahydrate,3,0,4,531.3333333333334,348.4454365065243,376.0,1014,,204.0
BRD-K49371609,4,0,4,531.75,233.2148955362843,518.0,906,430.0,273.0
dihydroergocristine mesylate,1,0,4,532.0,0.0,,532,,
immethridine dihydrobromide,2,0,4,534.5,96.5,438.0,631,,
lobendazole,1,0,4,535.0,0.0,,535,,
BRD-K19220233,4,0,4,536.0,252.23699173594662,625.0,909,286.0,324.0
lde225 (nvp-lde225),1,0,4,537.0,0.0,,537,,
p8624,4,0,4,540.0,346.51479044912355,476.0,1123,309.0,252.0
telmisartan,1,0,4,540.0,0.0,,540,,
alclometazone dipropionate,2,0,4,540.5,157.5,383.0,698,,
ketoprofen,2,0,4,542.0,83.0,459.0,625,,
ritodrine hydrochloride,1,0,4,542.0,0.0,,542,,
strophanthidin,3,0,4,542.6666666666666,369.4043253070483,370.0,1056,,202.0
BRD-K15519488,2,0,4,543.5,185.5,729.0,358,,
BRD-A32214171,1,0,4,545.0,0.0,,545,,
mt-21,1,0,4,546.0,0.0,,546,,
px12,3,0,4,546.0,410.59550249201055,335.0,1120,,183.0
vx-680,4,0,4,546.5,401.1848077881315,500.0,1215,210.0,261.0
t5220758,1,0,4,547.0,0.0,,547,,
ei-332,1,0,4,548.0,0.0,,548,,
BRD-K00317371,3,0,4,549.3333333333334,194.76538592767338,575.0,774,,299.0
NVP-BGT226,4,0,4,549.5,544.416430685188,332.0,1487,198.0,181.0
BRD-A94377914,4,0,4,552.0,326.7116465631429,624.0,1053,208.0,323.0
BRD-A94793051,1,0,4,552.0,0.0,,552,,
ouabain,3,0,4,552.0,334.37802958129095,421.0,1011,,224.0
BRD-K77987635,1,0,4,553.0,0.0,,553,,
fludrocortisone acetate,2,0,4,554.5,445.5,109.0,1000,,
ibrutinib,2,0,4,554.5,410.5,144.0,965,,
doxepin hydrochloride,2,0,4,555.0,64.0,491.0,619,,
dactinomycin,4,0,4,555.75,177.23906877435348,742.0,723,395.0,363.0
ncgc00182361-01,1,0,4,556.0,0.0,,556,,
kuc104233 kuc104233n,1,0,4,558.0,0.0,,558,,
cimaterol,1,0,4,559.0,0.0,,559,,
tyrphostin ag 1478,4,0,4,559.0,266.6777081047458,702.0,922,260.0,352.0
BRD-A25088322,3,0,4,559.6666666666666,386.38610511018925,377.0,1097,,205.0
BRD-K42499654,1,0,4,560.0,0.0,,560,,
eplerenone,1,0,4,561.0,0.0,,561,,
ssr 69071,4,0,4,561.0,319.19664785207254,584.0,1074,283.0,303.0
tgx-115,4,0,4,561.0,420.39088953020854,573.0,1237,136.0,298.0
BRD-K15563106,3,0,4,563.0,205.42800847661124,583.0,804,,302.0
chemistry 2804,4,0,4,563.0,234.13137337828093,587.0,930,429.0,306.0
suloctidil,4,0,4,564.0,491.97103573279594,515.0,1376,95.0,270.0
s1040,2,0,4,564.5,272.5,292.0,837,,
BRD-K04853698,4,0,4,565.25,350.3764939318846,860.0,932,75.0,394.0
PF-431396,4,0,4,566.0,392.93383666973756,463.0,1233,323.0,245.0
stock1s-53863,1,0,4,567.0,0.0,,567,,
BRD-K78701355,1,0,4,568.0,0.0,,568,,
LDN-193189,4,0,4,568.0,574.1942180133826,337.0,1557,193.0,185.0
KU-60019,2,0,4,569.0,348.0,221.0,917,,
halcinonide,2,0,4,569.5,79.5,490.0,649,,
chlorambucil,1,0,4,570.0,0.0,,570,,
h7270,4,0,4,570.25,321.95991598334103,670.0,1050,223.0,338.0
guanabenz acetate,1,0,4,571.0,0.0,,571,,
puromycin dihydrochloride,3,0,4,572.3333333333334,479.7223734156617,305.0,1246,,166.0
hy-11005,3,0,4,572.6666666666666,235.37959885163275,558.0,868,,292.0
BRD-K60070073,1,0,4,573.0,0.0,,573,,
BRD-K77681376,3,0,4,573.0,220.7321151682887,683.0,771,265.0,
s1104,1,0,4,574.0,0.0,,574,,
cpccoet,2,0,4,575.5,104.5,471.0,680,,
BRD-K72505034,1,0,4,577.0,0.0,,577,,
s1175,3,0,4,577.0,336.0089284528017,454.0,1036,,241.0
azathioprine,2,0,4,580.0,41.0,539.0,621,,
m9948,1,0,4,580.0,0.0,,580,,
teniposide,4,0,4,580.0,273.4867455654844,661.0,993,329.0,337.0
bi 2536,4,0,4,580.5,425.1943673192297,580.0,1271,171.0,300.0
15-delta prostaglandin j2,2,0,4,581.0,146.0,435.0,727,,
BRD-K62970326,1,0,4,581.0,0.0,,581,,
PF-562271,4,0,4,581.5,454.9145524161653,549.0,1331,160.0,286.0
BRD-K67470788,1,0,4,582.0,0.0,,582,,
fluocinolone acetonide,2,0,4,582.0,374.0,208.0,956,,
np-003021,1,0,4,584.0,0.0,,584,,
cyclopiazonic acid,2,0,4,584.5,198.5,386.0,783,,
calcipotriene,1,0,4,585.0,0.0,,585,,
benzethonium chloride,1,0,4,587.0,0.0,,587,,
ncgc00182615-01,2,0,4,588.0,290.0,878.0,298,,
pindolol,1,0,4,589.0,0.0,,589,,
aristolochic acid,1,0,4,590.0,0.0,,590,,
s1152,1,0,4,591.0,0.0,,591,,
quinacrine dihydrochloride dihydrate,4,0,4,592.25,402.4589264757337,591.0,1248,222.0,308.0
BRD-K77877933,3,0,4,592.6666666666666,354.7133427932414,456.0,1079,,243.0
BRD-A15010982,2,0,4,593.0,515.0,78.0,1108,,
"15-deoxy-?12,14-prostaglandin j2",3,0,4,594.0,177.60067567439037,690.0,747,,345.0
diphenylcyclopropenone,1,0,4,594.0,0.0,,594,,
hydrocortisone valerate,2,0,4,594.0,146.0,448.0,740,,
BRD-K87909389,4,0,4,594.25,420.04486367529836,604.0,1273,187.0,313.0
ho-013,1,0,4,596.0,0.0,,596,,
probucol,1,0,4,597.0,0.0,,597,,
ursolic acid,2,0,4,597.0,48.0,645.0,549,,
BRD-K02113016,2,0,4,597.5,35.5,633.0,562,,
chloroquine diphosphate,2,0,4,597.5,74.5,523.0,672,,
BRD-K43620258,4,0,4,597.75,300.2502081597946,648.0,1069,340.0,334.0
emetine hydrochloride,3,0,4,598.3333333333334,360.52769966012625,458.0,1093,,244.0
boldine,1,0,4,599.0,0.0,,599,,
mg-132,3,0,4,599.0,460.91286233589386,358.0,1244,,195.0
arp 101,4,0,4,599.25,310.1986258834813,617.0,1099,362.0,319.0
s1367,4,0,4,599.25,499.11841029960016,423.0,1455,293.0,226.0
dg-041,4,0,4,599.5,312.820635508593,641.0,1095,331.0,331.0
bufalin,4,0,4,600.0,212.03183723205342,758.0,859,412.0,371.0
tw 37,4,0,4,601.25,372.5368270386164,826.0,1076,120.0,383.0
piceatannol,2,0,4,602.0,141.0,461.0,743,,
BRD-A36630025,4,0,4,603.5,297.51176447327254,689.0,1054,327.0,344.0
pp-30,3,0,4,604.0,287.8274946329253,813.0,802,197.0,
BRD-U86222656,1,0,4,606.0,0.0,,606,,
BRD-K07790824,2,0,4,607.0,71.0,536.0,678,,
ncgc00188536-01,1,0,4,607.0,0.0,,607,,
ncgc00167098-01,3,0,4,607.6666666666666,374.61298547819837,688.0,1021,114.0,
"haematoxylone, tetramethyl-",1,0,4,608.0,0.0,,608,,
GDC-0068,2,0,4,608.5,112.5,496.0,721,,
perhexiline maleate,4,0,4,608.75,373.0525264624273,643.0,1204,255.0,333.0
BRD-A47714657,1,0,4,609.0,0.0,,609,,
pnu 74654,2,0,4,611.0,399.0,212.0,1010,,
gsk-3 inhibitor ii,1,0,4,612.0,0.0,,612,,
ncgc00180994-01,1,0,4,613.0,0.0,,613,,
dibenzepine hydrochloride,1,0,4,615.0,0.0,,615,,
jfd02227,2,0,4,615.0,98.0,713.0,517,,
ncgc00188535-01,3,0,4,616.0,193.16486913169967,609.0,856,383.0,
BRD-K34363599,2,0,4,616.5,415.5,201.0,1032,,
BRD-K60297835,1,0,4,617.0,0.0,,617,,
hy-50940,3,0,4,617.3333333333334,546.4414170084677,302.0,1386,,164.0
bumetanide,2,0,4,618.0,249.0,369.0,867,,
gliquidone,1,0,4,618.0,0.0,,618,,
BRD-K86574132,4,0,4,619.25,231.9497521016136,892.0,806,376.0,403.0
s1249,3,0,4,619.6666666666666,353.3839586373754,499.0,1100,,260.0
rs 56812 hydrochloride,1,0,4,620.0,0.0,,620,,
diflunisal,2,0,4,621.5,83.5,705.0,538,,
daunorubicin,4,0,4,621.75,371.15520675318567,678.0,1205,262.0,342.0
dmbi,2,0,4,622.0,229.0,393.0,851,,
ritanserin,2,0,4,622.0,309.0,313.0,931,,
dihydro-beta-tubaic acid,1,0,4,624.0,0.0,,624,,
ei-232,2,0,4,625.5,212.5,413.0,838,,
gr 46611,1,0,4,626.0,0.0,,626,,
fosfosal,1,0,4,627.0,0.0,,627,,
ag 82,1,0,4,628.0,0.0,,628,,
cgs 21680 hydrochloride,1,0,4,630.0,0.0,,630,,
forskolin,3,0,4,631.3333333333334,252.32562735921655,626.0,943,,325.0
cyproheptadine hydrochloride,2,0,4,631.5,348.5,283.0,980,,
hydrocortisone acetate,2,0,4,632.0,54.0,578.0,686,,
BRD-K64517075,3,0,4,632.3333333333334,185.03032784444343,668.0,839,390.0,
ncgc00188773-01,1,0,4,633.0,0.0,,633,,
BRD-K40175214,3,0,4,634.0,295.9132755836863,581.0,1020,,301.0
BRD-K88551539,2,0,4,634.5,177.5,457.0,812,,
linifanib,4,0,4,634.5,524.0011927467341,568.0,1507,169.0,294.0
linezolid,2,0,4,636.0,346.0,290.0,982,,
modafinil,1,0,4,636.0,0.0,,636,,
BRD-A31107743,3,0,4,638.3333333333334,360.4037858969976,516.0,1128,,271.0
BRD-K28907958,4,0,4,639.25,301.95643311577254,754.0,1082,353.0,368.0
BRD-K74797618,2,0,4,640.0,229.0,411.0,869,,
ag 556,1,0,4,640.0,0.0,,640,,
16-hydroxytriptolide,4,0,4,640.75,389.704615702714,720.0,1243,244.0,356.0
jwh 015,1,0,4,641.0,0.0,,641,,
BRD-K37865504,4,0,4,641.25,441.2320109647531,619.0,1368,258.0,320.0
sarmentogenin,3,0,4,641.3333333333334,219.5211961418659,697.0,878,,349.0
v4877,4,0,4,641.5,519.1254665300095,680.0,1462,81.0,343.0
BRD-K68588778,1,0,4,642.0,0.0,,642,,
BRD-K06765193,2,0,4,643.0,164.0,479.0,807,,
BRD-K76698671,1,0,4,643.0,0.0,,643,,
cmpd-1,2,0,4,643.0,470.0,173.0,1113,,
lawsone,3,0,4,643.3333333333334,372.64847898373193,512.0,1151,,267.0
cinobufagin,3,0,4,643.6666666666666,526.9543518075251,355.0,1383,,193.0
bl-079,1,0,4,644.0,0.0,,644,,
remacemide hydrochloride,2,0,4,644.5,44.5,600.0,689,,
itraconazole,1,0,4,646.0,0.0,,646,,
k784-3131,3,0,4,646.6666666666666,264.5679916811976,709.0,935,296.0,
BRD-K88278225,1,0,4,647.0,0.0,,647,,
BRD-K56196992,2,0,4,647.5,88.5,559.0,736,,
megestrol acetate,1,0,4,648.0,0.0,,648,,
"l-690,488",4,0,4,648.5,394.43725736801287,739.0,1253,241.0,361.0
jak3 inhibitor vi,4,0,4,648.75,424.6948168979697,716.0,1312,212.0,355.0
s1057,4,0,4,651.5,457.8637897890594,521.0,1430,380.0,275.0
BRD-K94580036,2,0,4,652.0,229.0,881.0,423,,
nobiletin,1,0,4,652.0,0.0,,652,,
salermide,4,0,4,653.25,410.19957033132056,700.0,1304,259.0,350.0
BRD-A86792397,1,0,4,654.0,0.0,,654,,
erythrosine sodium,3,0,4,655.0,423.55715867715736,474.0,1240,,251.0
BRD-K23478508 (digoxin),3,0,4,655.6666666666666,295.9620846587542,612.0,1038,,317.0
BRD-K64642496,3,0,4,655.6666666666666,227.15095323497007,843.0,788,336.0,
BRD-K56515112 (medrysone),1,0,4,656.0,0.0,,656,,
carbazol-9-yl-p-tolyl-methanone,2,0,4,656.5,339.5,317.0,996,,
roscovitine,4,0,4,657.0,691.6050173328704,234.0,1841,423.0,130.0
BRD-K98824517,1,0,4,658.0,0.0,,658,,
dorsomorphin dihydrochloride,4,0,4,658.25,370.51543490116575,636.0,1269,399.0,329.0
"w-12, hydrochloride",1,0,4,659.0,0.0,,659,,
BRD-K26831771,1,0,4,660.0,0.0,,660,,
hy-11001,3,0,4,661.3333333333334,316.4135830768894,597.0,1077,,310.0
aminopurvalanol a,4,0,4,661.5,425.918712901887,744.0,1320,218.0,364.0
hemado,2,0,4,662.0,137.0,525.0,799,,
BRD-K07452532,1,0,4,663.0,0.0,,663,,
kf 38789,3,0,4,663.6666666666666,366.77907367908665,546.0,1160,,285.0
tl hras26 brd-k01877528,3,0,4,664.6666666666666,334.4291986189138,769.0,1012,213.0,
amperozide,2,0,4,665.0,326.0,339.0,991,,
iopanoic acid,3,0,4,665.0,660.4700346470433,206.0,1599,190.0,
securinine,1,0,4,665.0,0.0,,665,,
BRD-K11663430,1,0,4,666.0,0.0,,666,,
dexamethasone acetate,1,0,4,667.0,0.0,,667,,
BRD-K15716662,3,0,4,667.3333333333334,304.32475343874927,888.0,877,237.0,
BRD-K45435259,1,0,4,668.0,0.0,,668,,
s1017,2,0,4,668.5,218.5,450.0,887,,
eburnamonine (-),1,0,4,669.0,0.0,,669,,
k784-3187,4,0,4,669.5,500.40508590540924,485.0,1524,415.0,254.0
curcubitacin i,4,0,4,669.75,452.4104193097237,750.0,1371,192.0,366.0
ay 9944,1,0,4,671.0,0.0,,671,,
fccp,4,0,4,671.75,399.38789102825837,707.0,1311,316.0,353.0
nsc 632839 hydrochloride,2,0,4,673.0,183.0,856.0,490,,
BRD-K75081836,2,0,4,673.5,109.5,783.0,564,,
ketorolac tromethamine,1,0,4,674.0,0.0,,674,,
cccp,3,0,4,674.6666666666666,225.80867023999667,927.0,718,379.0,
hy-11009,3,0,4,675.0,294.45656159553766,642.0,1051,,332.0
BRD-A72837804,2,0,4,676.5,128.5,548.0,805,,
BRD-K08316444,2,0,4,678.0,16.0,694.0,662,,
ncgc00183255-01,2,0,4,680.0,294.0,974.0,386,,
BRD-K38615104,4,0,4,680.25,315.5791303302549,849.0,1114,368.0,390.0
gliclazide,1,0,4,682.0,0.0,,682,,
BRD-K76236182,1,0,4,684.0,0.0,,684,,
BRD-K36055864 (cycloheximide),3,0,4,684.3333333333334,627.5679688731377,314.0,1568,,171.0
auraptene,1,0,4,685.0,0.0,,685,,
at-mlpcn csc-006,3,0,4,687.0,238.00980371965073,896.0,811,354.0,
meclocycline sulfosalicylate,1,0,4,687.0,0.0,,687,,
parthenolide,4,0,4,687.5,542.6990418270517,607.0,1596,232.0,315.0
ncgc00241435-01,1,0,4,688.0,0.0,,688,,
s1120,3,0,4,688.6666666666666,424.19204246294964,787.0,1152,127.0,
BRD-K20492338,1,0,4,690.0,0.0,,690,,
b675700.cdx,4,0,4,690.5,444.4268781250747,861.0,1330,176.0,395.0
BRD-K04156788,1,0,4,692.0,0.0,,692,,
chaetocin,3,0,4,692.6666666666666,335.2425324381672,622.0,1134,,322.0
icariin,1,0,4,693.0,0.0,,693,,
cabergoline,1,0,4,694.0,0.0,,694,,
digoxin,3,0,4,695.0,331.2290244931242,628.0,1130,,327.0
gr-237,1,0,4,695.0,0.0,,695,,
BRD-K52914903,2,0,4,696.0,442.0,254.0,1138,,
BRD-K78524708,1,0,4,696.0,0.0,,696,,
xaliproden hydrochloride,1,0,4,697.0,0.0,,697,,
sb 202190,2,0,4,698.5,507.5,191.0,1206,,
clobetasol propionate,3,0,4,698.6666666666666,715.1178613036843,249.0,1708,,139.0
desoximetasone,1,0,4,699.0,0.0,,699,,
mebendazole,3,0,4,699.3333333333334,355.09842141142906,493.0,1199,406.0,
ag 957,2,0,4,699.5,267.5,432.0,967,,
mw-a1-12,2,0,4,699.5,462.5,237.0,1162,,
eo 1428,2,0,4,700.0,261.0,439.0,961,,
penfluridol,3,0,4,700.3333333333334,360.0308628745906,667.0,1157,277.0,
ro 28-1675 ?,4,0,4,701.25,570.7720100880912,564.0,1670,278.0,293.0
ncgc00242296-02,1,0,4,702.0,0.0,,702,,
sb 218078,2,0,4,702.0,25.0,727.0,677,,
escitalopram oxalate,1,0,4,704.0,0.0,,704,,
mesoridazine besylate,2,0,4,704.0,315.0,1019.0,389,,
akt inhibitor iv,4,0,4,704.25,382.7031323362797,815.0,1283,338.0,381.0
BRD-K06666320,3,0,4,704.6666666666666,385.40051317500286,585.0,1225,,304.0
BRD-K38340366,1,0,4,705.0,0.0,,705,,
compound 12,1,0,4,706.0,0.0,,706,,
"ingenol 3, 20-dibenzoate",4,0,4,706.0,396.5759700233992,834.0,1298,307.0,385.0
idelalisib,2,0,4,706.5,334.5,372.0,1041,,
ginsenoside-rc,1,0,4,708.0,0.0,,708,,
nicotine ditartrate,1,0,4,709.0,0.0,,709,,
unc0321,2,0,4,709.5,205.5,504.0,915,,
BRD-K90912239,1,0,4,710.0,0.0,,710,,
BRD-K96147838,1,0,4,711.0,0.0,,711,,
flunisolide,2,0,4,711.0,313.0,398.0,1024,,
BRD-K03176945,2,0,4,711.5,613.5,98.0,1325,,
palda,2,0,4,713.0,509.0,204.0,1222,,
vincristine,2,0,4,713.0,238.0,475.0,951,,
altrenogest,2,0,4,713.5,169.5,544.0,883,,
u-0126,2,0,4,714.0,208.0,922.0,506,,
(s)-(-)-bay k 8644,2,0,4,715.5,286.5,429.0,1002,,
BRD-K26664453,4,0,4,716.75,303.52296041650624,1109.0,916,419.0,423.0
XMD-1499,4,0,4,718.0,751.1620996828847,571.0,1976,29.0,296.0
jjt-705,1,0,4,719.0,0.0,,719,,
proscillaridin a,3,0,4,721.3333333333334,274.96706873531036,755.0,1040,,369.0
simvastatin,3,0,4,721.6666666666666,286.47551766638315,740.0,1063,,362.0
bml-190,1,0,4,722.0,0.0,,722,,
anisomycin,4,0,4,722.75,409.53472075026804,855.0,1334,310.0,392.0
narciclasine,4,0,4,723.25,421.59066344026166,879.0,1340,274.0,400.0
BRD-K68548958,4,0,4,723.75,512.0743964503596,674.0,1575,306.0,340.0
cgk 733,4,0,4,723.75,473.67149745366777,671.0,1513,372.0,339.0
nbqx disodium salt,1,0,4,724.0,0.0,,724,,
irinotecan hydrochloride trihydrate,3,0,4,724.6666666666666,402.5819447295447,788.0,1183,203.0,
metoclopramide monohydrochloride,2,0,4,726.0,246.0,480.0,972,,
gsk-3b inhibitor viii,3,0,4,726.3333333333334,370.87494148597074,630.0,1221,,328.0
genistin,1,0,4,729.0,0.0,,729,,
bcl-2 inhibitor,1,0,4,730.0,0.0,,730,,
su11652,3,0,4,730.3333333333334,284.3124259605189,756.0,1065,,370.0
d 4476,2,0,4,730.5,588.5,142.0,1319,,
BRD-K05520923,1,0,4,731.0,0.0,,731,,
dehydroisoandosterone 3-acetate,1,0,4,732.0,0.0,,732,,
stock3s-04022,2,0,4,732.0,565.0,167.0,1297,,
"methyl 2,5-dihydroxycinnamate",2,0,4,732.5,553.5,179.0,1286,,
BRD-K00366212,1,0,4,735.0,0.0,,735,,
BRD-K69569876,1,0,4,737.0,0.0,,737,,
p233,1,0,4,738.0,0.0,,738,,
dubinidine,3,0,4,738.3333333333334,275.6112398933606,828.0,1022,365.0,
rimexolone,2,0,4,738.5,473.5,265.0,1212,,
BRD-K29622226,2,0,4,739.0,279.0,460.0,1018,,
h 89 dihydrochloride,1,0,4,739.0,0.0,,739,,
mln4924,3,0,4,739.3333333333334,413.1911045616651,605.0,1299,,314.0
thiostrepton,2,0,4,740.5,206.5,534.0,947,,
BRD-K20401833,1,0,4,741.0,0.0,,741,,
thapsigargin,2,0,4,741.0,292.0,449.0,1033,,
mls-0435534.0001,1,0,4,742.0,0.0,,742,,
ku 0060648 trihydrochloride,4,0,4,742.25,377.45289441200475,887.0,1295,385.0,402.0
b581,1,0,4,744.0,0.0,,744,,
BRD-K49865102,2,0,4,744.5,19.5,764.0,725,,
nemonapride,1,0,4,745.0,0.0,,745,,
BRD-K98714523,1,0,4,746.0,0.0,,746,,
cp 94253 hydrochloride,2,0,4,747.0,39.0,708.0,786,,
cgs 20625,1,0,4,748.0,0.0,,748,,
puromycin hydrochloride,3,0,4,748.6666666666666,404.04152701864143,627.0,1293,,326.0
parbendazole,2,0,4,749.0,239.0,510.0,988,,
azacytidine-5,2,0,4,749.5,154.5,595.0,904,,
mefloquine,2,0,4,749.5,404.5,345.0,1154,,
prestw-550,3,0,4,749.6666666666666,522.471902487482,509.0,1475,,265.0
BRD-K00313977,2,0,4,750.0,209.0,541.0,959,,
fr 122047 hydrochloride,1,0,4,750.0,0.0,,750,,
(+)-3-hydroxy-n-methylmorphinan d-tartrate,1,0,4,751.0,0.0,,751,,
emetine dihydrochloride hydrate (74),4,0,4,751.25,540.6955589793577,738.0,1637,270.0,360.0
fgin-1-27,3,0,4,751.3333333333334,501.08571012241896,530.0,1445,,279.0
BRD-K93443135,1,0,4,752.0,0.0,,752,,
MK-1775,3,0,4,752.3333333333334,275.36924705243,827.0,1046,,384.0
MLN-8054,3,0,4,752.6666666666666,994.5975177036299,27.0,2159,72.0,
coumestrol,1,0,4,753.0,0.0,,753,,
5-azacytidine,1,0,4,754.0,0.0,,754,,
nortriptyline hydrochloride,3,0,4,754.3333333333334,672.3834884614251,297.0,1705,261.0,
importazole,4,0,4,754.5,415.73338812272465,1002.0,1306,297.0,413.0
BRD-K94173926,1,0,4,755.0,0.0,,755,,
hinokitiol,2,0,4,755.0,124.0,631.0,879,,
rottlerin ncgc00025228-11,4,0,4,755.75,455.61627220721607,802.0,1483,360.0,378.0
perphenazine,1,0,4,758.0,0.0,,758,,
BRD-U29336476,3,0,4,758.6666666666666,606.3163823908732,436.0,1608,,232.0
BRD-K23657553,1,0,4,760.0,0.0,,760,,
bas 00535043,1,0,4,762.0,0.0,,762,,
gitoxigenin,3,0,4,762.3333333333334,529.7234079110427,517.0,1498,,272.0
hy-11066,1,0,4,763.0,0.0,,763,,
BRD-K31491153,2,0,4,763.5,392.5,371.0,1156,,
hli 373,4,0,4,763.5,616.2858508841493,613.0,1810,313.0,318.0
BRD-K04534322,1,0,4,764.0,0.0,,764,,
ro 31-8220 mesylate,4,0,4,764.0,550.220410381149,795.0,1648,236.0,377.0
veliparib,2,0,4,764.0,135.0,629.0,899,,
vu0418946-2,4,0,4,764.75,585.654921860988,899.0,1652,104.0,404.0
BRD-K05104363,1,0,4,765.0,0.0,,765,,
cymarin,4,0,4,766.0,623.1761388243295,552.0,1833,391.0,288.0
formoterol,1,0,4,766.0,0.0,,766,,
"camptothecine (s,+)",2,0,4,767.0,49.0,718.0,816,,
tg101348,4,0,4,767.25,503.4214809679857,901.0,1529,234.0,405.0
iodipamide,1,0,4,768.0,0.0,,768,,
BRD-A83124583,3,0,4,768.3333333333334,528.0311438626408,527.0,1501,,277.0
ncgc00165199-01,2,0,4,769.5,104.5,665.0,874,,
ikk 16,3,0,4,770.0,306.473489881262,970.0,1003,337.0,
lobelanidine hydrochloride,1,0,4,770.0,0.0,,770,,
BRD-K41859756,4,0,4,771.25,424.3709314974342,958.0,1378,339.0,410.0
BRD-K56411643,3,0,4,772.0,291.1711982093467,838.0,1091,,387.0
BRD-K46171503,1,0,4,773.0,0.0,,773,,
ed csc 15,3,0,4,773.3333333333334,312.2075520476011,817.0,1132,371.0,
BRD-K05649647,4,0,4,773.5,510.01985255478047,759.0,1611,352.0,372.0
avermectin b1a,1,0,4,775.0,0.0,,775,,
fu jmbii227b,2,0,4,776.0,480.0,296.0,1256,,
trimipramine maleate salt,2,0,4,776.5,190.5,967.0,586,,
b3063,1,0,4,777.0,0.0,,777,,
c-1,1,0,4,778.0,0.0,,778,,
stk397047,2,0,4,778.0,295.0,483.0,1073,,
bepridil hydrochloride,1,0,4,779.0,0.0,,779,,
mln2238,3,0,4,782.0,366.0774052938349,735.0,1252,,359.0
ag-879,3,0,4,782.3333333333334,347.58628025602826,884.0,1148,315.0,
pregnenolone succinate,1,0,4,784.0,0.0,,784,,
rizatriptan benzoate,1,0,4,785.0,0.0,,785,,
ambroxol hydrochloride,1,0,4,787.0,0.0,,787,,
BRD-A68930007 (ouabain),2,0,4,787.5,370.5,417.0,1158,,
fit,2,0,4,788.5,156.5,632.0,945,,
phenothiazine,1,0,4,789.0,0.0,,789,,
BRD-K44510578,1,0,4,790.0,0.0,,790,,
stk222600,1,0,4,791.0,0.0,,791,,
niguldipine hydrochloride,4,0,4,791.5,469.7970306419571,1057.0,1423,268.0,418.0
pheniramine maleate,1,0,4,792.0,0.0,,792,,
bms-536924,3,0,4,792.3333333333334,461.75053389850626,786.0,1361,230.0,
c3930,2,0,4,793.5,231.5,562.0,1025,,
stock1n-27488,2,0,4,793.5,67.5,726.0,861,,
bml-259,3,0,4,793.6666666666666,491.2055464761049,601.0,1468,,312.0
pp-110,4,0,4,793.75,578.9759817988999,807.0,1732,256.0,380.0
chloroguanide hydrochloride,1,0,4,794.0,0.0,,794,,
dihydrosamidin,1,0,4,795.0,0.0,,795,,
BRD-K85592362,1,0,4,796.0,0.0,,796,,
BRD-K63979920,1,0,4,797.0,0.0,,797,,
bx-795,3,0,4,797.0,347.8735402412779,789.0,1227,,375.0
hy-50878,3,0,4,801.0,636.9871793581616,464.0,1693,,246.0
ku-0063794,3,0,4,802.3333333333334,549.9511089380784,553.0,1565,,289.0
BRD-A82238138 (budesonide),1,0,4,803.0,0.0,,803,,
bmy 45778,2,0,4,803.5,308.5,495.0,1112,,
homoharringtonine,4,0,4,803.5,526.1665610811847,748.0,1679,422.0,365.0
imd 0354,4,0,4,804.5,555.3469636182411,866.0,1686,269.0,397.0
pac 1,3,0,4,807.3333333333334,638.4420272994427,472.0,1701,,249.0
benzopurpurin (b),2,0,4,807.5,218.5,589.0,1026,,
mdl 29951,1,0,4,808.0,0.0,,808,,
BRD-K53423944,3,0,4,809.6666666666666,402.16939493479885,651.0,1362,416.0,
pkcbeta inhibitor,2,0,4,810.5,91.5,719.0,902,,
BRD-K58214070,2,0,4,812.0,677.0,135.0,1489,,
zardaverine,2,0,4,813.0,450.0,363.0,1263,,
aloisine a,1,0,4,815.0,0.0,,815,,
QL-XII-47,4,0,4,815.5,553.723983587491,844.0,1709,321.0,388.0
phorbol-12-myristate-13-acetate (pma),4,0,4,816.75,522.6587677443094,940.0,1619,301.0,407.0
vu0365117-1,2,0,4,817.0,16.0,801.0,833,,
BRD-A80960055,2,0,4,818.5,488.5,330.0,1307,,
ski ii,4,0,4,819.25,594.6685526408808,695.0,1824,410.0,348.0
aloisine,1,0,4,821.0,0.0,,821,,
BRD-K32836707,1,0,4,822.0,0.0,,822,,
JNK-IN-5A,4,0,4,823.25,697.2339546378963,837.0,1947,123.0,386.0
biperiden hydrochloride,2,0,4,823.5,205.5,618.0,1029,,
BRD-K06750613,3,0,4,823.6666666666666,384.36990285689933,784.0,1313,,374.0
BRD-A14985772,1,0,4,824.0,0.0,,824,,
"betamethasone 17,21-dipropionate",2,0,4,825.5,114.5,711.0,940,,
BRD-K50234570,3,0,4,826.0,669.2104800932714,466.0,1764,,248.0
zd 7155 hydrochloride,2,0,4,826.5,291.5,535.0,1118,,
BRD-K70161581,2,0,4,827.0,788.0,39.0,1615,,
nrb 04155,1,0,4,827.0,0.0,,827,,
BRD-U33728988,3,0,4,827.3333333333334,963.7500828649625,170.0,2190,122.0,
BRD-K15592317,1,0,4,828.0,0.0,,828,,
BRD-K32501161,3,0,4,828.3333333333334,553.4283051027377,586.0,1594,,305.0
eriodyctol,1,0,4,829.0,0.0,,829,,
gemcitabine,3,0,4,829.0,416.5581191942688,869.0,1318,300.0,
tpca-1,4,0,4,829.0,560.191485119151,863.0,1731,326.0,396.0
terfenadine,2,0,4,829.5,305.5,524.0,1135,,
BRD-K80346834,1,0,4,830.0,0.0,,830,,
ZM-447439,3,0,4,830.6666666666666,591.9787909113712,824.0,1559,109.0,
BRD-A15914070,1,0,4,831.0,0.0,,831,,
mk-2206,4,0,4,831.5,624.0474741556126,821.0,1852,271.0,382.0
BRD-K58853583,2,0,4,832.0,329.0,503.0,1161,,
BRD-K25737009,3,0,4,833.0,408.6636758998774,760.0,1366,,373.0
np-009169,2,0,4,833.0,174.0,659.0,1007,,
t7765,3,0,4,833.0,434.4536799245692,733.0,1408,,358.0
BRD-K92317137,4,0,4,833.5,597.6460072651703,853.0,1801,289.0,391.0
enrofloxacin,2,0,4,834.0,677.0,157.0,1511,,
ncgc00182913-03,1,0,4,834.0,0.0,,834,,
hexylcaine hydrochloride,1,0,4,835.0,0.0,,835,,
meprylcaine hydrochloride,2,0,4,836.5,137.5,699.0,974,,
y27632,3,0,4,839.6666666666666,316.8441607829032,941.0,1167,411.0,
BRD-K31706415,1,0,4,840.0,0.0,,840,,
BRD-K11671649,3,0,4,841.0,567.4897943282035,563.0,1632,328.0,
arachidonamide,1,0,4,841.0,0.0,,841,,
s1362,2,0,4,841.5,336.5,505.0,1178,,
r406,3,0,4,842.6666666666666,510.4732009507344,652.0,1541,,335.0
4-demethoxydaunorubicin hydrochloride (65),4,0,4,843.75,565.741714477552,931.0,1733,305.0,406.0
physostigmine salicylate,1,0,4,844.0,0.0,,844,,
phenolphthalein,1,0,4,845.0,0.0,,845,,
BRD-K21773564,1,0,4,847.0,0.0,,847,,
anagrelide hydrochloride,1,0,4,849.0,0.0,,849,,
estropipate,1,0,4,850.0,0.0,,850,,
BRD-A25337146,2,0,4,850.5,563.5,287.0,1414,,
BRD-A50774520,3,0,4,852.3333333333334,795.5360177613302,378.0,1973,,206.0
BRD-K94544211,1,0,4,853.0,0.0,,853,,
bjm-ctd2-9,4,0,4,853.0,622.6399441089529,882.0,1857,272.0,401.0
s1297,1,0,4,854.0,0.0,,854,,
PF 573228,3,0,4,854.3333333333334,475.71723627475274,715.0,1494,,354.0
hydroxychloroquine sulfate,1,0,4,855.0,0.0,,855,,
cay10618,3,0,4,855.3333333333334,363.92703786458196,997.0,1213,356.0,
s1042,3,0,4,855.6666666666666,622.69539548286,554.0,1723,,290.0
abt-888 (veliparib),3,0,4,856.3333333333334,506.0147121269192,684.0,1544,341.0,
vu0365114-2,1,0,4,857.0,0.0,,857,,
evodiamine,1,0,4,858.0,0.0,,858,,
sunitinib,4,0,4,858.25,620.2779115041902,1018.0,1799,201.0,415.0
gsk2334470,1,0,4,860.0,0.0,,860,,
kn-62,2,0,4,861.0,21.0,840.0,882,,
penicillic acid,1,0,4,862.0,0.0,,862,,
nnc 26-9100,1,0,4,863.0,0.0,,863,,
zm 336372,2,0,4,863.0,57.0,806.0,920,,
vinorelbine,2,0,4,863.5,214.5,649.0,1078,,
6-diazo-5-oxo-l-norleucine,3,0,4,863.6666666666666,355.7717745346805,880.0,1291,420.0,
pimozide,2,0,4,864.0,128.0,736.0,992,,
BRD-K51155404,1,0,4,865.0,0.0,,865,,
acyclovir,1,0,4,866.0,0.0,,866,,
h-5832,2,0,4,866.5,513.5,353.0,1380,,
ncgc00188530-01,3,0,4,867.0,489.21229202327555,851.0,1474,276.0,
7b-cis,3,0,4,867.3333333333334,370.8425841542773,957.0,1270,375.0,
ncgc00229596-01,1,0,4,870.0,0.0,,870,,
azd8055,4,0,4,870.75,550.6920078410436,1004.0,1716,349.0,414.0
olmesartan medoxomil,1,0,4,871.0,0.0,,871,,
mls-0435541.0001,1,0,4,872.0,0.0,,872,,
ABT-737,2,0,4,873.0,499.0,374.0,1372,,
pf 750,3,0,4,874.0,503.7320716412645,964.0,1441,217.0,
"l-741,626",1,0,4,875.0,0.0,,875,,
BRD-K16541732,1,0,4,876.0,0.0,,876,,
ncgc00242340-01,2,0,4,877.5,227.5,650.0,1105,,
ncgc00165208-01,2,0,4,878.0,36.0,842.0,914,,
ntncb hydrochloride,2,0,4,879.0,448.0,431.0,1327,,
a-275,1,0,4,880.0,0.0,,880,,
BRD-K40373196,2,0,4,880.5,315.5,565.0,1196,,
helveticoside,2,0,4,880.5,523.5,357.0,1404,,
u 99194 maleate,2,0,4,880.5,298.5,582.0,1179,,
BRD-K74690444,1,0,4,881.0,0.0,,881,,
pi 828,3,0,4,881.6666666666666,527.9206590219995,822.0,1556,267.0,
dcpib,1,0,4,884.0,0.0,,884,,
jak3 inhibitor v,1,0,4,886.0,0.0,,886,,
pp 1,3,0,4,887.3333333333334,372.0666009675627,1013.0,1267,382.0,
citalopram hydrobromide,2,0,4,887.5,41.5,846.0,929,,
rottlerin,3,0,4,887.6666666666666,454.334922961269,794.0,1485,384.0,
BRD-K19166598,2,0,4,889.0,297.0,592.0,1186,,
s1118,1,0,4,889.0,0.0,,889,,
BRD-U04166717,1,0,4,890.0,0.0,,890,,
isoxsuprine hydrochloride,2,0,4,890.0,176.0,714.0,1066,,
amsacrine,4,0,4,890.5,639.4085157393511,873.0,1940,351.0,398.0
BRD-K35638681,1,0,4,891.0,0.0,,891,,
vu0410183-2,3,0,4,891.3333333333334,514.3865818191174,731.0,1586,,357.0
BRD-K10705233,3,0,4,891.6666666666666,546.2089547254075,691.0,1638,,346.0
ncgc00183260-01,1,0,4,892.0,0.0,,892,,
s1130,1,0,4,893.0,0.0,,893,,
BRD-A95445494,2,0,4,893.5,163.5,730.0,1057,,
BRD-K76938712,2,0,4,894.5,797.5,97.0,1692,,
ossk 647368,1,0,4,895.0,0.0,,895,,
BRD-K18861610,1,0,4,896.0,0.0,,896,,
cercosporin,3,0,4,896.6666666666666,375.15892928493946,1017.0,1284,389.0,
gant 58,2,0,4,897.5,204.5,693.0,1102,,
vinblastine sulfate,2,0,4,897.5,145.5,752.0,1043,,
rho kinase inhibitor iii [rockout],1,0,4,900.0,0.0,,900,,
BRD-K08640787,2,0,4,900.5,3.5,904.0,897,,
cgp 7930,1,0,4,903.0,0.0,,903,,
rhodomyrtoxin b,3,0,4,903.3333333333334,633.5699557972181,611.0,1783,,316.0
tivantinib,3,0,4,903.3333333333334,577.0004814170917,1011.0,1550,149.0,
everolimus,1,0,4,905.0,0.0,,905,,
camptothecin,3,0,4,907.0,399.32943793314314,917.0,1391,413.0,
sulconazole nitrate,1,0,4,907.0,0.0,,907,,
BRD-K98676510,2,0,4,908.0,760.0,148.0,1668,,
carvedilol,1,0,4,908.0,0.0,,908,,
ro 90-7501,1,0,4,910.0,0.0,,910,,
ncgc00188740-01,2,0,4,911.0,483.0,428.0,1394,,
np-010914,1,0,4,911.0,0.0,,911,,
BRD-K88868628,2,0,4,911.5,178.5,1090.0,733,,
ncgc00182390-01,2,0,4,911.5,23.5,935.0,888,,
ossk 645668,1,0,4,912.0,0.0,,912,,
niclosamide,4,0,4,913.5,586.865188948876,1063.0,1811,361.0,419.0
BRD-K03829970,2,0,4,917.0,171.0,746.0,1088,,
flumethasone,1,0,4,919.0,0.0,,919,,
wortmannin,4,0,4,919.0,647.094660772286,999.0,1945,320.0,412.0
st056792,2,0,4,919.5,55.5,975.0,864,,
metergoline,2,0,4,920.5,389.5,531.0,1310,,
prima-1 met,2,0,4,921.0,102.0,819.0,1023,,
siguazodan,2,0,4,922.5,19.5,903.0,942,,
way 170523,1,0,4,923.0,0.0,,923,,
BRD-A18763547,3,0,4,924.0,608.86615934867,751.0,1741,280.0,
BRD-K11795542,2,0,4,924.0,685.0,239.0,1609,,
BRD-K83691318,1,0,4,924.0,0.0,,924,,
axon1408,1,0,4,925.0,0.0,,925,,
c3393m50,3,0,4,925.6666666666666,435.29479155574046,939.0,1452,386.0,
brazilin,3,0,4,926.0,395.99326593600887,1146.0,1262,370.0,
lasalocid sodium salt,2,0,4,926.0,449.0,477.0,1375,,
BRD-K07023879,1,0,4,927.0,0.0,,927,,
nsc 95397,3,0,4,927.0,446.59676069880607,998.0,1435,348.0,
emetine,3,0,4,927.6666666666666,477.16198041708606,845.0,1549,,389.0
BRD-K80786583,2,0,4,929.5,378.5,551.0,1308,,
btb06091sc,2,0,4,931.0,7.0,924.0,938,,
BRD-A93393712,2,0,4,932.0,507.0,425.0,1439,,
BRD-K53308430,3,0,4,932.0,404.7970685005842,1073.0,1342,381.0,
malonoben,4,0,4,932.0,630.6238974222274,1031.0,1924,357.0,416.0
sch 442416,2,0,4,932.0,329.0,603.0,1261,,
triamcinolone acetonide,2,0,4,932.0,891.0,41.0,1823,,
chlorhexidine,1,0,4,933.0,0.0,,933,,
penitrem a,2,0,4,934.0,871.0,63.0,1805,,
tramadol,1,0,4,934.0,0.0,,934,,
vu0365118-1,1,0,4,936.0,0.0,,936,,
BRD-K83816656,2,0,4,937.5,363.5,574.0,1301,,
ei-346,2,0,4,938.5,176.5,762.0,1115,,
BRD-K70918941,1,0,4,939.0,0.0,,939,,
BRD-K85318537 (obaa),2,0,4,941.0,16.0,925.0,957,,
cyclosporin a,2,0,4,941.5,229.5,712.0,1171,,
ncgc00165289-01,2,0,4,942.5,1.5,944.0,941,,
BRD-K35424586,2,0,4,944.0,188.0,1132.0,756,,
st4066738,2,0,4,944.0,415.0,529.0,1359,,
thiocolchicoside,2,0,4,944.0,653.0,291.0,1597,,
a8674,2,0,4,947.5,333.5,614.0,1281,,
ncgc00182378-01,2,0,4,947.5,179.5,768.0,1127,,
BRD-A58924247,2,0,4,948.5,548.5,400.0,1497,,
BRD-K20112532,1,0,4,949.0,0.0,,949,,
NVP-BGJ398,3,0,4,949.6666666666666,650.6511268636125,829.0,1800,220.0,
ruxolitinib,3,0,4,949.6666666666666,376.0942553255618,1087.0,1326,436.0,
BRD-K96433222,1,0,4,950.0,0.0,,950,,
z-leu3-vs,2,0,4,950.0,273.0,677.0,1223,,
triciribine,3,0,4,950.3333333333334,547.3191228362318,1079.0,1547,225.0,
BRD-K77547509,2,0,4,952.5,376.5,576.0,1329,,
loxapine succinate,1,0,4,953.0,0.0,,953,,
resveratrol,2,0,4,953.0,491.0,462.0,1444,,
rhizocarpic acid,1,0,4,954.0,0.0,,954,,
way 213613,1,0,4,958.0,0.0,,958,,
BRD-K53932786,2,0,4,959.5,299.5,660.0,1259,,
AS-601245,4,0,4,960.0,665.0278189669963,1078.0,2000,342.0,420.0
BRD-K62300190,1,0,4,960.0,0.0,,960,,
hy-10159,2,0,4,961.5,24.5,937.0,986,,
BRD-K50204028,1,0,4,962.0,0.0,,962,,
BRD-K45399554,3,0,4,963.0,618.6716953818614,889.0,1755,245.0,
vu0424182-2,1,0,4,964.0,0.0,,964,,
n-(4-bromobenzyl)-5-methoxytryptamine,1,0,4,966.0,0.0,,966,,
cycloheximide,3,0,4,966.3333333333334,504.1668595040954,876.0,1624,,399.0
embelin,3,0,4,966.3333333333334,631.7247994358162,793.0,1812,294.0,
BRD-K66792149,3,0,4,967.0,795.267250677406,537.0,2082,,282.0
s1035,1,0,4,969.0,0.0,,969,,
BRD-K60757524,1,0,4,970.0,0.0,,970,,
BRD-K53566850,1,0,4,973.0,0.0,,973,,
duloxetine hydrochloride,1,0,4,975.0,0.0,,975,,
tyrphostin 46,1,0,4,976.0,0.0,,976,,
BRD-K32896438,2,0,4,977.0,291.0,686.0,1268,,
"ly-163,502",2,0,4,977.0,232.0,745.0,1209,,
"ym 298198, desmethyl-",1,0,4,977.0,0.0,,977,,
salmeterol,1,0,4,978.0,0.0,,978,,
ranolazine,1,0,4,979.0,0.0,,979,,
BRD-K20718732,1,0,4,981.0,0.0,,981,,
pd 407824,3,0,4,981.3333333333334,587.5771344163155,791.0,1777,,376.0
BRD-A37735495,2,0,4,982.0,173.0,809.0,1155,,
BRD-K12184916,3,0,4,982.3333333333334,635.7894480267994,841.0,1822,284.0,
PHA-767491,3,0,4,982.6666666666666,692.0391767972549,706.0,1934,308.0,
promazine hydrochloride,2,0,4,983.5,422.5,561.0,1406,,
ncgc00181233-01,1,0,4,984.0,0.0,,984,,
mls-0435555.0001,2,0,4,984.5,424.5,560.0,1409,,
purmorphamine,2,0,4,985.0,281.0,704.0,1266,,
ncgc00166395-02,2,0,4,986.5,38.5,1025.0,948,,
dequalinium dichloride,1,0,4,987.0,0.0,,987,,
m-3m3fbs,3,0,4,987.6666666666666,568.5210833577082,930.0,1711,322.0,
BRD-K35133769,2,0,4,989.0,410.0,579.0,1399,,
BRD-K93605482,1,0,4,989.0,0.0,,989,,
azacitidine,3,0,4,989.3333333333334,655.2487229204562,820.0,1863,285.0,
e3380,2,0,4,989.5,399.5,590.0,1389,,
norcyclobenzaprine,1,0,4,990.0,0.0,,990,,
KIN001-043,4,0,4,991.0,787.2486900592468,987.0,2276,290.0,411.0
BRD-A41451487,3,0,4,992.3333333333334,704.8296878600453,969.0,1867,141.0,
BRD-K72451865,1,0,4,994.0,0.0,,994,,
JW55,2,0,4,994.0,341.0,653.0,1335,,
tetrahydropalmatine,1,0,4,995.0,0.0,,995,,
nnc 55-0396 dihydrochloride,3,0,4,995.3333333333334,543.2975448336043,1022.0,1647,317.0,
BRD-K17140735,3,0,4,996.6666666666666,545.6508855384448,1053.0,1635,302.0,
hy-13001,1,0,4,997.0,0.0,,997,,
"vegf receptor 3 kinase inhibitor, maz51",1,0,4,999.0,0.0,,999,,
BRD-A68065211,2,0,4,1000.5,353.5,647.0,1354,,
necrostatin-1,1,0,4,1001.0,0.0,,1001,,
mw-ras12,3,0,4,1002.3333333333334,449.7260894762005,1046.0,1530,431.0,
norketamine hydrochloride,2,0,4,1004.0,188.0,816.0,1192,,
thiophene-2-carboxylic acid benzothiazol-2-ylamide mls-0446110.0001,1,0,4,1004.0,0.0,,1004,,
Y-27632,2,0,4,1005.5,389.5,616.0,1395,,
BRD-K52321331,3,0,4,1005.6666666666666,891.9470587179239,494.0,2260,263.0,
BRD-K66555411,1,0,4,1006.0,0.0,,1006,,
BRD-K69852452,3,0,4,1006.3333333333334,578.121286774862,919.0,1754,346.0,
SB-525334,1,0,4,1008.0,0.0,,1008,,
dc-45-a2,2,0,4,1008.0,247.0,761.0,1255,,
BRD-K10649245,1,0,4,1009.0,0.0,,1009,,
selamectin,3,0,4,1010.6666666666666,616.7232406481497,898.0,1816,318.0,
CP466722,4,0,4,1012.25,796.4057932360864,1093.0,2280,254.0,422.0
BRD-K00028814,1,0,4,1013.0,0.0,,1013,,
s1364,1,0,4,1015.0,0.0,,1015,,
bml-st330,1,0,4,1016.0,0.0,,1016,,
purvalanol a,2,0,4,1017.0,75.0,942.0,1092,,
sq 22536,1,0,4,1017.0,0.0,,1017,,
sib 1893,3,0,4,1018.3333333333334,572.9836142702706,961.0,1747,347.0,
harpagoside,1,0,4,1019.0,0.0,,1019,,
tetrindole mesylate,3,0,4,1022.6666666666666,612.7241539950003,872.0,1837,359.0,
nutlin-3,3,0,4,1023.0,801.4224853346705,832.0,2086,151.0,
norethindrone,2,0,4,1024.5,247.5,777.0,1272,,
BRD-K90430314,1,0,4,1027.0,0.0,,1027,,
brompheniramine maleate,2,0,4,1027.0,820.0,207.0,1847,,
valdecoxib,3,0,4,1027.3333333333333,537.0147939199524,1082.0,1656,344.0,
BRD-K61981833,1,0,4,1028.0,0.0,,1028,,
cgp 57380,2,0,4,1028.0,761.0,267.0,1789,,
BRD-K86027709,1,0,4,1030.0,0.0,,1030,,
indirubin,2,0,4,1030.5,407.5,623.0,1438,,
BRD-K55722623,1,0,4,1031.0,0.0,,1031,,
pi 103 hydrochloride,3,0,4,1031.6666666666667,587.2797932464181,1009.0,1762,324.0,
BRD-A27640568,1,0,4,1034.0,0.0,,1034,,
cgp 71683 hydrochloride,3,0,4,1034.6666666666667,690.692567081927,797.0,1974,333.0,
BRD-U44700465,1,0,4,1035.0,0.0,,1035,,
BRD-K39944607,2,0,4,1036.5,73.5,1110.0,963,,
ch 55,2,0,4,1036.5,555.5,481.0,1592,,
cinnarizine,1,0,4,1037.0,0.0,,1037,,
pik-90,3,0,4,1038.0,784.2053302547745,685.0,2125,304.0,
BRD-A63583287,2,0,4,1038.5,179.5,859.0,1218,,
BRD-K30849099,1,0,4,1039.0,0.0,,1039,,
tremulacin,2,0,4,1039.5,381.5,658.0,1421,,
d3943,2,0,4,1040.0,837.0,203.0,1877,,
thioridazine hydrochloride,3,0,4,1040.3333333333333,572.9725609098184,1003.0,1760,358.0,
BRD-K59470558,1,0,4,1042.0,0.0,,1042,,
cosmosiin,2,0,4,1042.0,13.0,1029.0,1055,,
BRD-K19295594,3,0,4,1042.6666666666667,509.05751694239376,1092.0,1640,396.0,
BRD-K11558771,1,0,4,1045.0,0.0,,1045,,
np-002491,3,0,4,1045.0,598.4251554427393,893.0,1842,400.0,
tacrolimus,1,0,4,1047.0,0.0,,1047,,
isoquercitrin,1,0,4,1048.0,0.0,,1048,,
BRD-K89059493,1,0,4,1049.0,0.0,,1049,,
calpeptin,2,0,4,1050.5,150.5,900.0,1201,,
hy-10161,3,0,4,1050.6666666666667,844.468406092785,771.0,2196,185.0,
v2264,2,0,4,1053.0,396.0,657.0,1449,,
bntx maleate,2,0,4,1056.0,401.0,655.0,1457,,
ha-1004,1,0,4,1058.0,0.0,,1058,,
hy-11006,2,0,4,1059.0,1.0,1058.0,1060,,
mls-0359128.0001,1,0,4,1059.0,0.0,,1059,,
pivmecillinam hydrochloride,2,0,4,1059.0,80.0,979.0,1139,,
cyclo [arg-gly-asp-d-phe-val],2,0,4,1060.0,394.0,666.0,1454,,
BRD-K33720404,1,0,4,1061.0,0.0,,1061,,
s6005,1,0,4,1062.0,0.0,,1062,,
mls-0091944.0001,1,0,4,1064.0,0.0,,1064,,
SB-216763,3,0,4,1066.3333333333333,777.4198065109711,696.0,2148,355.0,
BRD-K36354764,2,0,4,1067.0,579.0,488.0,1646,,
mercaptopurine,1,0,4,1067.0,0.0,,1067,,
t5323840,1,0,4,1068.0,0.0,,1068,,
ncgc00182609-01,2,0,4,1068.5,680.5,388.0,1749,,
pipamperone,2,0,4,1070.5,262.5,808.0,1333,,
BRD-K87426499,1,0,4,1072.0,0.0,,1072,,
naloxone benzoylhydrazone,2,0,4,1072.0,534.0,538.0,1606,,
BRD-K01436366,2,0,4,1077.0,72.0,1149.0,1005,,
nimodipine,3,0,4,1079.3333333333333,814.5699615270761,770.0,2195,273.0,
leflunomide,1,0,4,1080.0,0.0,,1080,,
BRD-K74761218,2,0,4,1081.5,283.5,798.0,1365,,
maprotiline hydrochloride,2,0,4,1081.5,246.5,835.0,1328,,
BRD-K14880289,1,0,4,1084.0,0.0,,1084,,
BRD-K05197617,1,0,4,1085.0,0.0,,1085,,
"ici-162,846",3,0,4,1085.3333333333333,522.6116042424708,1137.0,1698,421.0,
gr 103691,1,0,4,1086.0,0.0,,1086,,
BRD-K68174511,3,0,4,1087.0,721.3154649666122,805.0,2077,,379.0
ei-328,1,0,4,1087.0,0.0,,1087,,
pifithrin- ?,2,0,4,1087.0,355.0,732.0,1442,,
mls-0146291.0001,2,0,4,1087.5,517.5,570.0,1605,,
GSK1059615,3,0,4,1087.6666666666667,870.0533827811307,951.0,2215,97.0,
imodium,2,0,4,1089.0,47.0,1042.0,1136,,
leoidin dimethyl ether,1,0,4,1089.0,0.0,,1089,,
BRD-K25690923,1,0,4,1090.0,0.0,,1090,,
hki-272,2,0,4,1090.0,90.0,1000.0,1180,,
s1169,2,0,4,1090.0,267.0,823.0,1357,,
c1386,1,0,4,1094.0,0.0,,1094,,
vu0365121-1,2,0,4,1094.0,39.0,1055.0,1133,,
BRD-K25536815,2,0,4,1094.5,284.5,810.0,1379,,
BRD-K68007270,2,0,4,1095.5,426.5,669.0,1522,,
ncgc00183412-01,1,0,4,1096.0,0.0,,1096,,
ncgc00182380-01,2,0,4,1097.0,498.0,599.0,1595,,
ncgc00242335-01,2,0,4,1097.0,103.0,994.0,1200,,
t 0070907,1,0,4,1098.0,0.0,,1098,,
CHIR-99021,4,0,4,1100.5,806.9691753716495,1179.0,2390,409.0,424.0
g5797,1,0,4,1101.0,0.0,,1101,,
np-001236,3,0,4,1101.6666666666667,588.2002682382554,1021.0,1859,425.0,
glyburide,2,0,4,1103.0,439.0,664.0,1542,,
l 161982,1,0,4,1103.0,0.0,,1103,,
isocarboxazid,1,0,4,1104.0,0.0,,1104,,
BRD-K94325918,3,0,4,1106.0,609.2394165405475,1088.0,1861,369.0,
cucurbitacin i,2,0,4,1106.0,44.0,1062.0,1150,,
sew 05685,1,0,4,1106.0,0.0,,1106,,
ON-01910,3,0,4,1107.0,645.7228507649393,1080.0,1911,330.0,
st4062971,1,0,4,1107.0,0.0,,1107,,
GDC-0879,3,0,4,1108.6666666666667,644.8215946204725,952.0,1965,,409.0
x0379,1,0,4,1110.0,0.0,,1110,,
ncgc00188700-01,1,0,4,1111.0,0.0,,1111,,
OSI-930,3,0,4,1111.6666666666667,598.8513078293216,1141.0,1830,364.0,
BRD-K80348542,2,0,4,1113.0,309.0,804.0,1422,,
dl-pdmp,3,0,4,1114.0,543.8608890761191,1158.0,1757,427.0,
mitotane,3,0,4,1114.3333333333333,897.701261865859,799.0,2337,207.0,
gw 441756,2,0,4,1115.5,559.5,556.0,1675,,
sdz nkt 343,1,0,4,1116.0,0.0,,1116,,
cyclopenthiazide,1,0,4,1117.0,0.0,,1117,,
BRD-K08448573,3,0,4,1118.3333333333333,704.1459760273827,928.0,2060,367.0,
KI20227,3,0,4,1118.3333333333333,767.3436141796075,894.0,2150,311.0,
ys-035 hydrochloride,1,0,4,1119.0,0.0,,1119,,
BRD-K16940042,1,0,4,1121.0,0.0,,1121,,
BRD-K31841256,1,0,4,1122.0,0.0,,1122,,
fk506,2,0,4,1122.0,255.0,867.0,1377,,
liothyronine,2,0,4,1122.5,169.5,953.0,1292,,
BRD-K60870698,2,0,4,1123.0,333.0,790.0,1456,,
BRD-U31801276,2,0,4,1123.5,460.5,663.0,1584,,
kuc103672 kuc103672n,2,0,4,1124.0,381.0,743.0,1505,,
skatole,1,0,4,1124.0,0.0,,1124,,
BRD-K60895275,1,0,4,1125.0,0.0,,1125,,
BRD-K88329126,1,0,4,1126.0,0.0,,1126,,
ncgc00183696-01,3,0,4,1126.3333333333333,723.6483185145178,960.0,2084,335.0,
ci 976,2,0,4,1126.5,761.5,365.0,1888,,
BRD-A62809825,3,0,4,1126.6666666666667,734.3170674548941,857.0,2130,,393.0
BRD-K18724229,2,0,4,1127.5,219.5,908.0,1347,,
protein tyrosine phosphatase inhibitor iv,1,0,4,1129.0,0.0,,1129,,
BRD-A75409952 (wortmannin),2,0,4,1130.5,451.5,679.0,1582,,
BRD-A84524947,1,0,4,1131.0,0.0,,1131,,
cyt997,2,0,4,1133.5,226.5,907.0,1360,,
betamethasone acetate,2,0,4,1134.0,358.0,776.0,1492,,
cdc,2,0,4,1134.5,223.5,911.0,1358,,
bms-754807,3,0,4,1135.6666666666667,735.291929931386,977.0,2105,325.0,
pkc-412,2,0,4,1137.5,464.5,673.0,1602,,
mls-0390979,1,0,4,1140.0,0.0,,1140,,
BRD-K78930611,1,0,4,1141.0,0.0,,1141,,
diphenyleneiodonium chloride,3,0,4,1141.6666666666667,719.9635793257569,1061.0,2061,303.0,
gw 1929,1,0,4,1142.0,0.0,,1142,,
BRD-K92301463,2,0,4,1142.5,303.5,839.0,1446,,
BRD-K89451433,1,0,4,1143.0,0.0,,1143,,
Y-39983,3,0,4,1143.6666666666667,852.2066781140725,831.0,2308,292.0,
BRD-K71199328,1,0,4,1144.0,0.0,,1144,,
BRD-K41925105,2,0,4,1144.5,625.5,519.0,1770,,
ei-247,1,0,4,1145.0,0.0,,1145,,
KIN001-260;,1,0,4,1147.0,0.0,,1147,,
donepezil hydrochloride,2,0,4,1147.0,444.0,703.0,1591,,
chr 2797,3,0,4,1148.3333333333333,643.4787400442139,1045.0,1983,,417.0
ncgc00167094-01,1,0,4,1149.0,0.0,,1149,,
jtc 801,2,0,4,1150.0,69.0,1081.0,1219,,
arg-a1-22 brd-k91349888,2,0,4,1150.5,259.5,891.0,1410,,
fipronil,1,0,4,1153.0,0.0,,1153,,
gr 32191 hydrochloride,2,0,4,1157.5,309.5,848.0,1467,,
BRD-K81795824,2,0,4,1158.0,19.0,1139.0,1177,,
BRD-K91145395,3,0,4,1158.3333333333333,726.6110070426648,971.0,2127,377.0,
GW-843682X,3,0,4,1160.6666666666667,775.9546092108452,949.0,2199,334.0,
jak3 inhibitor ii,2,0,4,1161.0,303.0,858.0,1464,,
BRD-K33164466,2,0,4,1161.5,521.5,640.0,1683,,
pd 158780,1,0,4,1163.0,0.0,,1163,,
clonidine hydrochloride,1,0,4,1164.0,0.0,,1164,,
BRD-K31412180,1,0,4,1166.0,0.0,,1166,,
BRD-K61717269,2,0,4,1166.5,822.5,344.0,1989,,
BRD-K73261812,2,0,4,1167.5,430.5,737.0,1598,,
GSK-429286A,2,0,4,1167.5,450.5,717.0,1618,,
estradiol benzoate,1,0,4,1168.0,0.0,,1168,,
rosuvastatin calcium,2,0,4,1168.5,304.5,864.0,1473,,
ncgc00186101-01,1,0,4,1169.0,0.0,,1169,,
BRD-K45735142,1,0,4,1170.0,0.0,,1170,,
ncgc00181799-01,1,0,4,1172.0,0.0,,1172,,
bo2 (inhibits rad51),3,0,4,1172.6666666666667,669.0537264591603,1100.0,2026,392.0,
ncgc00183247-01,1,0,4,1173.0,0.0,,1173,,
BRD-K18074178,1,0,4,1174.0,0.0,,1174,,
BRD-K55116708,2,0,4,1174.0,396.0,778.0,1570,,
quizartinib,2,0,4,1174.5,450.5,724.0,1625,,
BRD-U86922168,2,0,4,1175.0,441.0,734.0,1616,,
cinanserin hydrochloride,1,0,4,1175.0,0.0,,1175,,
s1527,2,0,4,1175.5,796.5,379.0,1972,,
trimeprazine tartrate,1,0,4,1176.0,0.0,,1176,,
BRD-K81473043,2,0,4,1177.0,323.0,854.0,1500,,
BRD-K37798499,2,0,4,1180.0,1046.0,134.0,2226,,
ebpc,1,0,4,1181.0,0.0,,1181,,
aminocaproic acid,1,0,4,1182.0,0.0,,1182,,
lonidamine,2,0,4,1183.0,190.0,993.0,1373,,
akti-1/2,3,0,4,1183.6666666666667,741.2189659982774,992.0,2172,387.0,
flucloxacillin sodium,1,0,4,1184.0,0.0,,1184,,
BRD-K58347372,2,0,4,1184.5,435.5,749.0,1620,,
z2777,1,0,4,1185.0,0.0,,1185,,
BRD-K78385490,3,0,4,1187.0,761.1902959619669,943.0,2217,401.0,
sb 269970 hydrochloride,1,0,4,1187.0,0.0,,1187,,
dibutyrylcyclic amp,1,0,4,1188.0,0.0,,1188,,
BRD-A80574334,1,0,4,1189.0,0.0,,1189,,
BRD-K14027855,2,0,4,1190.0,124.0,1066.0,1314,,
np-004102,1,0,4,1190.0,0.0,,1190,,
daminozide,2,0,4,1190.5,584.5,606.0,1775,,
clopidogrel,1,0,4,1191.0,0.0,,1191,,
t0516-4420,1,0,4,1194.0,0.0,,1194,,
hydrastinine hydrochloride,1,0,4,1195.0,0.0,,1195,,
BRD-A47816767,2,0,4,1197.0,475.0,722.0,1672,,
jnj 16259685,1,0,4,1197.0,0.0,,1197,,
BRD-K79619196,1,0,4,1198.0,0.0,,1198,,
bl-077,2,0,4,1202.0,49.0,1153.0,1251,,
mifepristone,1,0,4,1202.0,0.0,,1202,,
v-ama37,1,0,4,1203.0,0.0,,1203,,
mk-0591,2,0,4,1205.5,242.5,963.0,1448,,
abt-751,3,0,4,1205.6666666666667,695.1955759992211,1085.0,2111,,421.0
peitc,2,0,4,1206.5,301.5,905.0,1508,,
benazepril hydrochloride,2,0,4,1207.5,278.5,929.0,1486,,
indole-3-carbinol,1,0,4,1208.0,0.0,,1208,,
BRD-K62310379 (fluticasone propionate),2,0,4,1208.5,945.5,263.0,2154,,
TPCA-1,3,0,4,1209.3333333333333,676.2525826609134,1169.0,2057,402.0,
ncgc00182388-01,1,0,4,1210.0,0.0,,1210,,
BRD-K21672423,2,0,4,1210.5,643.5,567.0,1854,,
BRD-K53414658,2,0,4,1210.5,171.5,1039.0,1382,,
BRD-K06476055,1,0,4,1211.0,0.0,,1211,,
VX-745,2,0,4,1211.0,573.0,638.0,1784,,
BRD-K65955264,3,0,4,1213.6666666666667,665.1337375963491,1177.0,2046,418.0,
BRD-K86472598,1,0,4,1214.0,0.0,,1214,,
thiazolopyrimidine,2,0,4,1214.0,414.0,800.0,1628,,
s1452,2,0,4,1215.0,188.0,1027.0,1403,,
BRD-U88878891,1,0,4,1216.0,0.0,,1216,,
taxol,2,0,4,1216.0,262.0,954.0,1478,,
BRD-K93760529,1,0,4,1217.0,0.0,,1217,,
BRD-K96405393,3,0,4,1218.3333333333333,730.8398517383196,1084.0,2173,398.0,
norgestrel,2,0,4,1219.5,611.5,608.0,1831,,
isoreserpine,1,0,4,1220.0,0.0,,1220,,
ethyl-beta-carboline-3-carboxylate,2,0,4,1221.0,295.0,926.0,1516,,
yk 4-279,2,0,4,1221.5,126.5,1095.0,1348,,
spb02303,2,0,4,1222.0,927.0,295.0,2149,,
BRD-K28115298,2,0,4,1223.0,273.0,950.0,1496,,
"2,4-dideoxy-dc-45-a2",2,0,4,1223.5,393.5,830.0,1617,,
ALW-II-49-7,3,0,4,1224.0,760.0999934219182,1026.0,2238,408.0,
BRD-K79779816,1,0,4,1226.0,0.0,,1226,,
mst- 312,2,0,4,1226.5,611.5,615.0,1838,,
diflorasone diacetate,2,0,4,1227.0,672.0,555.0,1899,,
methyl benzethonium chloride,3,0,4,1227.0,740.7622200589516,1120.0,2183,378.0,
vincristine sulfate,2,0,4,1227.0,593.0,634.0,1820,,
y 134,2,0,4,1227.0,460.0,767.0,1687,,
BRD-K35483542,1,0,4,1228.0,0.0,,1228,,
deguelin(-),1,0,4,1229.0,0.0,,1229,,
artesunate,2,0,4,1230.0,60.0,1170.0,1290,,
domperidone,1,0,4,1230.0,0.0,,1230,,
exemestane,2,0,4,1230.0,465.0,765.0,1695,,
vu0405172-2,2,0,4,1230.0,543.0,687.0,1773,,
BRD-K67870070,2,0,4,1230.5,235.5,995.0,1466,,
BRD-K85123403,1,0,4,1231.0,0.0,,1231,,
enzastaurin,3,0,4,1231.6666666666667,779.1800533609388,1032.0,2270,393.0,
tpl2,1,0,4,1232.0,0.0,,1232,,
na-tosyl-phe chloromethyl ketone,2,0,4,1232.5,692.5,540.0,1925,,
arg-a1-2 brd-k39580048,1,0,4,1234.0,0.0,,1234,,
BRD-A06929388,2,0,4,1234.5,638.5,596.0,1873,,
gw 843682x,2,0,4,1234.5,196.5,1038.0,1431,,
SB-239063,1,0,4,1235.0,0.0,,1235,,
u0126,2,0,4,1236.5,462.5,774.0,1699,,
BRD-U64289953,1,0,4,1238.0,0.0,,1238,,
desoxymetasone,2,0,4,1238.5,804.5,434.0,2043,,
p0030,2,0,4,1240.5,294.5,946.0,1535,,
BRD-K00430421,1,0,4,1241.0,0.0,,1241,,
n- (2-aminoethyl)-4-chlorobenzamide (ro-16-6491),1,0,4,1242.0,0.0,,1242,,
BRD-U37049823,2,0,4,1243.0,288.0,955.0,1531,,
l-cis-diltiazem,3,0,4,1243.3333333333333,809.0637936666194,991.0,2336,403.0,
BRD-K94390040,1,0,4,1245.0,0.0,,1245,,
pdgf receptor tyrosine kinase inhibitor i,2,0,4,1245.0,198.0,1047.0,1443,,
BRD-K16331660,1,0,4,1247.0,0.0,,1247,,
BRD-K72381041,1,0,4,1249.0,0.0,,1249,,
mls-0106435.0004,1,0,4,1250.0,0.0,,1250,,
BRD-A51777634,2,0,4,1251.0,261.0,990.0,1512,,
lylamine hydrochloride,2,0,4,1251.5,704.5,547.0,1956,,
herniarin,2,0,4,1253.5,480.5,773.0,1734,,
BRD-K99502566,1,0,4,1257.0,0.0,,1257,,
zk 164015,3,0,4,1257.3333333333333,752.9397201783303,1116.0,2242,414.0,
ic 261,1,0,4,1258.0,0.0,,1258,,
vu0418939-2,2,0,4,1259.5,278.5,981.0,1538,,
BRD-K16180117,1,0,4,1260.0,0.0,,1260,,
bl-081,3,0,4,1261.3333333333333,839.581377168937,1086.0,2366,332.0,
butamben,2,0,4,1261.5,563.5,698.0,1825,,
chlormadinone acetate,2,0,4,1263.0,822.0,441.0,2085,,
ciclopirox ethanolamine,3,0,4,1263.0,780.8930784684931,1117.0,2284,388.0,
BRD-K57353465,1,0,4,1264.0,0.0,,1264,,
amiodarone hydrochloride,1,0,4,1265.0,0.0,,1265,,
5-nonyloxytryptamine,3,0,4,1265.6666666666667,728.9299615799099,1154.0,2209,434.0,
pp 2,2,0,4,1268.5,489.5,779.0,1758,,
rs 17053 hydrochloride,3,0,4,1269.3333333333333,807.8540847345033,1104.0,2331,373.0,
BRD-K89329876,2,0,4,1270.5,199.5,1071.0,1470,,
vu0418934-2,2,0,4,1271.5,524.5,747.0,1796,,
BRD-K79382620,3,0,4,1273.0,747.8841264973248,1163.0,2239,417.0,
triflupromazine hydrochloride,1,0,4,1274.0,0.0,,1274,,
BRD-K14236372,2,0,4,1274.5,359.5,915.0,1634,,
vu0404997-2,1,0,4,1275.0,0.0,,1275,,
BRD-K95895342,1,0,4,1276.0,0.0,,1276,,
digoxigenin,2,0,4,1276.0,861.0,415.0,2137,,
sb 431542,2,0,4,1276.5,594.5,682.0,1871,,
ncgc00242553-01,1,0,4,1277.0,0.0,,1277,,
BRD-K39866321,1,0,4,1278.0,0.0,,1278,,
BRD-K58306044,2,0,4,1279.5,465.5,814.0,1745,,
tl hras24 brd-k93060291,3,0,4,1279.6666666666667,781.3361774692263,1129.0,2303,407.0,
"tiratricol, 3,3',5-triiodothyroacetic acid",1,0,4,1282.0,0.0,,1282,,
dephostatin,2,0,4,1282.5,638.5,644.0,1921,,
niguldipine,3,0,4,1284.0,803.940710915094,1099.0,2348,405.0,
BRD-K25731886,2,0,4,1285.0,107.0,1178.0,1392,,
BRD-K64058329,1,0,4,1285.0,0.0,,1285,,
oxindole i,2,0,4,1285.0,500.0,785.0,1785,,
BRD-K18595892,2,0,4,1286.5,808.5,478.0,2095,,
BRD-K61105081,1,0,4,1287.0,0.0,,1287,,
inhibitor bec hydrochloride,2,0,4,1287.0,521.0,766.0,1808,,
etoposide,2,0,4,1288.0,507.0,781.0,1795,,
kuc104137 kuc104137c,1,0,4,1288.0,0.0,,1288,,
evista,2,0,4,1289.5,1016.5,273.0,2306,,
"chrysene-1,4-quinone",2,0,4,1291.5,180.5,1111.0,1472,,
BRD-K96076993,1,0,4,1294.0,0.0,,1294,,
hy-70061,2,0,4,1294.0,442.0,852.0,1736,,
BRD-K89546934,1,0,4,1296.0,0.0,,1296,,
BRD-K39687892,1,0,4,1300.0,0.0,,1300,,
sericetin dimethyl ether,1,0,4,1302.0,0.0,,1302,,
BRD-K04363266,1,0,4,1303.0,0.0,,1303,,
12k-613s,1,0,4,1305.0,0.0,,1305,,
ter14687,1,0,4,1309.0,0.0,,1309,,
t5212475,2,0,4,1313.5,451.5,862.0,1765,,
thiotepa,1,0,4,1315.0,0.0,,1315,,
BRD-K35004659,3,0,4,1315.6666666666667,782.3052828375605,1181.0,2334,432.0,
gw 5074,3,0,4,1315.6666666666667,793.9707523300563,1164.0,2355,428.0,
BRD-K39757396,1,0,4,1316.0,0.0,,1316,,
"stat3 inhibitor vi, s31-201",1,0,4,1317.0,0.0,,1317,,
nadolol,2,0,4,1318.5,295.5,1023.0,1614,,
ml 3163,3,0,4,1320.6666666666667,805.0193924510281,1144.0,2383,435.0,
BRD-K37724988,1,0,4,1321.0,0.0,,1321,,
papaverine hydrochloride,1,0,4,1322.0,0.0,,1322,,
ag 825,1,0,4,1323.0,0.0,,1323,,
trifluoperazine dihydrochloride,2,0,4,1323.5,400.5,923.0,1724,,
BRD-K14749055,1,0,4,1324.0,0.0,,1324,,
bucladesine,2,0,4,1325.5,234.5,1091.0,1560,,
s1142,2,0,4,1330.0,567.0,763.0,1897,,
betamethasone,2,0,4,1330.5,518.5,812.0,1849,,
prednisolone,3,0,4,1331.0,806.5085244434804,1171.0,2389,433.0,
psb 36,1,0,4,1332.0,0.0,,1332,,
bibx 1382 dihydrochloride,2,0,4,1334.5,624.5,710.0,1959,,
BRD-K07061353,1,0,4,1336.0,0.0,,1336,,
BRD-A85712510,1,0,4,1337.0,0.0,,1337,,
s1481,1,0,4,1338.0,0.0,,1338,,
BRD-A68061604,1,0,4,1339.0,0.0,,1339,,
urapidil hydrochloride,2,0,4,1339.5,704.5,635.0,2044,,
np-000732,1,0,4,1341.0,0.0,,1341,,
darinaparsin,3,0,4,1342.0,821.1776096963839,1185.0,2417,424.0,
paroxetine hydrochloride,2,0,4,1342.0,440.0,902.0,1782,,
xylazine,1,0,4,1343.0,0.0,,1343,,
pifithrin- a hydrobromide,2,0,4,1344.0,564.0,780.0,1908,,
prednisolone acetate,1,0,4,1344.0,0.0,,1344,,
rev-5901,1,0,4,1345.0,0.0,,1345,,
isoflupredone acetate,1,0,4,1346.0,0.0,,1346,,
BRD-K74486276,2,0,4,1347.0,172.0,1175.0,1519,,
srt-1720,2,0,4,1348.0,342.0,1006.0,1690,,
budesonide,2,0,4,1349.0,674.0,675.0,2023,,
stock2s-79598,1,0,4,1349.0,0.0,,1349,,
BRD-K07005393,2,0,4,1351.0,200.0,1151.0,1551,,
s2001,1,0,4,1351.0,0.0,,1351,,
cid 755673,1,0,4,1352.0,0.0,,1352,,
fluspirilen,2,0,4,1353.0,542.0,811.0,1895,,
ncgc00188012-01,1,0,4,1353.0,0.0,,1353,,
BRD-K82732294,2,0,4,1353.5,397.5,956.0,1751,,
BRD-K52075040,2,0,4,1354.0,386.0,968.0,1740,,
tolazamide,1,0,4,1355.0,0.0,,1355,,
glimepiride,1,0,4,1356.0,0.0,,1356,,
dcebio,2,0,4,1357.0,585.0,772.0,1942,,
arctigenin,1,0,4,1363.0,0.0,,1363,,
am580,2,0,4,1363.5,397.5,966.0,1761,,
ncgc00184834-01,2,0,4,1363.5,258.5,1105.0,1622,,
BRD-K02174945,1,0,4,1364.0,0.0,,1364,,
jte 013,2,0,4,1365.0,500.0,865.0,1865,,
chemistry 1735,2,0,4,1366.5,489.5,877.0,1856,,
bapta-am,2,0,4,1367.0,493.0,874.0,1860,,
danthron,1,0,4,1367.0,0.0,,1367,,
le 135,2,0,4,1367.5,571.5,796.0,1939,,
mitomycin c,2,0,4,1367.5,610.5,757.0,1978,,
BRD-K97701319,2,0,4,1368.0,353.0,1015.0,1721,,
orlistat,1,0,4,1369.0,0.0,,1369,,
BRD-K72615639,1,0,4,1370.0,0.0,,1370,,
BRD-K65366129,2,0,4,1370.5,567.5,803.0,1938,,
BRD-K06009608,2,0,4,1371.0,398.0,973.0,1769,,
BRD-K28180706,2,0,4,1373.5,440.5,933.0,1814,,
blebbistatin,1,0,4,1374.0,0.0,,1374,,
BRD-K28366633,2,0,4,1374.5,194.5,1180.0,1569,,
vu0415555-1,2,0,4,1379.5,465.5,914.0,1845,,
ag 592,2,0,4,1380.0,509.0,871.0,1889,,
mbcq,1,0,4,1381.0,0.0,,1381,,
THZ-2-98-01,2,0,4,1382.0,788.0,594.0,2170,,
cp 93129 dihydrochloride,2,0,4,1383.0,762.0,621.0,2145,,
rhodomyrtoxin,1,0,4,1384.0,0.0,,1384,,
stock4s-23872,1,0,4,1385.0,0.0,,1385,,
irbesartan,1,0,4,1387.0,0.0,,1387,,
fenretinide,2,0,4,1388.0,440.0,948.0,1828,,
ncgc00183401-01,1,0,4,1388.0,0.0,,1388,,
BRD-K08307026,2,0,4,1389.0,521.0,868.0,1910,,
glipizide,1,0,4,1390.0,0.0,,1390,,
piroxicam,2,0,4,1392.0,382.0,1010.0,1774,,
stock4s-72743,1,0,4,1393.0,0.0,,1393,,
BRD-K05153001,2,0,4,1394.5,422.5,972.0,1817,,
isradipine,1,0,4,1396.0,0.0,,1396,,
ncgc00167398-02,2,0,4,1397.0,346.0,1051.0,1743,,
np-009265,1,0,4,1397.0,0.0,,1397,,
qs 11,2,0,4,1397.5,354.5,1043.0,1752,,
thonzonium bromide,1,0,4,1398.0,0.0,,1398,,
BRD-K18163752,2,0,4,1399.0,524.0,875.0,1923,,
BRD-K88198340,2,0,4,1399.5,509.5,890.0,1909,,
zoxazolamine,1,0,4,1400.0,0.0,,1400,,
nefazodone hydrochloride,1,0,4,1401.0,0.0,,1401,,
rg 108,2,0,4,1401.0,266.0,1135.0,1667,,
fenbendazole,1,0,4,1402.0,0.0,,1402,,
(e)-capsaicin,1,0,4,1405.0,0.0,,1405,,
BRD-K64985742,1,0,4,1407.0,0.0,,1407,,
VE821,2,0,4,1409.0,688.0,721.0,2097,,
BRD-K55844427,2,0,4,1409.5,473.5,936.0,1883,,
epicatechin monogallate,1,0,4,1411.0,0.0,,1411,,
BRD-A20589515,1,0,4,1412.0,0.0,,1412,,
BRD-K95138506,1,0,4,1413.0,0.0,,1413,,
t5345967,2,0,4,1413.0,503.0,910.0,1916,,
luzindole,2,0,4,1413.5,543.5,870.0,1957,,
nifedipine,2,0,4,1414.0,425.0,989.0,1839,,
BRD-K85051645,1,0,4,1415.0,0.0,,1415,,
wiskostatin,1,0,4,1416.0,0.0,,1416,,
sb 216641 hydrochloride,1,0,4,1417.0,0.0,,1417,,
ivermectin,1,0,4,1418.0,0.0,,1418,,
8-{[2-oxo-2-(1-pyrrolidinyl)ethyl]thio}quinoline,1,0,4,1419.0,0.0,,1419,,
ncgc00012588-02,2,0,4,1420.0,508.0,912.0,1928,,
nsc 3852,1,0,4,1420.0,0.0,,1420,,
syk inhibitor,2,0,4,1421.0,372.0,1049.0,1793,,
s1170,2,0,4,1423.0,353.0,1070.0,1776,,
bibu 1361 dihydrochloride,2,0,4,1423.5,416.5,1007.0,1840,,
BRD-K19181733,1,0,4,1424.0,0.0,,1424,,
pepstatin a,1,0,4,1425.0,0.0,,1425,,
BRD-K92980438,1,0,4,1426.0,0.0,,1426,,
s1352,1,0,4,1427.0,0.0,,1427,,
ag 555,2,0,4,1427.5,990.5,,2418,437.0,
cct 018159,2,0,4,1427.5,541.5,886.0,1969,,
oxiconazole,1,0,4,1428.0,0.0,,1428,,
gr-239,1,0,4,1429.0,0.0,,1429,,
olomoucine,1,0,4,1432.0,0.0,,1432,,
BRD-K83972459,2,0,4,1432.5,313.5,1119.0,1746,,
bis-tyrphostin,1,0,4,1433.0,0.0,,1433,,
BRD-K42644990,2,0,4,1433.5,708.5,725.0,2142,,
immepip dihydrobromide,1,0,4,1434.0,0.0,,1434,,
benzonatate,1,0,4,1436.0,0.0,,1436,,
n-chlorophenyl-n-hexylpiperazine,1,0,4,1437.0,0.0,,1437,,
ami-193,1,0,4,1440.0,0.0,,1440,,
BRD-K14788918,2,0,4,1444.5,318.5,1126.0,1763,,
ncgc00182393-01,2,0,4,1445.0,297.0,1148.0,1742,,
reserpine,2,0,4,1446.0,441.0,1005.0,1887,,
BRD-A81530502,2,0,4,1447.0,382.0,1065.0,1829,,
"n,n-hexamethyleneamiloride",1,0,4,1447.0,0.0,,1447,,
hy-10181,2,0,4,1447.5,469.5,978.0,1917,,
BRD-K59962020,2,0,4,1449.0,564.0,885.0,2013,,
bw-b 70c,2,0,4,1449.0,307.0,1142.0,1756,,
BRD-A96272097,2,0,4,1449.5,721.5,728.0,2171,,
BRD-K12621773,1,0,4,1450.0,0.0,,1450,,
altanserin hydrochloride,2,0,4,1450.0,555.0,895.0,2005,,
methoxsalen,2,0,4,1450.5,356.5,1094.0,1807,,
c247,1,0,4,1451.0,0.0,,1451,,
dexamethasone,2,0,4,1451.5,545.5,906.0,1997,,
BRD-K91509126 (piceatannol),1,0,4,1453.0,0.0,,1453,,
BRD-K65904652,2,0,4,1453.5,799.5,654.0,2253,,
cvf-csc-7 brd-a32595718,2,0,4,1454.5,348.5,1106.0,1803,,
BRD-K16618170,2,0,4,1456.0,497.0,959.0,1953,,
BRD-K60219430,2,0,4,1456.0,387.0,1069.0,1843,,
BRD-K74623475,1,0,4,1458.0,0.0,,1458,,
BRD-K46373671,1,0,4,1459.0,0.0,,1459,,
sb 225002,1,0,4,1460.0,0.0,,1460,,
s1011,2,0,4,1460.5,577.5,883.0,2038,,
ncgc00183371-01,1,0,4,1461.0,0.0,,1461,,
wr 216174,2,0,4,1462.5,680.5,782.0,2143,,
BRD-A75301702,1,0,4,1463.0,0.0,,1463,,
mevastatin,2,0,4,1465.0,485.0,980.0,1950,,
uk 356618,1,0,4,1465.0,0.0,,1465,,
jzl-184,2,0,4,1466.5,545.5,921.0,2012,,
prednicarbate,1,0,4,1469.0,0.0,,1469,,
BRD-K01089529,1,0,4,1471.0,0.0,,1471,,
BRD-K78373679,2,0,4,1472.0,460.0,1012.0,1932,,
BRD-K06436323,2,0,4,1473.5,557.5,916.0,2031,,
BRD-K86761848,2,0,4,1475.0,566.0,909.0,2041,,
dihydroergocristine,2,0,4,1475.0,562.0,913.0,2037,,
bl-009,1,0,4,1476.0,0.0,,1476,,
isoliquiritigenin,2,0,4,1476.5,436.5,1040.0,1913,,
BRD-A81282034,1,0,4,1477.0,0.0,,1477,,
rg-14620,2,0,4,1478.0,356.0,1122.0,1834,,
pj 34 hydrochloride,1,0,4,1479.0,0.0,,1479,,
BRD-K10114046,1,0,4,1480.0,0.0,,1480,,
bl-095,1,0,4,1481.0,0.0,,1481,,
loteprednol,1,0,4,1482.0,0.0,,1482,,
dacomitinib,2,0,4,1483.0,518.0,965.0,2001,,
4-fluoro-n-pyridin-3-yl-benzamide,1,0,4,1484.0,0.0,,1484,,
st4029573,2,0,4,1485.5,660.5,825.0,2146,,
mls-0390945.0001,1,0,4,1488.0,0.0,,1488,,
sb 205607,1,0,4,1490.0,0.0,,1490,,
sulpiride,1,0,4,1491.0,0.0,,1491,,
hy-11007,1,0,4,1493.0,0.0,,1493,,
BRD-K63068307,1,0,4,1495.0,0.0,,1495,,
gp 2a,1,0,4,1499.0,0.0,,1499,,
naproxol,2,0,4,1499.0,652.0,847.0,2151,,
chlorprothixene hydrochloride,1,0,4,1502.0,0.0,,1502,,
ncgc00182362-01,2,0,4,1502.0,428.0,1074.0,1930,,
BRD-K17773477,1,0,4,1503.0,0.0,,1503,,
BRD-K83213280,1,0,4,1506.0,0.0,,1506,,
toltrazuril,1,0,4,1509.0,0.0,,1509,,
1483-0018,1,0,4,1510.0,0.0,,1510,,
vu0418947-2,2,0,4,1510.0,454.0,1056.0,1964,,
BRD-K66254772,2,0,4,1512.5,468.5,1044.0,1981,,
"dibutyryl-camp, sodium salt",1,0,4,1514.0,0.0,,1514,,
tracazolate hydrochloride,1,0,4,1515.0,0.0,,1515,,
16beta-bromoandrosterone,2,0,4,1516.0,598.0,918.0,2114,,
BRD-K67090983,2,0,4,1516.0,360.0,1156.0,1876,,
BRD-K03015355,1,0,4,1517.0,0.0,,1517,,
BRD-K07403598,1,0,4,1518.0,0.0,,1518,,
BRD-U74615290,1,0,4,1520.0,0.0,,1520,,
carbamazepine,2,0,4,1520.0,544.0,976.0,2064,,
BRD-U44618005,1,0,4,1521.0,0.0,,1521,,
11k-629s,2,0,4,1522.5,539.5,983.0,2062,,
BRD-K33045404,1,0,4,1523.0,0.0,,1523,,
hy-10044,2,0,4,1524.5,523.5,1001.0,2048,,
s-250,1,0,4,1525.0,0.0,,1525,,
rosiglitazone hydrochloride,1,0,4,1526.0,0.0,,1526,,
BRD-K99633092,2,0,4,1526.5,343.5,1183.0,1870,,
BRD-A39121618,1,0,4,1527.0,0.0,,1527,,
BRD-U25771771,2,0,4,1528.0,405.0,1123.0,1933,,
dup 697,1,0,4,1528.0,0.0,,1528,,
BRD-K33720394,2,0,4,1529.0,737.0,792.0,2266,,
gr-109,2,0,4,1530.5,453.5,1077.0,1984,,
BRD-U68942961,1,0,4,1532.0,0.0,,1532,,
BRD-K89558221,2,0,4,1533.0,700.0,833.0,2233,,
s4002,1,0,4,1533.0,0.0,,1533,,
butein,1,0,4,1534.0,0.0,,1534,,
hts 10859,2,0,4,1535.5,408.5,1127.0,1944,,
BRD-K82580504,1,0,4,1536.0,0.0,,1536,,
ncgc00185087-01,2,0,4,1536.0,369.0,1167.0,1905,,
BRD-K90735586,2,0,4,1537.0,575.0,962.0,2112,,
tomoxetine hydrochloride,1,0,4,1537.0,0.0,,1537,,
vinpocetine,2,0,4,1538.5,463.5,1075.0,2002,,
BRD-K61175124,1,0,4,1539.0,0.0,,1539,,
cgs 12066b,1,0,4,1540.0,0.0,,1540,,
at-csc-18 brd-k01121114,2,0,4,1541.0,434.0,1107.0,1975,,
BRD-K53638321,2,0,4,1542.5,522.5,1020.0,2065,,
tegaserod,1,0,4,1543.0,0.0,,1543,,
BRD-K32927008,1,0,4,1545.0,0.0,,1545,,
BRD-K07395346,1,0,4,1546.0,0.0,,1546,,
nsc 663284,2,0,4,1546.5,449.5,1097.0,1996,,
taxifolin-(+/-),2,0,4,1547.5,559.5,988.0,2107,,
ei-263,2,0,4,1548.0,484.0,1064.0,2032,,
ncgc00181241-02,1,0,4,1548.0,0.0,,1548,,
gr 159897,2,0,4,1549.0,490.0,1059.0,2039,,
akt inhibitor x,2,0,4,1549.5,629.5,920.0,2179,,
BRD-K55612480,1,0,4,1552.0,0.0,,1552,,
a-1065,1,0,4,1553.0,0.0,,1553,,
ly-294002,1,0,4,1554.0,0.0,,1554,,
guggulsterone,1,0,4,1555.0,0.0,,1555,,
BRD-K24102129,1,0,4,1558.0,0.0,,1558,,
naloxone hydrochloride,2,0,4,1558.0,574.0,984.0,2132,,
ethisterone,1,0,4,1561.0,0.0,,1561,,
ncgc00183226-01,2,0,4,1561.0,547.0,1014.0,2108,,
isorotenone,1,0,4,1562.0,0.0,,1562,,
ALW-II-38-3,2,0,4,1562.5,508.5,1054.0,2071,,
BRD-A59145032,1,0,4,1563.0,0.0,,1563,,
BRD-K03122949,2,0,4,1563.0,578.0,985.0,2141,,
mek1/2 inhibitor,2,0,4,1564.0,534.0,1030.0,2098,,
ncgc00188714-01,1,0,4,1564.0,0.0,,1564,,
BRD-K01834163,2,0,4,1564.5,582.5,982.0,2147,,
BRD-K18726304,2,0,4,1565.0,633.0,932.0,2198,,
raltitrexed,1,0,4,1566.0,0.0,,1566,,
"l-690,330",1,0,4,1567.0,0.0,,1567,,
BRD-K31851742,2,0,4,1568.5,440.5,1128.0,2009,,
ncgc00187945-01,2,0,4,1569.0,751.0,818.0,2320,,
r(+)-6-bromo-apb,2,0,4,1569.5,493.5,1076.0,2063,,
gabexate mesylate,1,0,4,1571.0,0.0,,1571,,
y-27152,2,0,4,1571.5,547.5,1024.0,2119,,
cc-100,1,0,4,1572.0,0.0,,1572,,
devazepide,2,0,4,1572.0,537.0,1035.0,2109,,
BRD-K73155123,1,0,4,1573.0,0.0,,1573,,
ncgc00185090-03,2,0,4,1573.0,449.0,1124.0,2022,,
a2478,1,0,4,1574.0,0.0,,1574,,
"l-689,560",1,0,4,1576.0,0.0,,1576,,
BRD-K02641134,1,0,4,1577.0,0.0,,1577,,
lovastatin,1,0,4,1578.0,0.0,,1578,,
BRD-K58547240,1,0,4,1579.0,0.0,,1579,,
ipratropium bromide,1,0,4,1580.0,0.0,,1580,,
hy-11068,2,0,4,1580.5,547.5,1033.0,2128,,
mrs 1220,1,0,4,1581.0,0.0,,1581,,
"hydrastine (1r, 9s)",1,0,4,1583.0,0.0,,1583,,
BRD-K85818861,1,0,4,1585.0,0.0,,1585,,
BRD-A49848186,2,0,4,1586.5,736.5,850.0,2323,,
ncgc00167097-01,2,0,4,1587.0,479.0,1108.0,2066,,
triamcinolone diacetate,1,0,4,1587.0,0.0,,1587,,
skf 86002 dihydrochloride,2,0,4,1587.5,649.5,938.0,2237,,
cjd-pla-20-1,1,0,4,1588.0,0.0,,1588,,
KIN001-055,2,0,4,1588.5,505.5,1083.0,2094,,
sp 600125,1,0,4,1589.0,0.0,,1589,,
BRD-K02558072,1,0,4,1590.0,0.0,,1590,,
yc-1,2,0,4,1590.0,656.0,934.0,2246,,
BRD-K86899078,2,0,4,1592.5,494.5,1098.0,2087,,
losartan potassium,2,0,4,1592.5,596.5,996.0,2189,,
nu 1025,1,0,4,1593.0,0.0,,1593,,
"nf-kb activation inhibitor ii, jsh-23",2,0,4,1598.0,531.0,1067.0,2129,,
BRD-A11929187,1,0,4,1600.0,0.0,,1600,,
nonoxynol-9,1,0,4,1601.0,0.0,,1601,,
BRD-K58674774,1,0,4,1603.0,0.0,,1603,,
BRD-K48950795,2,0,4,1604.0,452.0,1152.0,2056,,
BRD-K74126469,1,0,4,1604.0,0.0,,1604,,
BRD-A52193669,1,0,4,1607.0,0.0,,1607,,
BRD-K11758216,1,0,4,1610.0,0.0,,1610,,
BRD-K20000640,1,0,4,1612.0,0.0,,1612,,
t 98475,2,0,4,1612.5,575.5,1037.0,2188,,
k3644,1,0,4,1613.0,0.0,,1613,,
nsc 23766,2,0,4,1615.5,484.5,1131.0,2100,,
levonorgestrel,2,0,4,1618.0,671.0,947.0,2289,,
atorvastatin,2,0,4,1618.5,484.5,1134.0,2103,,
dnqx disodium salt,1,0,4,1621.0,0.0,,1621,,
moclobemide,2,0,4,1621.5,724.5,897.0,2346,,
s1475,1,0,4,1623.0,0.0,,1623,,
BRD-A11087911,2,0,4,1625.5,452.5,1173.0,2078,,
BRD-K70917163,1,0,4,1626.0,0.0,,1626,,
BRD-K57678861,2,0,4,1626.5,618.5,1008.0,2245,,
endecaphyllin x,1,0,4,1627.0,0.0,,1627,,
"tamoxifen, 4-hydroxy-, (z)-",2,0,4,1628.5,612.5,1016.0,2241,,
BRD-U73238814,1,0,4,1629.0,0.0,,1629,,
BRD-K67847053 (guanabenz acetate),1,0,4,1630.0,0.0,,1630,,
"2,5-dideoxyadenosine",1,0,4,1631.0,0.0,,1631,,
s(-)-timolol,1,0,4,1633.0,0.0,,1633,,
BRD-K73319509,2,0,4,1634.0,600.0,1034.0,2234,,
BRD-K36038115,1,0,4,1636.0,0.0,,1636,,
rifampicin,1,0,4,1639.0,0.0,,1639,,
BRD-K02920722,2,0,4,1642.0,656.0,986.0,2298,,
BRD-K31688005,1,0,4,1642.0,0.0,,1642,,
kynuramine,1,0,4,1643.0,0.0,,1643,,
BRD-K83194053,1,0,4,1644.0,0.0,,1644,,
hy-10966,1,0,4,1645.0,0.0,,1645,,
"fluphenazine-n-2-chloroethane, dihydrochloride",2,0,4,1648.5,600.5,1048.0,2249,,
BRD-A16820783,1,0,4,1649.0,0.0,,1649,,
BRD-K52800308,1,0,4,1650.0,0.0,,1650,,
pz0004,2,0,4,1650.0,600.0,1050.0,2250,,
uzi/1930680,1,0,4,1651.0,0.0,,1651,,
lumicolchicine gamma,2,0,4,1652.5,624.5,1028.0,2277,,
BRD-K72817452,1,0,4,1653.0,0.0,,1653,,
BRD-K51556300,1,0,4,1654.0,0.0,,1654,,
oxibendazole,1,0,4,1655.0,0.0,,1655,,
ncgc00182382-01,1,0,4,1657.0,0.0,,1657,,
ncgc00241357-01,1,0,4,1658.0,0.0,,1658,,
ncgc00242337-01,1,0,4,1659.0,0.0,,1659,,
np-007374,1,0,4,1660.0,0.0,,1660,,
"l-701,252",1,0,4,1661.0,0.0,,1661,,
oxprenolol hydrochloride,2,0,4,1662.0,626.0,1036.0,2288,,
remoxipride hydrochloride,1,0,4,1662.0,0.0,,1662,,
BRD-K49094915,1,0,4,1663.0,0.0,,1663,,
BRD-K90543092,1,0,4,1664.0,0.0,,1664,,
methotrexate,1,0,4,1665.0,0.0,,1665,,
pd 98059,1,0,4,1666.0,0.0,,1666,,
cgs 9343b,2,0,4,1668.5,556.5,1112.0,2225,,
methocarbamol,1,0,4,1669.0,0.0,,1669,,
BRD-A40431293,1,0,4,1671.0,0.0,,1671,,
BRD-K34495954,2,0,4,1673.0,605.0,1068.0,2278,,
BRD-K64366758,1,0,4,1673.0,0.0,,1673,,
finasteride,2,0,4,1673.0,514.0,1159.0,2187,,
dienestrol,1,0,4,1674.0,0.0,,1674,,
BRD-K41845021,2,0,4,1676.0,624.0,1052.0,2300,,
BRD-K73125384,1,0,4,1676.0,0.0,,1676,,
BRD-K59705555,1,0,4,1677.0,0.0,,1677,,
clofarabine,2,0,4,1677.5,576.5,1101.0,2254,,
BRD-K14328427,1,0,4,1678.0,0.0,,1678,,
flecainide acetate,2,0,4,1678.0,553.0,1125.0,2231,,
naltrexone hydrochloride,2,0,4,1679.5,517.5,1162.0,2197,,
BRD-K94991378,1,0,4,1680.0,0.0,,1680,,
rs 39604 hydrochloride,1,0,4,1681.0,0.0,,1681,,
itavastatin ca,2,0,4,1681.5,609.5,1072.0,2291,,
nocodazole,1,0,4,1682.0,0.0,,1682,,
BRD-K67519589,1,0,4,1684.0,0.0,,1684,,
valproic acid,1,0,4,1685.0,0.0,,1685,,
ncgc00182371-01,2,0,4,1686.0,573.0,1113.0,2259,,
hy-10992,2,0,4,1686.5,521.5,1165.0,2208,,
d-64131,1,0,4,1688.0,0.0,,1688,,
BRD-K03857568,1,0,4,1689.0,0.0,,1689,,
medrysone,1,0,4,1691.0,0.0,,1691,,
BRD-K81609421,1,0,4,1694.0,0.0,,1694,,
daphnetin,1,0,4,1696.0,0.0,,1696,,
clofibrate,1,0,4,1697.0,0.0,,1697,,
stk661558,1,0,4,1700.0,0.0,,1700,,
BRD-K81441552,1,0,4,1702.0,0.0,,1702,,
cjd-pla-49-3,2,0,4,1702.0,661.0,1041.0,2363,,
BRD-K89209981,1,0,4,1703.0,0.0,,1703,,
s1019,1,0,4,1704.0,0.0,,1704,,
BRD-K00627859,1,0,4,1706.0,0.0,,1706,,
BRD-K71489689,1,0,4,1707.0,0.0,,1707,,
ncgc00185837-02,2,0,4,1707.0,604.0,1103.0,2311,,
BRD-K22631935,1,0,4,1710.0,0.0,,1710,,
isoeugenitol,2,0,4,1710.0,565.0,1145.0,2275,,
amg 9810,1,0,4,1712.0,0.0,,1712,,
BRD-K39345836,1,0,4,1713.0,0.0,,1713,,
dichlorobenzamil,2,0,4,1714.0,625.0,1089.0,2339,,
hts 13363,1,0,4,1714.0,0.0,,1714,,
BRD-K93568044 (hydrocortisone),2,0,4,1714.5,654.5,1060.0,2369,,
azasetron,1,0,4,1715.0,0.0,,1715,,
BRD-K32827536,1,0,4,1717.0,0.0,,1717,,
ly 225910,2,0,4,1717.0,557.0,1160.0,2274,,
mls-0315871.0001,1,0,4,1718.0,0.0,,1718,,
"androsta-1,4-dien-3,17-dione",2,0,4,1719.0,623.0,1096.0,2342,,
tinidazole,1,0,4,1719.0,0.0,,1719,,
ncgc00242341-01,1,0,4,1720.0,0.0,,1720,,
cyclizine hydrochloride,1,0,4,1722.0,0.0,,1722,,
estradiol,2,0,4,1723.5,602.5,1121.0,2326,,
t018500,1,0,4,1725.0,0.0,,1725,,
bl-008,1,0,4,1726.0,0.0,,1726,,
api-2,2,0,4,1727.0,589.0,1138.0,2316,,
kuc103670 kuc103670n,1,0,4,1727.0,0.0,,1727,,
acitretin,2,0,4,1727.5,545.5,1182.0,2273,,
hy-70044,1,0,4,1728.0,0.0,,1728,,
BRD-K99582188,1,0,4,1729.0,0.0,,1729,,
sr 49059,1,0,4,1730.0,0.0,,1730,,
KIN001-270,1,0,4,1735.0,0.0,,1735,,
SYK-inhibitor,2,0,4,1736.5,634.5,1102.0,2371,,
dmeob,2,0,4,1736.5,596.5,1140.0,2333,,
BRD-A26199074,1,0,4,1737.0,0.0,,1737,,
BRD-K52678950,2,0,4,1737.0,607.0,1130.0,2344,,
aminolevulinic acid,1,0,4,1738.0,0.0,,1738,,
BRD-K83151319,2,0,4,1739.0,596.0,1143.0,2335,,
cy 208-243,1,0,4,1739.0,0.0,,1739,,
mefenamic acid,2,0,4,1739.0,606.0,1133.0,2345,,
genistein,1,0,4,1744.0,0.0,,1744,,
pentobarbital,2,0,4,1744.5,572.5,1172.0,2317,,
BRD-A84102390,2,0,4,1747.0,632.0,1115.0,2379,,
zileuton,2,0,4,1747.5,573.5,1174.0,2321,,
vu0413247-1,1,0,4,1748.0,0.0,,1748,,
BRD-K48654774,1,0,4,1750.0,0.0,,1750,,
sodium dehydrocholate,2,0,4,1752.5,605.5,1147.0,2358,,
n-formylmethionylalanine,1,0,4,1753.0,0.0,,1753,,
dppe fumarate,2,0,4,1756.0,642.0,1114.0,2398,,
su 5416,1,0,4,1759.0,0.0,,1759,,
progesterone,2,0,4,1762.5,612.5,1150.0,2375,,
BRD-K38625260,2,0,4,1765.0,589.0,1176.0,2354,,
GSK-3-inhibitor-II,2,0,4,1765.5,610.5,1155.0,2376,,
flucytosine,2,0,4,1766.0,648.0,1118.0,2414,,
hy-10344,1,0,4,1766.0,0.0,,1766,,
BRD-K57457519,1,0,4,1767.0,0.0,,1767,,
k784-3188,1,0,4,1768.0,0.0,,1768,,
anpirtoline hydrochloride,2,0,4,1770.0,634.0,1136.0,2404,,
BRD-K50387473,1,0,4,1771.0,0.0,,1771,,
1495-0136,1,0,4,1772.0,0.0,,1772,,
sch 58261,2,0,4,1773.0,612.0,1161.0,2385,,
BRD-K52080565,2,0,4,1775.0,618.0,1157.0,2393,,
BRD-K58479490,1,0,4,1778.0,0.0,,1778,,
trap 101,1,0,4,1779.0,0.0,,1779,,
BRD-A05565054,1,0,4,1780.0,0.0,,1780,,
"ly-165,163",1,0,4,1781.0,0.0,,1781,,
gr-105,2,0,4,1781.5,613.5,1168.0,2395,,
amlodipine besylate,1,0,4,1786.0,0.0,,1786,,
fluvastatin,1,0,4,1787.0,0.0,,1787,,
ncgc00167107-01,1,0,4,1788.0,0.0,,1788,,
imatinib,2,0,4,1788.5,622.5,1166.0,2411,,
mls-0454415.0001,1,0,4,1790.0,0.0,,1790,,
hy-50877,1,0,4,1791.0,0.0,,1791,,
BRD-K32112425,1,0,4,1792.0,0.0,,1792,,
l 655240,1,0,4,1794.0,0.0,,1794,,
nafronyl oxalate,1,0,4,1797.0,0.0,,1797,,
BRD-K89692698,1,0,4,1798.0,0.0,,1798,,
meloxicam sodium,2,0,4,1799.5,615.5,1184.0,2415,,
carbidopa,1,0,4,1802.0,0.0,,1802,,
BRD-K28100108,1,0,4,1804.0,0.0,,1804,,
tolbutamide,1,0,4,1806.0,0.0,,1806,,
BRD-K63239300,1,0,4,1809.0,0.0,,1809,,
cilostazol,1,0,4,1813.0,0.0,,1813,,
BRD-K19196783,1,0,4,1815.0,0.0,,1815,,
gr-108,1,0,4,1818.0,0.0,,1818,,
calcitriol,1,0,4,1819.0,0.0,,1819,,
ncgc00182554-02,1,0,4,1821.0,0.0,,1821,,
BRD-K47764688,1,0,4,1826.0,0.0,,1826,,
st019366,1,0,4,1827.0,0.0,,1827,,
n-benzylnaltrindole hydrochloride,1,0,4,1832.0,0.0,,1832,,
BRD-K00007652,1,0,4,1835.0,0.0,,1835,,
BRD-K93578426,1,0,4,1836.0,0.0,,1836,,
BRD-K44878494,1,0,4,1844.0,0.0,,1844,,
1391-0741,1,0,4,1846.0,0.0,,1846,,
tc 2559 difumarate,1,0,4,1848.0,0.0,,1848,,
mls-0437633.0003,1,0,4,1850.0,0.0,,1850,,
f4679,1,0,4,1851.0,0.0,,1851,,
BRD-K23673040,1,0,4,1853.0,0.0,,1853,,
BRD-K02216544,1,0,4,1855.0,0.0,,1855,,
s1154,1,0,4,1858.0,0.0,,1858,,
BRD-K91836367,1,0,4,1862.0,0.0,,1862,,
BRD-K77480336,1,0,4,1864.0,0.0,,1864,,
paxilline,1,0,4,1866.0,0.0,,1866,,
cam-9-021 brd-k05563014,1,0,4,1868.0,0.0,,1868,,
hydrocortisone,1,0,4,1869.0,0.0,,1869,,
BRD-K31754360,1,0,4,1872.0,0.0,,1872,,
pd 160170,1,0,4,1874.0,0.0,,1874,,
b4313,1,0,4,1875.0,0.0,,1875,,
BRD-K37340241,1,0,4,1878.0,0.0,,1878,,
kuc103443n,1,0,4,1879.0,0.0,,1879,,
BRD-A47832959,1,0,4,1880.0,0.0,,1880,,
ncgc00229600-01,1,0,4,1881.0,0.0,,1881,,
BRD-K42687792,1,0,4,1882.0,0.0,,1882,,
nifuroxazide,1,0,4,1884.0,0.0,,1884,,
chloroxine,1,0,4,1885.0,0.0,,1885,,
lasalocid sodium,1,0,4,1886.0,0.0,,1886,,
mometasone furoate,1,0,4,1890.0,0.0,,1890,,
haloprogin,1,0,4,1891.0,0.0,,1891,,
p5172,1,0,4,1892.0,0.0,,1892,,
BRD-K63368502,1,0,4,1893.0,0.0,,1893,,
BRD-A94570195,1,0,4,1894.0,0.0,,1894,,
s1455,1,0,4,1896.0,0.0,,1896,,
BRD-K67010098,1,0,4,1898.0,0.0,,1898,,
BRD-A10330754,1,0,4,1900.0,0.0,,1900,,
ncgc00185094-01,1,0,4,1901.0,0.0,,1901,,
BRD-K82492171,1,0,4,1902.0,0.0,,1902,,
BRD-A00420644,1,0,4,1903.0,0.0,,1903,,
km03472sc,1,0,4,1904.0,0.0,,1904,,
"l-733,060 hydrochloride",1,0,4,1906.0,0.0,,1906,,
BRD-K05331696,1,0,4,1907.0,0.0,,1907,,
BRD-K99475920,1,0,4,1912.0,0.0,,1912,,
spiperone,1,0,4,1914.0,0.0,,1914,,
protriptyline hydrochloride,1,0,4,1915.0,0.0,,1915,,
BRD-K29143967,1,0,4,1918.0,0.0,,1918,,
BRD-K51683034,1,0,4,1919.0,0.0,,1919,,
BRD-K91047982,1,0,4,1920.0,0.0,,1920,,
dm163 brd-k06180729,1,0,4,1922.0,0.0,,1922,,
BRD-K00824317 (flurandrenolide),1,0,4,1926.0,0.0,,1926,,
BRD-K35573744,1,0,4,1927.0,0.0,,1927,,
BRD-K93127801,1,0,4,1929.0,0.0,,1929,,
epitestosterone,1,0,4,1931.0,0.0,,1931,,
bacampicillin hydrochloride,1,0,4,1935.0,0.0,,1935,,
piperacetazine,1,0,4,1936.0,0.0,,1936,,
BRD-K12002134,1,0,4,1937.0,0.0,,1937,,
BRD-K93215584,1,0,4,1941.0,0.0,,1941,,
AGK-2,1,0,4,1943.0,0.0,,1943,,
BRD-K06217810,1,0,4,1946.0,0.0,,1946,,
BRD-K44241590,1,0,4,1948.0,0.0,,1948,,
BRD-K75418381,1,0,4,1949.0,0.0,,1949,,
benzoxiquine,1,0,4,1951.0,0.0,,1951,,
BRD-K64304398,1,0,4,1952.0,0.0,,1952,,
kn-93,1,0,4,1954.0,0.0,,1954,,
"na-tosyl-lys chloromethyl ketone, hydrochloride",1,0,4,1955.0,0.0,,1955,,
memantine hydrochloride,1,0,4,1958.0,0.0,,1958,,
nomegestrol acetate,1,0,4,1960.0,0.0,,1960,,
BRD-K42629487,1,0,4,1961.0,0.0,,1961,,
amyleine hydrochloride,1,0,4,1962.0,0.0,,1962,,
fluocinonide,1,0,4,1963.0,0.0,,1963,,
BRD-K68437527,1,0,4,1966.0,0.0,,1966,,
diloxanide furoate,1,0,4,1967.0,0.0,,1967,,
BRD-K23217072,1,0,4,1968.0,0.0,,1968,,
ly 303511,1,0,4,1970.0,0.0,,1970,,
vidarabine,1,0,4,1971.0,0.0,,1971,,
westcort,1,0,4,1977.0,0.0,,1977,,
2-fluoropalmitic acid,1,0,4,1979.0,0.0,,1979,,
amoxicillin crystalline,1,0,4,1980.0,0.0,,1980,,
rimcazole dihydrochloride,1,0,4,1982.0,0.0,,1982,,
caffeic acid phenethyl ester,1,0,4,1985.0,0.0,,1985,,
methotrimeprazine maleat salt,1,0,4,1986.0,0.0,,1986,,
valyltryptophan,1,0,4,1987.0,0.0,,1987,,
BRD-K94841585,1,0,4,1988.0,0.0,,1988,,
BRD-K97534490,1,0,4,1990.0,0.0,,1990,,
hy-50767,1,0,4,1991.0,0.0,,1991,,
s1266,1,0,4,1992.0,0.0,,1992,,
sulfaguanidine,1,0,4,1993.0,0.0,,1993,,
mycophenolate mofetil,1,0,4,1994.0,0.0,,1994,,
mw-a1-14 brd-k32010074,1,0,4,1995.0,0.0,,1995,,
pt-630,1,0,4,1998.0,0.0,,1998,,
u 18666a,1,0,4,1999.0,0.0,,1999,,
ricinine,1,0,4,2003.0,0.0,,2003,,
D-4476,1,0,4,2004.0,0.0,,2004,,
s1018,1,0,4,2006.0,0.0,,2006,,
BRD-K51454562,1,0,4,2007.0,0.0,,2007,,
penicillin v,1,0,4,2008.0,0.0,,2008,,
ala-ala-phe-cmk,1,0,4,2010.0,0.0,,2010,,
s1107,1,0,4,2011.0,0.0,,2011,,
BRD-K64099269,1,0,4,2014.0,0.0,,2014,,
w-9 hydrochloride,1,0,4,2015.0,0.0,,2015,,
BRD-K43226598,1,0,4,2016.0,0.0,,2016,,
s1140,1,0,4,2017.0,0.0,,2017,,
BRD-K11362964,1,0,4,2018.0,0.0,,2018,,
prednisolone hemisuccinate,1,0,4,2019.0,0.0,,2019,,
BRD-K02562327,1,0,4,2020.0,0.0,,2020,,
w-7 hydrochloride,1,0,4,2021.0,0.0,,2021,,
AZD7762,1,0,4,2024.0,0.0,,2024,,
BRD-K96704748,1,0,4,2025.0,0.0,,2025,,
ncgc00010428-03,1,0,4,2027.0,0.0,,2027,,
(-)-cotinine,1,0,4,2028.0,0.0,,2028,,
ncgc00188488-01,1,0,4,2029.0,0.0,,2029,,
mls-0425579.0001,1,0,4,2030.0,0.0,,2030,,
BRD-K23582869,1,0,4,2033.0,0.0,,2033,,
colforsin,1,0,4,2034.0,0.0,,2034,,
BRD-K45818044,1,0,4,2035.0,0.0,,2035,,
losartan,1,0,4,2036.0,0.0,,2036,,
BRD-K14939371,1,0,4,2040.0,0.0,,2040,,
BRD-K90999434,1,0,4,2042.0,0.0,,2042,,
3-methyladenine,1,0,4,2045.0,0.0,,2045,,
BRD-K86086851,1,0,4,2047.0,0.0,,2047,,
ag-490,1,0,4,2049.0,0.0,,2049,,
NPK76-II-72-1,1,0,4,2050.0,0.0,,2050,,
flubendazole,1,0,4,2051.0,0.0,,2051,,
BRD-K62818989,1,0,4,2052.0,0.0,,2052,,
sr 142948,1,0,4,2053.0,0.0,,2053,,
BRD-K33182644,1,0,4,2054.0,0.0,,2054,,
BRD-K72883421,1,0,4,2055.0,0.0,,2055,,
sericetin,1,0,4,2058.0,0.0,,2058,,
bml-257,1,0,4,2059.0,0.0,,2059,,
testosterone propionate,1,0,4,2067.0,0.0,,2067,,
ncgc00182392-01,1,0,4,2068.0,0.0,,2068,,
BRD-K75644678,1,0,4,2069.0,0.0,,2069,,
ncgc00182608-01,1,0,4,2070.0,0.0,,2070,,
mls-0390982,1,0,4,2072.0,0.0,,2072,,
st4028268,1,0,4,2073.0,0.0,,2073,,
BRD-K19540840,1,0,4,2074.0,0.0,,2074,,
sertraline hydrochloride,1,0,4,2075.0,0.0,,2075,,
hydrocortisone hemisuccinate,1,0,4,2076.0,0.0,,2076,,
s1014,1,0,4,2079.0,0.0,,2079,,
rilmenidine hemifumarate,1,0,4,2080.0,0.0,,2080,,
cgp 52432,1,0,4,2081.0,0.0,,2081,,
c8273,1,0,4,2083.0,0.0,,2083,,
iodophenpropit dihydrobromide,1,0,4,2088.0,0.0,,2088,,
bisindolylmaleimide iv,1,0,4,2089.0,0.0,,2089,,
ag 18,1,0,4,2090.0,0.0,,2090,,
BRD-K71554540,1,0,4,2091.0,0.0,,2091,,
s1064,1,0,4,2092.0,0.0,,2092,,
norethindrone acetate,1,0,4,2093.0,0.0,,2093,,
ly 320135,1,0,4,2096.0,0.0,,2096,,
nicardipine hydrochloride,1,0,4,2099.0,0.0,,2099,,
BRD-K23149109,1,0,4,2101.0,0.0,,2101,,
indirubin-3-oxime,1,0,4,2102.0,0.0,,2102,,
jas07 007,1,0,4,2104.0,0.0,,2104,,
ei-148,1,0,4,2106.0,0.0,,2106,,
fu jmbii127b,1,0,4,2110.0,0.0,,2110,,
kuc103875 kuc103875n,1,0,4,2113.0,0.0,,2113,,
"l-168,049",1,0,4,2115.0,0.0,,2115,,
ncgc00238427-01,1,0,4,2116.0,0.0,,2116,,
m-chlorophenylbiguanide hydrochloride,1,0,4,2117.0,0.0,,2117,,
BRD-K68191783,1,0,4,2118.0,0.0,,2118,,
flumazenil,1,0,4,2120.0,0.0,,2120,,
flurandrenolide,1,0,4,2121.0,0.0,,2121,,
s1252,1,0,4,2122.0,0.0,,2122,,
vu0415556-1,1,0,4,2123.0,0.0,,2123,,
2-chloroadenosine,1,0,4,2124.0,0.0,,2124,,
rifabutin,1,0,4,2126.0,0.0,,2126,,
BRD-K40300908,1,0,4,2131.0,0.0,,2131,,
carbetapentane citrate,1,0,4,2133.0,0.0,,2133,,
etodolac,1,0,4,2134.0,0.0,,2134,,
BRD-K64525051,1,0,4,2135.0,0.0,,2135,,
BRD-K22215695,1,0,4,2136.0,0.0,,2136,,
tiaprofenic acid,1,0,4,2138.0,0.0,,2138,,
phensuximide,1,0,4,2139.0,0.0,,2139,,
mafenide hydrochloride,1,0,4,2140.0,0.0,,2140,,
brinzolamide,1,0,4,2144.0,0.0,,2144,,
BRD-K01806521,1,0,4,2152.0,0.0,,2152,,
npc 15199,1,0,4,2153.0,0.0,,2153,,
ncgc00189555-02,1,0,4,2155.0,0.0,,2155,,
alprostadil,1,0,4,2156.0,0.0,,2156,,
BRD-K82837433,1,0,4,2157.0,0.0,,2157,,
ibudilast,1,0,4,2158.0,0.0,,2158,,
ct-incb,1,0,4,2160.0,0.0,,2160,,
triamcinolone,1,0,4,2161.0,0.0,,2161,,
np-001821,1,0,4,2162.0,0.0,,2162,,
noscapine hydrochloride,1,0,4,2163.0,0.0,,2163,,
raf1 kinase inhibitor i,1,0,4,2164.0,0.0,,2164,,
jte 907,1,0,4,2165.0,0.0,,2165,,
(-)-JQ1,1,0,4,2166.0,0.0,,2166,,
endo-iwr 1,1,0,4,2167.0,0.0,,2167,,
mls-0075347.0001,1,0,4,2168.0,0.0,,2168,,
mdl 72222,1,0,4,2169.0,0.0,,2169,,
gr 127935 hydrochloride,1,0,4,2174.0,0.0,,2174,,
hycanthone,1,0,4,2175.0,0.0,,2175,,
GSK-J4,1,0,4,2176.0,0.0,,2176,,
balsalazide,1,0,4,2177.0,0.0,,2177,,
BRD-K90826279,1,0,4,2178.0,0.0,,2178,,
t0513-6584,1,0,4,2180.0,0.0,,2180,,
brl 54443,1,0,4,2181.0,0.0,,2181,,
BRD-K63326650,1,0,4,2182.0,0.0,,2182,,
verteporfin,1,0,4,2184.0,0.0,,2184,,
BRD-K67742177,1,0,4,2185.0,0.0,,2185,,
BRD-K49814456,1,0,4,2186.0,0.0,,2186,,
ncgc00011606-02,1,0,4,2191.0,0.0,,2191,,
sulfacetamide sodic hydrate,1,0,4,2192.0,0.0,,2192,,
np-002257,1,0,4,2193.0,0.0,,2193,,
BRD-A54632525,1,0,4,2194.0,0.0,,2194,,
cgs 15943,1,0,4,2200.0,0.0,,2200,,
BRD-K87343924 (wortmannin),1,0,4,2201.0,0.0,,2201,,
FR-180204,1,0,4,2202.0,0.0,,2202,,
s1071,1,0,4,2203.0,0.0,,2203,,
ropinirole hcl,1,0,4,2204.0,0.0,,2204,,
kuc103428n,1,0,4,2205.0,0.0,,2205,,
ncgc00181801-01,1,0,4,2206.0,0.0,,2206,,
fenoterol hydrobromide,1,0,4,2207.0,0.0,,2207,,
primaquine diphosphate,1,0,4,2210.0,0.0,,2210,,
hts 10765,1,0,4,2211.0,0.0,,2211,,
BRD-K42489623,1,0,4,2212.0,0.0,,2212,,
cladribine,1,0,4,2213.0,0.0,,2213,,
BRD-K32238524,1,0,4,2214.0,0.0,,2214,,
zolantidine dimaleate,1,0,4,2216.0,0.0,,2216,,
methyl 7-desoxypurpurogallin-7-carboxylate trimethyl ether,1,0,4,2218.0,0.0,,2218,,
olopatadine hydrochloride,1,0,4,2219.0,0.0,,2219,,
BRD-K27169919,1,0,4,2220.0,0.0,,2220,,
bambuterol hydrochloride,1,0,4,2221.0,0.0,,2221,,
BRD-K53592093,1,0,4,2222.0,0.0,,2222,,
ncgc00181061-03,1,0,4,2223.0,0.0,,2223,,
clenbuterol hydrochloride,1,0,4,2224.0,0.0,,2224,,
ncgc00012852-02,1,0,4,2227.0,0.0,,2227,,
t5247673,1,0,4,2228.0,0.0,,2228,,
gibberellic acid,1,0,4,2229.0,0.0,,2229,,
brl 15572 hydrochloride,1,0,4,2230.0,0.0,,2230,,
2-chloro-7-methoxyphenothiazine,1,0,4,2232.0,0.0,,2232,,
clozapine,1,0,4,2235.0,0.0,,2235,,
BRD-K70714754,1,0,4,2236.0,0.0,,2236,,
BRD-K14711204,1,0,4,2240.0,0.0,,2240,,
BRD-K89626439,1,0,4,2243.0,0.0,,2243,,
bu 239 hydrochloride,1,0,4,2244.0,0.0,,2244,,
bas 02859604,1,0,4,2247.0,0.0,,2247,,
minoxidil,1,0,4,2248.0,0.0,,2248,,
intropin,1,0,4,2251.0,0.0,,2251,,
BRD-K70871370,1,0,4,2252.0,0.0,,2252,,
BRD-A77467113,1,0,4,2255.0,0.0,,2255,,
testosterone,1,0,4,2256.0,0.0,,2256,,
ly 364947,1,0,4,2257.0,0.0,,2257,,
aminopentamide,1,0,4,2258.0,0.0,,2258,,
BRD-K86231656,1,0,4,2261.0,0.0,,2261,,
GW-5074,1,0,4,2262.0,0.0,,2262,,
cytosporone b,1,0,4,2263.0,0.0,,2263,,
BRD-K11540476,1,0,4,2264.0,0.0,,2264,,
BRD-K71142328,1,0,4,2265.0,0.0,,2265,,
BRD-K53987746,1,0,4,2267.0,0.0,,2267,,
lidoflazine,1,0,4,2268.0,0.0,,2268,,
BRD-K41931739,1,0,4,2269.0,0.0,,2269,,
BRD-K86492010,1,0,4,2271.0,0.0,,2271,,
BRD-A31312900,1,0,4,2272.0,0.0,,2272,,
racepinephrine hcl,1,0,4,2279.0,0.0,,2279,,
tibolone,1,0,4,2281.0,0.0,,2281,,
gmx-1778,1,0,4,2282.0,0.0,,2282,,
homosalate,1,0,4,2283.0,0.0,,2283,,
candesartan,1,0,4,2285.0,0.0,,2285,,
tcs 359,1,0,4,2286.0,0.0,,2286,,
st019365,1,0,4,2287.0,0.0,,2287,,
sb 366791,1,0,4,2290.0,0.0,,2290,,
src kinase inhibitor ii,1,0,4,2292.0,0.0,,2292,,
nan-190 hydrobromide,1,0,4,2293.0,0.0,,2293,,
BRD-A80383043,1,0,4,2294.0,0.0,,2294,,
dicyclomine hydrochloride,1,0,4,2295.0,0.0,,2295,,
apo866,1,0,4,2296.0,0.0,,2296,,
thiothixene,1,0,4,2297.0,0.0,,2297,,
dmp 543,1,0,4,2299.0,0.0,,2299,,
mestanolone,1,0,4,2301.0,0.0,,2301,,
BRD-A81541225,1,0,4,2302.0,0.0,,2302,,
bl-010,1,0,4,2304.0,0.0,,2304,,
BRD-K12238169,1,0,4,2305.0,0.0,,2305,,
triamterene,1,0,4,2307.0,0.0,,2307,,
s1174,1,0,4,2309.0,0.0,,2309,,
ncgc00184891-01,1,0,4,2310.0,0.0,,2310,,
np-010155,1,0,4,2312.0,0.0,,2312,,
erythromycin,1,0,4,2313.0,0.0,,2313,,
sibutramine hcl,1,0,4,2314.0,0.0,,2314,,
ver155008,1,0,4,2315.0,0.0,,2315,,
terbutaline hemisulfate,1,0,4,2318.0,0.0,,2318,,
mrs 1334,1,0,4,2319.0,0.0,,2319,,
BRD-K55827386,1,0,4,2322.0,0.0,,2322,,
erastin,1,0,4,2324.0,0.0,,2324,,
quinidine gluconate,1,0,4,2325.0,0.0,,2325,,
ag 494,1,0,4,2327.0,0.0,,2327,,
spironolactone,1,0,4,2328.0,0.0,,2328,,
thioguanosine,1,0,4,2329.0,0.0,,2329,,
homatropine bromide,1,0,4,2330.0,0.0,,2330,,
pf3845,1,0,4,2332.0,0.0,,2332,,
BRD-K88832793,1,0,4,2338.0,0.0,,2338,,
hemicholinium bromide,1,0,4,2340.0,0.0,,2340,,
bms 299897,1,0,4,2341.0,0.0,,2341,,
"cp 55,940",1,0,4,2343.0,0.0,,2343,,
r3904,1,0,4,2347.0,0.0,,2347,,
pyrimethamine,1,0,4,2349.0,0.0,,2349,,
rf 01079,1,0,4,2350.0,0.0,,2350,,
gyki 52466 hydrochloride,1,0,4,2351.0,0.0,,2351,,
BRD-K09485525,1,0,4,2352.0,0.0,,2352,,
s1458,1,0,4,2353.0,0.0,,2353,,
ncgc00182607-01,1,0,4,2356.0,0.0,,2356,,
BRD-K02458594,1,0,4,2357.0,0.0,,2357,,
BRD-K92107474,1,0,4,2359.0,0.0,,2359,,
ncgc00183218-01,1,0,4,2360.0,0.0,,2360,,
ikk inhibitor x,1,0,4,2361.0,0.0,,2361,,
pd 102807,1,0,4,2362.0,0.0,,2362,,
BRD-K12401458,1,0,4,2364.0,0.0,,2364,,
BRD-A83255679,1,0,4,2365.0,0.0,,2365,,
mdl 73005ef hydrochloride,1,0,4,2367.0,0.0,,2367,,
ranitidine,1,0,4,2368.0,0.0,,2368,,
BRD-K32485462,1,0,4,2370.0,0.0,,2370,,
ketotifen fumarate,1,0,4,2372.0,0.0,,2372,,
methiothepin maleate,1,0,4,2373.0,0.0,,2373,,
pd 00735,1,0,4,2374.0,0.0,,2374,,
BRD-K82857306,1,0,4,2377.0,0.0,,2377,,
rapamycin,1,0,4,2378.0,0.0,,2378,,
nrb 03823,1,0,4,2380.0,0.0,,2380,,
s1485,1,0,4,2381.0,0.0,,2381,,
pravastatin sodium salt,1,0,4,2382.0,0.0,,2382,,
psh 025,1,0,4,2384.0,0.0,,2384,,
BRD-K73285375,1,0,4,2386.0,0.0,,2386,,
triprolidine hydrochloride,1,0,4,2387.0,0.0,,2387,,
BRD-K15885023,1,0,4,2388.0,0.0,,2388,,
BRD-K34092011,1,0,4,2391.0,0.0,,2391,,
BRD-K23644387,1,0,4,2392.0,0.0,,2392,,
cam-9-026 brd-k91442916,1,0,4,2394.0,0.0,,2394,,
gatifloxacin,1,0,4,2396.0,0.0,,2396,,
ncgc00182942-03,1,0,4,2397.0,0.0,,2397,,
vu0415108-1,1,0,4,2399.0,0.0,,2399,,
BRD-K78294846,1,0,4,2400.0,0.0,,2400,,
BRD-K98896788,1,0,4,2401.0,0.0,,2401,,
BRD-K93229693,1,0,4,2402.0,0.0,,2402,,
BRD-K22006123,1,0,4,2403.0,0.0,,2403,,
oxymetholone,1,0,4,2405.0,0.0,,2405,,
BRD-K26818574,1,0,4,2406.0,0.0,,2406,,
"amethopterin (r,s)",1,0,4,2407.0,0.0,,2407,,
tipifarnib-p1,1,0,4,2408.0,0.0,,2408,,
BRD-A35020550,1,0,4,2409.0,0.0,,2409,,
mirtazapine,1,0,4,2410.0,0.0,,2410,,
PF-04217903,1,0,4,2412.0,0.0,,2412,,
ethacrynic acid,1,0,4,2413.0,0.0,,2413,,
morantel tartrate,1,0,4,2416.0,0.0,,2416,,
