compound,score,supporting_contexts,contexts,supporting_signatures,signatures,consistency,permutation_p,permutation_fdr,naive_overlap,interpretation,rank
erlotinib,-0.36682563530229756,3,3,3,3,1.0,0.009900990099009901,0.05914141032423853,42.333333333333336,Computational reversal candidate for further investigation.,1
palbociclib,-0.36388282276387995,18,18,18,18,1.0,0.009900990099009901,0.05914141032423853,53.94444444444444,Computational reversal candidate for further investigation.,2
KIN001-127,-0.31685007403299836,4,4,4,4,1.0,0.009900990099009901,0.05914141032423853,45.25,Computational reversal candidate for further investigation.,3
TGX-221,-0.3073759679465673,1,1,1,1,1.0,0.009900990099009901,0.05914141032423853,51.0,Computational reversal candidate for further investigation.,4
QL-XI-92,-0.266600040060127,1,1,1,1,1.0,0.009900990099009901,0.05914141032423853,41.0,Computational reversal candidate for further investigation.,5
gefitinib,-0.25955246023052875,6,6,6,6,1.0,0.009900990099009901,0.05914141032423853,40.5,Computational reversal candidate for further investigation.,6
BMS509744,-0.2417437116744557,2,2,2,2,1.0,0.009900990099009901,0.05914141032423853,39.0,Computational reversal candidate for further investigation.,7
CX-5461,-0.23805146500510366,1,1,1,1,1.0,0.009900990099009901,0.05914141032423853,37.0,Computational reversal candidate for further investigation.,8
trametinib,-0.2354064025311376,24,24,24,24,1.0,0.009900990099009901,0.05914141032423853,39.833333333333336,Computational reversal candidate for further investigation.,9
selumetinib,-0.23482675632701602,16,16,16,16,1.0,0.009900990099009901,0.05914141032423853,38.5,Computational reversal candidate for further investigation.,10
AZD-8330,-0.22200375162845393,28,28,28,28,1.0,0.009900990099009901,0.05914141032423853,35.32142857142857,Computational reversal candidate for further investigation.,11
vemurafenib,-0.20399310987723285,6,6,6,6,1.0,0.009900990099009901,0.05914141032423853,33.333333333333336,Computational reversal candidate for further investigation.,12
TG-101348,-0.2024837015684111,5,5,5,5,1.0,0.009900990099009901,0.05914141032423853,33.0,Computational reversal candidate for further investigation.,13
PLX-4720,-0.20230978819182507,7,7,7,7,1.0,0.009900990099009901,0.05914141032423853,34.142857142857146,Computational reversal candidate for further investigation.,14
PIK-93,-0.19745964005660405,4,4,4,4,1.0,0.009900990099009901,0.05914141032423853,29.25,Computational reversal candidate for further investigation.,15
WZ-4-145,-0.1960558191535397,12,12,12,12,1.0,0.009900990099009901,0.05914141032423853,29.0,Computational reversal candidate for further investigation.,16
SB590885,-0.18495618439267175,10,10,10,10,1.0,0.009900990099009901,0.05914141032423853,26.5,Computational reversal candidate for further investigation.,17
PD-0325901,-0.18467677694398354,40,40,84,84,1.0,0.009900990099009901,0.05914141032423853,28.333333333333332,Computational reversal candidate for further investigation.,18
PD-173074,-0.18214116217030651,2,2,2,2,1.0,0.009900990099009901,0.05914141032423853,28.5,Computational reversal candidate for further investigation.,19
PD-184352,-0.18148091148990797,16,16,16,16,1.0,0.009900990099009901,0.05914141032423853,32.125,Computational reversal candidate for further investigation.,20
GSK-2334470,-0.1756914803513906,2,2,2,2,1.0,0.009900990099009901,0.05914141032423853,30.0,Computational reversal candidate for further investigation.,21
lapatinib,-0.16612203967221967,5,5,5,5,1.0,0.009900990099009901,0.05914141032423853,28.0,Computational reversal candidate for further investigation.,22
SAR-245408,-0.1646964430535378,3,3,3,3,1.0,0.009900990099009901,0.05914141032423853,21.0,Computational reversal candidate for further investigation.,23
TWS-119,-0.1644695284177359,2,2,2,2,1.0,0.009900990099009901,0.05914141032423853,26.5,Computational reversal candidate for further investigation.,24
PI-103,-0.1631329083247175,23,23,23,23,1.0,0.009900990099009901,0.05914141032423853,34.0,Computational reversal candidate for further investigation.,25
CGK-733,-0.16309556347456242,6,7,6,7,0.8571428571428571,0.009900990099009901,0.05914141032423853,23.142857142857142,Computational reversal candidate for further investigation.,26
AS-605240,-0.1536334047093429,15,15,15,15,1.0,0.009900990099009901,0.05914141032423853,25.0,Computational reversal candidate for further investigation.,27
canertinib,-0.15098875465187225,7,7,7,7,1.0,0.009900990099009901,0.05914141032423853,34.714285714285715,Computational reversal candidate for further investigation.,28
GSK-2126458,-0.1488135556429105,47,47,47,47,1.0,0.009900990099009901,0.05914141032423853,31.085106382978722,Computational reversal candidate for further investigation.,29
WZ-4002,-0.1393621714461115,2,2,2,2,1.0,0.009900990099009901,0.05914141032423853,21.0,Computational reversal candidate for further investigation.,30
XMD-1499,-0.13406925040614778,3,3,3,3,1.0,0.009900990099009901,0.05914141032423853,22.666666666666668,Computational reversal candidate for further investigation.,31
XMD-885,-0.13060803072701788,1,1,1,1,1.0,0.009900990099009901,0.05914141032423853,21.0,Computational reversal candidate for further investigation.,32
VE821,-0.1254450386690777,1,1,1,1,1.0,0.009900990099009901,0.05914141032423853,18.0,Computational reversal candidate for further investigation.,33
LY2603618,-0.1241575492469027,5,6,5,6,0.8333333333333334,0.009900990099009901,0.05914141032423853,19.0,Computational reversal candidate for further investigation.,34
sorafenib,-0.12390167880704286,4,4,4,4,1.0,0.009900990099009901,0.05914141032423853,19.0,Computational reversal candidate for further investigation.,35
torin-2,-0.11975763279715793,34,40,34,40,0.85,0.009900990099009901,0.05914141032423853,25.425,Computational reversal candidate for further investigation.,36
NVP-TAE684,-0.1196286611504268,18,18,18,18,1.0,0.009900990099009901,0.05914141032423853,27.166666666666668,Computational reversal candidate for further investigation.,37
THZ-2-98-01,-0.11886183913294077,1,1,1,1,1.0,0.009900990099009901,0.05914141032423853,22.0,Computational reversal candidate for further investigation.,38
XMD-1150,-0.11581035702885434,9,10,9,10,0.9,0.009900990099009901,0.05914141032423853,22.3,Computational reversal candidate for further investigation.,39
NVP-AEW541,-0.11537584270604413,3,3,3,3,1.0,0.009900990099009901,0.05914141032423853,18.0,Computational reversal candidate for further investigation.,40
nilotinib,-0.11213305712143248,1,1,1,1,1.0,0.009900990099009901,0.05914141032423853,17.0,Computational reversal candidate for further investigation.,41
GDC-0980,-0.11206383074109168,31,31,31,31,1.0,0.009900990099009901,0.05914141032423853,26.580645161290324,Computational reversal candidate for further investigation.,42
PF-3758309,-0.11100191155585637,15,15,15,15,1.0,0.009900990099009901,0.05914141032423853,20.2,Computational reversal candidate for further investigation.,43
AZD4547,-0.10983775430406477,4,4,4,4,1.0,0.009900990099009901,0.05914141032423853,16.5,Computational reversal candidate for further investigation.,44
OSI-027,-0.10979744054850198,19,19,19,19,1.0,0.009900990099009901,0.05914141032423853,22.894736842105264,Computational reversal candidate for further investigation.,45
HG-14-8-02,-0.1077578249382965,4,4,4,4,1.0,0.009900990099009901,0.05914141032423853,23.5,Computational reversal candidate for further investigation.,46
sutent,-0.10672249885149179,5,6,5,6,0.8333333333333334,0.009900990099009901,0.05914141032423853,20.333333333333332,Computational reversal candidate for further investigation.,47
neratinib,-0.10281338996513587,12,12,12,12,1.0,0.009900990099009901,0.05914141032423853,19.75,Computational reversal candidate for further investigation.,48
XMD-892,-0.10220352094760274,2,2,2,2,1.0,0.009900990099009901,0.05914141032423853,16.0,Computational reversal candidate for further investigation.,49
MLN-8054,-0.10176027600430698,3,4,3,4,0.75,0.009900990099009901,0.05914141032423853,16.5,Computational reversal candidate for further investigation.,50
garcinol,-0.10091244854416799,1,1,1,1,1.0,0.009900990099009901,0.05914141032423853,19.0,Computational reversal candidate for further investigation.,51
ZSTK-474,-0.0995261490102132,19,20,19,20,0.95,0.009900990099009901,0.05914141032423853,21.4,Computational reversal candidate for further investigation.,52
JWE-035,-0.099206727783912,5,5,5,5,1.0,0.009900990099009901,0.05914141032423853,21.0,Computational reversal candidate for further investigation.,53
NVP-BGJ398,-0.09906362220242484,2,2,2,2,1.0,0.009900990099009901,0.05914141032423853,18.5,Computational reversal candidate for further investigation.,54
NVP-BEZ235,-0.09897370586418608,40,44,40,44,0.9090909090909091,0.009900990099009901,0.05914141032423853,25.59090909090909,Computational reversal candidate for further investigation.,55
JW-7-24-1,-0.09876201792617433,17,17,17,17,1.0,0.009900990099009901,0.05914141032423853,24.058823529411764,Computational reversal candidate for further investigation.,56
AZD-8055,-0.09855601402522834,23,23,23,23,1.0,0.009900990099009901,0.05914141032423853,23.08695652173913,Computational reversal candidate for further investigation.,57
linsitinib,-0.09791811851872895,3,3,3,3,1.0,0.009900990099009901,0.05914141032423853,16.333333333333332,Computational reversal candidate for further investigation.,58
PHA-793887,-0.09725377138564886,42,42,42,42,1.0,0.009900990099009901,0.05914141032423853,21.261904761904763,Computational reversal candidate for further investigation.,59
NVP-BGT226,-0.09647632574467237,22,23,22,23,0.9565217391304348,0.009900990099009901,0.05914141032423853,19.17391304347826,Computational reversal candidate for further investigation.,60
C646,-0.09618675076416705,6,6,6,6,1.0,0.009900990099009901,0.05914141032423853,17.833333333333332,Computational reversal candidate for further investigation.,61
SGI-1776,-0.0957806761033482,3,3,3,3,1.0,0.009900990099009901,0.05914141032423853,14.0,Computational reversal candidate for further investigation.,62
imatinib,-0.09576654932741031,1,1,1,1,1.0,0.009900990099009901,0.05914141032423853,14.0,Computational reversal candidate for further investigation.,63
AZ-628,-0.0952612047277219,6,6,6,6,1.0,0.009900990099009901,0.05914141032423853,17.5,Computational reversal candidate for further investigation.,64
afatinib,-0.09459666805107432,14,15,14,15,0.9333333333333333,0.009900990099009901,0.05914141032423853,26.733333333333334,Computational reversal candidate for further investigation.,65
WYE-125132,-0.0931726004252825,51,51,51,51,1.0,0.009900990099009901,0.05914141032423853,21.92156862745098,Computational reversal candidate for further investigation.,66
AT7867,-0.09205079118890837,5,5,5,5,1.0,0.009900990099009901,0.05914141032423853,22.2,Computational reversal candidate for further investigation.,67
MGCD-265,-0.0904321714863402,1,1,1,1,1.0,0.009900990099009901,0.05914141032423853,14.0,Computational reversal candidate for further investigation.,68
NU-7441,-0.08724468889808246,5,5,5,5,1.0,0.009900990099009901,0.05914141032423853,19.8,Computational reversal candidate for further investigation.,69
HG-6-64-01,-0.08646573854135169,10,10,10,10,1.0,0.009900990099009901,0.05914141032423853,23.2,Computational reversal candidate for further investigation.,70
GDC-0068,-0.08385385233772859,1,1,1,1,1.0,0.009900990099009901,0.05914141032423853,16.0,Computational reversal candidate for further investigation.,71
torin-1,-0.08345322954389771,37,38,37,38,0.9736842105263158,0.009900990099009901,0.05914141032423853,22.763157894736842,Computational reversal candidate for further investigation.,72
BIX-01294,-0.08309035642982407,2,2,2,2,1.0,0.009900990099009901,0.05914141032423853,14.0,Computational reversal candidate for further investigation.,73
BX-912,-0.08282743358719867,3,4,3,4,0.75,0.009900990099009901,0.05914141032423853,13.5,Computational reversal candidate for further investigation.,74
AZD-6482,-0.08203113340323825,2,2,2,2,1.0,0.009900990099009901,0.05914141032423853,13.5,Computational reversal candidate for further investigation.,75
GDC-0941,-0.0808430385037039,17,18,17,18,0.9444444444444444,0.009900990099009901,0.05914141032423853,21.88888888888889,Computational reversal candidate for further investigation.,76
KW-2449,-0.0787140893339308,4,4,4,4,1.0,0.009900990099009901,0.05914141032423853,21.0,Computational reversal candidate for further investigation.,77
dabrafenib,-0.0779921755889064,10,10,10,10,1.0,0.009900990099009901,0.05914141032423853,13.7,Computational reversal candidate for further investigation.,78
LDN-193189,-0.07660619904760406,13,13,13,13,1.0,0.009900990099009901,0.05914141032423853,14.538461538461538,Computational reversal candidate for further investigation.,79
UNC0638,-0.07532076492432074,3,3,3,3,1.0,0.009900990099009901,0.05914141032423853,14.666666666666666,Computational reversal candidate for further investigation.,80
KIN001-265,-0.0733086942656167,3,3,3,3,1.0,0.009900990099009901,0.05914141032423853,22.333333333333332,Computational reversal candidate for further investigation.,81
XMD11-85H,-0.07282076751068033,1,1,1,1,1.0,0.009900990099009901,0.05914141032423853,12.0,Computational reversal candidate for further investigation.,82
KIN001-043,-0.07233385080614857,6,6,6,6,1.0,0.009900990099009901,0.05914141032423853,20.0,Computational reversal candidate for further investigation.,83
AZ20,-0.07214285150501669,7,8,7,8,0.875,0.009900990099009901,0.05914141032423853,16.0,Computational reversal candidate for further investigation.,84
PF 573228,-0.07048009017423526,1,1,1,1,1.0,0.009900990099009901,0.05914141032423853,11.0,Computational reversal candidate for further investigation.,85
MK-2206,-0.0701690111018111,11,11,11,11,1.0,0.009900990099009901,0.05914141032423853,19.545454545454547,Computational reversal candidate for further investigation.,86
BS-181,-0.07007631390895366,2,2,2,2,1.0,0.009900990099009901,0.05914141032423853,11.0,Computational reversal candidate for further investigation.,87
HG-14-10-04,-0.06978887454104404,6,6,6,6,1.0,0.009900990099009901,0.05914141032423853,12.833333333333334,Computational reversal candidate for further investigation.,88
celastrol,-0.0694258327959753,16,16,16,16,1.0,0.009900990099009901,0.05914141032423853,15.75,Computational reversal candidate for further investigation.,89
dasatinib,-0.06912190310745685,25,26,32,33,0.9615384615384616,0.009900990099009901,0.05914141032423853,15.909090909090908,Computational reversal candidate for further investigation.,90
regorafenib,-0.06790611775647129,2,2,2,2,1.0,0.009900990099009901,0.05914141032423853,11.5,Computational reversal candidate for further investigation.,91
nintedanib,-0.06688239412157032,7,7,7,7,1.0,0.009900990099009901,0.05914141032423853,9.857142857142858,Computational reversal candidate for further investigation.,92
pracinostat,-0.0668584081288453,20,20,20,20,1.0,0.009900990099009901,0.05914141032423853,14.65,Computational reversal candidate for further investigation.,93
foretinib,-0.066624390865999,12,12,12,12,1.0,0.009900990099009901,0.05914141032423853,26.083333333333332,Computational reversal candidate for further investigation.,94
methylstat,-0.06601745493415134,5,5,5,5,1.0,0.009900990099009901,0.05914141032423853,17.0,Computational reversal candidate for further investigation.,95
tozasertib,-0.06572687772757826,7,7,7,7,1.0,0.009900990099009901,0.05914141032423853,12.857142857142858,Computational reversal candidate for further investigation.,96
MK-1775,-0.06462640285120276,7,7,7,7,1.0,0.009900990099009901,0.05914141032423853,17.0,Computational reversal candidate for further investigation.,97
YM-201636,-0.06392445941068932,3,3,3,3,1.0,0.009900990099009901,0.05914141032423853,14.666666666666666,Computational reversal candidate for further investigation.,98
CP-724714,-0.06376137809289317,3,3,3,3,1.0,0.009900990099009901,0.05914141032423853,10.0,Computational reversal candidate for further investigation.,99
PF-562271,-0.06329804368737246,23,23,23,23,1.0,0.009900990099009901,0.05914141032423853,13.26086956521739,Computational reversal candidate for further investigation.,100
withaferin-a,-0.061742640222696835,28,30,43,45,0.9333333333333333,0.009900990099009901,0.05914141032423853,14.533333333333333,Computational reversal candidate for further investigation.,101
NVP-TAE226,-0.06074191685868352,9,9,9,9,1.0,0.009900990099009901,0.05914141032423853,11.777777777777779,Computational reversal candidate for further investigation.,102
belinostat,-0.05848631869938358,16,16,16,16,1.0,0.009900990099009901,0.05914141032423853,11.1875,Computational reversal candidate for further investigation.,103
QL-XII-47,-0.05709298936792677,29,33,29,33,0.8787878787878788,0.009900990099009901,0.05914141032423853,13.303030303030303,Computational reversal candidate for further investigation.,104
serdemetan,-0.05691320436957106,1,1,1,1,1.0,0.009900990099009901,0.05914141032423853,11.0,Computational reversal candidate for further investigation.,105
KIN001-220,-0.056680061171568416,2,2,2,2,1.0,0.009900990099009901,0.05914141032423853,8.5,Computational reversal candidate for further investigation.,106
HG-5-113-01,-0.05645597934323611,11,11,11,11,1.0,0.009900990099009901,0.05914141032423853,13.818181818181818,Computational reversal candidate for further investigation.,107
I-BET,-0.05615684534451913,5,5,5,5,1.0,0.009900990099009901,0.05914141032423853,11.0,Computational reversal candidate for further investigation.,108
dinaciclib,-0.05527368253067426,30,30,30,30,1.0,0.009900990099009901,0.05914141032423853,9.233333333333333,Computational reversal candidate for further investigation.,109
CGP-60474,-0.05458952756580262,114,114,223,223,1.0,0.009900990099009901,0.05914141032423853,9.63677130044843,Computational reversal candidate for further investigation.,110
BMS-387032,-0.053067016713886084,63,63,63,63,1.0,0.009900990099009901,0.05914141032423853,9.73015873015873,Computational reversal candidate for further investigation.,111
PHA-665752,-0.05283372499335301,7,7,7,7,1.0,0.009900990099009901,0.05914141032423853,14.428571428571429,Computational reversal candidate for further investigation.,112
JNK-9L,-0.05273465306128846,33,34,33,34,0.9705882352941176,0.009900990099009901,0.05914141032423853,10.470588235294118,Computational reversal candidate for further investigation.,113
AZD-5438,-0.05190216204226962,37,37,37,37,1.0,0.009900990099009901,0.05914141032423853,13.432432432432432,Computational reversal candidate for further investigation.,114
PF-431396,-0.05090923238887177,16,16,16,16,1.0,0.009900990099009901,0.05914141032423853,10.75,Computational reversal candidate for further investigation.,115
dovitinib,-0.050573429947400356,8,8,8,8,1.0,0.009900990099009901,0.05914141032423853,26.0,Computational reversal candidate for further investigation.,116
quizartinib,-0.05032162660978774,3,3,3,3,1.0,0.009900990099009901,0.05914141032423853,9.0,Computational reversal candidate for further investigation.,117
SU-11274,-0.05030802658421936,1,1,1,1,1.0,0.009900990099009901,0.05914141032423853,9.0,Computational reversal candidate for further investigation.,118
BYL719,-0.05030464374968156,6,6,6,6,1.0,0.009900990099009901,0.05914141032423853,16.0,Computational reversal candidate for further investigation.,119
entinostat,-0.04921854910088605,10,10,10,10,1.0,0.009900990099009901,0.05914141032423853,10.4,Computational reversal candidate for further investigation.,120
NPK76-II-72-1,-0.048576645583397846,2,2,2,2,1.0,0.009900990099009901,0.05914141032423853,8.5,Computational reversal candidate for further investigation.,121
GSK-1059615,-0.048457749575780355,24,27,37,41,0.8888888888888888,0.009900990099009901,0.05914141032423853,11.024390243902438,Computational reversal candidate for further investigation.,122
BRD-U74615290,-0.04839202793528925,1,1,1,1,1.0,0.009900990099009901,0.05914141032423853,8.0,Computational reversal candidate for further investigation.,123
crizotinib,-0.047530315681381885,5,5,5,5,1.0,0.009900990099009901,0.05914141032423853,13.6,Computational reversal candidate for further investigation.,124
amuvatinib,-0.04642178217886742,1,1,1,1,1.0,0.009900990099009901,0.05914141032423853,9.0,Computational reversal candidate for further investigation.,125
GSK-690693,-0.04626804238881005,3,3,3,3,1.0,0.009900990099009901,0.05914141032423853,9.0,Computational reversal candidate for further investigation.,126
XMD16-144,-0.04619040487607769,15,16,15,16,0.9375,0.009900990099009901,0.05914141032423853,11.1875,Computational reversal candidate for further investigation.,127
tivozanib,-0.046147784549407864,1,1,1,1,1.0,0.009900990099009901,0.05914141032423853,9.0,Computational reversal candidate for further investigation.,128
GSK-1070916,-0.045584857257784266,5,5,5,5,1.0,0.009900990099009901,0.05914141032423853,9.2,Computational reversal candidate for further investigation.,129
mitoxantrone,-0.04528685194104645,59,60,96,97,0.9833333333333333,0.009900990099009901,0.05914141032423853,18.969072164948454,Computational reversal candidate for further investigation.,130
AZD7762,-0.045268098349525845,3,3,3,3,1.0,0.009900990099009901,0.05914141032423853,8.0,Computational reversal candidate for further investigation.,131
mocetinostat,-0.04476132876053871,11,11,11,11,1.0,0.009900990099009901,0.05914141032423853,9.363636363636363,Computational reversal candidate for further investigation.,132
I-BET151,-0.04449394742314959,14,14,14,14,1.0,0.009900990099009901,0.05914141032423853,10.0,Computational reversal candidate for further investigation.,133
alvocidib,-0.04385679062069681,69,69,69,69,1.0,0.009900990099009901,0.05914141032423853,9.753623188405797,Computational reversal candidate for further investigation.,134
NVP-AUY922,-0.04316574625497708,29,35,29,35,0.8285714285714286,0.009900990099009901,0.05914141032423853,11.914285714285715,Computational reversal candidate for further investigation.,135
radicicol,-0.042993799404115976,33,40,45,53,0.825,0.009900990099009901,0.05914141032423853,14.81132075471698,Computational reversal candidate for further investigation.,136
PF-477736,-0.04261683801770624,15,22,15,22,0.6818181818181818,0.009900990099009901,0.05914141032423853,17.681818181818183,Computational reversal candidate for further investigation.,137
(+)-JQ1,-0.0425206601535135,13,13,13,13,1.0,0.009900990099009901,0.05914141032423853,8.846153846153847,Computational reversal candidate for further investigation.,138
rocilinostat,-0.042408391617184855,5,5,5,5,1.0,0.009900990099009901,0.05914141032423853,11.4,Computational reversal candidate for further investigation.,139
BRD-K11611839,-0.04228390107187911,1,1,1,1,1.0,0.009900990099009901,0.05914141032423853,9.0,Computational reversal candidate for further investigation.,140
PFI-1,-0.0409680801399387,4,4,4,4,1.0,0.009900990099009901,0.05914141032423853,8.0,Computational reversal candidate for further investigation.,141
PHA-767491,-0.04091052875211987,6,6,6,6,1.0,0.009900990099009901,0.05914141032423853,7.333333333333333,Computational reversal candidate for further investigation.,142
OTSSP167,-0.04072614264480258,14,14,14,14,1.0,0.009900990099009901,0.05914141032423853,7.285714285714286,Computational reversal candidate for further investigation.,143
BMS-345541,-0.04030065061942267,9,9,9,9,1.0,0.009900990099009901,0.05914141032423853,6.777777777777778,Computational reversal candidate for further investigation.,144
saracatinib,-0.03959019072589329,9,9,9,9,1.0,0.009900990099009901,0.05914141032423853,15.333333333333334,Computational reversal candidate for further investigation.,145
ZM-447439,-0.0394693767241191,4,4,4,4,1.0,0.009900990099009901,0.05914141032423853,8.0,Computational reversal candidate for further investigation.,146
ncgc00242557-01,-0.03917600489949135,1,1,1,1,1.0,0.009900990099009901,0.05914141032423853,9.0,Computational reversal candidate for further investigation.,147
WZ-3105,-0.03902179415282743,40,40,40,40,1.0,0.009900990099009901,0.05914141032423853,7.275,Computational reversal candidate for further investigation.,148
GDC-0879,-0.038581972146817814,3,3,3,3,1.0,0.009900990099009901,0.05914141032423853,6.0,Computational reversal candidate for further investigation.,149
QL-X-138,-0.0385382438360657,18,20,18,20,0.9,0.009900990099009901,0.05914141032423853,11.3,Computational reversal candidate for further investigation.,150
INK-128,-0.03807277664990053,20,21,20,21,0.9523809523809523,0.009900990099009901,0.05914141032423853,11.761904761904763,Computational reversal candidate for further investigation.,151
BRD-K14027855,-0.0378231584580711,1,1,1,1,1.0,0.009900990099009901,0.05914141032423853,7.0,Computational reversal candidate for further investigation.,152
AT-7519,-0.037510698297794506,44,44,44,44,1.0,0.009900990099009901,0.05914141032423853,8.727272727272727,Computational reversal candidate for further investigation.,153
BX-795,-0.036936502530423944,3,3,3,3,1.0,0.009900990099009901,0.05914141032423853,14.666666666666666,Computational reversal candidate for further investigation.,154
DCC-2036,-0.03691238682213156,7,7,7,7,1.0,0.009900990099009901,0.05914141032423853,10.0,Computational reversal candidate for further investigation.,155
d-64131,-0.03684838687795797,1,1,1,1,1.0,0.009900990099009901,0.05914141032423853,10.0,Computational reversal candidate for further investigation.,156
taxifolin-(+/-),-0.03651734514343314,1,1,1,1,1.0,0.039603960396039604,0.1716902992238282,14.0,Computational reversal candidate for further investigation.,157
pelitinib,-0.03646851060528933,9,11,9,11,0.8181818181818182,0.009900990099009901,0.05914141032423853,12.363636363636363,Computational reversal candidate for further investigation.,158
SB-525334,-0.036255505100275275,1,1,1,1,1.0,0.009900990099009901,0.05914141032423853,6.0,Computational reversal candidate for further investigation.,159
ponatinib,-0.03601996411477766,5,5,5,5,1.0,0.009900990099009901,0.05914141032423853,7.6,Computational reversal candidate for further investigation.,160
AST1306,-0.0355337172215466,2,2,2,2,1.0,0.009900990099009901,0.05914141032423853,7.0,Computational reversal candidate for further investigation.,161
tivantinib,-0.035211947415160726,6,7,6,7,0.8571428571428571,0.009900990099009901,0.05914141032423853,9.142857142857142,Computational reversal candidate for further investigation.,162
AKT-inhibitor-1-2,-0.03499252575962607,3,3,3,3,1.0,0.009900990099009901,0.05914141032423853,11.0,Computational reversal candidate for further investigation.,163
sunitinib,-0.03462734571792196,9,10,9,10,0.9,0.009900990099009901,0.05914141032423853,9.2,Computational reversal candidate for further investigation.,164
AS-601245,-0.0341450173078658,11,11,11,11,1.0,0.009900990099009901,0.05914141032423853,6.7272727272727275,Computational reversal candidate for further investigation.,165
enzastaurin,-0.033886393844827195,1,1,1,1,1.0,0.009900990099009901,0.05914141032423853,6.0,Computational reversal candidate for further investigation.,166
HG-5-88-01,-0.03386500633153901,6,6,6,6,1.0,0.009900990099009901,0.05914141032423853,12.166666666666666,Computational reversal candidate for further investigation.,167
CYT387,-0.0336590554200491,6,6,6,6,1.0,0.009900990099009901,0.05914141032423853,11.5,Computational reversal candidate for further investigation.,168
dihydro-beta-tubaic acid,-0.03340329862436686,1,1,1,1,1.0,0.009900990099009901,0.05914141032423853,7.0,Computational reversal candidate for further investigation.,169
WH-4-025,-0.03317293258641857,5,5,5,5,1.0,0.009900990099009901,0.05914141032423853,20.8,Computational reversal candidate for further investigation.,170
"ici-162,846",-0.03311793946309819,1,1,1,1,1.0,0.009900990099009901,0.05914141032423853,9.0,Computational reversal candidate for further investigation.,171
tanespimycin,-0.03281976539684308,5,6,8,10,0.8333333333333334,0.009900990099009901,0.05914141032423853,8.5,Computational reversal candidate for further investigation.,172
TPCA-1,-0.03246850144654416,2,3,2,3,0.6666666666666666,0.009900990099009901,0.05914141032423853,7.0,Computational reversal candidate for further investigation.,173
roscovitine,-0.03226295591004791,2,2,2,2,1.0,0.009900990099009901,0.05914141032423853,5.0,Computational reversal candidate for further investigation.,174
urapidil hydrochloride,-0.031909461362849036,1,1,1,1,1.0,0.009900990099009901,0.05914141032423853,9.0,Computational reversal candidate for further investigation.,175
ABT-737,-0.03171287959509564,1,1,1,1,1.0,0.019801980198019802,0.10127483336568951,7.0,Computational reversal candidate for further investigation.,176
SYK-inhibitor,-0.03154056749078972,5,5,5,5,1.0,0.009900990099009901,0.05914141032423853,8.4,Computational reversal candidate for further investigation.,177
BRD-K74126469,-0.03135033667838663,1,1,1,1,1.0,0.009900990099009901,0.05914141032423853,7.0,Computational reversal candidate for further investigation.,178
ru 24969,-0.031095504915361654,1,1,1,1,1.0,0.019801980198019802,0.10127483336568951,5.0,Computational reversal candidate for further investigation.,179
GSK-461364,-0.030595298707149665,11,14,11,14,0.7857142857142857,0.009900990099009901,0.05914141032423853,7.0,Computational reversal candidate for further investigation.,180
gliquidone,-0.030518999609253354,1,1,1,1,1.0,0.009900990099009901,0.05914141032423853,6.0,Computational reversal candidate for further investigation.,181
JNK-IN-5A,-0.030175258416686078,18,18,18,18,1.0,0.009900990099009901,0.05914141032423853,8.444444444444445,Computational reversal candidate for further investigation.,182
fenofibrate,-0.029823963799945043,1,1,1,1,1.0,0.009900990099009901,0.05914141032423853,5.0,Computational reversal candidate for further investigation.,183
dacomitinib,-0.029603792424342024,1,1,1,1,1.0,0.009900990099009901,0.05914141032423853,5.0,Computational reversal candidate for further investigation.,184
BRD-K89558221,-0.02939151863554399,1,1,1,1,1.0,0.009900990099009901,0.05914141032423853,9.0,Computational reversal candidate for further investigation.,185
fostamatinib,-0.02930746862830604,2,2,2,2,1.0,0.009900990099009901,0.05914141032423853,8.0,Computational reversal candidate for further investigation.,186
buparlisib,-0.029123233028255154,8,9,8,9,0.8888888888888888,0.009900990099009901,0.05914141032423853,10.333333333333334,Computational reversal candidate for further investigation.,187
pp3,-0.02887911329848574,1,1,1,1,1.0,0.009900990099009901,0.05914141032423853,5.0,Computational reversal candidate for further investigation.,188
6-diazo-5-oxo-l-norleucine,-0.028552395583083257,1,1,1,1,1.0,0.009900990099009901,0.05914141032423853,7.0,Computational reversal candidate for further investigation.,189
s1014,-0.028485585046582544,1,1,1,1,1.0,0.019801980198019802,0.10127483336568951,5.0,Computational reversal candidate for further investigation.,190
ic 261,-0.028439568709998888,1,1,1,1,1.0,0.009900990099009901,0.05914141032423853,5.0,Computational reversal candidate for further investigation.,191
ml 3163,-0.028417516625345803,1,1,1,1,1.0,0.009900990099009901,0.05914141032423853,8.0,Computational reversal candidate for further investigation.,192
troglitazone,-0.028416925663623416,1,1,1,1,1.0,0.009900990099009901,0.05914141032423853,7.0,Computational reversal candidate for further investigation.,193
mycophenolate mofetil,-0.028339812739217943,1,1,1,1,1.0,0.009900990099009901,0.05914141032423853,7.0,Computational reversal candidate for further investigation.,194
(-)-JQ1,-0.028301133672756794,1,1,1,1,1.0,0.009900990099009901,0.05914141032423853,6.0,Computational reversal candidate for further investigation.,195
linolenic acid (18:3 n-3),-0.028228645150118675,1,1,1,1,1.0,0.0297029702970297,0.13712433190221676,8.0,Computational reversal candidate for further investigation.,196
GW-843682X,-0.028122903808314892,8,8,8,8,1.0,0.009900990099009901,0.05914141032423853,6.875,Computational reversal candidate for further investigation.,197
rimexolone,-0.02793000766015365,1,1,1,1,1.0,0.019801980198019802,0.10127483336568951,5.0,Computational reversal candidate for further investigation.,198
BRD-K39944607,-0.02792744251158341,6,6,6,6,1.0,0.009900990099009901,0.05914141032423853,6.0,Computational reversal candidate for further investigation.,199
"betamethasone 17,21-dipropionate",-0.02790981091386804,1,1,1,1,1.0,0.009900990099009901,0.05914141032423853,7.0,Computational reversal candidate for further investigation.,200
ei-332,-0.02777767746843989,1,1,1,1,1.0,0.009900990099009901,0.05914141032423853,6.0,Computational reversal candidate for further investigation.,201
CP466722,-0.02761113039894906,3,3,3,3,1.0,0.009900990099009901,0.05914141032423853,5.666666666666667,Computational reversal candidate for further investigation.,202
A443654,-0.027590612575924718,38,39,38,39,0.9743589743589743,0.009900990099009901,0.05914141032423853,7.3076923076923075,Computational reversal candidate for further investigation.,203
ncgc00182388-01,-0.027405477283143173,1,1,1,1,1.0,0.009900990099009901,0.05914141032423853,6.0,Computational reversal candidate for further investigation.,204
BMS-777607,-0.02729791007598851,1,1,1,1,1.0,0.019801980198019802,0.10127483336568951,5.0,Computational reversal candidate for further investigation.,205
CC-401,-0.027122426151455846,2,3,2,3,0.6666666666666666,0.009900990099009901,0.05914141032423853,7.0,Computational reversal candidate for further investigation.,206
ethyl-beta-carboline-3-carboxylate,-0.026964875261961615,1,1,1,1,1.0,0.019801980198019802,0.10127483336568951,5.0,Computational reversal candidate for further investigation.,207
medrysone,-0.026772691957604063,1,1,1,1,1.0,0.009900990099009901,0.05914141032423853,7.0,Computational reversal candidate for further investigation.,208
linifanib,-0.026763285333226028,10,12,10,12,0.8333333333333334,0.009900990099009901,0.05914141032423853,7.5,Computational reversal candidate for further investigation.,209
hy-11006,-0.026697726103897507,1,1,1,1,1.0,0.009900990099009901,0.05914141032423853,5.0,Computational reversal candidate for further investigation.,210
naltrexone hydrochloride,-0.026466568239214824,1,1,1,1,1.0,0.019801980198019802,0.10127483336568951,8.0,Computational reversal candidate for further investigation.,211
ei-232,-0.026237685952780303,2,2,2,2,1.0,0.0297029702970297,0.13712433190221676,6.0,Computational reversal candidate for further investigation.,212
GSK-1904529A,-0.026092838798839273,1,1,1,1,1.0,0.009900990099009901,0.05914141032423853,6.0,Computational reversal candidate for further investigation.,213
AZD-7762,-0.026007739801827932,21,37,21,37,0.5675675675675675,0.009900990099009901,0.05914141032423853,11.27027027027027,Computational reversal candidate for further investigation.,214
kf 38789,-0.025754404131588502,2,3,2,3,0.6666666666666666,0.009900990099009901,0.05914141032423853,5.666666666666667,Computational reversal candidate for further investigation.,215
BRD-K27151060,-0.025538137688915576,1,1,1,1,1.0,0.009900990099009901,0.05914141032423853,5.0,Computational reversal candidate for further investigation.,216
bosutinib,-0.025530854108260264,2,2,2,2,1.0,0.009900990099009901,0.05914141032423853,5.5,Computational reversal candidate for further investigation.,217
mebendazole,-0.025470466682402312,3,3,3,3,1.0,0.009900990099009901,0.05914141032423853,6.666666666666667,Computational reversal candidate for further investigation.,218
loxapine succinate,-0.02544309754248614,1,1,1,1,1.0,0.009900990099009901,0.05914141032423853,7.0,Computational reversal candidate for further investigation.,219
mls-0435541.0001,-0.0253198495593385,1,1,1,1,1.0,0.009900990099009901,0.05914141032423853,5.0,Computational reversal candidate for further investigation.,220
RAF 265,-0.02485031570067895,2,2,2,2,1.0,0.009900990099009901,0.05914141032423853,5.5,Computational reversal candidate for further investigation.,221
gw 843682x,-0.024742842911447994,2,2,2,2,1.0,0.009900990099009901,0.05914141032423853,6.0,Computational reversal candidate for further investigation.,222
vinpocetine,-0.024499232498474202,1,1,1,1,1.0,0.039603960396039604,0.1716902992238282,7.0,Computational reversal candidate for further investigation.,223
BRD-K65366129,-0.02449762941329196,1,1,1,1,1.0,0.019801980198019802,0.10127483336568951,5.0,Computational reversal candidate for further investigation.,224
iodophenpropit dihydrobromide,-0.024442657231524213,1,1,1,1,1.0,0.009900990099009901,0.05914141032423853,6.0,Computational reversal candidate for further investigation.,225
oxaprozin,-0.024345500659177753,1,1,1,1,1.0,0.0297029702970297,0.13712433190221676,5.0,Computational reversal candidate for further investigation.,226
BRD-K52911425,-0.02414792368265525,1,1,1,1,1.0,0.009900990099009901,0.05914141032423853,6.0,Computational reversal candidate for further investigation.,227
tranilast,-0.023669472786321945,1,1,1,1,1.0,0.009900990099009901,0.05914141032423853,9.0,Computational reversal candidate for further investigation.,228
ag 82,-0.023586075338192045,1,1,1,1,1.0,0.019801980198019802,0.10127483336568951,6.0,Computational reversal candidate for further investigation.,229
ON-01910,-0.02350360778541872,6,7,6,7,0.8571428571428571,0.009900990099009901,0.05914141032423853,8.142857142857142,Computational reversal candidate for further investigation.,230
ncgc00184713-01,-0.023397558301623635,1,1,1,1,1.0,0.009900990099009901,0.05914141032423853,6.0,Computational reversal candidate for further investigation.,231
bl-077,-0.023385885660457323,2,3,2,3,0.6666666666666666,0.009900990099009901,0.05914141032423853,6.0,Computational reversal candidate for further investigation.,232
BRD-K20401833,-0.023150882687623237,1,1,1,1,1.0,0.0594059405940594,0.22955628896222954,5.0,Computational reversal candidate for further investigation.,233
aristolochic acid,-0.023013527112262983,1,1,1,1,1.0,0.019801980198019802,0.10127483336568951,5.0,Computational reversal candidate for further investigation.,234
BRD-K71142328,-0.02296520231109462,1,1,1,1,1.0,0.0297029702970297,0.13712433190221676,6.0,Computational reversal candidate for further investigation.,235
BRD-K23673040,-0.022889805317209057,1,1,1,1,1.0,0.009900990099009901,0.05914141032423853,5.0,Computational reversal candidate for further investigation.,236
brivanib,-0.022800330258676168,1,1,1,1,1.0,0.0297029702970297,0.13712433190221676,7.0,Computational reversal candidate for further investigation.,237
gr-206,-0.022643696965144965,1,1,1,1,1.0,0.019801980198019802,0.10127483336568951,5.0,Computational reversal candidate for further investigation.,238
rf 01079,-0.022536612965933154,1,1,1,1,1.0,0.04950495049504951,0.2044201781655738,6.0,Computational reversal candidate for further investigation.,239
prostaglandin a1,-0.02253174938563235,3,4,3,4,0.75,0.009900990099009901,0.05914141032423853,8.0,Computational reversal candidate for further investigation.,240
oxymetazoline hydrochloride,-0.022484746543096155,1,1,1,1,1.0,0.009900990099009901,0.05914141032423853,6.0,Computational reversal candidate for further investigation.,241
exemestane,-0.022169758261175253,2,2,2,2,1.0,0.0297029702970297,0.13712433190221676,7.0,Computational reversal candidate for further investigation.,242
epitestosterone,-0.022166691803119244,1,1,1,1,1.0,0.009900990099009901,0.05914141032423853,7.0,Computational reversal candidate for further investigation.,243
BRD-K50387473,-0.022127910270447245,3,3,3,3,1.0,0.009900990099009901,0.05914141032423853,6.0,Computational reversal candidate for further investigation.,244
BRD-K99582188,-0.022127117754381,1,1,1,1,1.0,0.019801980198019802,0.10127483336568951,5.0,Computational reversal candidate for further investigation.,245
"reichstein/c,aeos substance/c-*s",-0.022038997354971557,1,1,1,1,1.0,0.009900990099009901,0.05914141032423853,6.0,Computational reversal candidate for further investigation.,246
nu 1025,-0.02186515103303685,1,1,1,1,1.0,0.009900990099009901,0.05914141032423853,6.0,Computational reversal candidate for further investigation.,247
isoflupredone acetate,-0.021795115523272027,1,1,1,1,1.0,0.019801980198019802,0.10127483336568951,5.0,Computational reversal candidate for further investigation.,248
hydrocortisone valerate,-0.02179135795650737,1,1,1,1,1.0,0.0297029702970297,0.13712433190221676,8.0,Computational reversal candidate for further investigation.,249
BRD-K61341215,-0.021780005337249563,1,1,1,1,1.0,0.0297029702970297,0.13712433190221676,6.0,Computational reversal candidate for further investigation.,250
gsk-3b inhibitor viii,-0.021653497678491333,4,4,4,4,1.0,0.009900990099009901,0.05914141032423853,6.75,Computational reversal candidate for further investigation.,251
evodiamine,-0.021534423142377593,2,2,2,2,1.0,0.009900990099009901,0.05914141032423853,7.0,Computational reversal candidate for further investigation.,252
vu0415555-1,-0.02140878937587913,1,1,1,1,1.0,0.019801980198019802,0.10127483336568951,6.0,Computational reversal candidate for further investigation.,253
oxybenzone,-0.02139932464872505,1,1,1,1,1.0,0.019801980198019802,0.10127483336568951,5.0,Computational reversal candidate for further investigation.,254
cdc,-0.021387799549062086,1,1,1,1,1.0,0.0297029702970297,0.13712433190221676,6.0,Computational reversal candidate for further investigation.,255
s1017,-0.021179561157789916,2,2,2,2,1.0,0.009900990099009901,0.05914141032423853,6.0,Computational reversal candidate for further investigation.,256
s1095,-0.021124117768010577,3,3,3,3,1.0,0.009900990099009901,0.05914141032423853,6.666666666666667,Computational reversal candidate for further investigation.,257
BRD-K85318537 (obaa),-0.021059103420006636,1,1,1,1,1.0,0.0594059405940594,0.22955628896222954,8.0,Computational reversal candidate for further investigation.,258
hts 10859,-0.020848931633113063,2,2,2,2,1.0,0.0297029702970297,0.13712433190221676,6.5,Computational reversal candidate for further investigation.,259
hy-10966,-0.020753211093034192,1,1,1,1,1.0,0.019801980198019802,0.10127483336568951,5.0,Computational reversal candidate for further investigation.,260
chelidonine (+),-0.02073174098673888,3,3,3,3,1.0,0.009900990099009901,0.05914141032423853,6.333333333333333,Computational reversal candidate for further investigation.,261
hy-11009,-0.020715190273292862,5,5,5,5,1.0,0.039603960396039604,0.1716902992238282,8.8,Computational reversal candidate for further investigation.,262
st638,-0.020704248953141734,1,1,1,1,1.0,0.009900990099009901,0.05914141032423853,6.0,Computational reversal candidate for further investigation.,263
BRD-K00028814,-0.020692480088066192,1,1,1,1,1.0,0.0297029702970297,0.13712433190221676,7.0,Computational reversal candidate for further investigation.,264
BRD-K38615104,-0.02068441692217408,8,8,8,8,1.0,0.009900990099009901,0.05914141032423853,6.75,Computational reversal candidate for further investigation.,265
BRD-K98896788,-0.020616994275403984,1,1,1,1,1.0,0.019801980198019802,0.10127483336568951,5.0,Computational reversal candidate for further investigation.,266
BRD-K34711351,-0.020512967399327786,1,1,1,1,1.0,0.009900990099009901,0.05914141032423853,7.0,Computational reversal candidate for further investigation.,267
prunetin,-0.020471028967488415,1,1,1,1,1.0,0.019801980198019802,0.10127483336568951,5.0,Computational reversal candidate for further investigation.,268
hinokitiol,-0.020465871286321508,3,4,3,4,0.75,0.009900990099009901,0.05914141032423853,7.0,Computational reversal candidate for further investigation.,269
BRD-A90643929,-0.020442348304723554,1,1,1,1,1.0,0.009900990099009901,0.05914141032423853,6.0,Computational reversal candidate for further investigation.,270
c3930,-0.02043649692150467,1,1,1,1,1.0,0.039603960396039604,0.1716902992238282,6.0,Computational reversal candidate for further investigation.,271
BRD-K14328427,-0.020196888405077346,1,1,1,1,1.0,0.009900990099009901,0.05914141032423853,7.0,Computational reversal candidate for further investigation.,272
ncgc00241071-01,-0.020161135435128246,1,1,1,1,1.0,0.039603960396039604,0.1716902992238282,5.0,Computational reversal candidate for further investigation.,273
BRD-K73567619,-0.020142001222770788,1,1,1,1,1.0,0.0297029702970297,0.13712433190221676,5.0,Computational reversal candidate for further investigation.,274
hy-10459,-0.020066049856807253,10,10,10,10,1.0,0.009900990099009901,0.05914141032423853,7.0,Computational reversal candidate for further investigation.,275
cyclosporine,-0.020004601712301468,5,5,6,6,1.0,0.009900990099009901,0.05914141032423853,5.5,Computational reversal candidate for further investigation.,276
formoterol hemifumarate,-0.019989743378475814,1,1,1,1,1.0,0.009900990099009901,0.05914141032423853,6.0,Computational reversal candidate for further investigation.,277
siguazodan,-0.019966582682468828,1,1,1,1,1.0,0.009900990099009901,0.05914141032423853,8.0,Computational reversal candidate for further investigation.,278
terconazole,-0.019783270003780627,1,1,1,1,1.0,0.0297029702970297,0.13712433190221676,5.0,Computational reversal candidate for further investigation.,279
BRD-K00366212,-0.019600381014506084,1,1,1,1,1.0,0.0594059405940594,0.22955628896222954,6.0,Computational reversal candidate for further investigation.,280
BI-2536,-0.019594275199649704,34,39,35,40,0.8717948717948718,0.009900990099009901,0.05914141032423853,9.275,Computational reversal candidate for further investigation.,281
xylazine,-0.019468909397581828,1,1,1,1,1.0,0.0297029702970297,0.13712433190221676,5.0,Computational reversal candidate for further investigation.,282
hy-13001,-0.019383020932467427,1,1,1,1,1.0,0.019801980198019802,0.10127483336568951,8.0,Computational reversal candidate for further investigation.,283
parbendazole,-0.01936867922602528,2,2,2,2,1.0,0.0297029702970297,0.13712433190221676,5.5,Computational reversal candidate for further investigation.,284
BRD-K70871370,-0.019357330394228506,1,1,1,1,1.0,0.0594059405940594,0.22955628896222954,5.0,Computational reversal candidate for further investigation.,285
BRD-K52080565,-0.019315987403667557,1,1,1,1,1.0,0.13861386138613863,0.4069994241450412,11.0,Computational reversal candidate for further investigation.,286
paclitaxel,-0.019290479077529944,1,1,1,1,1.0,0.04950495049504951,0.2044201781655738,6.0,Computational reversal candidate for further investigation.,287
BRD-K71382703,-0.01918073915634918,1,1,1,1,1.0,0.019801980198019802,0.10127483336568951,5.0,Computational reversal candidate for further investigation.,288
BRD-K53461563,-0.019178881054182077,1,1,1,1,1.0,0.039603960396039604,0.1716902992238282,7.0,Computational reversal candidate for further investigation.,289
BRD-K19220233,-0.019174471465673852,11,11,11,11,1.0,0.009900990099009901,0.05914141032423853,6.7272727272727275,Computational reversal candidate for further investigation.,290
BRD-K36055864 (cycloheximide),-0.01899093630248519,5,7,5,7,0.7142857142857143,0.009900990099009901,0.05914141032423853,7.142857142857143,Computational reversal candidate for further investigation.,291
betamethasone acetate,-0.0189765473976523,2,2,2,2,1.0,0.009900990099009901,0.05914141032423853,6.0,Computational reversal candidate for further investigation.,292
BRD-K89546934,-0.018951675021411263,1,1,1,1,1.0,0.12871287128712872,0.3965268574101505,6.0,Computational reversal candidate for further investigation.,293
oxibendazole,-0.018720105392396012,1,2,1,2,0.5,0.009900990099009901,0.05914141032423853,7.5,Computational reversal candidate for further investigation.,294
bp 554 maleate,-0.01860989802830914,1,1,1,1,1.0,0.04950495049504951,0.2044201781655738,8.0,Computational reversal candidate for further investigation.,295
BRD-K88551539,-0.01857890256737688,1,1,1,1,1.0,0.09900990099009901,0.32898194278026527,7.0,Computational reversal candidate for further investigation.,296
hexylcaine hydrochloride,-0.01852757705243617,1,1,1,1,1.0,0.009900990099009901,0.05914141032423853,7.0,Computational reversal candidate for further investigation.,297
BRD-K08640787,-0.01851803332672773,1,1,1,1,1.0,0.009900990099009901,0.05914141032423853,5.0,Computational reversal candidate for further investigation.,298
KU-55933,-0.018469001603051326,1,1,1,1,1.0,0.0594059405940594,0.22955628896222954,5.0,Computational reversal candidate for further investigation.,299
rk-682,-0.01826880324887184,1,1,1,1,1.0,0.1188118811881188,0.37947060012123657,9.0,Computational reversal candidate for further investigation.,300
fluvastatin,-0.018264204158138037,1,1,1,1,1.0,0.06930693069306931,0.2522449919410546,8.0,Computational reversal candidate for further investigation.,301
BRD-K33164466,-0.018247458099702334,1,1,1,1,1.0,0.009900990099009901,0.05914141032423853,5.0,Computational reversal candidate for further investigation.,302
lfm-a12,-0.018157913178047665,2,2,2,2,1.0,0.009900990099009901,0.05914141032423853,6.5,Computational reversal candidate for further investigation.,303
mead acid (20:3 n-9),-0.01812006095696037,1,1,1,1,1.0,0.019801980198019802,0.10127483336568951,6.0,Computational reversal candidate for further investigation.,304
BRD-K17953061,-0.01782553327058032,7,7,7,7,1.0,0.019801980198019802,0.10127483336568951,7.428571428571429,Computational reversal candidate for further investigation.,305
tramadol,-0.01776347057613103,1,1,1,1,1.0,0.019801980198019802,0.10127483336568951,5.0,Computational reversal candidate for further investigation.,306
promazine hydrochloride,-0.017744418678909937,1,1,1,1,1.0,0.009900990099009901,0.05914141032423853,6.0,Computational reversal candidate for further investigation.,307
ifenprodil tartrate,-0.01770258204359183,1,1,1,1,1.0,0.0594059405940594,0.22955628896222954,5.0,Computational reversal candidate for further investigation.,308
sulfaguanidine,-0.017664720402403165,1,1,1,1,1.0,0.1188118811881188,0.37947060012123657,7.0,Computational reversal candidate for further investigation.,309
skf 81297 hydrobromide,-0.017573955964630652,1,1,1,1,1.0,0.039603960396039604,0.1716902992238282,7.0,Computational reversal candidate for further investigation.,310
BRD-K31851742,-0.017512535227843212,1,1,1,1,1.0,0.15841584158415842,0.4459007051784315,11.0,Computational reversal candidate for further investigation.,311
psh 024,-0.017333335248219513,1,1,1,1,1.0,0.019801980198019802,0.10127483336568951,6.0,Computational reversal candidate for further investigation.,312
BRD-K71554540,-0.01731919273046531,1,1,1,1,1.0,0.0297029702970297,0.13712433190221676,5.0,Computational reversal candidate for further investigation.,313
everolimus,-0.01729767633972803,1,1,1,1,1.0,0.009900990099009901,0.05914141032423853,5.0,Computational reversal candidate for further investigation.,314
np-004102,-0.017220779087369367,1,1,1,1,1.0,0.0297029702970297,0.13712433190221676,5.0,Computational reversal candidate for further investigation.,315
niridazole,-0.017060351210994355,1,1,1,1,1.0,0.0297029702970297,0.13712433190221676,5.0,Computational reversal candidate for further investigation.,316
ncgc00183255-01,-0.01705938945793415,2,3,2,3,0.6666666666666666,0.039603960396039604,0.1716902992238282,8.333333333333334,Computational reversal candidate for further investigation.,317
hy-50940,-0.017043626561855225,5,6,5,6,0.8333333333333334,0.039603960396039604,0.1716902992238282,8.166666666666666,Computational reversal candidate for further investigation.,318
bromocryptine mesylate,-0.01690061197252254,1,1,1,1,1.0,0.0297029702970297,0.13712433190221676,5.0,Computational reversal candidate for further investigation.,319
BRD-K15592317,-0.016841510188297666,1,2,1,2,0.5,0.0297029702970297,0.13712433190221676,6.5,Computational reversal candidate for further investigation.,320
amg 9810,-0.016825771682286637,1,1,1,1,1.0,0.009900990099009901,0.05914141032423853,5.0,Computational reversal candidate for further investigation.,321
p8624,-0.016746311795091885,4,5,4,5,0.8,0.0297029702970297,0.13712433190221676,6.0,Computational reversal candidate for further investigation.,322
s1249,-0.016734039805025788,8,9,8,9,0.8888888888888888,0.009900990099009901,0.05914141032423853,7.444444444444445,Computational reversal candidate for further investigation.,323
BRD-K12105018,-0.016726499264019482,1,1,1,1,1.0,0.0594059405940594,0.22955628896222954,5.0,Computational reversal candidate for further investigation.,324
cyclo [arg-gly-asp-d-phe-val],-0.016696355074506987,1,1,1,1,1.0,0.04950495049504951,0.2044201781655738,8.0,Computational reversal candidate for further investigation.,325
carbinoxamine maleate,-0.01668304802808846,1,1,1,1,1.0,0.019801980198019802,0.10127483336568951,5.0,Computational reversal candidate for further investigation.,326
jlk 6,-0.01659001491004891,1,1,1,1,1.0,0.06930693069306931,0.2522449919410546,5.0,Computational reversal candidate for further investigation.,327
levonorgestrel,-0.016587374188434027,1,1,1,1,1.0,0.1485148514851485,0.4256881732129257,9.0,Computational reversal candidate for further investigation.,328
BRD-K51443908,-0.01653670519423094,1,1,1,1,1.0,0.0594059405940594,0.22955628896222954,5.0,Computational reversal candidate for further investigation.,329
BRD-K06592610,-0.016526478808184288,1,1,1,1,1.0,0.0297029702970297,0.13712433190221676,5.0,Computational reversal candidate for further investigation.,330
BRD-K88329126,-0.01651603860286633,2,2,2,2,1.0,0.009900990099009901,0.05914141032423853,5.5,Computational reversal candidate for further investigation.,331
prednicarbate,-0.01645782628539927,1,1,1,1,1.0,0.0297029702970297,0.13712433190221676,5.0,Computational reversal candidate for further investigation.,332
chlorprothixene hydrochloride,-0.016320627225061043,1,1,1,1,1.0,0.0297029702970297,0.13712433190221676,5.0,Computational reversal candidate for further investigation.,333
trap 101,-0.01628502476647619,1,1,1,1,1.0,0.06930693069306931,0.2522449919410546,9.0,Computational reversal candidate for further investigation.,334
rifapentine,-0.0162813479033562,1,1,1,1,1.0,0.07920792079207921,0.2798203070871421,5.0,Computational reversal candidate for further investigation.,335
16beta-bromoandrosterone,-0.016241781655172784,1,1,1,1,1.0,0.1188118811881188,0.37947060012123657,5.0,Computational reversal candidate for further investigation.,336
19-norethindrone,-0.01612867354025893,1,1,1,1,1.0,0.04950495049504951,0.2044201781655738,5.0,Computational reversal candidate for further investigation.,337
"2,4-dideoxy-dc-45-a2",-0.016082275213063175,1,1,1,1,1.0,0.06930693069306931,0.2522449919410546,5.0,Computational reversal candidate for further investigation.,338
BRD-K16541732,-0.015999644204795917,1,1,1,1,1.0,0.019801980198019802,0.10127483336568951,5.0,Computational reversal candidate for further investigation.,339
ncgc00011940-02,-0.015986946335250683,1,1,1,1,1.0,0.019801980198019802,0.10127483336568951,5.0,Computational reversal candidate for further investigation.,340
s1362,-0.01594902981003434,1,1,1,1,1.0,0.09900990099009901,0.32898194278026527,7.0,Computational reversal candidate for further investigation.,341
sarmentogenin,-0.015945342333213305,3,5,3,5,0.6,0.019801980198019802,0.10127483336568951,7.2,Computational reversal candidate for further investigation.,342
doxorubicin,-0.015900139821428863,12,12,14,14,1.0,0.039603960396039604,0.1716902992238282,7.214285714285714,Computational reversal candidate for further investigation.,343
calyculin a,-0.015804136355894866,2,2,2,2,1.0,0.009900990099009901,0.05914141032423853,5.0,Computational reversal candidate for further investigation.,344
np-001236,-0.01578780425686087,4,4,4,4,1.0,0.019801980198019802,0.10127483336568951,6.25,Computational reversal candidate for further investigation.,345
BRD-K53780220,-0.015766749898304615,4,4,4,4,1.0,0.0297029702970297,0.13712433190221676,5.75,Computational reversal candidate for further investigation.,346
idarubicin hcl,-0.015750991795900518,4,4,4,4,1.0,0.019801980198019802,0.10127483336568951,5.75,Computational reversal candidate for further investigation.,347
ncgc00242279-01,-0.015697546370446347,1,1,1,1,1.0,0.039603960396039604,0.1716902992238282,6.0,Computational reversal candidate for further investigation.,348
hy-11005,-0.0156828346986429,1,1,1,1,1.0,0.13861386138613863,0.4069994241450412,6.0,Computational reversal candidate for further investigation.,349
BRD-K90430314,-0.015664521074779586,1,1,1,1,1.0,0.09900990099009901,0.32898194278026527,5.0,Computational reversal candidate for further investigation.,350
bibx 1382 dihydrochloride,-0.015662399814626537,3,3,3,3,1.0,0.0297029702970297,0.13712433190221676,5.666666666666667,Computational reversal candidate for further investigation.,351
naloxone benzoylhydrazone,-0.01560684598532046,2,2,2,2,1.0,0.009900990099009901,0.05914141032423853,6.0,Computational reversal candidate for further investigation.,352
am580,-0.015507226962110177,1,1,1,1,1.0,0.039603960396039604,0.1716902992238282,6.0,Computational reversal candidate for further investigation.,353
BRD-U32049204,-0.015462824367362349,1,1,1,1,1.0,0.15841584158415842,0.4459007051784315,6.0,Computational reversal candidate for further investigation.,354
BRD-K64058329,-0.015413937861848827,1,1,1,1,1.0,0.06930693069306931,0.2522449919410546,7.0,Computational reversal candidate for further investigation.,355
BRD-K03829970,-0.015300186176813722,3,4,3,4,0.75,0.019801980198019802,0.10127483336568951,7.75,Computational reversal candidate for further investigation.,356
BRD-K88542532,-0.015296838376096156,1,1,1,1,1.0,0.06930693069306931,0.2522449919410546,5.0,Computational reversal candidate for further investigation.,357
u 99194 maleate,-0.015288161245852607,1,1,1,1,1.0,0.0297029702970297,0.13712433190221676,5.0,Computational reversal candidate for further investigation.,358
ei-293,-0.015285261423276193,7,8,7,8,0.875,0.0594059405940594,0.22955628896222954,7.5,Computational reversal candidate for further investigation.,359
cladribine,-0.015257154578234032,1,1,1,1,1.0,0.04950495049504951,0.2044201781655738,5.0,Computational reversal candidate for further investigation.,360
BRD-K72238567,-0.01525292579411185,6,6,6,6,1.0,0.039603960396039604,0.1716902992238282,7.833333333333333,Computational reversal candidate for further investigation.,361
colchicine,-0.01510297567882493,1,1,1,1,1.0,0.0297029702970297,0.13712433190221676,5.0,Computational reversal candidate for further investigation.,362
Y-39983,-0.014992846843615576,6,6,6,6,1.0,0.009900990099009901,0.05914141032423853,5.166666666666667,Computational reversal candidate for further investigation.,363
gr-231,-0.014805387363030496,2,2,2,2,1.0,0.04950495049504951,0.2044201781655738,6.0,Computational reversal candidate for further investigation.,364
oxymetholone,-0.014702394302209657,1,1,1,1,1.0,0.22772277227722773,0.5585989633446103,12.0,Computational reversal candidate for further investigation.,365
glimepiride,-0.014700409572644069,1,1,1,1,1.0,0.0594059405940594,0.22955628896222954,6.0,Computational reversal candidate for further investigation.,366
vincristine,-0.014692111300145593,1,1,1,1,1.0,0.0594059405940594,0.22955628896222954,7.0,Computational reversal candidate for further investigation.,367
syk inhibitor,-0.01467795422884872,1,1,1,1,1.0,0.06930693069306931,0.2522449919410546,5.0,Computational reversal candidate for further investigation.,368
mesoridazine besylate,-0.014661793562100062,1,1,1,1,1.0,0.04950495049504951,0.2044201781655738,5.0,Computational reversal candidate for further investigation.,369
BRD-U00779237,-0.014594112189900268,8,8,8,8,1.0,0.06930693069306931,0.2522449919410546,7.0,Computational reversal candidate for further investigation.,370
ei-195,-0.014480540794593148,2,2,2,2,1.0,0.039603960396039604,0.1716902992238282,5.0,Computational reversal candidate for further investigation.,371
GSK1059615,-0.014457074882364522,1,2,1,2,0.5,0.009900990099009901,0.05914141032423853,7.0,Computational reversal candidate for further investigation.,372
BRD-A81530502,-0.014413249063675762,3,3,3,3,1.0,0.019801980198019802,0.10127483336568951,6.666666666666667,Computational reversal candidate for further investigation.,373
inca-6,-0.014369693755377673,1,1,1,1,1.0,0.04950495049504951,0.2044201781655738,5.0,Computational reversal candidate for further investigation.,374
BRD-K01896723,-0.014266369734104405,5,5,5,5,1.0,0.06930693069306931,0.2522449919410546,7.8,Computational reversal candidate for further investigation.,375
BRD-K72615639,-0.014220324035086666,3,3,3,3,1.0,0.009900990099009901,0.05914141032423853,5.0,Computational reversal candidate for further investigation.,376
e3380,-0.014195251266522357,4,5,4,5,0.8,0.019801980198019802,0.10127483336568951,6.6,Computational reversal candidate for further investigation.,377
EX-527,-0.014189691241378834,1,1,1,1,1.0,0.0297029702970297,0.13712433190221676,5.0,Computational reversal candidate for further investigation.,378
podofilox,-0.014117932950466277,3,3,3,3,1.0,0.0594059405940594,0.22955628896222954,5.0,Computational reversal candidate for further investigation.,379
BRD-K85853281,-0.014112407277842853,5,5,5,5,1.0,0.04950495049504951,0.2044201781655738,7.4,Computational reversal candidate for further investigation.,380
hydrocortisone,-0.014056792449042638,1,1,1,1,1.0,0.07920792079207921,0.2798203070871421,5.0,Computational reversal candidate for further investigation.,381
n- (2-aminoethyl)-4-chlorobenzamide (ro-16-6491),-0.014002255194175684,2,2,2,2,1.0,0.019801980198019802,0.10127483336568951,5.5,Computational reversal candidate for further investigation.,382
mestanolone,-0.013997730382882061,1,1,1,1,1.0,0.297029702970297,0.6420600623598272,10.0,Computational reversal candidate for further investigation.,383
BRD-K81814927,-0.013987625516030631,4,4,4,4,1.0,0.06930693069306931,0.2522449919410546,8.0,Computational reversal candidate for further investigation.,384
primaquine diphosphate,-0.013977790958565724,1,1,1,1,1.0,0.019801980198019802,0.10127483336568951,5.0,Computational reversal candidate for further investigation.,385
u 18666a,-0.013942389975713471,1,1,1,1,1.0,0.04950495049504951,0.2044201781655738,6.0,Computational reversal candidate for further investigation.,386
s1104,-0.013894680307090125,1,1,1,1,1.0,0.06930693069306931,0.2522449919410546,5.0,Computational reversal candidate for further investigation.,387
s1169,-0.013871561162590341,1,1,1,1,1.0,0.10891089108910891,0.35509488448844884,6.0,Computational reversal candidate for further investigation.,388
BRD-U37049823,-0.013862266207071592,1,1,1,1,1.0,0.09900990099009901,0.32898194278026527,5.0,Computational reversal candidate for further investigation.,389
BRD-K87909389,-0.013851471838475113,13,13,18,18,1.0,0.0891089108910891,0.30448787236802277,7.222222222222222,Computational reversal candidate for further investigation.,390
BRD-K01436366,-0.013811140022022262,6,8,6,8,0.75,0.009900990099009901,0.05914141032423853,6.0,Computational reversal candidate for further investigation.,391
BRD-K86086851,-0.013763021582673268,1,1,1,1,1.0,0.15841584158415842,0.4459007051784315,6.0,Computational reversal candidate for further investigation.,392
BRD-K11795542,-0.01374508206421475,2,2,2,2,1.0,0.13861386138613863,0.4069994241450412,6.5,Computational reversal candidate for further investigation.,393
pravastatin sodium salt,-0.013666754142748979,1,1,1,1,1.0,0.0297029702970297,0.13712433190221676,6.0,Computational reversal candidate for further investigation.,394
dactinomycin,-0.013506933411957477,9,10,9,10,0.9,0.0594059405940594,0.22955628896222954,6.8,Computational reversal candidate for further investigation.,395
BRD-K42629487,-0.013487016023212818,1,1,1,1,1.0,0.07920792079207921,0.2798203070871421,6.0,Computational reversal candidate for further investigation.,396
ei-156,-0.013265861835178205,7,9,7,9,0.7777777777777778,0.0594059405940594,0.22955628896222954,6.666666666666667,Computational reversal candidate for further investigation.,397
BRD-A11702965,-0.013129104479669492,5,5,5,5,1.0,0.0891089108910891,0.30448787236802277,6.2,Computational reversal candidate for further investigation.,398
BRD-K66555411,-0.013088411045114958,1,1,1,1,1.0,0.07920792079207921,0.2798203070871421,5.0,Computational reversal candidate for further investigation.,399
pi 828,-0.013023231024432258,2,2,2,2,1.0,0.09900990099009901,0.32898194278026527,6.0,Computational reversal candidate for further investigation.,400
brl 54443,-0.01294997866420244,1,1,1,1,1.0,0.0594059405940594,0.22955628896222954,6.0,Computational reversal candidate for further investigation.,401
bw-b 70c,-0.012887637827504017,1,1,1,1,1.0,0.12871287128712872,0.3965268574101505,6.0,Computational reversal candidate for further investigation.,402
"tiratricol, 3,3',5-triiodothyroacetic acid",-0.01281514906908389,1,1,1,1,1.0,0.019801980198019802,0.10127483336568951,6.0,Computational reversal candidate for further investigation.,403
ag-014699 (pf-01367338),-0.012807789506704989,1,1,1,1,1.0,0.12871287128712872,0.3965268574101505,5.0,Computational reversal candidate for further investigation.,404
ncgc00165199-01,-0.012784040219099577,5,6,5,6,0.8333333333333334,0.0297029702970297,0.13712433190221676,6.333333333333333,Computational reversal candidate for further investigation.,405
BRD-K82857306,-0.012763723014265654,1,1,1,1,1.0,0.10891089108910891,0.35509488448844884,6.0,Computational reversal candidate for further investigation.,406
isocarboxazid,-0.012746432953103373,1,1,1,1,1.0,0.13861386138613863,0.4069994241450412,6.0,Computational reversal candidate for further investigation.,407
BRD-K87343924 (wortmannin),-0.012741480984457763,1,1,1,1,1.0,0.12871287128712872,0.3965268574101505,5.0,Computational reversal candidate for further investigation.,408
mls-0391006,-0.012740468111431341,1,1,1,1,1.0,0.13861386138613863,0.4069994241450412,6.0,Computational reversal candidate for further investigation.,409
KIN001-244,-0.012717769573328326,1,1,1,1,1.0,0.039603960396039604,0.1716902992238282,6.0,Computational reversal candidate for further investigation.,410
BRD-K08316444,-0.012693711508212916,3,3,3,3,1.0,0.019801980198019802,0.10127483336568951,5.333333333333333,Computational reversal candidate for further investigation.,411
BRD-U25771771,-0.012680394738886425,5,7,5,7,0.7142857142857143,0.019801980198019802,0.10127483336568951,5.857142857142857,Computational reversal candidate for further investigation.,412
vu0415108-1,-0.012578107213417015,1,1,1,1,1.0,0.13861386138613863,0.4069994241450412,7.0,Computational reversal candidate for further investigation.,413
granisetron,-0.01251308741349,1,1,1,1,1.0,0.0891089108910891,0.30448787236802277,5.0,Computational reversal candidate for further investigation.,414
BRD-K41429297,-0.012503522973256753,1,1,1,1,1.0,0.09900990099009901,0.32898194278026527,5.0,Computational reversal candidate for further investigation.,415
kuc104488 kuc104488n,-0.012471998686738445,1,1,1,1,1.0,0.12871287128712872,0.3965268574101505,6.0,Computational reversal candidate for further investigation.,416
v-ama37,-0.012345813131834693,1,1,1,1,1.0,0.009900990099009901,0.05914141032423853,5.0,Computational reversal candidate for further investigation.,417
embelin,-0.012319924029918796,1,1,1,1,1.0,0.1188118811881188,0.37947060012123657,6.0,Computational reversal candidate for further investigation.,418
BRD-K72817452,-0.012205048066656853,1,1,1,1,1.0,0.13861386138613863,0.4069994241450412,8.0,Computational reversal candidate for further investigation.,419
ncgc00182380-01,-0.012154143157527067,1,1,1,1,1.0,0.039603960396039604,0.1716902992238282,5.0,Computational reversal candidate for further investigation.,420
enrofloxacin,-0.012152337869650788,1,1,1,1,1.0,0.09900990099009901,0.32898194278026527,5.0,Computational reversal candidate for further investigation.,421
epirubicin hydrochloride,-0.012080454519697251,6,8,7,10,0.75,0.019801980198019802,0.10127483336568951,6.4,Computational reversal candidate for further investigation.,422
np-002491,-0.012034923242379997,2,2,2,2,1.0,0.1188118811881188,0.37947060012123657,6.0,Computational reversal candidate for further investigation.,423
herniarin,-0.012005438131388935,2,2,2,2,1.0,0.04950495049504951,0.2044201781655738,6.0,Computational reversal candidate for further investigation.,424
BRD-K08448573,-0.01192552756595432,1,1,1,1,1.0,0.22772277227722773,0.5585989633446103,7.0,Computational reversal candidate for further investigation.,425
flucytosine,-0.011918396778162232,1,1,1,1,1.0,0.24752475247524752,0.5825206580808457,8.0,Computational reversal candidate for further investigation.,426
BRD-A60245366,-0.011910357006296703,9,10,9,10,0.9,0.07920792079207921,0.2798203070871421,6.7,Computational reversal candidate for further investigation.,427
ftt,-0.011875994770797397,1,1,1,1,1.0,0.09900990099009901,0.32898194278026527,6.0,Computational reversal candidate for further investigation.,428
BRD-K74797618,-0.011870298132027543,1,1,1,1,1.0,0.15841584158415842,0.4459007051784315,6.0,Computational reversal candidate for further investigation.,429
BRD-A72837804,-0.011820646972026495,1,1,1,1,1.0,0.2079207920792079,0.5343120518948447,8.0,Computational reversal candidate for further investigation.,430
BRD-K77480336,-0.011711172987526166,2,2,2,2,1.0,0.06930693069306931,0.2522449919410546,5.5,Computational reversal candidate for further investigation.,431
nsc 23766,-0.011666348761151787,3,4,3,4,0.75,0.019801980198019802,0.10127483336568951,7.5,Computational reversal candidate for further investigation.,432
digoxigenin,-0.011616266377637251,3,4,3,4,0.75,0.0891089108910891,0.30448787236802277,8.0,Computational reversal candidate for further investigation.,433
mls-0437446.0001,-0.011588928897940401,1,2,1,2,0.5,0.07920792079207921,0.2798203070871421,9.5,Computational reversal candidate for further investigation.,434
ag 825,-0.011501118140316857,1,1,1,1,1.0,0.039603960396039604,0.1716902992238282,5.0,Computational reversal candidate for further investigation.,435
BRD-K78385490,-0.01140895490710685,3,3,3,3,1.0,0.10891089108910891,0.35509488448844884,8.666666666666666,Computational reversal candidate for further investigation.,436
ro 31-8220 mesylate,-0.011408156008192952,9,10,10,11,0.9,0.06930693069306931,0.2522449919410546,6.909090909090909,Computational reversal candidate for further investigation.,437
purmorphamine,-0.011377356080241707,1,1,1,1,1.0,0.1485148514851485,0.4256881732129257,5.0,Computational reversal candidate for further investigation.,438
l-6307,-0.011265140024242337,7,8,7,8,0.875,0.019801980198019802,0.10127483336568951,6.75,Computational reversal candidate for further investigation.,439
sb 221284,-0.011251468739154318,1,1,1,1,1.0,0.0891089108910891,0.30448787236802277,5.0,Computational reversal candidate for further investigation.,440
s1222,-0.011250906299053742,1,1,1,1,1.0,0.1782178217821782,0.48422029702970293,5.0,Computational reversal candidate for further investigation.,441
methylene blue,-0.011236341544806409,7,9,7,9,0.7777777777777778,0.0297029702970297,0.13712433190221676,7.222222222222222,Computational reversal candidate for further investigation.,442
BRD-K95196255,-0.011218264912894758,3,5,3,5,0.6,0.009900990099009901,0.05914141032423853,7.6,Computational reversal candidate for further investigation.,443
np-006304,-0.011212378787046624,1,2,1,2,0.5,0.04950495049504951,0.2044201781655738,5.0,Computational reversal candidate for further investigation.,444
BRD-K34968258,-0.011129881797826053,1,1,1,1,1.0,0.06930693069306931,0.2522449919410546,9.0,Computational reversal candidate for further investigation.,445
diflorasone diacetate,-0.011125496859398228,2,2,2,2,1.0,0.0891089108910891,0.30448787236802277,5.0,Computational reversal candidate for further investigation.,446
ketoprofen,-0.011118819752798131,1,1,1,1,1.0,0.07920792079207921,0.2798203070871421,5.0,Computational reversal candidate for further investigation.,447
vu0420364-1,-0.011094729535654966,2,2,2,2,1.0,0.12871287128712872,0.3965268574101505,6.0,Computational reversal candidate for further investigation.,448
triptolide,-0.011072244320621333,3,3,3,3,1.0,0.1782178217821782,0.48422029702970293,7.0,Computational reversal candidate for further investigation.,449
"ici 192,605",-0.011035449621068278,1,1,1,1,1.0,0.13861386138613863,0.4069994241450412,6.0,Computational reversal candidate for further investigation.,450
ikk 16,-0.011024008405914613,6,7,6,7,0.8571428571428571,0.0594059405940594,0.22955628896222954,6.857142857142857,Computational reversal candidate for further investigation.,451
ketotifen fumarate,-0.011001359165989356,1,1,1,1,1.0,0.18811881188118812,0.5023992160308182,6.0,Computational reversal candidate for further investigation.,452
hli 373,-0.010921247779733648,4,7,4,7,0.5714285714285714,0.13861386138613863,0.4069994241450412,5.857142857142857,Computational reversal candidate for further investigation.,453
BRD-K77681376,-0.01091935417409344,3,4,3,4,0.75,0.0891089108910891,0.30448787236802277,8.25,Computational reversal candidate for further investigation.,454
BRD-A98444709,-0.010855627087514613,1,1,1,1,1.0,0.039603960396039604,0.1716902992238282,6.0,Computational reversal candidate for further investigation.,455
sericetin dimethyl ether,-0.010840036818826188,1,1,1,1,1.0,0.1485148514851485,0.4256881732129257,5.0,Computational reversal candidate for further investigation.,456
ncgc00188714-01,-0.01077805548021219,1,1,1,1,1.0,0.27722772277227725,0.6180361625906181,10.0,Computational reversal candidate for further investigation.,457
BRD-K79222491,-0.01069624565079021,4,5,4,5,0.8,0.12871287128712872,0.3965268574101505,7.0,Computational reversal candidate for further investigation.,458
cgp 57380,-0.010687756893149233,2,3,2,3,0.6666666666666666,0.06930693069306931,0.2522449919410546,5.666666666666667,Computational reversal candidate for further investigation.,459
isoreserpine,-0.010647933376521547,2,2,2,2,1.0,0.019801980198019802,0.10127483336568951,5.5,Computational reversal candidate for further investigation.,460
"vegf receptor 3 kinase inhibitor, maz51",-0.010637265653068537,1,1,1,1,1.0,0.16831683168316833,0.4621330554108043,7.0,Computational reversal candidate for further investigation.,461
st4066738,-0.010616917745732753,1,1,1,1,1.0,0.0891089108910891,0.30448787236802277,6.0,Computational reversal candidate for further investigation.,462
amiodarone hydrochloride,-0.010601096379344433,2,3,2,3,0.6666666666666666,0.0297029702970297,0.13712433190221676,5.333333333333333,Computational reversal candidate for further investigation.,463
riboflavine,-0.0105322996340035,1,1,1,1,1.0,0.16831683168316833,0.4621330554108043,6.0,Computational reversal candidate for further investigation.,464
BRD-K55502647,-0.010508595044827882,1,1,1,1,1.0,0.0891089108910891,0.30448787236802277,6.0,Computational reversal candidate for further investigation.,465
hy-11001,-0.010410143679990314,8,11,8,11,0.7272727272727273,0.0594059405940594,0.22955628896222954,6.909090909090909,Computational reversal candidate for further investigation.,466
pi 103 hydrochloride,-0.010399143617145872,11,13,11,13,0.8461538461538461,0.019801980198019802,0.10127483336568951,6.3076923076923075,Computational reversal candidate for further investigation.,467
minoxidil,-0.010390821281937222,2,2,2,2,1.0,0.0891089108910891,0.30448787236802277,7.0,Computational reversal candidate for further investigation.,468
dorsomorphin dihydrochloride,-0.010383543145599966,14,20,17,24,0.7,0.0594059405940594,0.22955628896222954,7.041666666666667,Computational reversal candidate for further investigation.,469
BRD-K83336168,-0.010372498807367517,3,4,3,4,0.75,0.06930693069306931,0.2522449919410546,6.75,Computational reversal candidate for further investigation.,470
erk inhibitor 11e,-0.010303646870420149,2,2,2,2,1.0,0.10891089108910891,0.35509488448844884,6.5,Computational reversal candidate for further investigation.,471
zk 93423,-0.010300126904533543,1,1,1,1,1.0,0.0891089108910891,0.30448787236802277,5.0,Computational reversal candidate for further investigation.,472
jnj 10191584 maleate,-0.010236729712993622,1,1,1,1,1.0,0.13861386138613863,0.4069994241450412,6.0,Computational reversal candidate for further investigation.,473
abt-888 (veliparib),-0.010228324019335964,1,1,1,1,1.0,0.13861386138613863,0.4069994241450412,6.0,Computational reversal candidate for further investigation.,474
BRD-K58288048,-0.01010924087018589,2,2,2,2,1.0,0.10891089108910891,0.35509488448844884,6.0,Computational reversal candidate for further investigation.,475
BRD-K13810148,-0.010098393781007652,3,4,3,4,0.75,0.1485148514851485,0.4256881732129257,8.75,Computational reversal candidate for further investigation.,476
norethynodrel,-0.010038488910096018,1,1,1,1,1.0,0.2871287128712871,0.6320062385985433,6.0,Computational reversal candidate for further investigation.,477
taxol,-0.010003404940836534,2,2,2,2,1.0,0.0594059405940594,0.22955628896222954,5.0,Computational reversal candidate for further investigation.,478
vx-680,-0.009962493700323628,3,5,3,5,0.6,0.07920792079207921,0.2798203070871421,6.6,Computational reversal candidate for further investigation.,479
valyltryptophan,-0.009938794280052343,1,1,1,1,1.0,0.0891089108910891,0.30448787236802277,5.0,Computational reversal candidate for further investigation.,480
prednisolone acetate,-0.009921943144766281,1,1,1,1,1.0,0.07920792079207921,0.2798203070871421,5.0,Computational reversal candidate for further investigation.,481
BRD-A75301702,-0.009906171892218542,1,1,1,1,1.0,0.1485148514851485,0.4256881732129257,5.0,Computational reversal candidate for further investigation.,482
nitrofurazone,-0.00989155838535974,1,1,1,1,1.0,0.06930693069306931,0.2522449919410546,6.0,Computational reversal candidate for further investigation.,483
stock4s-23872,-0.009861403526823938,1,1,1,1,1.0,0.09900990099009901,0.32898194278026527,5.0,Computational reversal candidate for further investigation.,484
bl-009,-0.009861036533500116,1,1,1,1,1.0,0.16831683168316833,0.4621330554108043,7.0,Computational reversal candidate for further investigation.,485
BRD-A81541225,-0.00985433119129034,1,1,1,1,1.0,0.1188118811881188,0.37947060012123657,8.0,Computational reversal candidate for further investigation.,486
ciclopirox ethanolamine,-0.009826901591652847,1,1,1,1,1.0,0.2079207920792079,0.5343120518948447,7.0,Computational reversal candidate for further investigation.,487
scriptaid,-0.009802137162212288,8,13,8,13,0.6153846153846154,0.0891089108910891,0.30448787236802277,8.846153846153847,Computational reversal candidate for further investigation.,488
gr-108,-0.009794977591719363,1,1,1,1,1.0,0.0594059405940594,0.22955628896222954,6.0,Computational reversal candidate for further investigation.,489
rev-5901,-0.009752464751037674,1,1,1,1,1.0,0.18811881188118812,0.5023992160308182,8.0,Computational reversal candidate for further investigation.,490
BRD-K61981833,-0.009733212729770815,1,1,1,1,1.0,0.18811881188118812,0.5023992160308182,6.0,Computational reversal candidate for further investigation.,491
daunorubicin hydrochloride,-0.009685448492748838,9,11,12,15,0.8181818181818182,0.1485148514851485,0.4256881732129257,6.933333333333334,Computational reversal candidate for further investigation.,492
iopanoic acid,-0.009628616003415476,2,2,2,2,1.0,0.16831683168316833,0.4621330554108043,7.0,Computational reversal candidate for further investigation.,493
BRD-U88878891,-0.00954024835165966,1,1,1,1,1.0,0.19801980198019803,0.5217188385505217,6.0,Computational reversal candidate for further investigation.,494
ver155008,-0.009411425123058413,1,1,1,1,1.0,0.2079207920792079,0.5343120518948447,5.0,Computational reversal candidate for further investigation.,495
BRD-K16618170,-0.009371885126569068,1,1,1,1,1.0,0.32673267326732675,0.6719272452869466,9.0,Computational reversal candidate for further investigation.,496
temsirolimus [ci779],-0.0092966979074086,4,6,4,6,0.6666666666666666,0.039603960396039604,0.1716902992238282,5.5,Computational reversal candidate for further investigation.,497
BRD-K00313977,-0.009289462900163543,3,4,3,4,0.75,0.04950495049504951,0.2044201781655738,6.25,Computational reversal candidate for further investigation.,498
ketorolac tromethamine,-0.00928687845197971,2,2,2,2,1.0,0.07920792079207921,0.2798203070871421,6.0,Computational reversal candidate for further investigation.,499
BRD-A93393712,-0.009285227830210442,1,1,1,1,1.0,0.16831683168316833,0.4621330554108043,6.0,Computational reversal candidate for further investigation.,500
u0126,-0.009268190849153294,2,2,2,2,1.0,0.13861386138613863,0.4069994241450412,5.0,Computational reversal candidate for further investigation.,501
cabergoline,-0.00920354452097424,1,1,1,1,1.0,0.13861386138613863,0.4069994241450412,6.0,Computational reversal candidate for further investigation.,502
s1005,-0.009153981340275234,1,1,1,1,1.0,0.13861386138613863,0.4069994241450412,5.0,Computational reversal candidate for further investigation.,503
ncgc00189555-02,-0.00912994303879584,1,1,1,1,1.0,0.24752475247524752,0.5825206580808457,6.0,Computational reversal candidate for further investigation.,504
BRD-K53423944,-0.009117244540613273,2,2,2,2,1.0,0.1188118811881188,0.37947060012123657,6.5,Computational reversal candidate for further investigation.,505
dexamethasone acetate,-0.009097233266880745,2,2,2,2,1.0,0.12871287128712872,0.3965268574101505,5.0,Computational reversal candidate for further investigation.,506
doxorubicin hydrochloride,-0.0090804109790704,12,14,19,23,0.8571428571428571,0.06930693069306931,0.2522449919410546,6.434782608695652,Computational reversal candidate for further investigation.,507
sch 58261,-0.00904821908257713,1,1,1,1,1.0,0.2376237623762376,0.5694964596000182,5.0,Computational reversal candidate for further investigation.,508
mibefradil dihydrochloride,-0.00903981643999905,2,2,2,2,1.0,0.06930693069306931,0.2522449919410546,6.0,Computational reversal candidate for further investigation.,509
ncgc00242296-02,-0.008978752284485476,1,1,1,1,1.0,0.16831683168316833,0.4621330554108043,5.0,Computational reversal candidate for further investigation.,510
ptb1,-0.00892153335027043,1,1,1,1,1.0,0.2079207920792079,0.5343120518948447,5.0,Computational reversal candidate for further investigation.,511
stk249718,-0.008918262287773171,3,3,3,3,1.0,0.04950495049504951,0.2044201781655738,6.0,Computational reversal candidate for further investigation.,512
mycophenolic acid,-0.008893864046357431,3,4,3,4,0.75,0.04950495049504951,0.2044201781655738,5.75,Computational reversal candidate for further investigation.,513
vindesine,-0.008881002772124384,1,1,1,1,1.0,0.2079207920792079,0.5343120518948447,6.0,Computational reversal candidate for further investigation.,514
t 0901317,-0.00884428662221222,1,1,1,1,1.0,0.12871287128712872,0.3965268574101505,6.0,Computational reversal candidate for further investigation.,515
fluticasone propionate,-0.008836155046927793,2,2,3,3,1.0,0.06930693069306931,0.2522449919410546,7.333333333333333,Computational reversal candidate for further investigation.,516
cay10618,-0.008824029380793526,4,5,4,5,0.8,0.039603960396039604,0.1716902992238282,6.0,Computational reversal candidate for further investigation.,517
BRD-K19724398,-0.008822000353653828,3,5,3,5,0.6,0.0594059405940594,0.22955628896222954,8.4,Computational reversal candidate for further investigation.,518
12k-613s,-0.008785408427027722,1,1,1,1,1.0,0.1485148514851485,0.4256881732129257,6.0,Computational reversal candidate for further investigation.,519
chlorambucil,-0.008733954773334652,1,2,1,2,0.5,0.06930693069306931,0.2522449919410546,6.0,Computational reversal candidate for further investigation.,520
ntncb hydrochloride,-0.008688414056562784,1,1,1,1,1.0,0.22772277227722773,0.5585989633446103,5.0,Computational reversal candidate for further investigation.,521
pipamperone,-0.008651191892268751,1,1,1,1,1.0,0.13861386138613863,0.4069994241450412,6.0,Computational reversal candidate for further investigation.,522
a-1065,-0.008608273053552516,2,3,2,3,0.6666666666666666,0.06930693069306931,0.2522449919410546,5.666666666666667,Computational reversal candidate for further investigation.,523
floxuridine,-0.008602392569552763,1,1,1,1,1.0,0.16831683168316833,0.4621330554108043,5.0,Computational reversal candidate for further investigation.,524
daunorubicin,-0.008568892860581176,10,12,11,13,0.8333333333333334,0.13861386138613863,0.4069994241450412,6.3076923076923075,Computational reversal candidate for further investigation.,525
irbesartan,-0.008567743143485391,2,2,2,2,1.0,0.10891089108910891,0.35509488448844884,6.5,Computational reversal candidate for further investigation.,526
cyclosporin a,-0.008560557998835466,3,4,3,4,0.75,0.06930693069306931,0.2522449919410546,6.5,Computational reversal candidate for further investigation.,527
(-)-cotinine,-0.008552096346315338,1,1,1,1,1.0,0.25742574257425743,0.5986200403101232,5.0,Computational reversal candidate for further investigation.,528
er 27319 maleate,-0.008549574281371295,8,9,8,9,0.8888888888888888,0.21782178217821782,0.5507125833746541,7.444444444444445,Computational reversal candidate for further investigation.,529
BRD-K47635719 (dexamethasone acetate),-0.008536269018954724,1,1,1,1,1.0,0.22772277227722773,0.5585989633446103,6.0,Computational reversal candidate for further investigation.,530
gr-103,-0.008479079810002621,1,1,1,1,1.0,0.37623762376237624,0.7260319126857199,8.0,Computational reversal candidate for further investigation.,531
kenpaullone,-0.008454791820983205,1,2,1,2,0.5,0.12871287128712872,0.3965268574101505,5.0,Computational reversal candidate for further investigation.,532
BRD-K71489689,-0.00840393481689646,1,1,1,1,1.0,0.2079207920792079,0.5343120518948447,5.0,Computational reversal candidate for further investigation.,533
dibutyrylcyclic amp,-0.008366398385200638,1,1,1,1,1.0,0.2376237623762376,0.5694964596000182,5.0,Computational reversal candidate for further investigation.,534
BRD-U51951544,-0.00829666771123681,7,9,7,9,0.7777777777777778,0.18811881188118812,0.5023992160308182,6.555555555555555,Computational reversal candidate for further investigation.,535
BRD-K75081836,-0.008294429810540006,8,8,8,8,1.0,0.04950495049504951,0.2044201781655738,8.25,Computational reversal candidate for further investigation.,536
strophanthidin,-0.00827618491014022,8,9,8,9,0.8888888888888888,0.0594059405940594,0.22955628896222954,7.444444444444445,Computational reversal candidate for further investigation.,537
BRD-K26304855,-0.008252592305065242,3,5,3,5,0.6,0.1485148514851485,0.4256881732129257,6.6,Computational reversal candidate for further investigation.,538
BRD-K09186807,-0.008207826199126734,1,1,1,1,1.0,0.09900990099009901,0.32898194278026527,5.0,Computational reversal candidate for further investigation.,539
digoxin,-0.008192580239902799,11,15,17,22,0.7333333333333333,0.0594059405940594,0.22955628896222954,6.818181818181818,Computational reversal candidate for further investigation.,540
ncgc00166395-02,-0.008187553570801302,1,2,1,2,0.5,0.09900990099009901,0.32898194278026527,6.5,Computational reversal candidate for further investigation.,541
BRD-K92158425,-0.008137762169390547,3,5,3,5,0.6,0.19801980198019803,0.5217188385505217,6.2,Computational reversal candidate for further investigation.,542
BRD-K07005393,-0.008128357191687686,1,1,1,1,1.0,0.2079207920792079,0.5343120518948447,6.0,Computational reversal candidate for further investigation.,543
geldanamycin,-0.008117738709766146,42,69,62,165,0.6086956521739131,0.019801980198019802,0.10127483336568951,9.606060606060606,Computational reversal candidate for further investigation.,544
BRD-K62310379 (fluticasone propionate),-0.008109448489780218,2,3,2,3,0.6666666666666666,0.16831683168316833,0.4621330554108043,7.333333333333333,Computational reversal candidate for further investigation.,545
ncgc00188488-01,-0.008104934160790181,1,1,1,1,1.0,0.2079207920792079,0.5343120518948447,6.0,Computational reversal candidate for further investigation.,546
dicyclomine hydrochloride,-0.008086630936369105,1,1,1,1,1.0,0.1485148514851485,0.4256881732129257,5.0,Computational reversal candidate for further investigation.,547
cc-100,-0.008066120072415046,1,1,1,1,1.0,0.15841584158415842,0.4459007051784315,5.0,Computational reversal candidate for further investigation.,548
stk397047,-0.008054856704249056,3,5,3,5,0.6,0.039603960396039604,0.1716902992238282,5.4,Computational reversal candidate for further investigation.,549
ei-155,-0.008043119845043712,2,2,2,2,1.0,0.26732673267326734,0.6107537761075378,8.0,Computational reversal candidate for further investigation.,550
progesterone,-0.007968221973551085,1,1,1,1,1.0,0.19801980198019803,0.5217188385505217,7.0,Computational reversal candidate for further investigation.,551
immepip dihydrobromide,-0.007941370560091348,1,1,1,1,1.0,0.297029702970297,0.6420600623598272,6.0,Computational reversal candidate for further investigation.,552
BRD-K49371609,-0.00789994406771791,21,26,21,26,0.8076923076923077,0.04950495049504951,0.2044201781655738,7.653846153846154,Computational reversal candidate for further investigation.,553
ku 0060648 trihydrochloride,-0.007831913962100577,22,26,22,26,0.8461538461538461,0.0594059405940594,0.22955628896222954,7.615384615384615,Computational reversal candidate for further investigation.,554
ncgc00182913-03,-0.00782394914502767,1,1,1,1,1.0,0.24752475247524752,0.5825206580808457,5.0,Computational reversal candidate for further investigation.,555
BRD-K34363599,-0.0077736670279808535,3,3,3,3,1.0,0.1188118811881188,0.37947060012123657,6.333333333333333,Computational reversal candidate for further investigation.,556
BRD-A75931230,-0.00777223580662057,2,2,2,2,1.0,0.15841584158415842,0.4459007051784315,7.0,Computational reversal candidate for further investigation.,557
ncgc00165289-01,-0.007727961110145984,3,4,3,4,0.75,0.12871287128712872,0.3965268574101505,7.25,Computational reversal candidate for further investigation.,558
hy-11066,-0.007700447713960619,3,4,3,4,0.75,0.039603960396039604,0.1716902992238282,5.75,Computational reversal candidate for further investigation.,559
vu0418934-2,-0.007666434268504094,3,4,3,4,0.75,0.06930693069306931,0.2522449919410546,6.5,Computational reversal candidate for further investigation.,560
BRD-A83802330,-0.0076251403028526595,1,1,1,1,1.0,0.0594059405940594,0.22955628896222954,5.0,Computational reversal candidate for further investigation.,561
s1216,-0.0076121585022014,7,10,7,10,0.7,0.12871287128712872,0.3965268574101505,6.3,Computational reversal candidate for further investigation.,562
BRD-K64606589,-0.007595023148702374,9,12,9,12,0.75,0.07920792079207921,0.2798203070871421,7.916666666666667,Computational reversal candidate for further investigation.,563
BRD-K95138506,-0.007587783884145471,2,3,2,3,0.6666666666666666,0.12871287128712872,0.3965268574101505,5.333333333333333,Computational reversal candidate for further investigation.,564
brompheniramine maleate,-0.007585369048219588,1,1,1,1,1.0,0.24752475247524752,0.5825206580808457,5.0,Computational reversal candidate for further investigation.,565
meloxicam sodium,-0.0075770227760694996,1,1,1,1,1.0,0.15841584158415842,0.4459007051784315,5.0,Computational reversal candidate for further investigation.,566
ncgc00183690-01,-0.0075209899118116,4,4,4,4,1.0,0.12871287128712872,0.3965268574101505,6.75,Computational reversal candidate for further investigation.,567
meprylcaine hydrochloride,-0.00748988797939115,1,1,1,1,1.0,0.22772277227722773,0.5585989633446103,5.0,Computational reversal candidate for further investigation.,568
psh 013,-0.007469179834993807,1,1,1,1,1.0,0.15841584158415842,0.4459007051784315,5.0,Computational reversal candidate for further investigation.,569
piretanide,-0.00745103428311302,1,2,1,2,0.5,0.16831683168316833,0.4621330554108043,7.0,Computational reversal candidate for further investigation.,570
a8674,-0.007413903280247314,3,3,3,3,1.0,0.07920792079207921,0.2798203070871421,6.0,Computational reversal candidate for further investigation.,571
mefenamic acid,-0.007358040981018624,1,1,1,1,1.0,0.1485148514851485,0.4256881732129257,5.0,Computational reversal candidate for further investigation.,572
BRD-K14749055,-0.007349780517650277,1,1,1,1,1.0,0.26732673267326734,0.6107537761075378,9.0,Computational reversal candidate for further investigation.,573
devazepide,-0.0073409833746636306,1,1,1,1,1.0,0.21782178217821782,0.5507125833746541,6.0,Computational reversal candidate for further investigation.,574
BRD-A43155244,-0.007298754766976487,3,5,3,5,0.6,0.13861386138613863,0.4069994241450412,8.0,Computational reversal candidate for further investigation.,575
ciglitazone,-0.007265892206449456,1,1,1,1,1.0,0.24752475247524752,0.5825206580808457,5.0,Computational reversal candidate for further investigation.,576
cgp 71683 hydrochloride,-0.007234334063525053,3,4,3,4,0.75,0.2376237623762376,0.5694964596000182,8.25,Computational reversal candidate for further investigation.,577
16-hydroxytriptolide,-0.007094590417547843,12,21,12,21,0.5714285714285714,0.1188118811881188,0.37947060012123657,7.142857142857143,Computational reversal candidate for further investigation.,578
bufalin,-0.007085105724305242,8,10,8,10,0.8,0.0891089108910891,0.30448787236802277,6.6,Computational reversal candidate for further investigation.,579
BRD-K07877311,-0.007016362288535069,2,2,2,2,1.0,0.24752475247524752,0.5825206580808457,11.5,Computational reversal candidate for further investigation.,580
methyltestosterone,-0.007002827698720907,1,1,1,1,1.0,0.31683168316831684,0.6620047852582321,7.0,Computational reversal candidate for further investigation.,581
cosmosiin,-0.006976202143976308,1,1,1,1,1.0,0.2376237623762376,0.5694964596000182,6.0,Computational reversal candidate for further investigation.,582
zardaverine,-0.00695744322522864,1,1,1,1,1.0,0.27722772277227725,0.6180361625906181,5.0,Computational reversal candidate for further investigation.,583
a112550.cdx,-0.006953079192366025,1,1,1,1,1.0,0.12871287128712872,0.3965268574101505,8.0,Computational reversal candidate for further investigation.,584
BRD-K89209981,-0.0069246013166305905,1,1,1,1,1.0,0.27722772277227725,0.6180361625906181,6.0,Computational reversal candidate for further investigation.,585
BRD-K06009608,-0.006874032505486292,1,2,1,2,0.5,0.0594059405940594,0.22955628896222954,5.0,Computational reversal candidate for further investigation.,586
way 213613,-0.006857516740472236,1,2,1,2,0.5,0.16831683168316833,0.4621330554108043,6.5,Computational reversal candidate for further investigation.,587
bapta-am,-0.0068556753521880455,2,3,2,3,0.6666666666666666,0.1188118811881188,0.37947060012123657,6.0,Computational reversal candidate for further investigation.,588
arachidonamide,-0.006842246463379111,1,1,1,1,1.0,0.13861386138613863,0.4069994241450412,6.0,Computational reversal candidate for further investigation.,589
BRD-U43867373,-0.006826284931376914,3,5,3,5,0.6,0.13861386138613863,0.4069994241450412,5.8,Computational reversal candidate for further investigation.,590
BRD-K82837433,-0.006817821369242085,1,2,1,2,0.5,0.09900990099009901,0.32898194278026527,5.0,Computational reversal candidate for further investigation.,591
su 4312,-0.006793312564232672,1,1,1,1,1.0,0.18811881188118812,0.5023992160308182,5.0,Computational reversal candidate for further investigation.,592
reserpine,-0.006698250020077042,1,1,2,2,1.0,0.18811881188118812,0.5023992160308182,6.5,Computational reversal candidate for further investigation.,593
cccp,-0.006656544296539981,3,4,3,4,0.75,0.1782178217821782,0.48422029702970293,5.75,Computational reversal candidate for further investigation.,594
cycloheximide,-0.006650148951628668,10,17,13,24,0.5882352941176471,0.12871287128712872,0.3965268574101505,7.375,Computational reversal candidate for further investigation.,595
carbazol-9-yl-p-tolyl-methanone,-0.00661610220762133,1,1,1,1,1.0,0.39603960396039606,0.7476501570543062,9.0,Computational reversal candidate for further investigation.,596
carbidopa,-0.0065997757194760425,2,2,2,2,1.0,0.16831683168316833,0.4621330554108043,6.5,Computational reversal candidate for further investigation.,597
BRD-K11540476,-0.006596237298239107,1,1,1,1,1.0,0.37623762376237624,0.7260319126857199,8.0,Computational reversal candidate for further investigation.,598
yk 4-279,-0.006579617481010341,1,1,1,1,1.0,0.15841584158415842,0.4459007051784315,7.0,Computational reversal candidate for further investigation.,599
BRD-K54256913,-0.006541739634470983,4,5,4,5,0.8,0.13861386138613863,0.4069994241450412,8.0,Computational reversal candidate for further investigation.,600
BRD-K96433222,-0.006466295944239469,1,1,1,1,1.0,0.10891089108910891,0.35509488448844884,5.0,Computational reversal candidate for further investigation.,601
BRD-K50140147,-0.00646068227236808,7,8,9,10,0.875,0.0891089108910891,0.30448787236802277,6.2,Computational reversal candidate for further investigation.,602
mln4924,-0.00645899838524128,5,7,5,7,0.7142857142857143,0.19801980198019803,0.5217188385505217,7.714285714285714,Computational reversal candidate for further investigation.,603
BRD-U82589721,-0.006386863262961619,2,3,2,3,0.6666666666666666,0.10891089108910891,0.35509488448844884,5.666666666666667,Computational reversal candidate for further investigation.,604
s1266,-0.006381692789649771,3,4,3,4,0.75,0.06930693069306931,0.2522449919410546,5.0,Computational reversal candidate for further investigation.,605
BRD-K79554012,-0.006373021653324099,1,1,1,1,1.0,0.26732673267326734,0.6107537761075378,5.0,Computational reversal candidate for further investigation.,606
ncgc00183412-01,-0.006344980869448015,1,1,1,1,1.0,0.19801980198019803,0.5217188385505217,6.0,Computational reversal candidate for further investigation.,607
BRD-K05649647,-0.006300235629278569,7,8,7,8,0.875,0.07920792079207921,0.2798203070871421,5.25,Computational reversal candidate for further investigation.,608
clobenpropit dihydrobromide,-0.006247317654769466,1,1,1,1,1.0,0.3465346534653465,0.6952906829144453,5.0,Computational reversal candidate for further investigation.,609
BRD-K85275009,-0.006235389372478404,1,1,1,1,1.0,0.27722772277227725,0.6180361625906181,5.0,Computational reversal candidate for further investigation.,610
tropisetron hcl,-0.006211762410295675,1,1,1,1,1.0,0.22772277227722773,0.5585989633446103,7.0,Computational reversal candidate for further investigation.,611
s1367,-0.0061844781736563065,2,3,2,3,0.6666666666666666,0.2079207920792079,0.5343120518948447,7.0,Computational reversal candidate for further investigation.,612
np-001821,-0.006173026655030682,1,2,1,2,0.5,0.22772277227722773,0.5585989633446103,7.0,Computational reversal candidate for further investigation.,613
BRD-K67870070,-0.006158921223205202,1,1,1,1,1.0,0.13861386138613863,0.4069994241450412,5.0,Computational reversal candidate for further investigation.,614
3-methyladenine,-0.006148663527456341,1,1,1,1,1.0,0.37623762376237624,0.7260319126857199,7.0,Computational reversal candidate for further investigation.,615
nsc 3852,-0.0061446331063119905,3,6,3,6,0.5,0.12871287128712872,0.3965268574101505,7.0,Computational reversal candidate for further investigation.,616
inhibitor bec hydrochloride,-0.006139387633486681,1,2,1,2,0.5,0.13861386138613863,0.4069994241450412,5.0,Computational reversal candidate for further investigation.,617
BRD-K76698671,-0.006062853887416042,1,1,1,1,1.0,0.22772277227722773,0.5585989633446103,5.0,Computational reversal candidate for further investigation.,618
metergoline,-0.0060245969354487,1,1,1,1,1.0,0.26732673267326734,0.6107537761075378,5.0,Computational reversal candidate for further investigation.,619
s1018,-0.006009873816031628,3,4,3,4,0.75,0.16831683168316833,0.4621330554108043,6.25,Computational reversal candidate for further investigation.,620
na-tosyl-phe chloromethyl ketone,-0.00593261399458135,1,2,1,2,0.5,0.25742574257425743,0.5986200403101232,6.0,Computational reversal candidate for further investigation.,621
cymarin,-0.0059308112241128145,7,11,7,11,0.6363636363636364,0.1485148514851485,0.4256881732129257,6.2727272727272725,Computational reversal candidate for further investigation.,622
BRD-K56196992,-0.005925248482839814,3,4,3,4,0.75,0.1485148514851485,0.4256881732129257,6.5,Computational reversal candidate for further investigation.,623
mitoxantrone dihydrochloride,-0.005925181328645895,6,11,8,16,0.5454545454545454,0.24752475247524752,0.5825206580808457,7.1875,Computational reversal candidate for further investigation.,624
gr-239,-0.0059221004933979965,1,1,1,1,1.0,0.24752475247524752,0.5825206580808457,5.0,Computational reversal candidate for further investigation.,625
h7270,-0.005915460508725788,7,10,7,10,0.7,0.1485148514851485,0.4256881732129257,8.0,Computational reversal candidate for further investigation.,626
azacyclonol,-0.005807028598603985,1,1,1,1,1.0,0.22772277227722773,0.5585989633446103,7.0,Computational reversal candidate for further investigation.,627
BRD-K02641134,-0.005784987799992881,1,1,1,1,1.0,0.27722772277227725,0.6180361625906181,7.0,Computational reversal candidate for further investigation.,628
BRD-K39757396,-0.005775411466920661,1,1,1,1,1.0,0.31683168316831684,0.6620047852582321,6.0,Computational reversal candidate for further investigation.,629
BRD-A58924247,-0.005774262715682143,5,6,5,6,0.8333333333333334,0.15841584158415842,0.4459007051784315,5.666666666666667,Computational reversal candidate for further investigation.,630
BRD-K01614657,-0.0056799823988008605,2,3,2,3,0.6666666666666666,0.21782178217821782,0.5507125833746541,7.666666666666667,Computational reversal candidate for further investigation.,631
ncgc00185087-01,-0.005667843029543479,3,5,3,5,0.6,0.13861386138613863,0.4069994241450412,6.2,Computational reversal candidate for further investigation.,632
sb 225002,-0.005657220619936922,1,2,1,2,0.5,0.2376237623762376,0.5694964596000182,6.0,Computational reversal candidate for further investigation.,633
gitoxigenin,-0.00565616467563734,5,8,6,9,0.625,0.09900990099009901,0.32898194278026527,6.444444444444445,Computational reversal candidate for further investigation.,634
BRD-K22630935,-0.005644432168149503,1,1,1,1,1.0,0.3465346534653465,0.6952906829144453,5.0,Computational reversal candidate for further investigation.,635
kn-62,-0.005617529929814932,1,1,1,1,1.0,0.2376237623762376,0.5694964596000182,7.0,Computational reversal candidate for further investigation.,636
BRD-A35020550,-0.005612833311716994,1,1,1,1,1.0,0.42574257425742573,0.772059245321983,5.0,Computational reversal candidate for further investigation.,637
racepinephrine hcl,-0.005601804298012098,1,1,1,1,1.0,0.26732673267326734,0.6107537761075378,7.0,Computational reversal candidate for further investigation.,638
ki 8751,-0.005571588219653239,1,2,1,2,0.5,0.21782178217821782,0.5507125833746541,6.5,Computational reversal candidate for further investigation.,639
BRD-K80786583,-0.005556659201083107,2,3,2,3,0.6666666666666666,0.24752475247524752,0.5825206580808457,5.666666666666667,Computational reversal candidate for further investigation.,640
s6005,-0.005553926814289444,1,1,1,1,1.0,0.25742574257425743,0.5986200403101232,6.0,Computational reversal candidate for further investigation.,641
l-cis-diltiazem,-0.00552867370837315,1,1,1,1,1.0,0.31683168316831684,0.6620047852582321,5.0,Computational reversal candidate for further investigation.,642
alclometazone dipropionate,-0.005478627808088625,1,2,1,2,0.5,0.27722772277227725,0.6180361625906181,5.5,Computational reversal candidate for further investigation.,643
ouabain,-0.0054577137189969465,12,15,15,19,0.8,0.16831683168316833,0.4621330554108043,6.7894736842105265,Computational reversal candidate for further investigation.,644
rs 67333 hydrochloride,-0.005457005435038667,1,1,1,1,1.0,0.22772277227722773,0.5585989633446103,7.0,Computational reversal candidate for further investigation.,645
ns-1619,-0.005415693128245128,1,1,1,1,1.0,0.24752475247524752,0.5825206580808457,5.0,Computational reversal candidate for further investigation.,646
dup 697,-0.005408406083492994,1,1,1,1,1.0,0.19801980198019803,0.5217188385505217,5.0,Computational reversal candidate for further investigation.,647
BRD-A15010982,-0.005374533707497922,3,3,3,3,1.0,0.26732673267326734,0.6107537761075378,5.666666666666667,Computational reversal candidate for further investigation.,648
jas07 007,-0.005357446082332533,1,1,1,1,1.0,0.27722772277227725,0.6180361625906181,5.0,Computational reversal candidate for further investigation.,649
BRD-K84203638,-0.005340477814475466,5,7,5,7,0.7142857142857143,0.25742574257425743,0.5986200403101232,11.285714285714286,Computational reversal candidate for further investigation.,650
cam-9-026 brd-k91442916,-0.005264456649461081,1,1,1,1,1.0,0.3069306930693069,0.6535327002087964,6.0,Computational reversal candidate for further investigation.,651
BRD-K90735586,-0.005253583403382852,1,1,1,1,1.0,0.3069306930693069,0.6535327002087964,5.0,Computational reversal candidate for further investigation.,652
s1120,-0.005239862208044602,8,10,8,10,0.8,0.1782178217821782,0.48422029702970293,6.7,Computational reversal candidate for further investigation.,653
naloxone hydrochloride,-0.005215726656262757,1,1,1,1,1.0,0.31683168316831684,0.6620047852582321,7.0,Computational reversal candidate for further investigation.,654
tg101348,-0.005203231031727848,15,24,15,24,0.625,0.22772277227722773,0.5585989633446103,7.375,Computational reversal candidate for further investigation.,655
su11652,-0.005189353530839412,6,10,6,10,0.6,0.12871287128712872,0.3965268574101505,6.8,Computational reversal candidate for further investigation.,656
BRD-K29622226,-0.005161288986091462,1,1,1,1,1.0,0.3069306930693069,0.6535327002087964,6.0,Computational reversal candidate for further investigation.,657
BRD-K55827386,-0.0051370511179893025,1,1,1,1,1.0,0.2871287128712871,0.6320062385985433,6.0,Computational reversal candidate for further investigation.,658
BRD-K42489623,-0.005097126707613033,1,1,1,1,1.0,0.2871287128712871,0.6320062385985433,10.0,Computational reversal candidate for further investigation.,659
ncgc00182362-01,-0.005054318592995273,1,1,1,1,1.0,0.3069306930693069,0.6535327002087964,7.0,Computational reversal candidate for further investigation.,660
BRD-K94580036,-0.004948774272518665,1,1,1,1,1.0,0.25742574257425743,0.5986200403101232,5.0,Computational reversal candidate for further investigation.,661
hy-70044,-0.0049441499266041754,1,1,1,1,1.0,0.19801980198019803,0.5217188385505217,5.0,Computational reversal candidate for further investigation.,662
BRD-K02216544,-0.004937006818279403,1,1,1,1,1.0,0.1782178217821782,0.48422029702970293,5.0,Computational reversal candidate for further investigation.,663
BRD-A57107094,-0.004900854599769397,2,2,2,2,1.0,0.26732673267326734,0.6107537761075378,10.0,Computational reversal candidate for further investigation.,664
BRD-K19166598,-0.004898469860834887,2,3,2,3,0.6666666666666666,0.27722772277227725,0.6180361625906181,5.666666666666667,Computational reversal candidate for further investigation.,665
BRD-U29336476,-0.0048864641705278575,5,9,5,9,0.5555555555555556,0.16831683168316833,0.4621330554108043,6.444444444444445,Computational reversal candidate for further investigation.,666
mevastatin,-0.004869309438370973,2,3,3,4,0.6666666666666666,0.2079207920792079,0.5343120518948447,7.0,Computational reversal candidate for further investigation.,667
ncgc00167098-01,-0.004851322693625341,1,2,1,2,0.5,0.21782178217821782,0.5507125833746541,6.0,Computational reversal candidate for further investigation.,668
proscillaridin a,-0.004821403493358069,7,12,8,13,0.5833333333333334,0.13861386138613863,0.4069994241450412,6.538461538461538,Computational reversal candidate for further investigation.,669
glyburide,-0.00480112196143857,1,1,1,1,1.0,0.3465346534653465,0.6952906829144453,5.0,Computational reversal candidate for further investigation.,670
chelerythrine chloride,-0.004799697961988415,1,2,1,2,0.5,0.31683168316831684,0.6620047852582321,5.0,Computational reversal candidate for further investigation.,671
digitoxigenin,-0.004768655982896218,3,6,3,7,0.5,0.25742574257425743,0.5986200403101232,7.571428571428571,Computational reversal candidate for further investigation.,672
BRD-A43640821,-0.004758547802989456,1,1,1,1,1.0,0.4158415841584158,0.7665395514816499,5.0,Computational reversal candidate for further investigation.,673
BRD-K75128590,-0.0047422672884457045,1,1,1,1,1.0,0.36633663366336633,0.7184421449663763,12.0,Computational reversal candidate for further investigation.,674
BRD-A86792397,-0.004722726811029726,1,1,1,1,1.0,0.27722772277227725,0.6180361625906181,5.0,Computational reversal candidate for further investigation.,675
beclomethasone dipropionate,-0.004698467352835205,1,2,1,2,0.5,0.21782178217821782,0.5507125833746541,5.5,Computational reversal candidate for further investigation.,676
ncgc00182942-03,-0.004683421150932621,1,1,1,1,1.0,0.42574257425742573,0.772059245321983,6.0,Computational reversal candidate for further investigation.,677
BRD-A68739437,-0.004673278450927746,1,1,1,1,1.0,0.36633663366336633,0.7184421449663763,5.0,Computational reversal candidate for further investigation.,678
as605240,-0.004626003967980786,8,14,8,14,0.5714285714285714,0.22772277227722773,0.5585989633446103,6.0,Computational reversal candidate for further investigation.,679
BRD-K47764688,-0.004582764686639221,1,1,1,1,1.0,0.27722772277227725,0.6180361625906181,5.0,Computational reversal candidate for further investigation.,680
betamethasone,-0.004543247175111467,1,1,3,3,1.0,0.26732673267326734,0.6107537761075378,6.333333333333333,Computational reversal candidate for further investigation.,681
benzethonium chloride,-0.004537973819387744,1,1,1,1,1.0,0.297029702970297,0.6420600623598272,5.0,Computational reversal candidate for further investigation.,682
rhodomyrtoxin b,-0.004518858286755105,4,6,4,6,0.6666666666666666,0.32673267326732675,0.6719272452869466,6.833333333333333,Computational reversal candidate for further investigation.,683
gant 58,-0.00449576214591564,1,1,1,1,1.0,0.2376237623762376,0.5694964596000182,5.0,Computational reversal candidate for further investigation.,684
quinacrine dihydrochloride dihydrate,-0.004462184819298392,14,23,16,26,0.6086956521739131,0.10891089108910891,0.35509488448844884,7.0,Computational reversal candidate for further investigation.,685
hydrocortisone acetate,-0.004453258657016651,2,2,2,2,1.0,0.22772277227722773,0.5585989633446103,5.0,Computational reversal candidate for further investigation.,686
s1205,-0.0043678941655629884,6,9,6,9,0.6666666666666666,0.36633663366336633,0.7184421449663763,7.333333333333333,Computational reversal candidate for further investigation.,687
cp 93129 dihydrochloride,-0.004337383990947985,1,1,1,1,1.0,0.31683168316831684,0.6620047852582321,5.0,Computational reversal candidate for further investigation.,688
s1028,-0.004333118278394731,1,1,1,1,1.0,0.25742574257425743,0.5986200403101232,5.0,Computational reversal candidate for further investigation.,689
s1130,-0.004293504885732308,2,2,2,2,1.0,0.26732673267326734,0.6107537761075378,8.0,Computational reversal candidate for further investigation.,690
t542500,-0.004281510138125618,6,10,6,10,0.6,0.2079207920792079,0.5343120518948447,7.1,Computational reversal candidate for further investigation.,691
s2004,-0.004265297015882749,1,2,1,2,0.5,0.22772277227722773,0.5585989633446103,7.5,Computational reversal candidate for further investigation.,692
vu0365114-2,-0.004243578795940905,2,3,2,3,0.6666666666666666,0.27722772277227725,0.6180361625906181,5.333333333333333,Computational reversal candidate for further investigation.,693
apo866,-0.004210320665281259,1,1,1,1,1.0,0.22772277227722773,0.5585989633446103,5.0,Computational reversal candidate for further investigation.,694
BRD-A41451487,-0.004207731823361661,1,2,1,2,0.5,0.46534653465346537,0.8191983427814098,11.0,Computational reversal candidate for further investigation.,695
"l-701,252",-0.004206429115901095,1,1,1,1,1.0,0.2376237623762376,0.5694964596000182,7.0,Computational reversal candidate for further investigation.,696
BRD-K86761848,-0.004205416867518375,2,3,2,3,0.6666666666666666,0.2079207920792079,0.5343120518948447,6.0,Computational reversal candidate for further investigation.,697
valdecoxib,-0.004203294209740888,6,7,6,7,0.8571428571428571,0.27722772277227725,0.6180361625906181,6.285714285714286,Computational reversal candidate for further investigation.,698
estradiol benzoate,-0.0041958859669842755,1,1,1,1,1.0,0.3564356435643564,0.7069984564996422,5.0,Computational reversal candidate for further investigation.,699
s1030,-0.004154548890461664,9,11,9,11,0.8181818181818182,0.26732673267326734,0.6107537761075378,8.454545454545455,Computational reversal candidate for further investigation.,700
hy-10181,-0.004128937247841232,2,2,2,2,1.0,0.297029702970297,0.6420600623598272,6.0,Computational reversal candidate for further investigation.,701
BRD-K28916077,-0.004110726569204916,1,1,1,1,1.0,0.32673267326732675,0.6719272452869466,9.0,Computational reversal candidate for further investigation.,702
BRD-K35716340,-0.0040852132218773445,2,4,2,4,0.5,0.22772277227722773,0.5585989633446103,6.0,Computational reversal candidate for further investigation.,703
molsidomine,-0.004067864578712116,1,1,1,1,1.0,0.22772277227722773,0.5585989633446103,6.0,Computational reversal candidate for further investigation.,704
BRD-K72451865,-0.004048064967077793,1,2,1,2,0.5,0.31683168316831684,0.6620047852582321,5.5,Computational reversal candidate for further investigation.,705
unc0321,-0.0040259237012216925,1,1,1,1,1.0,0.44554455445544555,0.7959785704597857,6.0,Computational reversal candidate for further investigation.,706
BRD-K55127335,-0.004017974269012304,1,2,1,2,0.5,0.2079207920792079,0.5343120518948447,5.0,Computational reversal candidate for further investigation.,707
mometasone furoate,-0.004006099239784405,1,2,1,2,0.5,0.3564356435643564,0.7069984564996422,5.5,Computational reversal candidate for further investigation.,708
r(+)-skf-81297,-0.003959240645734668,1,1,1,1,1.0,0.27722772277227725,0.6180361625906181,5.0,Computational reversal candidate for further investigation.,709
BRD-K51454562,-0.003948933411946912,1,1,1,1,1.0,0.31683168316831684,0.6620047852582321,5.0,Computational reversal candidate for further investigation.,710
halcinonide,-0.003943695411785731,1,2,1,2,0.5,0.36633663366336633,0.7184421449663763,7.5,Computational reversal candidate for further investigation.,711
ag14361,-0.003940262583362087,15,23,15,23,0.6521739130434783,0.13861386138613863,0.4069994241450412,5.913043478260869,Computational reversal candidate for further investigation.,712
pd 158780,-0.0039337720522826004,1,2,1,2,0.5,0.297029702970297,0.6420600623598272,5.0,Computational reversal candidate for further investigation.,713
bcl-2 inhibitor,-0.003870566517711095,2,3,2,3,0.6666666666666666,0.21782178217821782,0.5507125833746541,6.333333333333333,Computational reversal candidate for further investigation.,714
BRD-K61496577 (flumethasone),-0.003849275683764407,1,1,1,1,1.0,0.2871287128712871,0.6320062385985433,5.0,Computational reversal candidate for further investigation.,715
clofibric acid,-0.0038461715731291568,1,1,1,1,1.0,0.27722772277227725,0.6180361625906181,5.0,Computational reversal candidate for further investigation.,716
raclopride,-0.003836442238007497,1,1,1,1,1.0,0.3069306930693069,0.6535327002087964,7.0,Computational reversal candidate for further investigation.,717
tws119,-0.003818378048247483,5,5,5,5,1.0,0.37623762376237624,0.7260319126857199,6.6,Computational reversal candidate for further investigation.,718
tolazamide,-0.0038080157926239566,1,1,1,1,1.0,0.26732673267326734,0.6107537761075378,5.0,Computational reversal candidate for further investigation.,719
BRD-K04923131,-0.0037396653545657774,1,2,1,2,0.5,0.297029702970297,0.6420600623598272,5.5,Computational reversal candidate for further investigation.,720
gw 5074,-0.00369305803393354,1,1,1,1,1.0,0.39603960396039606,0.7476501570543062,7.0,Computational reversal candidate for further investigation.,721
gw 7647,-0.003688032948324773,2,3,2,3,0.6666666666666666,0.22772277227722773,0.5585989633446103,6.666666666666667,Computational reversal candidate for further investigation.,722
artesunate,-0.0036778002943816945,1,2,1,2,0.5,0.22772277227722773,0.5585989633446103,6.0,Computational reversal candidate for further investigation.,723
BRD-K88198340,-0.003675164102124819,1,1,1,1,1.0,0.46534653465346537,0.8191983427814098,7.0,Computational reversal candidate for further investigation.,724
thm-i-94,-0.0036698918798296317,10,17,10,17,0.5882352941176471,0.18811881188118812,0.5023992160308182,8.352941176470589,Computational reversal candidate for further investigation.,725
estradiol valerate,-0.003669524569884801,1,2,1,2,0.5,0.2376237623762376,0.5694964596000182,6.5,Computational reversal candidate for further investigation.,726
BRD-K14939371,-0.0036288578783153272,1,1,1,1,1.0,0.3465346534653465,0.6952906829144453,6.0,Computational reversal candidate for further investigation.,727
m-3m3fbs,-0.003601464127563075,4,5,4,5,0.8,0.2079207920792079,0.5343120518948447,6.8,Computational reversal candidate for further investigation.,728
BRD-A25170757,-0.003462274826360247,1,1,1,1,1.0,0.33663366336633666,0.6841969911276843,5.0,Computational reversal candidate for further investigation.,729
BRD-K52522949,-0.003455832108922161,5,7,5,7,0.7142857142857143,0.21782178217821782,0.5507125833746541,7.0,Computational reversal candidate for further investigation.,730
gsk-3 inhibitor ii,-0.003443660399943104,1,2,1,2,0.5,0.2376237623762376,0.5694964596000182,7.0,Computational reversal candidate for further investigation.,731
deoxycorticosterone,-0.0034434032124311988,1,1,1,1,1.0,0.2871287128712871,0.6320062385985433,6.0,Computational reversal candidate for further investigation.,732
BRD-A32449311,-0.0034175311422637517,1,1,1,1,1.0,0.3069306930693069,0.6535327002087964,5.0,Computational reversal candidate for further investigation.,733
h 89 dihydrochloride,-0.0034061168623827996,1,1,1,1,1.0,0.3564356435643564,0.7069984564996422,7.0,Computational reversal candidate for further investigation.,734
pp-110,-0.0033662648409419627,13,23,13,23,0.5652173913043478,0.3564356435643564,0.7069984564996422,7.217391304347826,Computational reversal candidate for further investigation.,735
tpca-1,-0.00335802864557486,4,7,4,7,0.5714285714285714,0.3465346534653465,0.6952906829144453,5.857142857142857,Computational reversal candidate for further investigation.,736
akt inhibitor x,-0.0033491491861345844,1,1,1,1,1.0,0.42574257425742573,0.772059245321983,8.0,Computational reversal candidate for further investigation.,737
pp-30,-0.00332011406609517,3,6,3,6,0.5,0.1782178217821782,0.48422029702970293,5.666666666666667,Computational reversal candidate for further investigation.,738
dilazep dihydrochloride,-0.0033157685855169238,1,1,1,1,1.0,0.42574257425742573,0.772059245321983,5.0,Computational reversal candidate for further investigation.,739
BRD-K45435259,-0.003297210403235532,1,1,1,1,1.0,0.39603960396039606,0.7476501570543062,8.0,Computational reversal candidate for further investigation.,740
flavokawain b,-0.003256103439625348,1,1,1,1,1.0,0.45544554455445546,0.8081318335915225,6.0,Computational reversal candidate for further investigation.,741
BRD-K02113016,-0.0032205323307890137,2,3,2,3,0.6666666666666666,0.297029702970297,0.6420600623598272,8.0,Computational reversal candidate for further investigation.,742
lonidamine,-0.003204152284627197,2,4,2,4,0.5,0.18811881188118812,0.5023992160308182,6.5,Computational reversal candidate for further investigation.,743
altrenogest,-0.003165354333655031,1,1,1,1,1.0,0.297029702970297,0.6420600623598272,5.0,Computational reversal candidate for further investigation.,744
penicillin v,-0.003149354160131702,1,1,1,1,1.0,0.504950495049505,0.8608360836083608,5.0,Computational reversal candidate for further investigation.,745
sb 216763,-0.00311772023034523,1,2,1,2,0.5,0.32673267326732675,0.6719272452869466,6.5,Computational reversal candidate for further investigation.,746
chr 2797,-0.0031143910990981006,7,12,7,12,0.5833333333333334,0.3069306930693069,0.6535327002087964,8.0,Computational reversal candidate for further investigation.,747
gm6001,-0.0031103742130867062,1,1,1,1,1.0,0.37623762376237624,0.7260319126857199,5.0,Computational reversal candidate for further investigation.,748
BRD-K98824517,-0.0031085544760326104,2,3,2,3,0.6666666666666666,0.2079207920792079,0.5343120518948447,6.0,Computational reversal candidate for further investigation.,749
BRD-K37724988,-0.0030430125714082457,1,1,1,1,1.0,0.40594059405940597,0.7590167618912429,5.0,Computational reversal candidate for further investigation.,750
vincristine sulfate,-0.0030210446555883853,3,6,4,8,0.5,0.18811881188118812,0.5023992160308182,5.625,Computational reversal candidate for further investigation.,751
sb 218078,-0.0030191901712662787,5,7,6,8,0.7142857142857143,0.32673267326732675,0.6719272452869466,7.5,Computational reversal candidate for further investigation.,752
wiskostatin,-0.0030089970546735116,1,2,1,2,0.5,0.26732673267326734,0.6107537761075378,5.0,Computational reversal candidate for further investigation.,753
hy-50878,-0.0029952664463747804,3,6,3,6,0.5,0.19801980198019803,0.5217188385505217,6.0,Computational reversal candidate for further investigation.,754
mls-0390857.0001,-0.002978230034945486,1,1,1,1,1.0,0.31683168316831684,0.6620047852582321,6.0,Computational reversal candidate for further investigation.,755
cay10594,-0.002977184211845782,4,5,4,5,0.8,0.2376237623762376,0.5694964596000182,6.4,Computational reversal candidate for further investigation.,756
a-275,-0.002961815539834191,2,3,2,3,0.6666666666666666,0.38613861386138615,0.7396657658421901,6.666666666666667,Computational reversal candidate for further investigation.,757
BRD-A50388635,-0.002932455119548566,1,1,1,1,1.0,0.297029702970297,0.6420600623598272,5.0,Computational reversal candidate for further investigation.,758
4-demethoxydaunorubicin hydrochloride (65),-0.0029244615470419323,8,13,8,13,0.6153846153846154,0.33663366336633666,0.6841969911276843,6.6923076923076925,Computational reversal candidate for further investigation.,759
1483-0018,-0.0028504289854324894,1,1,1,1,1.0,0.31683168316831684,0.6620047852582321,7.0,Computational reversal candidate for further investigation.,760
indirubin-3-oxime,-0.0028003247722943473,2,2,2,2,1.0,0.31683168316831684,0.6620047852582321,5.5,Computational reversal candidate for further investigation.,761
BRD-K06666320,-0.0027803283437796127,2,4,2,4,0.5,0.27722772277227725,0.6180361625906181,7.25,Computational reversal candidate for further investigation.,762
a2478,-0.0027475063785856483,1,1,1,1,1.0,0.32673267326732675,0.6719272452869466,5.0,Computational reversal candidate for further investigation.,763
hy-10518,-0.0027106983062626187,5,9,5,9,0.5555555555555556,0.32673267326732675,0.6719272452869466,6.555555555555555,Computational reversal candidate for further investigation.,764
dichlorobenzamil,-0.0026893916328006697,2,4,2,4,0.5,0.2871287128712871,0.6320062385985433,5.5,Computational reversal candidate for further investigation.,765
BRD-A95445494,-0.002688717075678495,2,2,2,2,1.0,0.33663366336633666,0.6841969911276843,5.5,Computational reversal candidate for further investigation.,766
pkcbeta inhibitor,-0.002674493318672825,2,3,2,3,0.6666666666666666,0.3069306930693069,0.6535327002087964,6.333333333333333,Computational reversal candidate for further investigation.,767
cerivastatin na,-0.0026681301717741066,2,3,2,3,0.6666666666666666,0.31683168316831684,0.6620047852582321,5.333333333333333,Computational reversal candidate for further investigation.,768
f9428,-0.0026440495338005496,1,1,1,1,1.0,0.32673267326732675,0.6719272452869466,6.0,Computational reversal candidate for further investigation.,769
diphenyleneiodonium chloride,-0.0026186986940805804,1,2,1,2,0.5,0.4158415841584158,0.7665395514816499,6.5,Computational reversal candidate for further investigation.,770
cilostamide,-0.0025623200167894863,1,1,1,1,1.0,0.37623762376237624,0.7260319126857199,5.0,Computational reversal candidate for further investigation.,771
linopirdine dihydrochloride,-0.0025599408480851257,1,1,1,1,1.0,0.3465346534653465,0.6952906829144453,5.0,Computational reversal candidate for further investigation.,772
p5172,-0.002535351992819494,1,2,1,2,0.5,0.33663366336633666,0.6841969911276843,6.0,Computational reversal candidate for further investigation.,773
BRD-K45399554,-0.0025352812424492125,2,4,2,4,0.5,0.46534653465346537,0.8191983427814098,6.75,Computational reversal candidate for further investigation.,774
amperozide,-0.002527319958930169,1,1,1,1,1.0,0.37623762376237624,0.7260319126857199,5.0,Computational reversal candidate for further investigation.,775
hydrocortisone phosphate triethylamine,-0.0025068148541979424,1,1,1,1,1.0,0.37623762376237624,0.7260319126857199,6.0,Computational reversal candidate for further investigation.,776
biperiden hydrochloride,-0.0024962108310635903,1,1,1,1,1.0,0.33663366336633666,0.6841969911276843,7.0,Computational reversal candidate for further investigation.,777
BRD-K06750613,-0.0023933283300284873,3,5,3,5,0.6,0.42574257425742573,0.772059245321983,6.6,Computational reversal candidate for further investigation.,778
ei-215,-0.0023880448292911286,2,4,2,4,0.5,0.297029702970297,0.6420600623598272,7.5,Computational reversal candidate for further investigation.,779
amsacrine,-0.0023568826223393834,7,11,8,12,0.6363636363636364,0.39603960396039606,0.7476501570543062,8.25,Computational reversal candidate for further investigation.,780
estradiol,-0.0023334058017234257,1,2,1,2,0.5,0.39603960396039606,0.7476501570543062,5.5,Computational reversal candidate for further investigation.,781
ncgc00183226-01,-0.0023104249442380733,1,1,1,1,1.0,0.42574257425742573,0.772059245321983,5.0,Computational reversal candidate for further investigation.,782
s1118,-0.0022971406678872256,2,4,2,4,0.5,0.21782178217821782,0.5507125833746541,5.75,Computational reversal candidate for further investigation.,783
BRD-K63068307,-0.002274945279834327,3,4,4,5,0.75,0.36633663366336633,0.7184421449663763,5.2,Computational reversal candidate for further investigation.,784
BRD-K96704748,-0.0022532023415657828,1,1,1,1,1.0,0.27722772277227725,0.6180361625906181,5.0,Computational reversal candidate for further investigation.,785
bongkrekic acid,-0.002250464782757958,1,1,1,1,1.0,0.37623762376237624,0.7260319126857199,7.0,Computational reversal candidate for further investigation.,786
vu0418946-2,-0.0022141759185489106,6,9,8,11,0.6666666666666666,0.24752475247524752,0.5825206580808457,7.181818181818182,Computational reversal candidate for further investigation.,787
t7765,-0.002211522734242497,5,8,5,8,0.625,0.2376237623762376,0.5694964596000182,6.5,Computational reversal candidate for further investigation.,788
fludrocortisone acetate,-0.0021875941970332952,1,2,1,2,0.5,0.36633663366336633,0.7184421449663763,6.5,Computational reversal candidate for further investigation.,789
BRD-K80348542,-0.002172247765853797,9,14,9,14,0.6428571428571429,0.297029702970297,0.6420600623598272,8.071428571428571,Computational reversal candidate for further investigation.,790
benazepril hydrochloride,-0.0021671388394949847,1,1,1,1,1.0,0.32673267326732675,0.6719272452869466,6.0,Computational reversal candidate for further investigation.,791
BRD-K72381041,-0.002161328737129809,1,1,1,1,1.0,0.39603960396039606,0.7476501570543062,6.0,Computational reversal candidate for further investigation.,792
fluocinolone acetonide,-0.002119084551047979,2,3,2,3,0.6666666666666666,0.4158415841584158,0.7665395514816499,5.0,Computational reversal candidate for further investigation.,793
BRD-K23217072,-0.002051587398996635,1,2,1,2,0.5,0.27722772277227725,0.6180361625906181,5.5,Computational reversal candidate for further investigation.,794
BRD-K32501161,-0.0020425264731339463,2,3,2,3,0.6666666666666666,0.4158415841584158,0.7665395514816499,5.0,Computational reversal candidate for further investigation.,795
BRD-K81795824,-0.0020383444996225544,4,5,4,5,0.8,0.3564356435643564,0.7069984564996422,7.4,Computational reversal candidate for further investigation.,796
cgs 12066b,-0.002007505064373732,1,1,1,1,1.0,0.48514851485148514,0.8389584814835075,7.0,Computational reversal candidate for further investigation.,797
naproxol,-0.0020027621874528657,2,3,2,3,0.6666666666666666,0.5643564356435643,0.9229026350910953,5.666666666666667,Computational reversal candidate for further investigation.,798
topotecan hcl,-0.0019856606177016192,3,5,3,5,0.6,0.3465346534653465,0.6952906829144453,9.0,Computational reversal candidate for further investigation.,799
BRD-K91449330,-0.001950308182043928,1,1,1,1,1.0,0.33663366336633666,0.6841969911276843,5.0,Computational reversal candidate for further investigation.,800
bms-536924,-0.0019468684586068491,9,14,9,14,0.6428571428571429,0.44554455445544555,0.7959785704597857,6.142857142857143,Computational reversal candidate for further investigation.,801
yc-1,-0.001933150011740093,1,1,1,1,1.0,0.4158415841584158,0.7665395514816499,6.0,Computational reversal candidate for further investigation.,802
vinorelbine,-0.0019224137462566663,2,3,2,3,0.6666666666666666,0.37623762376237624,0.7260319126857199,6.333333333333333,Computational reversal candidate for further investigation.,803
etodolac,-0.0018875263387224612,1,1,2,2,1.0,0.4158415841584158,0.7665395514816499,6.0,Computational reversal candidate for further investigation.,804
norethindrone,-0.001829817163885141,1,2,1,2,0.5,0.36633663366336633,0.7184421449663763,6.0,Computational reversal candidate for further investigation.,805
s1527,-0.0018193798648353417,1,1,1,1,1.0,0.4752475247524752,0.831019414790641,7.0,Computational reversal candidate for further investigation.,806
ncgc00188012-01,-0.0017886743965163086,1,1,1,1,1.0,0.40594059405940597,0.7590167618912429,5.0,Computational reversal candidate for further investigation.,807
ucl 2077,-0.001773937759563705,1,1,1,1,1.0,0.46534653465346537,0.8191983427814098,5.0,Computational reversal candidate for further investigation.,808
stock1n-27488,-0.0017381511782189,3,6,3,7,0.5,0.2376237623762376,0.5694964596000182,6.0,Computational reversal candidate for further investigation.,809
ku-0063794,-0.001729042276779974,6,12,6,12,0.5,0.33663366336633666,0.6841969911276843,6.666666666666667,Computational reversal candidate for further investigation.,810
BRD-K96274284,-0.0017257601303261403,1,1,1,1,1.0,0.45544554455445546,0.8081318335915225,5.0,Computational reversal candidate for further investigation.,811
ncgc00183696-01,-0.0017240987904408814,3,5,3,5,0.6,0.2376237623762376,0.5694964596000182,9.2,Computational reversal candidate for further investigation.,812
BRD-K83670234,-0.0016927486667851007,4,7,4,7,0.5714285714285714,0.3465346534653465,0.6952906829144453,6.142857142857143,Computational reversal candidate for further investigation.,813
BRD-K88278225,-0.0016712736445740825,1,1,1,1,1.0,0.2871287128712871,0.6320062385985433,6.0,Computational reversal candidate for further investigation.,814
"methyl 2,5-dihydroxycinnamate",-0.0016583317515271442,1,1,1,1,1.0,0.48514851485148514,0.8389584814835075,5.0,Computational reversal candidate for further investigation.,815
BRD-A51777634,-0.0016481817745159517,2,3,2,3,0.6666666666666666,0.37623762376237624,0.7260319126857199,8.333333333333334,Computational reversal candidate for further investigation.,816
BRD-K31491153,-0.001647462287406822,1,1,1,1,1.0,0.39603960396039606,0.7476501570543062,8.0,Computational reversal candidate for further investigation.,817
s1085,-0.001629313785480507,6,10,6,10,0.6,0.33663366336633666,0.6841969911276843,8.6,Computational reversal candidate for further investigation.,818
halometasone,-0.001627946542136379,1,1,1,1,1.0,0.43564356435643564,0.7845594686050883,8.0,Computational reversal candidate for further investigation.,819
rifabutin,-0.0016230000571504054,1,1,1,1,1.0,0.32673267326732675,0.6719272452869466,5.0,Computational reversal candidate for further investigation.,820
BRD-K60219430,-0.0016220177478057903,1,1,1,1,1.0,0.42574257425742573,0.772059245321983,6.0,Computational reversal candidate for further investigation.,821
akti-1/2,-0.001590630305695626,4,7,4,7,0.5714285714285714,0.3069306930693069,0.6535327002087964,5.714285714285714,Computational reversal candidate for further investigation.,822
BRD-K10846167,-0.00158229740142361,2,4,2,4,0.5,0.5445544554455446,0.9056617670268622,6.25,Computational reversal candidate for further investigation.,823
zm 336372,-0.001566791691691668,5,9,5,9,0.5555555555555556,0.2376237623762376,0.5694964596000182,6.333333333333333,Computational reversal candidate for further investigation.,824
BRD-K70161581,-0.0015341682470741253,3,6,3,6,0.5,0.32673267326732675,0.6719272452869466,6.0,Computational reversal candidate for further investigation.,825
jzl-184,-0.0015299873087956002,1,1,1,1,1.0,0.31683168316831684,0.6620047852582321,5.0,Computational reversal candidate for further investigation.,826
wortmannin,-0.0015173494897016103,15,25,56,80,0.6,0.297029702970297,0.6420600623598272,6.5375,Computational reversal candidate for further investigation.,827
BRD-K53903639,-0.0015104904724919368,11,17,11,17,0.6470588235294118,0.18811881188118812,0.5023992160308182,5.9411764705882355,Computational reversal candidate for further investigation.,828
BRD-K18724229,-0.0015058086624939594,1,2,1,2,0.5,0.42574257425742573,0.772059245321983,7.0,Computational reversal candidate for further investigation.,829
benzoxiquine,-0.0014830252273696125,1,1,1,1,1.0,0.3564356435643564,0.7069984564996422,7.0,Computational reversal candidate for further investigation.,830
sodium dehydrocholate,-0.0014288178288299844,1,1,1,1,1.0,0.43564356435643564,0.7845594686050883,6.0,Computational reversal candidate for further investigation.,831
BRD-K68007270,-0.0014264160360906385,2,3,2,3,0.6666666666666666,0.21782178217821782,0.5507125833746541,5.0,Computational reversal candidate for further investigation.,832
ncgc00182554-02,-0.0014253106531262154,1,1,1,1,1.0,0.42574257425742573,0.772059245321983,6.0,Computational reversal candidate for further investigation.,833
BRD-K68202742 (trichostatin a),-0.001413000226296839,7,13,12,21,0.5384615384615384,0.38613861386138615,0.7396657658421901,8.761904761904763,Computational reversal candidate for further investigation.,834
BRD-K43782924,-0.0014062173456344858,1,1,1,1,1.0,0.25742574257425743,0.5986200403101232,6.0,Computational reversal candidate for further investigation.,835
BRD-K45114207,-0.00137989363259825,1,1,1,1,1.0,0.44554455445544555,0.7959785704597857,6.0,Computational reversal candidate for further investigation.,836
BRD-K23478508 (digoxin),-0.0013781732408595796,3,6,3,6,0.5,0.3069306930693069,0.6535327002087964,7.0,Computational reversal candidate for further investigation.,837
pnu 74654,-0.001323615597985044,6,12,6,12,0.5,0.24752475247524752,0.5825206580808457,6.416666666666667,Computational reversal candidate for further investigation.,838
mst- 312,-0.0013180684898036216,4,8,4,8,0.5,0.3465346534653465,0.6952906829144453,7.375,Computational reversal candidate for further investigation.,839
gr 46611,-0.0013173413413617072,1,1,1,1,1.0,0.4158415841584158,0.7665395514816499,7.0,Computational reversal candidate for further investigation.,840
arg-a1-22 brd-k91349888,-0.0013007946823690255,1,1,1,1,1.0,0.40594059405940597,0.7590167618912429,7.0,Computational reversal candidate for further investigation.,841
hy-10044,-0.0012911375789267827,4,7,4,7,0.5714285714285714,0.39603960396039606,0.7476501570543062,5.714285714285714,Computational reversal candidate for further investigation.,842
salmeterol,-0.0012831563669828514,1,2,1,2,0.5,0.37623762376237624,0.7260319126857199,6.5,Computational reversal candidate for further investigation.,843
lovastatin,-0.0012653650060498066,1,2,2,3,0.5,0.44554455445544555,0.7959785704597857,5.666666666666667,Computational reversal candidate for further investigation.,844
vinblastine sulfate,-0.0012518903138577838,3,5,3,5,0.6,0.2871287128712871,0.6320062385985433,6.8,Computational reversal candidate for further investigation.,845
BRD-A20697603,-0.0012290599575769563,6,11,6,14,0.5454545454545454,0.46534653465346537,0.8191983427814098,7.142857142857143,Computational reversal candidate for further investigation.,846
rho kinase inhibitor iii [rockout],-0.0012165342617952487,3,5,3,5,0.6,0.40594059405940597,0.7590167618912429,6.4,Computational reversal candidate for further investigation.,847
BRD-U86922168,-0.0011590712469074214,5,9,5,9,0.5555555555555556,0.3465346534653465,0.6952906829144453,5.888888888888889,Computational reversal candidate for further investigation.,848
BRD-K83972459,-0.001148156621318129,3,4,3,4,0.75,0.39603960396039606,0.7476501570543062,5.75,Computational reversal candidate for further investigation.,849
flubendazole,-0.0011350761712877761,2,3,2,3,0.6666666666666666,0.40594059405940597,0.7590167618912429,6.666666666666667,Computational reversal candidate for further investigation.,850
BRD-K92981876,-0.0011046431493283333,1,1,1,1,1.0,0.40594059405940597,0.7590167618912429,5.0,Computational reversal candidate for further investigation.,851
BRD-K37043259,-0.0010626030234986003,1,1,1,1,1.0,0.32673267326732675,0.6719272452869466,6.0,Computational reversal candidate for further investigation.,852
nutlin-3,-0.000967508636124317,3,5,3,5,0.6,0.42574257425742573,0.772059245321983,7.2,Computational reversal candidate for further investigation.,853
"2,5-dideoxyadenosine",-0.0009403716990883061,1,1,1,1,1.0,0.39603960396039606,0.7476501570543062,5.0,Computational reversal candidate for further investigation.,854
amodiaquin dihydrochloride dihydrate,-0.0009400724521803679,1,2,1,2,0.5,0.42574257425742573,0.772059245321983,5.0,Computational reversal candidate for further investigation.,855
4-aminosalicylic acid,-0.0009279389439163011,1,1,1,1,1.0,0.48514851485148514,0.8389584814835075,6.0,Computational reversal candidate for further investigation.,856
mmpx,-0.0009184956617396193,1,1,1,1,1.0,0.36633663366336633,0.7184421449663763,5.0,Computational reversal candidate for further investigation.,857
u-0126,-0.0009134731788369623,2,4,2,4,0.5,0.48514851485148514,0.8389584814835075,6.0,Computational reversal candidate for further investigation.,858
BRD-K79390395,-0.0009076377993855753,1,2,1,2,0.5,0.37623762376237624,0.7260319126857199,8.5,Computational reversal candidate for further investigation.,859
azd8055,-0.0008978071124512432,11,21,11,21,0.5238095238095238,0.5148514851485149,0.8720157730058721,6.238095238095238,Computational reversal candidate for further investigation.,860
BRD-K18726304,-0.0008904459053298026,2,3,2,3,0.6666666666666666,0.504950495049505,0.8608360836083608,5.0,Computational reversal candidate for further investigation.,861
BRD-K91701654,-0.0008775744000230415,2,4,2,4,0.5,0.46534653465346537,0.8191983427814098,6.0,Computational reversal candidate for further investigation.,862
BRD-K61717269,-0.0008743871518161065,3,5,3,5,0.6,0.2871287128712871,0.6320062385985433,6.2,Computational reversal candidate for further investigation.,863
BRD-U64289953,-0.0008419600732010608,1,1,1,1,1.0,0.36633663366336633,0.7184421449663763,5.0,Computational reversal candidate for further investigation.,864
stock1s-53863,-0.0008035501294076125,2,4,2,5,0.5,0.39603960396039606,0.7476501570543062,5.2,Computational reversal candidate for further investigation.,865
"ly-163,502",-0.0007816010842988247,1,1,1,1,1.0,0.4158415841584158,0.7665395514816499,5.0,Computational reversal candidate for further investigation.,866
fulvestrant,-0.0007515560248139361,1,1,1,1,1.0,0.38613861386138615,0.7396657658421901,5.0,Computational reversal candidate for further investigation.,867
le 135,-0.0007442723908385055,4,7,4,7,0.5714285714285714,0.3069306930693069,0.6535327002087964,5.714285714285714,Computational reversal candidate for further investigation.,868
emetine,-0.0006894200902674236,7,14,8,16,0.5,0.42574257425742573,0.772059245321983,8.9375,Computational reversal candidate for further investigation.,869
thiazolopyrimidine,-0.0006714683643078588,1,2,1,2,0.5,0.6435643564356436,0.9854972777121157,7.0,Computational reversal candidate for further investigation.,870
pz0005,-0.000657941574973727,1,1,1,1,1.0,0.44554455445544555,0.7959785704597857,6.0,Computational reversal candidate for further investigation.,871
rosiglitazone hydrochloride,-0.0006435298518561684,2,4,2,4,0.5,0.297029702970297,0.6420600623598272,6.75,Computational reversal candidate for further investigation.,872
BRD-K32485462,-0.0006294293348315305,1,1,1,1,1.0,0.38613861386138615,0.7396657658421901,6.0,Computational reversal candidate for further investigation.,873
BRD-A47816767,-0.0006089677963489583,2,4,2,4,0.5,0.43564356435643564,0.7845594686050883,6.75,Computational reversal candidate for further investigation.,874
s1003,-0.0006071333318838495,4,6,4,6,0.6666666666666666,0.4158415841584158,0.7665395514816499,6.666666666666667,Computational reversal candidate for further investigation.,875
BRD-K37194137,-0.0006062559628239777,1,1,1,1,1.0,0.5445544554455446,0.9056617670268622,5.0,Computational reversal candidate for further investigation.,876
BRD-K71726959,-0.0005737730477611636,3,6,3,6,0.5,0.39603960396039606,0.7476501570543062,6.166666666666667,Computational reversal candidate for further investigation.,877
tyrphostin ag 1478,-0.0005569788486088825,12,23,12,23,0.5217391304347826,0.4752475247524752,0.831019414790641,7.0,Computational reversal candidate for further investigation.,878
BRD-K51556300,-0.000529089722902317,1,1,1,1,1.0,0.38613861386138615,0.7396657658421901,7.0,Computational reversal candidate for further investigation.,879
caffeic acid phenethyl ester,-0.0005256335693371132,1,1,1,1,1.0,0.49504950495049505,0.8513763464258514,5.0,Computational reversal candidate for further investigation.,880
BRD-K53414658,-0.0005246190655313887,2,4,2,4,0.5,0.43564356435643564,0.7845594686050883,5.5,Computational reversal candidate for further investigation.,881
"tamoxifen, 4-hydroxy-, (z)-",-0.0004446000326867377,1,1,1,1,1.0,0.40594059405940597,0.7590167618912429,5.0,Computational reversal candidate for further investigation.,882
bambuterol hydrochloride,-0.0004138252652411559,1,1,1,1,1.0,0.5247524752475248,0.8849543359508365,6.0,Computational reversal candidate for further investigation.,883
BRD-K33720394,-0.0003860247840305423,2,4,2,4,0.5,0.4158415841584158,0.7665395514816499,6.0,Computational reversal candidate for further investigation.,884
tw 37,-0.000358666830864609,3,6,3,6,0.5,0.31683168316831684,0.6620047852582321,8.5,Computational reversal candidate for further investigation.,885
BRD-K64857848,-0.00033256651936416394,1,2,1,2,0.5,0.42574257425742573,0.772059245321983,7.0,Computational reversal candidate for further investigation.,886
s1485,-0.0002822204495737321,1,1,1,1,1.0,0.3564356435643564,0.7069984564996422,5.0,Computational reversal candidate for further investigation.,887
BRD-A75409952 (wortmannin),-0.00026134496812270586,2,3,2,3,0.6666666666666666,0.5841584158415841,0.9386118283286233,6.666666666666667,Computational reversal candidate for further investigation.,888
brefeldin a,-0.00025537623919616535,6,11,6,11,0.5454545454545454,0.6237623762376238,0.9722989231194036,7.545454545454546,Computational reversal candidate for further investigation.,889
s1122,-0.00023753501466247575,4,8,4,8,0.5,0.33663366336633666,0.6841969911276843,6.625,Computational reversal candidate for further investigation.,890
h-8,-0.00017649082764472019,1,1,1,1,1.0,0.40594059405940597,0.7590167618912429,6.0,Computational reversal candidate for further investigation.,891
s1019,-0.00017264944655754873,2,3,2,3,0.6666666666666666,0.49504950495049505,0.8513763464258514,5.666666666666667,Computational reversal candidate for further investigation.,892
BRD-K15716662,-0.00014046128431599234,1,2,1,2,0.5,0.48514851485148514,0.8389584814835075,6.0,Computational reversal candidate for further investigation.,893
vorinostat,-0.00013842882830113383,46,92,129,279,0.5,0.45544554455445546,0.8081318335915225,9.301075268817204,Computational reversal candidate for further investigation.,894
ag 9,-1.4251588468416638e-05,1,2,1,2,0.5,0.4158415841584158,0.7665395514816499,5.5,Computational reversal candidate for further investigation.,895
k784-3187,-9.01565874326135e-06,4,8,4,9,0.5,0.4158415841584158,0.7665395514816499,6.333333333333333,Computational reversal candidate for further investigation.,896
ncgc00181736-02,2.9177396213761475e-05,0,1,0,1,0.0,0.4752475247524752,0.831019414790641,6.0,No aggregate reversal under this configuration.,897
ei-231,8.902031006596573e-05,1,2,1,2,0.5,0.5544554455445545,0.9191978519885888,5.5,No aggregate reversal under this configuration.,898
t 0070907,8.916026845546838e-05,0,1,0,1,0.0,0.6138613861386139,0.9635838207692383,5.0,No aggregate reversal under this configuration.,899
dubinidine,9.007405668553224e-05,1,2,1,2,0.5,0.49504950495049505,0.8513763464258514,6.5,No aggregate reversal under this configuration.,900
mk-2206,0.00011680155619673074,4,9,4,9,0.4444444444444444,0.48514851485148514,0.8389584814835075,7.777777777777778,No aggregate reversal under this configuration.,901
ncgc00238427-01,0.00011811602351711244,0,1,0,1,0.0,0.6831683168316832,1.0,5.0,No aggregate reversal under this configuration.,902
s1053,0.0001201646345288872,4,9,6,12,0.4444444444444444,0.3564356435643564,0.7069984564996422,7.416666666666667,No aggregate reversal under this configuration.,903
BRD-K97534490,0.00012035670514122434,1,2,1,2,0.5,0.49504950495049505,0.8513763464258514,5.5,No aggregate reversal under this configuration.,904
ssr 69071,0.00018075605002173655,2,4,2,4,0.5,0.4752475247524752,0.831019414790641,5.75,No aggregate reversal under this configuration.,905
BRD-K12184916,0.00018596357989488356,8,16,8,16,0.5,0.5643564356435643,0.9229026350910953,6.8125,No aggregate reversal under this configuration.,906
"camptothecine (s,+)",0.00020995929756889228,1,3,1,3,0.3333333333333333,0.504950495049505,0.8608360836083608,8.333333333333334,No aggregate reversal under this configuration.,907
quinine hemisulfate salt monohydrate,0.00022931927347164763,1,2,1,2,0.5,0.6039603960396039,0.9576474364761705,5.5,No aggregate reversal under this configuration.,908
cucurbitacin i,0.00024924901923760977,2,4,2,4,0.5,0.48514851485148514,0.8389584814835075,7.0,No aggregate reversal under this configuration.,909
BRD-U33728988,0.0002651092105156209,3,7,3,7,0.42857142857142855,0.6039603960396039,0.9576474364761705,7.142857142857143,No aggregate reversal under this configuration.,910
jak3 inhibitor vi,0.00027617297619958285,2,4,2,4,0.5,0.594059405940594,0.9506165340460426,8.0,No aggregate reversal under this configuration.,911
nrb 04155,0.00034410398787964626,0,1,0,1,0.0,0.5148514851485149,0.8720157730058721,7.0,No aggregate reversal under this configuration.,912
rofecoxib,0.0003783224271168544,0,1,0,1,0.0,0.44554455445544555,0.7959785704597857,6.0,No aggregate reversal under this configuration.,913
bi 2536,0.0003834561236675648,12,25,12,25,0.48,0.504950495049505,0.8608360836083608,7.12,No aggregate reversal under this configuration.,914
moclobemide,0.0004243190361383122,0,1,0,1,0.0,0.5643564356435643,0.9229026350910953,10.0,No aggregate reversal under this configuration.,915
BRD-K73319509,0.00046276589595720466,0,1,0,1,0.0,0.5841584158415841,0.9386118283286233,5.0,No aggregate reversal under this configuration.,916
ncgc00165188-01,0.00048516752609497303,1,3,1,3,0.3333333333333333,0.5346534653465347,0.8977818382696638,6.0,No aggregate reversal under this configuration.,917
ncgc00187898-02,0.0005033063765848339,0,1,0,1,0.0,0.6534653465346535,0.991923634652505,11.0,No aggregate reversal under this configuration.,918
ryuvidine,0.0005404957747696519,1,3,1,3,0.3333333333333333,0.4752475247524752,0.831019414790641,5.666666666666667,No aggregate reversal under this configuration.,919
BRD-K30993697,0.0005623809013431385,0,1,0,1,0.0,0.5643564356435643,0.9229026350910953,6.0,No aggregate reversal under this configuration.,920
BRD-A52193669,0.0005656986512622662,3,6,3,6,0.5,0.5148514851485149,0.8720157730058721,6.166666666666667,No aggregate reversal under this configuration.,921
thioridazine hydrochloride,0.0006118751080246227,1,3,1,4,0.3333333333333333,0.6732673267326733,1.0,7.0,No aggregate reversal under this configuration.,922
BRD-K14711204,0.000635919055760526,0,1,0,1,0.0,0.5742574257425742,0.9342129639159342,6.0,No aggregate reversal under this configuration.,923
BRD-K37798499,0.0006669833703255332,2,4,2,4,0.5,0.48514851485148514,0.8389584814835075,7.0,No aggregate reversal under this configuration.,924
dl-pdmp,0.0007107123582244846,6,12,6,12,0.5,0.5346534653465347,0.8977818382696638,6.5,No aggregate reversal under this configuration.,925
nocodazole,0.0007580936803505411,1,2,2,3,0.5,0.5148514851485149,0.8720157730058721,5.0,No aggregate reversal under this configuration.,926
BRD-K98173387,0.0007772268620169359,0,1,0,1,0.0,0.6138613861386139,0.9635838207692383,6.0,No aggregate reversal under this configuration.,927
osi-906,0.0007889215442105132,0,1,0,1,0.0,0.5346534653465347,0.8977818382696638,6.0,No aggregate reversal under this configuration.,928
gw 441756,0.000789583137227321,0,1,0,1,0.0,0.3564356435643564,0.7069984564996422,9.0,No aggregate reversal under this configuration.,929
homoharringtonine,0.0008142203454134193,5,13,6,20,0.38461538461538464,0.45544554455445546,0.8081318335915225,9.6,No aggregate reversal under this configuration.,930
forskolin,0.0008229987839986855,1,3,1,3,0.3333333333333333,0.5841584158415841,0.9386118283286233,6.666666666666667,No aggregate reversal under this configuration.,931
s1040,0.000836235740930621,1,3,1,3,0.3333333333333333,0.5742574257425742,0.9342129639159342,7.0,No aggregate reversal under this configuration.,932
BRD-K74623475,0.0008505382118040665,0,1,0,1,0.0,0.6138613861386139,0.9635838207692383,6.0,No aggregate reversal under this configuration.,933
akt inhibitor iv,0.0008642754569353804,7,15,7,15,0.4666666666666667,0.5544554455445545,0.9191978519885888,6.466666666666667,No aggregate reversal under this configuration.,934
BRD-K03857568,0.0009479488506907701,0,1,0,1,0.0,0.42574257425742573,0.772059245321983,10.0,No aggregate reversal under this configuration.,935
BRD-K59962020,0.000954047269878135,1,3,1,3,0.3333333333333333,0.5841584158415841,0.9386118283286233,5.666666666666667,No aggregate reversal under this configuration.,936
pac 1,0.0009857001759449409,2,6,3,8,0.3333333333333333,0.38613861386138615,0.7396657658421901,7.625,No aggregate reversal under this configuration.,937
2-fluoropalmitic acid,0.000987737482896523,0,1,0,1,0.0,0.5247524752475248,0.8849543359508365,5.0,No aggregate reversal under this configuration.,938
sid 26681509,0.0010603667693736144,2,5,2,5,0.4,0.594059405940594,0.9506165340460426,7.4,No aggregate reversal under this configuration.,939
BRD-K20718732,0.001063937967759125,0,1,0,1,0.0,0.45544554455445546,0.8081318335915225,6.0,No aggregate reversal under this configuration.,940
skf 96365 hydrochloride,0.0011720154925188944,0,1,0,1,0.0,0.44554455445544555,0.7959785704597857,7.0,No aggregate reversal under this configuration.,941
bms-754807,0.0011981945370298582,2,4,2,4,0.5,0.6732673267326733,1.0,5.75,No aggregate reversal under this configuration.,942
bvt 948,0.0012000621040819098,0,1,0,1,0.0,0.504950495049505,0.8608360836083608,10.0,No aggregate reversal under this configuration.,943
bx-795,0.0012415849398624765,8,18,8,18,0.4444444444444444,0.6732673267326733,1.0,6.111111111111111,No aggregate reversal under this configuration.,944
aminopurvalanol a,0.0012429610859078758,1,4,1,4,0.25,0.6534653465346535,0.991923634652505,5.5,No aggregate reversal under this configuration.,945
sirolimus,0.0012509953620172803,9,20,11,22,0.45,0.6831683168316832,1.0,8.272727272727273,No aggregate reversal under this configuration.,946
etoposide,0.0012575717636452814,1,4,1,4,0.25,0.5445544554455446,0.9056617670268622,8.75,No aggregate reversal under this configuration.,947
BRD-K49865102,0.0012991907931522262,1,3,1,3,0.3333333333333333,0.6336633663366337,0.9770277520362874,5.333333333333333,No aggregate reversal under this configuration.,948
ncgc00184834-01,0.0013150942684433606,2,5,2,5,0.4,0.504950495049505,0.8608360836083608,6.8,No aggregate reversal under this configuration.,949
ski ii,0.0013176391171596542,2,5,2,5,0.4,0.5841584158415841,0.9386118283286233,6.2,No aggregate reversal under this configuration.,950
triamcinolone diacetate,0.001324244780779092,0,1,0,1,0.0,0.46534653465346537,0.8191983427814098,5.0,No aggregate reversal under this configuration.,951
sertindole,0.0013542859217620246,0,1,0,1,0.0,0.5346534653465347,0.8977818382696638,6.0,No aggregate reversal under this configuration.,952
terfenadine,0.0013546142023221361,0,1,0,1,0.0,0.5643564356435643,0.9229026350910953,5.0,No aggregate reversal under this configuration.,953
dexamethasone,0.0013808095380225295,1,5,2,6,0.2,0.6534653465346535,0.991923634652505,5.5,No aggregate reversal under this configuration.,954
dibenzyline,0.001402964616881136,1,2,1,2,0.5,0.693069306930693,1.0,5.0,No aggregate reversal under this configuration.,955
s1011,0.0014541820325377113,0,4,0,4,0.0,0.6237623762376238,0.9722989231194036,5.75,No aggregate reversal under this configuration.,956
BRD-K19181733,0.0014667401857538967,0,2,0,2,0.0,0.4752475247524752,0.831019414790641,6.5,No aggregate reversal under this configuration.,957
cinobufagin,0.0015382590806120111,4,9,4,9,0.4444444444444444,0.504950495049505,0.8608360836083608,7.111111111111111,No aggregate reversal under this configuration.,958
BRD-K81473043,0.0015543211919082645,3,7,3,7,0.42857142857142855,0.5742574257425742,0.9342129639159342,7.0,No aggregate reversal under this configuration.,959
clioquinol,0.0016163766801418466,0,1,0,1,0.0,0.6633663366336634,1.0,6.0,No aggregate reversal under this configuration.,960
BRD-K05331696,0.0016631901295987971,0,1,0,1,0.0,0.7029702970297029,1.0,6.0,No aggregate reversal under this configuration.,961
cgk 733,0.001695655491614356,1,5,1,5,0.2,0.6336633663366337,0.9770277520362874,6.6,No aggregate reversal under this configuration.,962
BRD-K56343971,0.0017163652889362977,5,11,5,11,0.45454545454545453,0.6534653465346535,0.991923634652505,6.7272727272727275,No aggregate reversal under this configuration.,963
BRD-K66792149,0.001736969618011367,3,6,3,6,0.5,0.5445544554455446,0.9056617670268622,5.166666666666667,No aggregate reversal under this configuration.,964
pik-90,0.0017641252738004242,2,4,2,4,0.5,0.7029702970297029,1.0,7.0,No aggregate reversal under this configuration.,965
km 00927,0.0018186453412029867,6,14,6,14,0.42857142857142855,0.5445544554455446,0.9056617670268622,8.714285714285714,No aggregate reversal under this configuration.,966
aloisine a,0.0018288244628377574,0,1,0,1,0.0,0.5643564356435643,0.9229026350910953,5.0,No aggregate reversal under this configuration.,967
pf 750,0.001834753273915583,2,4,2,4,0.5,0.5643564356435643,0.9229026350910953,6.0,No aggregate reversal under this configuration.,968
ncgc00183371-01,0.001847730609554626,1,3,1,3,0.3333333333333333,0.594059405940594,0.9506165340460426,5.333333333333333,No aggregate reversal under this configuration.,969
vu0410183-2,0.001878771122207616,2,7,3,10,0.2857142857142857,0.6237623762376238,0.9722989231194036,6.8,No aggregate reversal under this configuration.,970
BRD-A27640568,0.0019083548586154107,1,2,1,2,0.5,0.43564356435643564,0.7845594686050883,7.5,No aggregate reversal under this configuration.,971
manumycin a,0.0019156912867591249,12,27,14,31,0.4444444444444444,0.5247524752475248,0.8849543359508365,7.0,No aggregate reversal under this configuration.,972
zk 164015,0.0019718335663638817,0,1,0,1,0.0,0.594059405940594,0.9506165340460426,5.0,No aggregate reversal under this configuration.,973
btb06091sc,0.0019768295380420734,0,1,0,1,0.0,0.5445544554455446,0.9056617670268622,5.0,No aggregate reversal under this configuration.,974
nnc 05-2090 hydrochloride,0.0020292800155413517,0,1,0,1,0.0,0.43564356435643564,0.7845594686050883,5.0,No aggregate reversal under this configuration.,975
eo 1428,0.002046916935545031,0,1,0,1,0.0,0.5841584158415841,0.9386118283286233,7.0,No aggregate reversal under this configuration.,976
BRD-K05549170,0.0020536489251090206,1,2,1,2,0.5,0.6039603960396039,0.9576474364761705,6.0,No aggregate reversal under this configuration.,977
thiothixene,0.0020609303809141326,1,2,1,2,0.5,0.5148514851485149,0.8720157730058721,5.5,No aggregate reversal under this configuration.,978
hy-10992,0.0020622615581592507,2,5,2,5,0.4,0.6534653465346535,0.991923634652505,7.4,No aggregate reversal under this configuration.,979
c3393m50,0.002076749424513862,0,1,0,1,0.0,0.6336633663366337,0.9770277520362874,7.0,No aggregate reversal under this configuration.,980
gemcitabine,0.002116069763551779,3,7,3,7,0.42857142857142855,0.6039603960396039,0.9576474364761705,6.285714285714286,No aggregate reversal under this configuration.,981
11k-629s,0.002128688150507344,1,2,2,3,0.5,0.693069306930693,1.0,6.0,No aggregate reversal under this configuration.,982
BRD-K14788918,0.0021613544664471017,1,2,1,2,0.5,0.48514851485148514,0.8389584814835075,7.0,No aggregate reversal under this configuration.,983
BRD-K85660637,0.002168540979516796,0,1,0,1,0.0,0.6831683168316832,1.0,5.0,No aggregate reversal under this configuration.,984
ncgc00182609-01,0.0022614413986594816,1,2,1,2,0.5,0.5445544554455446,0.9056617670268622,8.5,No aggregate reversal under this configuration.,985
penicillin g potassium,0.0022730325323533727,0,1,0,1,0.0,0.48514851485148514,0.8389584814835075,6.0,No aggregate reversal under this configuration.,986
s-250,0.0023052512358517577,0,1,0,1,0.0,0.5544554455445545,0.9191978519885888,7.0,No aggregate reversal under this configuration.,987
BRD-K89692698,0.0023080808919387318,1,3,1,3,0.3333333333333333,0.7326732673267327,1.0,9.0,No aggregate reversal under this configuration.,988
t5212475,0.0023124380488431275,4,8,4,9,0.5,0.6435643564356436,0.9854972777121157,6.333333333333333,No aggregate reversal under this configuration.,989
BRD-K10705233,0.0023168886707842567,3,8,3,8,0.375,0.6336633663366337,0.9770277520362874,6.0,No aggregate reversal under this configuration.,990
sb 205384,0.0023502976229016316,0,1,0,1,0.0,0.6831683168316832,1.0,6.0,No aggregate reversal under this configuration.,991
nsc 663284,0.0023711380226787704,1,3,1,3,0.3333333333333333,0.6138613861386139,0.9635838207692383,6.666666666666667,No aggregate reversal under this configuration.,992
BRD-K15563106,0.002381400695569231,4,9,4,9,0.4444444444444444,0.5643564356435643,0.9229026350910953,7.666666666666667,No aggregate reversal under this configuration.,993
emetine hydrochloride,0.002404137595293794,4,9,4,9,0.4444444444444444,0.5742574257425742,0.9342129639159342,7.888888888888889,No aggregate reversal under this configuration.,994
testosterone,0.002414359661408797,0,1,0,2,0.0,0.5643564356435643,0.9229026350910953,7.5,No aggregate reversal under this configuration.,995
nafronyl oxalate,0.0024524156010142135,1,2,1,2,0.5,0.6633663366336634,1.0,5.0,No aggregate reversal under this configuration.,996
fr 122047 hydrochloride,0.0024631284665891625,0,1,0,1,0.0,0.5247524752475248,0.8849543359508365,5.0,No aggregate reversal under this configuration.,997
BRD-K31342827,0.002480576342987063,6,15,6,15,0.4,0.7326732673267327,1.0,6.6,No aggregate reversal under this configuration.,998
vu0415556-1,0.002491352749716272,0,1,0,1,0.0,0.6237623762376238,0.9722989231194036,6.0,No aggregate reversal under this configuration.,999
np-009265,0.0025306831096377777,0,1,0,1,0.0,0.693069306930693,1.0,7.0,No aggregate reversal under this configuration.,1000
BRD-K40175214,0.0025555022390345893,3,7,3,7,0.42857142857142855,0.7227722772277227,1.0,6.428571428571429,No aggregate reversal under this configuration.,1001
thyroxine (l),0.002577451067146572,0,1,0,1,0.0,0.7029702970297029,1.0,5.0,No aggregate reversal under this configuration.,1002
selamectin,0.0025902644503384732,2,4,2,4,0.5,0.6435643564356436,0.9854972777121157,5.0,No aggregate reversal under this configuration.,1003
bisacodyl,0.002605721662910306,1,4,1,5,0.25,0.504950495049505,0.8608360836083608,7.8,No aggregate reversal under this configuration.,1004
BRD-K68174511,0.002613068927710793,4,10,4,10,0.4,0.6435643564356436,0.9854972777121157,7.0,No aggregate reversal under this configuration.,1005
km00799,0.0026356855797532953,0,1,0,1,0.0,0.5841584158415841,0.9386118283286233,6.0,No aggregate reversal under this configuration.,1006
elesclomol,0.0026464531660343633,2,4,2,4,0.5,0.6336633663366337,0.9770277520362874,6.0,No aggregate reversal under this configuration.,1007
ncgc00182361-01,0.0027408639439328673,0,1,0,1,0.0,0.6831683168316832,1.0,6.0,No aggregate reversal under this configuration.,1008
BRD-A37735495,0.002779678879710209,0,3,0,3,0.0,0.6138613861386139,0.9635838207692383,6.666666666666667,No aggregate reversal under this configuration.,1009
BRD-K55116708,0.002807635258477749,1,3,1,3,0.3333333333333333,0.6831683168316832,1.0,5.0,No aggregate reversal under this configuration.,1010
uzi/1930680,0.0028870505149659166,0,1,0,1,0.0,0.6633663366336634,1.0,6.0,No aggregate reversal under this configuration.,1011
teniposide,0.002889446559447296,11,23,11,24,0.4782608695652174,0.7128712871287128,1.0,7.708333333333333,No aggregate reversal under this configuration.,1012
metoclopramide monohydrochloride,0.0029008741917383738,0,1,0,1,0.0,0.6237623762376238,0.9722989231194036,5.0,No aggregate reversal under this configuration.,1013
at-csc-18 brd-k01121114,0.0029457133258786127,1,2,1,2,0.5,0.6831683168316832,1.0,5.5,No aggregate reversal under this configuration.,1014
cyt997,0.0029744722069835567,2,7,2,7,0.2857142857142857,0.7029702970297029,1.0,7.142857142857143,No aggregate reversal under this configuration.,1015
1391-0741,0.002983143597304016,1,2,1,2,0.5,0.6831683168316832,1.0,5.5,No aggregate reversal under this configuration.,1016
niclosamide,0.0029872211417607064,7,19,8,28,0.3684210526315789,0.693069306930693,1.0,7.071428571428571,No aggregate reversal under this configuration.,1017
bml-259,0.0030180845493744746,1,4,1,4,0.25,0.7128712871287128,1.0,6.0,No aggregate reversal under this configuration.,1018
sib 1893,0.0031114382173827878,2,5,2,5,0.4,0.7425742574257426,1.0,6.0,No aggregate reversal under this configuration.,1019
fit,0.0031141125148459407,1,2,1,2,0.5,0.6237623762376238,0.9722989231194036,6.5,No aggregate reversal under this configuration.,1020
ncgc00182382-01,0.0031331308509937286,1,3,1,3,0.3333333333333333,0.6336633663366337,0.9770277520362874,6.0,No aggregate reversal under this configuration.,1021
c8273,0.003147086208393107,0,1,0,1,0.0,0.693069306930693,1.0,5.0,No aggregate reversal under this configuration.,1022
BRD-K29143967,0.0032062685350466797,0,1,0,1,0.0,0.6039603960396039,0.9576474364761705,5.0,No aggregate reversal under this configuration.,1023
ncgc00165208-01,0.0032118085350916464,0,1,0,1,0.0,0.5643564356435643,0.9229026350910953,5.0,No aggregate reversal under this configuration.,1024
BRD-K85123403,0.0032588771550086507,0,1,0,1,0.0,0.5841584158415841,0.9386118283286233,7.0,No aggregate reversal under this configuration.,1025
tacrolimus,0.0032648897485156913,0,1,0,1,0.0,0.6336633663366337,0.9770277520362874,5.0,No aggregate reversal under this configuration.,1026
BRD-K02562327,0.003275350402544972,0,1,0,1,0.0,0.45544554455445546,0.8081318335915225,6.0,No aggregate reversal under this configuration.,1027
BRD-K73261812,0.003300089000894562,6,13,6,13,0.46153846153846156,0.8118811881188119,1.0,6.0,No aggregate reversal under this configuration.,1028
clofarabine,0.0033163693131690267,2,4,2,4,0.5,0.7722772277227723,1.0,6.5,No aggregate reversal under this configuration.,1029
dienestrol,0.0033530404719196143,0,1,0,1,0.0,0.6039603960396039,0.9576474364761705,5.0,No aggregate reversal under this configuration.,1030
prestw-550,0.0033556278422478035,1,5,1,5,0.2,0.7326732673267327,1.0,6.8,No aggregate reversal under this configuration.,1031
hydrocortisone hemisuccinate,0.00336487436359161,1,3,1,3,0.3333333333333333,0.6732673267326733,1.0,5.666666666666667,No aggregate reversal under this configuration.,1032
testosterone propionate,0.0033672278305592425,0,2,0,2,0.0,0.7128712871287128,1.0,6.0,No aggregate reversal under this configuration.,1033
prednisolone,0.0034086005610485955,1,2,1,2,0.5,0.6633663366336634,1.0,6.0,No aggregate reversal under this configuration.,1034
auranofin,0.003415258802126885,5,12,5,12,0.4166666666666667,0.6831683168316832,1.0,7.0,No aggregate reversal under this configuration.,1035
tgx-115,0.0034365310951292123,2,5,2,5,0.4,0.7227722772277227,1.0,6.2,No aggregate reversal under this configuration.,1036
BRD-A36630025,0.0034386565993803518,15,33,15,33,0.45454545454545453,0.8217821782178217,1.0,7.181818181818182,No aggregate reversal under this configuration.,1037
pkc-412,0.003448876697375674,0,4,0,4,0.0,0.7326732673267327,1.0,5.5,No aggregate reversal under this configuration.,1038
arctigenin,0.0034571508003326864,1,2,1,2,0.5,0.693069306930693,1.0,5.0,No aggregate reversal under this configuration.,1039
flunisolide,0.0034929893427984803,2,4,3,5,0.5,0.7425742574257426,1.0,5.8,No aggregate reversal under this configuration.,1040
curcumin,0.0035634366631352504,10,29,10,29,0.3448275862068966,0.7227722772277227,1.0,7.344827586206897,No aggregate reversal under this configuration.,1041
cmpd-1,0.0035702861984701776,1,2,1,2,0.5,0.7326732673267327,1.0,5.0,No aggregate reversal under this configuration.,1042
v4877,0.0036028559196312933,5,12,5,12,0.4166666666666667,0.7128712871287128,1.0,8.333333333333334,No aggregate reversal under this configuration.,1043
BRD-K00824317 (flurandrenolide),0.0036156319390662434,0,1,0,1,0.0,0.6534653465346535,0.991923634652505,5.0,No aggregate reversal under this configuration.,1044
BRD-K09854848,0.003660865744072297,1,2,1,2,0.5,0.5445544554455446,0.9056617670268622,7.0,No aggregate reversal under this configuration.,1045
BRD-K99502566,0.0036870607076762646,0,1,0,1,0.0,0.5148514851485149,0.8720157730058721,5.0,No aggregate reversal under this configuration.,1046
BRD-K28907958,0.003707832352736426,6,13,6,13,0.46153846153846156,0.693069306930693,1.0,6.615384615384615,No aggregate reversal under this configuration.,1047
ei-247,0.0037144763588955786,0,1,0,1,0.0,0.5841584158415841,0.9386118283286233,10.0,No aggregate reversal under this configuration.,1048
tl hras24 brd-k93060291,0.0037506360762248492,0,1,0,1,0.0,0.6237623762376238,0.9722989231194036,5.0,No aggregate reversal under this configuration.,1049
BRD-K53308430,0.003760518648677295,1,4,1,4,0.25,0.49504950495049505,0.8513763464258514,6.5,No aggregate reversal under this configuration.,1050
necrostatin-1,0.003780632122826483,0,1,0,1,0.0,0.6633663366336634,1.0,5.0,No aggregate reversal under this configuration.,1051
BRD-K49010888,0.0038216518658898187,1,4,1,4,0.25,0.5841584158415841,0.9386118283286233,6.5,No aggregate reversal under this configuration.,1052
ketanserin tartrate hydrate,0.0038380688266583664,0,1,0,1,0.0,0.5643564356435643,0.9229026350910953,6.0,No aggregate reversal under this configuration.,1053
BRD-K70748405,0.003847308570840772,0,1,0,1,0.0,0.6435643564356436,0.9854972777121157,5.0,No aggregate reversal under this configuration.,1054
chloroxine,0.003910224172606233,1,4,1,4,0.25,0.7128712871287128,1.0,7.75,No aggregate reversal under this configuration.,1055
np-000732,0.003953179491948667,0,1,0,1,0.0,0.6039603960396039,0.9576474364761705,5.0,No aggregate reversal under this configuration.,1056
gw 4064,0.0039537521581450765,0,1,0,1,0.0,0.5643564356435643,0.9229026350910953,7.0,No aggregate reversal under this configuration.,1057
digitoxin,0.003965581241248423,3,10,4,11,0.3,0.7326732673267327,1.0,7.454545454545454,No aggregate reversal under this configuration.,1058
periplocymarin,0.004018869417648896,2,6,2,6,0.3333333333333333,0.6633663366336634,1.0,8.833333333333334,No aggregate reversal under this configuration.,1059
BRD-K89329876,0.00406837861532851,0,1,0,1,0.0,0.7128712871287128,1.0,5.0,No aggregate reversal under this configuration.,1060
maprotiline hydrochloride,0.004069642346518979,0,1,0,1,0.0,0.7920792079207921,1.0,5.0,No aggregate reversal under this configuration.,1061
trimeprazine tartrate,0.004094571143195238,0,2,0,2,0.0,0.7029702970297029,1.0,5.5,No aggregate reversal under this configuration.,1062
camptothecin,0.00413950669969191,4,10,4,10,0.4,0.7029702970297029,1.0,7.4,No aggregate reversal under this configuration.,1063
ncgc00183401-01,0.004184246413185003,0,1,0,1,0.0,0.7227722772277227,1.0,5.0,No aggregate reversal under this configuration.,1064
s1170,0.0042027404113546135,1,3,1,3,0.3333333333333333,0.7722772277227723,1.0,6.666666666666667,No aggregate reversal under this configuration.,1065
BRD-K67470788,0.004208758437085992,0,1,0,1,0.0,0.6138613861386139,0.9635838207692383,5.0,No aggregate reversal under this configuration.,1066
BRD-A67438293,0.004239070240338171,0,1,0,1,0.0,0.6336633663366337,0.9770277520362874,5.0,No aggregate reversal under this configuration.,1067
ncgc00182607-01,0.004250535545013378,0,1,0,1,0.0,0.8811881188118812,1.0,5.0,No aggregate reversal under this configuration.,1068
BRD-K35004659,0.004258282970713667,0,1,0,1,0.0,0.6039603960396039,0.9576474364761705,5.0,No aggregate reversal under this configuration.,1069
calpeptin,0.004302467049721929,1,2,1,2,0.5,0.693069306930693,1.0,6.5,No aggregate reversal under this configuration.,1070
trichostatin a,0.004338407214091999,12,34,82,208,0.35294117647058826,0.7920792079207921,1.0,9.057692307692308,No aggregate reversal under this configuration.,1071
nisoldipine,0.004401264044673961,0,1,0,1,0.0,0.6138613861386139,0.9635838207692383,5.0,No aggregate reversal under this configuration.,1072
ranitidine,0.004402440343302814,1,2,1,2,0.5,0.801980198019802,1.0,5.0,No aggregate reversal under this configuration.,1073
ncgc00184716-01,0.004409804300431152,0,2,0,2,0.0,0.6732673267326733,1.0,5.5,No aggregate reversal under this configuration.,1074
BRD-K08307026,0.0044135396760502195,3,6,3,6,0.5,0.7524752475247525,1.0,5.5,No aggregate reversal under this configuration.,1075
ei-263,0.004421433791523096,2,5,2,5,0.4,0.6534653465346535,0.991923634652505,7.2,No aggregate reversal under this configuration.,1076
BRD-K90999434,0.004426877575251464,0,1,0,1,0.0,0.6732673267326733,1.0,8.0,No aggregate reversal under this configuration.,1077
BRD-K05104363,0.004430339532420796,1,2,1,2,0.5,0.8316831683168316,1.0,5.5,No aggregate reversal under this configuration.,1078
s1154,0.004482464293242773,0,1,0,1,0.0,0.7227722772277227,1.0,5.0,No aggregate reversal under this configuration.,1079
esculin hydrate,0.004493663981300319,0,1,0,1,0.0,0.6039603960396039,0.9576474364761705,5.0,No aggregate reversal under this configuration.,1080
BRD-U86222656,0.00455019188897613,0,1,0,1,0.0,0.6336633663366337,0.9770277520362874,6.0,No aggregate reversal under this configuration.,1081
bibr1532,0.004552159490635925,1,5,1,5,0.2,0.7524752475247525,1.0,6.8,No aggregate reversal under this configuration.,1082
BRD-K39345836,0.004604968482434168,0,1,0,1,0.0,0.5841584158415841,0.9386118283286233,6.0,No aggregate reversal under this configuration.,1083
thapsigargin,0.004609958721939416,1,3,1,3,0.3333333333333333,0.6831683168316832,1.0,6.333333333333333,No aggregate reversal under this configuration.,1084
budesonide,0.004766688571025618,1,4,1,7,0.25,0.7920792079207921,1.0,6.428571428571429,No aggregate reversal under this configuration.,1085
spb02303,0.004798614352887787,0,1,0,1,0.0,0.6138613861386139,0.9635838207692383,8.0,No aggregate reversal under this configuration.,1086
BRD-K43620258,0.004800056873129341,6,15,6,15,0.4,0.7821782178217822,1.0,7.2,No aggregate reversal under this configuration.,1087
BRD-K32896438,0.004824135924253554,2,6,2,6,0.3333333333333333,0.7128712871287128,1.0,6.0,No aggregate reversal under this configuration.,1088
pd 123319 ditrifluoroacetate,0.0048474303395209615,0,1,0,1,0.0,0.6831683168316832,1.0,6.0,No aggregate reversal under this configuration.,1089
kuc103443n,0.004869260871575197,0,1,0,1,0.0,0.7326732673267327,1.0,5.0,No aggregate reversal under this configuration.,1090
mg-132,0.004876955416579239,2,9,2,9,0.2222222222222222,0.7227722772277227,1.0,7.111111111111111,No aggregate reversal under this configuration.,1091
BRD-K10906552,0.0049031168282138455,0,2,0,2,0.0,0.7722772277227723,1.0,7.5,No aggregate reversal under this configuration.,1092
antimycin a,0.004933776757644897,0,2,0,2,0.0,0.8217821782178217,1.0,6.5,No aggregate reversal under this configuration.,1093
BRD-A18763547,0.0049728622143132475,1,4,1,4,0.25,0.6732673267326733,1.0,7.75,No aggregate reversal under this configuration.,1094
sulindac,0.005023377256587422,0,1,0,1,0.0,0.7029702970297029,1.0,5.0,No aggregate reversal under this configuration.,1095
mifepristone,0.0050321559519507265,1,2,1,2,0.5,0.7425742574257426,1.0,6.5,No aggregate reversal under this configuration.,1096
BRD-K38625260,0.0050562044027356355,0,2,0,2,0.0,0.8316831683168316,1.0,6.0,No aggregate reversal under this configuration.,1097
imd 0354,0.0050620894129350625,9,26,12,32,0.34615384615384615,0.8217821782178217,1.0,6.96875,No aggregate reversal under this configuration.,1098
BRD-K56111351,0.005115662287048511,0,1,0,1,0.0,0.7623762376237624,1.0,5.0,No aggregate reversal under this configuration.,1099
stock3s-04022,0.005150124322635122,0,1,0,1,0.0,0.6336633663366337,0.9770277520362874,6.0,No aggregate reversal under this configuration.,1100
domperidone,0.005205319778605838,0,1,0,1,0.0,0.8118811881188119,1.0,5.0,No aggregate reversal under this configuration.,1101
BRD-A31107743,0.005208718335170169,3,7,3,7,0.42857142857142855,0.7821782178217822,1.0,8.857142857142858,No aggregate reversal under this configuration.,1102
BRD-A80536908,0.005213771517590526,0,1,0,1,0.0,0.801980198019802,1.0,5.0,No aggregate reversal under this configuration.,1103
jtc 801,0.005264717828716117,0,1,0,1,0.0,0.5643564356435643,0.9229026350910953,7.0,No aggregate reversal under this configuration.,1104
triamcinolone,0.005264751175895661,1,3,1,3,0.3333333333333333,0.7128712871287128,1.0,5.666666666666667,No aggregate reversal under this configuration.,1105
"chrysene-1,4-quinone",0.0052984479743191,0,1,0,1,0.0,0.6336633663366337,0.9770277520362874,6.0,No aggregate reversal under this configuration.,1106
ch 55,0.005375427779980216,3,6,3,6,0.5,0.900990099009901,1.0,5.5,No aggregate reversal under this configuration.,1107
skf 89976a hydrochloride,0.005430629805025112,0,1,0,1,0.0,0.7722772277227723,1.0,5.0,No aggregate reversal under this configuration.,1108
BRD-K74133369,0.005437326107829757,0,1,0,1,0.0,0.8118811881188119,1.0,5.0,No aggregate reversal under this configuration.,1109
isoquercitrin,0.0054412544974377485,0,1,0,1,0.0,0.6138613861386139,0.9635838207692383,6.0,No aggregate reversal under this configuration.,1110
BRD-K00627859,0.005451700154552193,0,1,0,1,0.0,0.7029702970297029,1.0,6.0,No aggregate reversal under this configuration.,1111
BRD-A68930007 (ouabain),0.005461797782510148,2,5,2,5,0.4,0.7128712871287128,1.0,5.4,No aggregate reversal under this configuration.,1112
strophantine octahydrate,0.005461797782510148,3,7,3,7,0.42857142857142855,0.7920792079207921,1.0,5.714285714285714,No aggregate reversal under this configuration.,1113
ro 08-2750,0.005471024303625501,0,1,0,1,0.0,0.7425742574257426,1.0,14.0,No aggregate reversal under this configuration.,1114
ncgc00167094-01,0.005493653386272808,0,2,0,2,0.0,0.7425742574257426,1.0,5.5,No aggregate reversal under this configuration.,1115
"n,n-hexamethyleneamiloride",0.005521772524545614,0,1,0,1,0.0,0.7326732673267327,1.0,5.0,No aggregate reversal under this configuration.,1116
atorvastatin,0.005548058039946088,1,2,1,2,0.5,0.7425742574257426,1.0,5.5,No aggregate reversal under this configuration.,1117
BRD-K03176945,0.005589601758819942,0,1,0,1,0.0,0.5742574257425742,0.9342129639159342,5.0,No aggregate reversal under this configuration.,1118
cct 018159,0.005626313538410749,0,3,0,3,0.0,0.8415841584158416,1.0,6.666666666666667,No aggregate reversal under this configuration.,1119
luteolin,0.005676806001063081,0,1,0,1,0.0,0.5841584158415841,0.9386118283286233,7.0,No aggregate reversal under this configuration.,1120
cjd-pla-20-1,0.005689162361351106,0,1,0,1,0.0,0.6138613861386139,0.9635838207692383,6.0,No aggregate reversal under this configuration.,1121
BRD-K28366633,0.005707341975618352,2,4,2,4,0.5,0.8415841584158416,1.0,7.25,No aggregate reversal under this configuration.,1122
mitomycin c,0.005719271983378223,3,13,4,14,0.23076923076923078,0.8712871287128713,1.0,7.214285714285714,No aggregate reversal under this configuration.,1123
ncgc00184830-01,0.005726443411805834,2,5,2,5,0.4,0.693069306930693,1.0,7.0,No aggregate reversal under this configuration.,1124
BRD-K14236372,0.005744582068285476,0,1,0,1,0.0,0.7425742574257426,1.0,6.0,No aggregate reversal under this configuration.,1125
desoximetasone,0.005747124720070839,0,2,0,2,0.0,0.801980198019802,1.0,6.0,No aggregate reversal under this configuration.,1126
k784-3131,0.005802011916360761,3,7,4,8,0.42857142857142855,0.8118811881188119,1.0,7.0,No aggregate reversal under this configuration.,1127
BRD-K46692335,0.005806993507368846,0,1,0,1,0.0,0.7326732673267327,1.0,5.0,No aggregate reversal under this configuration.,1128
ncgc00185684-02,0.005867344510470984,1,3,1,3,0.3333333333333333,0.7722772277227723,1.0,7.0,No aggregate reversal under this configuration.,1129
emetine dihydrochloride hydrate (74),0.005906546190819479,11,30,11,30,0.36666666666666664,0.8613861386138614,1.0,7.166666666666667,No aggregate reversal under this configuration.,1130
penfluridol,0.0059471218078313475,3,8,3,8,0.375,0.7821782178217822,1.0,6.25,No aggregate reversal under this configuration.,1131
ncgc00185094-01,0.005958728830908852,0,1,0,1,0.0,0.7623762376237624,1.0,5.0,No aggregate reversal under this configuration.,1132
BRD-K93578426,0.005976895166964594,0,1,0,1,0.0,0.6534653465346535,0.991923634652505,5.0,No aggregate reversal under this configuration.,1133
BRD-K14704318,0.005991638908959889,0,1,0,1,0.0,0.5445544554455446,0.9056617670268622,13.0,No aggregate reversal under this configuration.,1134
lanatoside c,0.006018353991354403,1,2,1,2,0.5,0.6534653465346535,0.991923634652505,6.0,No aggregate reversal under this configuration.,1135
s1057,0.006039501541728285,1,4,1,4,0.25,0.8712871287128713,1.0,8.25,No aggregate reversal under this configuration.,1136
hdac6 inhibitor isox,0.0060409806420353455,8,30,8,30,0.26666666666666666,0.8316831683168316,1.0,7.666666666666667,No aggregate reversal under this configuration.,1137
BRD-K56411643,0.006093394420378553,3,11,3,11,0.2727272727272727,0.9108910891089109,1.0,6.0,No aggregate reversal under this configuration.,1138
BRD-K10649245,0.006142892665286472,1,2,1,2,0.5,0.8316831683168316,1.0,5.0,No aggregate reversal under this configuration.,1139
thiostrepton,0.0061716959410569655,0,2,0,2,0.0,0.6633663366336634,1.0,9.0,No aggregate reversal under this configuration.,1140
rs 17053 hydrochloride,0.006239733079603056,1,4,1,4,0.25,0.8712871287128713,1.0,6.0,No aggregate reversal under this configuration.,1141
BRD-A11087911,0.00625520522195311,1,3,1,3,0.3333333333333333,0.8316831683168316,1.0,5.0,No aggregate reversal under this configuration.,1142
minocycline hydrochloride,0.006335313649713541,0,1,0,1,0.0,0.8811881188118812,1.0,5.0,No aggregate reversal under this configuration.,1143
flufenamic acid,0.0063399047620340395,0,1,0,1,0.0,0.693069306930693,1.0,5.0,No aggregate reversal under this configuration.,1144
BRD-K06436323,0.006353031251729358,0,1,0,1,0.0,0.7227722772277227,1.0,6.0,No aggregate reversal under this configuration.,1145
BRD-K55612480,0.00636133393812433,0,1,0,1,0.0,0.6435643564356436,0.9854972777121157,8.0,No aggregate reversal under this configuration.,1146
BRD-K20000640,0.00637123545094009,0,2,0,2,0.0,0.7821782178217822,1.0,5.5,No aggregate reversal under this configuration.,1147
tripelennamine citrate,0.006392429005494514,0,1,0,1,0.0,0.6831683168316832,1.0,9.0,No aggregate reversal under this configuration.,1148
nsc 95397,0.006415778310745586,1,3,1,3,0.3333333333333333,0.801980198019802,1.0,8.0,No aggregate reversal under this configuration.,1149
kuc104135 kuc104135n,0.0065033173803772226,1,3,1,3,0.3333333333333333,0.7326732673267327,1.0,6.0,No aggregate reversal under this configuration.,1150
BRD-U68942961,0.006512563962807472,1,3,1,3,0.3333333333333333,0.8316831683168316,1.0,6.333333333333333,No aggregate reversal under this configuration.,1151
b4313,0.006537996322258842,0,5,0,5,0.0,0.7623762376237624,1.0,5.6,No aggregate reversal under this configuration.,1152
BRD-K93215584,0.006539731427179446,0,2,0,2,0.0,0.8910891089108911,1.0,6.0,No aggregate reversal under this configuration.,1153
BRD-K45044657,0.006611113290014613,0,1,0,1,0.0,0.6435643564356436,0.9854972777121157,5.0,No aggregate reversal under this configuration.,1154
puromycin hydrochloride,0.006677489896223142,3,8,3,8,0.375,0.9108910891089109,1.0,7.25,No aggregate reversal under this configuration.,1155
delta1-hydrocortisone 21-hemisuccinate,0.006680427957036049,0,2,0,2,0.0,0.7920792079207921,1.0,6.5,No aggregate reversal under this configuration.,1156
donepezil hydrochloride,0.006715053624892082,0,1,0,1,0.0,0.7722772277227723,1.0,6.0,No aggregate reversal under this configuration.,1157
pj 34 hydrochloride,0.006733773003329556,0,1,0,1,0.0,0.7920792079207921,1.0,7.0,No aggregate reversal under this configuration.,1158
tpl2,0.006769479148784901,0,2,0,2,0.0,0.801980198019802,1.0,5.5,No aggregate reversal under this configuration.,1159
BRD-K58479490,0.00677567189614059,0,1,0,1,0.0,0.7821782178217822,1.0,6.0,No aggregate reversal under this configuration.,1160
piplartine,0.006842213841453075,9,30,11,35,0.3,0.8910891089108911,1.0,7.514285714285714,No aggregate reversal under this configuration.,1161
ly 303511,0.006846185252804118,1,2,1,2,0.5,0.8712871287128713,1.0,5.0,No aggregate reversal under this configuration.,1162
BRD-K41859756,0.0069099772668617145,5,16,5,16,0.3125,0.9306930693069307,1.0,6.9375,No aggregate reversal under this configuration.,1163
BRD-K12393722,0.006990695668641252,0,1,0,1,0.0,0.7227722772277227,1.0,6.0,No aggregate reversal under this configuration.,1164
BRD-K92470030,0.007032003791603507,0,1,0,1,0.0,0.8316831683168316,1.0,5.0,No aggregate reversal under this configuration.,1165
BRD-K57080016,0.007042281087650419,6,16,6,16,0.375,0.9900990099009901,1.0,6.75,No aggregate reversal under this configuration.,1166
BRD-A47832959,0.007056633363570493,0,2,0,2,0.0,0.9405940594059405,1.0,5.0,No aggregate reversal under this configuration.,1167
rapamycin,0.007059656033970019,0,1,0,1,0.0,0.7029702970297029,1.0,5.0,No aggregate reversal under this configuration.,1168
itavastatin ca,0.007106874055601479,1,3,1,3,0.3333333333333333,0.8514851485148515,1.0,5.333333333333333,No aggregate reversal under this configuration.,1169
triflupromazine hydrochloride,0.007110456056662519,0,2,0,2,0.0,0.900990099009901,1.0,6.0,No aggregate reversal under this configuration.,1170
flutamide,0.007121940973011514,0,1,0,1,0.0,0.8118811881188119,1.0,8.0,No aggregate reversal under this configuration.,1171
ursolic acid,0.007375637649674459,1,4,1,4,0.25,0.8118811881188119,1.0,6.75,No aggregate reversal under this configuration.,1172
skatole,0.007387546198124285,1,2,1,2,0.5,0.8514851485148515,1.0,6.0,No aggregate reversal under this configuration.,1173
BRD-K58306044,0.007400315811055575,0,2,0,2,0.0,0.8118811881188119,1.0,6.0,No aggregate reversal under this configuration.,1174
BRD-K33116223,0.007422113469953062,0,1,0,1,0.0,0.7920792079207921,1.0,5.0,No aggregate reversal under this configuration.,1175
pd 198306,0.007426824810844495,0,3,0,3,0.0,0.8514851485148515,1.0,5.333333333333333,No aggregate reversal under this configuration.,1176
BRD-K56653679,0.0074299406642017165,2,6,2,6,0.3333333333333333,0.8811881188118812,1.0,8.5,No aggregate reversal under this configuration.,1177
ncgc00241357-01,0.007435857057561649,1,3,1,3,0.3333333333333333,0.8514851485148515,1.0,7.666666666666667,No aggregate reversal under this configuration.,1178
BRD-K03736784,0.007462092715526119,1,5,1,5,0.2,0.801980198019802,1.0,6.6,No aggregate reversal under this configuration.,1179
BRD-K77877933,0.007467114318174317,1,3,1,3,0.3333333333333333,0.7326732673267327,1.0,5.666666666666667,No aggregate reversal under this configuration.,1180
BRD-K04534322,0.00750009338801561,1,3,1,3,0.3333333333333333,0.8613861386138614,1.0,5.666666666666667,No aggregate reversal under this configuration.,1181
BRD-K49553303,0.007524145951494095,0,1,0,1,0.0,0.9108910891089109,1.0,5.0,No aggregate reversal under this configuration.,1182
BRD-K76042595,0.007566393339059948,0,1,0,1,0.0,0.7821782178217822,1.0,5.0,No aggregate reversal under this configuration.,1183
ncgc00181233-01,0.007570332094838419,0,1,0,1,0.0,0.8316831683168316,1.0,7.0,No aggregate reversal under this configuration.,1184
dg-041,0.007600797296293734,2,8,2,8,0.25,0.9306930693069307,1.0,6.75,No aggregate reversal under this configuration.,1185
zileuton,0.007612232776911407,0,1,0,1,0.0,0.8118811881188119,1.0,7.0,No aggregate reversal under this configuration.,1186
cercosporin,0.007617047934590282,2,7,2,7,0.2857142857142857,0.8217821782178217,1.0,8.142857142857142,No aggregate reversal under this configuration.,1187
BRD-K96076993,0.0076215351007398345,2,4,2,4,0.5,0.8118811881188119,1.0,6.25,No aggregate reversal under this configuration.,1188
peitc,0.007642100089868445,0,4,0,4,0.0,0.8712871287128713,1.0,5.5,No aggregate reversal under this configuration.,1189
hy-11004,0.007679608362878441,1,3,1,3,0.3333333333333333,0.9603960396039604,1.0,5.333333333333333,No aggregate reversal under this configuration.,1190
BRD-K31856043,0.007740201809430527,0,1,0,1,0.0,0.7821782178217822,1.0,5.0,No aggregate reversal under this configuration.,1191
felamidin,0.007751565046132641,0,1,0,1,0.0,0.7128712871287128,1.0,7.0,No aggregate reversal under this configuration.,1192
ncgc00242335-01,0.0077898666962901335,2,4,2,4,0.5,0.8316831683168316,1.0,5.75,No aggregate reversal under this configuration.,1193
ncgc00181801-01,0.007817185213574275,0,1,0,1,0.0,0.7920792079207921,1.0,9.0,No aggregate reversal under this configuration.,1194
BRD-K57732441,0.007821345774917002,0,1,0,1,0.0,0.8316831683168316,1.0,5.0,No aggregate reversal under this configuration.,1195
perhexiline maleate,0.007874496815969138,4,19,4,19,0.21052631578947367,0.9603960396039604,1.0,6.842105263157895,No aggregate reversal under this configuration.,1196
bjm-ctd2-9,0.007892891486216047,8,23,8,23,0.34782608695652173,0.8514851485148515,1.0,7.391304347826087,No aggregate reversal under this configuration.,1197
BRD-K45818044,0.00790534770133676,0,1,0,1,0.0,0.7821782178217822,1.0,6.0,No aggregate reversal under this configuration.,1198
5-azacytidine,0.007979629831381646,1,3,1,3,0.3333333333333333,0.801980198019802,1.0,7.0,No aggregate reversal under this configuration.,1199
BRD-K04853698,0.008016950809434728,6,18,6,18,0.3333333333333333,0.8514851485148515,1.0,6.277777777777778,No aggregate reversal under this configuration.,1200
dihydroergocristine,0.008045058174757553,0,1,0,1,0.0,0.7227722772277227,1.0,6.0,No aggregate reversal under this configuration.,1201
BRD-K89224880,0.008047747479434854,0,2,0,2,0.0,0.7722772277227723,1.0,5.5,No aggregate reversal under this configuration.,1202
"15-deoxy-?12,14-prostaglandin j2",0.008067051447711839,4,14,4,14,0.2857142857142857,0.9702970297029703,1.0,6.642857142857143,No aggregate reversal under this configuration.,1203
BRD-K60870698,0.008077602458400094,1,9,1,9,0.1111111111111111,0.8316831683168316,1.0,7.444444444444445,No aggregate reversal under this configuration.,1204
ci 976,0.008082161764683092,1,3,1,3,0.3333333333333333,0.900990099009901,1.0,6.0,No aggregate reversal under this configuration.,1205
BRD-K74486276,0.008100643876709135,1,2,1,2,0.5,0.9108910891089109,1.0,5.0,No aggregate reversal under this configuration.,1206
7b-cis,0.008131188589357071,2,11,2,11,0.18181818181818182,0.9207920792079208,1.0,6.545454545454546,No aggregate reversal under this configuration.,1207
helveticoside,0.008146175032825487,3,8,3,8,0.375,0.9207920792079208,1.0,7.375,No aggregate reversal under this configuration.,1208
niguldipine,0.008192265902436938,0,1,0,1,0.0,0.7821782178217822,1.0,7.0,No aggregate reversal under this configuration.,1209
ncgc00241435-01,0.00821970768182048,0,1,0,1,0.0,0.7326732673267327,1.0,10.0,No aggregate reversal under this configuration.,1210
pha 665752,0.00828030727051944,0,1,0,1,0.0,0.7128712871287128,1.0,9.0,No aggregate reversal under this configuration.,1211
ncgc00185090-03,0.008303850532047432,1,3,1,3,0.3333333333333333,0.7524752475247525,1.0,9.666666666666666,No aggregate reversal under this configuration.,1212
BRD-K19540840,0.00830571865739029,0,1,0,1,0.0,0.8316831683168316,1.0,5.0,No aggregate reversal under this configuration.,1213
arcyriaflavin a,0.008342903840474,0,1,0,1,0.0,0.8712871287128713,1.0,6.0,No aggregate reversal under this configuration.,1214
amlodipine besylate,0.008362545033367483,1,4,1,4,0.25,0.9405940594059405,1.0,5.5,No aggregate reversal under this configuration.,1215
BRD-K81609421,0.008369558883886226,0,1,0,1,0.0,0.9207920792079208,1.0,5.0,No aggregate reversal under this configuration.,1216
ag 592,0.008415112937785334,1,3,1,3,0.3333333333333333,0.8415841584158416,1.0,6.666666666666667,No aggregate reversal under this configuration.,1217
abt-751,0.008433023443813964,2,6,2,6,0.3333333333333333,1.0,1.0,6.333333333333333,No aggregate reversal under this configuration.,1218
s1142,0.008436272513409494,1,2,1,2,0.5,0.8712871287128713,1.0,5.0,No aggregate reversal under this configuration.,1219
qs 11,0.00846414629010114,1,5,1,5,0.2,0.9306930693069307,1.0,5.6,No aggregate reversal under this configuration.,1220
BRD-U73238814,0.00852690463972193,0,1,0,1,0.0,0.8217821782178217,1.0,6.0,No aggregate reversal under this configuration.,1221
lomatin,0.008551226739755498,0,1,0,1,0.0,0.8514851485148515,1.0,5.0,No aggregate reversal under this configuration.,1222
tl hras26 brd-k01877528,0.008595502121150057,4,11,4,11,0.36363636363636365,0.9207920792079208,1.0,6.181818181818182,No aggregate reversal under this configuration.,1223
bl-010,0.008609751468106643,0,1,0,1,0.0,0.8811881188118812,1.0,7.0,No aggregate reversal under this configuration.,1224
paroxetine hydrochloride,0.008694287520538814,1,4,1,4,0.25,0.9405940594059405,1.0,6.25,No aggregate reversal under this configuration.,1225
importazole,0.008695867550801156,8,25,8,25,0.32,0.9504950495049505,1.0,7.96,No aggregate reversal under this configuration.,1226
BRD-K58214070,0.008729620786257681,1,2,1,2,0.5,0.8118811881188119,1.0,6.0,No aggregate reversal under this configuration.,1227
moban,0.008774712740037927,0,1,0,1,0.0,0.8316831683168316,1.0,7.0,No aggregate reversal under this configuration.,1228
rs 39604 hydrochloride,0.008784446435664017,0,1,0,1,0.0,0.8910891089108911,1.0,5.0,No aggregate reversal under this configuration.,1229
mdm2 inhibitor,0.00880956656650831,0,1,0,1,0.0,0.8415841584158416,1.0,6.0,No aggregate reversal under this configuration.,1230
mdl-28170,0.008822460605491071,0,1,0,1,0.0,0.900990099009901,1.0,6.0,No aggregate reversal under this configuration.,1231
nelfinavir,0.008835762357293367,0,1,0,1,0.0,0.8316831683168316,1.0,5.0,No aggregate reversal under this configuration.,1232
BRD-A41250203,0.008952865983182637,0,3,0,3,0.0,0.8118811881188119,1.0,8.0,No aggregate reversal under this configuration.,1233
mw-a1-12,0.008980074121982245,4,14,4,14,0.2857142857142857,0.9603960396039604,1.0,6.5,No aggregate reversal under this configuration.,1234
BRD-K37150847,0.00898226719942025,0,1,0,1,0.0,0.8316831683168316,1.0,7.0,No aggregate reversal under this configuration.,1235
tetrindole mesylate,0.009007393031321965,1,4,1,4,0.25,0.900990099009901,1.0,6.0,No aggregate reversal under this configuration.,1236
ncgc00182364-01,0.009050319101853901,0,2,0,2,0.0,0.8514851485148515,1.0,5.5,No aggregate reversal under this configuration.,1237
BRD-K60070073,0.009110668939803434,0,1,0,1,0.0,0.8613861386138614,1.0,7.0,No aggregate reversal under this configuration.,1238
BRD-K00317371,0.009116961511746485,0,6,0,6,0.0,0.9702970297029703,1.0,8.0,No aggregate reversal under this configuration.,1239
flurandrenolide,0.009129332786068945,1,3,1,4,0.3333333333333333,0.8811881188118812,1.0,5.75,No aggregate reversal under this configuration.,1240
hy-10159,0.009177807221089011,1,3,1,3,0.3333333333333333,0.8118811881188119,1.0,8.333333333333334,No aggregate reversal under this configuration.,1241
narciclasine,0.009193771121251812,11,38,11,38,0.2894736842105263,0.7722772277227723,1.0,8.789473684210526,No aggregate reversal under this configuration.,1242
z-leu3-vs,0.009194775012841544,1,4,1,4,0.25,0.900990099009901,1.0,6.25,No aggregate reversal under this configuration.,1243
BRD-A62809825,0.009371376554406992,1,4,1,4,0.25,0.8910891089108911,1.0,7.0,No aggregate reversal under this configuration.,1244
jfd02227,0.009378038031656226,0,1,0,1,0.0,0.6831683168316832,1.0,6.0,No aggregate reversal under this configuration.,1245
fluspirilen,0.009404906470756983,0,1,0,1,0.0,0.7920792079207921,1.0,7.0,No aggregate reversal under this configuration.,1246
ym-155,0.009418049734790691,7,20,7,20,0.35,0.8910891089108911,1.0,7.1,No aggregate reversal under this configuration.,1247
bay 11-7821,0.009428082071677564,1,7,1,7,0.14285714285714285,0.9108910891089109,1.0,6.0,No aggregate reversal under this configuration.,1248
cytarabine,0.00946961015963907,0,1,0,1,0.0,0.8910891089108911,1.0,5.0,No aggregate reversal under this configuration.,1249
cot-10b,0.009527702687365403,3,25,3,25,0.12,0.9603960396039604,1.0,7.0,No aggregate reversal under this configuration.,1250
homosalate,0.00953342921146693,0,1,0,1,0.0,0.900990099009901,1.0,5.0,No aggregate reversal under this configuration.,1251
vu0418939-2,0.009557481994854409,2,7,2,7,0.2857142857142857,0.9108910891089109,1.0,7.0,No aggregate reversal under this configuration.,1252
BRD-A76641868,0.009558972745682744,0,1,0,1,0.0,0.9504950495049505,1.0,5.0,No aggregate reversal under this configuration.,1253
fluocinonide,0.009566955076706138,0,2,0,2,0.0,0.8613861386138614,1.0,7.0,No aggregate reversal under this configuration.,1254
n-formylmethionylalanine,0.009592410837737594,0,1,0,1,0.0,0.9306930693069307,1.0,5.0,No aggregate reversal under this configuration.,1255
c-1,0.009626656286177905,0,1,0,1,0.0,0.9108910891089109,1.0,6.0,No aggregate reversal under this configuration.,1256
menadione,0.009675216992708425,1,6,2,9,0.16666666666666666,0.9504950495049505,1.0,7.444444444444445,No aggregate reversal under this configuration.,1257
chaetocin,0.009714041141511087,7,21,7,21,0.3333333333333333,0.9801980198019802,1.0,8.0,No aggregate reversal under this configuration.,1258
trimipramine maleate salt,0.009722820437386741,0,1,0,1,0.0,0.7722772277227723,1.0,6.0,No aggregate reversal under this configuration.,1259
gr 127935 hydrochloride,0.009745667586001946,1,2,1,2,0.5,0.8613861386138614,1.0,7.0,No aggregate reversal under this configuration.,1260
BRD-K98834634,0.009883817193367447,0,1,0,1,0.0,0.8613861386138614,1.0,5.0,No aggregate reversal under this configuration.,1261
vu0418947-2,0.009885223696941026,1,6,1,6,0.16666666666666666,0.8415841584158416,1.0,6.0,No aggregate reversal under this configuration.,1262
pimozide,0.00992099222352395,0,1,0,1,0.0,0.8514851485148515,1.0,11.0,No aggregate reversal under this configuration.,1263
danazol,0.009936292270719654,0,3,0,3,0.0,0.8910891089108911,1.0,6.333333333333333,No aggregate reversal under this configuration.,1264
nsc 632839 hydrochloride,0.00996082411921034,1,7,1,7,0.14285714285714285,0.8514851485148515,1.0,7.428571428571429,No aggregate reversal under this configuration.,1265
dm-55-3 brd-k81592585,0.009996327456033271,0,1,0,1,0.0,0.9108910891089109,1.0,7.0,No aggregate reversal under this configuration.,1266
ncgc00241726-01,0.010001155014968548,0,1,0,1,0.0,0.7623762376237624,1.0,7.0,No aggregate reversal under this configuration.,1267
methylprednisolone,0.010004451002470799,0,1,0,1,0.0,0.8613861386138614,1.0,6.0,No aggregate reversal under this configuration.,1268
nnc 26-9100,0.01002437767222154,0,1,0,1,0.0,0.8415841584158416,1.0,5.0,No aggregate reversal under this configuration.,1269
BRD-K06765193,0.010069221644388544,1,3,1,3,0.3333333333333333,0.9207920792079208,1.0,5.333333333333333,No aggregate reversal under this configuration.,1270
gw 583340 dihydrochloride,0.010089938502848748,0,1,0,1,0.0,0.9108910891089109,1.0,7.0,No aggregate reversal under this configuration.,1271
BRD-K52321331,0.010103859600429942,1,4,1,4,0.25,0.8217821782178217,1.0,6.0,No aggregate reversal under this configuration.,1272
hy-10161,0.0101219406788637,0,1,0,1,0.0,0.7821782178217822,1.0,5.0,No aggregate reversal under this configuration.,1273
bumetanide,0.010160647229167818,0,1,0,1,0.0,0.8217821782178217,1.0,5.0,No aggregate reversal under this configuration.,1274
pp 1,0.010161032814815535,2,6,2,6,0.3333333333333333,0.9702970297029703,1.0,6.166666666666667,No aggregate reversal under this configuration.,1275
rosuvastatin calcium,0.010204052796298706,0,2,0,2,0.0,0.9603960396039604,1.0,5.5,No aggregate reversal under this configuration.,1276
"l-690,330",0.01020866445118531,1,5,1,5,0.2,0.9900990099009901,1.0,5.6,No aggregate reversal under this configuration.,1277
ncgc00241077-01,0.010209648604781999,0,3,0,3,0.0,0.8514851485148515,1.0,7.0,No aggregate reversal under this configuration.,1278
k784-3188,0.010224711975191139,1,6,1,8,0.16666666666666666,0.9405940594059405,1.0,6.125,No aggregate reversal under this configuration.,1279
cjd-fun-4-2,0.01028167011510251,0,1,0,1,0.0,0.9603960396039604,1.0,5.0,No aggregate reversal under this configuration.,1280
irinotecan hydrochloride trihydrate,0.010286207998981497,1,5,2,6,0.2,0.8910891089108911,1.0,8.333333333333334,No aggregate reversal under this configuration.,1281
BRD-K64642496,0.010318581152032179,0,6,0,6,0.0,0.9504950495049505,1.0,6.166666666666667,No aggregate reversal under this configuration.,1282
BRD-K74761218,0.010328852584247011,2,6,2,6,0.3333333333333333,0.9405940594059405,1.0,7.166666666666667,No aggregate reversal under this configuration.,1283
rottlerin,0.010374030077514126,0,2,0,2,0.0,0.8910891089108911,1.0,6.5,No aggregate reversal under this configuration.,1284
sertraline hydrochloride,0.01038071858821977,0,1,0,1,0.0,0.9207920792079208,1.0,7.0,No aggregate reversal under this configuration.,1285
fccp,0.010414688690821391,3,8,3,8,0.375,1.0,1.0,5.75,No aggregate reversal under this configuration.,1286
pyrvinium pamoate,0.010439043609570079,0,1,0,1,0.0,0.8910891089108911,1.0,5.0,No aggregate reversal under this configuration.,1287
hki-272,0.01046646750015598,2,7,2,7,0.2857142857142857,0.9801980198019802,1.0,5.714285714285714,No aggregate reversal under this configuration.,1288
methotrexate,0.010470260467171288,0,1,0,1,0.0,0.8514851485148515,1.0,5.0,No aggregate reversal under this configuration.,1289
BRD-K96072942,0.010475705844707948,0,1,0,1,0.0,0.8514851485148515,1.0,5.0,No aggregate reversal under this configuration.,1290
BRD-K94325918,0.010488074401783835,3,8,3,8,0.375,0.9801980198019802,1.0,6.5,No aggregate reversal under this configuration.,1291
carvedilol,0.010554086846931068,0,1,0,1,0.0,0.8613861386138614,1.0,6.0,No aggregate reversal under this configuration.,1292
src kinase inhibitor ii,0.01055922298394631,0,1,0,1,0.0,0.8415841584158416,1.0,6.0,No aggregate reversal under this configuration.,1293
BRD-K26664453,0.010632990117891969,1,5,1,5,0.2,0.9504950495049505,1.0,7.2,No aggregate reversal under this configuration.,1294
fluorometholone,0.010640591335816792,0,1,0,1,0.0,0.8613861386138614,1.0,6.0,No aggregate reversal under this configuration.,1295
malonoben,0.010659220031083997,2,6,2,6,0.3333333333333333,0.9801980198019802,1.0,6.166666666666667,No aggregate reversal under this configuration.,1296
r406,0.010665291498390376,1,5,1,5,0.2,0.9801980198019802,1.0,7.2,No aggregate reversal under this configuration.,1297
mln2238,0.01067923389820277,4,26,4,26,0.15384615384615385,0.9702970297029703,1.0,6.384615384615385,No aggregate reversal under this configuration.,1298
emd 386088 hydrochloride,0.010683698735281948,0,1,0,1,0.0,0.900990099009901,1.0,5.0,No aggregate reversal under this configuration.,1299
am-251,0.010757904696692121,0,1,0,1,0.0,0.9108910891089109,1.0,6.0,No aggregate reversal under this configuration.,1300
BRD-K20492338,0.010783984866571075,0,1,0,1,0.0,0.8514851485148515,1.0,5.0,No aggregate reversal under this configuration.,1301
BRD-K11663430,0.010786743555670494,0,2,0,2,0.0,0.9306930693069307,1.0,7.0,No aggregate reversal under this configuration.,1302
BRD-K36038115,0.010798726942876966,0,1,0,1,0.0,0.9207920792079208,1.0,6.0,No aggregate reversal under this configuration.,1303
ncgc00167398-02,0.010811586503054726,0,5,0,5,0.0,0.9108910891089109,1.0,6.6,No aggregate reversal under this configuration.,1304
(e)-capsaicin,0.010832475545045047,0,1,0,1,0.0,0.8712871287128713,1.0,5.0,No aggregate reversal under this configuration.,1305
BRD-K78373679,0.010875556902598615,0,1,0,1,0.0,0.900990099009901,1.0,6.0,No aggregate reversal under this configuration.,1306
BRD-K34508425,0.010882731039450286,0,1,0,1,0.0,0.8910891089108911,1.0,5.0,No aggregate reversal under this configuration.,1307
BRD-K97701319,0.010895643307965712,0,1,0,1,0.0,0.801980198019802,1.0,7.0,No aggregate reversal under this configuration.,1308
np-009169,0.010903223312098392,1,3,1,3,0.3333333333333333,0.8712871287128713,1.0,5.666666666666667,No aggregate reversal under this configuration.,1309
BRD-K94991378,0.010908427610166934,0,1,0,1,0.0,0.9306930693069307,1.0,5.0,No aggregate reversal under this configuration.,1310
arp 101,0.010941182032168116,2,8,2,11,0.25,0.9207920792079208,1.0,7.2727272727272725,No aggregate reversal under this configuration.,1311
api-2,0.010954129008112014,2,6,2,6,0.3333333333333333,0.9900990099009901,1.0,6.166666666666667,No aggregate reversal under this configuration.,1312
BRD-A59145032,0.01098070042218648,0,1,0,1,0.0,0.8316831683168316,1.0,7.0,No aggregate reversal under this configuration.,1313
clobetasol propionate,0.011052582005795609,1,3,1,4,0.3333333333333333,0.9306930693069307,1.0,6.25,No aggregate reversal under this configuration.,1314
BRD-A68065211,0.011065060568252358,1,6,1,6,0.16666666666666666,0.9603960396039604,1.0,6.333333333333333,No aggregate reversal under this configuration.,1315
brazilin,0.011155454475638676,1,5,1,5,0.2,0.9405940594059405,1.0,5.2,No aggregate reversal under this configuration.,1316
anisomycin,0.011187815403307957,4,14,4,14,0.2857142857142857,0.8415841584158416,1.0,8.285714285714286,No aggregate reversal under this configuration.,1317
s1039,0.011212305061079484,0,1,0,1,0.0,0.8811881188118812,1.0,5.0,No aggregate reversal under this configuration.,1318
ag 957,0.011244369073315174,1,3,1,3,0.3333333333333333,0.9504950495049505,1.0,6.333333333333333,No aggregate reversal under this configuration.,1319
pd 407824,0.01124604224864969,0,4,0,4,0.0,0.9306930693069307,1.0,5.75,No aggregate reversal under this configuration.,1320
BRD-K33045404,0.011281882559472767,0,1,0,1,0.0,0.8415841584158416,1.0,8.0,No aggregate reversal under this configuration.,1321
BRD-K70917163,0.01132327599984414,0,1,0,1,0.0,0.8910891089108911,1.0,7.0,No aggregate reversal under this configuration.,1322
parthenolide,0.01132505867649784,7,31,8,33,0.22580645161290322,1.0,1.0,6.666666666666667,No aggregate reversal under this configuration.,1323
beclomethasone,0.011325534063123135,0,2,0,2,0.0,0.9702970297029703,1.0,5.5,No aggregate reversal under this configuration.,1324
ranitidine hydrochloride,0.01133641467079991,0,1,0,1,0.0,0.7920792079207921,1.0,6.0,No aggregate reversal under this configuration.,1325
"l-690,488",0.011344393197131191,1,7,1,7,0.14285714285714285,0.9900990099009901,1.0,5.857142857142857,No aggregate reversal under this configuration.,1326
b675700.cdx,0.011445243911260717,3,25,3,25,0.12,0.9900990099009901,1.0,6.4,No aggregate reversal under this configuration.,1327
BRD-K40373196,0.011445578512123094,0,5,0,5,0.0,0.9306930693069307,1.0,5.8,No aggregate reversal under this configuration.,1328
BRD-K97764662,0.011503454416483663,0,1,0,1,0.0,0.8316831683168316,1.0,5.0,No aggregate reversal under this configuration.,1329
BRD-A25337146,0.011612172729748777,0,2,0,2,0.0,0.900990099009901,1.0,5.0,No aggregate reversal under this configuration.,1330
BRD-K18163752,0.011659502676209847,0,3,0,3,0.0,0.9702970297029703,1.0,5.333333333333333,No aggregate reversal under this configuration.,1331
"cp 55,940",0.01170474753769622,0,1,0,1,0.0,0.9504950495049505,1.0,5.0,No aggregate reversal under this configuration.,1332
amcinonide,0.011730856651171814,1,2,1,2,0.5,0.9405940594059405,1.0,7.0,No aggregate reversal under this configuration.,1333
BRD-A18725729,0.011809710345196504,0,3,0,3,0.0,0.9405940594059405,1.0,6.0,No aggregate reversal under this configuration.,1334
BRD-K82732294,0.011895023137214817,2,6,2,6,0.3333333333333333,0.9900990099009901,1.0,7.333333333333333,No aggregate reversal under this configuration.,1335
pdgf receptor tyrosine kinase inhibitor i,0.011974982937094446,0,1,0,1,0.0,0.9108910891089109,1.0,5.0,No aggregate reversal under this configuration.,1336
BRD-K13665914,0.011977925244697984,0,1,0,1,0.0,0.8415841584158416,1.0,5.0,No aggregate reversal under this configuration.,1337
st056792,0.011988603361412373,1,4,1,4,0.25,0.9108910891089109,1.0,7.75,No aggregate reversal under this configuration.,1338
bithionate sodium,0.012004698807881478,1,2,1,2,0.5,0.9504950495049505,1.0,5.5,No aggregate reversal under this configuration.,1339
mammea a/ba + a/bb,0.01202138875370488,0,1,0,1,0.0,0.9603960396039604,1.0,5.0,No aggregate reversal under this configuration.,1340
indirubin-3?-monoxime,0.012054165787043164,0,1,0,1,0.0,0.8712871287128713,1.0,8.0,No aggregate reversal under this configuration.,1341
BRD-K52075040,0.012128014291563776,5,18,5,18,0.2777777777777778,0.9801980198019802,1.0,6.944444444444445,No aggregate reversal under this configuration.,1342
amitriptyline hydrochloride,0.012178346133014193,0,1,0,1,0.0,0.900990099009901,1.0,5.0,No aggregate reversal under this configuration.,1343
ei-346,0.012256874339208702,1,6,1,6,0.16666666666666666,0.9900990099009901,1.0,7.0,No aggregate reversal under this configuration.,1344
puromycin dihydrochloride,0.012268857516441597,2,5,2,5,0.4,0.9108910891089109,1.0,7.8,No aggregate reversal under this configuration.,1345
BRD-A83124583,0.012360599308078726,0,1,0,1,0.0,0.801980198019802,1.0,10.0,No aggregate reversal under this configuration.,1346
BRD-A81282034,0.012373522194243626,0,1,0,1,0.0,0.8217821782178217,1.0,8.0,No aggregate reversal under this configuration.,1347
salermide,0.012402943520960594,5,20,5,20,0.25,0.9504950495049505,1.0,6.1,No aggregate reversal under this configuration.,1348
15-delta prostaglandin j2,0.01241797659576429,0,3,0,3,0.0,0.9306930693069307,1.0,5.666666666666667,No aggregate reversal under this configuration.,1349
rottlerin ncgc00025228-11,0.012447610391581626,1,10,1,10,0.1,0.9801980198019802,1.0,6.8,No aggregate reversal under this configuration.,1350
ncgc00181799-01,0.012464126319965178,0,1,0,1,0.0,0.9504950495049505,1.0,7.0,No aggregate reversal under this configuration.,1351
ro 28-1675 ?,0.012488973711841985,4,14,4,14,0.2857142857142857,0.9702970297029703,1.0,7.142857142857143,No aggregate reversal under this configuration.,1352
BRD-K25690923,0.012498424582584631,0,1,0,1,0.0,0.8118811881188119,1.0,6.0,No aggregate reversal under this configuration.,1353
ncgc00188740-01,0.012499387283700151,0,2,0,2,0.0,0.9306930693069307,1.0,6.0,No aggregate reversal under this configuration.,1354
px12,0.012527178976269558,2,10,2,10,0.2,0.9702970297029703,1.0,8.8,No aggregate reversal under this configuration.,1355
ag-879,0.012581876851825113,0,3,0,3,0.0,0.9702970297029703,1.0,5.0,No aggregate reversal under this configuration.,1356
oxindole i,0.012703305288463255,0,1,0,1,0.0,0.8613861386138614,1.0,8.0,No aggregate reversal under this configuration.,1357
fk506,0.012748951533591003,1,4,1,4,0.25,0.9801980198019802,1.0,5.25,No aggregate reversal under this configuration.,1358
nonoxynol-9,0.012767990015408112,0,3,0,3,0.0,0.9801980198019802,1.0,5.0,No aggregate reversal under this configuration.,1359
tiaprofenic acid,0.01282299881970228,0,1,0,1,0.0,0.9504950495049505,1.0,5.0,No aggregate reversal under this configuration.,1360
raf1 kinase inhibitor i,0.01285285352257217,0,1,0,1,0.0,0.9504950495049505,1.0,6.0,No aggregate reversal under this configuration.,1361
pf3845,0.012884304603493137,0,1,0,1,0.0,0.8811881188118812,1.0,5.0,No aggregate reversal under this configuration.,1362
BRD-K75308990,0.012891045969005133,0,1,0,1,0.0,0.9306930693069307,1.0,5.0,No aggregate reversal under this configuration.,1363
triprolidine hydrochloride,0.012933596550809388,0,1,0,1,0.0,0.900990099009901,1.0,5.0,No aggregate reversal under this configuration.,1364
BRD-K05153001,0.013004577634581472,0,4,0,4,0.0,0.9504950495049505,1.0,7.25,No aggregate reversal under this configuration.,1365
cyclopiazonic acid,0.013058938263749261,0,1,0,1,0.0,0.9504950495049505,1.0,6.0,No aggregate reversal under this configuration.,1366
BRD-A68061604,0.0130739040864314,0,1,0,1,0.0,0.9702970297029703,1.0,8.0,No aggregate reversal under this configuration.,1367
fenobam,0.01310213177294054,0,1,0,1,0.0,0.8415841584158416,1.0,9.0,No aggregate reversal under this configuration.,1368
niguldipine hydrochloride,0.013146552026617296,1,6,1,6,0.16666666666666666,1.0,1.0,6.333333333333333,No aggregate reversal under this configuration.,1369
mls-0437633.0003,0.013154366981020025,0,2,0,2,0.0,0.9801980198019802,1.0,8.0,No aggregate reversal under this configuration.,1370
prednisolone hemisuccinate,0.013260784667192143,0,2,0,2,0.0,0.9504950495049505,1.0,5.0,No aggregate reversal under this configuration.,1371
BRD-K64517075,0.013308419215961678,0,3,0,3,0.0,0.9108910891089109,1.0,10.0,No aggregate reversal under this configuration.,1372
rg 108,0.013331787133267575,0,1,0,1,0.0,0.900990099009901,1.0,6.0,No aggregate reversal under this configuration.,1373
BRD-K21672423,0.013343983360130637,0,1,0,1,0.0,0.8910891089108911,1.0,6.0,No aggregate reversal under this configuration.,1374
bw 723c86 hydrochloride,0.01336675252301588,0,1,0,1,0.0,0.9900990099009901,1.0,6.0,No aggregate reversal under this configuration.,1375
ncgc00182371-01,0.01340721654697009,0,5,0,5,0.0,0.9504950495049505,1.0,6.0,No aggregate reversal under this configuration.,1376
nnc 55-0396 dihydrochloride,0.01341952354831796,0,3,0,3,0.0,0.9108910891089109,1.0,7.0,No aggregate reversal under this configuration.,1377
flumethasone,0.013439929807804223,0,2,0,2,0.0,0.9306930693069307,1.0,8.0,No aggregate reversal under this configuration.,1378
BRD-K48803730,0.013477011283362749,0,1,0,1,0.0,0.9108910891089109,1.0,5.0,No aggregate reversal under this configuration.,1379
ncgc00188536-01,0.013486798734116366,0,4,0,4,0.0,0.9405940594059405,1.0,6.75,No aggregate reversal under this configuration.,1380
arg-a1-2 brd-k39580048,0.013506808538429255,0,1,0,1,0.0,0.7920792079207921,1.0,10.0,No aggregate reversal under this configuration.,1381
t5247673,0.013513890081568274,0,1,0,1,0.0,0.8910891089108911,1.0,5.0,No aggregate reversal under this configuration.,1382
isoliquiritigenin,0.013530367082599496,0,3,0,3,0.0,0.9900990099009901,1.0,5.333333333333333,No aggregate reversal under this configuration.,1383
BRD-K96083840,0.01359655788111906,0,1,0,1,0.0,0.9900990099009901,1.0,5.0,No aggregate reversal under this configuration.,1384
simvastatin,0.013615753567575979,0,3,0,3,0.0,0.9801980198019802,1.0,5.333333333333333,No aggregate reversal under this configuration.,1385
ncgc00188700-01,0.01365538072243793,0,1,0,1,0.0,0.9306930693069307,1.0,5.0,No aggregate reversal under this configuration.,1386
s1175,0.013673833881875628,0,2,0,2,0.0,0.9702970297029703,1.0,7.0,No aggregate reversal under this configuration.,1387
"nf-kb activation inhibitor ii, jsh-23",0.01372282455019571,0,1,0,1,0.0,0.9504950495049505,1.0,5.0,No aggregate reversal under this configuration.,1388
cinanserin hydrochloride,0.013820372381006168,0,1,0,1,0.0,0.8910891089108911,1.0,5.0,No aggregate reversal under this configuration.,1389
p0030,0.01384155724859153,0,6,0,6,0.0,1.0,1.0,6.666666666666667,No aggregate reversal under this configuration.,1390
chemistry 2804,0.01386133830355187,4,29,4,29,0.13793103448275862,0.9504950495049505,1.0,7.379310344827586,No aggregate reversal under this configuration.,1391
BRD-K86899078,0.013962860979225413,0,1,0,1,0.0,0.8811881188118812,1.0,6.0,No aggregate reversal under this configuration.,1392
BRD-K69852452,0.014020072402691416,1,12,1,17,0.08333333333333333,0.9603960396039604,1.0,5.9411764705882355,No aggregate reversal under this configuration.,1393
purvalanol a,0.01403598526105499,2,6,2,6,0.3333333333333333,0.9801980198019802,1.0,6.833333333333333,No aggregate reversal under this configuration.,1394
verteporfin,0.014042275309277184,0,1,0,1,0.0,0.8712871287128713,1.0,6.0,No aggregate reversal under this configuration.,1395
m9948,0.014042290925181576,1,3,1,3,0.3333333333333333,0.9801980198019802,1.0,5.666666666666667,No aggregate reversal under this configuration.,1396
BRD-K50234570,0.014053099947787313,1,7,1,8,0.14285714285714285,0.9801980198019802,1.0,5.75,No aggregate reversal under this configuration.,1397
cgp 37157,0.01412595836023048,0,1,0,1,0.0,0.8316831683168316,1.0,7.0,No aggregate reversal under this configuration.,1398
clocortolone pivalate,0.014137049161790977,0,2,0,2,0.0,0.9405940594059405,1.0,7.0,No aggregate reversal under this configuration.,1399
colforsin,0.014177545198756261,0,1,0,1,0.0,0.900990099009901,1.0,6.0,No aggregate reversal under this configuration.,1400
BRD-A63583287,0.014233475261508659,1,3,1,3,0.3333333333333333,0.9306930693069307,1.0,6.333333333333333,No aggregate reversal under this configuration.,1401
BRD-K08463963,0.014249390985111084,0,2,0,2,0.0,0.9801980198019802,1.0,6.0,No aggregate reversal under this configuration.,1402
BRD-K07023879,0.014262370592227479,0,1,0,1,0.0,0.8910891089108911,1.0,5.0,No aggregate reversal under this configuration.,1403
BRD-U32365159,0.014319483774197568,0,1,0,1,0.0,0.9900990099009901,1.0,5.0,No aggregate reversal under this configuration.,1404
pifithrin- ?,0.014338141379932803,5,13,5,13,0.38461538461538464,0.9900990099009901,1.0,6.3076923076923075,No aggregate reversal under this configuration.,1405
BRD-K92317137,0.014381979531582906,6,35,8,41,0.17142857142857143,0.9702970297029703,1.0,7.341463414634147,No aggregate reversal under this configuration.,1406
mw-ras12,0.014450078500059287,2,13,2,14,0.15384615384615385,0.9801980198019802,1.0,7.357142857142857,No aggregate reversal under this configuration.,1407
chlorpromazine,0.014538938689029557,0,1,0,1,0.0,0.9504950495049505,1.0,6.0,No aggregate reversal under this configuration.,1408
ipratropium bromide,0.014559542221660783,0,1,0,1,0.0,0.8811881188118812,1.0,11.0,No aggregate reversal under this configuration.,1409
pp 2,0.01456925658929219,1,4,1,4,0.25,1.0,1.0,6.75,No aggregate reversal under this configuration.,1410
trifluoperazine dihydrochloride,0.014571840297555906,2,5,2,5,0.4,1.0,1.0,5.4,No aggregate reversal under this configuration.,1411
rizatriptan benzoate,0.014600785135887698,0,1,0,1,0.0,0.9405940594059405,1.0,5.0,No aggregate reversal under this configuration.,1412
BRD-A50774520,0.01466949130189902,0,3,0,3,0.0,0.9702970297029703,1.0,6.333333333333333,No aggregate reversal under this configuration.,1413
2-chloro-7-methoxyphenothiazine,0.01470017450447497,0,1,0,1,0.0,0.9108910891089109,1.0,12.0,No aggregate reversal under this configuration.,1414
"fluphenazine-n-2-chloroethane, dihydrochloride",0.014725591713222977,0,1,0,1,0.0,0.9504950495049505,1.0,6.0,No aggregate reversal under this configuration.,1415
BRD-K03371390,0.01475902458502443,0,1,0,1,0.0,0.9801980198019802,1.0,6.0,No aggregate reversal under this configuration.,1416
BRD-K19295594,0.014790583559284112,1,4,1,4,0.25,0.9801980198019802,1.0,8.5,No aggregate reversal under this configuration.,1417
BRD-K45205755,0.014953584930360881,0,1,0,1,0.0,0.9207920792079208,1.0,6.0,No aggregate reversal under this configuration.,1418
BRD-K88868628,0.014963042560692365,0,1,0,1,0.0,0.8415841584158416,1.0,8.0,No aggregate reversal under this configuration.,1419
BRD-K86574132,0.015049838523049613,1,11,1,11,0.09090909090909091,0.9900990099009901,1.0,6.2727272727272725,No aggregate reversal under this configuration.,1420
lde225 (nvp-lde225),0.015064425546548244,0,1,0,1,0.0,0.9306930693069307,1.0,6.0,No aggregate reversal under this configuration.,1421
BRD-K88569143,0.015280883474494043,0,1,0,1,0.0,0.9207920792079208,1.0,5.0,No aggregate reversal under this configuration.,1422
arachidonyl trifluoro-methyl ketone,0.015347794352500476,2,24,2,24,0.08333333333333333,0.9801980198019802,1.0,7.083333333333333,No aggregate reversal under this configuration.,1423
BRD-K43226598,0.015377667128109207,0,2,0,2,0.0,1.0,1.0,5.5,No aggregate reversal under this configuration.,1424
e6 berbamine,0.01539403225087525,0,1,0,1,0.0,0.9504950495049505,1.0,5.0,No aggregate reversal under this configuration.,1425
suloctidil,0.015456235020479318,1,4,1,4,0.25,0.9801980198019802,1.0,7.25,No aggregate reversal under this configuration.,1426
BRD-K41925105,0.015458245118300608,0,2,0,2,0.0,0.9801980198019802,1.0,6.0,No aggregate reversal under this configuration.,1427
vu0365121-1,0.015464679692131158,0,2,0,2,0.0,0.9504950495049505,1.0,8.5,No aggregate reversal under this configuration.,1428
imodium,0.01562605156953251,0,2,0,2,0.0,0.9207920792079208,1.0,9.0,No aggregate reversal under this configuration.,1429
curcubitacin i,0.015765492119035097,2,20,2,20,0.1,1.0,1.0,6.6,No aggregate reversal under this configuration.,1430
guggulsterone,0.01581182626465442,0,2,0,2,0.0,0.9900990099009901,1.0,5.5,No aggregate reversal under this configuration.,1431
ncgc00182378-01,0.015870773401597073,0,2,0,2,0.0,0.9801980198019802,1.0,6.5,No aggregate reversal under this configuration.,1432
retinoic acid,0.015904872005419596,0,2,0,2,0.0,0.9702970297029703,1.0,7.0,No aggregate reversal under this configuration.,1433
ct-200783,0.015905602700094622,1,20,1,20,0.05,0.9900990099009901,1.0,7.0,No aggregate reversal under this configuration.,1434
(-)-gallocatechin gallate,0.015950887961076708,0,2,0,2,0.0,0.9405940594059405,1.0,7.0,No aggregate reversal under this configuration.,1435
BRD-K77547920,0.015973996464284313,1,5,1,5,0.2,0.9702970297029703,1.0,6.4,No aggregate reversal under this configuration.,1436
BRD-K99633092,0.01602606330722381,0,4,0,4,0.0,0.9405940594059405,1.0,5.5,No aggregate reversal under this configuration.,1437
ncgc00188530-01,0.016188916667177977,0,3,0,3,0.0,0.9405940594059405,1.0,8.333333333333334,No aggregate reversal under this configuration.,1438
BRD-K37865504,0.016193341693205056,3,7,3,7,0.42857142857142855,1.0,1.0,7.571428571428571,No aggregate reversal under this configuration.,1439
mk 212,0.016222448867276584,0,1,0,1,0.0,0.9405940594059405,1.0,7.0,No aggregate reversal under this configuration.,1440
azacytidine-5,0.016549606113408145,0,1,0,1,0.0,0.8811881188118812,1.0,6.0,No aggregate reversal under this configuration.,1441
ncgc00182390-01,0.016608324573814982,0,2,0,2,0.0,0.9900990099009901,1.0,6.0,No aggregate reversal under this configuration.,1442
hoechst  33342 (cell permeable) (bisbenzimide),0.016685573941126075,0,2,0,2,0.0,0.9603960396039604,1.0,7.0,No aggregate reversal under this configuration.,1443
hy-11068,0.016697571672640167,1,3,1,3,0.3333333333333333,0.9801980198019802,1.0,5.333333333333333,No aggregate reversal under this configuration.,1444
np-010155,0.01675844641037015,0,1,0,1,0.0,0.9900990099009901,1.0,5.0,No aggregate reversal under this configuration.,1445
BRD-K53932786,0.016774611929039153,0,4,0,4,0.0,0.9504950495049505,1.0,6.75,No aggregate reversal under this configuration.,1446
BRD-A30395175,0.016783389936914982,0,1,0,1,0.0,0.9801980198019802,1.0,5.0,No aggregate reversal under this configuration.,1447
bl-095,0.016807567648736168,0,1,0,1,0.0,0.9900990099009901,1.0,5.0,No aggregate reversal under this configuration.,1448
tizanidine hcl,0.01690618805744397,0,1,0,1,0.0,0.9108910891089109,1.0,7.0,No aggregate reversal under this configuration.,1449
r2146,0.016955842717831942,0,5,0,5,0.0,0.9801980198019802,1.0,7.4,No aggregate reversal under this configuration.,1450
BRD-K92301463,0.017047970537635786,1,6,1,6,0.16666666666666666,1.0,1.0,5.833333333333333,No aggregate reversal under this configuration.,1451
thiocolchicoside,0.017098205676396503,0,2,0,2,0.0,0.9405940594059405,1.0,7.0,No aggregate reversal under this configuration.,1452
BRD-K67847053 (guanabenz acetate),0.01716192117292507,0,1,0,1,0.0,0.9504950495049505,1.0,5.0,No aggregate reversal under this configuration.,1453
mitotane,0.017163321820003123,0,1,0,1,0.0,0.9900990099009901,1.0,5.0,No aggregate reversal under this configuration.,1454
angiogenesis inhibitor,0.017303368255793167,0,2,0,2,0.0,1.0,1.0,6.0,No aggregate reversal under this configuration.,1455
axon1408,0.017321581329415813,0,1,0,1,0.0,1.0,1.0,5.0,No aggregate reversal under this configuration.,1456
phorbol-12-myristate-13-acetate (pma),0.0174455387929259,4,17,4,17,0.23529411764705882,0.9900990099009901,1.0,7.0588235294117645,No aggregate reversal under this configuration.,1457
BRD-K76938712,0.017474931271479595,0,1,0,1,0.0,0.9306930693069307,1.0,7.0,No aggregate reversal under this configuration.,1458
securinine,0.017487177470132072,0,1,0,1,0.0,0.9603960396039604,1.0,6.0,No aggregate reversal under this configuration.,1459
BRD-K41220170,0.01753756132794233,0,1,0,1,0.0,0.7920792079207921,1.0,8.0,No aggregate reversal under this configuration.,1460
BRD-A49848186,0.017561683285260865,0,5,0,5,0.0,0.9900990099009901,1.0,6.4,No aggregate reversal under this configuration.,1461
ncgc00188535-01,0.017621390903050677,0,3,0,3,0.0,0.9801980198019802,1.0,6.666666666666667,No aggregate reversal under this configuration.,1462
piroxicam,0.017714152151757014,0,1,0,1,0.0,0.9504950495049505,1.0,5.0,No aggregate reversal under this configuration.,1463
BRD-A25088322,0.017809703771179,0,2,0,2,0.0,1.0,1.0,6.0,No aggregate reversal under this configuration.,1464
lylamine hydrochloride,0.01790522845858163,0,4,0,4,0.0,1.0,1.0,7.0,No aggregate reversal under this configuration.,1465
BRD-K96167523,0.01799154299593548,0,1,0,1,0.0,1.0,1.0,5.0,No aggregate reversal under this configuration.,1466
BRD-K65955264,0.01801400159942214,1,3,1,3,0.3333333333333333,1.0,1.0,6.0,No aggregate reversal under this configuration.,1467
kuc104495 kuc104495n,0.01820705253598124,1,2,1,2,0.5,0.9801980198019802,1.0,10.5,No aggregate reversal under this configuration.,1468
daphnetin,0.018245115688969086,0,1,0,1,0.0,0.9900990099009901,1.0,7.0,No aggregate reversal under this configuration.,1469
uk 356618,0.018247888972614795,0,1,0,1,0.0,0.9900990099009901,1.0,6.0,No aggregate reversal under this configuration.,1470
BRD-K70714754,0.018256642926642024,0,1,0,1,0.0,1.0,1.0,6.0,No aggregate reversal under this configuration.,1471
BRD-K55844427,0.018319837755286304,0,2,0,2,0.0,0.9603960396039604,1.0,6.5,No aggregate reversal under this configuration.,1472
BRD-A31374339,0.018323500990348067,0,1,0,1,0.0,1.0,1.0,5.0,No aggregate reversal under this configuration.,1473
bo2 (inhibits rad51),0.018355785316566148,0,8,0,8,0.0,1.0,1.0,5.875,No aggregate reversal under this configuration.,1474
ca-074-me,0.01835911761559804,0,1,0,1,0.0,0.9306930693069307,1.0,5.0,No aggregate reversal under this configuration.,1475
bibu 1361 dihydrochloride,0.018368675288554872,1,2,1,2,0.5,0.9603960396039604,1.0,6.0,No aggregate reversal under this configuration.,1476
BRD-A26199074,0.018443540277558297,0,1,0,1,0.0,0.9900990099009901,1.0,5.0,No aggregate reversal under this configuration.,1477
BRD-A18411371,0.018449971502408215,0,3,0,3,0.0,0.9900990099009901,1.0,5.333333333333333,No aggregate reversal under this configuration.,1478
"ingenol 3, 20-dibenzoate",0.018583111454202758,4,18,4,18,0.2222222222222222,0.9801980198019802,1.0,7.388888888888889,No aggregate reversal under this configuration.,1479
aminolevulinic acid,0.01864960516632293,0,2,0,2,0.0,0.9900990099009901,1.0,6.5,No aggregate reversal under this configuration.,1480
kn-93,0.018836140859035233,0,1,0,1,0.0,0.9603960396039604,1.0,5.0,No aggregate reversal under this configuration.,1481
palda,0.018837193154989065,0,3,0,3,0.0,0.9900990099009901,1.0,6.0,No aggregate reversal under this configuration.,1482
BRD-K23282736,0.018871970141623635,0,1,0,1,0.0,0.9306930693069307,1.0,5.0,No aggregate reversal under this configuration.,1483
ivermectin,0.0190269711586328,0,2,0,2,0.0,1.0,1.0,7.0,No aggregate reversal under this configuration.,1484
triciribine,0.019225732924426205,0,3,0,3,0.0,0.9900990099009901,1.0,6.333333333333333,No aggregate reversal under this configuration.,1485
aicar,0.01924873876694405,0,1,0,1,0.0,0.9702970297029703,1.0,5.0,No aggregate reversal under this configuration.,1486
protriptyline hydrochloride,0.01932194295726442,0,1,0,1,0.0,0.9900990099009901,1.0,6.0,No aggregate reversal under this configuration.,1487
diphenylcyclopropenone,0.01936784292326723,0,2,0,2,0.0,0.9900990099009901,1.0,6.0,No aggregate reversal under this configuration.,1488
l-sulforophane,0.019438496244252233,0,4,0,4,0.0,1.0,1.0,6.25,No aggregate reversal under this configuration.,1489
modafinil,0.019443098026032522,0,1,0,1,0.0,0.9900990099009901,1.0,5.0,No aggregate reversal under this configuration.,1490
BRD-K94544211,0.019679510608396254,0,1,0,1,0.0,0.9702970297029703,1.0,7.0,No aggregate reversal under this configuration.,1491
t5323840,0.019717275774904827,1,3,1,3,0.3333333333333333,1.0,1.0,6.333333333333333,No aggregate reversal under this configuration.,1492
ncgc00185837-02,0.019881117495144453,0,1,0,1,0.0,0.9801980198019802,1.0,5.0,No aggregate reversal under this configuration.,1493
perphenazine,0.019942758980198018,0,1,0,1,0.0,0.9801980198019802,1.0,5.0,No aggregate reversal under this configuration.,1494
morantel tartrate,0.020000449147631688,0,1,0,1,0.0,0.9900990099009901,1.0,5.0,No aggregate reversal under this configuration.,1495
triamcinolone acetonide,0.02006708006496963,0,2,0,2,0.0,0.9900990099009901,1.0,6.5,No aggregate reversal under this configuration.,1496
mk-0591,0.020158306586509404,2,7,2,7,0.2857142857142857,1.0,1.0,6.285714285714286,No aggregate reversal under this configuration.,1497
s1107,0.020461299294683197,0,1,0,1,0.0,0.9900990099009901,1.0,7.0,No aggregate reversal under this configuration.,1498
bl-081,0.020844864437524962,0,1,0,1,0.0,0.9603960396039604,1.0,6.0,No aggregate reversal under this configuration.,1499
mls-0315771.0001,0.02108806139594769,0,1,0,1,0.0,1.0,1.0,5.0,No aggregate reversal under this configuration.,1500
BRD-K18595892,0.021117750682191985,0,1,0,1,0.0,0.9801980198019802,1.0,6.0,No aggregate reversal under this configuration.,1501
BRD-K17140735,0.02111865342145434,2,12,2,12,0.16666666666666666,1.0,1.0,8.083333333333334,No aggregate reversal under this configuration.,1502
propyl-beta-carboline-3-carboxylate,0.021187957513883963,0,1,0,1,0.0,0.900990099009901,1.0,9.0,No aggregate reversal under this configuration.,1503
remacemide hydrochloride,0.021198997441223947,0,1,0,1,0.0,1.0,1.0,7.0,No aggregate reversal under this configuration.,1504
ncgc00242340-01,0.021207339463984447,0,1,0,1,0.0,0.9504950495049505,1.0,7.0,No aggregate reversal under this configuration.,1505
BRD-K25737009,0.02122436749272894,0,15,0,15,0.0,1.0,1.0,7.066666666666666,No aggregate reversal under this configuration.,1506
BRD-K84091085,0.021297288265050444,0,1,0,1,0.0,1.0,1.0,6.0,No aggregate reversal under this configuration.,1507
ly 288513,0.02138094917005257,0,1,0,1,0.0,0.9702970297029703,1.0,9.0,No aggregate reversal under this configuration.,1508
BRD-K71935468,0.02145530916845654,0,3,0,3,0.0,0.9801980198019802,1.0,6.333333333333333,No aggregate reversal under this configuration.,1509
BRD-K98676510,0.02184203380186355,0,2,0,2,0.0,0.9900990099009901,1.0,5.5,No aggregate reversal under this configuration.,1510
sb 202190,0.02186690285984968,0,1,0,1,0.0,0.9702970297029703,1.0,5.0,No aggregate reversal under this configuration.,1511
BRD-K66254772,0.02191868977481809,0,2,0,2,0.0,0.9801980198019802,1.0,8.5,No aggregate reversal under this configuration.,1512
lasalocid sodium salt,0.02196667307086598,0,1,0,1,0.0,0.9306930693069307,1.0,10.0,No aggregate reversal under this configuration.,1513
vu0413247-1,0.021978935511459387,0,1,0,1,0.0,0.9801980198019802,1.0,6.0,No aggregate reversal under this configuration.,1514
BRD-K86472598,0.022132552739665176,0,2,0,2,0.0,1.0,1.0,5.5,No aggregate reversal under this configuration.,1515
alaproclate,0.022237056812092343,0,1,0,1,0.0,0.9900990099009901,1.0,6.0,No aggregate reversal under this configuration.,1516
BRD-A06929388,0.02230210745452387,0,1,0,1,0.0,1.0,1.0,6.0,No aggregate reversal under this configuration.,1517
8-{[2-oxo-2-(1-pyrrolidinyl)ethyl]thio}quinoline,0.022829210423696178,0,1,0,1,0.0,1.0,1.0,5.0,No aggregate reversal under this configuration.,1518
BRD-K56593336,0.022874322664849157,0,1,0,1,0.0,0.9702970297029703,1.0,6.0,No aggregate reversal under this configuration.,1519
BRD-K32101742,0.023145893369762124,0,1,0,1,0.0,1.0,1.0,5.0,No aggregate reversal under this configuration.,1520
depo-medrol,0.02335456782307622,0,1,0,1,0.0,0.9900990099009901,1.0,7.0,No aggregate reversal under this configuration.,1521
BRD-K68548958,0.02336086574270342,1,8,1,8,0.125,1.0,1.0,8.0,No aggregate reversal under this configuration.,1522
BRD-K67090983,0.023385309548568236,0,2,0,2,0.0,1.0,1.0,7.0,No aggregate reversal under this configuration.,1523
ncgc00012508-02,0.0235608874498641,0,1,0,1,0.0,0.9801980198019802,1.0,5.0,No aggregate reversal under this configuration.,1524
BRD-A80960055,0.023669799025785608,0,1,0,1,0.0,1.0,1.0,5.0,No aggregate reversal under this configuration.,1525
y27632,0.023703681255580235,0,1,0,1,0.0,0.9801980198019802,1.0,6.0,No aggregate reversal under this configuration.,1526
BRD-K60297835,0.0238269134204195,0,2,0,2,0.0,1.0,1.0,7.0,No aggregate reversal under this configuration.,1527
nifedipine,0.02398836458403524,0,1,0,1,0.0,0.9603960396039604,1.0,5.0,No aggregate reversal under this configuration.,1528
ncgc00182393-01,0.023997647754768647,0,1,0,1,0.0,0.9306930693069307,1.0,5.0,No aggregate reversal under this configuration.,1529
dcpib,0.024066805166816762,0,1,0,1,0.0,0.9900990099009901,1.0,5.0,No aggregate reversal under this configuration.,1530
BRD-K25731886,0.024111207020442033,0,1,0,1,0.0,0.9702970297029703,1.0,5.0,No aggregate reversal under this configuration.,1531
etomidate,0.024350107612003177,0,1,0,1,0.0,0.9801980198019802,1.0,5.0,No aggregate reversal under this configuration.,1532
mls-0435555.0001,0.02444572283846079,0,1,0,1,0.0,0.9702970297029703,1.0,6.0,No aggregate reversal under this configuration.,1533
cjd-pla-49-3,0.02463174803199566,0,1,0,1,0.0,0.9405940594059405,1.0,6.0,No aggregate reversal under this configuration.,1534
BRD-K93229693,0.02469337439547352,0,1,0,1,0.0,0.9900990099009901,1.0,5.0,No aggregate reversal under this configuration.,1535
s1452,0.02547588394299563,0,3,0,3,0.0,1.0,1.0,6.0,No aggregate reversal under this configuration.,1536
BRD-K16533489,0.02640831506003817,0,1,0,1,0.0,0.9801980198019802,1.0,6.0,No aggregate reversal under this configuration.,1537
BRD-K07790824,0.026618044064335974,0,1,0,1,0.0,1.0,1.0,5.0,No aggregate reversal under this configuration.,1538
amyleine hydrochloride,0.02664022058467913,0,2,0,2,0.0,1.0,1.0,5.0,No aggregate reversal under this configuration.,1539
haloprogin,0.027208557617388284,0,1,0,1,0.0,1.0,1.0,5.0,No aggregate reversal under this configuration.,1540
at-mlpcn csc-006,0.027267025337841595,0,1,0,1,0.0,0.9702970297029703,1.0,8.0,No aggregate reversal under this configuration.,1541
BRD-A94377914,0.027662992841930138,4,9,4,9,0.4444444444444444,1.0,1.0,8.555555555555555,No aggregate reversal under this configuration.,1542
bntx maleate,0.02769938856502467,1,4,1,4,0.25,1.0,1.0,6.5,No aggregate reversal under this configuration.,1543
sulpiride,0.027715372960254215,0,1,0,1,0.0,1.0,1.0,5.0,No aggregate reversal under this configuration.,1544
BRD-K58347372,0.027792851661076368,0,1,0,1,0.0,0.9801980198019802,1.0,6.0,No aggregate reversal under this configuration.,1545
BRD-K26818574,0.027832533338665182,0,1,0,1,0.0,1.0,1.0,5.0,No aggregate reversal under this configuration.,1546
BRD-K22006123,0.02783568583893595,0,1,0,1,0.0,1.0,1.0,7.0,No aggregate reversal under this configuration.,1547
quetiapine,0.02787850556412193,0,1,0,1,0.0,1.0,1.0,5.0,No aggregate reversal under this configuration.,1548
BRD-K35424586,0.02814464339330247,0,1,0,1,0.0,0.9504950495049505,1.0,12.0,No aggregate reversal under this configuration.,1549
v2264,0.02826979862372362,0,1,0,1,0.0,0.9702970297029703,1.0,6.0,No aggregate reversal under this configuration.,1550
gr-237,0.028316860933736063,0,1,0,1,0.0,1.0,1.0,6.0,No aggregate reversal under this configuration.,1551
BRD-K32238524,0.028967208507691095,0,1,0,1,0.0,1.0,1.0,5.0,No aggregate reversal under this configuration.,1552
ncgc00182615-01,0.029043026235802384,0,1,0,1,0.0,1.0,1.0,9.0,No aggregate reversal under this configuration.,1553
cgp 52432,0.02924419656068974,0,1,0,1,0.0,1.0,1.0,5.0,No aggregate reversal under this configuration.,1554
BRD-K87964538,0.029342158701544226,0,1,0,1,0.0,0.9900990099009901,1.0,5.0,No aggregate reversal under this configuration.,1555
x0379,0.029545284316510916,0,1,0,1,0.0,0.9900990099009901,1.0,5.0,No aggregate reversal under this configuration.,1556
BRD-K91145395,0.030195311177816122,1,5,1,5,0.2,1.0,1.0,7.6,No aggregate reversal under this configuration.,1557
wr 216174,0.031677831994104975,0,1,0,1,0.0,0.9900990099009901,1.0,11.0,No aggregate reversal under this configuration.,1558
cvf-csc-7 brd-a32595718,0.03248203464362959,0,1,0,1,0.0,0.9900990099009901,1.0,7.0,No aggregate reversal under this configuration.,1559
mrs 1220,0.03317917035163491,0,1,0,1,0.0,1.0,1.0,8.0,No aggregate reversal under this configuration.,1560
ei-328,0.03406139591951616,0,2,0,2,0.0,1.0,1.0,6.5,No aggregate reversal under this configuration.,1561
BRD-A40431293,0.035632941316693624,0,3,0,3,0.0,1.0,1.0,9.0,No aggregate reversal under this configuration.,1562
thioguanosine,0.036815074250999696,0,1,0,1,0.0,1.0,1.0,6.0,No aggregate reversal under this configuration.,1563
BRD-K27169919,0.043827356515880274,0,1,0,1,0.0,1.0,1.0,8.0,No aggregate reversal under this configuration.,1564
g5797,0.04778279123438544,0,1,0,1,0.0,1.0,1.0,8.0,No aggregate reversal under this configuration.,1565
