compound,configurations_present,top_k_frequency,evaluated_configurations,mean_rank,rank_sd,baseline,relaxed,stringent,multi-context
palbociclib,4,4,4,1.75,0.4330127018922193,2.0,1,2.0,2.0
KIN001-127,4,4,4,3.5,1.5,3.0,2,6.0,3.0
BMS509744,4,4,4,5.5,0.8660254037844386,7.0,5,5.0,5.0
trametinib,4,4,4,9.25,6.015604707757983,9.0,3,19.0,6.0
AZD-8330,4,4,4,10.0,4.743416490252569,11.0,4,17.0,8.0
TG-101348,4,4,4,14.75,3.6996621467371855,13.0,16,20.0,10.0
selumetinib,4,3,4,14.0,11.067971810589327,10.0,6,33.0,7.0
PIK-93,4,3,4,14.75,3.897114317029974,15.0,11,21.0,12.0
SB590885,4,3,4,15.25,5.7608593109014565,17.0,7,23.0,14.0
gefitinib,4,3,4,16.75,16.08376510646683,6.0,13,44.0,4.0
PD-184352,4,3,4,17.5,6.18465843842649,20.0,8,25.0,17.0
PLX-4720,4,3,4,17.75,7.292976072907411,14.0,30,16.0,11.0
PD-0325901,4,3,4,19.25,8.98262211161084,18.0,10,34.0,15.0
vemurafenib,4,3,4,19.75,14.113380176272443,12.0,44,14.0,9.0
WZ-4-145,4,3,4,25.25,16.161296358893985,16.0,19,53.0,13.0
erlotinib,4,3,4,116.25,199.6188555723131,1.0,462,1.0,1.0
QL-XI-92,3,2,4,16.333333333333332,13.299958228840001,5.0,35,9.0,
PI-103,4,2,4,19.25,4.602988159880492,25.0,17,13.0,22.0
JW-7-24-1,4,2,4,33.5,18.83480820183736,56.0,18,12.0,48.0
TGX-221,3,2,4,38.0,45.9782557302906,4.0,103,7.0,
lapatinib,4,2,4,42.5,38.40898332421727,22.0,20,109.0,19.0
PD-173074,4,2,4,57.75,42.22780482099442,19.0,80,116.0,16.0
CX-5461,3,2,4,73.66666666666667,90.75363476038974,8.0,202,11.0,
CGK-733,4,1,4,21.5,7.433034373659253,26.0,9,28.0,23.0
GSK-2126458,4,1,4,25.25,6.832825184358224,29.0,14,32.0,26.0
SAR-245408,4,1,4,31.5,14.874474780643517,23.0,57,26.0,20.0
WZ-4002,4,1,4,32.0,17.014699527173555,30.0,12,59.0,27.0
TWS-119,4,1,4,36.0,32.31872522238462,24.0,91,8.0,21.0
HG-14-8-02,4,1,4,38.25,22.465250944514285,46.0,65,3.0,39.0
NVP-BEZ235,4,1,4,40.75,13.827056809024834,55.0,43,18.0,47.0
GSK-2334470,4,1,4,43.75,39.4612151358774,21.0,112,24.0,18.0
SU-11274,2,1,4,66.5,51.5,118.0,15,,
dovitinib,4,1,4,72.75,43.205179087697346,116.0,69,4.0,102.0
BX-795,4,1,4,101.75,53.015917421091565,154.0,105,15.0,133.0
KIN001-043,4,1,4,112.5,103.92425126023281,83.0,286,10.0,71.0
XMD-1499,3,0,4,28.333333333333332,2.0548046676563256,31.0,26,,28.0
AS-605240,4,0,4,31.75,6.378675411086537,27.0,39,37.0,24.0
sutent,4,0,4,32.5,11.280514172678478,47.0,21,22.0,40.0
vandetanib,1,0,4,33.0,0.0,,33,,
torin-2,4,0,4,35.25,4.9180788932265,36.0,31,43.0,31.0
NVP-TAE684,4,0,4,36.0,7.106335201775948,37.0,28,47.0,32.0
sorafenib,4,0,4,38.5,7.0178344238090995,35.0,49,40.0,30.0
GDC-0980,4,0,4,39.0,12.62933094031509,42.0,22,57.0,35.0
PF-3758309,4,0,4,40.5,2.692582403567252,43.0,41,42.0,36.0
NVP-BGJ398,3,0,4,41.333333333333336,12.684198393626966,54.0,24,,46.0
LY2603618,4,0,4,42.75,11.92424001771182,34.0,59,49.0,29.0
AZD4547,4,0,4,44.5,9.394147114027968,44.0,37,60.0,37.0
AZD-8055,4,0,4,45.0,10.198039027185569,57.0,45,29.0,49.0
XMD-892,3,0,4,45.666666666666664,2.8674417556808756,49.0,46,,42.0
ZSTK-474,4,0,4,45.75,4.815340071064556,52.0,48,39.0,44.0
OSI-027,4,0,4,46.0,5.1478150704935,45.0,50,51.0,38.0
XMD-885,3,0,4,46.666666666666664,11.469767022723502,32.0,60,48.0,
garcinol,3,0,4,47.666666666666664,14.079141387961917,51.0,29,63.0,
canertinib,4,0,4,48.5,24.924887161229034,28.0,54,87.0,25.0
NVP-BGT226,4,0,4,49.0,15.411035007422441,60.0,23,61.0,52.0
JWE-035,4,0,4,49.5,16.515144564913744,53.0,27,73.0,45.0
WYE-125132,4,0,4,52.25,12.497499749949988,66.0,32,54.0,57.0
MLN-8054,4,0,4,52.5,23.200215516240362,50.0,90,27.0,43.0
C646,4,0,4,53.0,10.41633332799983,61.0,36,62.0,53.0
torin-1,4,0,4,53.0,14.089002803605371,72.0,38,41.0,61.0
SGI-1776,4,0,4,53.75,12.090802289343747,62.0,34,65.0,54.0
GDC-0941,4,0,4,54.0,19.11805429430516,76.0,25,50.0,65.0
KW-2449,4,0,4,54.0,18.34393632784414,77.0,42,31.0,66.0
MGCD-265,2,0,4,54.0,14.0,68.0,40,,
AT7867,4,0,4,54.75,11.431863365173676,67.0,58,36.0,58.0
imatinib,2,0,4,55.0,8.0,63.0,47,,
HG-6-64-01,4,0,4,55.75,15.303185942802891,70.0,63,30.0,60.0
PHA-793887,4,0,4,57.0,6.6332495807108,59.0,51,67.0,51.0
neratinib,4,0,4,59.0,16.170961628796228,48.0,64,83.0,41.0
afatinib,4,0,4,61.25,7.790218225441442,65.0,72,52.0,56.0
AZ-628,4,0,4,62.25,10.108783309577865,64.0,52,78.0,55.0
NVP-AEW541,4,0,4,63.75,36.74489760497367,40.0,55,126.0,34.0
regorafenib,4,0,4,70.0,15.215124054702938,91.0,56,55.0,78.0
BX-912,4,0,4,70.25,18.872930350107268,74.0,98,46.0,63.0
UNC0638,3,0,4,71.66666666666667,6.018490028422597,80.0,66,,69.0
AZD-6482,4,0,4,73.0,22.880122377295102,75.0,108,45.0,64.0
dabrafenib,4,0,4,73.0,5.522680508593631,78.0,68,79.0,67.0
THZ-2-98-01,3,0,4,74.0,33.14614105241614,38.0,118,66.0,
VE821,3,0,4,74.33333333333333,54.95654849262481,33.0,152,38.0,
LDN-193189,4,0,4,74.75,4.322904116447646,79.0,78,74.0,68.0
AZ20,4,0,4,77.25,13.77270852083932,84.0,95,58.0,72.0
GDC-0068,3,0,4,78.0,5.0990195135927845,71.0,83,80.0,
HG-14-10-04,4,0,4,78.75,17.122718826167766,88.0,53,99.0,75.0
MK-2206,4,0,4,80.5,8.789197915623474,86.0,71,92.0,73.0
NU-7441,3,0,4,80.66666666666667,23.921166824012207,69.0,114,,59.0
dasatinib,4,0,4,82.0,12.62933094031509,90.0,97,64.0,77.0
methylstat,4,0,4,82.75,9.730750228014282,95.0,86,68.0,82.0
PF 573228,3,0,4,83.0,5.0990195135927845,85.0,76,88.0,
NVP-TAE226,4,0,4,83.75,14.463315664120728,102.0,62,82.0,89.0
XMD-1150,4,0,4,84.0,64.0975818576645,39.0,192,72.0,33.0
CP-724714,4,0,4,84.25,14.201672436723781,99.0,61,91.0,86.0
YM-201636,4,0,4,85.25,9.60143218483576,98.0,87,71.0,85.0
pracinostat,4,0,4,85.75,7.327175444876422,93.0,77,93.0,80.0
nilotinib,3,0,4,86.0,45.306364527146364,41.0,148,69.0,
nintedanib,3,0,4,86.66666666666667,5.557777333511022,92.0,89,,79.0
foretinib,4,0,4,89.0,17.30606829987678,94.0,67,114.0,81.0
BIX-01294,4,0,4,91.0,28.64437117480501,73.0,92,137.0,62.0
HG-5-113-01,4,0,4,92.75,9.33742469849155,107.0,81,90.0,93.0
PF-562271,4,0,4,94.75,14.922717580923388,100.0,116,76.0,87.0
KIN001-265,4,0,4,95.5,23.837994882120434,81.0,133,98.0,70.0
mocetinostat,4,0,4,96.5,28.99568933479596,132.0,84,56.0,114.0
celastrol,4,0,4,97.0,26.391286440793294,89.0,142,81.0,76.0
AZD-5438,4,0,4,97.75,10.96300597464035,114.0,93,84.0,100.0
dinaciclib,4,0,4,99.25,9.908960591303208,109.0,85,108.0,95.0
CGP-60474,4,0,4,99.75,5.931905258852336,110.0,96,97.0,96.0
GW-5074,1,0,4,100.0,0.0,,100,,
BMS-387032,4,0,4,101.25,5.931905258852336,111.0,101,96.0,97.0
belinostat,4,0,4,102.0,15.540270267920054,103.0,88,127.0,90.0
PHA-665752,4,0,4,104.0,7.582875444051551,112.0,111,95.0,98.0
quizartinib,4,0,4,104.0,15.524174696260024,117.0,79,117.0,103.0
tozasertib,4,0,4,104.0,20.530465167647808,96.0,99,138.0,83.0
PF-431396,4,0,4,104.25,7.725768570181222,115.0,94,107.0,101.0
withaferin-a,4,0,4,105.25,29.953088321573787,101.0,155,77.0,88.0
BS-181,4,0,4,108.0,32.101401838549044,87.0,113,158.0,74.0
PF-477736,4,0,4,108.5,43.34454983039967,137.0,143,35.0,119.0
INK-128,4,0,4,109.75,32.135455497005175,151.0,82,75.0,131.0
rocilinostat,4,0,4,110.75,24.128561913218117,139.0,73,110.0,121.0
linsitinib,3,0,4,113.0,83.50249497270526,58.0,231,,50.0
crizotinib,4,0,4,113.25,26.564779313971346,124.0,74,147.0,108.0
mitoxantrone,4,0,4,113.25,15.384651442265437,130.0,122,89.0,112.0
JNK-9L,4,0,4,114.75,13.386093530227555,113.0,136,111.0,99.0
NVP-AUY922,4,0,4,115.5,12.298373876248844,135.0,104,106.0,117.0
KIN001-220,4,0,4,116.25,17.977416388346796,106.0,132,135.0,92.0
QL-XII-47,4,0,4,116.25,25.24257316519059,104.0,158,112.0,91.0
GSK-1059615,4,0,4,117.5,11.324751652906125,122.0,107,134.0,107.0
entinostat,4,0,4,118.0,8.916277250063503,120.0,117,130.0,105.0
I-BET,4,0,4,118.75,31.712576369636068,108.0,173,100.0,94.0
alvocidib,4,0,4,119.0,10.41633332799983,134.0,121,105.0,116.0
(+)-JQ1,4,0,4,119.25,15.990231392947383,138.0,125,94.0,120.0
serdemetan,2,0,4,120.0,15.0,105.0,135,,
CH5424802,1,0,4,123.0,0.0,,123,,
NPK76-II-72-1,4,0,4,123.25,16.887495373796554,121.0,151,115.0,106.0
DCC-2036,4,0,4,123.75,22.049659861322123,155.0,102,104.0,134.0
MK-1775,4,0,4,124.0,70.50886469090251,97.0,245,70.0,84.0
OTSSP167,4,0,4,127.75,8.954747344286158,143.0,120,124.0,124.0
AZD7762,4,0,4,129.75,16.48294573187693,131.0,119,156.0,113.0
BMS-345541,4,0,4,130.0,19.11805429430516,144.0,150,101.0,125.0
WZ-3105,4,0,4,132.0,9.38083151964686,148.0,124,128.0,128.0
AKT-inhibitor-1-2,4,0,4,132.75,37.35220877003126,163.0,70,159.0,139.0
GSK-1070916,4,0,4,133.25,32.18986641786511,129.0,106,187.0,111.0
ZM-447439,4,0,4,133.5,13.200378782444085,146.0,115,146.0,127.0
cabozantinib,1,0,4,134.0,0.0,,134,,
bms 191011,1,0,4,137.0,0.0,,137,,
AST1306,4,0,4,137.25,18.171062159378575,161.0,110,141.0,137.0
BYL719,4,0,4,137.25,35.62565788866221,119.0,197,129.0,104.0
AT-7519,4,0,4,137.75,13.254716141811564,153.0,147,119.0,132.0
saracatinib,4,0,4,137.75,23.036655573238058,145.0,109,171.0,126.0
BRD-A80383043,1,0,4,138.0,0.0,,138,,
GSK-690693,4,0,4,138.5,23.837994882120434,126.0,146,173.0,109.0
XMD16-144,4,0,4,138.5,23.58495283014151,127.0,174,143.0,110.0
radicicol,4,0,4,138.75,25.370997221236692,136.0,181,120.0,118.0
BRD-K11611839,2,0,4,139.5,0.5,140.0,139,,
pelitinib,4,0,4,140.5,25.104780421266383,158.0,167,102.0,135.0
amuvatinib,2,0,4,142.0,17.0,125.0,159,,
QL-X-138,4,0,4,144.25,33.214266513051285,150.0,194,103.0,130.0
HG-5-88-01,4,0,4,144.5,36.800135869314396,167.0,183,86.0,142.0
GDC-0879,4,0,4,145.0,14.089002803605371,149.0,166,136.0,129.0
I-BET151,4,0,4,145.5,62.16711349258545,133.0,249,85.0,115.0
ponatinib,4,0,4,145.5,13.275918047351754,160.0,129,157.0,136.0
tanespimycin,4,0,4,147.0,16.109003693587013,172.0,127,144.0,145.0
sunitinib,4,0,4,147.25,16.872685026396955,164.0,162,123.0,140.0
PHA-767491,4,0,4,147.75,23.7841859225831,142.0,187,139.0,123.0
tivantinib,4,0,4,147.75,9.33742469849155,162.0,141,150.0,138.0
TPCA-1,4,0,4,149.0,14.916433890176299,173.0,145,132.0,146.0
SB-525334,2,0,4,149.5,9.5,159.0,140,,
dihydro-beta-tubaic acid,2,0,4,149.5,19.5,169.0,130,,
GSK-1904529A,3,0,4,151.0,57.201398584300364,213.0,75,165.0,
ncgc00242557-01,2,0,4,151.5,4.5,147.0,156,,
AS-601245,4,0,4,155.25,12.457427503300993,165.0,170,145.0,141.0
motesanib,1,0,4,157.0,0.0,,157,,
WH-4-025,3,0,4,159.0,10.98483803552272,170.0,163,,144.0
SYK-inhibitor,4,0,4,159.25,15.610493265749165,177.0,172,140.0,148.0
ALW-II-49-7,1,0,4,160.0,0.0,,160,,
CYT387,4,0,4,161.25,27.55335732719336,168.0,203,131.0,143.0
ml 3163,2,0,4,161.5,30.5,192.0,131,,
pheniramine maleate,1,0,4,164.0,0.0,,164,,
buparlisib,4,0,4,164.25,22.77471185328148,187.0,185,133.0,152.0
isoeugenitol,1,0,4,168.0,0.0,,168,,
BRD-K09299610,1,0,4,169.0,0.0,,169,,
PFI-1,4,0,4,171.0,41.35819144982043,141.0,225,196.0,122.0
bh3i-1,1,0,4,171.0,0.0,,171,,
A443654,4,0,4,172.0,35.75611835756225,203.0,208,121.0,156.0
JNK-IN-5A,4,0,4,173.0,18.411952639521967,182.0,198,162.0,150.0
fostamatinib,4,0,4,173.25,24.416951079117148,186.0,207,149.0,151.0
ei-232,4,0,4,174.5,22.96192500641007,212.0,153,174.0,159.0
GSK-461364,4,0,4,174.75,25.984370302164336,180.0,215,155.0,149.0
BRD-K74126469,2,0,4,177.0,1.0,178.0,176,,
sq 22536,1,0,4,178.0,0.0,,178,,
linifanib,4,0,4,180.25,45.56520053725211,209.0,236,118.0,158.0
GW-843682X,4,0,4,180.5,48.16897341650536,197.0,250,122.0,153.0
BRD-K39944607,4,0,4,181.75,24.873429598670143,199.0,213,161.0,154.0
dacomitinib,2,0,4,182.0,2.0,184.0,180,,
(-)-JQ1,3,0,4,182.33333333333334,10.208928554075703,195.0,182,170.0,
AZD-7762,4,0,4,183.25,21.087614848531352,214.0,191,168.0,160.0
gliquidone,2,0,4,183.5,2.5,181.0,186,,
anafranil,1,0,4,184.0,0.0,,184,,
d-64131,3,0,4,185.66666666666666,47.72374205314956,156.0,253,148.0,
vinpocetine,2,0,4,186.0,37.0,223.0,149,,
linolenic acid (18:3 n-3),2,0,4,186.5,9.5,196.0,177,,
BRD-K88708949,1,0,4,190.0,0.0,,190,,
loxapine succinate,2,0,4,190.0,29.0,219.0,161,,
BRD-K27151060,2,0,4,190.5,25.5,216.0,165,,
ON-01910,4,0,4,190.5,24.09875515457178,230.0,188,178.0,166.0
BMS-777607,2,0,4,192.0,13.0,205.0,179,,
RAF 265,3,0,4,195.0,23.53720459187964,221.0,200,,164.0
ABT-737,2,0,4,196.0,20.0,176.0,216,,
BRD-U74615290,3,0,4,197.0,84.33267456923205,123.0,315,153.0,
bl-077,3,0,4,198.0,26.620793877468543,232.0,195,,167.0
bosutinib,3,0,4,198.66666666666666,25.92724864350674,217.0,217,,162.0
norcyclobenzaprine,1,0,4,199.0,0.0,,199,,
naltrindole,1,0,4,201.0,0.0,,201,,
"reichstein/c,aeos substance/c-*s",3,0,4,202.33333333333334,37.703521792473914,246.0,154,207.0,
ncgc00184713-01,2,0,4,203.0,28.0,231.0,175,,
BRD-K42021584,1,0,4,204.0,0.0,,204,,
tivozanib,3,0,4,205.33333333333334,91.59815621628103,128.0,334,154.0,
glipizide,1,0,4,206.0,0.0,,206,,
taxifolin-(+/-),3,0,4,206.0,90.57961507241387,157.0,128,333.0,
fenofibrate,2,0,4,206.5,23.5,183.0,230,,
chelidonine (+),3,0,4,210.0,36.72419729097788,261.0,193,,176.0
sb 366791,1,0,4,211.0,0.0,,211,,
chloroquine diphosphate,1,0,4,212.0,0.0,,212,,
rf 01079,2,0,4,214.0,25.0,239.0,189,,
roscovitine,3,0,4,214.0,76.4591394144611,174.0,321,,147.0
pp3,2,0,4,215.5,27.5,188.0,243,,
evodiamine,4,0,4,218.5,29.567718883945037,252.0,233,217.0,172.0
BRD-K38340366,1,0,4,219.0,0.0,,219,,
ys-035 hydrochloride,1,0,4,220.0,0.0,,220,,
KU-55933,2,0,4,221.5,77.5,299.0,144,,
hy-10459,3,0,4,221.66666666666666,39.65125751123439,275.0,210,,180.0
CP466722,3,0,4,222.0,64.44118765717053,202.0,309,,155.0
BRD-K24861700,1,0,4,223.0,0.0,,223,,
torasemide,1,0,4,224.0,0.0,,224,,
ncgc00181061-03,1,0,4,226.0,0.0,,226,,
BRD-K38615104,3,0,4,227.33333333333334,36.46307112073194,265.0,239,,178.0
ag 82,2,0,4,228.0,1.0,229.0,227,,
lawsone,1,0,4,228.0,0.0,,228,,
hydrocortisone valerate,3,0,4,229.33333333333334,37.38389433373087,249.0,262,177.0,
gsk-3b inhibitor viii,3,0,4,233.0,45.10727953076606,251.0,277,,171.0
BIX-02189,1,0,4,235.0,0.0,,235,,
BRD-K19220233,3,0,4,235.33333333333334,43.33846123505336,290.0,232,,184.0
BRD-A82197375,1,0,4,238.0,0.0,,238,,
ethyl-beta-carboline-3-carboxylate,2,0,4,238.0,31.0,207.0,269,,
ic 261,2,0,4,238.0,47.0,191.0,285,,
iodophenpropit dihydrobromide,2,0,4,239.5,14.5,225.0,254,,
rimexolone,2,0,4,240.5,42.5,198.0,283,,
np-010914,1,0,4,241.0,0.0,,241,,
BRD-K20401833,2,0,4,242.0,9.0,233.0,251,,
thioproperazine dimesylate,1,0,4,242.0,0.0,,242,,
BRD-K31851742,3,0,4,242.66666666666666,48.52719741432519,311.0,214,203.0,
s1249,4,0,4,245.75,47.97069417884215,323.0,240,228.0,192.0
barasertib,1,0,4,246.0,0.0,,246,,
tranilast,3,0,4,246.33333333333334,40.119266637808266,228.0,209,302.0,
hts 10859,3,0,4,246.66666666666666,54.1869192907497,259.0,306,,175.0
BRD-K17953061,4,0,4,248.0,49.15790882452182,305.0,287,212.0,188.0
bromocriptine mesylate,1,0,4,248.0,0.0,,248,,
mls-0435541.0001,2,0,4,248.0,28.0,220.0,276,,
hinokitiol,4,0,4,249.5,66.89730936293327,269.0,350,200.0,179.0
oxaprozin,2,0,4,250.5,24.5,226.0,275,,
BRD-K88832793,1,0,4,252.0,0.0,,252,,
BRD-K14328427,2,0,4,254.5,17.5,272.0,237,,
BRD-A05565054,1,0,4,255.0,0.0,,255,,
"betamethasone 17,21-dipropionate",3,0,4,255.0,74.27426651719064,200.0,360,205.0,
"ici-162,846",2,0,4,256.0,85.0,171.0,341,,
niridazole,2,0,4,256.0,60.0,316.0,196,,
fk 888,1,0,4,257.0,0.0,,257,,
"hydroxytacrine maleate (r,s)",1,0,4,258.0,0.0,,258,,
xylazine,2,0,4,258.0,24.0,282.0,234,,
dequalinium dichloride,1,0,4,259.0,0.0,,259,,
BRD-K65050353,1,0,4,260.0,0.0,,260,,
ha-1004,1,0,4,261.0,0.0,,261,,
BRD-K71142328,2,0,4,263.0,28.0,235.0,291,,
BRD-K95895342,1,0,4,263.0,0.0,,263,,
hy-50940,4,0,4,263.75,88.39789307443928,318.0,380,167.0,190.0
BRD-K00028814,3,0,4,265.0,36.34097778908359,264.0,310,221.0,
hts 13363,1,0,4,265.0,0.0,,265,,
BI-2536,4,0,4,266.0,122.37851118558356,281.0,459,142.0,182.0
KIN001-244,2,0,4,268.0,142.0,410.0,126,,
zaprinast,1,0,4,268.0,0.0,,268,,
BRD-K61341215,2,0,4,269.0,19.0,250.0,288,,
ncgc00012852-02,1,0,4,270.0,0.0,,270,,
urapidil hydrochloride,3,0,4,270.6666666666667,146.02815558042985,175.0,477,160.0,
iodipamide,1,0,4,271.0,0.0,,271,,
betamethasone acetate,4,0,4,271.25,90.08711062077637,292.0,410,197.0,186.0
BRD-K74447990,1,0,4,272.0,0.0,,272,,
BRD-K37021324,1,0,4,273.0,0.0,,273,,
BRD-K45542213,1,0,4,274.0,0.0,,274,,
p8624,3,0,4,275.0,59.53710327742412,322.0,312,,191.0
enzastaurin,2,0,4,276.5,110.5,166.0,387,,
epitestosterone,2,0,4,277.0,34.0,243.0,311,,
rifapentine,2,0,4,278.0,57.0,335.0,221,,
s1458,1,0,4,279.0,0.0,,279,,
prostaglandin a1,4,0,4,279.25,126.10189332440652,240.0,493,216.0,168.0
BRD-K89546934,2,0,4,279.5,13.5,293.0,266,,
vu0365117-1,1,0,4,280.0,0.0,,280,,
hy-11009,4,0,4,280.25,100.52953546097784,262.0,446,236.0,177.0
BRD-K31841256,1,0,4,281.0,0.0,,281,,
BRD-K85853281,4,0,4,281.25,70.84269545972965,380.0,317,214.0,214.0
BRD-A84327315,1,0,4,282.0,0.0,,282,,
azasetron,1,0,4,284.0,0.0,,284,,
doxorubicin,4,0,4,285.0,87.18944890294927,343.0,205,397.0,195.0
s1095,4,0,4,286.5,129.53860428459154,257.0,505,210.0,174.0
ncgc00183691-01,1,0,4,290.0,0.0,,290,,
BRD-K81814927,4,0,4,290.25,61.45069161531056,384.0,298,263.0,216.0
siguazodan,2,0,4,290.5,12.5,278.0,303,,
icariin,1,0,4,292.0,0.0,,292,,
e3380,3,0,4,294.0,67.36467917239716,377.0,293,,212.0
SB-216763,1,0,4,295.0,0.0,,295,,
s1064,1,0,4,296.0,0.0,,296,,
isoflupredone acetate,2,0,4,296.5,48.5,248.0,345,,
BRD-K11795542,3,0,4,296.6666666666667,72.25110533564329,393.0,278,,219.0
azacitidine,1,0,4,297.0,0.0,,297,,
ei-293,4,0,4,297.5,57.92020372892347,359.0,323,305.0,203.0
EX-527,2,0,4,298.0,80.0,378.0,218,,
gr-231,3,0,4,298.0,67.07210050883054,364.0,324,,206.0
BRD-A84102390,1,0,4,299.0,0.0,,299,,
gamma-linolenic acid (18:3 n-6),1,0,4,301.0,0.0,,301,,
BRD-K50387473,4,0,4,301.75,199.4923244137478,244.0,642,151.0,170.0
fu jmbii127b,1,0,4,302.0,0.0,,302,,
paclitaxel,2,0,4,302.5,15.5,287.0,318,,
terconazole,2,0,4,303.5,24.5,279.0,328,,
gr-206,2,0,4,307.0,69.0,238.0,376,,
phccc,1,0,4,307.0,0.0,,307,,
ei-156,3,0,4,310.3333333333333,71.87643718369895,397.0,313,,221.0
lfm-a12,3,0,4,311.0,104.66454350288194,303.0,443,,187.0
hydrocortisone,2,0,4,312.5,68.5,381.0,244,,
BRD-K45278408,1,0,4,314.0,0.0,,314,,
ncgc00183255-01,4,0,4,314.5,88.75950653310326,317.0,440,312.0,189.0
GSK1059615,3,0,4,315.0,137.88642669482255,372.0,448,125.0,
rg-14620,1,0,4,316.0,0.0,,316,,
BRD-U00779237,3,0,4,318.0,78.54085985438832,370.0,377,,207.0
BRD-K36055864 (cycloheximide),4,0,4,318.25,177.47587864270457,291.0,616,181.0,185.0
BRD-K98896788,2,0,4,322.0,56.0,266.0,378,,
s(-)-timolol,1,0,4,322.0,0.0,,322,,
hexylcaine hydrochloride,2,0,4,323.0,26.0,297.0,349,,
BRD-K95196255,4,0,4,323.25,92.27777359689603,443.0,383,229.0,238.0
bp 554 maleate,2,0,4,324.0,29.0,295.0,353,,
BRD-K03829970,4,0,4,324.25,108.61946188413934,356.0,486,253.0,202.0
BRD-A89907244,1,0,4,325.0,0.0,,325,,
epirubicin hydrochloride,4,0,4,325.0,85.0793747038611,422.0,396,255.0,227.0
BRD-K87909389,4,0,4,325.75,73.40427439870243,390.0,300,396.0,217.0
mebendazole,4,0,4,326.25,208.9753274910701,218.0,685,239.0,163.0
BRD-A80574334,1,0,4,327.0,0.0,,327,,
methoxsalen,1,0,4,330.0,0.0,,330,,
vincristine,2,0,4,330.5,36.5,367.0,294,,
BRD-K33164466,2,0,4,332.5,30.5,302.0,363,,
tiotidine,1,0,4,333.0,0.0,,333,,
BRD-K94841585,1,0,4,335.0,0.0,,335,,
tramadol,2,0,4,335.5,29.5,306.0,365,,
stk222600,1,0,4,336.0,0.0,,336,,
BRD-A60245366,4,0,4,337.0,136.44962440402685,427.0,511,180.0,230.0
mesoridazine besylate,2,0,4,337.0,32.0,369.0,305,,
oxymetazoline hydrochloride,2,0,4,337.0,96.0,241.0,433,,
3-deoxydenosine,1,0,4,338.0,0.0,,338,,
dactinomycin,3,0,4,339.0,84.194219912454,395.0,402,,220.0
s1042,1,0,4,339.0,0.0,,339,,
BRD-K90430314,2,0,4,339.5,10.5,350.0,329,,
BRD-K28100108,1,0,4,340.0,0.0,,340,,
herniarin,3,0,4,340.6666666666667,82.09073570683168,424.0,369,,229.0
formoterol hemifumarate,2,0,4,341.0,64.0,277.0,405,,
BRD-A45657137,1,0,4,342.0,0.0,,342,,
n- (2-aminoethyl)-4-chlorobenzamide (ro-16-6491),3,0,4,342.3333333333333,92.14601938710585,382.0,430,,215.0
mls-0425579.0001,1,0,4,343.0,0.0,,343,,
psh 024,3,0,4,343.0,151.42214721323518,312.0,542,175.0,
vu0415555-1,2,0,4,343.5,90.5,253.0,434,,
pregnenolone succinate,1,0,4,344.0,0.0,,344,,
BRD-K25536815,1,0,4,346.0,0.0,,346,,
"tiratricol, 3,3',5-triiodothyroacetic acid",2,0,4,346.0,57.0,403.0,289,,
idarubicin hcl,3,0,4,347.3333333333333,121.24997136311231,347.0,496,,199.0
BRD-K34966483,1,0,4,348.0,0.0,,348,,
everolimus,2,0,4,349.0,35.0,314.0,384,,
ncgc00188714-01,3,0,4,349.3333333333333,78.5125609200351,457.0,319,272.0,
pd 166793,1,0,4,351.0,0.0,,351,,
BRD-K72238567,4,0,4,352.75,100.64138065428156,361.0,488,358.0,204.0
daunorubicin,4,0,4,354.0,105.7709790065309,525.0,358,257.0,276.0
k3644,1,0,4,354.0,0.0,,354,,
BRD-K86269644,1,0,4,355.0,0.0,,355,,
skf 81297 hydrobromide,2,0,4,355.0,45.0,310.0,400,,
methoprene acid,1,0,4,356.0,0.0,,356,,
st638,2,0,4,356.5,93.5,263.0,450,,
ppt,1,0,4,359.0,0.0,,359,,
ifenprodil tartrate,2,0,4,359.5,51.5,308.0,411,,
arachidonamide,3,0,4,359.6666666666667,163.15500469049533,589.0,267,223.0,
carbinoxamine maleate,2,0,4,360.0,34.0,326.0,394,,
ncgc00242279-01,2,0,4,361.0,13.0,348.0,374,,
BRD-K85318537 (obaa),3,0,4,361.6666666666667,132.71607120298415,258.0,549,278.0,
BRD-K06623064,1,0,4,362.0,0.0,,362,,
hy-10966,2,0,4,362.0,102.0,260.0,464,,
BRD-K16618170,3,0,4,362.6666666666667,127.43189902410185,496.0,401,191.0,
l-6307,4,0,4,362.75,120.41880044245583,439.0,520,256.0,236.0
digoxigenin,4,0,4,363.25,154.49979773449544,433.0,583,204.0,233.0
doxorubicin hydrochloride,4,0,4,363.25,89.27590660418969,507.0,361,317.0,268.0
BRD-K01896723,4,0,4,364.0,93.10477968396681,375.0,453,418.0,210.0
BRD-K93443135,1,0,4,364.0,0.0,,364,,
BRD-K07395346,1,0,4,366.0,0.0,,366,,
np-002491,3,0,4,366.6666666666667,98.62499119842236,423.0,449,,228.0
mdv3100,1,0,4,367.0,0.0,,367,,
ncgc00186101-01,1,0,4,368.0,0.0,,368,,
BRD-K62818989,1,0,4,370.0,0.0,,370,,
norethynodrel,2,0,4,370.5,106.5,477.0,264,,
nu 1025,2,0,4,370.5,123.5,247.0,494,,
ru 24969,2,0,4,370.5,191.5,179.0,562,,
BRD-K64058329,3,0,4,371.6666666666667,49.59390643572611,355.0,439,321.0,
BRD-K13810148,4,0,4,372.0,122.73548794053006,476.0,512,244.0,256.0
methylandrostenediol,1,0,4,372.0,0.0,,372,,
CC-401,4,0,4,372.75,372.25957005831293,206.0,1015,113.0,157.0
cyclo [arg-gly-asp-d-phe-val],2,0,4,373.0,48.0,325.0,421,,
pd 102807,1,0,4,373.0,0.0,,373,,
parbendazole,3,0,4,373.6666666666667,202.46865326651323,284.0,654,,183.0
BRD-K65366129,2,0,4,375.5,151.5,224.0,527,,
er 27319 maleate,4,0,4,375.5,112.98340586121486,529.0,256,438.0,279.0
BRD-A75931230,4,0,4,376.25,126.25247522326048,557.0,229,426.0,293.0
ro 31-8220 mesylate,3,0,4,376.6666666666667,100.53965497365813,437.0,458,,235.0
oxybenzone,2,0,4,377.0,123.0,254.0,500,,
BRD-K12105018,2,0,4,378.0,54.0,324.0,432,,
levocetirizine,1,0,4,379.0,0.0,,379,,
geldanamycin,4,0,4,379.25,149.39440250558252,544.0,503,184.0,286.0
sb 221284,2,0,4,380.0,60.0,440.0,320,,
BRD-K08316444,3,0,4,381.0,117.06408501329517,411.0,507,,225.0
ncgc00167097-01,1,0,4,381.0,0.0,,381,,
BRD-K92754162,1,0,4,382.0,0.0,,382,,
BRD-K53780220,3,0,4,382.3333333333333,167.32470097255683,346.0,603,,198.0
ncgc00011940-02,2,0,4,382.5,42.5,340.0,425,,
eugenol,1,0,4,385.0,0.0,,385,,
XMD11-85H,2,0,4,385.5,303.5,82.0,689,,
CTB,1,0,4,386.0,0.0,,386,,
BRD-K06592610,2,0,4,387.0,57.0,330.0,444,,
calcipotriene,1,0,4,388.0,0.0,,388,,
sulfaguanidine,3,0,4,388.3333333333333,188.18489725680845,309.0,648,208.0,
daunorubicin hydrochloride,3,0,4,388.6666666666667,96.39271526186798,492.0,414,,260.0
cyclopenthiazide,1,0,4,389.0,0.0,,389,,
naloxone benzoylhydrazone,3,0,4,390.0,171.9437892645927,352.0,617,,201.0
podofilox,4,0,4,390.0,215.8761218847513,379.0,746,222.0,213.0
s1297,1,0,4,390.0,0.0,,390,,
dnqx disodium salt,1,0,4,391.0,0.0,,391,,
BRD-K41429297,2,0,4,393.0,22.0,415.0,371,,
docetaxel,1,0,4,393.0,0.0,,393,,
granisetron,2,0,4,394.5,19.5,414.0,375,,
BRD-K90417362,1,0,4,395.0,0.0,,395,,
hy-11006,3,0,4,395.6666666666667,296.4279938797204,210.0,814,163.0,
BRD-K73567619,3,0,4,397.3333333333333,240.11710106159083,274.0,733,185.0,
BRD-K89558221,3,0,4,397.3333333333333,268.4155153654291,185.0,776,231.0,
pi 828,4,0,4,399.5,214.1290498741355,400.0,749,226.0,223.0
diflorasone diacetate,3,0,4,400.3333333333333,117.604799599714,446.0,516,,239.0
s(+)-terguride,1,0,4,403.0,0.0,,403,,
16beta-bromoandrosterone,2,0,4,403.5,67.5,336.0,471,,
bucladesine,1,0,4,404.0,0.0,,404,,
levonorgestrel,2,0,4,404.5,76.5,328.0,481,,
BRD-A11702965,3,0,4,405.3333333333333,152.77288881066417,398.0,596,,222.0
BRD-K71382703,2,0,4,405.5,117.5,288.0,523,,
BRD-A81541225,2,0,4,406.0,80.0,486.0,326,,
clotrimazole,1,0,4,406.0,0.0,,406,,
hy-11001,4,0,4,406.25,93.18362248807459,466.0,426,484.0,249.0
ei-332,2,0,4,406.5,205.5,201.0,612,,
kuc104488 kuc104488n,2,0,4,407.0,9.0,416.0,398,,
kuc103875 kuc103875n,1,0,4,409.0,0.0,,409,,
BRD-K77480336,3,0,4,409.6666666666667,137.99838968464653,431.0,567,,231.0
BRD-U32049204,2,0,4,412.0,58.0,354.0,470,,
dc-45-a2,1,0,4,412.0,0.0,,412,,
BRD-K56196992,4,0,4,412.25,172.97308316613888,623.0,525,179.0,322.0
s1017,3,0,4,412.3333333333333,281.8230335196579,256.0,808,,173.0
BRD-K19724398,4,0,4,412.5,91.84906096417099,518.0,467,391.0,274.0
hy-11005,3,0,4,413.0,163.95324536789954,349.0,638,252.0,
prima-1 met,1,0,4,413.0,0.0,,413,,
gw 843682x,4,0,4,414.0,345.1832846474464,222.0,1009,260.0,165.0
BRD-K88551539,2,0,4,414.5,118.5,296.0,533,,
BRD-U51951544,3,0,4,415.3333333333333,104.69107995537262,535.0,431,,280.0
KU-60019,1,0,4,416.0,0.0,,416,,
iopanoic acid,4,0,4,416.75,179.99496520736352,493.0,676,237.0,261.0
ncgc00165199-01,4,0,4,417.0,262.46237825638934,405.0,849,190.0,224.0
v-ama37,2,0,4,417.5,0.5,417.0,418,,
pi 103 hydrochloride,4,0,4,417.75,199.75281600017559,467.0,724,230.0,250.0
BRD-K66555411,2,0,4,418.5,19.5,399.0,438,,
BRD-K47635719 (dexamethasone acetate),2,0,4,419.0,111.0,530.0,308,,
olaparib,1,0,4,419.0,0.0,,419,,
ciclopirox ethanolamine,2,0,4,419.5,67.5,487.0,352,,
BRD-K55502647,3,0,4,420.6666666666667,150.67477854269072,465.0,579,218.0,
"ici 192,605",2,0,4,421.0,29.0,450.0,392,,
BRD-A84909344,1,0,4,422.0,0.0,,422,,
dorsomorphin dihydrochloride,4,0,4,422.5,208.32726657833342,469.0,744,225.0,252.0
BRD-K14749055,3,0,4,423.3333333333333,137.4926260648993,573.0,456,241.0,
triptolide,3,0,4,424.0,140.33056212624058,449.0,582,,241.0
Y-39983,3,0,4,424.6666666666667,209.1288810491963,363.0,706,,205.0
ku 0060648 trihydrochloride,4,0,4,425.0,174.32297611043703,554.0,636,219.0,291.0
syrosingopine,1,0,4,427.0,0.0,,427,,
BRD-K49371609,4,0,4,427.25,123.19572841620767,553.0,547,319.0,290.0
mead ethanolamide,1,0,4,428.0,0.0,,428,,
olomoucine,1,0,4,429.0,0.0,,429,,
BRD-K79222491,3,0,4,430.0,141.01772938180503,458.0,587,,245.0
bromocryptine mesylate,2,0,4,431.0,112.0,319.0,543,,
BRD-K52911425,2,0,4,432.0,205.0,227.0,637,,
BRD-K72615639,3,0,4,432.0,207.12797976130602,376.0,709,,211.0
su 4312,3,0,4,432.0,131.88125972505216,592.0,435,269.0,
embelin,2,0,4,432.5,14.5,418.0,447,,
calyculin a,3,0,4,433.0,238.30372776494005,344.0,759,,196.0
prunetin,2,0,4,435.0,167.0,268.0,602,,
BRD-K34968258,3,0,4,435.3333333333333,58.77830287520123,445.0,502,359.0,
fludrocortisone acetate,3,0,4,436.0,252.23930436525285,789.0,304,215.0,
azacyclonol,2,0,4,437.0,190.0,627.0,247,,
jnj 16259685,1,0,4,437.0,0.0,,437,,
hli 373,3,0,4,439.6666666666667,155.4205763583302,453.0,623,,243.0
u0126,3,0,4,440.6666666666667,126.22818843489578,501.0,556,,265.0
ftorafur,1,0,4,441.0,0.0,,441,,
BRD-K01436366,3,0,4,442.0,206.88321987697955,391.0,717,,218.0
danthron,1,0,4,442.0,0.0,,442,,
sb 415286,1,0,4,445.0,0.0,,445,,
s1216,3,0,4,446.3333333333333,110.77404429237423,562.0,480,,297.0
BRD-K86086851,2,0,4,446.5,54.5,392.0,501,,
ei-155,4,0,4,446.75,122.40174631107189,550.0,581,367.0,289.0
mitoxantrone dihydrochloride,4,0,4,448.5,109.67337872063575,624.0,436,411.0,323.0
BRD-K78385490,4,0,4,450.0,251.6455841059008,436.0,865,265.0,234.0
trap 101,2,0,4,450.0,116.0,334.0,566,,
ikk 16,4,0,4,450.25,257.2006755434363,451.0,870,238.0,242.0
gp 2a,1,0,4,451.0,0.0,,451,,
BRD-K00366212,2,0,4,452.0,172.0,280.0,624,,
BRD-K82492171,1,0,4,452.0,0.0,,452,,
amiodarone hydrochloride,3,0,4,452.3333333333333,162.6577866428643,463.0,646,,248.0
thiotepa,1,0,4,454.0,0.0,,454,,
pz0004,1,0,4,455.0,0.0,,455,,
tms,1,0,4,457.0,0.0,,457,,
dexamethasone acetate,3,0,4,457.3333333333333,139.83879607923149,506.0,599,,267.0
BRD-K88329126,3,0,4,458.0,282.8533188774705,331.0,850,,193.0
mibefradil dihydrochloride,4,0,4,458.5,181.21327214086722,509.0,732,324.0,269.0
gr-207,1,0,4,460.0,0.0,,460,,
s1205,4,0,4,460.0,143.44859706529024,687.0,479,328.0,346.0
exemestane,3,0,4,460.6666666666667,362.08869386135524,242.0,971,,169.0
BRD-K26304855,4,0,4,460.75,140.11133965528987,538.0,645,377.0,283.0
fluticasone propionate,4,0,4,460.75,192.6075997981388,516.0,752,303.0,272.0
BRD-K16472144,1,0,4,463.0,0.0,,463,,
minoxidil,4,0,4,464.75,303.703288589373,468.0,958,182.0,251.0
ei-195,3,0,4,465.0,256.9604379406812,371.0,816,,208.0
a-1065,3,0,4,467.6666666666667,140.28859144238666,523.0,605,,275.0
cam-9-026 brd-k91442916,3,0,4,468.3333333333333,166.66599999866665,651.0,506,248.0,
BRD-K48654774,1,0,4,469.0,0.0,,469,,
s1169,2,0,4,469.5,81.5,388.0,551,,
ncgc00165289-01,4,0,4,470.5,209.08550882354328,558.0,772,258.0,294.0
BRD-K77681376,4,0,4,471.25,169.4511360245189,454.0,465,722.0,244.0
gw 5074,2,0,4,471.5,249.5,721.0,222,,
BRD-K02641134,3,0,4,473.0,124.5659129403653,628.0,468,323.0,
BRD-K00313977,3,0,4,474.0,163.3666632660001,498.0,661,,263.0
ei-286,1,0,4,474.0,0.0,,474,,
taxol,3,0,4,474.3333333333333,175.97411425800354,478.0,688,,257.0
BRD-A96272097,1,0,4,476.0,0.0,,476,,
BRD-A75301702,2,0,4,477.5,4.5,482.0,473,,
"w-12, hydrochloride",1,0,4,478.0,0.0,,478,,
BRD-K76079827,1,0,4,482.0,0.0,,482,,
ag-014699 (pf-01367338),2,0,4,482.5,78.5,404.0,561,,
rk-682,3,0,4,482.6666666666667,321.81395591587113,300.0,935,213.0,
tcs 359,1,0,4,483.0,0.0,,483,,
ncgc00182388-01,2,0,4,484.0,280.0,204.0,764,,
jwh 015,1,0,4,485.0,0.0,,485,,
BRD-U88878891,3,0,4,486.3333333333333,171.14191641896372,494.0,692,273.0,
stock4s-72743,1,0,4,487.0,0.0,,487,,
zardaverine,3,0,4,487.3333333333333,156.98478340980128,583.0,613,266.0,
BRD-K82857306,2,0,4,487.5,81.5,406.0,569,,
mead acid (20:3 n-9),2,0,4,488.0,184.0,304.0,672,,
medrysone,3,0,4,488.3333333333333,427.9410655166849,208.0,1093,164.0,
brl 54443,2,0,4,488.5,87.5,401.0,576,,
ncgc00182913-03,2,0,4,489.0,66.0,555.0,423,,
ncgc00188773-01,1,0,4,489.0,0.0,,489,,
BRD-K14880289,1,0,4,490.0,0.0,,490,,
flucytosine,2,0,4,490.0,64.0,426.0,554,,
BRD-K75081836,4,0,4,490.25,260.0455488948042,536.0,897,247.0,281.0
bifemelane hydrochloride,1,0,4,491.0,0.0,,491,,
ketotifen fumarate,2,0,4,491.5,39.5,452.0,531,,
BRD-K15107389,1,0,4,492.0,0.0,,492,,
16-hydroxytriptolide,4,0,4,492.5,162.22592271274033,578.0,713,375.0,304.0
BRD-K08640787,2,0,4,492.5,194.5,298.0,687,,
BRD-A57107094,4,0,4,493.0,160.69069668154407,664.0,643,329.0,336.0
BRD-K75128590,3,0,4,494.0,127.34467663262043,674.0,399,409.0,
BRD-K55827386,2,0,4,495.0,163.0,658.0,332,,
sb 239063,1,0,4,495.0,0.0,,495,,
ciglitazone,2,0,4,496.5,79.5,576.0,417,,
methylene blue,4,0,4,496.75,197.71997243576584,442.0,789,519.0,237.0
nsc 23766,4,0,4,496.75,371.0966013048355,432.0,1121,202.0,232.0
tc 2559 difumarate,1,0,4,497.0,0.0,,497,,
hydrocortisone acetate,3,0,4,497.3333333333333,141.5634918410189,686.0,461,,345.0
racepinephrine hcl,2,0,4,497.5,140.5,638.0,357,,
sulconazole nitrate,1,0,4,499.0,0.0,,499,,
vu0420364-1,3,0,4,500.3333333333333,236.83515129492264,448.0,813,,240.0
hy-10518,4,0,4,500.75,153.77479474868434,764.0,420,442.0,377.0
chelerythrine chloride,2,0,4,501.0,170.0,671.0,331,,
bapta-am,4,0,4,503.5,119.7173755141667,588.0,611,508.0,307.0
kf 38789,3,0,4,503.6666666666667,446.964080087974,215.0,1135,,161.0
alfacalcidol,1,0,4,504.0,0.0,,504,,
enrofloxacin,2,0,4,506.0,85.0,421.0,591,,
fluvastatin,2,0,4,506.0,205.0,301.0,711,,
ncgc00189555-02,2,0,4,506.5,2.5,504.0,509,,
BRD-K84203638,4,0,4,506.75,189.45629443225158,650.0,737,308.0,332.0
BRD-K78701355,1,0,4,508.0,0.0,,508,,
mycophenolate mofetil,2,0,4,509.5,315.5,194.0,825,,
temsirolimus [ci779],4,0,4,511.5,241.36538691369978,497.0,904,383.0,262.0
ag 825,2,0,4,512.5,77.5,435.0,590,,
dipropyldopamine,1,0,4,515.0,0.0,,515,,
BRD-U25771771,4,0,4,516.5,252.8542070047481,412.0,917,511.0,226.0
BRD-K78524708,1,0,4,518.0,0.0,,518,,
gw 7647,4,0,4,518.5,194.5051413202232,722.0,701,293.0,358.0
quinacrine dihydrochloride dihydrate,4,0,4,518.75,137.05906573444895,685.0,615,431.0,344.0
az 10417808,1,0,4,519.0,0.0,,519,,
gitoxigenin,4,0,4,519.0,179.87912608193315,634.0,753,361.0,328.0
cgp 57380,3,0,4,519.3333333333334,251.45222652070956,459.0,853,,246.0
isoreserpine,4,0,4,519.75,298.476443794146,460.0,1020,352.0,247.0
cyclosporine,4,0,4,520.75,503.56746072398283,276.0,1391,235.0,181.0
sib 1757,1,0,4,521.0,0.0,,521,,
bufalin,4,0,4,522.0,238.08086861400687,579.0,888,316.0,305.0
phensuximide,1,0,4,522.0,0.0,,522,,
BRD-U44700465,1,0,4,524.0,0.0,,524,,
BRD-K35716340,3,0,4,524.6666666666666,142.58175042955378,703.0,517,,354.0
BRD-K06666320,4,0,4,524.75,143.99891492646742,762.0,498,463.0,376.0
"2,4-dideoxy-dc-45-a2",2,0,4,525.0,187.0,338.0,712,,
tocainide hydrochloride,1,0,4,526.0,0.0,,526,,
hy-11066,3,0,4,528.0,178.93574265640726,559.0,730,,295.0
psh 008,1,0,4,528.0,0.0,,528,,
BRD-K15885023,1,0,4,529.0,0.0,,529,,
tg101348,4,0,4,529.5,266.5675336570453,655.0,902,227.0,334.0
metaxalone,1,0,4,530.0,0.0,,530,,
ag14361,4,0,4,530.5,285.0986671312232,712.0,889,166.0,355.0
digoxin,4,0,4,530.5,269.8078019628046,540.0,967,331.0,284.0
gr-109,1,0,4,532.0,0.0,,532,,
cycloheximide,4,0,4,533.75,220.81482626852753,595.0,868,362.0,310.0
z2777,1,0,4,534.0,0.0,,534,,
np-004102,2,0,4,535.0,220.0,315.0,755,,
BRD-K50140147,4,0,4,535.25,273.80136504407716,602.0,955,271.0,313.0
GSK-J4,1,0,4,536.0,0.0,,536,,
erk inhibitor 11e,3,0,4,536.3333333333334,261.3124991695235,471.0,884,,254.0
mls-0091943.0001,1,0,4,537.0,0.0,,537,,
podophyllotoxin,1,0,4,538.0,0.0,,538,,
pp-110,4,0,4,538.25,211.28342930764825,735.0,761,295.0,362.0
BRD-K02920722,1,0,4,539.0,0.0,,539,,
ncgc00187945-01,1,0,4,541.0,0.0,,541,,
s1120,4,0,4,541.25,251.04419431645894,653.0,899,280.0,333.0
BRD-A68739437,2,0,4,542.5,135.5,678.0,407,,
BRD-K83670234,4,0,4,543.25,225.18256482241247,813.0,705,254.0,401.0
"mapp, d-erythro",1,0,4,544.0,0.0,,544,,
BRD-K19166598,4,0,4,544.25,127.0381340385634,665.0,628,547.0,337.0
BRD-K90543092,1,0,4,545.0,0.0,,545,,
aristolochic acid,2,0,4,547.0,313.0,234.0,860,,
halcinonide,3,0,4,547.3333333333334,268.3310558909564,711.0,762,169.0,
BRD-K49861754,1,0,4,548.0,0.0,,548,,
ftt,2,0,4,548.0,120.0,428.0,668,,
BRD-A72837804,2,0,4,550.0,120.0,430.0,670,,
BRD-K71726959,4,0,4,550.0,229.92716237974147,877.0,630,259.0,434.0
t0518-4011,1,0,4,550.0,0.0,,550,,
BRD-K47448802,1,0,4,552.0,0.0,,552,,
BRD-K99582188,2,0,4,553.0,308.0,245.0,861,,
coumestrol,1,0,4,553.0,0.0,,553,,
BRD-K22630935,2,0,4,553.5,81.5,635.0,472,,
np-001236,3,0,4,553.6666666666666,404.2914240440372,345.0,1119,,197.0
progesterone,2,0,4,554.0,3.0,551.0,557,,
strophanthidin,4,0,4,554.25,305.22563375313024,537.0,1057,341.0,282.0
thiethylperazine dimalate,1,0,4,555.0,0.0,,555,,
BRD-A81530502,3,0,4,558.6666666666666,384.4132614199925,373.0,1094,,209.0
BRD-K16541732,2,0,4,559.0,220.0,339.0,779,,
BRD-K10114046,1,0,4,560.0,0.0,,560,,
kn-62,2,0,4,560.0,76.0,636.0,484,,
ncgc00183696-01,4,0,4,560.5,176.35404730257824,812.0,640,390.0,400.0
(-)-cotinine,2,0,4,561.5,33.5,528.0,595,,
BRD-K83336168,4,0,4,561.5,375.12164693603063,470.0,1197,326.0,253.0
sarmentogenin,4,0,4,562.25,335.47158970619256,342.0,1072,641.0,194.0
BRD-K69888333,1,0,4,563.0,0.0,,563,,
u 99194 maleate,2,0,4,563.0,205.0,358.0,768,,
BRD-K07877311,4,0,4,567.25,287.7371847711032,580.0,1032,351.0,306.0
1541b,1,0,4,568.0,0.0,,568,,
bibx 1382 dihydrochloride,3,0,4,569.3333333333334,420.09073094061745,351.0,1157,,200.0
am580,2,0,4,569.5,216.5,353.0,786,,
BRD-K11671649,1,0,4,570.0,0.0,,570,,
ncgc00188488-01,3,0,4,572.0,224.47420044777232,546.0,859,311.0,
prednicarbate,2,0,4,572.0,240.0,332.0,812,,
ncgc00181381-01,1,0,4,574.0,0.0,,574,,
erythromycin estolate,1,0,4,575.0,0.0,,575,,
cay10618,3,0,4,575.6666666666666,274.23266682792473,517.0,937,,273.0
BRD-U29336476,4,0,4,576.25,354.8438917326886,666.0,1113,188.0,338.0
leoidin dimethyl ether,1,0,4,577.0,0.0,,577,,
BRD-K12762134,1,0,4,578.0,0.0,,578,,
a112550.cdx,3,0,4,578.0,235.18928547023566,584.0,863,287.0,
prednisolone acetate,2,0,4,578.0,97.0,481.0,675,,
nitrofurazone,2,0,4,580.0,97.0,483.0,677,,
papaverine hydrochloride,1,0,4,580.0,0.0,,580,,
BRD-K01614657,4,0,4,583.0,321.1689586494934,631.0,1089,286.0,326.0
BRD-K18761689,1,0,4,584.0,0.0,,584,,
foliosidine,1,0,4,585.0,0.0,,585,,
stock4s-23872,2,0,4,585.0,101.0,484.0,686,,
BRD-U04166717,1,0,4,586.0,0.0,,586,,
BRD-K52080565,2,0,4,586.5,300.5,286.0,887,,
piretanide,2,0,4,587.0,17.0,570.0,604,,
BRD-K41845021,1,0,4,588.0,0.0,,588,,
ncgc00183690-01,4,0,4,588.25,392.9162601623913,567.0,1236,250.0,300.0
hymecromone,1,0,4,589.0,0.0,,589,,
ku-0063794,4,0,4,589.25,201.38442715364064,810.0,770,378.0,399.0
r3904,1,0,4,592.0,0.0,,592,,
s2004,3,0,4,592.3333333333334,255.27806190287657,692.0,843,242.0,
m-3m3fbs,4,0,4,592.5,267.29150753437716,728.0,964,318.0,360.0
hy-13001,3,0,4,592.6666666666666,501.448789896724,283.0,1300,195.0,
am 404,1,0,4,593.0,0.0,,593,,
ncgc00238536-01,1,0,4,594.0,0.0,,594,,
BRD-K05649647,4,0,4,595.25,405.5239666160312,608.0,1250,206.0,317.0
BRD-U33728988,4,0,4,595.75,223.64969818893115,910.0,693,330.0,450.0
vu0415108-1,2,0,4,596.5,183.5,413.0,780,,
BRD-K71574320,1,0,4,597.0,0.0,,597,,
BRD-K00954209,1,0,4,598.0,0.0,,598,,
s1053,4,0,4,598.0,267.5434544144184,903.0,803,240.0,446.0
BRD-K64606589,4,0,4,598.5,276.301013389383,563.0,1047,486.0,298.0
BRD-K70871370,2,0,4,599.0,314.0,285.0,913,,
cdc,2,0,4,599.0,344.0,255.0,943,,
doxepin hydrochloride,1,0,4,600.0,0.0,,600,,
scriptaid,4,0,4,604.0,424.81937338120537,488.0,1326,343.0,259.0
hyperoside,1,0,4,606.0,0.0,,606,,
BRD-K52522949,4,0,4,606.25,215.58104624479398,730.0,894,440.0,361.0
TAK-715,1,0,4,607.0,0.0,,607,,
h7270,4,0,4,607.25,402.19483773415095,626.0,1255,224.0,324.0
stk397047,3,0,4,607.6666666666666,287.96103131423104,549.0,986,,288.0
nimodipine,1,0,4,609.0,0.0,,609,,
stk249718,3,0,4,609.0,323.74166655941383,512.0,1045,,270.0
sericetin dimethyl ether,2,0,4,609.5,153.5,456.0,763,,
BRD-K89626439,1,0,4,610.0,0.0,,610,,
cabergoline,2,0,4,611.0,109.0,502.0,720,,
BRD-K92158425,3,0,4,612.3333333333334,300.1292314246574,542.0,1010,,285.0
BRD-K02113016,4,0,4,612.5,280.8509391118356,742.0,1011,332.0,365.0
selinidin,1,0,4,614.0,0.0,,614,,
abt-888 (veliparib),2,0,4,615.5,141.5,474.0,757,,
BRD-K53423944,4,0,4,616.25,467.8356415451905,505.0,1410,284.0,266.0
BRD-K12184916,4,0,4,616.5,194.47043477094402,906.0,682,430.0,448.0
valdecoxib,4,0,4,617.5,347.44819757771086,698.0,1151,270.0,351.0
BRD-A51777634,4,0,4,617.75,162.94535126845443,816.0,727,526.0,402.0
vx-680,4,0,4,618.5,495.29814253639194,479.0,1463,274.0,258.0
BRD-A43640821,2,0,4,619.0,54.0,673.0,565,,
d0196,1,0,4,619.0,0.0,,619,,
pkcbeta inhibitor,4,0,4,620.0,302.2970393503714,767.0,1042,291.0,380.0
s1367,3,0,4,621.3333333333334,251.56753014294637,612.0,934,,318.0
BRD-K18724229,3,0,4,622.0,202.5652158359541,829.0,690,347.0,
BRD-K47764688,2,0,4,622.0,58.0,680.0,564,,
mrs 1334,1,0,4,622.0,0.0,,622,,
6-diazo-5-oxo-l-norleucine,2,0,4,623.5,434.5,189.0,1058,,
cymarin,4,0,4,624.75,300.9795466472763,622.0,1112,444.0,321.0
BRD-K88542532,2,0,4,625.0,268.0,357.0,893,,
sb 206553 hydrochloride,1,0,4,626.0,0.0,,626,,
ncgc00184830-01,4,0,4,626.75,289.01156983761047,1124.0,424,445.0,514.0
ranolazine,1,0,4,627.0,0.0,,627,,
BRD-K71554540,2,0,4,627.5,314.5,313.0,942,,
naproxol,4,0,4,628.0,153.42261893215095,798.0,725,595.0,394.0
bd 1063 dihydrochloride,1,0,4,629.0,0.0,,629,,
colchicine,2,0,4,629.0,267.0,362.0,896,,
s1130,4,0,4,629.5,292.1271127437507,690.0,1082,399.0,347.0
pentobarbital,1,0,4,631.0,0.0,,631,,
BRD-K96433222,2,0,4,631.5,30.5,601.0,662,,
milrinone,1,0,4,632.0,0.0,,632,,
ns-1619,2,0,4,632.0,14.0,646.0,618,,
BRD-K87343924 (wortmannin),2,0,4,633.0,225.0,408.0,858,,
nortriptyline hydrochloride,1,0,4,634.0,0.0,,634,,
BRD-K60093216,1,0,4,635.0,0.0,,635,,
ouabain,4,0,4,636.75,302.824516015464,644.0,1124,449.0,330.0
digitoxigenin,4,0,4,637.25,469.5941731963888,672.0,1384,152.0,341.0
ncgc00241071-01,2,0,4,638.5,365.5,273.0,1004,,
t542500,4,0,4,638.75,321.59708876169884,691.0,1144,372.0,348.0
19-norethindrone,2,0,4,639.0,302.0,337.0,941,,
BRD-K60757524,1,0,4,639.0,0.0,,639,,
ncgc00184834-01,4,0,4,639.25,184.58382242222638,949.0,559,586.0,463.0
pravastatin sodium salt,2,0,4,639.5,245.5,394.0,885,,
s1085,4,0,4,639.5,272.7127609775531,818.0,991,346.0,403.0
BRD-K18726304,3,0,4,639.6666666666666,178.05866698616185,861.0,633,,425.0
sirolimus,4,0,4,640.75,218.28350258322317,946.0,747,408.0,462.0
BRD-K72307842,1,0,4,641.0,0.0,,641,,
hy-10044,4,0,4,641.75,366.5497067247497,842.0,1127,183.0,415.0
tpca-1,4,0,4,641.75,337.78867284146753,736.0,1154,314.0,363.0
vu0365114-2,3,0,4,642.6666666666666,222.09957726709482,693.0,886,,349.0
ly 320135,1,0,4,644.0,0.0,,644,,
BRD-K04923131,2,0,4,645.5,74.5,720.0,571,,
cyclosporin a,4,0,4,647.0,286.7690708566738,527.0,1063,720.0,278.0
luzindole,1,0,4,647.0,0.0,,647,,
cccp,4,0,4,647.25,484.9037920041459,594.0,1454,232.0,309.0
ncgc00183371-01,3,0,4,647.3333333333334,258.1373450101494,969.0,337,636.0,
irbesartan,4,0,4,647.5,535.1600227969201,526.0,1554,233.0,277.0
vu0418934-2,4,0,4,648.75,265.48764095528065,560.0,1031,708.0,296.0
ncgc00183406-01,1,0,4,649.0,0.0,,649,,
pp-30,3,0,4,649.0,206.20539921802887,738.0,845,,364.0
sch 58261,2,0,4,649.5,141.5,508.0,791,,
acyclovir,1,0,4,651.0,0.0,,651,,
psh 025,1,0,4,652.0,0.0,,652,,
rho kinase inhibitor iii [rockout],4,0,4,652.75,368.4469941524832,847.0,1147,199.0,418.0
medroxyprogesterone 17-acetate,1,0,4,655.0,0.0,,655,,
bl-009,2,0,4,655.5,170.5,485.0,826,,
endecaphyllin x,1,0,4,656.0,0.0,,656,,
BRD-U82589721,3,0,4,657.3333333333334,303.63830822579393,604.0,1053,,315.0
dup 697,2,0,4,658.0,11.0,647.0,669,,
mdl 72222,1,0,4,658.0,0.0,,658,,
h-9 dihydrochloride,1,0,4,659.0,0.0,,659,,
akti-1/2,4,0,4,659.5,196.09372758964017,822.0,876,536.0,404.0
thm-i-94,4,0,4,659.75,393.5234268757071,725.0,1276,279.0,359.0
fti-276 trifluoroacetate,1,0,4,660.0,0.0,,660,,
troglitazone,2,0,4,661.5,468.5,193.0,1130,,
dicyclomine hydrochloride,2,0,4,662.0,115.0,547.0,777,,
s1003,4,0,4,662.25,204.1903217588924,875.0,856,485.0,433.0
hy-50878,4,0,4,662.75,199.84540900405995,754.0,915,611.0,371.0
1495-0136,1,0,4,663.0,0.0,,663,,
BRD-A75409952 (wortmannin),4,0,4,663.0,367.3506499245646,888.0,1131,194.0,439.0
bi 2536,4,0,4,663.0,360.74714136081525,914.0,1097,189.0,452.0
chlorambucil,2,0,4,663.0,143.0,520.0,806,,
azd8055,4,0,4,663.75,232.64820545192262,860.0,930,441.0,424.0
ttnpb,1,0,4,664.0,0.0,,664,,
mometasone furoate,2,0,4,664.5,43.5,708.0,621,,
su11652,3,0,4,665.6666666666666,274.0198695147651,656.0,1006,,335.0
glimepiride,2,0,4,666.0,300.0,366.0,966,,
toltrazuril,1,0,4,667.0,0.0,,667,,
diphenyleneiodonium chloride,3,0,4,667.6666666666666,98.30677607480688,770.0,698,535.0,
BRD-K61717269,4,0,4,668.0,287.70297183032363,863.0,1033,349.0,427.0
cay10594,4,0,4,669.0,287.3934585198487,756.0,1100,448.0,372.0
s1030,4,0,4,669.75,339.4159505680309,700.0,1212,415.0,352.0
BRD-K08307026,4,0,4,670.75,291.82903813705724,1075.0,799,307.0,502.0
st4049616,1,0,4,671.0,0.0,,671,,
BRD-K44781077,1,0,4,673.0,0.0,,673,,
pd 98059,1,0,4,674.0,0.0,,674,,
triamcinolone diacetate,2,0,4,674.0,277.0,951.0,397,,
benazepril hydrochloride,2,0,4,674.5,116.5,791.0,558,,
skf 96365 hydrochloride,2,0,4,674.5,266.5,941.0,408,,
BRD-K10846167,3,0,4,676.0,191.8558486642163,823.0,800,,405.0
BRD-K54256913,3,0,4,676.0,332.6018640957985,600.0,1116,,312.0
BRD-K06009608,3,0,4,677.3333333333334,454.5014362524673,586.0,1274,172.0,
BRD-K08448573,2,0,4,678.0,253.0,425.0,931,,
BRD-K42644990,1,0,4,678.0,0.0,,678,,
st019365,1,0,4,679.0,0.0,,679,,
BRD-K53414658,4,0,4,679.5,382.073618560612,881.0,1192,209.0,436.0
BRD-K09485525,1,0,4,681.0,0.0,,681,,
ketorolac tromethamine,3,0,4,681.6666666666666,435.2059537991435,499.0,1282,,264.0
rev-5901,2,0,4,682.0,192.0,490.0,874,,
3-methyladenine,2,0,4,683.0,68.0,615.0,751,,
BRD-K12002134,1,0,4,683.0,0.0,,683,,
mevastatin,4,0,4,683.25,408.92075943879394,667.0,1356,371.0,339.0
BRD-A83802330,2,0,4,685.0,124.0,561.0,809,,
s1018,4,0,4,685.5,310.3743707202642,620.0,1179,623.0,320.0
s1362,2,0,4,689.5,348.5,341.0,1038,,
"vegf receptor 3 kinase inhibitor, maz51",2,0,4,689.5,228.5,461.0,918,,
"ly-163,502",2,0,4,690.0,176.0,866.0,514,,
BRD-K44540157,1,0,4,691.0,0.0,,691,,
cc-100,2,0,4,692.0,144.0,548.0,836,,
t 0901317,2,0,4,692.0,177.0,515.0,869,,
BRD-K15916856,1,0,4,694.0,0.0,,694,,
vu0418946-2,4,0,4,694.25,361.59879355440336,787.0,1247,355.0,388.0
BRD-K77830450 (forskolin),1,0,4,695.0,0.0,,695,,
gr-239,2,0,4,695.5,70.5,625.0,766,,
BRD-K80348542,4,0,4,696.5,346.9643353429859,790.0,1225,381.0,390.0
psh 013,2,0,4,696.5,127.5,569.0,824,,
st012030,1,0,4,697.0,0.0,,697,,
ver155008,2,0,4,697.5,202.5,495.0,900,,
gm6001,2,0,4,699.0,49.0,748.0,650,,
losartan,1,0,4,699.0,0.0,,699,,
ncgc00185090-03,3,0,4,699.0,363.2528962949458,1212.0,466,419.0,
mycophenolic acid,3,0,4,699.3333333333334,445.7221356655088,513.0,1314,,271.0
BRD-A27640568,3,0,4,699.6666666666666,240.2017670394806,971.0,741,387.0,
amg 9810,2,0,4,700.0,379.0,321.0,1079,,
c1386,1,0,4,700.0,0.0,,700,,
pik-90,4,0,4,700.0,344.70494629465355,965.0,1102,264.0,469.0
l-cis-diltiazem,2,0,4,701.0,59.0,642.0,760,,
BRD-K68202742 (trichostatin a),4,0,4,701.75,317.56367471737065,834.0,1161,401.0,411.0
tws119,4,0,4,701.75,448.5422917629953,718.0,1428,304.0,357.0
heliotrine,1,0,4,702.0,0.0,,702,,
estradiol valerate,2,0,4,703.0,23.0,726.0,680,,
pifithrin- a hydrobromide,1,0,4,703.0,0.0,,703,,
bms-536924,4,0,4,703.5,321.77360053304557,801.0,1188,429.0,396.0
ncgc00188012-01,2,0,4,704.0,103.0,807.0,601,,
zk 93423,2,0,4,704.0,232.0,472.0,936,,
periplocymarin,4,0,4,705.25,296.1590577713267,1059.0,925,338.0,499.0
BRD-A43155244,4,0,4,705.75,396.95174454837706,575.0,1365,581.0,302.0
fr 122047 hydrochloride,2,0,4,706.0,291.0,997.0,415,,
gw 3965 hydrochloride,1,0,4,707.0,0.0,,707,,
lanatoside c,3,0,4,707.6666666666666,344.25216855606817,1135.0,696,292.0,
cinnarizine,1,0,4,708.0,0.0,,708,,
a8674,3,0,4,708.3333333333334,400.60066012038584,571.0,1253,,301.0
carbidopa,3,0,4,708.6666666666666,378.60650930601935,597.0,1218,,311.0
flutamide,3,0,4,708.6666666666666,336.0896044542619,1171.0,573,382.0,
xaliproden hydrochloride,1,0,4,710.0,0.0,,710,,
BRD-K34711351,3,0,4,710.6666666666666,644.484462359041,267.0,1622,243.0,
flunisolide,4,0,4,712.0,287.4543442009531,1040.0,948,366.0,494.0
estradiol benzoate,2,0,4,712.5,13.5,699.0,726,,
bulleyaconitine a,1,0,4,714.0,0.0,,714,,
s1266,3,0,4,714.3333333333334,377.86623147469646,605.0,1222,,316.0
hy-70044,2,0,4,716.5,54.5,662.0,771,,
s1028,2,0,4,717.0,28.0,689.0,745,,
methyltestosterone,2,0,4,717.5,136.5,581.0,854,,
lumicolchicine gamma,1,0,4,718.0,0.0,,718,,
mln4924,4,0,4,718.0,554.3315794720701,603.0,1655,300.0,314.0
vorinostat,4,0,4,718.75,329.1666561181433,894.0,1170,368.0,443.0
ed csc 15,1,0,4,719.0,0.0,,719,,
wortmannin,4,0,4,720.5,395.9864265350518,827.0,1322,325.0,408.0
BRD-K77987635,1,0,4,721.0,0.0,,721,,
as605240,4,0,4,721.5,462.12904042053015,679.0,1489,376.0,342.0
naloxone hydrochloride,2,0,4,722.0,68.0,654.0,790,,
nefazodone hydrochloride,1,0,4,722.0,0.0,,722,,
gmx-1778,1,0,4,723.0,0.0,,723,,
zm 336372,4,0,4,723.5,217.69416620571164,824.0,998,666.0,406.0
proscillaridin a,4,0,4,725.25,411.63720373649414,669.0,1409,483.0,340.0
indirubin-3-oxime,3,0,4,725.3333333333334,272.65403393718975,761.0,1040,,375.0
r(+)-skf-81297,2,0,4,725.5,16.5,709.0,742,,
rs 67333 hydrochloride,2,0,4,728.0,83.0,645.0,811,,
mls-0437446.0001,3,0,4,728.6666666666666,299.21044247968496,434.0,1139,613.0,
BRD-K82594686,1,0,4,731.0,0.0,,731,,
BRD-K53461563,2,0,4,731.5,442.5,289.0,1174,,
tgx-115,4,0,4,732.0,391.42815432720215,1036.0,1180,220.0,492.0
vu0410183-2,4,0,4,733.5,289.2140210985629,970.0,1070,422.0,472.0
BRD-A86792397,2,0,4,734.0,59.0,675.0,793,,
hy-10181,3,0,4,734.6666666666666,326.243603598429,701.0,1150,,353.0
naringenine,1,0,4,735.0,0.0,,735,,
deguelin(-),1,0,4,736.0,0.0,,736,,
unc0321,2,0,4,737.5,31.5,706.0,769,,
quipazine dimaleate salt,1,0,4,738.0,0.0,,738,,
trifluoperazine dihydrochloride,4,0,4,738.25,425.5334152566635,1411.0,729,246.0,567.0
BRD-K53903639,4,0,4,738.5,280.2503345225479,828.0,1149,568.0,409.0
itraconazole,1,0,4,739.0,0.0,,739,,
nsc 3852,4,0,4,739.75,560.0305237216986,616.0,1688,336.0,319.0
naltrexone hydrochloride,2,0,4,740.0,529.0,211.0,1269,,
naltrindole hydrochloride,1,0,4,740.0,0.0,,740,,
s6005,2,0,4,740.5,99.5,641.0,840,,
BRD-K42629487,2,0,4,741.0,345.0,396.0,1086,,
ryuvidine,3,0,4,741.0,408.52498903575855,919.0,1128,176.0,
s1040,3,0,4,741.3333333333334,393.6786619679671,932.0,1099,193.0,
BRD-U64289953,2,0,4,742.0,122.0,864.0,620,,
BRD-K16118047,1,0,4,743.0,0.0,,743,,
12k-613s,2,0,4,743.5,224.5,519.0,968,,
BRD-K81795824,4,0,4,743.5,427.4192906268972,796.0,1422,363.0,393.0
linopirdine dihydrochloride,2,0,4,743.5,28.5,772.0,715,,
valyltryptophan,2,0,4,744.0,264.0,480.0,1008,,
eo 1428,2,0,4,744.5,231.5,976.0,513,,
BRD-A25170757,3,0,4,745.6666666666666,363.532055746884,729.0,1199,309.0,
oxymetholone,3,0,4,746.0,394.23089681048594,365.0,1289,584.0,
cyt997,4,0,4,747.0,232.1798871564891,1015.0,938,549.0,486.0
hy-10344,1,0,4,748.0,0.0,,748,,
t7765,4,0,4,748.5,458.20437579752553,788.0,1482,335.0,389.0
vu0365118-1,1,0,4,750.0,0.0,,750,,
emetine,4,0,4,750.25,326.2524904119507,869.0,1231,471.0,430.0
BRD-K06750613,4,0,4,751.0,511.9614243280445,778.0,1575,268.0,383.0
primaquine diphosphate,2,0,4,751.0,366.0,385.0,1117,,
flubendazole,3,0,4,751.3333333333334,239.8087200712731,850.0,983,,421.0
BRD-K70161581,3,0,4,752.3333333333334,257.476644032468,825.0,1025,,407.0
nafronyl oxalate,2,0,4,753.0,243.0,996.0,510,,
mst- 312,4,0,4,753.25,294.4379179046068,839.0,1190,570.0,414.0
arg-a1-22 brd-k91349888,2,0,4,753.5,87.5,841.0,666,,
todralazine hydrochloride,1,0,4,754.0,0.0,,754,,
BRD-A47816767,4,0,4,754.75,450.8477431461757,874.0,1437,276.0,432.0
atpa,1,0,4,758.0,0.0,,758,,
ncgc00185087-01,3,0,4,758.6666666666666,413.9712818810288,632.0,1317,,327.0
gr 46611,3,0,4,759.3333333333334,224.5533839028533,840.0,985,453.0,
pac 1,4,0,4,760.0,425.8773297558817,937.0,1368,277.0,458.0
BRD-K79390395,3,0,4,761.3333333333334,236.0880250151531,859.0,989,436.0,
v4877,4,0,4,762.0,376.3688350541261,1043.0,1211,298.0,496.0
BRD-K28916077,3,0,4,762.3333333333334,413.31370921156514,702.0,1296,289.0,
tw 37,4,0,4,762.5,399.90905216061316,885.0,1363,364.0,438.0
sb 218078,4,0,4,762.75,380.04563870672166,752.0,1378,551.0,370.0
1391-0741,3,0,4,763.6666666666666,186.26921973912442,1016.0,572,703.0,
BRD-K51454562,2,0,4,765.0,55.0,710.0,820,,
paroxetine,1,0,4,765.0,0.0,,765,,
s1118,4,0,4,765.0,413.0647648977095,783.0,1432,459.0,386.0
BRD-K14939371,2,0,4,766.0,39.0,727.0,805,,
BRD-K07005393,2,0,4,766.5,223.5,543.0,990,,
rs 504393,1,0,4,767.0,0.0,,767,,
spb02303,3,0,4,767.0,285.0765978937357,1086.0,821,394.0,
BRD-K51443908,2,0,4,767.5,438.5,329.0,1206,,
curcumin,4,0,4,768.0,271.0073799733136,1041.0,1037,499.0,495.0
h-8,2,0,4,772.0,119.0,891.0,653,,
diltiazem hydrochloride,1,0,4,773.0,0.0,,773,,
ncgc00165188-01,3,0,4,773.0,224.4652905610724,917.0,946,456.0,
BRD-K76698671,2,0,4,773.5,155.5,618.0,929,,
amperozide,2,0,4,774.5,0.5,775.0,774,,
BRD-K27170250,1,0,4,775.0,0.0,,775,,
BRD-K91449330,3,0,4,775.0,346.2378758406808,800.0,1186,339.0,
beclomethasone dipropionate,2,0,4,776.5,100.5,676.0,877,,
BRD-K62310379 (fluticasone propionate),3,0,4,776.6666666666666,520.8213598623705,545.0,1498,,287.0
BRD-K68007270,3,0,4,776.6666666666666,279.5440732494411,832.0,1088,,410.0
BRD-K35638681,1,0,4,778.0,0.0,,778,,
ncgc00242296-02,2,0,4,778.0,268.0,510.0,1046,,
ag 9,2,0,4,780.0,115.0,895.0,665,,
BRD-K43782924,3,0,4,780.3333333333334,331.3108644292983,835.0,1156,350.0,
topotecan hcl,4,0,4,780.75,407.7587368775806,799.0,1438,491.0,395.0
BRD-K58972465,1,0,4,781.0,0.0,,781,,
deoxycorticosterone,2,0,4,782.0,50.0,732.0,832,,
chlorprothixene hydrochloride,2,0,4,783.5,450.5,333.0,1234,,
BRD-K71670746,1,0,4,784.0,0.0,,784,,
bvt 948,3,0,4,784.6666666666666,111.9652723938196,943.0,704,707.0,
"n,n-hexamethyleneamiloride",3,0,4,784.6666666666666,271.9035776806836,1116.0,788,450.0,
mestanolone,2,0,4,785.0,402.0,383.0,1187,,
ritodrine hydrochloride,1,0,4,785.0,0.0,,785,,
BRD-K27630390,1,0,4,787.0,0.0,,787,,
BRD-K63068307,3,0,4,787.3333333333334,328.2400882822748,784.0,1191,,387.0
BRD-K98824517,4,0,4,787.5,448.2089356538979,749.0,1527,506.0,368.0
dibutyrylcyclic amp,2,0,4,787.5,253.5,534.0,1041,,
jas07 007,2,0,4,788.0,139.0,649.0,927,,
carbazol-9-yl-p-tolyl-methanone,3,0,4,789.3333333333334,492.90521964730254,596.0,1466,306.0,
s1122,4,0,4,789.5,373.9134258087024,890.0,1359,468.0,441.0
s1222,2,0,4,789.5,348.5,441.0,1138,,
teniposide,4,0,4,789.5,325.8040055002394,1012.0,1204,457.0,485.0
BRD-A95445494,3,0,4,789.6666666666666,345.375480053553,766.0,1224,,379.0
BRD-K89209981,2,0,4,790.0,205.0,585.0,995,,
g-221,1,0,4,792.0,0.0,,792,,
vinblastine sulfate,4,0,4,792.75,523.2400859070337,845.0,1625,285.0,416.0
jak3 inhibitor vi,4,0,4,793.25,444.7653173303872,911.0,1469,342.0,451.0
cgp 71683 hydrochloride,4,0,4,793.5,640.6022556938119,577.0,1890,404.0,303.0
ezetimibe,1,0,4,794.0,0.0,,794,,
BRD-K33720394,4,0,4,795.0,467.54090730116866,884.0,1522,337.0,437.0
tropisetron hcl,2,0,4,795.0,184.0,611.0,979,,
BRD-K15563106,4,0,4,795.5,227.98739000216656,993.0,1030,681.0,478.0
chr 2797,4,0,4,795.75,426.0782645242538,747.0,1496,573.0,367.0
erythrosine sodium,1,0,4,796.0,0.0,,796,,
BRD-A50388635,2,0,4,796.5,38.5,758.0,835,,
nutlin-3,4,0,4,796.75,422.04405871899206,853.0,1465,447.0,422.0
12k-516s,1,0,4,797.0,0.0,,797,,
jte 013,1,0,4,798.0,0.0,,798,,
thiothixene,3,0,4,799.6666666666666,209.8925651110322,978.0,916,505.0,
oxibendazole,2,0,4,800.0,506.0,294.0,1306,,
BRD-A93393712,2,0,4,800.5,300.5,500.0,1101,,
BRD-U43867373,3,0,4,801.0,510.94226679733595,590.0,1505,,308.0
dichlorobenzamil,4,0,4,801.0,553.4857721748591,765.0,1716,345.0,378.0
splitomicin,1,0,4,801.0,0.0,,801,,
BRD-K68038686,1,0,4,802.0,0.0,,802,,
BRD-U86922168,4,0,4,802.75,451.6665667281562,848.0,1524,420.0,419.0
alclometazone dipropionate,2,0,4,804.0,161.0,643.0,965,,
mek1/2 inhibitor,1,0,4,804.0,0.0,,804,,
dilazep dihydrochloride,2,0,4,806.0,67.0,739.0,873,,
s1154,2,0,4,807.0,272.0,1079.0,535,,
ei-247,3,0,4,807.3333333333334,199.70700761087198,1048.0,815,559.0,
BRD-K79554012,2,0,4,809.0,203.0,606.0,1012,,
vu0415533-1,1,0,4,810.0,0.0,,810,,
s1485,2,0,4,810.5,76.5,887.0,734,,
gemcitabine,4,0,4,811.0,465.9377640844322,981.0,1491,297.0,475.0
norethindrone,2,0,4,811.5,6.5,805.0,818,,
pnu 74654,4,0,4,811.5,343.36605831095187,838.0,1346,649.0,413.0
ncgc00181736-02,3,0,4,811.6666666666666,388.46821691813545,897.0,1239,299.0,
BRD-K68174511,4,0,4,815.5,533.7351871480838,1005.0,1588,186.0,483.0
rhodomyrtoxin b,4,0,4,816.25,426.01489117165846,683.0,1507,732.0,343.0
s1364,1,0,4,817.0,0.0,,817,,
quinine hemisulfate salt monohydrate,3,0,4,817.6666666666666,382.99376264140676,908.0,1235,310.0,
a-275,4,0,4,818.0,534.755084127304,757.0,1709,433.0,373.0
bms-754807,4,0,4,818.5,387.93652831358895,942.0,1400,472.0,460.0
BRD-K82384352,1,0,4,819.0,0.0,,819,,
clofibric acid,2,0,4,819.0,103.0,716.0,922,,
ei-263,4,0,4,819.5,352.9337756577004,1076.0,1256,443.0,503.0
lonidamine,4,0,4,820.75,428.6060983000592,743.0,1523,651.0,366.0
HG-9-91-01,1,0,4,822.0,0.0,,822,,
t5220758,1,0,4,823.0,0.0,,823,,
vinorelbine,3,0,4,823.6666666666666,357.10813799495276,803.0,1271,,397.0
BRD-K95138506,4,0,4,823.75,571.6665877065058,564.0,1789,643.0,299.0
BRD-K03857568,3,0,4,824.6666666666666,313.20103590008904,935.0,1141,398.0,
gw 441756,3,0,4,825.0,225.43735271689118,929.0,1034,512.0,
BRD-K23478508 (digoxin),4,0,4,825.5,574.2771543427442,837.0,1757,296.0,412.0
syk inhibitor,2,0,4,826.5,458.5,368.0,1285,,
BRD-A98444709,3,0,4,827.0,713.2704022084939,455.0,1825,201.0,
ebt or (erichrome black t),1,0,4,827.0,0.0,,827,,
ei-231,2,0,4,827.0,71.0,898.0,756,,
gw 9508,1,0,4,828.0,0.0,,828,,
tyrphostin ag 1478,4,0,4,828.75,371.82144572361614,878.0,1411,591.0,435.0
6-azauridine,1,0,4,829.0,0.0,,829,,
cp 93129 dihydrochloride,2,0,4,829.0,141.0,688.0,970,,
pipamperone,2,0,4,829.0,307.0,522.0,1136,,
tenidap,1,0,4,830.0,0.0,,830,,
BRD-K69159985,1,0,4,833.0,0.0,,833,,
cerivastatin na,3,0,4,833.3333333333334,398.68645435842046,768.0,1351,,381.0
h 89 dihydrochloride,3,0,4,833.3333333333334,417.46563398147583,734.0,1387,379.0,
bcl-2 inhibitor,4,0,4,833.75,637.1594678728395,714.0,1908,357.0,356.0
s1104,2,0,4,834.0,447.0,387.0,1281,,
cinobufagin,4,0,4,834.5,467.6283246339982,958.0,1546,369.0,465.0
4-demethoxydaunorubicin hydrochloride (65),4,0,4,835.0,561.0129232023091,759.0,1773,434.0,374.0
BRD-A52193669,4,0,4,835.0,411.4996962331807,921.0,1473,493.0,453.0
vincristine sulfate,4,0,4,836.25,456.6811661323467,751.0,1590,635.0,369.0
clonidine hydrochloride,1,0,4,837.0,0.0,,837,,
k784-3131,4,0,4,837.0,353.6756989107394,1127.0,1248,458.0,515.0
bml-259,2,0,4,837.5,180.5,1018.0,657,,
st4029573,1,0,4,838.0,0.0,,838,,
cgp 53353,1,0,4,839.0,0.0,,839,,
hy-10992,4,0,4,839.0,283.39460121886583,979.0,1219,684.0,474.0
sb 225002,3,0,4,839.0,557.4393838496403,633.0,1601,283.0,
BRD-K85275009,2,0,4,839.5,229.5,610.0,1069,,
nisoldipine,2,0,4,840.0,232.0,1072.0,608,,
rosiglitazone hydrochloride,4,0,4,840.5,326.1767159071904,872.0,1334,725.0,431.0
deoxyandirobin lactone,1,0,4,841.0,0.0,,841,,
BRD-K34387287,1,0,4,842.0,0.0,,842,,
BRD-K56343971,4,0,4,842.25,454.1747323442818,963.0,1534,405.0,467.0
maprotiline hydrochloride,2,0,4,843.0,218.0,1061.0,625,,
BRD-K32536677,1,0,4,844.0,0.0,,844,,
"camptothecine (s,+)",3,0,4,844.3333333333334,285.96192442740033,907.0,1159,467.0,
"9-amino-1,2,3,4-tetrahydroacridine",1,0,4,846.0,0.0,,846,,
BRD-K15592317,3,0,4,846.3333333333334,782.1237469579578,320.0,1952,267.0,
BRD-K83691318,1,0,4,847.0,0.0,,847,,
km 00927,4,0,4,847.25,465.32643112120763,966.0,1558,395.0,470.0
ethisterone,1,0,4,848.0,0.0,,848,,
reserpine,3,0,4,848.3333333333334,493.87267814915845,593.0,1539,413.0,
cucurbitacin i,4,0,4,849.0,403.73010786910606,909.0,1483,555.0,449.0
BRD-K10705233,4,0,4,849.75,443.9714940173524,990.0,1515,417.0,477.0
gsk-3 inhibitor ii,3,0,4,850.6666666666666,364.7193746186542,731.0,1345,476.0,
BRD-K82837433,2,0,4,851.0,260.0,591.0,1111,,
BRD-K75477256,1,0,4,852.0,0.0,,852,,
purmorphamine,2,0,4,852.0,414.0,438.0,1266,,
nrb 04155,3,0,4,852.6666666666666,369.81106287159963,912.0,1273,373.0,
meprylcaine hydrochloride,2,0,4,856.5,288.5,568.0,1145,,
"dibutyryl-camp, sodium salt",1,0,4,857.0,0.0,,857,,
BRD-K43620258,4,0,4,857.25,349.2272719877415,1087.0,1308,530.0,504.0
BRD-K32501161,3,0,4,858.6666666666666,409.50566404982595,795.0,1389,,392.0
BRD-K37798499,4,0,4,859.25,434.68688443522194,924.0,1544,515.0,454.0
BRD-K92981876,2,0,4,861.0,10.0,851.0,871,,
clofarabine,4,0,4,861.0,344.9746367488485,1029.0,1343,582.0,490.0
sib 1893,4,0,4,861.0,330.04469394310826,1019.0,1321,616.0,488.0
amsacrine,4,0,4,862.0,597.6483079537664,780.0,1862,421.0,385.0
bas 00535043,1,0,4,862.0,0.0,,862,,
BRD-A90643929,2,0,4,863.5,593.5,270.0,1457,,
BRD-K60690191,1,0,4,864.0,0.0,,864,,
oxindole i,3,0,4,864.0,354.3002493178161,1357.0,540,695.0,
cgs 12066b,2,0,4,865.0,68.0,797.0,933,,
BRD-K86761848,4,0,4,865.75,663.550064049428,697.0,1993,423.0,350.0
BRD-K56477805,1,0,4,866.0,0.0,,866,,
BRD-K10554164,1,0,4,867.0,0.0,,867,,
dubinidine,2,0,4,867.0,33.0,900.0,834,,
fluocinolone acetonide,3,0,4,867.0,422.1184667839113,793.0,1417,,391.0
necrostatin-1,2,0,4,867.5,183.5,1051.0,684,,
strophantine octahydrate,4,0,4,867.75,508.6105459976228,1113.0,1572,275.0,511.0
ym-155,4,0,4,868.0,449.7326983887207,1247.0,1370,315.0,540.0
mmpx,2,0,4,870.0,13.0,857.0,883,,
vindesine,2,0,4,870.0,356.0,514.0,1226,,
BRD-K81473043,4,0,4,870.75,446.77588061577364,959.0,1566,492.0,466.0
BRD-K74797618,2,0,4,871.0,442.0,429.0,1313,,
BRD-K30993697,3,0,4,871.3333333333334,456.0886853331147,920.0,1404,290.0,
BRD-K89059493,1,0,4,872.0,0.0,,872,,
gr-108,2,0,4,873.5,384.5,489.0,1258,,
sertindole,2,0,4,873.5,78.5,952.0,795,,
at-mlpcn csc-006,3,0,4,874.3333333333334,497.3056292551783,1541.0,347,735.0,
tipifarnib-p2,1,0,4,875.0,0.0,,875,,
ei-215,4,0,4,875.5,506.8670930332724,779.0,1719,620.0,384.0
c3930,2,0,4,876.0,605.0,271.0,1481,,
BRD-K32896438,4,0,4,877.25,409.9740083224789,1088.0,1446,470.0,505.0
BRD-A31107743,4,0,4,878.25,447.0975145312262,1102.0,1500,403.0,508.0
BRD-K31342827,4,0,4,878.25,599.8893127069359,998.0,1801,234.0,480.0
homoharringtonine,4,0,4,878.5,453.4393564744904,930.0,1599,529.0,456.0
mls-0391006,2,0,4,878.5,469.5,409.0,1348,,
ici-89406,1,0,4,879.0,0.0,,879,,
isocarboxazid,2,0,4,879.5,472.5,407.0,1352,,
harpagoside,1,0,4,880.0,0.0,,880,,
BRD-K35004659,3,0,4,880.3333333333334,316.11952732401005,1069.0,1137,435.0,
BRD-A15010982,3,0,4,881.0,568.5883103499989,648.0,1664,,331.0
BRD-K40175214,4,0,4,881.25,343.1197859348831,1001.0,1380,663.0,481.0
BRD-K07403598,1,0,4,882.0,0.0,,882,,
s-250,2,0,4,884.5,102.5,987.0,782,,
etoposide,3,0,4,884.6666666666666,232.42824460226188,947.0,1133,574.0,
rifabutin,2,0,4,885.5,65.5,820.0,951,,
brivanib,2,0,4,888.5,651.5,237.0,1540,,
BRD-K32112425,1,0,4,890.0,0.0,,890,,
apigenin triacetate,1,0,4,891.0,0.0,,891,,
tetrahydropalmatine,1,0,4,892.0,0.0,,892,,
jnj 10191584 maleate,2,0,4,892.5,419.5,473.0,1312,,
sid 26681509,4,0,4,892.5,430.48141655592985,939.0,1574,598.0,459.0
stock1n-27488,4,0,4,893.25,714.8221369683511,809.0,2084,282.0,398.0
inhibitor bec hydrochloride,2,0,4,894.5,277.5,617.0,1172,,
BRD-K03176945,3,0,4,894.6666666666666,313.01686145566595,1118.0,1114,452.0,
prednisolone,3,0,4,894.6666666666666,480.5110705164751,1034.0,1401,249.0,
BRD-K57457519,1,0,4,895.0,0.0,,895,,
BRD-K34363599,3,0,4,896.6666666666666,677.0845999988152,556.0,1842,,292.0
BRD-K89692698,2,0,4,897.5,90.5,988.0,807,,
ssr 69071,4,0,4,897.75,496.7883729517026,905.0,1705,534.0,447.0
BRD-K80094086,1,0,4,898.0,0.0,,898,,
akt inhibitor iv,4,0,4,898.25,445.62393057375186,934.0,1609,593.0,457.0
dexamethasone,3,0,4,899.6666666666666,451.1203337864029,954.0,1423,322.0,
BRD-K79779816,1,0,4,901.0,0.0,,901,,
BRD-K59962020,3,0,4,901.6666666666666,370.2614691749002,936.0,1337,432.0,
saquinavir mesylate,1,0,4,903.0,0.0,,903,,
ncgc00182609-01,3,0,4,904.0,250.36373539312757,985.0,1162,565.0,
diazoxide,1,0,4,905.0,0.0,,905,,
dl-pdmp,4,0,4,905.75,433.22821641716735,925.0,1598,645.0,455.0
pazopanib,1,0,4,906.0,0.0,,906,,
ncgc00167098-01,3,0,4,906.6666666666666,418.4752747242728,668.0,1495,557.0,
"stat3 inhibitor vi, s31-201",1,0,4,907.0,0.0,,907,,
BRD-K45399554,3,0,4,907.6666666666666,492.92077344020396,774.0,1567,,382.0
leflunomide,1,0,4,908.0,0.0,,908,,
moclobemide,3,0,4,908.3333333333334,204.17857108151404,915.0,1155,655.0,
BRD-A20697603,4,0,4,908.75,571.259299705484,846.0,1859,513.0,417.0
BRD-K22546959,1,0,4,909.0,0.0,,909,,
bibr1532,3,0,4,909.0,194.0566927472485,1082.0,1007,638.0,
emetine dihydrochloride hydrate (74),4,0,4,909.75,498.40062951404866,1130.0,1619,374.0,516.0
ntncb hydrochloride,2,0,4,910.0,389.0,521.0,1299,,
BRD-K61175124,1,0,4,911.0,0.0,,911,,
resveratrol,1,0,4,912.0,0.0,,912,,
manumycin a,4,0,4,912.25,536.8823777141507,972.0,1767,437.0,473.0
BRD-K90735586,2,0,4,913.5,261.5,652.0,1175,,
BRD-K92980438,1,0,4,914.0,0.0,,914,,
BRD-K11540476,2,0,4,918.0,320.0,598.0,1238,,
selamectin,4,0,4,918.0,377.55198317582705,1003.0,1488,699.0,482.0
yc-1,2,0,4,918.5,116.5,802.0,1035,,
s4002,1,0,4,919.0,0.0,,919,,
BRD-K64525051,1,0,4,920.0,0.0,,920,,
k784-3187,4,0,4,922.0,619.0205973955956,896.0,1941,407.0,444.0
BRD-A58924247,3,0,4,922.3333333333334,641.2936578164138,630.0,1812,,325.0
BRD-K58288048,3,0,4,923.3333333333334,794.6942109320344,475.0,2040,,255.0
BRD-K38634661,1,0,4,924.0,0.0,,924,,
vu0418939-2,4,0,4,924.5,341.4399654404856,1252.0,1277,627.0,542.0
BRD-K20718732,2,0,4,925.0,15.0,940.0,910,,
fenbendazole,1,0,4,926.0,0.0,,926,,
auranofin,4,0,4,926.75,571.8226888643018,1035.0,1816,365.0,491.0
BRD-K23217072,2,0,4,927.5,133.5,794.0,1061,,
BRD-K97534490,2,0,4,928.0,24.0,904.0,952,,
"ly-165,163",1,0,4,928.0,0.0,,928,,
bongkrekic acid,2,0,4,930.5,144.5,786.0,1075,,
brefeldin a,4,0,4,930.75,558.4923343251902,889.0,1854,540.0,440.0
BRD-K66634822,1,0,4,932.0,0.0,,932,,
"2,5-dideoxyadenosine",2,0,4,934.0,80.0,854.0,1014,,
lovastatin,2,0,4,934.0,90.0,844.0,1024,,
ncgc00182380-01,2,0,4,934.0,514.0,420.0,1448,,
mefenamic acid,2,0,4,937.5,365.5,572.0,1303,,
ki 8751,3,0,4,937.6666666666666,388.24591290687005,639.0,1486,688.0,
BRD-K02562327,2,0,4,939.0,88.0,1027.0,851,,
BRD-K84762162,1,0,4,939.0,0.0,,939,,
mk-2206,4,0,4,939.0,496.33909779504575,901.0,1752,658.0,445.0
BRD-K42489623,3,0,4,940.0,600.8610488290949,659.0,1775,386.0,
inca-6,2,0,4,940.0,566.0,374.0,1506,,
bx-795,4,0,4,940.75,560.7246984929413,944.0,1855,503.0,461.0
BRD-K91701654,3,0,4,941.3333333333334,456.614595571461,862.0,1536,,426.0
raclopride,2,0,4,942.0,225.0,717.0,1167,,
gant 58,2,0,4,943.0,259.0,684.0,1202,,
idoxuridine,1,0,4,944.0,0.0,,944,,
BRD-K79459005,1,0,4,945.0,0.0,,945,,
tripelennamine citrate,3,0,4,945.0,354.88307933740657,1148.0,1241,446.0,
trichostatin a,4,0,4,945.75,561.2465478735704,1071.0,1811,400.0,501.0
ncgc00187898-02,3,0,4,946.3333333333334,335.7700933012879,918.0,1371,550.0,
BRD-K28907958,4,0,4,947.25,447.62281834151395,1047.0,1636,609.0,497.0
hy-11004,3,0,4,948.6666666666666,492.6373468948082,1190.0,1394,262.0,
structure possibly contains amino acid derivative which is not supported in current version!,1,0,4,949.0,0.0,,949,,
BRD-K89784888,1,0,4,950.0,0.0,,950,,
atorvastatin,3,0,4,951.0,199.78488431310313,1117.0,1066,670.0,
way 213613,2,0,4,951.0,364.0,587.0,1315,,
hdac6 inhibitor isox,4,0,4,951.75,499.9936874601518,1137.0,1687,465.0,518.0
riboflavine,2,0,4,952.0,488.0,464.0,1440,,
cefixime,1,0,4,953.0,0.0,,953,,
BRD-K15716662,3,0,4,954.0,492.1998239197843,893.0,1585,384.0,
sp 600125,1,0,4,954.0,0.0,,954,,
BRD-K15519488,1,0,4,956.0,0.0,,956,,
nbi 27914 hydrochloride,1,0,4,957.0,0.0,,957,,
abt-751,4,0,4,957.5,555.7186788294955,1218.0,1737,340.0,535.0
BRD-K14027855,2,0,4,958.0,806.0,152.0,1764,,
cladribine,2,0,4,958.0,598.0,360.0,1556,,
BRD-K72381041,2,0,4,959.0,167.0,792.0,1126,,
ncgc00183247-01,1,0,4,959.0,0.0,,959,,
bw-b 70c,2,0,4,959.5,557.5,402.0,1517,,
flurofamide,1,0,4,960.0,0.0,,960,,
dg-041,4,0,4,961.25,346.9210104620359,1185.0,1398,737.0,525.0
jak3 inhibitor i,1,0,4,962.0,0.0,,962,,
kenpaullone,2,0,4,962.0,430.0,532.0,1392,,
BRD-K14844937,1,0,4,963.0,0.0,,963,,
BRD-K72817452,2,0,4,963.5,544.5,419.0,1508,,
aminopurvalanol a,2,0,4,963.5,18.5,945.0,982,,
digitoxin,4,0,4,963.5,465.53490739148657,1058.0,1684,614.0,498.0
BRD-K19540840,2,0,4,964.5,248.5,1213.0,716,,
BRD-K73319509,2,0,4,964.5,48.5,916.0,1013,,
BRD-K55127335,2,0,4,965.0,258.0,707.0,1223,,
BRD-K53308430,2,0,4,965.5,84.5,1050.0,881,,
wiskostatin,2,0,4,965.5,212.5,753.0,1178,,
u 18666a,2,0,4,966.5,580.5,386.0,1547,,
thioridazine hydrochloride,3,0,4,967.3333333333334,241.37154393636013,922.0,1283,697.0,
imd 0354,4,0,4,968.75,507.29595651848047,1098.0,1745,525.0,507.0
puromycin hydrochloride,4,0,4,968.75,692.7204973869331,1155.0,2008,192.0,520.0
psb 06126,1,0,4,969.0,0.0,,969,,
pd 158780,2,0,4,971.0,258.0,713.0,1229,,
ski ii,4,0,4,971.75,528.504671218713,950.0,1836,637.0,464.0
dihomo-gamma-linolenic acid,1,0,4,972.0,0.0,,972,,
hydrocortisone hemisuccinate,3,0,4,972.3333333333334,536.059905441754,1032.0,1597,288.0,
BRD-K37865504,4,0,4,973.0,477.2237420749307,1439.0,1456,427.0,570.0
BRD-K31484631,1,0,4,974.0,0.0,,974,,
norgestimate,1,0,4,975.0,0.0,,975,,
4-aminosalicylic acid,2,0,4,976.0,120.0,856.0,1096,,
BRD-K14788918,3,0,4,976.0,548.2997963401652,983.0,1644,301.0,
ag 555,1,0,4,976.0,0.0,,976,,
BRD-K73261812,4,0,4,977.0,568.4571223935892,1028.0,1887,504.0,489.0
clobetasol propionate,3,0,4,977.0,552.5015837081374,1314.0,1419,198.0,
phenolphthalein,1,0,4,977.0,0.0,,977,,
ncgc00182942-03,2,0,4,978.0,301.0,677.0,1279,,
rs 39604 hydrochloride,2,0,4,978.5,250.5,1229.0,728,,
chemistry 1571,1,0,4,980.0,0.0,,980,,
thyroxine (l),3,0,4,980.6666666666666,455.8547526960266,1002.0,1528,412.0,
isotretinoin,1,0,4,981.0,0.0,,981,,
ncgc00241357-01,3,0,4,981.0,303.68514396767364,1178.0,1213,552.0,
caffeic acid phenethyl ester,2,0,4,982.5,102.5,880.0,1085,,
glyburide,2,0,4,982.5,312.5,670.0,1295,,
BRD-A36630025,4,0,4,983.0,555.84710127876,1037.0,1871,531.0,493.0
"l-701,252",2,0,4,983.0,287.0,696.0,1270,,
ly-294002,1,0,4,984.0,0.0,,984,,
t5212475,4,0,4,984.25,599.8434691650814,989.0,1962,510.0,476.0
meloxicam sodium,2,0,4,985.5,419.5,566.0,1405,,
helveticoside,4,0,4,986.5,528.6106790446065,1208.0,1749,455.0,534.0
gsk2334470,1,0,4,987.0,0.0,,987,,
flufenamic acid,2,0,4,987.5,156.5,1144.0,831,,
BRD-K01868942,1,0,4,988.0,0.0,,988,,
gr 127935 hydrochloride,3,0,4,988.0,319.85100698085455,1260.0,1165,539.0,
malonoben,4,0,4,988.25,424.11577134079795,1296.0,1514,594.0,549.0
BRD-K88278225,2,0,4,990.0,176.0,814.0,1166,,
brompheniramine maleate,2,0,4,990.5,425.5,565.0,1416,,
niclosamide,4,0,4,992.5,563.3850814496245,1017.0,1903,563.0,487.0
nocodazole,2,0,4,992.5,66.5,926.0,1059,,
promazine hydrochloride,2,0,4,992.5,685.5,307.0,1678,,
2-chloroadenosine,1,0,4,993.0,0.0,,993,,
BRD-K41859756,4,0,4,994.0,471.7547032091996,1163.0,1690,601.0,522.0
h-5832,1,0,4,994.0,0.0,,994,,
artesunate,2,0,4,995.5,272.5,723.0,1268,,
tolbutamide,1,0,4,996.0,0.0,,996,,
BRD-K02458594,1,0,4,997.0,0.0,,997,,
flavokawain b,3,0,4,997.3333333333334,687.719096401689,741.0,1938,313.0,
isorotenone,1,0,4,999.0,0.0,,999,,
BRD-K51302260,1,0,4,1000.0,0.0,,1000,,
BRD-K78596368,1,0,4,1001.0,0.0,,1001,,
c3393m50,2,0,4,1001.0,21.0,980.0,1022,,
BRD-K83972459,3,0,4,1001.3333333333334,547.5462436076874,849.0,1735,,420.0
kuc103672 kuc103672n,1,0,4,1002.0,0.0,,1002,,
BRD-K56411643,4,0,4,1002.25,518.6966237599778,1138.0,1794,558.0,519.0
BRD-A68930007 (ouabain),4,0,4,1002.5,526.57881651278,1112.0,1819,569.0,510.0
BRD-K23657553,1,0,4,1003.0,0.0,,1003,,
BRD-K88198340,3,0,4,1004.0,631.1661165387973,724.0,1878,410.0,
mls-0412059,1,0,4,1005.0,0.0,,1005,,
p5172,2,0,4,1005.0,232.0,773.0,1237,,
s1527,2,0,4,1005.5,199.5,806.0,1205,,
bisacodyl,3,0,4,1006.3333333333334,363.75296867822567,1004.0,1453,562.0,
f9428,2,0,4,1006.5,237.5,769.0,1244,,
amcinonide,3,0,4,1006.6666666666666,375.9453269943502,1333.0,1207,480.0,
sulpiride,2,0,4,1009.5,534.5,1544.0,475,,
betamethasone,2,0,4,1010.5,329.5,681.0,1340,,
BRD-K85123403,3,0,4,1013.0,475.2767614769315,1025.0,1589,425.0,
BRD-K57080016,4,0,4,1013.5,464.99811827576247,1166.0,1704,661.0,523.0
cosmosiin,2,0,4,1013.5,431.5,582.0,1445,,
BRD-K14704318,3,0,4,1013.6666666666666,408.63213557210867,1134.0,1443,464.0,
ketoprofen,2,0,4,1014.0,567.0,447.0,1581,,
emetine hydrochloride,4,0,4,1014.5,601.7742516924433,994.0,2002,583.0,479.0
na-tosyl-phe chloromethyl ketone,2,0,4,1014.5,393.5,621.0,1408,,
"androsta-1,4-dien-3,17-dione",1,0,4,1016.0,0.0,,1016,,
BRD-K19181733,3,0,4,1016.3333333333334,567.3854265155409,957.0,1739,353.0,
halometasone,2,0,4,1017.0,198.0,819.0,1215,,
nnc 711,1,0,4,1017.0,0.0,,1017,,
np-000732,2,0,4,1017.0,39.0,1056.0,978,,
luteolin,3,0,4,1017.3333333333334,466.1911863412073,1120.0,1530,402.0,
BRD-K84450674,1,0,4,1018.0,0.0,,1018,,
narciclasine,4,0,4,1018.75,461.4159593035334,1242.0,1666,628.0,539.0
dibenzepine hydrochloride,1,0,4,1019.0,0.0,,1019,,
thiazolopyrimidine,3,0,4,1019.0,503.8935072678221,870.0,1697,490.0,
pz0005,2,0,4,1020.0,149.0,871.0,1169,,
BRD-K14236372,3,0,4,1021.0,384.32278100575826,1125.0,1431,507.0,
obaa,1,0,4,1021.0,0.0,,1021,,
camptothecin,4,0,4,1021.5,583.5017137935415,1063.0,1959,564.0,500.0
BRD-K55612480,3,0,4,1022.0,518.592968200174,1146.0,1586,334.0,
stock1s-53863,4,0,4,1022.0,631.7764636325098,865.0,2082,713.0,428.0
le 135,3,0,4,1022.3333333333334,558.2319310903747,868.0,1770,,429.0
BRD-K79382620,1,0,4,1023.0,0.0,,1023,,
piplartine,4,0,4,1023.25,516.2569006802718,1161.0,1809,602.0,521.0
ncgc00184716-01,2,0,4,1023.5,50.5,1074.0,973,,
BRD-K66359319,1,0,4,1026.0,0.0,,1026,,
BRD-K70714754,3,0,4,1026.6666666666667,335.0426175213469,1471.0,947,662.0,
lenalidomide,1,0,4,1027.0,0.0,,1027,,
ro 28-1675 ?,4,0,4,1027.5,393.6524482332099,1352.0,1477,721.0,560.0
losartan potassium,1,0,4,1028.0,0.0,,1028,,
perhexiline maleate,4,0,4,1028.0,489.981122085331,1196.0,1754,633.0,529.0
BRD-K67470788,2,0,4,1029.0,37.0,1066.0,992,,
blebbistatin,1,0,4,1029.0,0.0,,1029,,
mg-132,4,0,4,1031.25,721.2147305068027,1091.0,2184,344.0,506.0
1483-0018,3,0,4,1032.0,671.5315827767646,760.0,1956,380.0,
ucl 2077,2,0,4,1034.0,226.0,808.0,1260,,
BRD-K20000640,3,0,4,1035.0,489.0051124477126,1147.0,1570,388.0,
BRD-K61496577 (flumethasone),2,0,4,1036.0,321.0,715.0,1357,,
BRD-K61776140,1,0,4,1036.0,0.0,,1036,,
BRD-K96704748,2,0,4,1036.5,251.5,785.0,1288,,
metergoline,2,0,4,1038.5,419.5,619.0,1458,,
quercetin,1,0,4,1039.0,0.0,,1039,,
BRD-K74761218,4,0,4,1039.5,734.0904235855417,1283.0,2119,211.0,545.0
BRD-K37043259,2,0,4,1042.0,190.0,852.0,1232,,
salermide,4,0,4,1042.0,514.537170668942,1348.0,1729,532.0,559.0
fluocinonide,3,0,4,1042.6666666666667,579.7081641270507,1254.0,1623,251.0,
BRD-K72703948,1,0,4,1043.0,0.0,,1043,,
mdl-28170,2,0,4,1043.0,188.0,1231.0,855,,
ncgc00183226-01,2,0,4,1043.5,261.5,782.0,1305,,
BRD-K57019930,1,0,4,1044.0,0.0,,1044,,
u-0126,3,0,4,1044.6666666666667,598.5306081470595,858.0,1853,,423.0
ptb1,2,0,4,1046.5,535.5,511.0,1582,,
pf 750,3,0,4,1046.6666666666667,505.21700508021524,968.0,1701,,471.0
"ici-185,282",1,0,4,1048.0,0.0,,1048,,
v2264,2,0,4,1048.0,502.0,1550.0,546,,
BRD-K80786583,3,0,4,1048.3333333333333,807.4256759740937,640.0,2176,,329.0
mls-0390857.0001,2,0,4,1048.5,293.5,755.0,1342,,
norgestrel,1,0,4,1049.0,0.0,,1049,,
sc 19220,1,0,4,1050.0,0.0,,1050,,
BRD-K26664453,3,0,4,1050.3333333333333,324.30678205811375,1294.0,1265,592.0,
sew 05685,1,0,4,1051.0,0.0,,1051,,
BRD-K66792149,3,0,4,1051.3333333333333,515.654492422548,964.0,1722,,468.0
BRD-K56653679,4,0,4,1051.75,630.2564458218575,1177.0,2032,474.0,524.0
cilostamide,2,0,4,1053.5,282.5,771.0,1336,,
ncgc00238537-02,1,0,4,1054.0,0.0,,1054,,
BRD-K71489689,2,0,4,1054.5,521.5,533.0,1576,,
ncgc00182608-01,1,0,4,1055.0,0.0,,1055,,
BRD-K30849099,1,0,4,1056.0,0.0,,1056,,
bjm-ctd2-9,4,0,4,1057.25,515.2035398752613,1197.0,1838,664.0,530.0
jlk 6,2,0,4,1058.5,731.5,327.0,1790,,
yk 4-279,2,0,4,1059.0,460.0,599.0,1519,,
ticlopidine hydrochloride,1,0,4,1060.0,0.0,,1060,,
BRD-K58479490,2,0,4,1060.5,99.5,1160.0,961,,
arctigenin,3,0,4,1061.0,581.5536661965658,1039.0,1784,360.0,
nadolol,1,0,4,1062.0,0.0,,1062,,
tetrindole mesylate,3,0,4,1063.0,416.41565772674784,1236.0,1464,489.0,
danazol,3,0,4,1063.3333333333333,321.25725240408536,1264.0,1316,610.0,
ebselen,1,0,4,1064.0,0.0,,1064,,
megestrol acetate,1,0,4,1065.0,0.0,,1065,,
2-fluoropalmitic acid,2,0,4,1067.0,129.0,938.0,1196,,
BRD-K40300908,1,0,4,1067.0,0.0,,1067,,
chaetocin,4,0,4,1067.75,691.5173081709524,1258.0,2114,356.0,543.0
dm163 brd-k06180729,1,0,4,1068.0,0.0,,1068,,
BRD-K39757396,2,0,4,1069.0,440.0,629.0,1509,,
budesonide,3,0,4,1069.3333333333333,599.8190467873532,1085.0,1796,327.0,
cercosporin,4,0,4,1070.75,520.0602729492034,1187.0,1868,702.0,526.0
isoxsuprine hydrochloride,1,0,4,1071.0,0.0,,1071,,
jak3 inhibitor ii,1,0,4,1073.0,0.0,,1073,,
7b-cis,4,0,4,1074.0,640.6641085623573,1207.0,2068,488.0,533.0
r(+)-6-bromo-apb,1,0,4,1074.0,0.0,,1074,,
tolazamide,2,0,4,1074.5,355.5,719.0,1430,,
ncgc00181801-01,3,0,4,1074.6666666666667,330.2133990147718,1194.0,1406,624.0,
BRD-A62809825,3,0,4,1075.0,375.90158286445137,1244.0,1427,554.0,
hy-10161,2,0,4,1075.5,197.5,1273.0,878,,
ncgc00012588-02,1,0,4,1076.0,0.0,,1076,,
BRD-K95976153,1,0,4,1077.0,0.0,,1077,,
hy-10159,3,0,4,1077.0,243.33242008961048,1241.0,1257,733.0,
BRD-K04853698,4,0,4,1077.5,714.1073098631606,1200.0,2194,385.0,531.0
BRD-K22215695,1,0,4,1078.0,0.0,,1078,,
altrenogest,2,0,4,1078.0,334.0,744.0,1412,,
rg 108,2,0,4,1078.0,295.0,1373.0,783,,
etodolac,2,0,4,1078.5,274.5,804.0,1353,,
ncgc00183412-01,2,0,4,1078.5,471.5,607.0,1550,,
BRD-A85891951,1,0,4,1080.0,0.0,,1080,,
BRD-K32485462,2,0,4,1080.0,207.0,873.0,1287,,
mitomycin c,4,0,4,1082.5,601.2260390235939,1123.0,2047,647.0,513.0
gr 32191 hydrochloride,1,0,4,1083.0,0.0,,1083,,
penicillin v,2,0,4,1085.0,340.0,745.0,1425,,
BRD-K51998148,1,0,4,1087.0,0.0,,1087,,
puromycin dihydrochloride,4,0,4,1087.0,577.4829001797369,1345.0,1912,533.0,558.0
akt inhibitor x,3,0,4,1088.0,829.5906621139528,737.0,2233,294.0,
ncgc00188537-01,1,0,4,1090.0,0.0,,1090,,
BRD-K00317371,3,0,4,1091.0,453.15780915703084,1239.0,1557,477.0,
pentylenetetrazole,1,0,4,1091.0,0.0,,1091,,
penicillin g potassium,2,0,4,1092.0,106.0,986.0,1198,,
veliparib,1,0,4,1092.0,0.0,,1092,,
BRD-K60219430,2,0,4,1092.5,271.5,821.0,1364,,
importazole,4,0,4,1092.75,590.1416673138747,1226.0,2003,605.0,537.0
BRD-U37049823,2,0,4,1093.0,704.0,389.0,1797,,
ehna,1,0,4,1095.0,0.0,,1095,,
"15-deoxy-?12,14-prostaglandin j2",4,0,4,1096.25,585.8491166674231,1203.0,2010,640.0,532.0
s1170,2,0,4,1098.5,33.5,1065.0,1132,,
hki-272,4,0,4,1099.25,623.0511114667881,1288.0,2038,524.0,547.0
BRD-K93215584,3,0,4,1099.3333333333333,587.8788612933413,1153.0,1791,354.0,
tacrolimus,2,0,4,1101.0,75.0,1026.0,1176,,
BRD-K64642496,3,0,4,1102.3333333333333,335.64895683172057,1282.0,1393,632.0,
BRD-K61981833,2,0,4,1102.5,611.5,491.0,1714,,
BRD-K09186807,2,0,4,1103.0,564.0,539.0,1667,,
nisoxetine hydrochloride,1,0,4,1103.0,0.0,,1103,,
zd 2079 hydrochloride,1,0,4,1104.0,0.0,,1104,,
BRD-K64857848,2,0,4,1104.5,218.5,886.0,1323,,
n-chlorophenyl-n-hexylpiperazine,1,0,4,1105.0,0.0,,1105,,
oxfendazole,1,0,4,1106.0,0.0,,1106,,
dehydroisoandosterone 3-acetate,1,0,4,1107.0,0.0,,1107,,
BRD-K98173387,3,0,4,1107.3333333333333,727.7345364592472,927.0,2075,320.0,
molsidomine,2,0,4,1107.5,403.5,704.0,1511,,
ag 494,1,0,4,1108.0,0.0,,1108,,
BRD-K17025677,1,0,4,1109.0,0.0,,1109,,
"r(-)-2,10,11-trihydroxy-n-propyl-noraporphine",1,0,4,1110.0,0.0,,1110,,
rapamycin,2,0,4,1110.0,58.0,1168.0,1052,,
mw-a1-12,4,0,4,1111.25,649.7350902483257,1234.0,2125,548.0,538.0
BRD-K37194137,2,0,4,1112.5,236.5,876.0,1349,,
ketanserin tartrate hydrate,2,0,4,1113.0,60.0,1053.0,1173,,
tl hras26 brd-k01877528,4,0,4,1114.0,676.1601141741503,1223.0,2177,520.0,536.0
ncgc00185684-02,3,0,4,1114.3333333333333,373.28303232563655,1129.0,1564,650.0,
BRD-K14711204,2,0,4,1115.0,192.0,923.0,1307,,
aminoglutethimide,1,0,4,1115.0,0.0,,1115,,
BRD-K74133369,2,0,4,1115.5,6.5,1109.0,1122,,
r406,3,0,4,1116.0,567.7892801618103,1297.0,1703,348.0,
vu0418947-2,3,0,4,1117.0,318.6419097775223,1262.0,1414,675.0,
arp 101,4,0,4,1117.75,610.8687972879283,1311.0,2034,575.0,551.0
calpeptin,3,0,4,1118.0,720.1337838670441,1070.0,2023,261.0,
fccp,4,0,4,1118.0,534.4829276974149,1286.0,1914,726.0,546.0
methyl benzethonium chloride,1,0,4,1118.0,0.0,,1118,,
BRD-K28366633,4,0,4,1118.5,609.378987166443,1122.0,2104,736.0,512.0
isoquercitrin,2,0,4,1119.5,9.5,1110.0,1129,,
BRD-K96704648,1,0,4,1120.0,0.0,,1120,,
estradiol,2,0,4,1120.0,339.0,781.0,1459,,
testosterone propionate,2,0,4,1120.5,87.5,1033.0,1208,,
anisomycin,4,0,4,1121.5,648.5250573416574,1317.0,2099,517.0,553.0
BRD-K85818861,1,0,4,1123.0,0.0,,1123,,
ncgc00241435-01,3,0,4,1124.0,583.7054051488644,1210.0,1792,370.0,
BRD-K46499837,1,0,4,1125.0,0.0,,1125,,
BRD-K97764662,2,0,4,1125.0,204.0,1329.0,921,,
s1019,3,0,4,1127.6666666666667,676.8881410953774,892.0,2049,,442.0
cot-10b,4,0,4,1128.25,622.1898323662964,1250.0,2096,626.0,541.0
gw 583340 dihydrochloride,3,0,4,1128.3333333333333,363.73005863628526,1271.0,1485,629.0,
ag 957,3,0,4,1128.6666666666667,540.0063785631507,1319.0,1674,393.0,
s1039,2,0,4,1129.0,189.0,1318.0,940,,
parthenolide,4,0,4,1130.0,560.7437025950447,1323.0,1960,683.0,554.0
minocycline hydrochloride,3,0,4,1130.3333333333333,534.8802565891631,1143.0,1779,469.0,
ncgc00242335-01,4,0,4,1130.75,682.755584012317,1193.0,2223,579.0,528.0
trimeprazine tartrate,2,0,4,1131.0,69.0,1062.0,1200,,
ncgc00166395-02,2,0,4,1132.0,591.0,541.0,1723,,
"l-690,330",3,0,4,1132.6666666666667,517.613970273429,1277.0,1682,439.0,
rs 17053 hydrochloride,3,0,4,1133.6666666666667,418.07840838239366,1141.0,1642,618.0,
n-[2-(piperidinylamino)ethyl]-4-iodobenzamide,1,0,4,1134.0,0.0,,1134,,
paroxetine hydrochloride,3,0,4,1134.3333333333333,467.37161041533346,1225.0,1656,522.0,
BRD-K82732294,4,0,4,1135.0,683.7481261400283,1335.0,2168,481.0,556.0
st4066738,2,0,4,1135.0,673.0,462.0,1808,,
nsc 95397,3,0,4,1136.0,572.846110806966,1149.0,1831,428.0,
rofecoxib,2,0,4,1137.5,224.5,913.0,1362,,
BRD-K35424586,3,0,4,1140.3333333333333,360.99984610646146,1549.0,1201,671.0,
sibutramine hcl,1,0,4,1142.0,0.0,,1142,,
s1005,2,0,4,1144.5,641.5,503.0,1786,,
BRD-K05153001,3,0,4,1144.6666666666667,388.21843793868874,1365.0,1470,599.0,
mln2238,4,0,4,1145.25,693.2277313408632,1298.0,2217,516.0,550.0
BRD-A19248578,1,0,4,1146.0,0.0,,1146,,
BRD-K96076993,3,0,4,1147.6666666666667,491.13496674087,1188.0,1728,,527.0
bl-076,1,0,4,1148.0,0.0,,1148,,
elesclomol,3,0,4,1148.3333333333333,608.389312492877,1007.0,1954,,484.0
pj 34 hydrochloride,2,0,4,1149.0,9.0,1158.0,1140,,
BRD-K03736784,3,0,4,1149.6666666666667,475.65346863259833,1179.0,1717,553.0,
pimozide,3,0,4,1151.3333333333333,394.59205375791447,1263.0,1569,622.0,
benzoxiquine,2,0,4,1152.0,322.0,830.0,1474,,
uzi/1930680,2,0,4,1152.5,141.5,1011.0,1294,,
vidarabine,1,0,4,1153.0,0.0,,1153,,
BRD-K52075040,4,0,4,1154.0,627.5025896360906,1342.0,2100,617.0,557.0
BRD-K94580036,2,0,4,1154.0,493.0,661.0,1647,,
BRD-K02216544,2,0,4,1154.5,491.5,663.0,1646,,
5-azacytidine,3,0,4,1156.6666666666667,698.3381861406565,1199.0,1990,281.0,
np-006304,2,0,4,1157.0,713.0,444.0,1870,,
olvanil,1,0,4,1158.0,0.0,,1158,,
arg-a1-2 brd-k39580048,3,0,4,1159.6666666666667,441.79733916003715,1381.0,1555,543.0,
BRD-K69569876,1,0,4,1160.0,0.0,,1160,,
rlm-2-12,1,0,4,1163.0,0.0,,1163,,
bambuterol hydrochloride,2,0,4,1163.5,280.5,883.0,1444,,
jzl-184,2,0,4,1164.0,338.0,826.0,1502,,
mafenide hydrochloride,1,0,4,1164.0,0.0,,1164,,
BRD-K31491153,3,0,4,1165.3333333333333,814.2286056275732,817.0,2290,389.0,
BRD-K54822214,1,0,4,1168.0,0.0,,1168,,
metoclopramide monohydrochloride,2,0,4,1169.0,156.0,1013.0,1325,,
np-009169,3,0,4,1169.0,704.2802472501033,1309.0,1953,245.0,
testosterone,2,0,4,1169.5,174.5,995.0,1344,,
prestw-550,3,0,4,1170.3333333333333,681.584591635958,1031.0,2066,414.0,
trazodone hydrochloride,1,0,4,1171.0,0.0,,1171,,
sertraline hydrochloride,3,0,4,1171.6666666666667,525.4390756521847,1285.0,1751,479.0,
salmeterol,2,0,4,1172.0,329.0,843.0,1501,,
fulvestrant,2,0,4,1172.5,305.5,867.0,1478,,
chloroxine,3,0,4,1173.0,618.0307435718712,1055.0,1982,482.0,
BRD-K94325918,4,0,4,1176.25,731.737102722009,1291.0,2328,538.0,548.0
fluspirilen,3,0,4,1177.0,537.4327864952045,1246.0,1798,487.0,
terbutaline hemisulfate,1,0,4,1177.0,0.0,,1177,,
BRD-K60070073,3,0,4,1177.6666666666667,548.3066862826153,1238.0,1817,478.0,
BRD-K05549170,2,0,4,1178.0,201.0,977.0,1379,,
verteporfin,3,0,4,1179.0,474.3360271649906,1395.0,1621,521.0,
dibenzyline,3,0,4,1180.6666666666667,505.5362389472083,955.0,1881,706.0,
jak3 inhibitor v,1,0,4,1181.0,0.0,,1181,,
kuc103885 kuc103885n,1,0,4,1182.0,0.0,,1182,,
ncgc00185094-01,2,0,4,1182.5,50.5,1132.0,1233,,
clofibrate,1,0,4,1184.0,0.0,,1184,,
zk 164015,2,0,4,1184.5,211.5,973.0,1396,,
a2478,2,0,4,1185.0,422.0,763.0,1607,,
benperidol,1,0,4,1185.0,0.0,,1185,,
BRD-A41451487,3,0,4,1188.3333333333333,741.2306583573624,695.0,2236,634.0,
imodium,3,0,4,1188.3333333333333,451.35672022125567,1429.0,1580,556.0,
BRD-K00555438,1,0,4,1189.0,0.0,,1189,,
"ingenol 3, 20-dibenzoate",4,0,4,1192.25,587.4939893309547,1479.0,2014,704.0,572.0
donepezil hydrochloride,2,0,4,1192.5,35.5,1157.0,1228,,
ci 976,3,0,4,1192.6666666666667,472.4237739807579,1205.0,1765,608.0,
way 170523,1,0,4,1193.0,0.0,,1193,,
BRD-A18763547,3,0,4,1193.3333333333333,577.4682290442961,1094.0,1945,541.0,
BRD-A67438293,2,0,4,1193.5,126.5,1067.0,1320,,
"amethopterin (r,s)",1,0,4,1194.0,0.0,,1194,,
mestranol,1,0,4,1195.0,0.0,,1195,,
forskolin,2,0,4,1195.5,264.5,931.0,1460,,
BRD-K17140735,4,0,4,1196.75,643.2143402474793,1502.0,2105,606.0,574.0
px12,4,0,4,1196.75,643.1882986342335,1355.0,2181,690.0,561.0
BRD-K67870070,2,0,4,1197.0,583.0,614.0,1780,,
b675700.cdx,4,0,4,1198.0,685.1331987285392,1327.0,2266,644.0,555.0
ursolic acid,3,0,4,1201.3333333333333,615.9877343656194,1172.0,1970,462.0,
ranitidine,2,0,4,1201.5,128.5,1073.0,1330,,
simvastatin,3,0,4,1201.6666666666667,553.467453625073,1385.0,1769,451.0,
pifithrin- ?,4,0,4,1202.0,710.6943787592526,1405.0,2279,560.0,564.0
hy-11067,1,0,4,1203.0,0.0,,1203,,
BRD-K39345836,2,0,4,1206.0,123.0,1083.0,1329,,
clioquinol,2,0,4,1207.5,247.5,960.0,1455,,
triflupromazine hydrochloride,3,0,4,1208.0,575.4412799466742,1170.0,1931,523.0,
perphenazine,2,0,4,1208.5,285.5,1494.0,923,,
BRD-K46373671,1,0,4,1209.0,0.0,,1209,,
s1175,3,0,4,1209.6666666666667,451.32865581032587,1387.0,1652,590.0,
BRD-K49865102,2,0,4,1210.0,262.0,948.0,1472,,
mt-21,1,0,4,1210.0,0.0,,1210,,
purvalanol a,4,0,4,1210.25,671.7802375033074,1394.0,2231,653.0,563.0
skatole,2,0,4,1211.0,38.0,1173.0,1249,,
sildenafil citrate,1,0,4,1214.0,0.0,,1214,,
chemistry 2804,4,0,4,1214.25,710.902375505948,1391.0,2304,600.0,562.0
retinoic acid,3,0,4,1214.6666666666667,466.77070268911365,1433.0,1645,566.0,
k784-3188,3,0,4,1215.0,453.784824191672,1279.0,1736,630.0,
BRD-A32449311,2,0,4,1215.5,482.5,733.0,1698,,
gw 4064,2,0,4,1215.5,158.5,1057.0,1374,,
mls-0390876,1,0,4,1216.0,0.0,,1216,,
BRD-A94377914,4,0,4,1216.25,608.4892665446121,1542.0,2050,698.0,575.0
hy-50767,1,0,4,1217.0,0.0,,1217,,
penfluridol,3,0,4,1217.3333333333333,610.1269448966248,1131.0,2004,,517.0
fluorometholone,2,0,4,1219.0,76.0,1295.0,1143,,
BRD-U68942961,2,0,4,1220.5,69.5,1151.0,1290,,
np-001821,2,0,4,1220.5,607.5,613.0,1828,,
niguldipine hydrochloride,3,0,4,1220.6666666666667,387.9934134607041,1369.0,1604,689.0,
BRD-K03122949,1,0,4,1221.0,0.0,,1221,,
pf3845,2,0,4,1221.5,140.5,1362.0,1081,,
rottlerin,3,0,4,1222.6666666666667,411.35737368970166,1284.0,1693,691.0,
BRD-K92317137,4,0,4,1223.0,724.8755065526769,1406.0,2333,588.0,565.0
s1057,3,0,4,1223.3333333333333,500.25615660601545,1136.0,1875,659.0,
arachidonyl trifluoro-methyl ketone,4,0,4,1223.5,662.8930909279414,1423.0,2221,682.0,568.0
biperiden hydrochloride,2,0,4,1224.5,447.5,777.0,1672,,
api-2,4,0,4,1225.25,686.6088315045183,1312.0,2310,727.0,552.0
BRD-K38625260,3,0,4,1225.6666666666667,522.3768329047102,1097.0,1920,660.0,
z-leu3-vs,3,0,4,1226.0,563.1027141354112,1243.0,1907,528.0,
corticosterone,1,0,4,1227.0,0.0,,1227,,
BRD-K45044657,2,0,4,1228.0,74.0,1154.0,1302,,
BRD-K37724988,2,0,4,1228.5,478.5,750.0,1707,,
l 161982,1,0,4,1230.0,0.0,,1230,,
benzethonium chloride,2,0,4,1231.5,549.5,682.0,1781,,
mw-ras12,4,0,4,1232.5,669.3857258711154,1407.0,2252,705.0,566.0
nsc 663284,3,0,4,1232.6666666666667,524.7884229752872,992.0,1961,745.0,
prednisolone hemisuccinate,3,0,4,1233.0,555.6875620946241,1371.0,1834,494.0,
lasalocid sodium salt,3,0,4,1234.0,408.074339632703,1513.0,1532,657.0,
mk-0591,4,0,4,1234.25,637.7332416457527,1497.0,2155,712.0,573.0
phorbol-12-myristate-13-acetate (pma),4,0,4,1234.25,640.1637973987595,1457.0,2180,729.0,571.0
BRD-K23673040,2,0,4,1235.5,999.5,236.0,2235,,
BRD-K45818044,2,0,4,1236.5,38.5,1198.0,1275,,
cgk 733,3,0,4,1237.0,631.2310723234929,962.0,2110,639.0,
at-csc-18 brd-k01121114,2,0,4,1237.5,223.5,1014.0,1461,,
BRD-K06765193,3,0,4,1238.6666666666667,554.8437217411364,1270.0,1902,544.0,
apo866,2,0,4,1239.5,545.5,694.0,1785,,
pha 665752,3,0,4,1239.6666666666667,620.0523275409012,1211.0,2013,495.0,
arvanil,1,0,4,1240.0,0.0,,1240,,
sb 200646 hydrochloride,1,0,4,1242.0,0.0,,1242,,
BRD-K64517075,3,0,4,1243.0,394.04822039948357,1372.0,1648,709.0,
BRD-K74690444,1,0,4,1243.0,0.0,,1243,,
cinanserin hydrochloride,2,0,4,1243.5,145.5,1389.0,1098,,
ncgc00167094-01,2,0,4,1245.0,130.0,1115.0,1375,,
paxilline,1,0,4,1245.0,0.0,,1245,,
BRD-K60870698,3,0,4,1245.6666666666667,571.8987866941337,1204.0,1966,567.0,
pd 160170,1,0,4,1246.0,0.0,,1246,,
BRD-K37150847,2,0,4,1249.0,14.0,1235.0,1263,,
pp 1,3,0,4,1249.6666666666667,566.1156144189002,1275.0,1930,,544.0
sb 205384,2,0,4,1250.5,259.5,991.0,1510,,
b4313,3,0,4,1250.6666666666667,599.3008889994703,1152.0,2029,571.0,
curcubitacin i,4,0,4,1250.75,685.1450120230023,1430.0,2294,710.0,569.0
meclocycline sulfosalicylate,1,0,4,1251.0,0.0,,1251,,
prenylamine lactate,1,0,4,1252.0,0.0,,1252,,
lde225 (nvp-lde225),2,0,4,1252.5,168.5,1421.0,1084,,
pepstatin a,1,0,4,1254.0,0.0,,1254,,
ag 592,3,0,4,1254.6666666666667,530.1674787796358,1217.0,1922,625.0,
delta1-hydrocortisone 21-hemisuccinate,2,0,4,1255.0,99.0,1156.0,1354,,
BRD-K72451865,2,0,4,1255.5,550.5,705.0,1806,,
ncgc00238427-01,2,0,4,1256.0,354.0,902.0,1610,,
ncgc00182833-01,1,0,4,1259.0,0.0,,1259,,
BRD-K00824317 (flurandrenolide),2,0,4,1259.5,215.5,1044.0,1475,,
vu0415556-1,2,0,4,1260.0,261.0,999.0,1521,,
BRD-K54687541,1,0,4,1261.0,0.0,,1261,,
nnc 55-0396 dihydrochloride,3,0,4,1262.0,668.3686607454501,1377.0,2017,392.0,
methylprednisolone,3,0,4,1262.6666666666667,620.5488610003961,1268.0,2020,500.0,
s1011,3,0,4,1262.6666666666667,628.1280831875683,956.0,2138,694.0,
ro 08-2750,3,0,4,1263.0,712.0660081762084,1114.0,2200,475.0,
s1014,2,0,4,1263.5,1073.5,190.0,2337,,
BRD-K22631935,1,0,4,1264.0,0.0,,1264,,
BRD-K55116708,2,0,4,1265.0,255.0,1010.0,1520,,
compound 58,1,0,4,1267.0,0.0,,1267,,
clobenpropit dihydrobromide,2,0,4,1268.0,659.0,609.0,1927,,
pd 123319 ditrifluoroacetate,2,0,4,1268.0,179.0,1089.0,1447,,
btb06091sc,2,0,4,1269.5,295.5,974.0,1565,,
BRD-K05104363,2,0,4,1270.0,192.0,1078.0,1462,,
BRD-K89224880,3,0,4,1270.6666666666667,517.4922436348415,1202.0,1936,674.0,
vesamicol,1,0,4,1272.0,0.0,,1272,,
ncgc00182554-02,2,0,4,1273.0,440.0,833.0,1713,,
gr-103,2,0,4,1276.0,745.0,531.0,2021,,
BRD-K29622226,2,0,4,1277.0,620.0,657.0,1897,,
cyclizine hydrochloride,1,0,4,1278.0,0.0,,1278,,
pdgf receptor tyrosine kinase inhibitor i,2,0,4,1278.0,58.0,1336.0,1220,,
BRD-K74486276,2,0,4,1283.5,77.5,1206.0,1361,,
mls-0390945.0001,1,0,4,1284.0,0.0,,1284,,
linezolid,1,0,4,1286.0,0.0,,1286,,
"chrysene-1,4-quinone",2,0,4,1286.5,180.5,1106.0,1467,,
BRD-K89329876,2,0,4,1288.0,228.0,1060.0,1516,,
zileuton,2,0,4,1288.0,102.0,1186.0,1390,,
m9948,2,0,4,1289.5,106.5,1396.0,1183,,
menadione,3,0,4,1290.0,690.7421129963532,1257.0,2152,461.0,
t3205,1,0,4,1291.0,0.0,,1291,,
loteprednol,1,0,4,1293.0,0.0,,1293,,
nu7026,1,0,4,1297.0,0.0,,1297,,
BRD-K74623475,2,0,4,1297.5,364.5,933.0,1662,,
ncgc00183388-01,1,0,4,1298.0,0.0,,1298,,
ncgc00241726-01,3,0,4,1299.0,541.8099297724249,1267.0,1978,652.0,
ncgc00182382-01,2,0,4,1300.0,279.0,1021.0,1579,,
BRD-K59470558,1,0,4,1301.0,0.0,,1301,,
ch 55,3,0,4,1301.0,738.7141982300507,1107.0,2287,,509.0
kuc104135 kuc104135n,2,0,4,1301.0,151.0,1150.0,1452,,
immepip dihydrobromide,2,0,4,1302.5,750.5,552.0,2053,,
bl-010,2,0,4,1303.0,79.0,1224.0,1382,,
BRD-K21672423,3,0,4,1304.3333333333333,633.4784044376643,1374.0,2043,496.0,
piroxicam,2,0,4,1307.5,155.5,1463.0,1152,,
pd 198306,3,0,4,1308.0,577.5072871113114,1176.0,2072,676.0,
pd 407824,3,0,4,1309.3333333333333,654.873694353007,1320.0,2106,502.0,
gr 159897,1,0,4,1310.0,0.0,,1310,,
y 134,1,0,4,1311.0,0.0,,1311,,
BRD-K51556300,2,0,4,1313.0,434.0,879.0,1747,,
dienestrol,2,0,4,1313.0,283.0,1030.0,1596,,
BRD-K04363266,1,0,4,1318.0,0.0,,1318,,
BRD-K43226598,3,0,4,1318.0,489.1427876056915,1424.0,1857,673.0,
c8273,2,0,4,1318.0,296.0,1022.0,1614,,
itavastatin ca,3,0,4,1318.0,610.5096231837791,1169.0,2129,656.0,
bml-257,1,0,4,1319.0,0.0,,1319,,
BRD-K58674774,1,0,4,1324.0,0.0,,1324,,
kuc104495 kuc104495n,3,0,4,1324.0,427.09561770950853,1468.0,1760,744.0,
gbr 13069 dihydrochloride,1,0,4,1327.0,0.0,,1327,,
hydrocortisone phosphate triethylamine,2,0,4,1330.5,554.5,776.0,1885,,
rolipram,1,0,4,1331.0,0.0,,1331,,
nicardipine hydrochloride,1,0,4,1332.0,0.0,,1332,,
src kinase inhibitor ii,3,0,4,1332.6666666666667,698.2599006737312,1293.0,2207,498.0,
p0030,3,0,4,1333.6666666666667,514.7117855870625,1390.0,1934,677.0,
pp 2,3,0,4,1334.6666666666667,580.5286862469034,1410.0,2005,589.0,
BRD-K13665914,2,0,4,1335.0,2.0,1337.0,1333,,
BRD-K99616396,1,0,4,1335.0,0.0,,1335,,
chlorpromazine,2,0,4,1335.0,73.0,1408.0,1262,,
"l-690,488",3,0,4,1335.6666666666667,589.1419372462143,1326.0,2062,619.0,
nnc 26-9100,3,0,4,1335.6666666666667,676.8861712938807,1269.0,2196,542.0,
niguldipine,3,0,4,1337.3333333333333,730.3005469591878,1209.0,2289,514.0,
albendazole,1,0,4,1338.0,0.0,,1338,,
BRD-K62970326,1,0,4,1339.0,0.0,,1339,,
BRD-A11087911,2,0,4,1340.0,198.0,1142.0,1538,,
BRD-K33720404,1,0,4,1341.0,0.0,,1341,,
ncgc00181233-01,3,0,4,1341.3333333333333,744.8352539693294,1184.0,2322,518.0,
triamcinolone,2,0,4,1341.5,236.5,1105.0,1578,,
BRD-K70748405,2,0,4,1342.0,288.0,1054.0,1630,,
BRD-K45114207,2,0,4,1343.0,507.0,836.0,1850,,
flumethasone,2,0,4,1343.5,34.5,1378.0,1309,,
osi-906,2,0,4,1343.5,415.5,928.0,1759,,
t5323840,3,0,4,1346.3333333333333,468.2978634255007,1492.0,1833,714.0,
"l-733,060 hydrochloride",1,0,4,1347.0,0.0,,1347,,
2-chloro-7-methoxyphenothiazine,3,0,4,1347.3333333333333,728.2093716019376,1414.0,2204,424.0,
BRD-K29143967,2,0,4,1349.5,326.5,1023.0,1676,,
ala-ala-phe-cmk,1,0,4,1350.0,0.0,,1350,,
ncgc00188536-01,3,0,4,1350.0,575.2048910315929,1380.0,2039,631.0,
BRD-A63583287,3,0,4,1351.0,613.3922073192649,1401.0,2076,576.0,
BRD-K19295594,3,0,4,1352.0,488.3912366126157,1417.0,1915,724.0,
mls-0437633.0003,3,0,4,1353.6666666666667,767.1854766323171,1370.0,2285,406.0,
floxuridine,2,0,4,1355.0,831.0,524.0,2186,,
tremulacin,1,0,4,1355.0,0.0,,1355,,
BRD-A35020550,2,0,4,1355.5,718.5,637.0,2074,,
BRD-K96274284,2,0,4,1355.5,544.5,811.0,1900,,
nonoxynol-9,3,0,4,1356.0,610.3348807553659,1359.0,2102,607.0,
BRD-K66254772,3,0,4,1356.3333333333333,510.4797307979579,1512.0,1889,668.0,
r2146,3,0,4,1356.3333333333333,691.8922523694631,1450.0,2153,466.0,
BRD-K49010888,2,0,4,1356.5,304.5,1052.0,1661,,
t 0070907,2,0,4,1357.0,458.0,899.0,1815,,
pkc-412,2,0,4,1357.5,319.5,1038.0,1677,,
BRD-K33045404,3,0,4,1360.0,751.2749163921287,1321.0,2299,460.0,
BRD-K80334323 (norethynodrel),1,0,4,1360.0,0.0,,1360,,
BRD-K88868628,3,0,4,1361.0,718.0561723616521,1419.0,2210,454.0,
cytarabine,2,0,4,1362.5,113.5,1249.0,1476,,
ct-200783,3,0,4,1362.6666666666667,556.6910174314734,1434.0,2006,648.0,
ivermectin,3,0,4,1363.0,682.6668294270639,1484.0,2132,473.0,
BRD-K77877933,3,0,4,1365.3333333333333,731.1736379881928,1180.0,2339,577.0,
phenazopyridine hydrochloride,1,0,4,1366.0,0.0,,1366,,
BRD-K14681867,1,0,4,1367.0,0.0,,1367,,
n-formylmethionylalanine,2,0,4,1367.5,112.5,1255.0,1480,,
mirtazapine,1,0,4,1369.0,0.0,,1369,,
nsc 632839 hydrochloride,3,0,4,1370.3333333333333,673.6573477831458,1265.0,2243,603.0,
BRD-A83124583,3,0,4,1371.0,642.4178287272752,1346.0,2170,597.0,
mls-0359128.0001,1,0,4,1372.0,0.0,,1372,,
BRD-K40373196,3,0,4,1372.3333333333333,652.7257378783901,1328.0,2193,596.0,
formoterol,1,0,4,1373.0,0.0,,1373,,
BRD-K65955264,2,0,4,1373.5,93.5,1467.0,1280,,
skf 89976a hydrochloride,2,0,4,1374.0,266.0,1108.0,1640,,
bas 02859604,1,0,4,1376.0,0.0,,1376,,
mls-0106435.0004,1,0,4,1377.0,0.0,,1377,,
ncgc00188535-01,3,0,4,1377.3333333333333,654.3089654148278,1462.0,2133,537.0,
BRD-K91145395,3,0,4,1378.3333333333333,620.4715052997107,1557.0,2033,545.0,
irinotecan hydrochloride trihydrate,3,0,4,1379.3333333333333,676.7827486637708,1281.0,2253,604.0,
terfenadine,2,0,4,1380.0,427.0,953.0,1807,,
BRD-A41250203,3,0,4,1381.0,737.4116896279852,1233.0,2349,561.0,
cjd-pla-20-1,2,0,4,1381.0,260.0,1121.0,1641,,
lylamine hydrochloride,3,0,4,1381.0,680.2901341829578,1465.0,2169,509.0,
mosapride,1,0,4,1381.0,0.0,,1381,,
(-)-gallocatechin gallate,2,0,4,1381.5,53.5,1435.0,1328,,
jtc 801,3,0,4,1382.0,765.4188395904558,1104.0,2427,615.0,
cgp 37157,3,0,4,1382.3333333333333,567.1650749316483,1398.0,2069,680.0,
thiostrepton,3,0,4,1382.3333333333333,774.8523873759584,1140.0,2429,578.0,
BRD-K57732441,2,0,4,1383.0,188.0,1195.0,1571,,
calcitriol,1,0,4,1383.0,0.0,,1383,,
aloisine a,2,0,4,1383.5,416.5,967.0,1800,,
ncgc00182364-01,3,0,4,1384.6666666666667,788.7375285155949,1237.0,2416,501.0,
scoulerine,1,0,4,1385.0,0.0,,1385,,
BRD-K52800308,1,0,4,1386.0,0.0,,1386,,
BRD-K10649245,2,0,4,1386.5,247.5,1139.0,1634,,
BRD-K45435259,2,0,4,1387.5,647.5,740.0,2035,,
BRD-K81538844,1,0,4,1388.0,0.0,,1388,,
BRD-K85660637,2,0,4,1388.5,404.5,984.0,1793,,
cyclopiazonic acid,2,0,4,1389.5,23.5,1366.0,1413,,
mifepristone,2,0,4,1390.5,294.5,1096.0,1685,,
ipratropium bromide,3,0,4,1393.6666666666667,607.5702062770652,1409.0,2130,642.0,
n-desmethylclozapine,1,0,4,1395.0,0.0,,1395,,
BRD-K76042595,2,0,4,1395.5,212.5,1183.0,1608,,
BRD-A59145032,3,0,4,1396.0,745.7331962572136,1313.0,2348,527.0,
tamoxifen citrate,1,0,4,1397.0,0.0,,1397,,
homosalate,2,0,4,1398.0,147.0,1251.0,1545,,
suloctidil,3,0,4,1398.0,652.6811370544324,1426.0,2183,585.0,
cgs 9343b,1,0,4,1399.0,0.0,,1399,,
"tamoxifen, 4-hydroxy-, (z)-",2,0,4,1399.5,517.5,882.0,1917,,
BRD-K67941506,1,0,4,1402.0,0.0,,1402,,
BRD-K56111351,2,0,4,1402.5,303.5,1099.0,1706,,
toremifene,1,0,4,1403.0,0.0,,1403,,
remacemide hydrochloride,2,0,4,1404.0,100.0,1504.0,1304,,
fk506,3,0,4,1404.3333333333333,760.4561496598969,1358.0,2358,497.0,
c-1,2,0,4,1404.5,148.5,1256.0,1553,,
BRD-K69852452,3,0,4,1405.0,678.5617142161794,1393.0,2242,580.0,
ncgc00241077-01,2,0,4,1406.5,128.5,1278.0,1535,,
BRD-A68065211,3,0,4,1406.6666666666667,604.02115489075,1315.0,2188,717.0,
ikk inhibitor x,1,0,4,1407.0,0.0,,1407,,
BRD-K99502566,2,0,4,1410.0,364.0,1046.0,1774,,
cvf-csc-7 brd-a32595718,3,0,4,1410.0,495.114128257314,1559.0,1928,743.0,
ei-346,3,0,4,1410.0,733.8828244345278,1344.0,2340,546.0,
sb 216763,2,0,4,1412.5,666.5,746.0,2079,,
nnc 05-2090 hydrochloride,2,0,4,1413.0,438.0,975.0,1851,,
cilnidipine,1,0,4,1415.0,0.0,,1415,,
ly 303511,2,0,4,1416.5,254.5,1162.0,1671,,
BRD-K49749421,1,0,4,1418.0,0.0,,1418,,
desoximetasone,2,0,4,1418.5,292.5,1126.0,1711,,
finasteride,1,0,4,1420.0,0.0,,1420,,
BRD-K78930611,1,0,4,1421.0,0.0,,1421,,
sodium dehydrocholate,2,0,4,1423.5,592.5,831.0,2016,,
s1174,1,0,4,1424.0,0.0,,1424,,
x0379,2,0,4,1424.0,132.0,1556.0,1292,,
ncgc00167398-02,3,0,4,1425.0,664.0396574502661,1304.0,2292,679.0,
"clomiphene citrate (z,e)",1,0,4,1426.0,0.0,,1426,,
trimipramine maleate salt,2,0,4,1426.5,167.5,1259.0,1594,,
raf1 kinase inhibitor i,2,0,4,1427.5,66.5,1361.0,1494,,
BRD-K99633092,3,0,4,1427.6666666666667,613.2244468563058,1437.0,2174,672.0,
devazepide,2,0,4,1428.0,854.0,574.0,2282,,
rottlerin ncgc00025228-11,3,0,4,1428.6666666666667,606.76262977287,1350.0,2208,728.0,
mls-0390818.0001,1,0,4,1429.0,0.0,,1429,,
cct 018159,2,0,4,1430.0,311.0,1119.0,1741,,
clocortolone pivalate,3,0,4,1431.3333333333333,715.2082835712188,1399.0,2323,572.0,
qs 11,2,0,4,1431.5,211.5,1220.0,1643,,
bml-st330,1,0,4,1433.0,0.0,,1433,,
ncgc00180994-01,1,0,4,1434.0,0.0,,1434,,
benzamil hydrochloride,1,0,4,1436.0,0.0,,1436,,
methotrexate,2,0,4,1436.5,147.5,1289.0,1584,,
8-{[2-oxo-2-(1-pyrrolidinyl)ethyl]thio}quinoline,2,0,4,1438.0,80.0,1518.0,1358,,
BRD-K24031526,1,0,4,1439.0,0.0,,1439,,
BRD-A81282034,3,0,4,1440.0,737.3768823787918,1347.0,2386,587.0,
alprostadil,1,0,4,1441.0,0.0,,1441,,
ncgc00182362-01,2,0,4,1441.0,781.0,660.0,2222,,
st056792,3,0,4,1441.0,620.3370051834728,1338.0,2247,738.0,
fu jmbii105b,1,0,4,1442.0,0.0,,1442,,
BRD-K86574132,3,0,4,1444.6666666666667,599.5622477181906,1420.0,2191,723.0,
pyrvinium pamoate,2,0,4,1445.0,158.0,1287.0,1603,,
triamcinolone acetonide,3,0,4,1446.3333333333333,593.408422214882,1496.0,2147,696.0,
cmpd-1,2,0,4,1447.0,405.0,1042.0,1852,,
BRD-K68548958,3,0,4,1448.0,570.6855526469897,1522.0,2107,715.0,
BRD-A80536908,2,0,4,1449.0,346.0,1103.0,1795,,
BRD-K30704475,1,0,4,1449.0,0.0,,1449,,
BRD-K16180117,1,0,4,1450.0,0.0,,1450,,
BRD-K77547920,3,0,4,1451.0,610.4233503615885,1436.0,2206,711.0,
carbamazepine,1,0,4,1451.0,0.0,,1451,,
domperidone,2,0,4,1452.5,351.5,1101.0,1804,,
mdm2 inhibitor,2,0,4,1452.5,222.5,1230.0,1675,,
aminolevulinic acid,2,0,4,1457.5,22.5,1480.0,1435,,
wr 216174,3,0,4,1458.3333333333333,813.4315514466407,1558.0,2401,416.0,
palda,3,0,4,1460.0,611.7537630997186,1482.0,2198,700.0,
ncgc00188530-01,3,0,4,1461.3333333333333,695.8507183456968,1438.0,2325,621.0,
BRD-U86222656,2,0,4,1463.5,382.5,1081.0,1846,,
"methyl 2,5-dihydroxycinnamate",2,0,4,1463.5,648.5,815.0,2112,,
BRD-K53932786,3,0,4,1464.6666666666667,642.7183589169434,1446.0,2261,687.0,
ncgc00181375-01,1,0,4,1468.0,0.0,,1468,,
15-delta prostaglandin j2,3,0,4,1470.3333333333333,670.9527222953608,1349.0,2346,716.0,
norpramin,1,0,4,1471.0,0.0,,1471,,
propyl-beta-carboline-3-carboxylate,3,0,4,1472.0,643.3645933683326,1503.0,2244,669.0,
BRD-A18411371,3,0,4,1472.3333333333333,656.8837204728263,1478.0,2274,665.0,
vu0365121-1,3,0,4,1475.0,724.586778791885,1428.0,2385,612.0,
BRD-K74711637,1,0,4,1479.0,0.0,,1479,,
felamidin,2,0,4,1479.0,287.0,1192.0,1766,,
BRD-U73238814,2,0,4,1479.5,258.5,1221.0,1738,,
bntx maleate,3,0,4,1482.0,582.5364080181313,1543.0,2163,740.0,
mitotane,2,0,4,1483.0,29.0,1454.0,1512,,
hoechst  33342 (cell permeable) (bisbenzimide),3,0,4,1483.6666666666667,701.1439858466225,1443.0,2362,646.0,
triclosan,1,0,4,1484.0,0.0,,1484,,
BRD-K50234570,3,0,4,1485.6666666666667,655.3865695568956,1397.0,2329,731.0,
gr-235,1,0,4,1487.0,0.0,,1487,,
BRD-K00627859,2,0,4,1490.0,379.0,1111.0,1869,,
su 5416,1,0,4,1490.0,0.0,,1490,,
BRD-K11362964,1,0,4,1492.0,0.0,,1492,,
BRD-K55844427,3,0,4,1492.0,692.5335130278294,1472.0,2350,654.0,
telmisartan,1,0,4,1493.0,0.0,,1493,,
BRD-K25737009,3,0,4,1493.3333333333333,641.8288106825855,1506.0,2273,701.0,
guggulsterone,3,0,4,1494.0,686.8949458735788,1431.0,2365,686.0,
km00799,2,0,4,1494.5,488.5,1006.0,1983,,
securinine,2,0,4,1495.0,36.0,1459.0,1531,,
BRD-A49848186,3,0,4,1495.3333333333333,639.3696548598123,1461.0,2295,730.0,
ncgc00165208-01,2,0,4,1498.5,474.5,1024.0,1973,,
ncgc00182353-01,1,0,4,1499.0,0.0,,1499,,
BRD-K12393722,2,0,4,1499.5,335.5,1164.0,1835,,
11k-629s,2,0,4,1502.0,520.0,982.0,2022,,
BRD-K96405393,1,0,4,1503.0,0.0,,1503,,
o-2050,1,0,4,1504.0,0.0,,1504,,
BRD-K09854848,2,0,4,1504.5,459.5,1045.0,1964,,
mls-0435555.0001,3,0,4,1507.0,675.4929064517752,1533.0,2321,667.0,
thiocolchicoside,3,0,4,1507.3333333333333,655.183095698362,1452.0,2336,734.0,
BRD-K33116223,2,0,4,1511.5,336.5,1175.0,1848,,
BRD-K25690923,2,0,4,1513.0,160.0,1353.0,1673,,
tyrphostin 47,1,0,4,1513.0,0.0,,1513,,
triciribine,2,0,4,1513.5,28.5,1485.0,1542,,
BRD-K20492338,2,0,4,1515.5,214.5,1301.0,1730,,
ly 288513,3,0,4,1517.6666666666667,677.3184053473095,1508.0,2352,693.0,
BRD-K79404599,1,0,4,1518.0,0.0,,1518,,
ncgc00183401-01,2,0,4,1519.0,455.0,1064.0,1974,,
BRD-K26818574,2,0,4,1521.5,24.5,1546.0,1497,,
amlodipine besylate,2,0,4,1523.5,308.5,1215.0,1832,,
BRD-K56515112 (medrysone),1,0,4,1525.0,0.0,,1525,,
BRD-A25337146,2,0,4,1527.0,197.0,1330.0,1724,,
antimycin a,2,0,4,1528.0,435.0,1093.0,1963,,
BRD-K25731886,2,0,4,1528.5,2.5,1531.0,1526,,
carmofur,1,0,4,1529.0,0.0,,1529,,
ncgc00182361-01,2,0,4,1532.0,524.0,1008.0,2056,,
BRD-A40431293,3,0,4,1532.3333333333333,635.988644203303,1562.0,2296,739.0,
hypericin,1,0,4,1533.0,0.0,,1533,,
BRD-K70251741,1,0,4,1537.0,0.0,,1537,,
ncgc00182393-01,3,0,4,1539.6666666666667,675.2847958865618,1529.0,2372,718.0,
dihydroergocristine,2,0,4,1540.0,339.0,1201.0,1879,,
deracoxib,1,0,4,1541.0,0.0,,1541,,
s2001,1,0,4,1543.0,0.0,,1543,,
BRD-K16533489,3,0,4,1543.3333333333333,703.4260602381904,1537.0,2408,685.0,
s1452,3,0,4,1543.6666666666667,709.9644748545912,1536.0,2417,678.0,
BRD-K52321331,2,0,4,1546.5,274.5,1272.0,1821,,
BRD-K46171503,1,0,4,1548.0,0.0,,1548,,
BRD-K71935468,3,0,4,1549.0,694.598205199716,1509.0,2419,719.0,
lasalocid sodium,1,0,4,1549.0,0.0,,1549,,
BRD-K58618158,1,0,4,1551.0,0.0,,1551,,
immethridine dihydrobromide,1,0,4,1552.0,0.0,,1552,,
arcyriaflavin a,2,0,4,1556.5,342.5,1214.0,1899,,
BRD-K24705176,1,0,4,1559.0,0.0,,1559,,
BRD-K16290432,1,0,4,1560.0,0.0,,1560,,
nelfinavir,2,0,4,1560.0,328.0,1232.0,1888,,
mls-0390851.0001,1,0,4,1561.0,0.0,,1561,,
BRD-A10523515,1,0,4,1562.0,0.0,,1562,,
BRD-K94991378,2,0,4,1562.0,252.0,1310.0,1814,,
mrs 1220,3,0,4,1562.3333333333333,711.5786830858709,1560.0,2435,692.0,
amodiaquin dihydrochloride dihydrate,2,0,4,1562.5,707.5,855.0,2270,,
BRD-K20123385,1,0,4,1563.0,0.0,,1563,,
BRD-K46692335,2,0,4,1564.0,436.0,1128.0,2000,,
lomatin,2,0,4,1566.5,344.5,1222.0,1911,,
sulindac,2,0,4,1568.0,473.0,1095.0,2041,,
vu0420363-1,1,0,4,1568.0,0.0,,1568,,
BRD-K48950795,1,0,4,1573.0,0.0,,1573,,
BRD-K27169919,3,0,4,1575.3333333333333,685.9039453321597,1564.0,2421,741.0,
ei-328,3,0,4,1575.3333333333333,686.340213661482,1561.0,2423,742.0,
ncgc00182357-01,1,0,4,1577.0,0.0,,1577,,
BRD-K06436323,2,0,4,1578.5,433.5,1145.0,2012,,
ncgc00182607-01,2,0,4,1578.5,510.5,1068.0,2089,,
BRD-K84091085,2,0,4,1580.0,73.0,1507.0,1653,,
w-7 hydrochloride,1,0,4,1583.0,0.0,,1583,,
BRD-K04534322,2,0,4,1583.5,402.5,1181.0,1986,,
emd 386088 hydrochloride,2,0,4,1585.5,286.5,1299.0,1872,,
diflunisal,1,0,4,1587.0,0.0,,1587,,
ag-879,2,0,4,1590.0,234.0,1356.0,1824,,
BRD-K96072942,2,0,4,1590.5,300.5,1290.0,1891,,
"l-689,560",1,0,4,1591.0,0.0,,1591,,
ami-193,1,0,4,1592.0,0.0,,1592,,
BRD-K77547509,1,0,4,1593.0,0.0,,1593,,
bay 11-7821,2,0,4,1593.5,345.5,1248.0,1939,,
BRD-K57309821,1,0,4,1595.0,0.0,,1595,,
tl hras24 brd-k93060291,2,0,4,1598.5,549.5,1049.0,2148,,
BRD-K05331696,2,0,4,1599.0,638.0,961.0,2237,,
BRD-K86682249,1,0,4,1600.0,0.0,,1600,,
bw 723c86 hydrochloride,2,0,4,1601.0,226.0,1375.0,1827,,
epicatechin monogallate,1,0,4,1602.0,0.0,,1602,,
BRD-K81609421,2,0,4,1603.5,387.5,1216.0,1991,,
amitriptyline hydrochloride,2,0,4,1603.5,260.5,1343.0,1864,,
erythromycin ethylsuccinate,1,0,4,1605.0,0.0,,1605,,
s1080,1,0,4,1606.0,0.0,,1606,,
indirubin-3?-monoxime,2,0,4,1607.5,266.5,1341.0,1874,,
s1142,2,0,4,1607.5,388.5,1219.0,1996,,
ranitidine hydrochloride,2,0,4,1608.5,283.5,1325.0,1892,,
BRD-K19922318,1,0,4,1611.0,0.0,,1611,,
ncgc00181920-01,1,0,4,1612.0,0.0,,1612,,
moban,2,0,4,1612.5,384.5,1228.0,1997,,
BRD-K55071917,1,0,4,1613.0,0.0,,1613,,
t0513-6584,1,0,4,1615.0,0.0,,1615,,
BRD-K24754728,1,0,4,1616.0,0.0,,1616,,
bithionate sodium,2,0,4,1616.0,277.0,1339.0,1893,,
kuc103443n,2,0,4,1616.0,526.0,1090.0,2142,,
citalopram hydrobromide,1,0,4,1617.0,0.0,,1617,,
thapsigargin,2,0,4,1617.0,533.0,1084.0,2150,,
dephostatin,1,0,4,1618.0,0.0,,1618,,
BRD-K49553303,2,0,4,1620.0,438.0,1182.0,2058,,
zoxazolamine,1,0,4,1620.0,0.0,,1620,,
BRD-K93578426,2,0,4,1620.5,487.5,1133.0,2108,,
fit,2,0,4,1624.0,604.0,1020.0,2228,,
gabexate mesylate,1,0,4,1624.0,0.0,,1624,,
BRD-K87964538,2,0,4,1624.5,69.5,1555.0,1694,,
nitazoxanide,1,0,4,1626.0,0.0,,1626,,
verapamil hydrochloride,1,0,4,1627.0,0.0,,1627,,
npc 15199,1,0,4,1628.0,0.0,,1628,,
BRD-A47832959,2,0,4,1628.5,461.5,1167.0,2090,,
avermectin b1a,1,0,4,1629.0,0.0,,1629,,
BRD-K88569143,2,0,4,1630.5,208.5,1422.0,1839,,
anpirtoline hydrochloride,1,0,4,1631.0,0.0,,1631,,
sinensetin,1,0,4,1632.0,0.0,,1632,,
axon1408,2,0,4,1633.0,177.0,1456.0,1810,,
jte 907,1,0,4,1633.0,0.0,,1633,,
BRD-A94793051,1,0,4,1635.0,0.0,,1635,,
esculin hydrate,2,0,4,1635.0,555.0,1080.0,2190,,
ethopropazine hydrochloride,1,0,4,1637.0,0.0,,1637,,
miochol,1,0,4,1638.0,0.0,,1638,,
BRD-K11072542,1,0,4,1639.0,0.0,,1639,,
cjd-fun-4-2,2,0,4,1639.5,359.5,1280.0,1999,,
peitc,2,0,4,1643.0,454.0,1189.0,2097,,
BRD-K58214070,2,0,4,1647.0,420.0,1227.0,2067,,
flurandrenolide,2,0,4,1647.0,407.0,1240.0,2054,,
dapt,1,0,4,1649.0,0.0,,1649,,
deacetoxy-7-oxisogedunin,1,0,4,1650.0,0.0,,1650,,
bay 36-7620,1,0,4,1651.0,0.0,,1651,,
jfd02227,2,0,4,1652.0,407.0,1245.0,2059,,
amiloride hydrochloride dihydrate,1,0,4,1654.0,0.0,,1654,,
dm-55-3 brd-k81592585,2,0,4,1656.0,390.0,1266.0,2046,,
BRD-K98834634,2,0,4,1656.5,395.5,1261.0,2052,,
ncgc00182327-02,1,0,4,1657.0,0.0,,1657,,
hemicholinium bromide,1,0,4,1658.0,0.0,,1658,,
ncgc00180992-01,1,0,4,1659.0,0.0,,1659,,
celecoxib,1,0,4,1660.0,0.0,,1660,,
BRD-K92470030,2,0,4,1660.5,495.5,1165.0,2156,,
angiogenesis inhibitor,2,0,4,1660.5,205.5,1455.0,1866,,
bibu 1361 dihydrochloride,2,0,4,1661.5,185.5,1476.0,1847,,
(e)-capsaicin,2,0,4,1662.0,357.0,1305.0,2019,,
BRD-K46681113,1,0,4,1663.0,0.0,,1663,,
ag 556,1,0,4,1665.0,0.0,,1665,,
np-009265,2,0,4,1667.0,667.0,1000.0,2334,,
BRD-K74155249,1,0,4,1668.0,0.0,,1668,,
ca-074-me,2,0,4,1668.0,193.0,1475.0,1861,,
amoxapine,1,0,4,1669.0,0.0,,1669,,
BRD-K73945663,1,0,4,1670.0,0.0,,1670,,
BRD-K11663430,2,0,4,1673.0,371.0,1302.0,2044,,
BRD-A80960055,2,0,4,1674.0,149.0,1525.0,1823,,
ncgc00182371-01,2,0,4,1675.5,299.5,1376.0,1975,,
BRD-K97701319,2,0,4,1678.0,370.0,1308.0,2048,,
physostigmine salicylate,1,0,4,1679.0,0.0,,1679,,
t5247673,2,0,4,1679.5,297.5,1382.0,1977,,
beclomethasone,2,0,4,1680.0,356.0,1324.0,2036,,
mls-0146291.0001,1,0,4,1680.0,0.0,,1680,,
BRD-A82238138 (budesonide),1,0,4,1681.0,0.0,,1681,,
BRD-K91509126 (piceatannol),1,0,4,1683.0,0.0,,1683,,
modafinil,2,0,4,1683.0,193.0,1490.0,1876,,
BRD-K82971429,1,0,4,1686.0,0.0,,1686,,
ncgc00182390-01,2,0,4,1687.0,245.0,1442.0,1932,,
s-8599,1,0,4,1689.0,0.0,,1689,,
BRD-K53987746,1,0,4,1691.0,0.0,,1691,,
butein,1,0,4,1692.0,0.0,,1692,,
d 4476,1,0,4,1695.0,0.0,,1695,,
BRD-A00420644,1,0,4,1696.0,0.0,,1696,,
BRD-K00007652,1,0,4,1699.0,0.0,,1699,,
"r(-)-2,10,11-trihydroxyaporphine",1,0,4,1700.0,0.0,,1700,,
phenformin hydrochloride,1,0,4,1702.0,0.0,,1702,,
BRD-A37735495,2,0,4,1703.5,694.5,1009.0,2398,,
BRD-K10906552,2,0,4,1705.0,613.0,1092.0,2318,,
rosuvastatin calcium,2,0,4,1705.0,429.0,1276.0,2134,,
BRD-A76641868,2,0,4,1706.0,453.0,1253.0,2159,,
fenobam,2,0,4,1706.5,338.5,1368.0,2045,,
e0886,1,0,4,1708.0,0.0,,1708,,
"cp 55,940",2,0,4,1708.5,376.5,1332.0,2085,,
ncgc00188740-01,2,0,4,1709.0,355.0,1354.0,2064,,
nemonapride,1,0,4,1710.0,0.0,,1710,,
BRD-K78373679,2,0,4,1710.5,404.5,1306.0,2115,,
bumetanide,2,0,4,1711.5,437.5,1274.0,2149,,
BRD-A15914070,1,0,4,1712.0,0.0,,1712,,
dau 5884 hydrochloride,1,0,4,1715.0,0.0,,1715,,
s1352,1,0,4,1718.0,0.0,,1718,,
ncgc00181799-01,2,0,4,1718.5,367.5,1351.0,2086,,
BRD-K28180706,1,0,4,1720.0,0.0,,1720,,
BRD-K76938712,2,0,4,1721.0,263.0,1458.0,1984,,
rhamnetin,1,0,4,1721.0,0.0,,1721,,
mammea a/ba + a/bb,2,0,4,1721.5,381.5,1340.0,2103,,
BRD-K90999434,2,0,4,1724.0,647.0,1077.0,2371,,
remoxipride hydrochloride,1,0,4,1725.0,0.0,,1725,,
cpccoet,1,0,4,1726.0,0.0,,1726,,
dcpib,2,0,4,1726.5,196.5,1530.0,1923,,
BRD-K96083840,2,0,4,1727.0,343.0,1384.0,2070,,
hy-70061,1,0,4,1727.0,0.0,,1727,,
mk 212,2,0,4,1727.5,287.5,1440.0,2015,,
BRD-K31856043,2,0,4,1730.0,539.0,1191.0,2269,,
stock3s-04022,2,0,4,1730.0,630.0,1100.0,2360,,
BRD-A68061604,2,0,4,1730.5,363.5,1367.0,2094,,
CHIR-99021,1,0,4,1731.0,0.0,,1731,,
carvedilol,2,0,4,1732.0,440.0,1292.0,2172,,
hts 12526,1,0,4,1732.0,0.0,,1732,,
pq 401,1,0,4,1733.0,0.0,,1733,,
tpl2,2,0,4,1733.0,574.0,1159.0,2307,,
lupanine perchlorate,1,0,4,1734.0,0.0,,1734,,
BRD-K18163752,2,0,4,1736.0,405.0,1331.0,2141,,
BRD-A18725729,2,0,4,1739.0,405.0,1334.0,2144,,
pindolol,1,0,4,1740.0,0.0,,1740,,
bg fa 0953,1,0,4,1742.0,0.0,,1742,,
darinaparsin,1,0,4,1743.0,0.0,,1743,,
BRD-K86899078,2,0,4,1743.5,351.5,1392.0,2095,,
BRD-K83213280,1,0,4,1744.0,0.0,,1744,,
doxylamine succinate,1,0,4,1746.0,0.0,,1746,,
BRD-K60895275,1,0,4,1748.0,0.0,,1748,,
BRD-K75308990,2,0,4,1749.0,386.0,1363.0,2135,,
l 655240,1,0,4,1750.0,0.0,,1750,,
triprolidine hydrochloride,2,0,4,1750.5,386.5,1364.0,2137,,
BRD-K03015355,1,0,4,1753.0,0.0,,1753,,
ncgc00182392-01,1,0,4,1755.0,0.0,,1755,,
BRD-K07023879,2,0,4,1756.0,353.0,1403.0,2109,,
fluvoxamine maleate,1,0,4,1756.0,0.0,,1756,,
rimcazole dihydrochloride,1,0,4,1758.0,0.0,,1758,,
BRD-K58306044,2,0,4,1758.5,584.5,1174.0,2343,,
gr 103691,1,0,4,1761.0,0.0,,1761,,
pivmecillinam hydrochloride,1,0,4,1762.0,0.0,,1762,,
BRD-K94173926,1,0,4,1763.0,0.0,,1763,,
BRD-U32365159,2,0,4,1765.0,361.0,1404.0,2126,,
"fluphenazine-n-2-chloroethane, dihydrochloride",2,0,4,1766.0,351.0,1415.0,2117,,
tizanidine hcl,2,0,4,1766.0,317.0,1449.0,2083,,
BRD-K70917163,2,0,4,1766.5,444.5,1322.0,2211,,
BRD-K36038115,2,0,4,1767.5,464.5,1303.0,2232,,
bendroflumethiazide,1,0,4,1768.0,0.0,,1768,,
BRD-K48803730,2,0,4,1770.0,391.0,1379.0,2161,,
st001903,1,0,4,1771.0,0.0,,1771,,
BRD-K19624190,1,0,4,1772.0,0.0,,1772,,
ncgc00188700-01,2,0,4,1775.0,389.0,1386.0,2164,,
dmbi,1,0,4,1776.0,0.0,,1776,,
sb 202190,2,0,4,1776.5,265.5,1511.0,2042,,
mefexamide hydrochloride,1,0,4,1777.0,0.0,,1777,,
prl-3 inhibitor i,1,0,4,1778.0,0.0,,1778,,
BRD-K76357752,1,0,4,1782.0,0.0,,1782,,
ethacrynic acid,1,0,4,1783.0,0.0,,1783,,
am-251,2,0,4,1783.5,483.5,1300.0,2267,,
icilin,1,0,4,1787.0,0.0,,1787,,
BRD-K07061353,1,0,4,1788.0,0.0,,1788,,
BRD-K86472598,2,0,4,1788.0,273.0,1515.0,2061,,
BRD-A26199074,2,0,4,1794.0,317.0,1477.0,2111,,
BRD-K18595892,2,0,4,1796.0,295.0,1501.0,2091,,
BRD-K28610502,1,0,4,1799.0,0.0,,1799,,
BRD-K08463963,2,0,4,1802.0,400.0,1402.0,2202,,
ay 9944,1,0,4,1802.0,0.0,,1802,,
brazilin,2,0,4,1802.0,486.0,1316.0,2288,,
BRD-K02223034,1,0,4,1803.0,0.0,,1803,,
duloxetine hydrochloride,1,0,4,1805.0,0.0,,1805,,
rizatriptan benzoate,2,0,4,1806.5,394.5,1412.0,2201,,
tiaprofenic acid,2,0,4,1807.0,447.0,1360.0,2254,,
ncgc00182378-01,2,0,4,1808.5,376.5,1432.0,2185,,
np-010155,2,0,4,1811.5,366.5,1445.0,2178,,
spironolactone,1,0,4,1813.0,0.0,,1813,,
BRD-K36354764,1,0,4,1818.0,0.0,,1818,,
colforsin,2,0,4,1819.5,419.5,1400.0,2239,,
azathioprine,1,0,4,1820.0,0.0,,1820,,
BRD-A42737819,1,0,4,1822.0,0.0,,1822,,
ossk 645683,1,0,4,1826.0,0.0,,1826,,
aicar,2,0,4,1826.5,340.5,1486.0,2167,,
BRD-A32214171,1,0,4,1829.0,0.0,,1829,,
hy-11068,2,0,4,1829.5,385.5,1444.0,2215,,
butamben,1,0,4,1830.0,0.0,,1830,,
uk 356618,2,0,4,1832.5,362.5,1470.0,2195,,
cgs 15943,1,0,4,1837.0,0.0,,1837,,
balsalazide,1,0,4,1840.0,0.0,,1840,,
azacytidine-5,2,0,4,1841.0,400.0,1441.0,2241,,
disulfiram,1,0,4,1841.0,0.0,,1841,,
bacampicillin hydrochloride,1,0,4,1843.0,0.0,,1843,,
mdl 29951,1,0,4,1844.0,0.0,,1844,,
BRD-A61825514,1,0,4,1845.0,0.0,,1845,,
BRD-A31374339,2,0,4,1845.5,372.5,1473.0,2218,,
BRD-K61105081,1,0,4,1849.0,0.0,,1849,,
racecadotril,1,0,4,1856.0,0.0,,1856,,
BRD-K23282736,2,0,4,1856.5,373.5,1483.0,2230,,
BRD-K34508425,2,0,4,1858.0,551.0,1307.0,2409,,
BRD-K45842176,1,0,4,1858.0,0.0,,1858,,
fu jmbii227b,1,0,4,1860.0,0.0,,1860,,
s1107,2,0,4,1862.5,364.5,1498.0,2227,,
chloroguanide hydrochloride,1,0,4,1863.0,0.0,,1863,,
bl-095,2,0,4,1864.5,416.5,1448.0,2281,,
BRD-K00551481,1,0,4,1865.0,0.0,,1865,,
srt-1720,1,0,4,1867.0,0.0,,1867,,
e6 berbamine,2,0,4,1869.0,444.0,1425.0,2313,,
BRD-K98676510,2,0,4,1872.0,362.0,1510.0,2234,,
praziquantel,1,0,4,1873.0,0.0,,1873,,
nobiletin,1,0,4,1877.0,0.0,,1877,,
r-96544 hydrochloride,1,0,4,1880.0,0.0,,1880,,
BRD-A30395175,2,0,4,1881.5,434.5,1447.0,2316,,
bisindolylmaleimide iv,1,0,4,1882.0,0.0,,1882,,
isoliquiritigenin,2,0,4,1882.0,499.0,1383.0,2381,,
BRD-K90826279,1,0,4,1883.0,0.0,,1883,,
BRD-K94544211,2,0,4,1883.0,392.0,1491.0,2275,,
ncgc00181918-02,1,0,4,1884.0,0.0,,1884,,
riluzole hydrochloride,1,0,4,1886.0,0.0,,1886,,
morantel tartrate,2,0,4,1886.5,391.5,1495.0,2278,,
ncgc00242340-01,2,0,4,1890.5,385.5,1505.0,2276,,
"nf-kb activation inhibitor ii, jsh-23",2,0,4,1892.0,504.0,1388.0,2396,,
BRD-A50774520,2,0,4,1893.5,480.5,1413.0,2374,,
"na-tosyl-lys chloromethyl ketone, hydrochloride",1,0,4,1894.0,0.0,,1894,,
lfm-a13,1,0,4,1895.0,0.0,,1895,,
BRD-K82580504,1,0,4,1896.0,0.0,,1896,,
BRD-K67847053 (guanabenz acetate),2,0,4,1897.0,444.0,1453.0,2341,,
y27632,2,0,4,1897.0,371.0,1526.0,2268,,
kn-93,2,0,4,1898.0,417.0,1481.0,2315,,
ossk 645668,1,0,4,1898.0,0.0,,1898,,
BRD-K56593336,2,0,4,1899.5,380.5,1519.0,2280,,
l-sulforophane,2,0,4,1900.5,411.5,1489.0,2312,,
anagrelide hydrochloride,1,0,4,1901.0,0.0,,1901,,
BRD-K03371390,2,0,4,1904.0,488.0,1416.0,2392,,
guanabenz acetate,1,0,4,1904.0,0.0,,1904,,
BRD-U44618005,1,0,4,1905.0,0.0,,1905,,
A66,1,0,4,1906.0,0.0,,1906,,
BRD-K41925105,2,0,4,1907.5,480.5,1427.0,2388,,
BRD-K92301463,2,0,4,1909.0,458.0,1451.0,2367,,
oxprenolol hydrochloride,1,0,4,1909.0,0.0,,1909,,
BRD-K24051260,1,0,4,1910.0,0.0,,1910,,
BRD-K67090983,2,0,4,1910.5,387.5,1523.0,2298,,
BRD-K45205755,2,0,4,1912.0,494.0,1418.0,2406,,
BRD-K97936712,1,0,4,1913.0,0.0,,1913,,
s1148,1,0,4,1916.0,0.0,,1916,,
BRD-K41220170,2,0,4,1916.5,456.5,1460.0,2373,,
bo2 (inhibits rad51),2,0,4,1917.5,443.5,1474.0,2361,,
mls-0454415.0001,1,0,4,1918.0,0.0,,1918,,
ncgc00011606-02,1,0,4,1919.0,0.0,,1919,,
s1475,1,0,4,1921.0,0.0,,1921,,
bd 1047 dihydrobromide,1,0,4,1924.0,0.0,,1924,,
BRD-K58347372,2,0,4,1925.0,380.0,1545.0,2305,,
BRD-K94127894,1,0,4,1925.0,0.0,,1925,,
BRD-K52914903,1,0,4,1926.0,0.0,,1926,,
BRD-K11558771,1,0,4,1929.0,0.0,,1929,,
BRD-K05520923,1,0,4,1933.0,0.0,,1933,,
mls-0315771.0001,2,0,4,1934.5,434.5,1500.0,2369,,
ncgc00242337-01,1,0,4,1935.0,0.0,,1935,,
BRD-A06929388,2,0,4,1936.0,419.0,1517.0,2355,,
BRD-K87426499,1,0,4,1937.0,0.0,,1937,,
BRD-A25088322,2,0,4,1939.5,475.5,1464.0,2415,,
triacsin-c,1,0,4,1940.0,0.0,,1940,,
BRD-U31801276,1,0,4,1942.0,0.0,,1942,,
chlorhexidine,1,0,4,1943.0,0.0,,1943,,
ncgc00185837-02,2,0,4,1943.0,450.0,1493.0,2393,,
diphenylcyclopropenone,2,0,4,1943.5,455.5,1488.0,2399,,
protein tyrosine phosphatase inhibitor iv,1,0,4,1944.0,0.0,,1944,,
BRD-K96167523,2,0,4,1945.5,479.5,1466.0,2425,,
erythromycin,1,0,4,1946.0,0.0,,1946,,
alaproclate,2,0,4,1947.0,431.0,1516.0,2378,,
benzopurpurin (b),1,0,4,1947.0,0.0,,1947,,
BRD-K48970916 (danazol),1,0,4,1948.0,0.0,,1948,,
g5797,2,0,4,1948.0,383.0,1565.0,2331,,
cortisone,1,0,4,1949.0,0.0,,1949,,
BRD-K89451433,1,0,4,1950.0,0.0,,1950,,
BRD-K62169556,1,0,4,1951.0,0.0,,1951,,
daphnetin,2,0,4,1951.0,482.0,1469.0,2433,,
bl-081,2,0,4,1952.0,453.0,1499.0,2405,,
depo-medrol,2,0,4,1954.0,433.0,1521.0,2387,,
nafcillin sodium salt monohydrate,1,0,4,1955.0,0.0,,1955,,
thioguanosine,2,0,4,1955.0,392.0,1563.0,2347,,
etomidate,2,0,4,1956.0,424.0,1532.0,2380,,
BRD-K57353465,1,0,4,1957.0,0.0,,1957,,
vu0413247-1,2,0,4,1957.0,443.0,1514.0,2400,,
amyleine hydrochloride,2,0,4,1958.0,419.0,1539.0,2377,,
kuc104487 kuc104487n,1,0,4,1958.0,0.0,,1958,,
cgp 52432,2,0,4,1962.0,408.0,1554.0,2370,,
protriptyline hydrochloride,2,0,4,1962.0,475.0,1487.0,2437,,
BRD-K32238524,2,0,4,1964.0,412.0,1552.0,2376,,
BRD-K86456986,1,0,4,1965.0,0.0,,1965,,
gr-237,2,0,4,1966.5,415.5,1551.0,2382,,
BRD-K32101742,2,0,4,1967.0,447.0,1520.0,2414,,
triamterene,1,0,4,1967.0,0.0,,1967,,
np-007374,1,0,4,1968.0,0.0,,1968,,
BRD-K27484191,1,0,4,1969.0,0.0,,1969,,
methyl 7-desoxypurpurogallin-7-carboxylate trimethyl ether,1,0,4,1971.0,0.0,,1971,,
cid 755673,1,0,4,1972.0,0.0,,1972,,
BRD-K60297835,2,0,4,1973.5,446.5,1527.0,2420,,
2-(trifluoromethyl)-10h-phenothiazine,1,0,4,1976.0,0.0,,1976,,
ncgc00012508-02,2,0,4,1977.0,453.0,1524.0,2430,,
mdl 73005ef hydrochloride,1,0,4,1979.0,0.0,,1979,,
solanine alpha,1,0,4,1980.0,0.0,,1980,,
"l-741,626",1,0,4,1981.0,0.0,,1981,,
nifedipine,2,0,4,1982.0,454.0,1528.0,2436,,
sb 216641 hydrochloride,1,0,4,1985.0,0.0,,1985,,
BRD-A85712510,1,0,4,1987.0,0.0,,1987,,
clomid,1,0,4,1988.0,0.0,,1988,,
cjd-pla-49-3,2,0,4,1988.5,454.5,1534.0,2443,,
BRD-K31706415,1,0,4,1989.0,0.0,,1989,,
haloprogin,2,0,4,1989.0,449.0,1540.0,2438,,
BRD-K93229693,2,0,4,1990.0,455.0,1535.0,2445,,
quetiapine,2,0,4,1990.0,442.0,1548.0,2432,,
BRD-K07790824,2,0,4,1991.0,453.0,1538.0,2444,,
tegaserod,1,0,4,1992.0,0.0,,1992,,
ncgc00183452-01,1,0,4,1994.0,0.0,,1994,,
lobendazole,1,0,4,1995.0,0.0,,1995,,
ncgc00182615-01,2,0,4,1996.0,443.0,1553.0,2439,,
BRD-K22006123,2,0,4,1996.5,449.5,1547.0,2446,,
BRD-K35920785,1,0,4,1998.0,0.0,,1998,,
ioxaglic acid,1,0,4,2001.0,0.0,,2001,,
mls-0216981,1,0,4,2007.0,0.0,,2007,,
BRD-K58853583,1,0,4,2009.0,0.0,,2009,,
zd 7155 hydrochloride,1,0,4,2011.0,0.0,,2011,,
mercaptopurine,1,0,4,2018.0,0.0,,2018,,
cd 01333,1,0,4,2024.0,0.0,,2024,,
BRD-A89049230,1,0,4,2025.0,0.0,,2025,,
t5345967,1,0,4,2026.0,0.0,,2026,,
BRD-K83816656,1,0,4,2027.0,0.0,,2027,,
BRD-K88742110,1,0,4,2028.0,0.0,,2028,,
BRD-K45253154,1,0,4,2030.0,0.0,,2030,,
BRD-K44276885,1,0,4,2031.0,0.0,,2031,,
pyrimethamine,1,0,4,2037.0,0.0,,2037,,
BRD-K01806521,1,0,4,2051.0,0.0,,2051,,
mls-0315871.0001,1,0,4,2055.0,0.0,,2055,,
BRD-K34294489,1,0,4,2057.0,0.0,,2057,,
oxiconazole,1,0,4,2060.0,0.0,,2060,,
BRD-K71835137,1,0,4,2063.0,0.0,,2063,,
BRD-K32568627,1,0,4,2065.0,0.0,,2065,,
clopidogrel,1,0,4,2071.0,0.0,,2071,,
pz0013,1,0,4,2073.0,0.0,,2073,,
BRD-K74029109,1,0,4,2077.0,0.0,,2077,,
BRD-K68191783,1,0,4,2078.0,0.0,,2078,,
s1152,1,0,4,2080.0,0.0,,2080,,
mbcq,1,0,4,2081.0,0.0,,2081,,
zm 306416 hydrochloride,1,0,4,2087.0,0.0,,2087,,
BRD-K63368502,1,0,4,2088.0,0.0,,2088,,
nifuroxazide,1,0,4,2092.0,0.0,,2092,,
s1084,1,0,4,2093.0,0.0,,2093,,
mls-0425618,1,0,4,2098.0,0.0,,2098,,
cyproheptadine hydrochloride,1,0,4,2101.0,0.0,,2101,,
lidoflazine,1,0,4,2113.0,0.0,,2113,,
genistin,1,0,4,2116.0,0.0,,2116,,
cv 1808,1,0,4,2118.0,0.0,,2118,,
BRD-K06405410,1,0,4,2120.0,0.0,,2120,,
BRD-K42499654,1,0,4,2121.0,0.0,,2121,,
gw 1929,1,0,4,2122.0,0.0,,2122,,
acitretin,1,0,4,2123.0,0.0,,2123,,
BRD-K80346834,1,0,4,2124.0,0.0,,2124,,
BRD-K86027709,1,0,4,2127.0,0.0,,2127,,
pyrrolidinedithiocarbamate ammonium,1,0,4,2128.0,0.0,,2128,,
ossk 647368,1,0,4,2131.0,0.0,,2131,,
brinzolamide,1,0,4,2136.0,0.0,,2136,,
tibolone,1,0,4,2139.0,0.0,,2139,,
clozapine,1,0,4,2140.0,0.0,,2140,,
BRD-K75644678,1,0,4,2143.0,0.0,,2143,,
BRD-K58900438,1,0,4,2145.0,0.0,,2145,,
BRD-K15318909,1,0,4,2146.0,0.0,,2146,,
BRD-K86231656,1,0,4,2151.0,0.0,,2151,,
BRD-K05977823,1,0,4,2154.0,0.0,,2154,,
fipronil,1,0,4,2157.0,0.0,,2157,,
hispidin,1,0,4,2158.0,0.0,,2158,,
nsc 693868,1,0,4,2160.0,0.0,,2160,,
rhizocarpic acid,1,0,4,2162.0,0.0,,2162,,
psb 36,1,0,4,2165.0,0.0,,2165,,
methoxy-6-harmalan,1,0,4,2166.0,0.0,,2166,,
BRD-K36022244,1,0,4,2171.0,0.0,,2171,,
ncgc00167107-01,1,0,4,2173.0,0.0,,2173,,
mls-0075347.0001,1,0,4,2175.0,0.0,,2175,,
s1172,1,0,4,2179.0,0.0,,2179,,
glycopyrrolate,1,0,4,2182.0,0.0,,2182,,
hy-50877,1,0,4,2187.0,0.0,,2187,,
t0516-4420,1,0,4,2189.0,0.0,,2189,,
BRD-K53610452,1,0,4,2192.0,0.0,,2192,,
BRD-K51377689,1,0,4,2197.0,0.0,,2197,,
stock1s-03920,1,0,4,2199.0,0.0,,2199,,
b3063,1,0,4,2203.0,0.0,,2203,,
BRD-K64314806,1,0,4,2205.0,0.0,,2205,,
ribavirin,1,0,4,2209.0,0.0,,2209,,
np-002257,1,0,4,2212.0,0.0,,2212,,
BRD-K76236182,1,0,4,2213.0,0.0,,2213,,
s1022,1,0,4,2214.0,0.0,,2214,,
BRD-K16947188,1,0,4,2216.0,0.0,,2216,,
BRD-K27630941,1,0,4,2219.0,0.0,,2219,,
5-nonyloxytryptamine,1,0,4,2220.0,0.0,,2220,,
BRD-K01834163,1,0,4,2224.0,0.0,,2224,,
compound 12,1,0,4,2225.0,0.0,,2225,,
evista,1,0,4,2226.0,0.0,,2226,,
f4679,1,0,4,2229.0,0.0,,2229,,
bas 09104376,1,0,4,2238.0,0.0,,2238,,
s1176,1,0,4,2240.0,0.0,,2240,,
nitrocaramiphen hydrochloride,1,0,4,2245.0,0.0,,2245,,
fgin-1-27,1,0,4,2246.0,0.0,,2246,,
ml 9 hydrochloride,1,0,4,2248.0,0.0,,2248,,
BRD-K28115298,1,0,4,2249.0,0.0,,2249,,
n-benzylnaltrindole hydrochloride,1,0,4,2250.0,0.0,,2250,,
BRD-K55722623,1,0,4,2251.0,0.0,,2251,,
BRD-K52678950,1,0,4,2255.0,0.0,,2255,,
benzonatate,1,0,4,2256.0,0.0,,2256,,
"tyrphostin b44, (+) enantiomer",1,0,4,2257.0,0.0,,2257,,
auraptene,1,0,4,2258.0,0.0,,2258,,
BRD-K35483542,1,0,4,2259.0,0.0,,2259,,
BRD-K68588778,1,0,4,2260.0,0.0,,2260,,
BRD-A54632525,1,0,4,2262.0,0.0,,2262,,
vu0404997-2,1,0,4,2263.0,0.0,,2263,,
cuneatin methyl ether,1,0,4,2264.0,0.0,,2264,,
BRD-K41557448,1,0,4,2265.0,0.0,,2265,,
capsazepine,1,0,4,2271.0,0.0,,2271,,
BRD-K65904652,1,0,4,2272.0,0.0,,2272,,
s1252,1,0,4,2277.0,0.0,,2277,,
BRD-K02174945,1,0,4,2283.0,0.0,,2283,,
fosfosal,1,0,4,2284.0,0.0,,2284,,
thalidomide,1,0,4,2286.0,0.0,,2286,,
phenothiazine,1,0,4,2291.0,0.0,,2291,,
BRD-K35573744,1,0,4,2293.0,0.0,,2293,,
BRD-K60067222,1,0,4,2297.0,0.0,,2297,,
BRD-K86492010,1,0,4,2300.0,0.0,,2300,,
BRD-K93127801,1,0,4,2301.0,0.0,,2301,,
dm-100,1,0,4,2302.0,0.0,,2302,,
ub 165 fumarate,1,0,4,2303.0,0.0,,2303,,
BRD-K84106030,1,0,4,2306.0,0.0,,2306,,
BRD-K74989018,1,0,4,2308.0,0.0,,2308,,
BRD-K23149109,1,0,4,2309.0,0.0,,2309,,
pit,1,0,4,2311.0,0.0,,2311,,
BRD-K73155123,1,0,4,2314.0,0.0,,2314,,
aceclidine hydrochloride,1,0,4,2317.0,0.0,,2317,,
ncgc00188531-01,1,0,4,2319.0,0.0,,2319,,
BRD-K57678861,1,0,4,2320.0,0.0,,2320,,
BRD-K51189903,1,0,4,2324.0,0.0,,2324,,
BRD-K90697054,1,0,4,2326.0,0.0,,2326,,
BRD-K16057611,1,0,4,2327.0,0.0,,2327,,
piceatannol,1,0,4,2330.0,0.0,,2330,,
beta-escin,1,0,4,2332.0,0.0,,2332,,
tridihexethyl chloride,1,0,4,2335.0,0.0,,2335,,
BRD-K06020002,1,0,4,2338.0,0.0,,2338,,
nan-190 hydrobromide,1,0,4,2342.0,0.0,,2342,,
BRD-K23644387,1,0,4,2344.0,0.0,,2344,,
ag 18,1,0,4,2345.0,0.0,,2345,,
BRD-K98731749,1,0,4,2351.0,0.0,,2351,,
BRD-A16820783,1,0,4,2353.0,0.0,,2353,,
sappanone a trimethyl ether,1,0,4,2354.0,0.0,,2354,,
BRD-K37270826 (mifepristone),1,0,4,2356.0,0.0,,2356,,
BRD-K61217870,1,0,4,2357.0,0.0,,2357,,
BRD-K71303366,1,0,4,2359.0,0.0,,2359,,
liothyronine,1,0,4,2363.0,0.0,,2363,,
BRD-K39829853,1,0,4,2364.0,0.0,,2364,,
hemado,1,0,4,2366.0,0.0,,2366,,
BRD-K51791390,1,0,4,2368.0,0.0,,2368,,
fenretinide,1,0,4,2375.0,0.0,,2375,,
BRD-K73125384,1,0,4,2379.0,0.0,,2379,,
gr-105,1,0,4,2383.0,0.0,,2383,,
dcb,1,0,4,2384.0,0.0,,2384,,
ncgc00188324-02,1,0,4,2389.0,0.0,,2389,,
sr 142948,1,0,4,2390.0,0.0,,2390,,
spiperone,1,0,4,2391.0,0.0,,2391,,
BRD-K58547240,1,0,4,2394.0,0.0,,2394,,
rifampicin,1,0,4,2395.0,0.0,,2395,,
chlormadinone acetate,1,0,4,2397.0,0.0,,2397,,
y-27152,1,0,4,2402.0,0.0,,2402,,
BRD-K21773564,1,0,4,2403.0,0.0,,2403,,
bmy 45778,1,0,4,2404.0,0.0,,2404,,
c247,1,0,4,2407.0,0.0,,2407,,
gatifloxacin,1,0,4,2410.0,0.0,,2410,,
BRD-K53592093,1,0,4,2411.0,0.0,,2411,,
BRD-K81209512 (ag 494),1,0,4,2412.0,0.0,,2412,,
nbqx disodium salt,1,0,4,2413.0,0.0,,2413,,
westcort,1,0,4,2418.0,0.0,,2418,,
BRD-K02558072,1,0,4,2422.0,0.0,,2422,,
indirubin,1,0,4,2424.0,0.0,,2424,,
mw-a1-14 brd-k32010074,1,0,4,2426.0,0.0,,2426,,
BRD-K37340241,1,0,4,2428.0,0.0,,2428,,
ncgc00183237-01,1,0,4,2431.0,0.0,,2431,,
BRD-K39687892,1,0,4,2434.0,0.0,,2434,,
thimerosal,1,0,4,2440.0,0.0,,2440,,
dihydrosamidin,1,0,4,2441.0,0.0,,2441,,
BRD-K93568044 (hydrocortisone),1,0,4,2442.0,0.0,,2442,,
BRD-K91913968,1,0,4,2447.0,0.0,,2447,,
