compound,score,supporting_contexts,contexts,supporting_signatures,signatures,consistency,permutation_p,permutation_fdr,naive_overlap,interpretation,rank
AZ-628,-0.051666707534765384,11,11,11,11,1.0,0.009900990099009901,0.14134022097861962,10.090909090909092,Computational reversal candidate for further investigation.,1
BRD-K11758216,-0.048144664504130824,1,1,1,1,1.0,0.009900990099009901,0.14134022097861962,9.0,Computational reversal candidate for further investigation.,2
BRD-K19724398,-0.042193970613388615,1,1,1,1,1.0,0.019801980198019802,0.2074994733515905,6.0,Computational reversal candidate for further investigation.,3
na-tosyl-phe chloromethyl ketone,-0.041443146551211445,1,1,1,1,1.0,0.009900990099009901,0.14134022097861962,6.0,Computational reversal candidate for further investigation.,4
hy-11005,-0.04021410469424285,1,1,1,1,1.0,0.009900990099009901,0.14134022097861962,5.0,Computational reversal candidate for further investigation.,5
AZD-8330,-0.036776200505967624,31,35,31,35,0.8857142857142857,0.009900990099009901,0.14134022097861962,9.085714285714285,Computational reversal candidate for further investigation.,6
PLX-4720,-0.03643765632520643,9,11,9,11,0.8181818181818182,0.009900990099009901,0.14134022097861962,8.636363636363637,Computational reversal candidate for further investigation.,7
trametinib,-0.03581430014227999,31,32,31,32,0.96875,0.009900990099009901,0.14134022097861962,9.34375,Computational reversal candidate for further investigation.,8
ncgc00165199-01,-0.03544216999523361,3,3,3,3,1.0,0.009900990099009901,0.14134022097861962,5.666666666666667,Computational reversal candidate for further investigation.,9
ketotifen fumarate,-0.035334900772424335,1,1,1,1,1.0,0.009900990099009901,0.14134022097861962,5.0,Computational reversal candidate for further investigation.,10
KIN001-265,-0.034537986719622986,6,6,6,6,1.0,0.009900990099009901,0.14134022097861962,5.333333333333333,Computational reversal candidate for further investigation.,11
tozasertib,-0.033702776531260484,4,4,4,4,1.0,0.009900990099009901,0.14134022097861962,6.0,Computational reversal candidate for further investigation.,12
regorafenib,-0.033477647990932356,6,7,6,7,0.8571428571428571,0.009900990099009901,0.14134022097861962,7.0,Computational reversal candidate for further investigation.,13
cabozantinib,-0.033377844941402196,4,4,4,4,1.0,0.009900990099009901,0.14134022097861962,6.5,Computational reversal candidate for further investigation.,14
a8674,-0.03330737476223758,1,1,1,1,1.0,0.019801980198019802,0.2074994733515905,5.0,Computational reversal candidate for further investigation.,15
BRD-K18726304,-0.03249972050662276,1,1,1,1,1.0,0.009900990099009901,0.14134022097861962,6.0,Computational reversal candidate for further investigation.,16
vemurafenib,-0.03232147657713065,10,11,10,11,0.9090909090909091,0.009900990099009901,0.14134022097861962,8.818181818181818,Computational reversal candidate for further investigation.,17
PD-184352,-0.03166704007883017,30,30,30,30,1.0,0.009900990099009901,0.14134022097861962,8.7,Computational reversal candidate for further investigation.,18
BRD-K14316227,-0.03162857518469946,1,1,1,1,1.0,0.009900990099009901,0.14134022097861962,5.0,Computational reversal candidate for further investigation.,19
foretinib,-0.030943063347111117,12,14,12,14,0.8571428571428571,0.009900990099009901,0.14134022097861962,7.857142857142857,Computational reversal candidate for further investigation.,20
GSK-690693,-0.030596287509161452,4,4,4,4,1.0,0.009900990099009901,0.14134022097861962,7.75,Computational reversal candidate for further investigation.,21
ncgc00167398-02,-0.030555190332691273,1,1,1,1,1.0,0.039603960396039604,0.3071645747251891,6.0,Computational reversal candidate for further investigation.,22
PHA-665752,-0.030400032459234436,6,6,6,6,1.0,0.009900990099009901,0.14134022097861962,7.333333333333333,Computational reversal candidate for further investigation.,23
"dibutyryl-camp, sodium salt",-0.030122430163464012,1,1,1,1,1.0,0.0297029702970297,0.25891527205817927,5.0,Computational reversal candidate for further investigation.,24
st4066738,-0.029971856449349327,1,1,1,1,1.0,0.009900990099009901,0.14134022097861962,5.0,Computational reversal candidate for further investigation.,25
selumetinib,-0.029892435736827455,26,30,26,30,0.8666666666666667,0.009900990099009901,0.14134022097861962,8.433333333333334,Computational reversal candidate for further investigation.,26
t5345967,-0.029593060009229274,1,1,1,1,1.0,0.019801980198019802,0.2074994733515905,5.0,Computational reversal candidate for further investigation.,27
BRD-K86472598,-0.02955629784582116,2,2,2,2,1.0,0.019801980198019802,0.2074994733515905,6.0,Computational reversal candidate for further investigation.,28
TWS-119,-0.029133900697036204,8,9,8,9,0.8888888888888888,0.009900990099009901,0.14134022097861962,6.666666666666667,Computational reversal candidate for further investigation.,29
KIN236,-0.028906499191190916,1,1,1,1,1.0,0.009900990099009901,0.14134022097861962,5.0,Computational reversal candidate for further investigation.,30
NVP-AUY922,-0.02865469106181302,56,59,56,59,0.9491525423728814,0.009900990099009901,0.14134022097861962,9.169491525423728,Computational reversal candidate for further investigation.,31
mls-0391006,-0.028610220035289027,1,1,1,1,1.0,0.019801980198019802,0.2074994733515905,5.0,Computational reversal candidate for further investigation.,32
RAF 265,-0.027930234382095614,7,8,7,8,0.875,0.009900990099009901,0.14134022097861962,6.125,Computational reversal candidate for further investigation.,33
HG-5-113-01,-0.02743853017292542,6,6,6,6,1.0,0.009900990099009901,0.14134022097861962,7.0,Computational reversal candidate for further investigation.,34
s1011,-0.026448870126015694,1,1,1,1,1.0,0.009900990099009901,0.14134022097861962,5.0,Computational reversal candidate for further investigation.,35
ncgc00182382-01,-0.02632813807158962,1,1,1,1,1.0,0.009900990099009901,0.14134022097861962,5.0,Computational reversal candidate for further investigation.,36
SB590885,-0.026089456236756983,12,18,12,18,0.6666666666666666,0.009900990099009901,0.14134022097861962,7.222222222222222,Computational reversal candidate for further investigation.,37
TGX-221,-0.025917562847763028,4,4,4,4,1.0,0.009900990099009901,0.14134022097861962,7.5,Computational reversal candidate for further investigation.,38
BRD-K90826279,-0.02588860900071784,1,1,1,1,1.0,0.019801980198019802,0.2074994733515905,5.0,Computational reversal candidate for further investigation.,39
mead ethanolamide,-0.025825881415030883,1,1,1,1,1.0,0.009900990099009901,0.14134022097861962,5.0,Computational reversal candidate for further investigation.,40
hy-50878,-0.025113985075242068,1,1,1,1,1.0,0.019801980198019802,0.2074994733515905,6.0,Computational reversal candidate for further investigation.,41
ruxolitinib,-0.024862517388332152,1,1,1,1,1.0,0.019801980198019802,0.2074994733515905,5.0,Computational reversal candidate for further investigation.,42
canertinib,-0.024406893491481608,26,27,26,27,0.9629629629629629,0.009900990099009901,0.14134022097861962,7.0,Computational reversal candidate for further investigation.,43
iodipamide,-0.024286840154370236,1,1,1,1,1.0,0.0297029702970297,0.25891527205817927,8.0,Computational reversal candidate for further investigation.,44
SB-203580,-0.02417873069262047,1,1,1,1,1.0,0.019801980198019802,0.2074994733515905,6.0,Computational reversal candidate for further investigation.,45
belinostat,-0.024121475565614135,10,12,10,12,0.8333333333333334,0.019801980198019802,0.2074994733515905,7.333333333333333,Computational reversal candidate for further investigation.,46
fostamatinib,-0.02391813837256753,3,3,3,3,1.0,0.009900990099009901,0.14134022097861962,6.333333333333333,Computational reversal candidate for further investigation.,47
hy-10159,-0.02365930389575897,2,2,2,2,1.0,0.07920792079207921,0.4172181924074761,6.5,Computational reversal candidate for further investigation.,48
kuc104233 kuc104233n,-0.023494810902764493,1,1,1,1,1.0,0.0297029702970297,0.25891527205817927,6.0,Computational reversal candidate for further investigation.,49
dabrafenib,-0.02347017348468733,12,14,12,14,0.8571428571428571,0.009900990099009901,0.14134022097861962,7.0,Computational reversal candidate for further investigation.,50
NVP-TAE684,-0.02339979328657465,25,30,25,30,0.8333333333333334,0.009900990099009901,0.14134022097861962,6.866666666666666,Computational reversal candidate for further investigation.,51
s1095,-0.02285591238322396,2,2,2,2,1.0,0.009900990099009901,0.14134022097861962,6.0,Computational reversal candidate for further investigation.,52
AZD-7762,-0.022638458947494437,33,36,33,36,0.9166666666666666,0.009900990099009901,0.14134022097861962,6.583333333333333,Computational reversal candidate for further investigation.,53
nintedanib,-0.022599166045353128,8,9,8,9,0.8888888888888888,0.009900990099009901,0.14134022097861962,6.555555555555555,Computational reversal candidate for further investigation.,54
ncgc00182371-01,-0.022421963424597978,1,1,1,1,1.0,0.04950495049504951,0.3433970157579138,6.0,Computational reversal candidate for further investigation.,55
GDC-0879,-0.02223474017055732,3,5,3,5,0.6,0.009900990099009901,0.14134022097861962,6.0,Computational reversal candidate for further investigation.,56
nsc 3852,-0.0220485649006474,2,3,2,3,0.6666666666666666,0.019801980198019802,0.2074994733515905,5.0,Computational reversal candidate for further investigation.,57
BRD-U43867373,-0.02196581340092248,1,1,1,1,1.0,0.07920792079207921,0.4172181924074761,8.0,Computational reversal candidate for further investigation.,58
BRD-K19922318,-0.021962154227929936,1,1,1,1,1.0,0.06930693069306931,0.39460882504435413,6.0,Computational reversal candidate for further investigation.,59
mw-a1-12,-0.021792307982920332,3,5,3,5,0.6,0.009900990099009901,0.14134022097861962,6.8,Computational reversal candidate for further investigation.,60
dasatinib,-0.021673874149165606,47,50,74,78,0.94,0.009900990099009901,0.14134022097861962,6.628205128205129,Computational reversal candidate for further investigation.,61
erlotinib,-0.021671907827961738,10,12,10,12,0.8333333333333334,0.009900990099009901,0.14134022097861962,6.833333333333333,Computational reversal candidate for further investigation.,62
crizotinib,-0.02164213783123819,7,7,7,7,1.0,0.009900990099009901,0.14134022097861962,6.0,Computational reversal candidate for further investigation.,63
PD-0325901,-0.021623146563070884,59,66,135,143,0.8939393939393939,0.009900990099009901,0.14134022097861962,8.20979020979021,Computational reversal candidate for further investigation.,64
mls-0437446.0001,-0.02150574931715783,2,2,2,2,1.0,0.0297029702970297,0.25891527205817927,7.0,Computational reversal candidate for further investigation.,65
pf3845,-0.02142405794027897,1,1,1,1,1.0,0.04950495049504951,0.3433970157579138,7.0,Computational reversal candidate for further investigation.,66
TG-101348,-0.021165085817742985,7,8,7,8,0.875,0.0297029702970297,0.25891527205817927,8.625,Computational reversal candidate for further investigation.,67
s1030,-0.021031330483402493,5,5,5,5,1.0,0.0297029702970297,0.25891527205817927,6.4,Computational reversal candidate for further investigation.,68
s1040,-0.02095917216640138,1,1,1,1,1.0,0.0891089108910891,0.43451622389961764,6.0,Computational reversal candidate for further investigation.,69
BRD-K86899078,-0.020946846035199064,1,1,1,1,1.0,0.06930693069306931,0.39460882504435413,7.0,Computational reversal candidate for further investigation.,70
rhizocarpic acid,-0.02090438215048502,1,1,1,1,1.0,0.04950495049504951,0.3433970157579138,5.0,Computational reversal candidate for further investigation.,71
BRD-K51556300,-0.020869778934990577,1,1,1,1,1.0,0.0594059405940594,0.36801793386885856,5.0,Computational reversal candidate for further investigation.,72
s-8599,-0.020792345411654974,1,1,1,1,1.0,0.019801980198019802,0.2074994733515905,5.0,Computational reversal candidate for further investigation.,73
PFI-1,-0.020592746477730937,3,4,3,4,0.75,0.039603960396039604,0.3071645747251891,6.25,Computational reversal candidate for further investigation.,74
mefloquine,-0.020556205997454623,1,1,1,1,1.0,0.039603960396039604,0.3071645747251891,5.0,Computational reversal candidate for further investigation.,75
AS-605240,-0.020520183804042358,25,28,25,28,0.8928571428571429,0.009900990099009901,0.14134022097861962,7.571428571428571,Computational reversal candidate for further investigation.,76
h7270,-0.02046887362620406,4,4,4,4,1.0,0.019801980198019802,0.2074994733515905,5.5,Computational reversal candidate for further investigation.,77
"ici-185,282",-0.02045758831140511,1,1,1,1,1.0,0.04950495049504951,0.3433970157579138,7.0,Computational reversal candidate for further investigation.,78
BRD-K89546934,-0.020436317742215805,1,1,1,1,1.0,0.039603960396039604,0.3071645747251891,5.0,Computational reversal candidate for further investigation.,79
s1452,-0.020344058901439404,1,1,1,1,1.0,0.0594059405940594,0.36801793386885856,5.0,Computational reversal candidate for further investigation.,80
pracinostat,-0.020276039756127358,14,16,14,16,0.875,0.019801980198019802,0.2074994733515905,6.625,Computational reversal candidate for further investigation.,81
sb 225002,-0.020211737467539397,1,1,1,1,1.0,0.019801980198019802,0.2074994733515905,5.0,Computational reversal candidate for further investigation.,82
BRD-K39757396,-0.02012146236843164,1,1,1,1,1.0,0.009900990099009901,0.14134022097861962,5.0,Computational reversal candidate for further investigation.,83
er 27319 maleate,-0.020036400009434515,2,3,2,3,0.6666666666666666,0.0297029702970297,0.25891527205817927,5.666666666666667,Computational reversal candidate for further investigation.,84
km 00927,-0.01993701554832379,5,5,5,5,1.0,0.0594059405940594,0.36801793386885856,6.6,Computational reversal candidate for further investigation.,85
BRD-A11087911,-0.01982223083161307,1,1,1,1,1.0,0.0594059405940594,0.36801793386885856,5.0,Computational reversal candidate for further investigation.,86
tanespimycin,-0.01955578150520755,6,7,13,14,0.8571428571428571,0.009900990099009901,0.14134022097861962,7.642857142857143,Computational reversal candidate for further investigation.,87
KU-60019,-0.01954079729818283,1,1,1,1,1.0,0.10891089108910891,0.4943651047132363,6.0,Computational reversal candidate for further investigation.,88
palbociclib,-0.019461459092500827,33,36,33,36,0.9166666666666666,0.019801980198019802,0.2074994733515905,7.75,Computational reversal candidate for further investigation.,89
bg fa 0953,-0.019418979855819772,1,1,1,1,1.0,0.06930693069306931,0.39460882504435413,5.0,Computational reversal candidate for further investigation.,90
ptb1,-0.01924407175898174,1,1,1,1,1.0,0.06930693069306931,0.39460882504435413,5.0,Computational reversal candidate for further investigation.,91
ryuvidine,-0.019135753419178995,4,4,4,4,1.0,0.009900990099009901,0.14134022097861962,6.0,Computational reversal candidate for further investigation.,92
gemcitabine,-0.019125921207681616,2,2,2,2,1.0,0.0297029702970297,0.25891527205817927,5.5,Computational reversal candidate for further investigation.,93
BMS-345541,-0.018879159920803433,12,14,12,14,0.8571428571428571,0.009900990099009901,0.14134022097861962,7.214285714285714,Computational reversal candidate for further investigation.,94
radicicol,-0.01885770006575696,39,45,59,65,0.8666666666666667,0.009900990099009901,0.14134022097861962,7.661538461538462,Computational reversal candidate for further investigation.,95
PI-103,-0.01873061681031394,27,34,27,34,0.7941176470588235,0.009900990099009901,0.14134022097861962,6.529411764705882,Computational reversal candidate for further investigation.,96
chaetocin,-0.01869645413536665,7,11,7,11,0.6363636363636364,0.019801980198019802,0.2074994733515905,6.454545454545454,Computational reversal candidate for further investigation.,97
BRD-K72238567,-0.018667125368583174,1,1,1,1,1.0,0.04950495049504951,0.3433970157579138,6.0,Computational reversal candidate for further investigation.,98
TPCA-1,-0.018622183702586347,3,4,3,4,0.75,0.0297029702970297,0.25891527205817927,6.5,Computational reversal candidate for further investigation.,99
BRD-K11671649,-0.018597430790628002,1,1,1,1,1.0,0.0594059405940594,0.36801793386885856,7.0,Computational reversal candidate for further investigation.,100
mrs 1334,-0.018575634932327282,1,1,1,1,1.0,0.04950495049504951,0.3433970157579138,5.0,Computational reversal candidate for further investigation.,101
fenbendazole,-0.018485344343628203,1,1,1,1,1.0,0.09900990099009901,0.4644035832154644,5.0,Computational reversal candidate for further investigation.,102
helveticoside,-0.0184512027738001,2,2,2,2,1.0,0.0594059405940594,0.36801793386885856,6.5,Computational reversal candidate for further investigation.,103
BRD-A57107094,-0.018436637084790562,1,1,1,1,1.0,0.13861386138613863,0.5396626619183658,13.0,Computational reversal candidate for further investigation.,104
lapatinib,-0.018414632288356513,9,9,9,9,1.0,0.009900990099009901,0.14134022097861962,6.222222222222222,Computational reversal candidate for further investigation.,105
dovitinib,-0.01813373365338019,13,16,13,16,0.8125,0.009900990099009901,0.14134022097861962,6.375,Computational reversal candidate for further investigation.,106
aminopurvalanol a,-0.01813004915532807,2,3,2,3,0.6666666666666666,0.0594059405940594,0.36801793386885856,5.666666666666667,Computational reversal candidate for further investigation.,107
ncgc00238536-01,-0.018030775905368786,1,1,1,1,1.0,0.07920792079207921,0.4172181924074761,6.0,Computational reversal candidate for further investigation.,108
hy-13001,-0.018018039676665296,1,1,1,1,1.0,0.019801980198019802,0.2074994733515905,5.0,Computational reversal candidate for further investigation.,109
BRD-A26199074,-0.017856953138001633,1,1,1,1,1.0,0.12871287128712872,0.5260671295345302,8.0,Computational reversal candidate for further investigation.,110
A443654,-0.017745561619469774,32,39,32,39,0.8205128205128205,0.009900990099009901,0.14134022097861962,6.153846153846154,Computational reversal candidate for further investigation.,111
s1120,-0.017714326539581413,4,5,4,5,0.8,0.04950495049504951,0.3433970157579138,5.6,Computational reversal candidate for further investigation.,112
BRD-K07877311,-0.017634340369440324,1,2,1,2,0.5,0.1188118811881188,0.5066220907805066,8.0,Computational reversal candidate for further investigation.,113
gefitinib,-0.017559747724517537,18,18,18,18,1.0,0.0297029702970297,0.25891527205817927,6.833333333333333,Computational reversal candidate for further investigation.,114
BRD-K92301463,-0.017509317059250795,1,1,1,1,1.0,0.0594059405940594,0.36801793386885856,5.0,Computational reversal candidate for further investigation.,115
daunorubicin hydrochloride,-0.01727832443956494,3,3,3,3,1.0,0.0594059405940594,0.36801793386885856,6.0,Computational reversal candidate for further investigation.,116
yc-1,-0.017248198342614464,1,1,1,1,1.0,0.1485148514851485,0.5626428027418127,5.0,Computational reversal candidate for further investigation.,117
st4029573,-0.01724631745014319,1,1,1,1,1.0,0.07920792079207921,0.4172181924074761,5.0,Computational reversal candidate for further investigation.,118
BRD-K03829970,-0.01716549657363709,1,1,1,1,1.0,0.1188118811881188,0.5066220907805066,6.0,Computational reversal candidate for further investigation.,119
ncgc00185087-01,-0.017156037702504328,1,1,1,1,1.0,0.09900990099009901,0.4644035832154644,6.0,Computational reversal candidate for further investigation.,120
ZSTK-474,-0.01710253275686119,24,30,24,30,0.8,0.009900990099009901,0.14134022097861962,6.066666666666666,Computational reversal candidate for further investigation.,121
BRD-K95196255,-0.01707864787119611,2,2,2,2,1.0,0.12871287128712872,0.5260671295345302,9.0,Computational reversal candidate for further investigation.,122
BRD-U29336476,-0.016932921603285554,4,4,4,4,1.0,0.09900990099009901,0.4644035832154644,6.75,Computational reversal candidate for further investigation.,123
WZ-4002,-0.01689097735976696,3,4,3,4,0.75,0.0297029702970297,0.25891527205817927,5.75,Computational reversal candidate for further investigation.,124
ncgc00183243-01,-0.01685397417987488,1,1,1,1,1.0,0.019801980198019802,0.2074994733515905,5.0,Computational reversal candidate for further investigation.,125
WZ-4-145,-0.016802634106032492,19,23,19,23,0.8260869565217391,0.009900990099009901,0.14134022097861962,6.956521739130435,Computational reversal candidate for further investigation.,126
CP-724714,-0.016785156952586488,3,3,3,3,1.0,0.0297029702970297,0.25891527205817927,6.333333333333333,Computational reversal candidate for further investigation.,127
HG-9-91-01,-0.016726122026728102,1,1,1,1,1.0,0.1485148514851485,0.5626428027418127,6.0,Computational reversal candidate for further investigation.,128
BS-181,-0.01663165385687755,1,1,1,1,1.0,0.09900990099009901,0.4644035832154644,5.0,Computational reversal candidate for further investigation.,129
"amethopterin (r,s)",-0.016604930275021183,1,1,1,1,1.0,0.06930693069306931,0.39460882504435413,5.0,Computational reversal candidate for further investigation.,130
BRD-K89059493,-0.01659614444067687,1,1,1,1,1.0,0.04950495049504951,0.3433970157579138,5.0,Computational reversal candidate for further investigation.,131
PF-3758309,-0.016554363575714385,5,8,5,8,0.625,0.009900990099009901,0.14134022097861962,6.375,Computational reversal candidate for further investigation.,132
GDC-0941,-0.016543939457848208,27,32,27,32,0.84375,0.009900990099009901,0.14134022097861962,6.25,Computational reversal candidate for further investigation.,133
nadolol,-0.01649196977583111,1,1,1,1,1.0,0.0891089108910891,0.43451622389961764,5.0,Computational reversal candidate for further investigation.,134
probucol,-0.01633573970437485,1,1,1,1,1.0,0.04950495049504951,0.3433970157579138,7.0,Computational reversal candidate for further investigation.,135
BMS509744,-0.016306611399803744,4,4,4,4,1.0,0.07920792079207921,0.4172181924074761,6.5,Computational reversal candidate for further investigation.,136
pdgf receptor tyrosine kinase inhibitor i,-0.016295812465711376,1,1,1,1,1.0,0.1188118811881188,0.5066220907805066,5.0,Computational reversal candidate for further investigation.,137
WH-4-025,-0.016121051010120062,11,14,11,14,0.7857142857142857,0.0297029702970297,0.25891527205817927,7.285714285714286,Computational reversal candidate for further investigation.,138
ibrutinib,-0.016116263549854,2,3,2,3,0.6666666666666666,0.039603960396039604,0.3071645747251891,6.666666666666667,Computational reversal candidate for further investigation.,139
BRD-K36055864 (cycloheximide),-0.016091074542640922,2,2,2,2,1.0,0.039603960396039604,0.3071645747251891,5.5,Computational reversal candidate for further investigation.,140
geldanamycin,-0.016048288114965108,61,79,98,129,0.7721518987341772,0.009900990099009901,0.14134022097861962,7.767441860465116,Computational reversal candidate for further investigation.,141
BRD-K63068307,-0.0159624604013308,2,2,2,2,1.0,0.039603960396039604,0.3071645747251891,6.0,Computational reversal candidate for further investigation.,142
BRD-K06666320,-0.015945746372735884,2,3,2,3,0.6666666666666666,0.09900990099009901,0.4644035832154644,7.0,Computational reversal candidate for further investigation.,143
5-nonyloxytryptamine,-0.0159162477897948,1,1,1,1,1.0,0.0891089108910891,0.43451622389961764,5.0,Computational reversal candidate for further investigation.,144
AS-601245,-0.015815920824071256,7,8,7,8,0.875,0.009900990099009901,0.14134022097861962,5.375,Computational reversal candidate for further investigation.,145
GDC-0980,-0.015760010340469956,24,30,24,30,0.8,0.0297029702970297,0.25891527205817927,6.366666666666666,Computational reversal candidate for further investigation.,146
ei-232,-0.015618688893247367,2,2,2,2,1.0,0.07920792079207921,0.4172181924074761,5.5,Computational reversal candidate for further investigation.,147
tyrphostin-AG-1478,-0.015522237531054518,1,2,1,2,0.5,0.019801980198019802,0.2074994733515905,5.0,Computational reversal candidate for further investigation.,148
AKT-inhibitor-1-2,-0.015460864108114697,2,2,2,2,1.0,0.0297029702970297,0.25891527205817927,5.0,Computational reversal candidate for further investigation.,149
r2146,-0.015434495571359761,2,2,2,2,1.0,0.0594059405940594,0.36801793386885856,6.5,Computational reversal candidate for further investigation.,150
forskolin,-0.015424928599048843,1,1,1,1,1.0,0.06930693069306931,0.39460882504435413,5.0,Computational reversal candidate for further investigation.,151
afatinib,-0.01540743838186876,29,37,29,37,0.7837837837837838,0.009900990099009901,0.14134022097861962,6.405405405405405,Computational reversal candidate for further investigation.,152
AZD-6482,-0.015389968360626602,3,3,3,3,1.0,0.0594059405940594,0.36801793386885856,5.333333333333333,Computational reversal candidate for further investigation.,153
GSK-2126458,-0.015386012016052362,51,62,51,62,0.8225806451612904,0.0297029702970297,0.25891527205817927,7.064516129032258,Computational reversal candidate for further investigation.,154
ncgc00241357-01,-0.015325586946324118,1,1,1,1,1.0,0.10891089108910891,0.4943651047132363,5.0,Computational reversal candidate for further investigation.,155
BRD-K09854848,-0.015214725639806886,2,2,2,2,1.0,0.0891089108910891,0.43451622389961764,5.0,Computational reversal candidate for further investigation.,156
BRD-K83972459,-0.015199660832368761,1,1,1,1,1.0,0.1485148514851485,0.5626428027418127,5.0,Computational reversal candidate for further investigation.,157
11k-629s,-0.01518315731104565,1,1,1,1,1.0,0.07920792079207921,0.4172181924074761,5.0,Computational reversal candidate for further investigation.,158
BRD-A19248578,-0.015148404758069695,1,1,1,1,1.0,0.0891089108910891,0.43451622389961764,7.0,Computational reversal candidate for further investigation.,159
7b-cis,-0.015066161950836064,3,5,3,5,0.6,0.039603960396039604,0.3071645747251891,5.8,Computational reversal candidate for further investigation.,160
s1003,-0.015048177739478912,1,1,1,1,1.0,0.1782178217821782,0.6202987789945071,6.0,Computational reversal candidate for further investigation.,161
neratinib,-0.0149921732447988,16,23,16,23,0.6956521739130435,0.019801980198019802,0.2074994733515905,7.6521739130434785,Computational reversal candidate for further investigation.,162
BRD-K67870070,-0.014955854561359599,1,1,1,1,1.0,0.10891089108910891,0.4943651047132363,6.0,Computational reversal candidate for further investigation.,163
quinacrine dihydrochloride dihydrate,-0.014937291500544313,4,6,4,6,0.6666666666666666,0.019801980198019802,0.2074994733515905,6.0,Computational reversal candidate for further investigation.,164
BX-912,-0.014906561404623023,1,2,1,2,0.5,0.039603960396039604,0.3071645747251891,6.0,Computational reversal candidate for further investigation.,165
DCC-2036,-0.014791912744422665,10,12,10,12,0.8333333333333334,0.009900990099009901,0.14134022097861962,6.166666666666667,Computational reversal candidate for further investigation.,166
BRD-K41220170,-0.014716304095989462,1,1,1,1,1.0,0.2079207920792079,0.6585272675177486,6.0,Computational reversal candidate for further investigation.,167
BRD-K53903639,-0.014689928929315947,3,3,3,3,1.0,0.06930693069306931,0.39460882504435413,5.0,Computational reversal candidate for further investigation.,168
pelitinib,-0.01468770490109218,19,27,19,27,0.7037037037037037,0.0297029702970297,0.25891527205817927,7.222222222222222,Computational reversal candidate for further investigation.,169
BRD-K17953061,-0.014680091674553397,2,2,2,2,1.0,0.0891089108910891,0.43451622389961764,5.0,Computational reversal candidate for further investigation.,170
s1085,-0.014645561797824547,2,3,2,3,0.6666666666666666,0.0891089108910891,0.43451622389961764,7.0,Computational reversal candidate for further investigation.,171
BIX-01294,-0.014583379498078104,1,1,1,1,1.0,0.2079207920792079,0.6585272675177486,8.0,Computational reversal candidate for further investigation.,172
BRD-K53780220,-0.014531891864260162,1,1,1,1,1.0,0.13861386138613863,0.5396626619183658,5.0,Computational reversal candidate for further investigation.,173
BRD-K56653679,-0.014499649054059545,3,3,3,3,1.0,0.0891089108910891,0.43451622389961764,6.333333333333333,Computational reversal candidate for further investigation.,174
saracatinib,-0.014425055077041171,13,19,13,19,0.6842105263157895,0.019801980198019802,0.2074994733515905,7.105263157894737,Computational reversal candidate for further investigation.,175
cyclopiazonic acid,-0.014415350803260746,1,1,1,1,1.0,0.13861386138613863,0.5396626619183658,5.0,Computational reversal candidate for further investigation.,176
BRD-K79222491,-0.014326613905402089,2,2,2,2,1.0,0.1188118811881188,0.5066220907805066,5.5,Computational reversal candidate for further investigation.,177
PF 573228,-0.014309444796584619,1,1,1,1,1.0,0.039603960396039604,0.3071645747251891,5.0,Computational reversal candidate for further investigation.,178
erythrosine sodium,-0.014262131710645245,1,1,1,1,1.0,0.07920792079207921,0.4172181924074761,7.0,Computational reversal candidate for further investigation.,179
BYL719,-0.014234748674650955,2,3,2,3,0.6666666666666666,0.019801980198019802,0.2074994733515905,5.333333333333333,Computational reversal candidate for further investigation.,180
BRD-K77547920,-0.013987601781730884,3,3,3,3,1.0,0.009900990099009901,0.14134022097861962,5.333333333333333,Computational reversal candidate for further investigation.,181
WZ-3105,-0.013972224628256483,24,29,24,29,0.8275862068965517,0.009900990099009901,0.14134022097861962,6.0344827586206895,Computational reversal candidate for further investigation.,182
BRD-K42644990,-0.013968667857887383,1,1,1,1,1.0,0.1188118811881188,0.5066220907805066,5.0,Computational reversal candidate for further investigation.,183
emetine hydrochloride,-0.013943372202845491,2,2,2,2,1.0,0.15841584158415842,0.5844179923610339,6.0,Computational reversal candidate for further investigation.,184
BRD-K53308430,-0.013834605773920407,3,3,3,3,1.0,0.10891089108910891,0.4943651047132363,7.333333333333333,Computational reversal candidate for further investigation.,185
BRD-K01436366,-0.013681494283333116,2,2,2,2,1.0,0.12871287128712872,0.5260671295345302,5.0,Computational reversal candidate for further investigation.,186
ku 0060648 trihydrochloride,-0.01365036529237047,8,10,8,10,0.8,0.0297029702970297,0.25891527205817927,6.2,Computational reversal candidate for further investigation.,187
ro 08-2750,-0.013517568729288911,1,1,1,1,1.0,0.1485148514851485,0.5626428027418127,5.0,Computational reversal candidate for further investigation.,188
PF-562271,-0.013440719309263167,10,13,10,13,0.7692307692307693,0.009900990099009901,0.14134022097861962,6.3076923076923075,Computational reversal candidate for further investigation.,189
GSK-1904529A,-0.013428833660004549,2,2,2,2,1.0,0.019801980198019802,0.2074994733515905,5.0,Computational reversal candidate for further investigation.,190
linifanib,-0.013294825690506202,8,10,8,10,0.8,0.04950495049504951,0.3433970157579138,7.1,Computational reversal candidate for further investigation.,191
BRD-K80348542,-0.01326320317633729,3,5,3,5,0.6,0.1188118811881188,0.5066220907805066,6.0,Computational reversal candidate for further investigation.,192
chelerythrine chloride,-0.01323904064891318,1,2,1,2,0.5,0.0594059405940594,0.36801793386885856,5.0,Computational reversal candidate for further investigation.,193
fenofibrate,-0.013234903376051453,1,1,1,1,1.0,0.1188118811881188,0.5066220907805066,6.0,Computational reversal candidate for further investigation.,194
ag 957,-0.013059407696255744,1,1,1,1,1.0,0.13861386138613863,0.5396626619183658,7.0,Computational reversal candidate for further investigation.,195
dexamethasone,-0.012978613316831384,1,1,1,1,1.0,0.1782178217821782,0.6202987789945071,6.0,Computational reversal candidate for further investigation.,196
mitoxantrone,-0.012880762631400401,45,59,68,88,0.7627118644067796,0.0297029702970297,0.25891527205817927,6.8522727272727275,Computational reversal candidate for further investigation.,197
BRD-K59962020,-0.012876976062596503,1,1,1,1,1.0,0.12871287128712872,0.5260671295345302,6.0,Computational reversal candidate for further investigation.,198
alvocidib,-0.01264598337996823,41,48,41,48,0.8541666666666666,0.039603960396039604,0.3071645747251891,5.979166666666667,Computational reversal candidate for further investigation.,199
BRD-K10906552,-0.012636756710518955,2,2,2,2,1.0,0.19801980198019803,0.6501650165016502,7.0,Computational reversal candidate for further investigation.,200
valdecoxib,-0.012498687918194588,2,3,2,3,0.6666666666666666,0.039603960396039604,0.3071645747251891,5.333333333333333,Computational reversal candidate for further investigation.,201
r406,-0.012445778870786491,1,1,1,1,1.0,0.07920792079207921,0.4172181924074761,5.0,Computational reversal candidate for further investigation.,202
calyculin a,-0.012417787406332877,2,2,2,2,1.0,0.1188118811881188,0.5066220907805066,5.0,Computational reversal candidate for further investigation.,203
BRD-K10846167,-0.012415718442394412,1,1,1,1,1.0,0.15841584158415842,0.5844179923610339,7.0,Computational reversal candidate for further investigation.,204
GSK-1070916,-0.012301745294276946,4,4,4,4,1.0,0.0594059405940594,0.36801793386885856,6.25,Computational reversal candidate for further investigation.,205
BRD-K82837433,-0.012050561451881948,2,2,2,2,1.0,0.12871287128712872,0.5260671295345302,5.5,Computational reversal candidate for further investigation.,206
rs 17053 hydrochloride,-0.011943355426727711,2,2,2,2,1.0,0.0891089108910891,0.43451622389961764,6.0,Computational reversal candidate for further investigation.,207
piplartine,-0.011871997456806437,12,18,13,19,0.6666666666666666,0.04950495049504951,0.3433970157579138,6.105263157894737,Computational reversal candidate for further investigation.,208
BRD-K74761218,-0.01167694160507934,1,1,1,1,1.0,0.297029702970297,0.7907412362857907,7.0,Computational reversal candidate for further investigation.,209
BMS-387032,-0.01163778387344045,34,41,34,41,0.8292682926829268,0.009900990099009901,0.14134022097861962,6.219512195121951,Computational reversal candidate for further investigation.,210
s2004,-0.011478112930537002,1,1,1,1,1.0,0.2079207920792079,0.6585272675177486,7.0,Computational reversal candidate for further investigation.,211
PF-431396,-0.011475814308761217,6,7,6,7,0.8571428571428571,0.04950495049504951,0.3433970157579138,5.428571428571429,Computational reversal candidate for further investigation.,212
thm-i-94,-0.011429054537321707,7,8,7,8,0.875,0.06930693069306931,0.39460882504435413,5.5,Computational reversal candidate for further investigation.,213
BRD-K48654774,-0.011399917734217717,1,1,1,1,1.0,0.15841584158415842,0.5844179923610339,5.0,Computational reversal candidate for further investigation.,214
epirubicin hydrochloride,-0.011319492586866712,2,2,2,2,1.0,0.10891089108910891,0.4943651047132363,5.0,Computational reversal candidate for further investigation.,215
BRD-K60870698,-0.011297557623662247,2,2,2,2,1.0,0.21782178217821782,0.6622051093998289,7.0,Computational reversal candidate for further investigation.,216
sdm25n hydrochloride,-0.011236118125235693,1,1,1,1,1.0,0.12871287128712872,0.5260671295345302,5.0,Computational reversal candidate for further investigation.,217
BRD-K31491153,-0.011229087386025346,1,1,1,1,1.0,0.2079207920792079,0.6585272675177486,5.0,Computational reversal candidate for further investigation.,218
medrysone,-0.011226409930469347,1,1,1,1,1.0,0.26732673267326734,0.741737554037094,5.0,Computational reversal candidate for further investigation.,219
BRD-A11702965,-0.011152132898842758,2,2,2,2,1.0,0.10891089108910891,0.4943651047132363,5.5,Computational reversal candidate for further investigation.,220
BRD-K50140147,-0.01114722211469002,2,3,2,4,0.6666666666666666,0.07920792079207921,0.4172181924074761,6.0,Computational reversal candidate for further investigation.,221
AZD-5438,-0.011097833375975436,23,37,23,37,0.6216216216216216,0.009900990099009901,0.14134022097861962,6.594594594594595,Computational reversal candidate for further investigation.,222
tivozanib,-0.011053528213028681,3,4,3,4,0.75,0.0594059405940594,0.36801793386885856,7.5,Computational reversal candidate for further investigation.,223
rocilinostat,-0.011027442250582317,1,2,1,2,0.5,0.2079207920792079,0.6585272675177486,7.5,Computational reversal candidate for further investigation.,224
BRD-K58853583,-0.011015059857456991,1,1,1,1,1.0,0.0594059405940594,0.36801793386885856,5.0,Computational reversal candidate for further investigation.,225
XMD16-144,-0.010986263126032793,12,17,12,17,0.7058823529411765,0.039603960396039604,0.3071645747251891,6.647058823529412,Computational reversal candidate for further investigation.,226
CGP-60474,-0.010964945548244398,61,83,92,125,0.7349397590361446,0.009900990099009901,0.14134022097861962,6.28,Computational reversal candidate for further investigation.,227
bosutinib,-0.010923957116438232,2,4,2,4,0.5,0.04950495049504951,0.3433970157579138,6.0,Computational reversal candidate for further investigation.,228
BRD-K52914903,-0.010915876976251493,1,1,1,1,1.0,0.21782178217821782,0.6622051093998289,6.0,Computational reversal candidate for further investigation.,229
peitc,-0.010902118258351471,1,1,1,1,1.0,0.15841584158415842,0.5844179923610339,7.0,Computational reversal candidate for further investigation.,230
sb 202190,-0.010888715890027649,1,1,1,1,1.0,0.13861386138613863,0.5396626619183658,6.0,Computational reversal candidate for further investigation.,231
sutent,-0.010881994389198445,5,6,5,6,0.8333333333333334,0.0891089108910891,0.43451622389961764,6.166666666666667,Computational reversal candidate for further investigation.,232
zaprinast,-0.010859777225362278,1,1,1,1,1.0,0.22772277227722773,0.6817839838695116,5.0,Computational reversal candidate for further investigation.,233
ncgc00165208-01,-0.010814675286240593,2,2,2,2,1.0,0.06930693069306931,0.39460882504435413,5.0,Computational reversal candidate for further investigation.,234
temsirolimus [ci779],-0.010805557332962368,1,2,1,2,0.5,0.13861386138613863,0.5396626619183658,6.0,Computational reversal candidate for further investigation.,235
fk506,-0.010801863686989481,1,2,1,2,0.5,0.09900990099009901,0.4644035832154644,6.0,Computational reversal candidate for further investigation.,236
ZM-447439,-0.010793203521254811,1,1,1,1,1.0,0.18811881188118812,0.630262005792416,7.0,Computational reversal candidate for further investigation.,237
e3380,-0.010752476187653227,2,2,2,2,1.0,0.13861386138613863,0.5396626619183658,5.5,Computational reversal candidate for further investigation.,238
hdac6 inhibitor isox,-0.010735529507216585,11,14,11,14,0.7857142857142857,0.06930693069306931,0.39460882504435413,6.5,Computational reversal candidate for further investigation.,239
betamethasone,-0.010687328893136401,1,1,1,1,1.0,0.1782178217821782,0.6202987789945071,5.0,Computational reversal candidate for further investigation.,240
BRD-A94377914,-0.010667702149980236,3,4,3,4,0.75,0.1782178217821782,0.6202987789945071,5.5,Computational reversal candidate for further investigation.,241
olvanil,-0.010608045603018262,2,2,2,2,1.0,0.13861386138613863,0.5396626619183658,6.5,Computational reversal candidate for further investigation.,242
"l-690,330",-0.010579518244890337,1,1,1,1,1.0,0.22772277227722773,0.6817839838695116,5.0,Computational reversal candidate for further investigation.,243
NVP-BEZ235,-0.010548550752937202,22,31,22,31,0.7096774193548387,0.06930693069306931,0.39460882504435413,6.354838709677419,Computational reversal candidate for further investigation.,244
vincristine sulfate,-0.010438757710885392,1,2,1,2,0.5,0.13861386138613863,0.5396626619183658,5.5,Computational reversal candidate for further investigation.,245
BRD-K12184916,-0.010437145048131573,4,6,4,6,0.6666666666666666,0.06930693069306931,0.39460882504435413,6.0,Computational reversal candidate for further investigation.,246
sr 142948,-0.01038763392964071,1,2,1,2,0.5,0.06930693069306931,0.39460882504435413,5.5,Computational reversal candidate for further investigation.,247
vorinostat,-0.010342522350824612,43,56,105,140,0.7678571428571429,0.04950495049504951,0.3433970157579138,6.571428571428571,Computational reversal candidate for further investigation.,248
hts 10859,-0.010333479843486627,1,1,1,1,1.0,0.21782178217821782,0.6622051093998289,5.0,Computational reversal candidate for further investigation.,249
ncgc00184834-01,-0.01024373828052046,1,2,1,2,0.5,0.2079207920792079,0.6585272675177486,5.5,Computational reversal candidate for further investigation.,250
oxymetazoline hydrochloride,-0.010223490394478587,1,1,1,1,1.0,0.1782178217821782,0.6202987789945071,6.0,Computational reversal candidate for further investigation.,251
MK-2206,-0.010139750545117232,4,7,4,7,0.5714285714285714,0.0594059405940594,0.36801793386885856,6.571428571428571,Computational reversal candidate for further investigation.,252
st056792,-0.010095836909050719,2,3,2,3,0.6666666666666666,0.18811881188118812,0.630262005792416,8.0,Computational reversal candidate for further investigation.,253
dinaciclib,-0.010094204274706087,8,10,8,10,0.8,0.12871287128712872,0.5260671295345302,6.3,Computational reversal candidate for further investigation.,254
s1019,-0.010052750998979955,1,1,1,1,1.0,0.18811881188118812,0.630262005792416,5.0,Computational reversal candidate for further investigation.,255
pyrrolidinedithiocarbamate ammonium,-0.010029115747646956,1,1,1,1,1.0,0.12871287128712872,0.5260671295345302,5.0,Computational reversal candidate for further investigation.,256
yk 4-279,-0.009944394265972184,1,1,1,1,1.0,0.1188118811881188,0.5066220907805066,6.0,Computational reversal candidate for further investigation.,257
desoxymetasone,-0.009893151921935022,1,1,1,1,1.0,0.12871287128712872,0.5260671295345302,5.0,Computational reversal candidate for further investigation.,258
ys-035 hydrochloride,-0.009856282112756581,1,1,1,1,1.0,0.13861386138613863,0.5396626619183658,5.0,Computational reversal candidate for further investigation.,259
selamectin,-0.009749089221112645,2,3,2,3,0.6666666666666666,0.2376237623762376,0.6966053748231966,5.666666666666667,Computational reversal candidate for further investigation.,260
BRD-K74133369,-0.009748478659127117,2,2,2,2,1.0,0.07920792079207921,0.4172181924074761,5.0,Computational reversal candidate for further investigation.,261
ncgc00188536-01,-0.009733948017495143,3,5,3,5,0.6,0.1188118811881188,0.5066220907805066,6.6,Computational reversal candidate for further investigation.,262
akti-1/2,-0.009708832874810457,2,2,2,2,1.0,0.25742574257425743,0.7244695898161244,5.5,Computational reversal candidate for further investigation.,263
BRD-K86761848,-0.009630244241779452,1,1,1,1,1.0,0.21782178217821782,0.6622051093998289,6.0,Computational reversal candidate for further investigation.,264
flucytosine,-0.009603722331817069,1,1,1,1,1.0,0.25742574257425743,0.7244695898161244,5.0,Computational reversal candidate for further investigation.,265
importazole,-0.009578471452911233,13,17,13,17,0.7647058823529411,0.0891089108910891,0.43451622389961764,6.235294117647059,Computational reversal candidate for further investigation.,266
BRD-A41250203,-0.009449867936898507,2,2,2,2,1.0,0.18811881188118812,0.630262005792416,5.5,Computational reversal candidate for further investigation.,267
BRD-K06009608,-0.009402645080901583,2,2,2,2,1.0,0.18811881188118812,0.630262005792416,5.5,Computational reversal candidate for further investigation.,268
cyt997,-0.009373625128654929,2,3,2,3,0.6666666666666666,0.18811881188118812,0.630262005792416,6.0,Computational reversal candidate for further investigation.,269
digitoxigenin,-0.009241474847927068,4,5,4,6,0.8,0.18811881188118812,0.630262005792416,6.833333333333333,Computational reversal candidate for further investigation.,270
GSK-1059615,-0.009225901454106834,24,34,34,56,0.7058823529411765,0.039603960396039604,0.3071645747251891,6.035714285714286,Computational reversal candidate for further investigation.,271
s1266,-0.009206743191074798,1,1,1,1,1.0,0.21782178217821782,0.6622051093998289,5.0,Computational reversal candidate for further investigation.,272
KW-2449,-0.009140829512780866,3,4,3,4,0.75,0.0891089108910891,0.43451622389961764,6.5,Computational reversal candidate for further investigation.,273
mevastatin,-0.00909463171729601,2,2,2,2,1.0,0.18811881188118812,0.630262005792416,6.5,Computational reversal candidate for further investigation.,274
stock1n-27488,-0.008966510276146152,2,2,3,3,1.0,0.06930693069306931,0.39460882504435413,6.0,Computational reversal candidate for further investigation.,275
BRD-A25337146,-0.008857645157704722,2,2,2,2,1.0,0.16831683168316833,0.6163274319997056,5.0,Computational reversal candidate for further investigation.,276
doxepin hydrochloride,-0.008807621562858478,1,1,1,1,1.0,0.16831683168316833,0.6163274319997056,5.0,Computational reversal candidate for further investigation.,277
PIK-93,-0.00876886652797207,7,8,7,8,0.875,0.09900990099009901,0.4644035832154644,5.75,Computational reversal candidate for further investigation.,278
src kinase inhibitor ii,-0.008732279416333212,1,1,1,1,1.0,0.21782178217821782,0.6622051093998289,6.0,Computational reversal candidate for further investigation.,279
BRD-K01614657,-0.00869311480664848,4,5,4,5,0.8,0.19801980198019803,0.6501650165016502,6.4,Computational reversal candidate for further investigation.,280
s1053,-0.008692890417962222,6,7,6,7,0.8571428571428571,0.1485148514851485,0.5626428027418127,6.285714285714286,Computational reversal candidate for further investigation.,281
pik-90,-0.008663300130627112,1,1,1,1,1.0,0.25742574257425743,0.7244695898161244,5.0,Computational reversal candidate for further investigation.,282
elesclomol,-0.008650897144002967,2,2,2,2,1.0,0.1782178217821782,0.6202987789945071,5.5,Computational reversal candidate for further investigation.,283
s1122,-0.00864598998584671,1,2,1,2,0.5,0.297029702970297,0.7907412362857907,5.5,Computational reversal candidate for further investigation.,284
kuc104495 kuc104495n,-0.008637405403570154,1,2,1,2,0.5,0.18811881188118812,0.630262005792416,6.0,Computational reversal candidate for further investigation.,285
withaferin-a,-0.008616171539318752,18,28,25,36,0.6428571428571429,0.07920792079207921,0.4172181924074761,7.5,Computational reversal candidate for further investigation.,286
BRD-K13810148,-0.008608942110105924,2,3,2,3,0.6666666666666666,0.297029702970297,0.7907412362857907,6.333333333333333,Computational reversal candidate for further investigation.,287
roscovitine,-0.008558005710533988,3,4,3,4,0.75,0.07920792079207921,0.4172181924074761,5.25,Computational reversal candidate for further investigation.,288
t542500,-0.00851068981409129,5,5,5,5,1.0,0.1782178217821782,0.6202987789945071,5.8,Computational reversal candidate for further investigation.,289
BRD-K66555411,-0.00850296300570794,1,1,1,1,1.0,0.2871287128712871,0.7856160616061606,5.0,Computational reversal candidate for further investigation.,290
promazine hydrochloride,-0.0084283810091722,2,3,2,3,0.6666666666666666,0.1188118811881188,0.5066220907805066,5.666666666666667,Computational reversal candidate for further investigation.,291
trichostatin a,-0.008427480436888724,18,27,96,118,0.6666666666666666,0.10891089108910891,0.4943651047132363,6.610169491525424,Computational reversal candidate for further investigation.,292
quinine hemisulfate salt monohydrate,-0.008386471045632057,2,3,2,3,0.6666666666666666,0.1188118811881188,0.5066220907805066,5.0,Computational reversal candidate for further investigation.,293
BRD-K01834163,-0.008353101786078265,2,2,2,2,1.0,0.1782178217821782,0.6202987789945071,5.5,Computational reversal candidate for further investigation.,294
g5797,-0.008344499417662922,1,1,1,1,1.0,0.1782178217821782,0.6202987789945071,5.0,Computational reversal candidate for further investigation.,295
BRD-K97764662,-0.008255542125704727,1,1,1,1,1.0,0.15841584158415842,0.5844179923610339,7.0,Computational reversal candidate for further investigation.,296
HG-5-88-01,-0.008241448506155272,5,6,5,6,0.8333333333333334,0.04950495049504951,0.3433970157579138,5.833333333333333,Computational reversal candidate for further investigation.,297
BRD-K77877933,-0.008217358407519797,3,5,3,5,0.6,0.1485148514851485,0.5626428027418127,7.8,Computational reversal candidate for further investigation.,298
emetine dihydrochloride hydrate (74),-0.008195428094608668,6,9,6,9,0.6666666666666666,0.1782178217821782,0.6202987789945071,6.444444444444445,Computational reversal candidate for further investigation.,299
digoxigenin,-0.008057897086992349,2,3,2,3,0.6666666666666666,0.18811881188118812,0.630262005792416,7.333333333333333,Computational reversal candidate for further investigation.,300
16-hydroxytriptolide,-0.008052090136288085,6,6,6,6,1.0,0.13861386138613863,0.5396626619183658,5.666666666666667,Computational reversal candidate for further investigation.,301
daunorubicin,-0.008032362565794466,1,2,1,2,0.5,0.19801980198019803,0.6501650165016502,5.0,Computational reversal candidate for further investigation.,302
GDC-0068,-0.007975063071333189,1,1,1,1,1.0,0.3069306930693069,0.8019276728733881,5.0,Computational reversal candidate for further investigation.,303
NVP-TAE226,-0.00796052521566863,5,6,5,6,0.8333333333333334,0.1782178217821782,0.6202987789945071,6.0,Computational reversal candidate for further investigation.,304
norgestimate,-0.007950365279002777,1,1,1,1,1.0,0.32673267326732675,0.8230989339343141,5.0,Computational reversal candidate for further investigation.,305
gr 32191 hydrochloride,-0.007803507790552937,1,1,1,1,1.0,0.32673267326732675,0.8230989339343141,5.0,Computational reversal candidate for further investigation.,306
HG-14-8-02,-0.007773118050994266,4,5,4,5,0.8,0.19801980198019803,0.6501650165016502,6.6,Computational reversal candidate for further investigation.,307
AZD-8055,-0.007662992907015714,22,28,22,28,0.7857142857142857,0.0891089108910891,0.43451622389961764,6.25,Computational reversal candidate for further investigation.,308
BRD-U32049204,-0.007642745444787421,1,1,1,1,1.0,0.21782178217821782,0.6622051093998289,5.0,Computational reversal candidate for further investigation.,309
PHA-793887,-0.007506888390054934,25,34,25,34,0.7352941176470589,0.0594059405940594,0.36801793386885856,6.705882352941177,Computational reversal candidate for further investigation.,310
dorsomorphin dihydrochloride,-0.007499380110217342,10,14,11,17,0.7142857142857143,0.0891089108910891,0.43451622389961764,6.176470588235294,Computational reversal candidate for further investigation.,311
BRD-A72837804,-0.007457963174251763,1,1,1,1,1.0,0.31683168316831684,0.8148282191143397,6.0,Computational reversal candidate for further investigation.,312
jak3 inhibitor vi,-0.007445722167659739,3,3,3,3,1.0,0.21782178217821782,0.6622051093998289,6.0,Computational reversal candidate for further investigation.,313
bi 2536,-0.0074431723532925225,9,15,9,15,0.6,0.2376237623762376,0.6966053748231966,6.2,Computational reversal candidate for further investigation.,314
torin-2,-0.007400383741663221,20,33,20,33,0.6060606060606061,0.0891089108910891,0.43451622389961764,6.9393939393939394,Computational reversal candidate for further investigation.,315
BRD-K53592093,-0.007396648128965494,1,1,1,1,1.0,0.2376237623762376,0.6966053748231966,5.0,Computational reversal candidate for further investigation.,316
gsk-3b inhibitor viii,-0.007382632982244016,1,1,1,1,1.0,0.32673267326732675,0.8230989339343141,8.0,Computational reversal candidate for further investigation.,317
BRD-A50388635,-0.007340417760785704,1,1,1,1,1.0,0.3069306930693069,0.8019276728733881,5.0,Computational reversal candidate for further investigation.,318
BRD-K56196992,-0.007280810169706406,1,1,1,1,1.0,0.32673267326732675,0.8230989339343141,7.0,Computational reversal candidate for further investigation.,319
BRD-K23478508 (digoxin),-0.0072256913004845845,3,5,3,5,0.6,0.21782178217821782,0.6622051093998289,7.2,Computational reversal candidate for further investigation.,320
BRD-K88708949,-0.007140798668866378,1,1,1,1,1.0,0.24752475247524752,0.7108218110440782,5.0,Computational reversal candidate for further investigation.,321
cytosporone b,-0.007094572258030568,1,1,1,1,1.0,0.2376237623762376,0.6966053748231966,5.0,Computational reversal candidate for further investigation.,322
bms-754807,-0.00693753370287114,2,2,2,2,1.0,0.25742574257425743,0.7244695898161244,5.0,Computational reversal candidate for further investigation.,323
ncgc00182393-01,-0.006930940901646188,2,4,2,4,0.5,0.19801980198019803,0.6501650165016502,6.0,Computational reversal candidate for further investigation.,324
XMD11-85H,-0.006920478925059224,3,4,3,4,0.75,0.07920792079207921,0.4172181924074761,5.25,Computational reversal candidate for further investigation.,325
BRD-A31107743,-0.006913575008158888,6,9,6,9,0.6666666666666666,0.21782178217821782,0.6622051093998289,6.111111111111111,Computational reversal candidate for further investigation.,326
y27632,-0.006864209780675801,2,2,2,2,1.0,0.22772277227722773,0.6817839838695116,5.5,Computational reversal candidate for further investigation.,327
BRD-K71726959,-0.006800461504835916,2,3,2,3,0.6666666666666666,0.1782178217821782,0.6202987789945071,5.333333333333333,Computational reversal candidate for further investigation.,328
LDN-193189,-0.006754101536842962,5,8,5,8,0.625,0.1188118811881188,0.5066220907805066,6.375,Computational reversal candidate for further investigation.,329
SAR-245408,-0.006747385572348151,2,4,2,4,0.5,0.1188118811881188,0.5066220907805066,8.75,Computational reversal candidate for further investigation.,330
parthenolide,-0.006726926438137451,11,14,12,15,0.7857142857142857,0.13861386138613863,0.5396626619183658,5.866666666666666,Computational reversal candidate for further investigation.,331
bx-795,-0.006722204376107895,2,3,2,3,0.6666666666666666,0.18811881188118812,0.630262005792416,5.0,Computational reversal candidate for further investigation.,332
imatinib,-0.006707020195468935,1,1,1,1,1.0,0.26732673267326734,0.741737554037094,5.0,Computational reversal candidate for further investigation.,333
(-)-gallocatechin gallate,-0.0066478005525631555,1,1,1,1,1.0,0.38613861386138615,0.9034359492956422,6.0,Computational reversal candidate for further investigation.,334
p8624,-0.006598658023488804,1,1,1,1,1.0,0.3069306930693069,0.8019276728733881,5.0,Computational reversal candidate for further investigation.,335
z-leu3-vs,-0.006591834437902634,2,2,2,2,1.0,0.25742574257425743,0.7244695898161244,5.5,Computational reversal candidate for further investigation.,336
sarmentogenin,-0.006544432234283236,3,4,3,4,0.75,0.297029702970297,0.7907412362857907,6.5,Computational reversal candidate for further investigation.,337
digitoxin,-0.006540839694631786,6,9,6,9,0.6666666666666666,0.21782178217821782,0.6622051093998289,7.0,Computational reversal candidate for further investigation.,338
gr-239,-0.006521293337081209,1,1,1,1,1.0,0.24752475247524752,0.7108218110440782,5.0,Computational reversal candidate for further investigation.,339
metergoline,-0.006458078760100938,1,1,1,1,1.0,0.26732673267326734,0.741737554037094,5.0,Computational reversal candidate for further investigation.,340
hinokitiol,-0.0064456329538442585,1,2,1,2,0.5,0.22772277227722773,0.6817839838695116,5.5,Computational reversal candidate for further investigation.,341
mocetinostat,-0.006427939882717209,4,6,4,6,0.6666666666666666,0.2079207920792079,0.6585272675177486,6.166666666666667,Computational reversal candidate for further investigation.,342
BRD-K84203638,-0.006398244644490464,5,7,5,7,0.7142857142857143,0.15841584158415842,0.5844179923610339,6.714285714285714,Computational reversal candidate for further investigation.,343
methoxsalen,-0.006381890583721337,1,1,1,1,1.0,0.24752475247524752,0.7108218110440782,7.0,Computational reversal candidate for further investigation.,344
BRD-A15010982,-0.00636654436628732,1,1,1,1,1.0,0.32673267326732675,0.8230989339343141,9.0,Computational reversal candidate for further investigation.,345
GSK-2334470,-0.006347523859005692,1,2,1,2,0.5,0.2871287128712871,0.7856160616061606,5.0,Computational reversal candidate for further investigation.,346
periplocymarin,-0.006331032998628314,6,6,6,6,1.0,0.21782178217821782,0.6622051093998289,6.833333333333333,Computational reversal candidate for further investigation.,347
BRD-K69852452,-0.006229400447739942,6,8,8,10,0.75,0.21782178217821782,0.6622051093998289,6.9,Computational reversal candidate for further investigation.,348
BRD-U25771771,-0.0059683999170153275,1,1,1,1,1.0,0.4158415841584158,0.9267057927512209,5.0,Computational reversal candidate for further investigation.,349
ncgc00241077-01,-0.005940546667975404,1,1,1,1,1.0,0.2871287128712871,0.7856160616061606,5.0,Computational reversal candidate for further investigation.,350
BRD-K64517075,-0.005812961337560259,2,3,2,3,0.6666666666666666,0.297029702970297,0.7907412362857907,8.0,Computational reversal candidate for further investigation.,351
BRD-K26304855,-0.005791727264704012,2,3,2,3,0.6666666666666666,0.1782178217821782,0.6202987789945071,5.333333333333333,Computational reversal candidate for further investigation.,352
obaa,-0.005771787074418135,1,2,1,2,0.5,0.2079207920792079,0.6585272675177486,5.0,Computational reversal candidate for further investigation.,353
s1142,-0.005752389447315841,1,1,1,1,1.0,0.2871287128712871,0.7856160616061606,7.0,Computational reversal candidate for further investigation.,354
BRD-U86922168,-0.005729777999212074,4,5,4,5,0.8,0.2376237623762376,0.6966053748231966,6.2,Computational reversal candidate for further investigation.,355
chloroxine,-0.005703495529045612,1,2,1,2,0.5,0.297029702970297,0.7907412362857907,5.5,Computational reversal candidate for further investigation.,356
np-009265,-0.005664108212848039,1,2,1,2,0.5,0.2376237623762376,0.6966053748231966,5.5,Computational reversal candidate for further investigation.,357
sulconazole nitrate,-0.005655489547833348,1,1,1,1,1.0,0.31683168316831684,0.8148282191143397,5.0,Computational reversal candidate for further investigation.,358
QL-X-138,-0.005651110610049097,13,20,13,20,0.65,0.12871287128712872,0.5260671295345302,7.05,Computational reversal candidate for further investigation.,359
BRD-K68202742 (trichostatin a),-0.005618981550853037,4,6,7,11,0.6666666666666666,0.24752475247524752,0.7108218110440782,5.909090909090909,Computational reversal candidate for further investigation.,360
BRD-K64606589,-0.00554240925059485,4,5,4,5,0.8,0.2871287128712871,0.7856160616061606,6.2,Computational reversal candidate for further investigation.,361
BRD-K37340241,-0.005525693233050635,1,1,1,1,1.0,0.33663366336633666,0.8394535656097256,5.0,Computational reversal candidate for further investigation.,362
BRD-A47816767,-0.005498999426295927,3,3,3,3,1.0,0.39603960396039606,0.9072069997697444,6.666666666666667,Computational reversal candidate for further investigation.,363
ei-215,-0.005457192046133274,4,5,4,5,0.8,0.297029702970297,0.7907412362857907,5.2,Computational reversal candidate for further investigation.,364
BRD-K35424586,-0.005435666583113662,1,2,1,2,0.5,0.32673267326732675,0.8230989339343141,7.0,Computational reversal candidate for further investigation.,365
azd8055,-0.005424105324144191,2,3,2,3,0.6666666666666666,0.32673267326732675,0.8230989339343141,6.0,Computational reversal candidate for further investigation.,366
olaparib,-0.005399086263735741,2,3,2,3,0.6666666666666666,0.1485148514851485,0.5626428027418127,7.0,Computational reversal candidate for further investigation.,367
"chrysene-1,4-quinone",-0.005338500277162223,1,1,1,1,1.0,0.39603960396039606,0.9072069997697444,5.0,Computational reversal candidate for further investigation.,368
stock1s-53863,-0.005311615721786253,3,4,4,5,0.75,0.15841584158415842,0.5844179923610339,5.8,Computational reversal candidate for further investigation.,369
icariin,-0.005310362016270702,1,1,1,1,1.0,0.25742574257425743,0.7244695898161244,5.0,Computational reversal candidate for further investigation.,370
BRD-A75409952 (wortmannin),-0.005263280603174776,1,1,1,1,1.0,0.33663366336633666,0.8394535656097256,5.0,Computational reversal candidate for further investigation.,371
mibefradil dihydrochloride,-0.005238362000515128,1,1,1,1,1.0,0.31683168316831684,0.8148282191143397,5.0,Computational reversal candidate for further investigation.,372
AT-7519,-0.00521786191763491,23,31,23,31,0.7419354838709677,0.09900990099009901,0.4644035832154644,6.129032258064516,Computational reversal candidate for further investigation.,373
thioguanosine,-0.005198620278397879,1,1,1,1,1.0,0.4158415841584158,0.9267057927512209,5.0,Computational reversal candidate for further investigation.,374
oxprenolol hydrochloride,-0.0051351654088509415,1,1,1,1,1.0,0.33663366336633666,0.8394535656097256,5.0,Computational reversal candidate for further investigation.,375
BRD-K08463963,-0.00496034727447906,1,1,1,1,1.0,0.45544554455445546,0.9585766268934586,6.0,Computational reversal candidate for further investigation.,376
BRD-K41859756,-0.00492299272153659,7,9,7,9,0.7777777777777778,0.22772277227722773,0.6817839838695116,5.666666666666667,Computational reversal candidate for further investigation.,377
oxymetholone,-0.004909972462641833,1,1,1,1,1.0,0.45544554455445546,0.9585766268934586,8.0,Computational reversal candidate for further investigation.,378
ncgc00188535-01,-0.004825217781954246,1,2,1,2,0.5,0.3465346534653465,0.8533415841584158,6.0,Computational reversal candidate for further investigation.,379
suloctidil,-0.004762963624389032,1,1,1,1,1.0,0.49504950495049505,0.9870926363891449,5.0,Computational reversal candidate for further investigation.,380
BRD-K32896438,-0.0047397119004961566,2,3,2,3,0.6666666666666666,0.31683168316831684,0.8148282191143397,6.333333333333333,Computational reversal candidate for further investigation.,381
BRD-K73261812,-0.004734580768582892,5,7,5,7,0.7142857142857143,0.25742574257425743,0.7244695898161244,5.571428571428571,Computational reversal candidate for further investigation.,382
vinpocetine,-0.00473194295012241,1,1,1,1,1.0,0.43564356435643564,0.9493559975466573,6.0,Computational reversal candidate for further investigation.,383
BRD-K00317371,-0.004597520020407769,3,5,3,5,0.6,0.19801980198019803,0.6501650165016502,6.0,Computational reversal candidate for further investigation.,384
hydrocortisone acetate,-0.004313813299786262,1,1,1,1,1.0,0.36633663366336633,0.8822532620010167,5.0,Computational reversal candidate for further investigation.,385
HG-6-64-01,-0.0042823325310119426,18,27,18,27,0.6666666666666666,0.1782178217821782,0.6202987789945071,6.62962962962963,Computational reversal candidate for further investigation.,386
ncgc00188740-01,-0.00427163160878072,2,2,2,2,1.0,0.38613861386138615,0.9034359492956422,7.0,Computational reversal candidate for further investigation.,387
strophantine octahydrate,-0.004230044208183819,4,6,4,6,0.6666666666666666,0.24752475247524752,0.7108218110440782,6.333333333333333,Computational reversal candidate for further investigation.,388
"r(-)-2,10,11-trihydroxy-n-propyl-noraporphine",-0.0041891240006447904,1,1,1,1,1.0,0.297029702970297,0.7907412362857907,5.0,Computational reversal candidate for further investigation.,389
unc0321,-0.004189122312839208,1,1,1,1,1.0,0.37623762376237624,0.8908511043412033,5.0,Computational reversal candidate for further investigation.,390
ag 592,-0.004175054704109538,2,3,2,3,0.6666666666666666,0.38613861386138615,0.9034359492956422,7.0,Computational reversal candidate for further investigation.,391
BRD-K80786583,-0.004169360682808355,2,3,2,3,0.6666666666666666,0.3465346534653465,0.8533415841584158,5.666666666666667,Computational reversal candidate for further investigation.,392
HG-14-10-04,-0.004168223978486435,3,4,3,4,0.75,0.33663366336633666,0.8394535656097256,5.5,Computational reversal candidate for further investigation.,393
BRD-A52193669,-0.004087946990871788,3,4,3,4,0.75,0.2376237623762376,0.6966053748231966,5.5,Computational reversal candidate for further investigation.,394
penfluridol,-0.004053172174832543,4,7,4,7,0.5714285714285714,0.39603960396039606,0.9072069997697444,5.714285714285714,Computational reversal candidate for further investigation.,395
OSI-027,-0.004050652399616023,13,22,13,22,0.5909090909090909,0.26732673267326734,0.741737554037094,5.681818181818182,Computational reversal candidate for further investigation.,396
thiothixene,-0.004048091981593847,1,2,1,2,0.5,0.3465346534653465,0.8533415841584158,5.5,Computational reversal candidate for further investigation.,397
vandetanib,-0.004024187364805187,2,3,2,3,0.6666666666666666,0.31683168316831684,0.8148282191143397,5.0,Computational reversal candidate for further investigation.,398
Y-39983,-0.004021938418390509,3,4,3,4,0.75,0.2079207920792079,0.6585272675177486,5.5,Computational reversal candidate for further investigation.,399
buparlisib,-0.003993302156287963,7,10,7,10,0.7,0.2079207920792079,0.6585272675177486,6.0,Computational reversal candidate for further investigation.,400
fananserin,-0.003992918013252509,1,1,1,1,1.0,0.297029702970297,0.7907412362857907,5.0,Computational reversal candidate for further investigation.,401
BRD-A43155244,-0.0038857853034208432,2,2,2,2,1.0,0.37623762376237624,0.8908511043412033,6.5,Computational reversal candidate for further investigation.,402
mitomycin c,-0.0038822492322522903,4,6,4,6,0.6666666666666666,0.3069306930693069,0.8019276728733881,5.666666666666667,Computational reversal candidate for further investigation.,403
ursolic acid,-0.0038642543304396376,3,4,3,4,0.75,0.45544554455445546,0.9585766268934586,7.0,Computational reversal candidate for further investigation.,404
XMD-1150,-0.0037612868965689406,9,13,9,13,0.6923076923076923,0.2079207920792079,0.6585272675177486,6.230769230769231,Computational reversal candidate for further investigation.,405
WYE-125132,-0.0037150370116117155,20,33,20,33,0.6060606060606061,0.3069306930693069,0.8019276728733881,6.484848484848484,Computational reversal candidate for further investigation.,406
hy-10459,-0.0035017889531990375,2,3,2,3,0.6666666666666666,0.31683168316831684,0.8148282191143397,6.0,Computational reversal candidate for further investigation.,407
BRD-K07395346,-0.0033905440125826195,1,1,1,1,1.0,0.297029702970297,0.7907412362857907,5.0,Computational reversal candidate for further investigation.,408
palda,-0.0033628924368863224,1,1,1,1,1.0,0.42574257425742573,0.942374012682167,5.0,Computational reversal candidate for further investigation.,409
lawsone,-0.003344220772074358,1,1,1,1,1.0,0.39603960396039606,0.9072069997697444,6.0,Computational reversal candidate for further investigation.,410
narciclasine,-0.0032915598539128886,19,30,19,30,0.6333333333333333,0.4158415841584158,0.9267057927512209,7.0,Computational reversal candidate for further investigation.,411
prestw-550,-0.0032564442956820863,1,1,1,1,1.0,0.39603960396039606,0.9072069997697444,6.0,Computational reversal candidate for further investigation.,412
BRD-A25088322,-0.0032360388716424367,1,1,1,1,1.0,0.36633663366336633,0.8822532620010167,6.0,Computational reversal candidate for further investigation.,413
BRD-K19624190,-0.0031977758810072705,1,1,1,1,1.0,0.24752475247524752,0.7108218110440782,6.0,Computational reversal candidate for further investigation.,414
SGI-1776,-0.00315521000396839,1,2,1,2,0.5,0.46534653465346537,0.9649817613340281,6.5,Computational reversal candidate for further investigation.,415
ncgc00165188-01,-0.003050650147438969,1,2,1,2,0.5,0.3465346534653465,0.8533415841584158,5.0,Computational reversal candidate for further investigation.,416
s1130,-0.003038899272078602,2,2,2,2,1.0,0.36633663366336633,0.8822532620010167,7.0,Computational reversal candidate for further investigation.,417
lylamine hydrochloride,-0.002928782056729486,1,2,1,2,0.5,0.43564356435643564,0.9493559975466573,6.0,Computational reversal candidate for further investigation.,418
strophanthidin,-0.002895695522977837,3,4,3,4,0.75,0.3564356435643564,0.8711888558582905,6.0,Computational reversal candidate for further investigation.,419
CX-5461,-0.0028758702229185968,1,2,1,2,0.5,0.37623762376237624,0.8908511043412033,5.5,Computational reversal candidate for further investigation.,420
bucladesine,-0.002817280118286994,1,1,1,1,1.0,0.46534653465346537,0.9649817613340281,5.0,Computational reversal candidate for further investigation.,421
nicardipine hydrochloride,-0.002741155923260751,1,1,1,1,1.0,0.40594059405940597,0.9149919568615901,5.0,Computational reversal candidate for further investigation.,422
stk397047,-0.002736479429114177,2,3,2,3,0.6666666666666666,0.43564356435643564,0.9493559975466573,6.0,Computational reversal candidate for further investigation.,423
JNK-9L,-0.0027303312329867457,15,26,15,26,0.5769230769230769,0.26732673267326734,0.741737554037094,5.884615384615385,Computational reversal candidate for further investigation.,424
a-275,-0.002723499568037785,1,2,1,2,0.5,0.44554455445544555,0.9561250242671325,5.0,Computational reversal candidate for further investigation.,425
JWE-035,-0.002696635877754737,4,5,4,5,0.8,0.36633663366336633,0.8822532620010167,6.2,Computational reversal candidate for further investigation.,426
INK-128,-0.002681488175221702,6,10,6,10,0.6,0.38613861386138615,0.9034359492956422,6.1,Computational reversal candidate for further investigation.,427
BRD-K02562327,-0.0026773889056186722,1,1,1,1,1.0,0.48514851485148514,0.9792444408375264,6.0,Computational reversal candidate for further investigation.,428
BRD-K31841256,-0.002632211460298668,1,1,1,1,1.0,0.3564356435643564,0.8711888558582905,5.0,Computational reversal candidate for further investigation.,429
am580,-0.0026258054075801165,1,1,1,1,1.0,0.37623762376237624,0.8908511043412033,5.0,Computational reversal candidate for further investigation.,430
px12,-0.002596664396601228,3,6,3,6,0.5,0.40594059405940597,0.9149919568615901,6.5,Computational reversal candidate for further investigation.,431
ponatinib,-0.002577532601250588,3,5,3,5,0.6,0.39603960396039606,0.9072069997697444,6.4,Computational reversal candidate for further investigation.,432
anisomycin,-0.002574049545556521,7,12,7,12,0.5833333333333334,0.46534653465346537,0.9649817613340281,7.083333333333333,Computational reversal candidate for further investigation.,433
arachidonyl trifluoro-methyl ketone,-0.0025638854237755963,9,11,9,11,0.8181818181818182,0.39603960396039606,0.9072069997697444,6.545454545454546,Computational reversal candidate for further investigation.,434
ncgc00165289-01,-0.00253345527632597,1,2,1,2,0.5,0.40594059405940597,0.9149919568615901,7.0,Computational reversal candidate for further investigation.,435
linsitinib,-0.002494743704183901,4,5,4,5,0.8,0.3069306930693069,0.8019276728733881,6.2,Computational reversal candidate for further investigation.,436
k784-3187,-0.002370107472092557,5,8,6,10,0.625,0.3465346534653465,0.8533415841584158,6.6,Computational reversal candidate for further investigation.,437
manumycin a,-0.0022913116734588016,9,15,9,16,0.6,0.4752475247524752,0.9732199831209731,6.3125,Computational reversal candidate for further investigation.,438
diclofenac sodium,-0.0022631506855196005,1,1,1,1,1.0,0.5148514851485149,1.0,6.0,Computational reversal candidate for further investigation.,439
BRD-K52321331,-0.0022578607786147642,2,3,2,3,0.6666666666666666,0.43564356435643564,0.9493559975466573,5.666666666666667,Computational reversal candidate for further investigation.,440
BRD-K05649647,-0.0022213671136293318,5,9,5,9,0.5555555555555556,0.40594059405940597,0.9149919568615901,5.555555555555555,Computational reversal candidate for further investigation.,441
BRD-A50774520,-0.002168282844792739,1,1,1,1,1.0,0.44554455445544555,0.9561250242671325,6.0,Computational reversal candidate for further investigation.,442
PF-477736,-0.002136392066549243,8,16,8,16,0.5,0.3069306930693069,0.8019276728733881,5.9375,Computational reversal candidate for further investigation.,443
QL-XI-92,-0.0021034633890057814,1,1,1,1,1.0,0.44554455445544555,0.9561250242671325,7.0,Computational reversal candidate for further investigation.,444
cinobufagin,-0.0020992752655144367,4,7,4,7,0.5714285714285714,0.42574257425742573,0.942374012682167,6.571428571428571,Computational reversal candidate for further investigation.,445
BRD-K98731749,-0.0020859084519585635,1,1,1,1,1.0,0.40594059405940597,0.9149919568615901,5.0,Computational reversal candidate for further investigation.,446
BRD-K45399554,-0.002081598167908769,1,2,1,2,0.5,0.36633663366336633,0.8822532620010167,5.5,Computational reversal candidate for further investigation.,447
arvanil,-0.0020356283545092824,1,1,1,1,1.0,0.37623762376237624,0.8908511043412033,5.0,Computational reversal candidate for further investigation.,448
BRD-K55844427,-0.0019633651937908453,1,2,1,2,0.5,0.45544554455445546,0.9585766268934586,6.5,Computational reversal candidate for further investigation.,449
C646,-0.0019132289238694977,1,2,1,2,0.5,0.4158415841584158,0.9267057927512209,6.0,Computational reversal candidate for further investigation.,450
bufalin,-0.001808795295208625,6,9,6,9,0.6666666666666666,0.46534653465346537,0.9649817613340281,6.777777777777778,Computational reversal candidate for further investigation.,451
BRD-A36630025,-0.001787530659077654,9,14,9,14,0.6428571428571429,0.43564356435643564,0.9493559975466573,5.785714285714286,Computational reversal candidate for further investigation.,452
BRD-K28366633,-0.0017153664931649198,1,2,1,2,0.5,0.48514851485148514,0.9792444408375264,5.0,Computational reversal candidate for further investigation.,453
BRD-K91145395,-0.0016916863247463867,5,8,5,8,0.625,0.4752475247524752,0.9732199831209731,6.375,Computational reversal candidate for further investigation.,454
LY2603618,-0.0016411578145453546,2,3,2,3,0.6666666666666666,0.24752475247524752,0.7108218110440782,5.666666666666667,Computational reversal candidate for further investigation.,455
JW-7-24-1,-0.0016375373114312424,13,24,13,24,0.5416666666666666,0.32673267326732675,0.8230989339343141,6.291666666666667,Computational reversal candidate for further investigation.,456
proscillaridin a,-0.0016124388712054581,5,10,5,10,0.5,0.39603960396039606,0.9072069997697444,6.5,Computational reversal candidate for further investigation.,457
ku-0063794,-0.0015944680724607927,3,4,3,4,0.75,0.3564356435643564,0.8711888558582905,5.75,Computational reversal candidate for further investigation.,458
ivermectin,-0.0015838337377750882,1,1,1,1,1.0,0.43564356435643564,0.9493559975466573,5.0,Computational reversal candidate for further investigation.,459
BRD-K79390395,-0.0015744868799693976,1,2,1,2,0.5,0.4158415841584158,0.9267057927512209,5.0,Computational reversal candidate for further investigation.,460
4-demethoxydaunorubicin hydrochloride (65),-0.0015644253371365005,3,5,3,5,0.6,0.45544554455445546,0.9585766268934586,5.0,Computational reversal candidate for further investigation.,461
pp-110,-0.0015429911092202956,4,7,4,7,0.5714285714285714,0.43564356435643564,0.9493559975466573,6.428571428571429,Computational reversal candidate for further investigation.,462
jfd02227,-0.0015186116768578176,1,1,1,1,1.0,0.4752475247524752,0.9732199831209731,5.0,Computational reversal candidate for further investigation.,463
s1367,-0.0014745545769170067,1,1,1,1,1.0,0.44554455445544555,0.9561250242671325,5.0,Computational reversal candidate for further investigation.,464
OTSSP167,-0.0014254336118301736,4,7,4,7,0.5714285714285714,0.49504950495049505,0.9870926363891449,6.0,Computational reversal candidate for further investigation.,465
way 213613,-0.0014068900437522718,1,1,1,1,1.0,0.40594059405940597,0.9149919568615901,5.0,Computational reversal candidate for further investigation.,466
vinorelbine,-0.0013598953553121606,1,1,1,1,1.0,0.45544554455445546,0.9585766268934586,5.0,Computational reversal candidate for further investigation.,467
GW-843682X,-0.0012923921939415953,3,6,3,6,0.5,0.37623762376237624,0.8908511043412033,6.0,Computational reversal candidate for further investigation.,468
dacomitinib,-0.0012638799954357285,2,4,2,4,0.5,0.36633663366336633,0.8822532620010167,6.0,Computational reversal candidate for further investigation.,469
torin-1,-0.0011974429261308389,18,34,18,34,0.5294117647058824,0.37623762376237624,0.8908511043412033,6.470588235294118,Computational reversal candidate for further investigation.,470
BRD-K49371609,-0.0010182023177829724,7,13,7,13,0.5384615384615384,0.40594059405940597,0.9149919568615901,6.0,Computational reversal candidate for further investigation.,471
XMD-885,-0.0009852191963220904,3,6,3,6,0.5,0.44554455445544555,0.9561250242671325,7.833333333333333,Computational reversal candidate for further investigation.,472
emetine,-0.0009660754300991458,3,6,3,6,0.5,0.5247524752475248,1.0,5.833333333333333,Computational reversal candidate for further investigation.,473
isoflupredone acetate,-0.0009462150286499464,1,1,1,1,1.0,0.42574257425742573,0.942374012682167,6.0,Computational reversal candidate for further investigation.,474
cladribine,-0.0008656832417591872,1,1,1,1,1.0,0.5247524752475248,1.0,6.0,Computational reversal candidate for further investigation.,475
BRD-K81814927,-0.0008291796338545814,2,3,2,3,0.6666666666666666,0.4752475247524752,0.9732199831209731,5.333333333333333,Computational reversal candidate for further investigation.,476
BRD-U33728988,-0.0008019050888592016,1,2,1,2,0.5,0.504950495049505,1.0,5.5,Computational reversal candidate for further investigation.,477
I-BET151,-0.0007691849191917726,8,14,8,14,0.5714285714285714,0.38613861386138615,0.9034359492956422,7.142857142857143,Computational reversal candidate for further investigation.,478
bcl-2 inhibitor,-0.0007327433399260562,1,2,1,2,0.5,0.39603960396039606,0.9072069997697444,5.5,Computational reversal candidate for further investigation.,479
nsc 632839 hydrochloride,-0.0006782589805662969,1,2,1,2,0.5,0.5346534653465347,1.0,8.0,Computational reversal candidate for further investigation.,480
BRD-K14704318,-0.0006467833080240843,1,1,1,1,1.0,0.594059405940594,1.0,7.0,Computational reversal candidate for further investigation.,481
BRD-K72381041,-0.0005473424553782205,1,1,1,1,1.0,0.48514851485148514,0.9792444408375264,5.0,Computational reversal candidate for further investigation.,482
BRD-K05153001,-0.0004802226333991593,2,3,2,3,0.6666666666666666,0.5643564356435643,1.0,6.666666666666667,Computational reversal candidate for further investigation.,483
sunitinib,-0.00046717589062545903,3,5,3,5,0.6,0.45544554455445546,0.9585766268934586,6.2,Computational reversal candidate for further investigation.,484
cgp 71683 hydrochloride,-0.000403782033717966,3,4,3,4,0.75,0.4752475247524752,0.9732199831209731,6.5,Computational reversal candidate for further investigation.,485
BRD-U82589721,-0.0003892962334919943,1,1,1,1,1.0,0.45544554455445546,0.9585766268934586,6.0,Computational reversal candidate for further investigation.,486
pi 828,-0.000354077774634949,1,2,1,2,0.5,0.6237623762376238,1.0,7.0,Computational reversal candidate for further investigation.,487
entinostat,-0.00035307068807051076,5,8,5,8,0.625,0.46534653465346537,0.9649817613340281,5.5,Computational reversal candidate for further investigation.,488
flurofamide,-0.0003528778530984761,1,1,1,1,1.0,0.5445544554455446,1.0,6.0,Computational reversal candidate for further investigation.,489
BRD-K16533489,-0.0003377752433610932,2,3,2,3,0.6666666666666666,0.5346534653465347,1.0,5.666666666666667,Computational reversal candidate for further investigation.,490
ncgc00185090-03,-0.00030620547329965764,1,1,1,1,1.0,0.5346534653465347,1.0,6.0,Computational reversal candidate for further investigation.,491
BRD-K13665914,-0.00030094422331581076,1,1,1,1,1.0,0.594059405940594,1.0,5.0,Computational reversal candidate for further investigation.,492
s1057,-0.00021733225147649738,2,4,2,4,0.5,0.5148514851485149,1.0,6.0,Computational reversal candidate for further investigation.,493
BRD-K83670234,-0.0002143765111930463,1,2,1,2,0.5,0.44554455445544555,0.9561250242671325,5.5,Computational reversal candidate for further investigation.,494
BRD-A68930007 (ouabain),-0.00017013493992117231,2,4,2,4,0.5,0.5148514851485149,1.0,5.5,Computational reversal candidate for further investigation.,495
BRD-A24054354,-0.00016116919686604957,1,1,1,1,1.0,0.44554455445544555,0.9561250242671325,5.0,Computational reversal candidate for further investigation.,496
dichlorobenzamil,-0.00015251138678980345,1,2,1,2,0.5,0.594059405940594,1.0,5.5,Computational reversal candidate for further investigation.,497
tg101348,-0.0001374407443882359,7,13,7,13,0.5384615384615384,0.48514851485148514,0.9792444408375264,6.230769230769231,Computational reversal candidate for further investigation.,498
hy-11009,-8.148194746494092e-05,1,2,1,2,0.5,0.49504950495049505,0.9870926363891449,5.5,Computational reversal candidate for further investigation.,499
rhodomyrtoxin b,-9.82228283798528e-06,4,7,4,7,0.5714285714285714,0.5247524752475248,1.0,5.714285714285714,Computational reversal candidate for further investigation.,500
evodiamine,5.291167738183302e-05,1,2,1,2,0.5,0.48514851485148514,0.9792444408375264,5.5,No aggregate reversal under this configuration.,501
BRD-K75081836,6.645484067702373e-05,1,3,1,3,0.3333333333333333,0.5841584158415841,1.0,5.333333333333333,No aggregate reversal under this configuration.,502
lonidamine,0.00019272556635191711,1,2,1,2,0.5,0.594059405940594,1.0,5.5,No aggregate reversal under this configuration.,503
ci 976,0.0002099325253528024,0,1,0,1,0.0,0.6138613861386139,1.0,5.0,No aggregate reversal under this configuration.,504
cucurbitacin i,0.0002280250553714728,2,5,2,5,0.4,0.594059405940594,1.0,5.4,No aggregate reversal under this configuration.,505
NVP-BGT226,0.0003480026065709489,3,7,3,7,0.42857142857142855,0.49504950495049505,0.9870926363891449,6.285714285714286,No aggregate reversal under this configuration.,506
BI-2536,0.00034880495414245567,17,36,17,37,0.4722222222222222,0.49504950495049505,0.9870926363891449,6.027027027027027,No aggregate reversal under this configuration.,507
BRD-K07005393,0.00035316636899167947,1,2,1,2,0.5,0.7029702970297029,1.0,5.0,No aggregate reversal under this configuration.,508
CH5424802,0.0003535250990807184,1,2,1,2,0.5,0.45544554455445546,0.9585766268934586,7.5,No aggregate reversal under this configuration.,509
curcumin,0.00041600508174769726,8,17,8,17,0.47058823529411764,0.6336633663366337,1.0,6.9411764705882355,No aggregate reversal under this configuration.,510
vu0415555-1,0.0004280468229981016,0,1,0,1,0.0,0.49504950495049505,0.9870926363891449,6.0,No aggregate reversal under this configuration.,511
vincristine,0.0004350721158431327,0,1,0,1,0.0,0.5544554455445545,1.0,5.0,No aggregate reversal under this configuration.,512
gr-103,0.00048733623240638374,0,1,0,1,0.0,0.48514851485148514,0.9792444408375264,8.0,No aggregate reversal under this configuration.,513
levonorgestrel,0.000532571342862451,0,1,0,1,0.0,0.4752475247524752,0.9732199831209731,7.0,No aggregate reversal under this configuration.,514
CGK-733,0.0005483682813536405,3,6,3,6,0.5,0.504950495049505,1.0,6.666666666666667,No aggregate reversal under this configuration.,515
cgp 57380,0.000552322891710302,0,1,0,1,0.0,0.5445544554455446,1.0,5.0,No aggregate reversal under this configuration.,516
s1154,0.0006107165990737176,0,1,0,1,0.0,0.6138613861386139,1.0,5.0,No aggregate reversal under this configuration.,517
BRD-K68548958,0.0006199371454678046,4,8,4,8,0.5,0.6336633663366337,1.0,6.375,No aggregate reversal under this configuration.,518
tyrphostin ag 1478,0.0006369694780495073,10,20,10,20,0.5,0.6336633663366337,1.0,6.4,No aggregate reversal under this configuration.,519
srt-1720,0.0006803655359116519,0,1,0,1,0.0,0.6435643564356436,1.0,5.0,No aggregate reversal under this configuration.,520
piretanide,0.0007028542520834879,0,1,0,1,0.0,0.5643564356435643,1.0,5.0,No aggregate reversal under this configuration.,521
MLN-8054,0.0007478363368834235,2,4,2,4,0.5,0.5643564356435643,1.0,5.5,No aggregate reversal under this configuration.,522
BRD-K69406317,0.0007484898995495665,0,1,0,1,0.0,0.5742574257425742,1.0,5.0,No aggregate reversal under this configuration.,523
BRD-A62809825,0.0008129064343955356,2,5,2,5,0.4,0.6732673267326733,1.0,8.4,No aggregate reversal under this configuration.,524
BRD-K00007652,0.0008836863697955204,0,1,0,1,0.0,0.6039603960396039,1.0,5.0,No aggregate reversal under this configuration.,525
simvastatin,0.0008845131621454441,1,2,2,4,0.5,0.6138613861386139,1.0,5.25,No aggregate reversal under this configuration.,526
BRD-K31706415,0.0009748686321498202,1,3,1,3,0.3333333333333333,0.6534653465346535,1.0,5.333333333333333,No aggregate reversal under this configuration.,527
BRD-A68739437,0.0009758026822283333,0,1,0,1,0.0,0.46534653465346537,0.9649817613340281,5.0,No aggregate reversal under this configuration.,528
parbendazole,0.001061912493942642,1,3,1,3,0.3333333333333333,0.5841584158415841,1.0,5.666666666666667,No aggregate reversal under this configuration.,529
ouabain,0.0010807021047217233,4,10,5,12,0.4,0.5346534653465347,1.0,6.416666666666667,No aggregate reversal under this configuration.,530
BRD-K08448573,0.001151249543326344,1,2,1,2,0.5,0.6435643564356436,1.0,6.0,No aggregate reversal under this configuration.,531
BRD-K95138506,0.0012099244537657657,0,1,0,1,0.0,0.5643564356435643,1.0,7.0,No aggregate reversal under this configuration.,532
YM-201636,0.001224934643098675,3,6,3,6,0.5,0.594059405940594,1.0,5.166666666666667,No aggregate reversal under this configuration.,533
I-BET,0.0012260060717058892,5,10,5,10,0.5,0.6138613861386139,1.0,5.6,No aggregate reversal under this configuration.,534
puromycin hydrochloride,0.001229335870163683,2,5,2,5,0.4,0.594059405940594,1.0,5.6,No aggregate reversal under this configuration.,535
15-delta prostaglandin j2,0.0012346695724175846,1,2,1,2,0.5,0.5742574257425742,1.0,5.0,No aggregate reversal under this configuration.,536
ag14361,0.0012591749365257637,2,4,2,4,0.5,0.6831683168316832,1.0,6.25,No aggregate reversal under this configuration.,537
NU-7441,0.0012815001178972637,3,7,3,7,0.42857142857142855,0.6237623762376238,1.0,6.571428571428571,No aggregate reversal under this configuration.,538
BRD-K92158425,0.0012879780899345055,0,1,0,1,0.0,0.5544554455445545,1.0,5.0,No aggregate reversal under this configuration.,539
moclobemide,0.0012900558133730781,0,1,0,1,0.0,0.5643564356435643,1.0,6.0,No aggregate reversal under this configuration.,540
homoharringtonine,0.001352528671671768,6,13,10,18,0.46153846153846156,0.6039603960396039,1.0,6.111111111111111,No aggregate reversal under this configuration.,541
BRD-K83336168,0.0013622163440155303,1,2,1,2,0.5,0.48514851485148514,0.9792444408375264,5.5,No aggregate reversal under this configuration.,542
BRD-K15563106,0.0013745711056664333,2,5,2,5,0.4,0.6336633663366337,1.0,6.2,No aggregate reversal under this configuration.,543
m-3m3fbs,0.0014337458485642694,2,6,2,6,0.3333333333333333,0.5544554455445545,1.0,5.5,No aggregate reversal under this configuration.,544
NVP-AEW541,0.0014907305497881616,2,4,2,4,0.5,0.6831683168316832,1.0,6.25,No aggregate reversal under this configuration.,545
BRD-K28610502,0.0015034741411575235,0,1,0,1,0.0,0.6534653465346535,1.0,5.0,No aggregate reversal under this configuration.,546
BRD-K55116708,0.001538796288710828,1,2,1,2,0.5,0.6633663366336634,1.0,6.5,No aggregate reversal under this configuration.,547
dihydro-beta-tubaic acid,0.0016022346144123818,0,1,0,1,0.0,0.6435643564356436,1.0,5.0,No aggregate reversal under this configuration.,548
estradiol valerate,0.0016022346144123818,0,1,0,1,0.0,0.46534653465346537,0.9649817613340281,5.0,No aggregate reversal under this configuration.,549
"ici-162,846",0.0016022346144123818,0,1,0,1,0.0,0.5643564356435643,1.0,5.0,No aggregate reversal under this configuration.,550
BRD-K32501161,0.001619827448415411,1,3,1,3,0.3333333333333333,0.6732673267326733,1.0,5.666666666666667,No aggregate reversal under this configuration.,551
AZD4547,0.0016407783179634024,0,2,0,2,0.0,0.6237623762376238,1.0,6.0,No aggregate reversal under this configuration.,552
BRD-A83124583,0.0016592465014347657,0,1,0,1,0.0,0.5742574257425742,1.0,7.0,No aggregate reversal under this configuration.,553
enzastaurin,0.0017123876192948508,0,1,0,1,0.0,0.6237623762376238,1.0,5.0,No aggregate reversal under this configuration.,554
pac 1,0.0017412500636548953,2,4,3,6,0.5,0.6534653465346535,1.0,5.833333333333333,No aggregate reversal under this configuration.,555
methylstat,0.001756329472737103,0,1,0,1,0.0,0.5544554455445545,1.0,7.0,No aggregate reversal under this configuration.,556
mek1/2 inhibitor,0.001765805576879326,0,1,0,1,0.0,0.5841584158415841,1.0,5.0,No aggregate reversal under this configuration.,557
wortmannin,0.0018317082057098405,4,14,6,26,0.2857142857142857,0.6831683168316832,1.0,6.0,No aggregate reversal under this configuration.,558
prednisolone acetate,0.0019325405731986057,0,1,0,1,0.0,0.5445544554455446,1.0,5.0,No aggregate reversal under this configuration.,559
bisacodyl,0.0019383563647890109,0,2,0,2,0.0,0.6138613861386139,1.0,5.0,No aggregate reversal under this configuration.,560
herniarin,0.0019516351323333432,1,2,1,2,0.5,0.6039603960396039,1.0,6.0,No aggregate reversal under this configuration.,561
BRD-K61717269,0.0019576672652562776,1,2,1,2,0.5,0.594059405940594,1.0,5.0,No aggregate reversal under this configuration.,562
BRD-K11663430,0.002088318775418079,0,1,0,1,0.0,0.5841584158415841,1.0,5.0,No aggregate reversal under this configuration.,563
BRD-K55612480,0.002131221654243131,0,1,0,1,0.0,0.504950495049505,1.0,7.0,No aggregate reversal under this configuration.,564
digoxin,0.002188531851732501,5,11,6,14,0.45454545454545453,0.6039603960396039,1.0,6.642857142857143,No aggregate reversal under this configuration.,565
PD-173074,0.002220239616107821,1,2,1,2,0.5,0.6336633663366337,1.0,7.5,No aggregate reversal under this configuration.,566
cymarin,0.0022451317341612735,2,6,2,6,0.3333333333333333,0.6435643564356436,1.0,6.666666666666667,No aggregate reversal under this configuration.,567
hy-10518,0.0022479140519155827,1,3,1,3,0.3333333333333333,0.6633663366336634,1.0,6.333333333333333,No aggregate reversal under this configuration.,568
su11652,0.0023363923696072967,3,7,3,7,0.42857142857142855,0.7326732673267327,1.0,5.428571428571429,No aggregate reversal under this configuration.,569
BRD-K85818861,0.0023452012351945547,1,2,1,2,0.5,0.7029702970297029,1.0,6.5,No aggregate reversal under this configuration.,570
doxorubicin hydrochloride,0.0023730780560400422,0,1,0,1,0.0,0.6435643564356436,1.0,7.0,No aggregate reversal under this configuration.,571
ncgc00183255-01,0.0023852446042064894,0,1,0,1,0.0,0.5148514851485149,1.0,7.0,No aggregate reversal under this configuration.,572
calpeptin,0.002410037010352855,0,1,0,1,0.0,0.6039603960396039,1.0,5.0,No aggregate reversal under this configuration.,573
KIN001-127,0.0024180231203801295,2,4,2,4,0.5,0.5247524752475248,1.0,6.25,No aggregate reversal under this configuration.,574
bd 1063 dihydrochloride,0.0024391115508333346,0,1,0,1,0.0,0.5643564356435643,1.0,5.0,No aggregate reversal under this configuration.,575
pifithrin- ?,0.00251114141214607,2,7,2,7,0.2857142857142857,0.6732673267326733,1.0,6.142857142857143,No aggregate reversal under this configuration.,576
BRD-K04534322,0.0025780127970589785,0,1,0,1,0.0,0.6336633663366337,1.0,5.0,No aggregate reversal under this configuration.,577
dc-45-a2,0.002638636387970247,0,1,0,1,0.0,0.5742574257425742,1.0,5.0,No aggregate reversal under this configuration.,578
abt-751,0.002686085922963268,1,4,1,4,0.25,0.6732673267326733,1.0,6.0,No aggregate reversal under this configuration.,579
mg-132,0.0027399809528153465,1,6,1,6,0.16666666666666666,0.7227722772277227,1.0,6.666666666666667,No aggregate reversal under this configuration.,580
skf 96365 hydrochloride,0.0027741656992728786,0,1,0,1,0.0,0.6138613861386139,1.0,6.0,No aggregate reversal under this configuration.,581
bntx maleate,0.0027822055757348177,3,6,3,6,0.5,0.6633663366336634,1.0,7.333333333333333,No aggregate reversal under this configuration.,582
methylene blue,0.002815280779713858,2,6,2,6,0.3333333333333333,0.693069306930693,1.0,7.0,No aggregate reversal under this configuration.,583
cgs 21680 hydrochloride,0.0028277721846032135,0,1,0,1,0.0,0.5544554455445545,1.0,5.0,No aggregate reversal under this configuration.,584
ski ii,0.0028771683286837576,3,6,3,6,0.5,0.7326732673267327,1.0,6.5,No aggregate reversal under this configuration.,585
azacytidine-5,0.00297703650629531,1,2,1,2,0.5,0.6039603960396039,1.0,6.0,No aggregate reversal under this configuration.,586
rizatriptan benzoate,0.003013581217295654,0,1,0,1,0.0,0.7128712871287128,1.0,5.0,No aggregate reversal under this configuration.,587
bvt 948,0.0030572931572436447,0,2,0,2,0.0,0.7029702970297029,1.0,7.5,No aggregate reversal under this configuration.,588
BRD-K25737009,0.0030818552522406464,8,19,8,19,0.42105263157894735,0.7821782178217822,1.0,7.105263157894737,No aggregate reversal under this configuration.,589
BRD-A20697603,0.003089955848378903,2,5,2,5,0.4,0.6435643564356436,1.0,5.6,No aggregate reversal under this configuration.,590
AST1306,0.003106777176090026,2,4,2,4,0.5,0.801980198019802,1.0,5.25,No aggregate reversal under this configuration.,591
ei-293,0.0032034068543225595,1,2,1,2,0.5,0.5247524752475248,1.0,6.0,No aggregate reversal under this configuration.,592
pi 103 hydrochloride,0.0032100063897472185,2,4,2,4,0.5,0.6831683168316832,1.0,6.0,No aggregate reversal under this configuration.,593
mifepristone,0.0032277164305711645,0,1,0,1,0.0,0.6039603960396039,1.0,6.0,No aggregate reversal under this configuration.,594
mesoridazine besylate,0.003262816487850234,0,1,0,1,0.0,0.5544554455445545,1.0,6.0,No aggregate reversal under this configuration.,595
ncgc00182378-01,0.0032803901501697627,0,1,0,1,0.0,0.6633663366336634,1.0,5.0,No aggregate reversal under this configuration.,596
ssr 69071,0.0032872227038224073,0,1,0,1,0.0,0.6831683168316832,1.0,5.0,No aggregate reversal under this configuration.,597
vu0418939-2,0.0033543570121339953,1,7,1,7,0.14285714285714285,0.7623762376237624,1.0,5.571428571428571,No aggregate reversal under this configuration.,598
BRD-K58288048,0.0033544697185687034,1,3,1,3,0.3333333333333333,0.7425742574257426,1.0,5.0,No aggregate reversal under this configuration.,599
b4313,0.0034028216322051002,1,3,1,3,0.3333333333333333,0.7524752475247525,1.0,7.0,No aggregate reversal under this configuration.,600
tgx-115,0.003408156525240261,0,1,0,1,0.0,0.6336633663366337,1.0,8.0,No aggregate reversal under this configuration.,601
nifuroxazide,0.0034442543114273074,0,1,0,1,0.0,0.6732673267326733,1.0,7.0,No aggregate reversal under this configuration.,602
sirolimus,0.0034958751498754244,10,22,10,23,0.45454545454545453,0.8712871287128713,1.0,6.0,No aggregate reversal under this configuration.,603
"ingenol 3, 20-dibenzoate",0.0035339913134075393,8,20,8,20,0.4,0.8118811881188119,1.0,6.55,No aggregate reversal under this configuration.,604
BRD-K99633092,0.003569640910412217,1,2,1,2,0.5,0.8217821782178217,1.0,6.5,No aggregate reversal under this configuration.,605
sb 218078,0.003671998940702232,0,1,0,1,0.0,0.6732673267326733,1.0,5.0,No aggregate reversal under this configuration.,606
v4877,0.0036838031839682966,3,7,3,7,0.42857142857142855,0.6732673267326733,1.0,6.0,No aggregate reversal under this configuration.,607
purvalanol a,0.003721889576432065,1,2,1,2,0.5,0.6237623762376238,1.0,6.0,No aggregate reversal under this configuration.,608
BRD-K94325918,0.0037610105337716163,4,13,4,13,0.3076923076923077,0.8118811881188119,1.0,6.384615384615385,No aggregate reversal under this configuration.,609
CYT387,0.003815941547192543,1,4,1,4,0.25,0.7326732673267327,1.0,5.75,No aggregate reversal under this configuration.,610
mead acid (20:3 n-9),0.003825157908918307,0,1,0,1,0.0,0.6534653465346535,1.0,5.0,No aggregate reversal under this configuration.,611
BRD-K77681376,0.0038940517343489913,0,1,0,1,0.0,0.6039603960396039,1.0,5.0,No aggregate reversal under this configuration.,612
tws119,0.0039080215986666555,0,2,0,2,0.0,0.7029702970297029,1.0,6.0,No aggregate reversal under this configuration.,613
topotecan hcl,0.00391765044061896,1,2,1,2,0.5,0.6534653465346535,1.0,5.5,No aggregate reversal under this configuration.,614
vx-680,0.003922367745583185,2,4,2,4,0.5,0.7128712871287128,1.0,5.25,No aggregate reversal under this configuration.,615
BRD-K04853698,0.003990375352048143,4,12,4,12,0.3333333333333333,0.8217821782178217,1.0,6.5,No aggregate reversal under this configuration.,616
cccp,0.003997338462157525,2,5,2,5,0.4,0.8514851485148515,1.0,5.6,No aggregate reversal under this configuration.,617
BRD-K53932786,0.0040091775715623175,1,3,1,3,0.3333333333333333,0.7524752475247525,1.0,6.333333333333333,No aggregate reversal under this configuration.,618
BRD-K50234570,0.004018856625232187,0,4,0,4,0.0,0.7524752475247525,1.0,7.0,No aggregate reversal under this configuration.,619
BRD-K89329876,0.0040442864508623555,0,1,0,1,0.0,0.6237623762376238,1.0,5.0,No aggregate reversal under this configuration.,620
akt inhibitor iv,0.004046601393601368,3,9,3,9,0.3333333333333333,0.8217821782178217,1.0,5.666666666666667,No aggregate reversal under this configuration.,621
mitoxantrone dihydrochloride,0.004048711619128723,1,4,2,5,0.25,0.6732673267326733,1.0,5.0,No aggregate reversal under this configuration.,622
s1249,0.004061470548653646,1,3,1,3,0.3333333333333333,0.6237623762376238,1.0,5.333333333333333,No aggregate reversal under this configuration.,623
BRD-K40175214,0.004108660083004298,0,1,0,1,0.0,0.6336633663366337,1.0,5.0,No aggregate reversal under this configuration.,624
brivanib,0.004117417489994148,1,2,1,2,0.5,0.7227722772277227,1.0,5.5,No aggregate reversal under this configuration.,625
(+)-JQ1,0.004122532014822803,6,14,6,14,0.42857142857142855,0.7722772277227723,1.0,6.857142857142857,No aggregate reversal under this configuration.,626
BRD-K08307026,0.004132979067235169,2,5,2,5,0.4,0.7326732673267327,1.0,5.2,No aggregate reversal under this configuration.,627
brazilin,0.004180740480883752,1,3,1,4,0.3333333333333333,0.6534653465346535,1.0,5.75,No aggregate reversal under this configuration.,628
chelidonine (+),0.004187728652224026,0,1,0,1,0.0,0.6633663366336634,1.0,5.0,No aggregate reversal under this configuration.,629
BRD-U51951544,0.004220642990956187,1,2,1,2,0.5,0.7128712871287128,1.0,5.0,No aggregate reversal under this configuration.,630
BRD-K19166598,0.004278182542052086,1,3,1,3,0.3333333333333333,0.7722772277227723,1.0,6.0,No aggregate reversal under this configuration.,631
riboflavine,0.0043059751907602575,0,1,0,1,0.0,0.6534653465346535,1.0,5.0,No aggregate reversal under this configuration.,632
irinotecan hydrochloride trihydrate,0.004325020158333995,0,4,0,4,0.0,0.801980198019802,1.0,5.75,No aggregate reversal under this configuration.,633
pd 407824,0.0043417467632008355,0,3,0,3,0.0,0.7425742574257426,1.0,6.0,No aggregate reversal under this configuration.,634
mk-2206,0.004356302290115852,1,3,1,3,0.3333333333333333,0.7920792079207921,1.0,6.333333333333333,No aggregate reversal under this configuration.,635
"2,4-dideoxy-dc-45-a2",0.004380135869496037,0,1,0,1,0.0,0.7128712871287128,1.0,5.0,No aggregate reversal under this configuration.,636
ncgc00188530-01,0.004404741348752622,1,3,1,3,0.3333333333333333,0.6732673267326733,1.0,6.666666666666667,No aggregate reversal under this configuration.,637
puromycin dihydrochloride,0.004435599712405503,0,1,0,1,0.0,0.594059405940594,1.0,7.0,No aggregate reversal under this configuration.,638
SB-525334,0.00444442263572845,0,1,0,1,0.0,0.801980198019802,1.0,6.0,No aggregate reversal under this configuration.,639
a112550.cdx,0.004488974058716816,0,1,0,1,0.0,0.7425742574257426,1.0,8.0,No aggregate reversal under this configuration.,640
BRD-A58924247,0.004561553559236207,1,3,1,3,0.3333333333333333,0.6534653465346535,1.0,6.666666666666667,No aggregate reversal under this configuration.,641
BRD-K99582188,0.004576244155973111,0,1,0,1,0.0,0.7128712871287128,1.0,6.0,No aggregate reversal under this configuration.,642
cabergoline,0.004675480387968712,0,1,0,1,0.0,0.7425742574257426,1.0,5.0,No aggregate reversal under this configuration.,643
BRD-K52075040,0.004699301921552657,3,6,3,6,0.5,0.8514851485148515,1.0,6.333333333333333,No aggregate reversal under this configuration.,644
BRD-K07023879,0.004716973131097587,0,2,0,2,0.0,0.7920792079207921,1.0,6.0,No aggregate reversal under this configuration.,645
c3930,0.004753914572813491,0,2,0,2,0.0,0.7128712871287128,1.0,6.5,No aggregate reversal under this configuration.,646
BRD-K43620258,0.004794867643689703,4,12,4,12,0.3333333333333333,0.8712871287128713,1.0,6.25,No aggregate reversal under this configuration.,647
BRD-K49010888,0.004809728084296477,0,1,0,1,0.0,0.7029702970297029,1.0,8.0,No aggregate reversal under this configuration.,648
celastrol,0.004817760184038465,6,15,6,15,0.4,0.7722772277227723,1.0,6.266666666666667,No aggregate reversal under this configuration.,649
scriptaid,0.0048668469158500965,1,4,1,4,0.25,0.7128712871287128,1.0,6.25,No aggregate reversal under this configuration.,650
bl-009,0.004894647620305513,0,1,0,1,0.0,0.7227722772277227,1.0,6.0,No aggregate reversal under this configuration.,651
fccp,0.004922388683766318,2,5,2,5,0.4,0.7722772277227723,1.0,6.4,No aggregate reversal under this configuration.,652
BRD-K52522949,0.004924621040022216,2,4,2,4,0.5,0.7524752475247525,1.0,7.0,No aggregate reversal under this configuration.,653
jnj 16259685,0.0049993738721151315,0,1,0,1,0.0,0.7029702970297029,1.0,6.0,No aggregate reversal under this configuration.,654
BRD-K28907958,0.005013650249406169,4,11,4,11,0.36363636363636365,0.8415841584158416,1.0,6.363636363636363,No aggregate reversal under this configuration.,655
MK-1775,0.00506863969586661,2,5,2,5,0.4,0.7425742574257426,1.0,5.6,No aggregate reversal under this configuration.,656
diphenyleneiodonium chloride,0.005074168599649908,0,1,0,1,0.0,0.6831683168316832,1.0,5.0,No aggregate reversal under this configuration.,657
zileuton,0.005085688671084235,1,2,1,2,0.5,0.7326732673267327,1.0,5.0,No aggregate reversal under this configuration.,658
BRD-K06405410,0.0052456091073218684,0,1,0,1,0.0,0.6633663366336634,1.0,7.0,No aggregate reversal under this configuration.,659
cycloheximide,0.005386707506460051,1,4,1,7,0.25,0.7524752475247525,1.0,6.285714285714286,No aggregate reversal under this configuration.,660
OSI-930,0.005395566639675326,2,4,2,4,0.5,0.9306930693069307,1.0,5.0,No aggregate reversal under this configuration.,661
BRD-K17140735,0.005399710641572972,1,10,1,10,0.1,0.8811881188118812,1.0,6.4,No aggregate reversal under this configuration.,662
BRD-A41451487,0.005444711617465882,0,2,0,2,0.0,0.6237623762376238,1.0,8.0,No aggregate reversal under this configuration.,663
BRD-K56343971,0.005526035947713861,0,5,0,5,0.0,0.7524752475247525,1.0,6.6,No aggregate reversal under this configuration.,664
ncgc00181736-02,0.0055436908387967495,0,1,0,1,0.0,0.7128712871287128,1.0,5.0,No aggregate reversal under this configuration.,665
ct-200783,0.005551730271195001,2,7,2,7,0.2857142857142857,0.7722772277227723,1.0,5.714285714285714,No aggregate reversal under this configuration.,666
tc 2559 difumarate,0.005588623317230007,0,1,0,1,0.0,0.6435643564356436,1.0,5.0,No aggregate reversal under this configuration.,667
thapsigargin,0.005595203199499807,0,3,0,3,0.0,0.7524752475247525,1.0,6.0,No aggregate reversal under this configuration.,668
bay 11-7821,0.005610590049302552,2,4,2,4,0.5,0.8316831683168316,1.0,5.25,No aggregate reversal under this configuration.,669
BRD-K08316444,0.005709461515233235,0,2,0,2,0.0,0.7623762376237624,1.0,5.5,No aggregate reversal under this configuration.,670
"l-690,488",0.0057849759981360525,1,3,1,3,0.3333333333333333,0.8415841584158416,1.0,6.666666666666667,No aggregate reversal under this configuration.,671
CP466722,0.005789155938771946,1,4,1,4,0.25,0.8316831683168316,1.0,6.25,No aggregate reversal under this configuration.,672
mst- 312,0.005828143223045413,1,3,1,3,0.3333333333333333,0.8514851485148515,1.0,7.333333333333333,No aggregate reversal under this configuration.,673
syk inhibitor,0.005851335607780743,0,1,0,1,0.0,0.6336633663366337,1.0,6.0,No aggregate reversal under this configuration.,674
BRD-A68061604,0.005864829456543436,0,1,0,1,0.0,0.900990099009901,1.0,5.0,No aggregate reversal under this configuration.,675
lovastatin,0.005875203789474613,0,1,0,1,0.0,0.6534653465346535,1.0,6.0,No aggregate reversal under this configuration.,676
vu0418947-2,0.005880447828485485,2,5,2,5,0.4,0.8217821782178217,1.0,6.4,No aggregate reversal under this configuration.,677
bms-536924,0.00589713715006377,1,3,1,3,0.3333333333333333,0.6831683168316832,1.0,7.333333333333333,No aggregate reversal under this configuration.,678
BRD-K82732294,0.005939314904444598,0,1,0,1,0.0,0.6138613861386139,1.0,8.0,No aggregate reversal under this configuration.,679
ym-155,0.005950464664398712,6,14,6,14,0.42857142857142855,0.9108910891089109,1.0,6.214285714285714,No aggregate reversal under this configuration.,680
prima-1 met,0.005970261364640688,0,1,0,1,0.0,0.693069306930693,1.0,5.0,No aggregate reversal under this configuration.,681
t7765,0.006012184565559992,1,4,1,4,0.25,0.8316831683168316,1.0,6.75,No aggregate reversal under this configuration.,682
BRD-K54256913,0.006049598500321827,1,2,1,2,0.5,0.801980198019802,1.0,7.0,No aggregate reversal under this configuration.,683
nnc 05-2090 hydrochloride,0.006081571758465473,0,1,0,1,0.0,0.7920792079207921,1.0,5.0,No aggregate reversal under this configuration.,684
p0030,0.006114823232501988,0,1,0,1,0.0,0.7326732673267327,1.0,5.0,No aggregate reversal under this configuration.,685
ncgc00242335-01,0.006118870101950288,0,1,0,1,0.0,0.7326732673267327,1.0,8.0,No aggregate reversal under this configuration.,686
BRD-U00779237,0.006163078145902181,0,1,0,1,0.0,0.6039603960396039,1.0,6.0,No aggregate reversal under this configuration.,687
hy-10161,0.006169959136931986,0,2,0,2,0.0,0.8316831683168316,1.0,5.5,No aggregate reversal under this configuration.,688
BRD-K89692698,0.0061775389779342,1,2,1,2,0.5,0.8514851485148515,1.0,6.0,No aggregate reversal under this configuration.,689
everolimus,0.006258860224437389,2,4,2,4,0.5,0.9306930693069307,1.0,6.5,No aggregate reversal under this configuration.,690
vu0418946-2,0.006275049324876115,2,6,2,10,0.3333333333333333,0.801980198019802,1.0,6.4,No aggregate reversal under this configuration.,691
rottlerin ncgc00025228-11,0.006277327086392461,3,11,3,11,0.2727272727272727,0.8712871287128713,1.0,6.7272727272727275,No aggregate reversal under this configuration.,692
6-diazo-5-oxo-l-norleucine,0.00628790397722801,1,2,1,2,0.5,0.7722772277227723,1.0,5.0,No aggregate reversal under this configuration.,693
rs 56812 hydrochloride,0.006322509345947875,0,1,0,1,0.0,0.8415841584158416,1.0,5.0,No aggregate reversal under this configuration.,694
BRD-K65955264,0.0063308469819287425,0,1,0,1,0.0,0.7623762376237624,1.0,5.0,No aggregate reversal under this configuration.,695
BRD-K64857848,0.006343864248236708,1,2,1,2,0.5,0.7623762376237624,1.0,5.0,No aggregate reversal under this configuration.,696
cercosporin,0.00639810655122667,2,5,2,5,0.4,0.7821782178217822,1.0,6.4,No aggregate reversal under this configuration.,697
gr 127935 hydrochloride,0.006425533833075072,1,3,1,3,0.3333333333333333,0.7425742574257426,1.0,6.666666666666667,No aggregate reversal under this configuration.,698
zk 164015,0.006446176338968528,0,1,0,1,0.0,0.6732673267326733,1.0,6.0,No aggregate reversal under this configuration.,699
nsc 95397,0.006482138776335922,3,7,3,7,0.42857142857142855,0.900990099009901,1.0,5.857142857142857,No aggregate reversal under this configuration.,700
genistin,0.006519145133076606,0,1,0,1,0.0,0.7524752475247525,1.0,6.0,No aggregate reversal under this configuration.,701
dactinomycin,0.006578479760468563,0,2,0,2,0.0,0.693069306930693,1.0,6.5,No aggregate reversal under this configuration.,702
ei-346,0.006590041666943887,1,2,1,2,0.5,0.7722772277227723,1.0,6.0,No aggregate reversal under this configuration.,703
atorvastatin,0.006608014131346977,1,2,1,2,0.5,0.7821782178217822,1.0,6.5,No aggregate reversal under this configuration.,704
vu0410183-2,0.006634302457299021,2,7,2,7,0.2857142857142857,0.8712871287128713,1.0,6.142857142857143,No aggregate reversal under this configuration.,705
BRD-K34711351,0.006669949930322508,0,1,0,1,0.0,0.801980198019802,1.0,6.0,No aggregate reversal under this configuration.,706
CTB,0.006673830639658301,0,1,0,1,0.0,0.8118811881188119,1.0,5.0,No aggregate reversal under this configuration.,707
BRD-K81473043,0.006708998750014107,0,3,0,3,0.0,0.8415841584158416,1.0,5.666666666666667,No aggregate reversal under this configuration.,708
perhexiline maleate,0.006723556679080709,2,9,2,9,0.2222222222222222,0.9108910891089109,1.0,6.777777777777778,No aggregate reversal under this configuration.,709
lasalocid sodium salt,0.00674400109086592,0,2,0,2,0.0,0.8811881188118812,1.0,5.0,No aggregate reversal under this configuration.,710
t5323840,0.006854417095773214,1,2,1,2,0.5,0.801980198019802,1.0,6.5,No aggregate reversal under this configuration.,711
phorbol-12-myristate-13-acetate (pma),0.006886537267741781,4,21,4,21,0.19047619047619047,0.9702970297029703,1.0,6.095238095238095,No aggregate reversal under this configuration.,712
x0379,0.0069077556593636555,1,2,1,2,0.5,0.7821782178217822,1.0,5.0,No aggregate reversal under this configuration.,713
curcubitacin i,0.0069571721245186655,4,17,4,17,0.23529411764705882,0.8712871287128713,1.0,7.0588235294117645,No aggregate reversal under this configuration.,714
dg-041,0.007102581127620131,1,13,1,13,0.07692307692307693,0.8910891089108911,1.0,6.6923076923076925,No aggregate reversal under this configuration.,715
phenolphthalein,0.007203371539211613,0,1,0,1,0.0,0.7524752475247525,1.0,6.0,No aggregate reversal under this configuration.,716
idarubicin hcl,0.007261261630571549,0,2,0,2,0.0,0.7029702970297029,1.0,5.0,No aggregate reversal under this configuration.,717
s(-)-timolol,0.007268683160210297,0,1,0,1,0.0,0.7722772277227723,1.0,5.0,No aggregate reversal under this configuration.,718
teniposide,0.007384312170860725,5,11,5,11,0.45454545454545453,0.8514851485148515,1.0,6.2727272727272725,No aggregate reversal under this configuration.,719
BRD-K37865504,0.007573789251795273,1,3,1,3,0.3333333333333333,0.8910891089108911,1.0,6.0,No aggregate reversal under this configuration.,720
hy-10992,0.007584536739174082,1,2,1,2,0.5,0.7920792079207921,1.0,5.0,No aggregate reversal under this configuration.,721
"15-deoxy-?12,14-prostaglandin j2",0.007593020129164237,0,3,0,3,0.0,0.7128712871287128,1.0,7.666666666666667,No aggregate reversal under this configuration.,722
AZ20,0.0075959506461010014,1,6,1,6,0.16666666666666666,0.8613861386138614,1.0,5.333333333333333,No aggregate reversal under this configuration.,723
tetrindole mesylate,0.007628316275547169,0,1,0,1,0.0,0.7326732673267327,1.0,5.0,No aggregate reversal under this configuration.,724
niclosamide,0.007652547021347529,3,19,3,23,0.15789473684210525,0.9801980198019802,1.0,6.739130434782608,No aggregate reversal under this configuration.,725
bithionate sodium,0.007771118753781135,0,1,0,1,0.0,0.7227722772277227,1.0,7.0,No aggregate reversal under this configuration.,726
cyclosporine,0.007843678621300969,1,9,1,9,0.1111111111111111,0.9702970297029703,1.0,5.444444444444445,No aggregate reversal under this configuration.,727
BRD-K58214070,0.00790593295036552,0,1,0,1,0.0,0.7425742574257426,1.0,5.0,No aggregate reversal under this configuration.,728
etoposide,0.007997906087688595,0,3,0,3,0.0,0.8316831683168316,1.0,6.0,No aggregate reversal under this configuration.,729
SU-11274,0.008027507059214074,2,4,2,4,0.5,0.9108910891089109,1.0,6.0,No aggregate reversal under this configuration.,730
BRD-K43581698,0.008089137713089781,0,1,0,1,0.0,0.8217821782178217,1.0,5.0,No aggregate reversal under this configuration.,731
BRD-K92317137,0.008089402435334628,12,31,14,37,0.3870967741935484,0.9207920792079208,1.0,7.243243243243243,No aggregate reversal under this configuration.,732
tremulacin,0.008106310554847278,0,1,0,1,0.0,0.801980198019802,1.0,6.0,No aggregate reversal under this configuration.,733
menadione,0.008221351792346692,1,8,1,8,0.125,0.9207920792079208,1.0,6.125,No aggregate reversal under this configuration.,734
cay10594,0.008239153091647603,1,4,1,4,0.25,0.8910891089108911,1.0,6.0,No aggregate reversal under this configuration.,735
SYK-inhibitor,0.008271273350879318,0,4,0,4,0.0,0.8712871287128713,1.0,5.0,No aggregate reversal under this configuration.,736
prostaglandin a1,0.008276370328553297,1,3,1,3,0.3333333333333333,0.8118811881188119,1.0,5.333333333333333,No aggregate reversal under this configuration.,737
BRD-K26664453,0.008301153118505617,0,2,0,2,0.0,0.7821782178217822,1.0,6.5,No aggregate reversal under this configuration.,738
biperiden hydrochloride,0.008303140849963472,0,2,0,2,0.0,0.801980198019802,1.0,5.0,No aggregate reversal under this configuration.,739
bibr1532,0.008313629664023155,0,3,0,3,0.0,0.8217821782178217,1.0,5.333333333333333,No aggregate reversal under this configuration.,740
thiazolopyrimidine,0.008421081188704837,0,2,0,2,0.0,0.7722772277227723,1.0,8.5,No aggregate reversal under this configuration.,741
ag 18,0.008444465124399801,0,1,0,1,0.0,0.8118811881188119,1.0,5.0,No aggregate reversal under this configuration.,742
methotrexate,0.008450567543020291,0,1,0,1,0.0,0.8613861386138614,1.0,6.0,No aggregate reversal under this configuration.,743
sorafenib,0.008478548115899188,2,7,2,7,0.2857142857142857,0.9405940594059405,1.0,7.428571428571429,No aggregate reversal under this configuration.,744
bibu 1361 dihydrochloride,0.008510237726936862,0,1,0,1,0.0,0.8217821782178217,1.0,5.0,No aggregate reversal under this configuration.,745
pnu 74654,0.00851396531587268,0,4,0,4,0.0,0.9108910891089109,1.0,6.0,No aggregate reversal under this configuration.,746
way 170523,0.008532419510831488,0,1,0,1,0.0,0.7821782178217822,1.0,5.0,No aggregate reversal under this configuration.,747
paroxetine hydrochloride,0.008602462914451547,1,2,1,2,0.5,0.8712871287128713,1.0,6.5,No aggregate reversal under this configuration.,748
cgk 733,0.008636408631587341,0,3,0,3,0.0,0.8217821782178217,1.0,6.0,No aggregate reversal under this configuration.,749
imd 0354,0.008783614571576039,5,16,6,21,0.3125,0.9504950495049505,1.0,7.904761904761905,No aggregate reversal under this configuration.,750
BRD-K68174511,0.008791890601083291,1,4,1,4,0.25,0.8514851485148515,1.0,5.25,No aggregate reversal under this configuration.,751
BRD-K97534490,0.008798390899161353,0,1,0,1,0.0,0.7821782178217822,1.0,5.0,No aggregate reversal under this configuration.,752
methyl benzethonium chloride,0.008829886763924839,0,1,0,1,0.0,0.7623762376237624,1.0,8.0,No aggregate reversal under this configuration.,753
BRD-K66792149,0.008860384131670663,2,6,2,6,0.3333333333333333,0.9504950495049505,1.0,6.166666666666667,No aggregate reversal under this configuration.,754
GSK-429286A,0.008876203074262318,0,1,0,1,0.0,0.8217821782178217,1.0,5.0,No aggregate reversal under this configuration.,755
brefeldin a,0.008941244289352494,2,6,2,6,0.3333333333333333,0.8712871287128713,1.0,7.0,No aggregate reversal under this configuration.,756
mebendazole,0.008964318486551347,0,1,0,1,0.0,0.8415841584158416,1.0,5.0,No aggregate reversal under this configuration.,757
CC-401,0.008968308648427162,1,4,1,4,0.25,0.9702970297029703,1.0,5.5,No aggregate reversal under this configuration.,758
ro 28-1675 ?,0.008970324548329597,5,19,5,19,0.2631578947368421,0.9504950495049505,1.0,6.7368421052631575,No aggregate reversal under this configuration.,759
BRD-K41925105,0.009029189999433754,0,1,0,1,0.0,0.8613861386138614,1.0,7.0,No aggregate reversal under this configuration.,760
BRD-K57080016,0.009030939400820275,1,13,1,13,0.07692307692307693,0.8811881188118812,1.0,5.923076923076923,No aggregate reversal under this configuration.,761
ncgc00183371-01,0.00903689052035614,1,3,1,3,0.3333333333333333,0.8316831683168316,1.0,6.0,No aggregate reversal under this configuration.,762
at-mlpcn csc-006,0.00904494428342057,1,2,1,2,0.5,0.8910891089108911,1.0,6.5,No aggregate reversal under this configuration.,763
ON-01910,0.009101987583061646,1,5,1,5,0.2,0.9306930693069307,1.0,5.4,No aggregate reversal under this configuration.,764
chemistry 2804,0.009239475661275271,7,25,7,25,0.28,0.9504950495049505,1.0,6.96,No aggregate reversal under this configuration.,765
BRD-K19295594,0.009246994083310884,4,9,4,9,0.4444444444444444,0.9306930693069307,1.0,6.222222222222222,No aggregate reversal under this configuration.,766
ALW-II-38-3,0.009248957705085525,1,2,1,2,0.5,0.9108910891089109,1.0,7.0,No aggregate reversal under this configuration.,767
CHIR-99021,0.009263063253164333,2,6,2,6,0.3333333333333333,0.8415841584158416,1.0,6.333333333333333,No aggregate reversal under this configuration.,768
BRD-K03857568,0.009335789868983311,0,1,0,1,0.0,0.8316831683168316,1.0,6.0,No aggregate reversal under this configuration.,769
s1005,0.009371220672263827,0,1,0,1,0.0,0.8118811881188119,1.0,5.0,No aggregate reversal under this configuration.,770
mestanolone,0.009521712842293624,0,1,0,1,0.0,0.693069306930693,1.0,6.0,No aggregate reversal under this configuration.,771
dl-pdmp,0.009529231183909206,2,9,2,9,0.2222222222222222,0.9207920792079208,1.0,6.111111111111111,No aggregate reversal under this configuration.,772
rs 504393,0.009567893153508828,0,1,0,1,0.0,0.8118811881188119,1.0,5.0,No aggregate reversal under this configuration.,773
rho kinase inhibitor iii [rockout],0.009586152358084977,0,1,0,1,0.0,0.8316831683168316,1.0,5.0,No aggregate reversal under this configuration.,774
BRD-K14788918,0.009735619084468657,1,2,1,2,0.5,0.8811881188118812,1.0,6.0,No aggregate reversal under this configuration.,775
vinblastine sulfate,0.009752340716608961,0,3,0,3,0.0,0.8712871287128713,1.0,6.0,No aggregate reversal under this configuration.,776
zm 336372,0.009824032922739753,1,4,1,4,0.25,0.9306930693069307,1.0,5.5,No aggregate reversal under this configuration.,777
np-001236,0.009835054820753617,0,5,0,5,0.0,0.900990099009901,1.0,5.8,No aggregate reversal under this configuration.,778
QL-XII-47,0.009925747848807589,9,31,9,31,0.2903225806451613,0.9306930693069307,1.0,6.903225806451613,No aggregate reversal under this configuration.,779
bjm-ctd2-9,0.009927961339744999,4,12,4,12,0.3333333333333333,0.9405940594059405,1.0,6.5,No aggregate reversal under this configuration.,780
hli 373,0.009950790780375043,1,2,1,2,0.5,0.7920792079207921,1.0,5.0,No aggregate reversal under this configuration.,781
pf 750,0.009993842912003963,0,1,0,1,0.0,0.8316831683168316,1.0,9.0,No aggregate reversal under this configuration.,782
BRD-K96076993,0.010055401908832882,2,5,2,5,0.4,0.9603960396039604,1.0,5.8,No aggregate reversal under this configuration.,783
BRD-K86574132,0.010138903973075895,2,8,2,8,0.25,0.9207920792079208,1.0,7.0,No aggregate reversal under this configuration.,784
amiloride hydrochloride dihydrate,0.010183389170675473,0,1,0,1,0.0,0.8811881188118812,1.0,5.0,No aggregate reversal under this configuration.,785
nsc 663284,0.01022782182037364,1,4,2,5,0.25,0.900990099009901,1.0,5.6,No aggregate reversal under this configuration.,786
mln4924,0.01040074995712929,0,4,0,4,0.0,0.8712871287128713,1.0,5.75,No aggregate reversal under this configuration.,787
ikk 16,0.01052195100745074,2,6,2,6,0.3333333333333333,0.9207920792079208,1.0,6.666666666666667,No aggregate reversal under this configuration.,788
BRD-K42499654,0.010671598894862817,0,1,0,1,0.0,0.7524752475247525,1.0,5.0,No aggregate reversal under this configuration.,789
BRD-K60895275,0.0106842914726902,0,1,0,1,0.0,0.8712871287128713,1.0,5.0,No aggregate reversal under this configuration.,790
ml 3163,0.01082047387347371,0,1,0,1,0.0,0.8118811881188119,1.0,6.0,No aggregate reversal under this configuration.,791
BRD-K10705233,0.010839002710533154,2,5,2,5,0.4,0.9603960396039604,1.0,7.2,No aggregate reversal under this configuration.,792
BRD-K82971429,0.01087067243182243,0,1,0,1,0.0,0.8613861386138614,1.0,5.0,No aggregate reversal under this configuration.,793
lanatoside c,0.010872275198605567,0,1,0,1,0.0,0.8316831683168316,1.0,7.0,No aggregate reversal under this configuration.,794
BRD-A27640568,0.01101788197242473,1,2,1,2,0.5,0.8811881188118812,1.0,7.5,No aggregate reversal under this configuration.,795
BRD-K34363599,0.011041038690317228,0,2,0,2,0.0,0.9504950495049505,1.0,5.0,No aggregate reversal under this configuration.,796
artesunate,0.011057483852629786,0,2,0,2,0.0,0.900990099009901,1.0,6.0,No aggregate reversal under this configuration.,797
nnc 55-0396 dihydrochloride,0.011102293429324693,0,1,0,1,0.0,0.8514851485148515,1.0,6.0,No aggregate reversal under this configuration.,798
BRD-A18763547,0.011147234557525918,1,4,1,4,0.25,0.8514851485148515,1.0,7.5,No aggregate reversal under this configuration.,799
XMD-1499,0.01116354436707738,0,3,0,3,0.0,0.9603960396039604,1.0,6.0,No aggregate reversal under this configuration.,800
u0126,0.011183676703185012,0,1,0,1,0.0,0.8910891089108911,1.0,5.0,No aggregate reversal under this configuration.,801
fluvastatin,0.011240293908125849,0,1,0,1,0.0,0.7722772277227723,1.0,6.0,No aggregate reversal under this configuration.,802
malonoben,0.011489707339500877,0,4,0,4,0.0,0.8910891089108911,1.0,6.75,No aggregate reversal under this configuration.,803
BRD-K06750613,0.011537455817496028,0,2,0,2,0.0,0.8514851485148515,1.0,7.5,No aggregate reversal under this configuration.,804
diflunisal,0.011615731833231675,0,1,0,1,0.0,0.9306930693069307,1.0,5.0,No aggregate reversal under this configuration.,805
sib 1893,0.01161769368359884,0,1,0,1,0.0,0.8811881188118812,1.0,6.0,No aggregate reversal under this configuration.,806
amsacrine,0.011646844958776664,1,5,1,5,0.2,0.9207920792079208,1.0,6.0,No aggregate reversal under this configuration.,807
ver155008,0.011759612356010342,0,1,0,1,0.0,0.8415841584158416,1.0,5.0,No aggregate reversal under this configuration.,808
tpca-1,0.011862146067167009,2,6,2,6,0.3333333333333333,0.9900990099009901,1.0,6.5,No aggregate reversal under this configuration.,809
sid 26681509,0.011879523897452924,0,2,0,2,0.0,0.9306930693069307,1.0,5.0,No aggregate reversal under this configuration.,810
BRD-A59145032,0.011897513644538544,0,1,0,1,0.0,0.9108910891089109,1.0,5.0,No aggregate reversal under this configuration.,811
BRD-K12393722,0.011916427848303341,0,1,0,1,0.0,0.9108910891089109,1.0,5.0,No aggregate reversal under this configuration.,812
antimycin a,0.011968201396842782,0,1,0,1,0.0,0.9108910891089109,1.0,5.0,No aggregate reversal under this configuration.,813
cvf-csc-7 brd-a32595718,0.012001036948389512,1,2,1,2,0.5,0.9306930693069307,1.0,7.0,No aggregate reversal under this configuration.,814
t5212475,0.01221209713493768,2,5,2,6,0.4,0.9900990099009901,1.0,6.0,No aggregate reversal under this configuration.,815
BRD-K05104363,0.012230616991524404,0,3,0,3,0.0,0.9603960396039604,1.0,5.333333333333333,No aggregate reversal under this configuration.,816
vu0415113-1,0.01231715076185855,0,1,0,1,0.0,0.9405940594059405,1.0,5.0,No aggregate reversal under this configuration.,817
chemistry 1735,0.012387956755813122,0,2,0,2,0.0,0.9405940594059405,1.0,5.5,No aggregate reversal under this configuration.,818
BRD-K91701654,0.012424816322702327,0,1,0,1,0.0,0.8811881188118812,1.0,6.0,No aggregate reversal under this configuration.,819
gw 7647,0.012449059481216168,0,1,0,1,0.0,0.8712871287128713,1.0,6.0,No aggregate reversal under this configuration.,820
KIN001-043,0.01259441812087602,7,20,7,20,0.35,0.9801980198019802,1.0,6.35,No aggregate reversal under this configuration.,821
BRD-K31342827,0.012670892558397682,0,1,0,1,0.0,0.7920792079207921,1.0,8.0,No aggregate reversal under this configuration.,822
wr 216174,0.012684829696068167,0,1,0,1,0.0,0.8118811881188119,1.0,11.0,No aggregate reversal under this configuration.,823
BRD-A93393712,0.012734983340598992,0,1,0,1,0.0,0.9504950495049505,1.0,6.0,No aggregate reversal under this configuration.,824
ncgc00185684-02,0.012753266354334469,0,2,0,2,0.0,0.9207920792079208,1.0,6.0,No aggregate reversal under this configuration.,825
BRD-K26818574,0.012777799124186445,0,1,0,1,0.0,0.9306930693069307,1.0,6.0,No aggregate reversal under this configuration.,826
"camptothecine (s,+)",0.012839713409183941,0,1,0,1,0.0,0.8316831683168316,1.0,5.0,No aggregate reversal under this configuration.,827
camptothecin,0.012936844644616582,0,1,0,1,0.0,0.801980198019802,1.0,7.0,No aggregate reversal under this configuration.,828
garcinol,0.012987417598084035,0,2,0,2,0.0,0.9801980198019802,1.0,5.0,No aggregate reversal under this configuration.,829
BRD-K35716340,0.013007125230489702,0,1,0,1,0.0,0.8613861386138614,1.0,6.0,No aggregate reversal under this configuration.,830
niguldipine hydrochloride,0.013335934110947882,1,4,1,4,0.25,0.9702970297029703,1.0,6.25,No aggregate reversal under this configuration.,831
chr 2797,0.013362218873561548,3,9,3,9,0.3333333333333333,0.9702970297029703,1.0,7.444444444444445,No aggregate reversal under this configuration.,832
tl hras26 brd-k01877528,0.013384080091580576,1,4,1,4,0.25,0.9801980198019802,1.0,5.5,No aggregate reversal under this configuration.,833
ei-155,0.013399234682272282,0,3,0,3,0.0,0.9306930693069307,1.0,7.333333333333333,No aggregate reversal under this configuration.,834
salermide,0.013466611785687562,2,12,2,12,0.16666666666666666,0.9702970297029703,1.0,6.0,No aggregate reversal under this configuration.,835
tl hras24 brd-k93060291,0.013481138191167039,0,1,0,1,0.0,0.9207920792079208,1.0,6.0,No aggregate reversal under this configuration.,836
azacyclonol,0.013509233573901037,0,1,0,1,0.0,0.8514851485148515,1.0,5.0,No aggregate reversal under this configuration.,837
ro 31-8220 mesylate,0.01351616738636699,0,2,0,2,0.0,0.9108910891089109,1.0,5.5,No aggregate reversal under this configuration.,838
norcyclobenzaprine,0.01382480537258813,0,1,0,1,0.0,0.9405940594059405,1.0,5.0,No aggregate reversal under this configuration.,839
BRD-K28789065,0.013866605219710644,0,1,0,1,0.0,0.9603960396039604,1.0,6.0,No aggregate reversal under this configuration.,840
5-azacytidine,0.013876193552680393,1,3,1,3,0.3333333333333333,1.0,1.0,5.666666666666667,No aggregate reversal under this configuration.,841
ncgc00188531-01,0.013915942047628152,0,1,0,1,0.0,0.9504950495049505,1.0,5.0,No aggregate reversal under this configuration.,842
BRD-K81795824,0.014195841378501502,1,3,1,3,0.3333333333333333,0.8910891089108911,1.0,5.666666666666667,No aggregate reversal under this configuration.,843
arp 101,0.014207972021076843,3,9,4,12,0.3333333333333333,0.9801980198019802,1.0,6.833333333333333,No aggregate reversal under this configuration.,844
trifluoperazine dihydrochloride,0.01424218342196975,0,2,0,2,0.0,0.9702970297029703,1.0,6.0,No aggregate reversal under this configuration.,845
b675700.cdx,0.014253489571180791,3,14,3,14,0.21428571428571427,0.9603960396039604,1.0,6.357142857142857,No aggregate reversal under this configuration.,846
naringenine,0.014339240614827605,0,1,0,1,0.0,0.8811881188118812,1.0,5.0,No aggregate reversal under this configuration.,847
hki-272,0.014354085103813759,1,7,1,7,0.14285714285714285,0.9702970297029703,1.0,6.571428571428571,No aggregate reversal under this configuration.,848
mw-ras12,0.014363065898750155,2,12,2,14,0.16666666666666666,0.9801980198019802,1.0,6.357142857142857,No aggregate reversal under this configuration.,849
BRD-A18411371,0.014373673413368574,0,2,0,2,0.0,0.9702970297029703,1.0,7.0,No aggregate reversal under this configuration.,850
nonoxynol-9,0.014380470699123024,0,2,0,2,0.0,0.9702970297029703,1.0,5.0,No aggregate reversal under this configuration.,851
jak3 inhibitor v,0.014472061252844039,0,1,0,1,0.0,0.8415841584158416,1.0,5.0,No aggregate reversal under this configuration.,852
mls-0435555.0001,0.014487921823303905,0,1,0,1,0.0,0.9702970297029703,1.0,6.0,No aggregate reversal under this configuration.,853
BRD-U86222656,0.01452224003864334,0,2,0,2,0.0,0.9603960396039604,1.0,6.0,No aggregate reversal under this configuration.,854
jlk 6,0.01456557931560923,0,1,0,1,0.0,0.9108910891089109,1.0,6.0,No aggregate reversal under this configuration.,855
"ly-165,163",0.014633291813393658,0,1,0,1,0.0,0.9405940594059405,1.0,5.0,No aggregate reversal under this configuration.,856
tegaserod,0.014643374322235727,0,2,0,2,0.0,0.9504950495049505,1.0,6.0,No aggregate reversal under this configuration.,857
mk-0591,0.014699374070533337,3,7,3,7,0.42857142857142855,0.9603960396039604,1.0,7.0,No aggregate reversal under this configuration.,858
BRD-K02113016,0.014746500267813111,0,2,0,2,0.0,0.9801980198019802,1.0,6.0,No aggregate reversal under this configuration.,859
cot-10b,0.014789847187809305,5,23,5,23,0.21739130434782608,1.0,1.0,6.782608695652174,No aggregate reversal under this configuration.,860
chlorpromazine,0.01488241830617407,0,1,0,1,0.0,0.9405940594059405,1.0,6.0,No aggregate reversal under this configuration.,861
bo2 (inhibits rad51),0.014973104726503001,0,4,0,4,0.0,0.9504950495049505,1.0,5.5,No aggregate reversal under this configuration.,862
BRD-K66254772,0.015052822945145164,0,1,0,1,0.0,0.9405940594059405,1.0,5.0,No aggregate reversal under this configuration.,863
auranofin,0.015054190115757635,0,4,0,4,0.0,0.9306930693069307,1.0,6.0,No aggregate reversal under this configuration.,864
ntncb hydrochloride,0.015059028609308835,0,1,0,1,0.0,0.8811881188118812,1.0,7.0,No aggregate reversal under this configuration.,865
BRD-K64642496,0.015060542419958096,0,7,0,7,0.0,0.9801980198019802,1.0,6.857142857142857,No aggregate reversal under this configuration.,866
cerivastatin na,0.015100033927890529,0,2,0,2,0.0,0.9603960396039604,1.0,5.5,No aggregate reversal under this configuration.,867
le 135,0.015234473441058837,2,7,2,7,0.2857142857142857,0.9702970297029703,1.0,6.857142857142857,No aggregate reversal under this configuration.,868
k784-3188,0.015275988939536491,1,4,1,4,0.25,0.9702970297029703,1.0,5.0,No aggregate reversal under this configuration.,869
lasalocid sodium,0.015292151135466805,0,4,0,4,0.0,0.9900990099009901,1.0,5.25,No aggregate reversal under this configuration.,870
KU-55933,0.01532883995942267,0,1,0,1,0.0,0.9405940594059405,1.0,5.0,No aggregate reversal under this configuration.,871
BRD-K01896723,0.015551155739833669,0,1,0,1,0.0,0.8613861386138614,1.0,7.0,No aggregate reversal under this configuration.,872
fk 888,0.01558913883610431,0,1,0,1,0.0,0.9207920792079208,1.0,5.0,No aggregate reversal under this configuration.,873
luteolin,0.015688182627376347,0,1,0,1,0.0,0.9207920792079208,1.0,5.0,No aggregate reversal under this configuration.,874
BRD-K14027855,0.015731379196899705,0,2,0,2,0.0,0.9504950495049505,1.0,5.5,No aggregate reversal under this configuration.,875
GSK-461364,0.015825032964161975,1,5,1,5,0.2,1.0,1.0,5.6,No aggregate reversal under this configuration.,876
cct 018159,0.01586575088333874,0,1,0,1,0.0,0.9207920792079208,1.0,6.0,No aggregate reversal under this configuration.,877
imodium,0.015894821940590116,0,1,0,1,0.0,0.9405940594059405,1.0,7.0,No aggregate reversal under this configuration.,878
d-64131,0.016000427052593566,0,1,0,1,0.0,0.8910891089108911,1.0,7.0,No aggregate reversal under this configuration.,879
s1527,0.016048573108156956,0,1,0,1,0.0,0.9801980198019802,1.0,6.0,No aggregate reversal under this configuration.,880
BRD-A40431293,0.016070201817253597,1,4,1,4,0.25,0.9801980198019802,1.0,7.25,No aggregate reversal under this configuration.,881
w-9 hydrochloride,0.016115167641119574,0,1,0,1,0.0,0.9207920792079208,1.0,5.0,No aggregate reversal under this configuration.,882
BRD-K87909389,0.016154754784215863,0,4,0,5,0.0,0.9900990099009901,1.0,5.2,No aggregate reversal under this configuration.,883
doxorubicin,0.01618265272531337,0,1,0,1,0.0,0.8415841584158416,1.0,7.0,No aggregate reversal under this configuration.,884
BRD-K38615104,0.016295218344081232,0,1,0,1,0.0,0.8712871287128713,1.0,5.0,No aggregate reversal under this configuration.,885
THZ-2-98-01,0.01643069938831645,1,4,1,4,0.25,0.9900990099009901,1.0,5.0,No aggregate reversal under this configuration.,886
oxindole i,0.016461204265876665,0,1,0,1,0.0,0.9603960396039604,1.0,7.0,No aggregate reversal under this configuration.,887
BRD-K28120860,0.01650818144798092,0,1,0,1,0.0,0.9603960396039604,1.0,5.0,No aggregate reversal under this configuration.,888
s1104,0.016667747588352315,0,1,0,1,0.0,0.9405940594059405,1.0,7.0,No aggregate reversal under this configuration.,889
ei-156,0.016738455837387964,0,1,0,1,0.0,0.9108910891089109,1.0,7.0,No aggregate reversal under this configuration.,890
as605240,0.016756858801296258,0,6,0,6,0.0,0.9702970297029703,1.0,6.5,No aggregate reversal under this configuration.,891
triciribine,0.017013000011568996,0,2,0,2,0.0,0.9603960396039604,1.0,5.5,No aggregate reversal under this configuration.,892
mln2238,0.017057495122351784,1,8,1,8,0.125,1.0,1.0,6.875,No aggregate reversal under this configuration.,893
hy-11001,0.017130902444130944,1,3,1,3,0.3333333333333333,0.9801980198019802,1.0,6.0,No aggregate reversal under this configuration.,894
BRD-A68065211,0.01731043729143767,1,3,1,3,0.3333333333333333,0.9702970297029703,1.0,6.0,No aggregate reversal under this configuration.,895
rifabutin,0.01735700790017731,0,1,0,1,0.0,0.900990099009901,1.0,5.0,No aggregate reversal under this configuration.,896
hy-10181,0.01735724448488088,0,2,0,2,0.0,1.0,1.0,5.5,No aggregate reversal under this configuration.,897
BRD-K40373196,0.017404907033479137,0,2,0,2,0.0,0.9900990099009901,1.0,6.5,No aggregate reversal under this configuration.,898
BRD-K88278225,0.017429771532790767,0,1,0,1,0.0,0.900990099009901,1.0,6.0,No aggregate reversal under this configuration.,899
PHA-767491,0.017454624529107815,1,4,1,4,0.25,0.9900990099009901,1.0,6.5,No aggregate reversal under this configuration.,900
pentobarbital,0.017488839643685593,0,1,0,1,0.0,0.8910891089108911,1.0,5.0,No aggregate reversal under this configuration.,901
BRD-K23673040,0.017538922793854727,0,1,0,1,0.0,0.9405940594059405,1.0,5.0,No aggregate reversal under this configuration.,902
ki 8751,0.017572527755159918,0,2,0,2,0.0,1.0,1.0,5.5,No aggregate reversal under this configuration.,903
bml-259,0.017868316589503226,0,2,0,2,0.0,0.9702970297029703,1.0,5.5,No aggregate reversal under this configuration.,904
jnj 10191584 maleate,0.017892616978017847,0,1,0,1,0.0,0.9405940594059405,1.0,5.0,No aggregate reversal under this configuration.,905
gamma-linolenic acid (18:3 n-6),0.017948638283184243,0,1,0,1,0.0,0.9504950495049505,1.0,7.0,No aggregate reversal under this configuration.,906
s1042,0.01799531013384771,0,1,0,1,0.0,0.9306930693069307,1.0,6.0,No aggregate reversal under this configuration.,907
BRD-K78385490,0.01802623091602897,0,2,0,2,0.0,0.9603960396039604,1.0,9.5,No aggregate reversal under this configuration.,908
BRD-K18163752,0.018251732041886324,0,1,0,1,0.0,0.9504950495049505,1.0,5.0,No aggregate reversal under this configuration.,909
vu0365117-1,0.018404188298116166,0,1,0,1,0.0,0.9603960396039604,1.0,6.0,No aggregate reversal under this configuration.,910
chloroquine diphosphate,0.018510379734581,0,1,0,1,0.0,0.9306930693069307,1.0,5.0,No aggregate reversal under this configuration.,911
l-6307,0.018600238295256463,0,2,0,2,0.0,0.9504950495049505,1.0,5.5,No aggregate reversal under this configuration.,912
zd 7155 hydrochloride,0.018628875151744478,0,1,0,1,0.0,0.9504950495049505,1.0,5.0,No aggregate reversal under this configuration.,913
moban,0.01877232155288337,0,1,0,1,0.0,0.9702970297029703,1.0,5.0,No aggregate reversal under this configuration.,914
ncgc00183691-01,0.018980286982485238,0,1,0,1,0.0,0.9603960396039604,1.0,9.0,No aggregate reversal under this configuration.,915
UNC0638,0.01906450640053607,0,1,0,1,0.0,0.9702970297029703,1.0,6.0,No aggregate reversal under this configuration.,916
BRD-A32214171,0.019182984374161483,0,1,0,1,0.0,0.9801980198019802,1.0,5.0,No aggregate reversal under this configuration.,917
quizartinib,0.019199590279128737,0,1,0,1,0.0,0.9405940594059405,1.0,6.0,No aggregate reversal under this configuration.,918
BRD-A51777634,0.019358107807542085,1,3,1,3,0.3333333333333333,1.0,1.0,5.333333333333333,No aggregate reversal under this configuration.,919
ag-014699 (pf-01367338),0.01967336536578234,0,1,0,1,0.0,0.9306930693069307,1.0,5.0,No aggregate reversal under this configuration.,920
vu0418934-2,0.019805128961008826,0,1,0,1,0.0,0.9801980198019802,1.0,7.0,No aggregate reversal under this configuration.,921
n-benzylnaltrindole hydrochloride,0.019896754209759174,0,1,0,1,0.0,0.9405940594059405,1.0,7.0,No aggregate reversal under this configuration.,922
taxifolin-(+/-),0.020148657816997068,0,1,0,1,0.0,0.8712871287128713,1.0,7.0,No aggregate reversal under this configuration.,923
ncgc00183690-01,0.020187492374098545,0,1,0,1,0.0,0.9801980198019802,1.0,6.0,No aggregate reversal under this configuration.,924
azacitidine,0.02028538893409818,0,4,0,4,0.0,0.9900990099009901,1.0,6.25,No aggregate reversal under this configuration.,925
BRD-K60219430,0.020387080744732562,0,2,0,2,0.0,0.9900990099009901,1.0,5.0,No aggregate reversal under this configuration.,926
pd 198306,0.020482825531398977,0,2,0,2,0.0,0.9801980198019802,1.0,6.0,No aggregate reversal under this configuration.,927
fludrocortisone acetate,0.020486015492397154,0,1,0,1,0.0,0.9702970297029703,1.0,6.0,No aggregate reversal under this configuration.,928
tivantinib,0.02051561127281335,1,3,1,3,0.3333333333333333,0.9603960396039604,1.0,6.666666666666667,No aggregate reversal under this configuration.,929
XMD-892,0.020546294833359898,0,4,0,4,0.0,1.0,1.0,7.5,No aggregate reversal under this configuration.,930
VE821,0.02061650573700101,0,2,0,2,0.0,0.9801980198019802,1.0,5.5,No aggregate reversal under this configuration.,931
nutlin-3,0.020707941666888375,0,2,0,2,0.0,1.0,1.0,9.0,No aggregate reversal under this configuration.,932
tw 37,0.020874285309002375,1,5,1,5,0.2,1.0,1.0,7.0,No aggregate reversal under this configuration.,933
naproxol,0.0212233378419992,0,1,0,1,0.0,0.9504950495049505,1.0,5.0,No aggregate reversal under this configuration.,934
BRD-K49865102,0.021312212408295197,0,1,0,1,0.0,0.9801980198019802,1.0,5.0,No aggregate reversal under this configuration.,935
BX-795,0.02131294010439979,0,2,0,2,0.0,0.9801980198019802,1.0,5.0,No aggregate reversal under this configuration.,936
cosmosiin,0.021480520995724717,0,1,0,1,0.0,0.9801980198019802,1.0,6.0,No aggregate reversal under this configuration.,937
ic 261,0.021987844276490996,0,1,0,1,0.0,0.9900990099009901,1.0,8.0,No aggregate reversal under this configuration.,938
gr 103691,0.022574923198077038,0,1,0,1,0.0,1.0,1.0,5.0,No aggregate reversal under this configuration.,939
at-csc-18 brd-k01121114,0.02299034161836796,0,1,0,1,0.0,0.9702970297029703,1.0,6.0,No aggregate reversal under this configuration.,940
thioridazine hydrochloride,0.02310639709266248,0,1,0,1,0.0,0.9108910891089109,1.0,5.0,No aggregate reversal under this configuration.,941
ncgc00183412-01,0.024059180152478828,0,1,0,1,0.0,0.9603960396039604,1.0,8.0,No aggregate reversal under this configuration.,942
BRD-K71303366,0.02416189543904717,0,1,0,1,0.0,1.0,1.0,6.0,No aggregate reversal under this configuration.,943
qs 11,0.024291824553295354,0,1,0,1,0.0,0.9900990099009901,1.0,7.0,No aggregate reversal under this configuration.,944
ag-879,0.02470453673509066,0,1,0,1,0.0,0.9603960396039604,1.0,7.0,No aggregate reversal under this configuration.,945
BRD-K98824517,0.025071992403606434,0,2,0,2,0.0,1.0,1.0,5.5,No aggregate reversal under this configuration.,946
JNK-IN-5A,0.02511055383498991,1,7,1,7,0.14285714285714285,1.0,1.0,6.285714285714286,No aggregate reversal under this configuration.,947
k784-3131,0.025248640666232936,0,1,0,1,0.0,0.9702970297029703,1.0,6.0,No aggregate reversal under this configuration.,948
BRD-K19540840,0.025263706279511054,0,1,0,1,0.0,1.0,1.0,8.0,No aggregate reversal under this configuration.,949
BRD-K15716662,0.02533548949927102,0,1,0,1,0.0,0.9900990099009901,1.0,8.0,No aggregate reversal under this configuration.,950
ei-263,0.02559694941397523,0,1,0,1,0.0,0.9801980198019802,1.0,6.0,No aggregate reversal under this configuration.,951
masitinib,0.025969210023441602,0,1,0,1,0.0,0.9900990099009901,1.0,5.0,No aggregate reversal under this configuration.,952
"ici 192,605",0.02599632641519438,0,1,0,1,0.0,0.9900990099009901,1.0,6.0,No aggregate reversal under this configuration.,953
s1175,0.0261936275400241,0,1,0,1,0.0,0.9702970297029703,1.0,6.0,No aggregate reversal under this configuration.,954
ABT-737,0.027129619881621506,0,1,0,1,0.0,0.9603960396039604,1.0,6.0,No aggregate reversal under this configuration.,955
ncgc00185094-01,0.027626558673437558,0,1,0,1,0.0,0.9801980198019802,1.0,5.0,No aggregate reversal under this configuration.,956
ei-332,0.02767419068159003,0,1,0,1,0.0,0.9801980198019802,1.0,5.0,No aggregate reversal under this configuration.,957
serdemetan,0.02784856739768527,0,1,0,1,0.0,0.9900990099009901,1.0,5.0,No aggregate reversal under this configuration.,958
BRD-K56411643,0.02805871525125267,1,4,1,4,0.25,1.0,1.0,7.75,No aggregate reversal under this configuration.,959
gr-207,0.028237522992636977,0,1,0,1,0.0,0.9900990099009901,1.0,5.0,No aggregate reversal under this configuration.,960
jtc 801,0.028262834467315784,0,3,0,3,0.0,1.0,1.0,6.333333333333333,No aggregate reversal under this configuration.,961
ketanserin tartrate hydrate,0.02907710465587475,0,1,0,1,0.0,0.9900990099009901,1.0,7.0,No aggregate reversal under this configuration.,962
s1017,0.02968383619906905,0,1,0,1,0.0,1.0,1.0,6.0,No aggregate reversal under this configuration.,963
api-2,0.0300025093406568,0,1,0,1,0.0,0.9801980198019802,1.0,7.0,No aggregate reversal under this configuration.,964
BRD-K88198340,0.030049978834770355,0,1,0,1,0.0,0.9900990099009901,1.0,5.0,No aggregate reversal under this configuration.,965
GSK-J4,0.030121687345649573,0,1,0,1,0.0,0.9900990099009901,1.0,5.0,No aggregate reversal under this configuration.,966
pimozide,0.030480893979889984,0,1,0,1,0.0,0.9702970297029703,1.0,10.0,No aggregate reversal under this configuration.,967
fenretinide,0.03068654109070513,0,1,0,1,0.0,0.9702970297029703,1.0,5.0,No aggregate reversal under this configuration.,968
niguldipine,0.0321076473564511,0,1,0,1,0.0,0.9900990099009901,1.0,6.0,No aggregate reversal under this configuration.,969
BRD-K85318537 (obaa),0.03235224901509943,0,1,0,1,0.0,0.9900990099009901,1.0,5.0,No aggregate reversal under this configuration.,970
AT7867,0.032462990895159895,0,3,0,3,0.0,1.0,1.0,7.666666666666667,No aggregate reversal under this configuration.,971
dapt,0.03255745673697118,0,1,0,1,0.0,1.0,1.0,5.0,No aggregate reversal under this configuration.,972
ncgc00011606-02,0.03299420932251918,0,1,0,1,0.0,1.0,1.0,5.0,No aggregate reversal under this configuration.,973
BRD-K28916077,0.03399285390511364,0,1,0,1,0.0,1.0,1.0,6.0,No aggregate reversal under this configuration.,974
s1205,0.034621699257023054,0,1,0,1,0.0,0.9801980198019802,1.0,5.0,No aggregate reversal under this configuration.,975
rottlerin,0.03466759583545223,0,1,0,1,0.0,0.9900990099009901,1.0,10.0,No aggregate reversal under this configuration.,976
ALW-II-49-7,0.0347176296981466,0,1,0,1,0.0,1.0,1.0,5.0,No aggregate reversal under this configuration.,977
hy-50940,0.03543757750707913,0,1,0,1,0.0,1.0,1.0,6.0,No aggregate reversal under this configuration.,978
nobiletin,0.035470968994832534,0,1,0,1,0.0,1.0,1.0,5.0,No aggregate reversal under this configuration.,979
nilotinib,0.037612290508387075,0,2,0,2,0.0,1.0,1.0,8.5,No aggregate reversal under this configuration.,980
BRD-A06929388,0.03783874462935761,0,1,0,1,0.0,0.9900990099009901,1.0,7.0,No aggregate reversal under this configuration.,981
NPK76-II-72-1,0.038322140006836244,0,1,0,1,0.0,1.0,1.0,9.0,No aggregate reversal under this configuration.,982
t 98475,0.039442462174111195,0,1,0,1,0.0,1.0,1.0,5.0,No aggregate reversal under this configuration.,983
triamcinolone,0.04105334920048056,0,1,0,1,0.0,1.0,1.0,6.0,No aggregate reversal under this configuration.,984
rimcazole dihydrochloride,0.041711661633287406,0,1,0,1,0.0,1.0,1.0,5.0,No aggregate reversal under this configuration.,985
