compound,configurations_present,top_k_frequency,evaluated_configurations,mean_rank,rank_sd,baseline,relaxed,stringent,multi-context
AZD-8330,4,4,4,6.0,3.24037034920393,6.0,5,11.0,2.0
trametinib,4,4,4,6.0,1.4142135623730951,8.0,6,6.0,4.0
AZ-628,4,3,4,6.75,9.959292143521045,1.0,1,24.0,1.0
PLX-4720,4,3,4,9.5,6.837397165588672,7.0,21,7.0,3.0
tozasertib,4,3,4,11.25,6.832825184358224,12.0,22,4.0,7.0
cabozantinib,3,3,4,11.666666666666666,2.0548046676563256,14.0,12,,9.0
KIN001-265,4,3,4,14.5,7.762087348130012,11.0,27,14.0,6.0
foretinib,4,3,4,15.25,5.448623679425842,20.0,8,21.0,12.0
regorafenib,4,3,4,16.75,7.39509972887452,13.0,18,28.0,8.0
PD-184352,4,3,4,17.25,8.613216588476108,18.0,31,9.0,11.0
vemurafenib,4,3,4,48.5,61.54063698077881,17.0,155,12.0,10.0
BRD-K11758216,2,2,4,6.0,4.0,2.0,10,,
ketotifen fumarate,2,2,4,7.0,3.0,10.0,4,,
selumetinib,4,2,4,24.0,13.435028842544403,26.0,45,10.0,15.0
NVP-AUY922,4,2,4,26.0,13.946325680981353,31.0,9,46.0,18.0
TWS-119,4,2,4,30.75,15.785673884886892,29.0,57,20.0,17.0
HG-5-113-01,4,2,4,44.5,46.810789354592174,34.0,123,1.0,20.0
ncgc00165199-01,3,2,4,198.33333333333334,270.5911224625737,9.0,581,,5.0
IOX2,1,1,4,3.0,0.0,,3,,
verapamil hydrochloride,1,1,4,7.0,0.0,,7,,
BRD-K77987635,1,1,4,14.0,0.0,,14,,
"n,n-hexamethyleneamiloride",1,1,4,15.0,0.0,,15,,
z2777,1,1,4,16.0,0.0,,16,,
sp 600125,1,1,4,17.0,0.0,,17,,
BRD-K00430421,1,1,4,20.0,0.0,,20,,
KIN236,2,1,4,24.5,5.5,30.0,19,,
BRD-K14316227,2,1,4,25.5,6.5,19.0,32,,
BRD-K19922318,2,1,4,36.0,23.0,59.0,13,,
PHA-665752,4,1,4,41.5,36.32148124732801,23.0,104,25.0,14.0
PD-0325901,4,1,4,42.0,19.11805429430516,64.0,53,13.0,38.0
TGX-221,4,1,4,45.25,43.79140897482062,38.0,118,3.0,22.0
palbociclib,4,1,4,45.75,30.833220720515072,89.0,2,43.0,49.0
AS-605240,4,1,4,48.25,22.465250944514285,76.0,59,15.0,43.0
RAF 265,3,1,4,88.66666666666667,88.8081577834429,33.0,214,,19.0
BMS509744,4,1,4,98.0,61.46950463441201,136.0,11,172.0,73.0
GSK-690693,4,1,4,167.0,251.23793503370464,21.0,602,32.0,13.0
na-tosyl-phe chloromethyl ketone,2,1,4,170.5,166.5,4.0,337,,
GDC-0879,4,1,4,176.75,251.2880568192607,56.0,611,8.0,32.0
LDN-193189,4,1,4,177.5,110.90198375141898,329.0,175,16.0,190.0
linifanib,4,1,4,188.5,156.11774402674413,191.0,437,17.0,109.0
emetine dihydrochloride hydrate (74),4,1,4,299.0,255.03823242800283,299.0,706,19.0,172.0
anisomycin,4,1,4,309.5,207.9813693579307,433.0,556,5.0,244.0
tivozanib,4,1,4,324.0,365.876345231555,223.0,943,2.0,128.0
dorsomorphin dihydrochloride,4,1,4,345.75,322.69906646905565,311.0,875,18.0,179.0
BRD-K19724398,2,1,4,404.5,401.5,3.0,806,,
a8674,2,1,4,450.0,435.0,15.0,885,,
hy-11005,2,1,4,455.5,450.5,5.0,906,,
BRD-K86472598,3,1,4,461.3333333333333,621.3304720964163,28.0,1340,,16.0
BRD-K18726304,2,1,4,610.0,594.0,16.0,1204,,
pj 34 hydrochloride,1,0,4,30.0,0.0,,30,,
mead ethanolamide,2,0,4,31.5,8.5,40.0,23,,
NVP-TAE684,4,0,4,31.75,11.321991874224253,51.0,26,22.0,28.0
BRD-K31851742,1,0,4,36.0,0.0,,36,,
BRD-K60757524,1,0,4,37.0,0.0,,37,,
BRD-K40300908,1,0,4,38.0,0.0,,38,,
jte 013,1,0,4,39.0,0.0,,39,,
BRD-A84102390,1,0,4,40.0,0.0,,40,,
BRD-K90543092,1,0,4,41.0,0.0,,41,,
ethotoin,1,0,4,43.0,0.0,,43,,
BRD-K75128590,1,0,4,44.0,0.0,,44,,
dasatinib,4,0,4,44.75,11.453711188955307,61.0,50,33.0,35.0
belinostat,4,0,4,46.75,19.715159142142372,46.0,78,39.0,24.0
BRD-K79382620,1,0,4,49.0,0.0,,49,,
AZD-7762,4,0,4,51.5,14.221462653327892,53.0,70,53.0,30.0
dabrafenib,4,0,4,51.5,33.10966626228661,50.0,106,23.0,27.0
jas07 005,1,0,4,52.0,0.0,,52,,
granisetron,1,0,4,54.0,0.0,,54,,
idelalisib,1,0,4,56.0,0.0,,56,,
pracinostat,4,0,4,56.75,17.09349291397168,81.0,64,37.0,45.0
l-cis-diltiazem,1,0,4,60.0,0.0,,60,,
ptb1,2,0,4,60.0,31.0,91.0,29,,
ruxolitinib,2,0,4,60.5,18.5,42.0,79,,
kuc104233 kuc104233n,3,0,4,61.666666666666664,19.344824171395878,49.0,47,89.0,
PI-103,4,0,4,62.0,21.77154105707724,96.0,62,36.0,54.0
lapatinib,3,0,4,62.666666666666664,32.82614134429381,105.0,25,,58.0
nintedanib,4,0,4,62.75,22.00426095100674,54.0,87,79.0,31.0
BRD-K60067222,1,0,4,63.0,0.0,,63,,
iodipamide,2,0,4,63.5,19.5,44.0,83,,
erlotinib,4,0,4,64.0,33.91164991562634,62.0,120,38.0,36.0
decitabine,1,0,4,65.0,0.0,,65,,
heliotrine,1,0,4,67.0,0.0,,67,,
SB590885,4,0,4,67.75,68.51049189722696,37.0,186,27.0,21.0
mdl 29951,1,0,4,68.0,0.0,,68,,
BMS-345541,4,0,4,70.0,27.230497608380205,94.0,35,99.0,52.0
BRD-K26300881,1,0,4,71.0,0.0,,71,,
BRD-K50659736,1,0,4,73.0,0.0,,73,,
BRD-K58306044,1,0,4,75.0,0.0,,75,,
GDC-0941,4,0,4,75.25,35.947009611371016,133.0,61,35.0,72.0
radicicol,4,0,4,75.75,14.956186011146023,95.0,77,78.0,53.0
A66,1,0,4,76.0,0.0,,76,,
HG-9-91-01,2,0,4,78.0,50.0,128.0,28,,
canertinib,4,0,4,78.5,48.381298039635105,43.0,145,103.0,23.0
dovitinib,4,0,4,79.25,27.698149757700424,106.0,107,45.0,59.0
bupropion hydrochloride,1,0,4,80.0,0.0,,80,,
brinzolamide,1,0,4,81.0,0.0,,81,,
CP-724714,3,0,4,81.66666666666667,33.289971796657056,127.0,48,,70.0
cyproheptadine hydrochloride,1,0,4,82.0,0.0,,82,,
t5345967,2,0,4,82.5,55.5,27.0,138,,
A443654,4,0,4,83.0,37.141620858546275,111.0,126,34.0,61.0
BRD-K11671649,2,0,4,83.0,17.0,100.0,66,,
"dibutyryl-camp, sodium salt",2,0,4,83.5,59.5,24.0,143,,
TAK-715,1,0,4,84.0,0.0,,84,,
mls-0391006,2,0,4,84.0,52.0,32.0,136,,
tanespimycin,4,0,4,84.5,42.488233665333745,87.0,153,50.0,48.0
pazopanib,1,0,4,86.0,0.0,,86,,
crizotinib,3,0,4,86.33333333333333,52.46797965320267,63.0,159,,37.0
ei-232,3,0,4,87.33333333333333,46.69284979761058,147.0,33,,82.0
GDC-0980,4,0,4,87.5,35.103418636936205,146.0,69,54.0,81.0
GSK-2126458,4,0,4,87.5,45.991847103590004,154.0,24,85.0,87.0
b3063,1,0,4,88.0,0.0,,88,,
mefloquine,2,0,4,88.5,13.5,75.0,102,,
WZ-4002,3,0,4,88.66666666666667,25.104227178350307,124.0,74,,68.0
BRD-K34966483,1,0,4,89.0,0.0,,89,,
hyperoside,1,0,4,90.0,0.0,,90,,
ncgc00183243-01,2,0,4,90.0,35.0,125.0,55,,
BRD-K53423944,1,0,4,91.0,0.0,,91,,
BRD-K34508425,1,0,4,92.0,0.0,,92,,
BRD-K59488055,1,0,4,94.0,0.0,,94,,
"amethopterin (r,s)",2,0,4,94.0,36.0,130.0,58,,
WZ-4-145,4,0,4,95.0,32.840523747346055,126.0,129,56.0,69.0
byssochlamic acid,1,0,4,95.0,0.0,,95,,
np-003021,1,0,4,98.0,0.0,,98,,
st4066738,2,0,4,98.0,73.0,25.0,171,,
ikk-3 inhibitor ix,1,0,4,101.0,0.0,,101,,
WH-4-025,4,0,4,101.5,42.81062952118317,138.0,46,148.0,74.0
hispidin,1,0,4,103.0,0.0,,103,,
WZ-3105,4,0,4,103.25,54.14505979311501,182.0,100,29.0,102.0
sertaconazole nitrate,1,0,4,105.0,0.0,,105,,
BRD-K77547509,1,0,4,108.0,0.0,,108,,
BRD-K08640787,1,0,4,110.0,0.0,,110,,
gefitinib,4,0,4,111.5,34.34020966738555,114.0,109,160.0,63.0
sulfasalazine,1,0,4,112.0,0.0,,112,,
BRD-K76357752,1,0,4,113.0,0.0,,113,,
BRD-U29336476,4,0,4,113.75,30.243801017729236,123.0,151,114.0,67.0
BRD-K56515112 (medrysone),1,0,4,114.0,0.0,,114,,
alvocidib,4,0,4,114.25,51.46054313743686,199.0,72,74.0,112.0
bay 36-7620,1,0,4,115.0,0.0,,115,,
BMS-387032,4,0,4,115.75,59.65054484244046,210.0,51,82.0,120.0
zk 93423,1,0,4,116.0,0.0,,116,,
bulleyaconitine a,1,0,4,119.0,0.0,,119,,
AZD-6482,3,0,4,121.0,27.434771124736336,153.0,124,,86.0
spironolactone,1,0,4,121.0,0.0,,121,,
aminocaproic acid,1,0,4,122.0,0.0,,122,,
BRD-K46645809,1,0,4,125.0,0.0,,125,,
ZSTK-474,4,0,4,126.0,61.587336360651285,121.0,227,91.0,65.0
abt-888 (veliparib),1,0,4,127.0,0.0,,127,,
s1095,3,0,4,127.0,122.68930950440085,52.0,300,,29.0
BRD-K58972465,1,0,4,128.0,0.0,,128,,
PF-562271,4,0,4,128.5,53.34088488204897,189.0,166,52.0,107.0
ibrutinib,3,0,4,129.0,40.62839729384691,139.0,173,,75.0
1495-0136,1,0,4,130.0,0.0,,130,,
iodophenpropit dihydrobromide,1,0,4,131.0,0.0,,131,,
compound 12,1,0,4,132.0,0.0,,132,,
ncgc00182823-01,1,0,4,133.0,0.0,,133,,
tetrahydropalmatine,1,0,4,134.0,0.0,,134,,
BRD-K06436323,1,0,4,135.0,0.0,,135,,
mitoxantrone,4,0,4,135.0,35.86084215408221,197.0,117,115.0,111.0
BRD-K51556300,2,0,4,136.5,64.5,72.0,201,,
BRD-K67870070,2,0,4,137.0,26.0,163.0,111,,
CGP-60474,4,0,4,137.0,53.89341332667657,227.0,99,92.0,130.0
er 27319 maleate,3,0,4,137.0,102.99838186431215,84.0,281,,46.0
BRD-K42644990,2,0,4,138.0,45.0,183.0,93,,
BRD-K37194137,1,0,4,140.0,0.0,,140,,
BRD-K93215584,1,0,4,141.0,0.0,,141,,
pelitinib,4,0,4,141.25,33.32697856091968,169.0,176,126.0,94.0
ag 555,1,0,4,142.0,0.0,,142,,
barasertib,1,0,4,144.0,0.0,,144,,
neratinib,4,0,4,144.0,91.72785836374901,162.0,284,40.0,90.0
fostamatinib,4,0,4,145.0,182.09750135572975,47.0,460,48.0,25.0
penicillin v,1,0,4,146.0,0.0,,146,,
ethopropazine hydrochloride,1,0,4,148.0,0.0,,148,,
BRD-K14939371,1,0,4,149.0,0.0,,149,,
afatinib,4,0,4,150.0,48.71857961804716,152.0,222,141.0,85.0
h7270,3,0,4,151.0,128.69343417595164,77.0,332,,44.0
BRD-K31491153,2,0,4,151.5,66.5,218.0,85,,
mrs 1334,2,0,4,152.0,51.0,101.0,203,,
t5220758,1,0,4,152.0,0.0,,152,,
BYL719,4,0,4,155.75,33.214266513051285,180.0,161,182.0,100.0
NVP-BEZ235,4,0,4,156.0,65.66201337150727,244.0,179,63.0,138.0
PIK-93,3,0,4,156.66666666666666,99.6170445032152,278.0,34,,158.0
PF-431396,3,0,4,157.33333333333334,39.34745509206691,212.0,139,,121.0
BRD-K85123403,1,0,4,158.0,0.0,,158,,
sutent,4,0,4,158.0,62.24146527838174,232.0,198,70.0,132.0
BRD-K15592317,1,0,4,160.0,0.0,,160,,
BRD-K53308430,3,0,4,160.33333333333334,39.93606000707742,185.0,192,,104.0
BRD-K41220170,2,0,4,160.5,6.5,167.0,154,,
ly-294002,1,0,4,162.0,0.0,,162,,
sulfadiazine,1,0,4,163.0,0.0,,163,,
testosterone,1,0,4,164.0,0.0,,164,,
BRD-K17953061,3,0,4,165.0,55.226805085936306,170.0,230,,95.0
KIN001-244,1,0,4,165.0,0.0,,165,,
HG-14-8-02,4,0,4,165.5,95.12754595804519,307.0,42,137.0,176.0
ncgc00242296-02,1,0,4,168.0,0.0,,168,,
geldanamycin,4,0,4,169.5,135.8408995847716,141.0,399,61.0,77.0
BRD-K82857306,1,0,4,172.0,0.0,,172,,
probucol,2,0,4,173.0,38.0,135.0,211,,
metixene hydrochloride,1,0,4,174.0,0.0,,174,,
MK-2206,3,0,4,176.66666666666666,53.29373529996018,252.0,137,,141.0
BRD-K39757396,2,0,4,177.5,94.5,83.0,272,,
BRD-K97701319,1,0,4,178.0,0.0,,178,,
PF 573228,2,0,4,179.0,1.0,178.0,180,,
s1120,3,0,4,179.0,131.69915211065964,112.0,363,,62.0
saracatinib,4,0,4,180.5,51.838692113131096,175.0,220,229.0,98.0
TG-101348,4,0,4,180.75,201.20558516104865,67.0,528,88.0,40.0
fenoterol hydrobromide,1,0,4,181.0,0.0,,181,,
KU-60019,2,0,4,181.5,93.5,88.0,275,,
BRD-K74486276,1,0,4,182.0,0.0,,182,,
noscapine hydrochloride,1,0,4,183.0,0.0,,183,,
AKT-inhibitor-1-2,3,0,4,184.0,99.86991538997117,149.0,320,,83.0
s1030,4,0,4,184.0,202.9076144455895,68.0,534,93.0,41.0
sodium dehydrocholate,1,0,4,184.0,0.0,,184,,
danazol,1,0,4,185.0,0.0,,185,,
sr 142948,3,0,4,186.0,82.75667143298277,247.0,242,69.0,
BRD-A57107094,3,0,4,186.66666666666666,121.17572180744604,104.0,358,98.0,
BRD-K10846167,2,0,4,187.0,17.0,204.0,170,,
u 99194 maleate,1,0,4,187.0,0.0,,187,,
GSK-1904529A,3,0,4,187.66666666666666,64.11621393133635,190.0,265,,108.0
dinaciclib,3,0,4,188.66666666666666,47.401359567937384,254.0,169,,143.0
amperozide,1,0,4,189.0,0.0,,189,,
trimipramine maleate salt,1,0,4,191.0,0.0,,191,,
ku 0060648 trihydrochloride,4,0,4,192.5,124.48795122420482,187.0,397,80.0,106.0
AZD-5438,4,0,4,194.0,92.99731178910496,222.0,333,94.0,127.0
BRD-K64058329,1,0,4,194.0,0.0,,194,,
withaferin-a,4,0,4,194.5,91.13040107450422,286.0,270,60.0,162.0
bg fa 0953,2,0,4,195.5,105.5,90.0,301,,
BRD-A95445494,1,0,4,196.0,0.0,,196,,
PHA-793887,4,0,4,196.25,78.54417546833119,310.0,207,90.0,178.0
DCC-2036,3,0,4,196.33333333333334,99.90106216763776,166.0,331,,92.0
digitoxigenin,3,0,4,196.33333333333334,52.448916946767255,270.0,167,,152.0
AT-7519,4,0,4,197.25,115.43477595594838,373.0,147,57.0,212.0
clobenpropit dihydrobromide,1,0,4,200.0,0.0,,200,,
BRD-K01436366,3,0,4,201.33333333333334,85.605036196606,186.0,313,,105.0
fenoldopam hydrochloride,1,0,4,202.0,0.0,,202,,
quinine hemisulfate salt monohydrate,3,0,4,203.66666666666666,63.594199595735326,293.0,150,,168.0
BRD-K16180117,1,0,4,204.0,0.0,,204,,
zaprinast,2,0,4,205.0,28.0,233.0,177,,
mls-0437446.0001,3,0,4,205.33333333333334,217.10570901956697,65.0,512,,39.0
ly 364947,1,0,4,206.0,0.0,,206,,
AS-601245,4,0,4,206.25,203.2773659313796,145.0,553,47.0,80.0
ite,1,0,4,208.0,0.0,,208,,
yc-1,2,0,4,208.0,91.0,117.0,299,,
stock4s-72743,1,0,4,209.0,0.0,,209,,
gsk2334470,1,0,4,210.0,0.0,,210,,
BRD-K52914903,2,0,4,212.0,17.0,229.0,195,,
mrs 1220,1,0,4,212.0,0.0,,212,,
torin-2,4,0,4,212.75,77.5221742471146,315.0,248,106.0,182.0
mocetinostat,4,0,4,214.75,100.68856687827075,342.0,255,65.0,197.0
BRD-K70831943,1,0,4,215.0,0.0,,215,,
BRD-K22832646,1,0,4,216.0,0.0,,216,,
BRD-K87573634,1,0,4,217.0,0.0,,217,,
rocilinostat,3,0,4,217.66666666666666,90.33394833738987,224.0,325,104.0,
pyrazolanthrone,1,0,4,218.0,0.0,,218,,
olvanil,4,0,4,218.25,93.89988019161686,242.0,362,132.0,137.0
BRD-K79222491,3,0,4,218.66666666666666,118.44079627485719,177.0,380,,99.0
BRD-K06009608,3,0,4,219.0,50.20624131187941,268.0,239,,150.0
BRD-K83972459,2,0,4,221.0,64.0,157.0,285,,
np-007374,1,0,4,221.0,0.0,,221,,
AZD-8055,4,0,4,222.0,87.26683218726345,308.0,302,101.0,177.0
KW-2449,4,0,4,222.0,100.49129315517837,273.0,359,102.0,154.0
GSK-1059615,4,0,4,222.25,118.04951291725011,271.0,388,77.0,153.0
NVP-TAE226,3,0,4,223.0,57.60208329565867,304.0,190,,175.0
primaquine diphosphate,1,0,4,223.0,0.0,,223,,
leflunomide,1,0,4,224.0,0.0,,224,,
s1222,1,0,4,225.0,0.0,,225,,
BRD-K33720404,1,0,4,226.0,0.0,,226,,
JNK-9L,4,0,4,227.25,124.43547524721397,424.0,97,149.0,239.0
BRD-K57678861,1,0,4,228.0,0.0,,228,,
BRD-K53461563,1,0,4,229.0,0.0,,229,,
methocarbamol,1,0,4,231.0,0.0,,231,,
BRD-K90826279,2,0,4,232.0,193.0,39.0,425,,
ncgc00183260-01,1,0,4,232.0,0.0,,232,,
hy-10159,3,0,4,232.66666666666666,276.8601732925044,48.0,624,,26.0
BRD-K98676510,1,0,4,233.0,0.0,,233,,
pt-630,1,0,4,234.0,0.0,,234,,
dcb,1,0,4,235.0,0.0,,235,,
QL-X-138,4,0,4,236.25,117.87784991252597,359.0,324,58.0,204.0
BRD-K34092011,1,0,4,238.0,0.0,,238,,
desoxymetasone,2,0,4,238.5,19.5,258.0,219,,
BRD-K88542532,1,0,4,240.0,0.0,,240,,
st4049616,1,0,4,241.0,0.0,,241,,
PF-3758309,4,0,4,243.0,195.5850198762676,132.0,573,196.0,71.0
st4028268,1,0,4,243.0,0.0,,243,,
carbinoxamine maleate,1,0,4,244.0,0.0,,244,,
westcort,1,0,4,245.0,0.0,,245,,
BRD-K50204028,1,0,4,246.0,0.0,,246,,
BRD-K36055864 (cycloheximide),3,0,4,246.33333333333334,197.36992903907344,140.0,523,,76.0
BRD-A19248578,2,0,4,247.0,88.0,159.0,335,,
bisindolylmaleimide iv,1,0,4,247.0,0.0,,247,,
BRD-K83048312,1,0,4,250.0,0.0,,250,,
"l-701,324",1,0,4,251.0,0.0,,251,,
BRD-A25337146,3,0,4,252.0,69.86176827612272,276.0,323,,157.0
BRD-K16331660,1,0,4,252.0,0.0,,252,,
CG-930,1,0,4,253.0,0.0,,253,,
XMD16-144,4,0,4,254.0,164.0990554512731,226.0,530,131.0,129.0
skf 86002 dihydrochloride,1,0,4,256.0,0.0,,256,,
GSK-1070916,4,0,4,256.75,199.44595132516477,205.0,596,110.0,116.0
s(+)-terguride,1,0,4,257.0,0.0,,257,,
(-)-JQ1,1,0,4,258.0,0.0,,258,,
BRD-K38625260,1,0,4,260.0,0.0,,260,,
vandetanib,3,0,4,260.0,101.67923419590977,398.0,156,,226.0
hy-50767,1,0,4,261.0,0.0,,261,,
BRD-K71670746,1,0,4,262.0,0.0,,262,,
BRD-K88708949,2,0,4,263.0,58.0,321.0,205,,
pterostilbene,1,0,4,263.0,0.0,,263,,
BRD-K46373671,1,0,4,264.0,0.0,,264,,
vorinostat,4,0,4,265.75,222.88379819986918,248.0,631,44.0,140.0
gibberellic acid,1,0,4,266.0,0.0,,266,,
BRD-K06666320,4,0,4,266.5,202.66413101483943,143.0,603,241.0,79.0
erastin,1,0,4,267.0,0.0,,267,,
thm-i-94,4,0,4,267.25,252.58204112723453,213.0,692,42.0,122.0
cytosporone b,2,0,4,267.5,54.5,322.0,213,,
t0513-6584,1,0,4,268.0,0.0,,268,,
BRD-K89546934,2,0,4,269.0,190.0,79.0,459,,
cytarabine,1,0,4,269.0,0.0,,269,,
ys-035 hydrochloride,2,0,4,269.0,10.0,259.0,279,,
helveticoside,3,0,4,270.3333333333333,269.82628156319805,103.0,651,,57.0
cid 755673,1,0,4,271.0,0.0,,271,,
BRD-K90700939,1,0,4,273.0,0.0,,273,,
HG-5-88-01,4,0,4,273.75,96.19868762098577,297.0,420,208.0,170.0
deacetoxy-7-oxisogedunin,1,0,4,274.0,0.0,,274,,
BRD-K06592610,1,0,4,276.0,0.0,,276,,
np-001821,1,0,4,277.0,0.0,,277,,
I-BET,4,0,4,277.5,178.38791999460054,534.0,254,31.0,291.0
flucytosine,2,0,4,278.0,13.0,265.0,291,,
ipratropium bromide,1,0,4,278.0,0.0,,278,,
epirubicin hydrochloride,3,0,4,279.3333333333333,160.49160587256756,215.0,500,,123.0
BRD-K01834163,3,0,4,280.6666666666667,86.24899355290408,294.0,379,,169.0
ryuvidine,3,0,4,281.6666666666667,298.4206576108445,92.0,703,,50.0
BRD-K32536677,1,0,4,283.0,0.0,,283,,
PFI-1,3,0,4,283.0,318.4661154136601,74.0,733,,42.0
16-hydroxytriptolide,4,0,4,284.5,163.71698140388492,301.0,544,119.0,174.0
yk 4-279,3,0,4,284.6666666666667,177.03922980200994,257.0,514,83.0,
XMD-1150,4,0,4,285.75,148.6999915938128,405.0,439,67.0,232.0
s3002,1,0,4,286.0,0.0,,286,,
"ici-185,282",2,0,4,287.0,209.0,78.0,496,,
ncgc00182837-01,1,0,4,287.0,0.0,,287,,
HG-14-10-04,3,0,4,288.0,75.05997601918082,393.0,249,,222.0
dcebio,1,0,4,289.0,0.0,,289,,
ritodrine hydrochloride,1,0,4,290.0,0.0,,290,,
nsc 3852,3,0,4,291.6666666666667,348.9769174155919,57.0,785,,33.0
"mapp, d-erythro",1,0,4,292.0,0.0,,292,,
BRD-K72307842,1,0,4,293.0,0.0,,293,,
linsitinib,3,0,4,293.6666666666667,102.45757929775404,436.0,199,,246.0
gr-109,1,0,4,294.0,0.0,,294,,
BRD-K89558221,1,0,4,295.0,0.0,,295,,
"methyl 2,5-dihydroxycinnamate",1,0,4,296.0,0.0,,296,,
INK-128,4,0,4,296.25,128.94839083912603,427.0,406,111.0,241.0
BRD-K16290432,1,0,4,297.0,0.0,,297,,
bl-076,1,0,4,298.0,0.0,,298,,
erythrosine sodium,2,0,4,298.0,119.0,179.0,417,,
BRD-K58853583,2,0,4,299.0,74.0,225.0,373,,
BRD-K84203638,4,0,4,299.5,97.28437695745397,343.0,438,219.0,198.0
BRD-A72837804,2,0,4,300.0,12.0,312.0,288,,
JW-7-24-1,4,0,4,300.25,154.77786501951758,456.0,422,66.0,257.0
WYE-125132,4,0,4,302.75,88.84642648975816,406.0,374,198.0,233.0
jak3 inhibitor vi,4,0,4,302.75,159.295911749172,313.0,559,159.0,180.0
ei-328,1,0,4,303.0,0.0,,303,,
ncgc00188773-01,1,0,4,304.0,0.0,,304,,
OSI-027,4,0,4,304.5,81.81839646436491,396.0,376,221.0,225.0
sarmentogenin,3,0,4,304.6666666666667,79.69246444231028,337.0,382,,195.0
BRD-K78559095,1,0,4,305.0,0.0,,305,,
mls-0359128.0001,1,0,4,306.0,0.0,,306,,
BRD-K12184916,4,0,4,307.0,240.63769447033854,246.0,716,127.0,139.0
gw 5074,1,0,4,307.0,0.0,,307,,
BRD-K25690923,1,0,4,308.0,0.0,,308,,
olaparib,3,0,4,308.3333333333333,69.96348253831344,367.0,348,,210.0
KIN001-127,4,0,4,309.25,161.86626424304725,574.0,157,202.0,304.0
arecaidine propargyl ester tosylate,1,0,4,310.0,0.0,,310,,
bendroflumethiazide,1,0,4,311.0,0.0,,311,,
lumicolchicine gamma,1,0,4,312.0,0.0,,312,,
progesterone,1,0,4,314.0,0.0,,314,,
digoxigenin,3,0,4,314.6666666666667,122.09923104680973,300.0,471,,173.0
BRD-K83194053,1,0,4,315.0,0.0,,315,,
s1085,3,0,4,315.0,258.4995164405535,171.0,678,,96.0
gemcitabine,3,0,4,315.3333333333333,344.55220536548916,93.0,802,,51.0
t542500,3,0,4,316.0,135.66380013351633,289.0,494,,165.0
periplocymarin,3,0,4,316.3333333333333,86.05941100322626,347.0,403,,199.0
BRD-K20168484,1,0,4,318.0,0.0,,318,,
BRD-K62818989,1,0,4,319.0,0.0,,319,,
trichostatin a,4,0,4,319.0,269.1551597127575,292.0,762,55.0,167.0
hts 10859,2,0,4,319.5,70.5,249.0,390,,
ei-231,1,0,4,321.0,0.0,,321,,
ncgc00166395-02,1,0,4,322.0,0.0,,322,,
BRD-K77547920,3,0,4,322.6666666666667,258.98305392867354,181.0,686,,101.0
lawsone,2,0,4,323.0,87.0,410.0,236,,
ncgc00184834-01,2,0,4,323.0,73.0,250.0,396,,
BRD-K53780220,2,0,4,325.0,152.0,173.0,477,,
hinokitiol,2,0,4,325.0,16.0,341.0,309,,
dacomitinib,4,0,4,325.5,124.29501196749611,469.0,415,154.0,264.0
Y-39983,4,0,4,326.0,182.7334123798929,399.0,582,96.0,227.0
zoxazolamine,1,0,4,327.0,0.0,,327,,
BRD-K50140147,4,0,4,327.75,295.3399524277066,221.0,835,129.0,126.0
fenofibrate,2,0,4,328.0,134.0,194.0,462,,
necrostatin-1,1,0,4,328.0,0.0,,328,,
BRD-A11087911,2,0,4,329.0,243.0,86.0,572,,
BRD-K10649245,1,0,4,329.0,0.0,,329,,
cefixime,1,0,4,330.0,0.0,,330,,
calyculin a,3,0,4,331.6666666666667,246.81617090908412,203.0,677,,115.0
flutamide,1,0,4,334.0,0.0,,334,,
hdac6 inhibitor isox,4,0,4,335.25,321.138891291603,239.0,883,84.0,135.0
SB-239063,1,0,4,336.0,0.0,,336,,
talniflumate,1,0,4,338.0,0.0,,338,,
daminozide,1,0,4,339.0,0.0,,339,,
SB-203580,2,0,4,339.5,294.5,45.0,634,,
BRD-U68942961,1,0,4,340.0,0.0,,340,,
BRD-A60245366,1,0,4,341.0,0.0,,341,,
BRD-K04156788,1,0,4,342.0,0.0,,342,,
ncgc00167107-01,1,0,4,343.0,0.0,,343,,
BRD-K53903639,3,0,4,343.6666666666667,303.0141177495787,168.0,770,,93.0
BRD-K15885023,1,0,4,344.0,0.0,,344,,
gsk-3b inhibitor viii,3,0,4,344.6666666666667,155.14795805581488,317.0,547,170.0,
gtp 14564,1,0,4,345.0,0.0,,345,,
BRD-K65366129,1,0,4,346.0,0.0,,346,,
ncgc00238536-01,2,0,4,346.0,238.0,108.0,584,,
y27632,3,0,4,346.6666666666667,138.2807128834515,327.0,525,,188.0
dexamethasone,2,0,4,347.5,151.5,196.0,499,,
albendazole,1,0,4,349.0,0.0,,349,,
imatinib,2,0,4,349.5,16.5,333.0,366,,
s1040,2,0,4,349.5,280.5,69.0,630,,
brl 54443,1,0,4,350.0,0.0,,350,,
BRD-K97936712,1,0,4,351.0,0.0,,351,,
OTSSP167,3,0,4,351.0,84.73881440441957,465.0,326,,262.0
hy-13001,2,0,4,351.5,242.5,109.0,594,,
metaxalone,1,0,4,352.0,0.0,,352,,
hypericin,1,0,4,354.0,0.0,,354,,
arg-csc-91,1,0,4,356.0,0.0,,356,,
ncgc00165208-01,3,0,4,357.0,248.80648437423545,234.0,704,,133.0
ribavirin,1,0,4,357.0,0.0,,357,,
BRD-K03736784,1,0,4,360.0,0.0,,360,,
NVP-BGT226,4,0,4,360.75,179.62513048011962,506.0,551,105.0,281.0
BRD-A82238138 (budesonide),1,0,4,361.0,0.0,,361,,
BRD-K82837433,3,0,4,361.0,284.4655808119265,206.0,760,,117.0
JWE-035,4,0,4,361.25,249.82731536003024,426.0,728,51.0,240.0
hy-50878,2,0,4,362.0,321.0,41.0,683,,
ncgc00241357-01,2,0,4,363.0,208.0,155.0,571,,
BRD-U86922168,3,0,4,363.6666666666667,134.86124556578721,355.0,533,,203.0
bosutinib,3,0,4,363.6666666666667,263.44428042546093,228.0,732,,131.0
ncgc00180994-01,1,0,4,364.0,0.0,,364,,
aminopurvalanol a,3,0,4,364.6666666666667,398.09239575198563,107.0,927,,60.0
ncgc00188714-01,1,0,4,365.0,0.0,,365,,
torin-1,4,0,4,365.25,191.72555254842794,470.0,614,112.0,265.0
BRD-K79554012,1,0,4,367.0,0.0,,367,,
YM-201636,4,0,4,367.5,140.56048520121152,533.0,468,179.0,290.0
praziquantel,1,0,4,368.0,0.0,,368,,
BRD-K56653679,4,0,4,368.75,442.8624927672245,174.0,1133,71.0,97.0
sericetin dimethyl ether,1,0,4,369.0,0.0,,369,,
BRD-U44618005,1,0,4,370.0,0.0,,370,,
BRD-K74711637,1,0,4,371.0,0.0,,371,,
s1367,2,0,4,372.0,92.0,464.0,280,,
norgestimate,2,0,4,373.5,68.5,305.0,442,,
BRD-A94377914,3,0,4,374.6666666666667,266.74623812821716,241.0,747,,136.0
resveratrol,1,0,4,375.0,0.0,,375,,
BRD-K09854848,3,0,4,377.0,361.6913970039468,156.0,887,,88.0
syrosingopine,1,0,4,377.0,0.0,,377,,
vinpocetine,2,0,4,377.5,5.5,383.0,372,,
BRD-K17086338,1,0,4,378.0,0.0,,378,,
digitoxin,3,0,4,378.3333333333333,167.78226631229202,338.0,601,,196.0
mevastatin,4,0,4,378.75,345.0517171381705,274.0,968,118.0,155.0
daunorubicin hydrochloride,3,0,4,380.0,410.67099564817903,116.0,960,,64.0
pravastatin sodium salt,1,0,4,381.0,0.0,,381,,
C646,2,0,4,383.0,67.0,450.0,316,,
buparlisib,4,0,4,383.5,235.25783727646566,400.0,759,147.0,228.0
y-26763,1,0,4,384.0,0.0,,384,,
importazole,3,0,4,384.3333333333333,255.3720597263704,266.0,739,,148.0
prostaglandin a1,3,0,4,384.3333333333333,249.6735646577124,737.0,193,223.0,
sch 442416,1,0,4,385.0,0.0,,385,,
BRD-K41931739,1,0,4,386.0,0.0,,386,,
bi 2536,3,0,4,386.0,203.25517623585054,314.0,663,,181.0
SU-11274,4,0,4,386.75,203.24784746707653,730.0,237,234.0,346.0
sew 05685,1,0,4,387.0,0.0,,387,,
akti-1/2,3,0,4,389.0,264.48944528405417,263.0,757,,147.0
practolol,1,0,4,389.0,0.0,,389,,
cgs 21680 hydrochloride,2,0,4,390.5,193.5,584.0,197,,
s1480,1,0,4,391.0,0.0,,391,,
mirtazapine,1,0,4,392.0,0.0,,392,,
quinacrine dihydrochloride dihydrate,3,0,4,392.3333333333333,375.71472629583684,164.0,922,,91.0
BRD-K30849099,1,0,4,393.0,0.0,,393,,
BRD-K64606589,3,0,4,393.0,167.28618193582716,361.0,612,,206.0
ncgc00182833-01,1,0,4,394.0,0.0,,394,,
methoxsalen,2,0,4,394.5,50.5,344.0,445,,
kuc103428n,1,0,4,395.0,0.0,,395,,
ponatinib,3,0,4,395.0,112.09817126073021,432.0,510,,243.0
BRD-K86086851,1,0,4,398.0,0.0,,398,,
BRD-K77877933,3,0,4,399.3333333333333,238.80582535236073,298.0,729,,171.0
BRD-K39687892,1,0,4,400.0,0.0,,400,,
roscovitine,3,0,4,400.0,251.22632558445514,288.0,748,,164.0
BRD-A12409803,1,0,4,401.0,0.0,,401,,
np-010914,1,0,4,402.0,0.0,,402,,
BRD-K56196992,2,0,4,402.5,83.5,319.0,486,,
mycophenolic acid,1,0,4,404.0,0.0,,404,,
oxymetazoline hydrochloride,2,0,4,404.0,153.0,251.0,557,,
chaetocin,3,0,4,404.3333333333333,464.6499279624991,97.0,1061,,55.0
BRD-K07877311,2,0,4,404.5,291.5,113.0,696,,
daunorubicin,2,0,4,405.5,103.5,302.0,509,,
cuneatin methyl ether,1,0,4,407.0,0.0,,407,,
cc-100,1,0,4,408.0,0.0,,408,,
e3380,3,0,4,409.0,318.21481214215447,238.0,855,,134.0
pd 160170,1,0,4,410.0,0.0,,410,,
moclobemide,2,0,4,411.0,129.0,540.0,282,,
sb 206553 hydrochloride,1,0,4,411.0,0.0,,411,,
BRD-K41859756,4,0,4,411.5,362.8425967275617,377.0,1007,49.0,213.0
bis-tyrphostin,1,0,4,412.0,0.0,,412,,
s1064,1,0,4,413.0,0.0,,413,,
BI-2536,4,0,4,413.25,205.0797101129217,507.0,698,166.0,282.0
BRD-K79619196,1,0,4,414.0,0.0,,414,,
obaa,2,0,4,414.0,61.0,353.0,475,,
emetine hydrochloride,3,0,4,415.0,385.3803316205953,184.0,958,,103.0
g5797,2,0,4,415.0,120.0,295.0,535,,
ncgc00238537-02,1,0,4,416.0,0.0,,416,,
ncgc00188740-01,4,0,4,417.5,310.79776382721934,387.0,932,133.0,218.0
BRD-K74133369,3,0,4,417.6666666666667,307.2559555520807,261.0,847,,145.0
ncgc00242337-01,1,0,4,418.0,0.0,,418,,
BRD-K51998148,1,0,4,419.0,0.0,,419,,
hydrastinine hydrochloride,1,0,4,421.0,0.0,,421,,
pi 828,2,0,4,421.0,66.0,487.0,355,,
BRD-K81538844,1,0,4,423.0,0.0,,423,,
paclitaxel,1,0,4,424.0,0.0,,424,,
BRD-K71726959,3,0,4,424.3333333333333,241.2914328266869,328.0,756,,189.0
BRD-A24054354,2,0,4,424.5,71.5,496.0,353,,
ncgc00188536-01,4,0,4,425.5,414.4589847017434,262.0,1139,155.0,146.0
finasteride,1,0,4,426.0,0.0,,426,,
amlodipine besylate,1,0,4,427.0,0.0,,427,,
entinostat,3,0,4,427.0,108.92505068471011,488.0,519,,274.0
ncgc00241077-01,2,0,4,427.0,77.0,350.0,504,,
ku-0063794,3,0,4,427.6666666666667,127.15432443382421,458.0,566,,259.0
BRD-K01614657,3,0,4,428.0,298.97268548592643,280.0,845,,159.0
BRD-K17023947,1,0,4,428.0,0.0,,428,,
BRD-K00313977,1,0,4,430.0,0.0,,430,,
BRD-K23282736,1,0,4,431.0,0.0,,431,,
BRD-K96433222,1,0,4,432.0,0.0,,432,,
BRD-K24051260,1,0,4,433.0,0.0,,433,,
s1053,3,0,4,433.0,304.5532246860418,281.0,858,,160.0
BRD-K80348542,3,0,4,434.0,401.62005262021796,192.0,1000,,110.0
ag14361,4,0,4,434.75,250.55575726771875,537.0,786,123.0,293.0
sibutramine hcl,1,0,4,435.0,0.0,,435,,
BRD-K78373679,1,0,4,436.0,0.0,,436,,
bx-795,3,0,4,436.0,251.84254340096444,332.0,783,,193.0
narciclasine,4,0,4,436.0,367.7302000108231,411.0,1036,62.0,235.0
BRD-K66555411,2,0,4,436.5,146.5,290.0,583,,
BRD-A68739437,2,0,4,437.5,90.5,528.0,347,,
src kinase inhibitor ii,2,0,4,439.0,160.0,279.0,599,,
fluocinolone acetonide,1,0,4,440.0,0.0,,440,,
km 00927,3,0,4,440.0,529.143332818875,85.0,1188,,47.0
bucladesine,2,0,4,441.0,20.0,421.0,461,,
s1249,2,0,4,441.0,182.0,623.0,259,,
todralazine hydrochloride,1,0,4,443.0,0.0,,443,,
c3393m50,1,0,4,444.0,0.0,,444,,
strophantine octahydrate,3,0,4,444.0,210.33465398423215,388.0,725,,219.0
emetine,3,0,4,447.0,136.77962811276637,473.0,600,,268.0
ncgc00242279-01,1,0,4,447.0,0.0,,447,,
celastrol,4,0,4,447.5,223.74148028472504,649.0,674,142.0,325.0
(+)-3-hydroxy-n-methylmorphinan d-tartrate,1,0,4,448.0,0.0,,448,,
thiophene-2-carboxylic acid benzothiazol-2-ylamide mls-0446110.0001,1,0,4,449.0,0.0,,449,,
hy-10459,4,0,4,449.5,413.2895474119809,407.0,1127,30.0,234.0
pemoline,1,0,4,450.0,0.0,,450,,
baccatin iii,1,0,4,451.0,0.0,,451,,
BRD-U31801276,1,0,4,452.0,0.0,,452,,
hy-11009,2,0,4,452.0,47.0,499.0,405,,
azathioprine,1,0,4,453.0,0.0,,453,,
fananserin,2,0,4,453.5,52.5,401.0,506,,
homoharringtonine,4,0,4,453.75,318.60271106818914,541.0,920,59.0,295.0
BRD-K14704318,2,0,4,455.0,26.0,481.0,429,,
alprostadil,1,0,4,455.0,0.0,,455,,
ly 303511,1,0,4,456.0,0.0,,456,,
HG-6-64-01,3,0,4,456.6666666666667,230.0294667114532,386.0,767,,217.0
BRD-K69501658,1,0,4,458.0,0.0,,458,,
cinobufagin,3,0,4,459.0,175.01047587692193,445.0,680,,252.0
BX-912,2,0,4,459.5,294.5,165.0,754,,
BRD-K92158425,2,0,4,461.0,78.0,539.0,383,,
NU-7441,4,0,4,461.75,247.41905241917001,538.0,829,186.0,294.0
ag 592,3,0,4,462.0,232.0732642938432,391.0,775,,220.0
vincristine sulfate,2,0,4,462.0,217.0,245.0,679,,
penfluridol,3,0,4,462.6666666666667,227.5819754628111,395.0,769,,224.0
balsalazide,1,0,4,463.0,0.0,,463,,
metergoline,2,0,4,463.0,123.0,340.0,586,,
PF-477736,4,0,4,463.75,389.3901481804592,443.0,1097,64.0,251.0
BRD-K65050353,1,0,4,464.0,0.0,,464,,
methotrexate,2,0,4,465.5,277.5,743.0,188,,
p8624,2,0,4,466.0,131.0,335.0,597,,
pregnenolone succinate,1,0,4,466.0,0.0,,466,,
(+)-JQ1,4,0,4,466.75,252.02318841725656,626.0,782,138.0,321.0
fluticasone propionate,1,0,4,467.0,0.0,,467,,
SAR-245408,4,0,4,468.0,424.7487492624316,330.0,1195,156.0,191.0
gr-231,1,0,4,469.0,0.0,,469,,
molsidomine,1,0,4,470.0,0.0,,470,,
ncgc00167398-02,2,0,4,470.0,448.0,22.0,918,,
NVP-AEW541,3,0,4,471.0,122.75449754150219,545.0,570,,298.0
z-leu3-vs,3,0,4,471.3333333333333,297.5021942029261,336.0,884,,194.0
BRD-K10906552,3,0,4,472.0,447.595799801562,200.0,1103,,113.0
BRD-K92107474,1,0,4,472.0,0.0,,472,,
pyrrolidinedithiocarbamate ammonium,2,0,4,472.0,216.0,256.0,688,,
BRD-A50388635,2,0,4,472.5,154.5,318.0,627,,
BS-181,2,0,4,472.5,343.5,129.0,816,,
BRD-U74615290,1,0,4,473.0,0.0,,473,,
gr-239,2,0,4,473.0,134.0,339.0,607,,
BRD-K83670234,2,0,4,474.0,20.0,494.0,454,,
naloxone benzoylhydrazone,1,0,4,474.0,0.0,,474,,
BRD-A62809825,4,0,4,474.25,261.8648267713707,524.0,880,205.0,288.0
BRD-A47832959,1,0,4,476.0,0.0,,476,,
BRD-K00317371,3,0,4,476.0,258.1782330096788,384.0,828,,216.0
BRD-K81814927,3,0,4,476.3333333333333,169.42320449756053,476.0,684,,269.0
BRD-A43640821,1,0,4,478.0,0.0,,478,,
mefenamic acid,1,0,4,479.0,0.0,,479,,
ncgc00183247-01,1,0,4,480.0,0.0,,480,,
BRD-K49371609,3,0,4,480.6666666666667,179.35130021521698,471.0,705,,266.0
"stat3 inhibitor vi, s31-201",1,0,4,481.0,0.0,,481,,
BRD-K88832793,1,0,4,482.0,0.0,,482,,
doxepin hydrochloride,2,0,4,482.0,205.0,277.0,687,,
BRD-K13810148,3,0,4,483.0,368.36214065327977,287.0,999,,163.0
BRD-K72817452,1,0,4,483.0,0.0,,483,,
bapta-am,1,0,4,485.0,0.0,,485,,
BRD-K68202742 (trichostatin a),3,0,4,487.0,296.0484194632133,360.0,896,,205.0
rev-5901,1,0,4,487.0,0.0,,487,,
d-64131,2,0,4,487.5,391.5,879.0,96,,
mbcq,1,0,4,488.0,0.0,,488,,
BRD-K33720394,1,0,4,489.0,0.0,,489,,
BRD-A36630025,4,0,4,489.5,397.1079827956119,452.0,1144,108.0,254.0
gavestinel,1,0,4,490.0,0.0,,490,,
7b-cis,4,0,4,490.25,569.8663768814581,160.0,1473,239.0,89.0
BRD-K53592093,2,0,4,490.5,174.5,316.0,665,,
su 5416,1,0,4,491.0,0.0,,491,,
MLN-8054,4,0,4,491.5,299.24947786086443,522.0,966,191.0,287.0
ei-148,1,0,4,492.0,0.0,,492,,
k784-3187,4,0,4,492.25,373.7147140533806,437.0,1117,168.0,247.0
t0516-4420,1,0,4,493.0,0.0,,493,,
BRD-K68191783,1,0,4,495.0,0.0,,495,,
jak3 inhibitor i,1,0,4,497.0,0.0,,497,,
s1057,3,0,4,497.3333333333333,182.51270884212116,493.0,723,,276.0
(-)-cotinine,1,0,4,498.0,0.0,,498,,
BRD-A15010982,2,0,4,498.5,153.5,345.0,652,,
5-nonyloxytryptamine,2,0,4,500.5,356.5,144.0,857,,
d 4476,1,0,4,501.0,0.0,,501,,
BRD-K55116708,2,0,4,502.0,45.0,547.0,457,,
felamidin,1,0,4,502.0,0.0,,502,,
BRD-K37340241,2,0,4,502.5,140.5,362.0,643,,
piretanide,2,0,4,502.5,18.5,521.0,484,,
TPCA-1,4,0,4,503.0,767.1600224203553,99.0,1831,26.0,56.0
podophyllotoxin,1,0,4,503.0,0.0,,503,,
methylene blue,4,0,4,504.0,320.10545137501174,583.0,986,140.0,307.0
amcinonide,1,0,4,505.0,0.0,,505,,
dc-45-a2,2,0,4,506.0,72.0,578.0,434,,
bl-010,1,0,4,507.0,0.0,,507,,
isoflupredone acetate,2,0,4,507.0,33.0,474.0,540,,
cilostamide,1,0,4,508.0,0.0,,508,,
BRD-K75081836,2,0,4,508.5,6.5,502.0,515,,
stock1s-53863,3,0,4,510.0,317.74308279908576,369.0,950,,211.0
hy-50877,1,0,4,511.0,0.0,,511,,
px12,4,0,4,511.5,407.31590933819416,431.0,1198,175.0,242.0
fccp,4,0,4,512.5,316.80396146513067,652.0,952,120.0,326.0
BRD-A61825514,1,0,4,513.0,0.0,,513,,
rhizocarpic acid,2,0,4,514.0,443.0,71.0,957,,
s1003,2,0,4,515.0,354.0,161.0,869,,
estradiol,1,0,4,516.0,0.0,,516,,
BRD-A47816767,3,0,4,516.6666666666666,333.7587285583538,363.0,980,,207.0
mst- 312,3,0,4,516.6666666666666,254.30995960747498,673.0,719,158.0,
fpl 55712,1,0,4,517.0,0.0,,517,,
hts 13363,1,0,4,518.0,0.0,,518,,
np-002491,1,0,4,520.0,0.0,,520,,
BRD-K04853698,4,0,4,521.0,377.54602368453044,616.0,1082,68.0,318.0
bifemelane hydrochloride,1,0,4,521.0,0.0,,521,,
ei-195,1,0,4,522.0,0.0,,522,,
BRD-U64289953,1,0,4,524.0,0.0,,524,,
pp-110,4,0,4,526.0,431.74124194938804,462.0,1246,135.0,261.0
s1172,1,0,4,526.0,0.0,,526,,
BRD-K03829970,2,0,4,526.5,407.5,119.0,934,,
BRD-K43226598,1,0,4,527.0,0.0,,527,,
BRD-K87343924 (wortmannin),1,0,4,529.0,0.0,,529,,
sb 216641 hydrochloride,1,0,4,531.0,0.0,,531,,
cladribine,2,0,4,531.5,56.5,475.0,588,,
BRD-K88551539,1,0,4,532.0,0.0,,532,,
mitoxantrone dihydrochloride,2,0,4,534.0,88.0,622.0,446,,
mw-a1-12,3,0,4,534.0,688.8037940274913,60.0,1508,,34.0
GSK-2334470,2,0,4,536.5,190.5,346.0,727,,
tretinoin,1,0,4,537.0,0.0,,537,,
BRD-A11702965,3,0,4,537.3333333333334,517.4078554572678,220.0,1267,,125.0
CC-401,2,0,4,537.5,220.5,758.0,317,,
c1386,1,0,4,538.0,0.0,,538,,
ursolic acid,4,0,4,538.5,459.11354804666786,404.0,1322,197.0,231.0
mls-0146291.0001,1,0,4,539.0,0.0,,539,,
sdm25n hydrochloride,2,0,4,540.0,323.0,217.0,863,,
s1176,1,0,4,541.0,0.0,,541,,
BRD-K69852452,4,0,4,541.25,552.9020595910274,348.0,1489,128.0,200.0
terbutaline hemisulfate,1,0,4,542.0,0.0,,542,,
piplartine,3,0,4,542.3333333333334,536.9818949979185,208.0,1300,,119.0
diclofenac sodium,2,0,4,542.5,103.5,439.0,646,,
BRD-K26304855,3,0,4,542.6666666666666,380.66725043738074,352.0,1074,,202.0
BRD-K00028814,1,0,4,543.0,0.0,,543,,
BRD-K27630941,1,0,4,545.0,0.0,,545,,
erythromycin,1,0,4,546.0,0.0,,546,,
jnj 16259685,2,0,4,547.5,106.5,654.0,441,,
nadolol,2,0,4,547.5,413.5,134.0,961,,
BRD-K23478508 (digoxin),3,0,4,547.6666666666666,422.5607122716871,320.0,1140,,183.0
BRD-A41250203,3,0,4,548.0,483.23976105724853,267.0,1228,,149.0
nrb 03823,1,0,4,548.0,0.0,,548,,
pd 166793,1,0,4,549.0,0.0,,549,,
BRD-K72238567,2,0,4,550.0,452.0,98.0,1002,,
aloisine,1,0,4,550.0,0.0,,550,,
azd8055,3,0,4,551.0,378.1172657611216,366.0,1078,,209.0
GSK-3-inhibitor-II,1,0,4,552.0,0.0,,552,,
calpeptin,2,0,4,554.5,18.5,573.0,536,,
BRD-K61776140,1,0,4,555.0,0.0,,555,,
I-BET151,4,0,4,556.0,493.9357245634294,478.0,1379,97.0,270.0
sb 216763,1,0,4,558.0,0.0,,558,,
BRD-K86899078,2,0,4,558.5,488.5,70.0,1047,,
proscillaridin a,4,0,4,558.75,449.1015336201826,457.0,1319,201.0,258.0
cam-9-026 brd-k91442916,1,0,4,560.0,0.0,,560,,
BRD-K98173387,1,0,4,561.0,0.0,,561,,
stk397047,3,0,4,561.3333333333334,335.07047351597873,423.0,1023,,238.0
BRD-K05520923,1,0,4,562.0,0.0,,562,,
promazine hydrochloride,3,0,4,562.0,474.3929454225333,291.0,1229,,166.0
phenolphthalein,2,0,4,562.5,153.5,716.0,409,,
compound 58,1,0,4,563.0,0.0,,563,,
BRD-A27640568,3,0,4,563.3333333333334,282.9114506146559,795.0,730,165.0,
BRD-K95196255,3,0,4,564.0,665.0734295299029,122.0,1504,,66.0
glipizide,1,0,4,564.0,0.0,,564,,
siguazodan,1,0,4,565.0,0.0,,565,,
BRD-K64517075,4,0,4,565.5,591.1304847493487,351.0,1580,130.0,201.0
KIN001-242,1,0,4,567.0,0.0,,567,,
s1352,1,0,4,568.0,0.0,,568,,
h-9 dihydrochloride,1,0,4,569.0,0.0,,569,,
cymarin,3,0,4,569.6666666666666,219.64567426248627,567.0,840,,302.0
cycloheximide,3,0,4,570.6666666666666,336.6603959812057,660.0,931,121.0,
BRD-K89059493,2,0,4,572.5,441.5,131.0,1014,,
arachidonyl trifluoro-methyl ketone,4,0,4,573.0,555.480422697326,434.0,1513,100.0,245.0
BRD-K63068307,3,0,4,573.6666666666666,656.244026427839,142.0,1501,,78.0
BRD-K00954209,1,0,4,574.0,0.0,,574,,
BRD-K00366212,1,0,4,575.0,0.0,,575,,
alclometazone dipropionate,1,0,4,576.0,0.0,,576,,
fluocinonide,1,0,4,577.0,0.0,,577,,
BRD-K89451433,1,0,4,578.0,0.0,,578,,
etodolac,1,0,4,579.0,0.0,,579,,
ncgc00188535-01,2,0,4,579.0,200.0,379.0,779,,
pyrvinium pamoate,1,0,4,580.0,0.0,,580,,
wortmannin,4,0,4,581.5,406.4741689209783,558.0,1251,217.0,300.0
strophanthidin,3,0,4,582.0,366.8142127380926,419.0,1090,,237.0
ski ii,3,0,4,582.3333333333334,222.91154199716883,585.0,854,,308.0
nicardipine hydrochloride,2,0,4,582.5,160.5,422.0,743,,
pi 103 hydrochloride,3,0,4,583.6666666666666,218.1044601917979,593.0,846,,312.0
phenformin hydrochloride,1,0,4,585.0,0.0,,585,,
st056792,3,0,4,585.0,549.8781683245844,253.0,1360,,142.0
peitc,2,0,4,585.5,355.5,230.0,941,,
ouabain,3,0,4,586.3333333333334,268.7382038754859,530.0,940,,289.0
s1364,1,0,4,587.0,0.0,,587,,
kuc104495 kuc104495n,2,0,4,589.5,304.5,285.0,894,,
nylidrin hydrochloride,1,0,4,590.0,0.0,,590,,
BRD-K37043259,1,0,4,591.0,0.0,,591,,
ei-215,3,0,4,591.6666666666666,436.9441866213833,364.0,1203,,208.0
hydrocortisone phosphate triethylamine,1,0,4,592.0,0.0,,592,,
BRD-K74761218,2,0,4,593.0,384.0,209.0,977,,
bcl-2 inhibitor,2,0,4,593.0,114.0,479.0,707,,
fluorometholone,1,0,4,593.0,0.0,,593,,
"r(-)-2,10,11-trihydroxy-n-propyl-noraporphine",2,0,4,595.0,206.0,389.0,801,,
tianeptine,1,0,4,595.0,0.0,,595,,
LY2603618,3,0,4,596.0,349.68652628699704,455.0,1077,,256.0
parthenolide,4,0,4,596.5,670.5305735013133,331.0,1750,113.0,192.0
CX-5461,2,0,4,597.0,177.0,420.0,774,,
rs 17053 hydrochloride,3,0,4,597.3333333333334,616.0196605809122,207.0,1467,,118.0
BRD-K33164466,1,0,4,598.0,0.0,,598,,
BRD-K11663430,2,0,4,599.0,36.0,563.0,635,,
XMD11-85H,3,0,4,600.0,490.4902309594623,325.0,1289,,186.0
sirolimus,4,0,4,600.5,413.846287889598,603.0,1273,213.0,313.0
BRD-K91145395,4,0,4,601.0,562.7597178192483,454.0,1556,139.0,255.0
BRD-U32049204,2,0,4,601.0,292.0,309.0,893,,
inhibitor bec hydrochloride,1,0,4,604.0,0.0,,604,,
bufalin,4,0,4,604.25,607.6435529979726,451.0,1632,81.0,253.0
BRD-K37150847,1,0,4,605.0,0.0,,605,,
ncgc00182382-01,2,0,4,606.0,570.0,36.0,1176,,
toltrazuril,1,0,4,606.0,0.0,,606,,
BRD-K55722623,1,0,4,608.0,0.0,,608,,
a-275,2,0,4,608.5,183.5,425.0,792,,
BRD-K45435259,1,0,4,609.0,0.0,,609,,
BRD-K72615639,1,0,4,610.0,0.0,,610,,
acetylcysteine,1,0,4,613.0,0.0,,613,,
pik-90,2,0,4,613.5,331.5,282.0,945,,
CYT387,2,0,4,615.0,5.0,610.0,620,,
cinnarizine,1,0,4,615.0,0.0,,615,,
gr 32191 hydrochloride,2,0,4,615.0,309.0,306.0,924,,
BRD-K58547240,1,0,4,616.0,0.0,,616,,
BRD-K25737009,4,0,4,617.25,451.9780829863324,589.0,1362,209.0,309.0
4-aminosalicylic acid,1,0,4,618.0,0.0,,618,,
GW-843682X,4,0,4,618.5,623.5882054689617,468.0,1671,72.0,263.0
ro 08-2750,2,0,4,618.5,430.5,188.0,1049,,
triflupromazine hydrochloride,1,0,4,619.0,0.0,,619,,
SGI-1776,2,0,4,619.5,204.5,415.0,824,,
s1130,3,0,4,620.3333333333334,422.06187013543666,417.0,1208,,236.0
oxymetholone,2,0,4,621.0,243.0,378.0,864,,
phenothiazine,1,0,4,621.0,0.0,,621,,
nisoldipine,1,0,4,622.0,0.0,,622,,
curcumin,3,0,4,622.6666666666666,333.00283615742507,510.0,1075,,283.0
norethindrone acetate,1,0,4,623.0,0.0,,623,,
zk 756326,1,0,4,625.0,0.0,,625,,
ns-1619,1,0,4,626.0,0.0,,626,,
cyt997,3,0,4,626.3333333333334,590.751686883377,269.0,1459,,151.0
BRD-K46171503,1,0,4,628.0,0.0,,628,,
ncgc00182393-01,3,0,4,628.0,531.248215683278,324.0,1375,,185.0
BRD-K28907958,4,0,4,628.75,456.10107158391986,655.0,1359,173.0,328.0
hy-70044,1,0,4,629.0,0.0,,629,,
pf3845,2,0,4,629.0,563.0,66.0,1192,,
stock1n-27488,3,0,4,630.6666666666666,589.1408056559051,275.0,1461,,156.0
cyclopiazonic acid,2,0,4,631.0,455.0,176.0,1086,,
BRD-K76236182,1,0,4,632.0,0.0,,632,,
BRD-K16472144,1,0,4,633.0,0.0,,633,,
valdecoxib,3,0,4,635.0,676.2203782791524,201.0,1590,,114.0
idarubicin hcl,2,0,4,635.5,81.5,717.0,554,,
way 213613,2,0,4,635.5,169.5,466.0,805,,
BRD-K07403598,1,0,4,636.0,0.0,,636,,
BRD-K22215695,1,0,4,637.0,0.0,,637,,
BIX-01294,2,0,4,638.0,466.0,172.0,1104,,
naltrexone hydrochloride dihydrate,1,0,4,638.0,0.0,,638,,
amyleine hydrochloride,1,0,4,639.0,0.0,,639,,
carmofur,1,0,4,640.0,0.0,,640,,
BRD-K00627859,1,0,4,641.0,0.0,,641,,
carbacyclin,1,0,4,642.0,0.0,,642,,
brivanib,2,0,4,643.0,18.0,625.0,661,,
tyrphostin ag 1478,4,0,4,643.5,562.0082294771137,519.0,1593,176.0,286.0
np-002383,1,0,4,644.0,0.0,,644,,
tg101348,3,0,4,644.0,373.01295777314044,498.0,1156,,278.0
BRD-K67090983,1,0,4,645.0,0.0,,645,,
chelidonine (+),2,0,4,645.5,16.5,629.0,662,,
mk-2206,3,0,4,645.6666666666666,403.41982543692063,635.0,1145,157.0,
selamectin,3,0,4,646.6666666666666,630.6342486382702,260.0,1536,,144.0
bms-754807,3,0,4,647.0,559.3788221470909,323.0,1434,,184.0
gw 843682x,1,0,4,647.0,0.0,,647,,
ssr 69071,2,0,4,647.0,50.0,597.0,697,,
chlormezanone,1,0,4,648.0,0.0,,648,,
BMS-777607,1,0,4,649.0,0.0,,649,,
cucurbitacin i,4,0,4,649.25,560.1438989224108,505.0,1601,211.0,280.0
BRD-K81365078,1,0,4,650.0,0.0,,650,,
ei-293,2,0,4,651.0,59.0,592.0,710,,
BRD-A68930007 (ouabain),3,0,4,651.3333333333334,385.64779556250835,495.0,1182,,277.0
akt inhibitor iv,3,0,4,652.0,284.57805021938475,621.0,1015,,320.0
pd 123319 ditrifluoroacetate,1,0,4,653.0,0.0,,653,,
taxol,1,0,4,654.0,0.0,,654,,
BRD-K11540476,1,0,4,655.0,0.0,,655,,
BRD-K43620258,4,0,4,656.0,474.1534561721553,647.0,1431,222.0,324.0
bml-257,1,0,4,656.0,0.0,,656,,
cosmosiin,3,0,4,656.3333333333334,293.60442019076544,937.0,781,251.0,
mls-0435437.0002,1,0,4,657.0,0.0,,657,,
bithionate sodium,2,0,4,657.5,68.5,726.0,589,,
BRD-K79404599,1,0,4,658.0,0.0,,658,,
BRD-A76019558,1,0,4,659.0,0.0,,659,,
fenbendazole,2,0,4,659.0,557.0,102.0,1216,,
levonorgestrel,2,0,4,659.0,145.0,514.0,804,,
ncgc00183401-01,1,0,4,660.0,0.0,,660,,
elesclomol,3,0,4,660.3333333333334,621.8945962853263,283.0,1537,,161.0
m-3m3fbs,3,0,4,661.0,354.75155625686364,544.0,1142,,297.0
BRD-K80334323 (norethynodrel),1,0,4,664.0,0.0,,664,,
XMD-885,4,0,4,664.25,646.9642088245686,472.0,1767,151.0,267.0
dirithromycin,1,0,4,666.0,0.0,,666,,
BRD-K42489623,1,0,4,668.0,0.0,,668,,
BRD-K14681867,1,0,4,669.0,0.0,,669,,
s1216,1,0,4,670.0,0.0,,670,,
BRD-K49010888,3,0,4,670.3333333333334,454.6546919244196,648.0,1238,125.0,
BRD-K89224880,1,0,4,671.0,0.0,,671,,
ZM-447439,2,0,4,671.0,434.0,237.0,1105,,
BRD-K99616396,1,0,4,672.0,0.0,,672,,
np-009265,2,0,4,672.5,315.5,357.0,988,,
BRD-K07005393,2,0,4,673.0,165.0,508.0,838,,
ketorolac tromethamine,1,0,4,673.0,0.0,,673,,
diperodon hydrochloride,1,0,4,675.0,0.0,,675,,
teniposide,4,0,4,675.25,534.1785165092284,719.0,1522,116.0,344.0
BRD-K92980438,1,0,4,676.0,0.0,,676,,
BRD-K68548958,4,0,4,676.5,612.0794474575993,518.0,1716,187.0,285.0
BRD-K32896438,3,0,4,677.3333333333334,541.4747352267592,381.0,1437,,214.0
"ici-162,846",2,0,4,678.5,128.5,550.0,807,,
s1266,2,0,4,678.5,406.5,272.0,1085,,
vinorelbine,2,0,4,679.5,212.5,467.0,892,,
BRD-K55502647,1,0,4,681.0,0.0,,681,,
ym-155,3,0,4,681.0,283.73344298243495,680.0,1029,,334.0
aristolochic acid,1,0,4,682.0,0.0,,682,,
BRD-K26664453,3,0,4,683.6666666666666,353.59518599035755,738.0,1087,226.0,
b4313,3,0,4,683.6666666666666,494.6731805501038,600.0,1327,124.0,
BRD-K07023879,3,0,4,684.0,451.141515122103,645.0,1255,152.0,
mesoridazine besylate,3,0,4,685.3333333333334,455.6141154773656,595.0,1283,178.0,
tropisetron hcl,1,0,4,689.0,0.0,,689,,
BRD-K71172276,1,0,4,690.0,0.0,,690,,
cvf-csc-7 brd-a32595718,3,0,4,690.6666666666666,406.2875281811584,814.0,1115,143.0,
ncgc00238548-02,1,0,4,691.0,0.0,,691,,
11k-629s,2,0,4,691.5,533.5,158.0,1225,,
cgp 37157,1,0,4,693.0,0.0,,693,,
BRD-A43155244,3,0,4,693.6666666666666,539.4517793299251,402.0,1450,,229.0
"l-733,060 hydrochloride",1,0,4,694.0,0.0,,694,,
digoxin,3,0,4,694.3333333333334,384.9756125032107,565.0,1217,,301.0
manumycin a,3,0,4,694.3333333333334,502.87860253632675,438.0,1397,,248.0
thiotepa,1,0,4,695.0,0.0,,695,,
rhodomyrtoxin b,4,0,4,695.5,634.0301648975386,500.0,1779,224.0,279.0
BRD-K52321331,3,0,4,696.3333333333334,503.6403037442055,440.0,1400,,249.0
st4029573,2,0,4,697.0,579.0,118.0,1276,,
isoeugenitol,1,0,4,699.0,0.0,,699,,
azasetron,1,0,4,700.0,0.0,,700,,
ncgc00182361-01,1,0,4,701.0,0.0,,701,,
"chrysene-1,4-quinone",2,0,4,701.5,333.5,368.0,1035,,
vu0410183-2,4,0,4,701.5,546.1366587219723,705.0,1587,174.0,340.0
gp 2a,1,0,4,702.0,0.0,,702,,
BRD-K79390395,2,0,4,705.5,245.5,460.0,951,,
AT7867,3,0,4,707.6666666666666,330.21642734559543,971.0,910,242.0,
KIN001-055,1,0,4,708.0,0.0,,708,,
purvalanol a,3,0,4,708.6666666666666,515.2509636629082,608.0,1384,134.0,
BRD-K95895342,1,0,4,709.0,0.0,,709,,
gr 127935 hydrochloride,3,0,4,709.0,505.8794322761106,698.0,1334,95.0,
spiperone,1,0,4,711.0,0.0,,711,,
CGK-733,4,0,4,711.25,684.4824230760056,515.0,1877,169.0,284.0
BRD-K93443135,1,0,4,712.0,0.0,,712,,
tamoxifen citrate,1,0,4,713.0,0.0,,713,,
vu0415108-1,1,0,4,714.0,0.0,,714,,
BRD-K48803730,1,0,4,715.0,0.0,,715,,
prima-1 met,2,0,4,715.0,34.0,681.0,749,,
bntx maleate,4,0,4,716.0,708.6032034926176,582.0,1903,73.0,306.0
paroxetine,1,0,4,717.0,0.0,,717,,
BRD-A96272097,1,0,4,718.0,0.0,,718,,
SB-525334,2,0,4,719.5,80.5,639.0,800,,
mdm2 inhibitor,1,0,4,720.0,0.0,,720,,
BRD-K05649647,3,0,4,721.0,536.7314660672193,441.0,1472,,250.0
fluspirilen,1,0,4,721.0,0.0,,721,,
hy-50940,2,0,4,721.5,256.5,978.0,465,,
loteprednol,1,0,4,722.0,0.0,,722,,
bms-536924,3,0,4,722.3333333333334,404.97270141194565,678.0,1239,250.0,
BRD-K15563106,3,0,4,722.6666666666666,440.4409406744816,543.0,1329,,296.0
BRD-K95138506,3,0,4,722.6666666666666,519.1411711235736,532.0,1432,204.0,
BRD-K88868628,1,0,4,724.0,0.0,,724,,
vu0418946-2,4,0,4,724.25,597.8203639054126,691.0,1706,164.0,336.0
BRD-K78596368,1,0,4,726.0,0.0,,726,,
betamethasone,2,0,4,726.0,486.0,240.0,1212,,
cgp 71683 hydrochloride,3,0,4,726.3333333333334,498.7700427607451,485.0,1421,,273.0
ncgc00165289-01,2,0,4,726.5,291.5,435.0,1018,,
BRD-K35716340,3,0,4,727.3333333333334,369.72181734680225,830.0,1120,232.0,
su11652,3,0,4,727.6666666666666,426.5343544845545,569.0,1311,,303.0
OSI-930,3,0,4,728.0,355.4893341109782,661.0,1193,,330.0
suloctidil,2,0,4,728.0,348.0,380.0,1076,,
mitomycin c,3,0,4,729.0,587.6228949476583,403.0,1554,,230.0
BRD-K86761848,2,0,4,730.5,466.5,264.0,1197,,
s1485,1,0,4,731.0,0.0,,731,,
BRD-K31887147,1,0,4,734.0,0.0,,734,,
BRD-K02562327,2,0,4,734.5,306.5,428.0,1041,,
BRD-K16533489,3,0,4,734.6666666666666,505.71423639135264,490.0,1439,,275.0
homatropine bromide,1,0,4,735.0,0.0,,735,,
st019365,1,0,4,736.0,0.0,,736,,
BRD-U43867373,2,0,4,736.5,678.5,58.0,1415,,
mk 212,1,0,4,737.0,0.0,,737,,
BRD-K38634661,1,0,4,738.0,0.0,,738,,
bay 11-7821,3,0,4,740.0,365.5799046264259,669.0,1219,,332.0
gant 58,1,0,4,740.0,0.0,,740,,
fludrocortisone acetate,3,0,4,740.3333333333334,377.24468923439537,928.0,1079,214.0,
s6005,1,0,4,741.0,0.0,,741,,
BRD-A75931230,1,0,4,742.0,0.0,,742,,
BRD-K94325918,4,0,4,743.75,663.4132855920207,609.0,1862,188.0,316.0
tomoxetine hydrochloride,1,0,4,744.0,0.0,,744,,
BRD-K73261812,3,0,4,744.6666666666666,634.6475837467244,382.0,1637,,215.0
BRD-K42543304,1,0,4,745.0,0.0,,745,,
BRD-U00779237,2,0,4,745.0,58.0,687.0,803,,
arp 101,4,0,4,745.5,502.5756162011842,844.0,1525,245.0,368.0
"ingenol 3, 20-dibenzoate",4,0,4,745.75,686.1145585833316,604.0,1902,163.0,314.0
ncgc00185087-01,2,0,4,746.0,626.0,120.0,1372,,
sb 202190,2,0,4,747.0,516.0,231.0,1263,,
bisacodyl,2,0,4,749.5,189.5,560.0,939,,
evista,1,0,4,751.0,0.0,,751,,
gr-237,1,0,4,752.0,0.0,,752,,
phorbol-12-myristate-13-acetate (pma),4,0,4,752.25,598.7931090952868,712.0,1740,215.0,342.0
BRD-K99475920,1,0,4,753.0,0.0,,753,,
BRD-K10705233,3,0,4,754.3333333333334,306.12234300829607,792.0,1109,,362.0
BRD-K80094086,1,0,4,755.0,0.0,,755,,
BRD-K04534322,2,0,4,756.5,179.5,577.0,936,,
BRD-K77681376,2,0,4,758.0,146.0,612.0,904,,
ncgc00184716-01,1,0,4,758.0,0.0,,758,,
BRD-K54256913,2,0,4,759.5,76.5,683.0,836,,
2-fluoropalmitic acid,1,0,4,761.0,0.0,,761,,
BRD-K55612480,2,0,4,761.5,197.5,564.0,959,,
BRD-K73125384,1,0,4,763.0,0.0,,763,,
BRD-K80786583,3,0,4,763.3333333333334,649.8206590197706,392.0,1677,,221.0
BRD-K10554164,1,0,4,764.0,0.0,,764,,
BRD-K50387473,1,0,4,765.0,0.0,,765,,
hli 373,2,0,4,765.5,15.5,781.0,750,,
BRD-K91509126 (piceatannol),1,0,4,766.0,0.0,,766,,
UNC0638,2,0,4,766.5,149.5,916.0,617,,
BRD-K60870698,3,0,4,766.6666666666666,844.6495657305987,216.0,1960,,124.0
doxorubicin hydrochloride,2,0,4,768.0,197.0,571.0,965,,
t018500,1,0,4,768.0,0.0,,768,,
puromycin hydrochloride,3,0,4,768.6666666666666,511.9845917820401,535.0,1479,,292.0
ntncb hydrochloride,3,0,4,769.0,442.87545277049014,865.0,1257,185.0,
BRD-A31107743,3,0,4,769.3333333333334,727.4724889796329,326.0,1795,,187.0
methyl benzethonium chloride,3,0,4,770.0,499.4323444338248,753.0,1390,167.0,
r2146,3,0,4,770.0,923.8744503448507,150.0,2076,,84.0
s1122,2,0,4,770.0,486.0,284.0,1256,,
penicillic acid,1,0,4,771.0,0.0,,771,,
betamethasone acetate,1,0,4,772.0,0.0,,772,,
BRD-K00007652,2,0,4,772.5,247.5,525.0,1020,,
nimodipine,1,0,4,773.0,0.0,,773,,
AST1306,3,0,4,776.0,473.62080472321594,591.0,1426,,311.0
aminolevulinic acid,1,0,4,776.0,0.0,,776,,
BRD-K75308990,1,0,4,777.0,0.0,,777,,
fipronil,1,0,4,778.0,0.0,,778,,
srt-1720,2,0,4,779.5,259.5,520.0,1039,,
"9-amino-1,2,3,4-tetrahydroacridine",1,0,4,780.0,0.0,,780,,
BRD-A52193669,3,0,4,780.6666666666666,671.3838114091092,394.0,1725,,223.0
BRD-A42737819,1,0,4,784.0,0.0,,784,,
QL-XII-47,4,0,4,784.5,616.7602856864245,779.0,1790,212.0,357.0
doxorubicin,2,0,4,784.5,99.5,884.0,685,,
bl-009,2,0,4,785.0,134.0,651.0,919,,
ro 28-1675 ?,4,0,4,785.75,642.1726306064437,759.0,1839,193.0,352.0
kn-62,1,0,4,787.0,0.0,,787,,
forskolin,2,0,4,787.5,636.5,151.0,1424,,
sunitinib,4,0,4,787.75,853.4894185049982,484.0,2251,144.0,272.0
BRD-K06476055,1,0,4,788.0,0.0,,788,,
BRD-K18163752,2,0,4,788.0,121.0,909.0,667,,
BRD-U33728988,2,0,4,789.0,312.0,477.0,1101,,
jwh 015,1,0,4,789.0,0.0,,789,,
desoximetasone,1,0,4,790.0,0.0,,790,,
flurofamide,2,0,4,790.5,301.5,489.0,1092,,
leucine enkephalin,1,0,4,791.0,0.0,,791,,
parbendazole,2,0,4,791.0,262.0,529.0,1053,,
BRD-K19295594,4,0,4,791.25,657.3657182269243,766.0,1868,177.0,354.0
CP466722,3,0,4,792.6666666666666,631.2296641388845,672.0,1619,87.0,
BRD-K78701355,1,0,4,793.0,0.0,,793,,
BRD-K61717269,2,0,4,794.0,232.0,562.0,1026,,
BRD-K89843224,1,0,4,794.0,0.0,,794,,
immethridine dihydrobromide,1,0,4,795.0,0.0,,795,,
BRD-A80960055,1,0,4,796.0,0.0,,796,,
perhexiline maleate,4,0,4,796.75,648.7327550694507,709.0,1881,256.0,341.0
ei-335,1,0,4,797.0,0.0,,797,,
odq,1,0,4,798.0,0.0,,798,,
BRD-K28115298,1,0,4,799.0,0.0,,799,,
tgx-115,3,0,4,801.0,612.590129423146,601.0,1631,171.0,
b675700.cdx,4,0,4,801.25,692.1854429992009,846.0,1904,86.0,369.0
bjm-ctd2-9,4,0,4,801.5,614.3327681314094,780.0,1810,258.0,358.0
ct-200783,3,0,4,802.0,450.4760444981139,666.0,1409,,331.0
unc0321,2,0,4,802.0,412.0,390.0,1214,,
ag 957,2,0,4,803.0,608.0,195.0,1411,,
jfd02227,2,0,4,803.0,340.0,463.0,1143,,
4-demethoxydaunorubicin hydrochloride (65),3,0,4,803.6666666666666,632.0813941961026,461.0,1690,,260.0
hy-10992,2,0,4,805.0,84.0,721.0,889,,
pac 1,3,0,4,806.0,546.081190544654,555.0,1564,,299.0
paroxetine hydrochloride,2,0,4,807.0,59.0,748.0,866,,
s1148,1,0,4,808.0,0.0,,808,,
brazilin,2,0,4,808.5,180.5,628.0,989,,
BRD-K02558072,1,0,4,809.0,0.0,,809,,
sorafenib,4,0,4,809.0,787.560473868515,744.0,2103,41.0,348.0
mls-0391011,1,0,4,810.0,0.0,,810,,
tpca-1,4,0,4,810.0,622.165974640208,809.0,1824,244.0,363.0
s1455,1,0,4,811.0,0.0,,811,,
carbidopa,1,0,4,812.0,0.0,,812,,
ru 24969,1,0,4,813.0,0.0,,813,,
BRD-K56343971,3,0,4,813.3333333333334,563.5656325772734,664.0,1566,210.0,
bromocriptine mesylate,1,0,4,814.0,0.0,,814,,
jas07 003,1,0,4,815.0,0.0,,815,,
temsirolimus [ci779],2,0,4,815.5,580.5,235.0,1396,,
scoulerine,1,0,4,817.0,0.0,,817,,
BRD-A10523515,1,0,4,818.0,0.0,,818,,
s1039,1,0,4,819.0,0.0,,819,,
c3930,3,0,4,819.3333333333334,619.7146296661248,646.0,1650,162.0,
dactinomycin,2,0,4,820.0,118.0,702.0,938,,
norketamine hydrochloride,1,0,4,820.0,0.0,,820,,
imd 0354,4,0,4,820.25,673.0213128126032,750.0,1939,243.0,349.0
vu0424182-2,1,0,4,821.0,0.0,,821,,
"l-690,488",3,0,4,821.6666666666666,587.0118302801817,671.0,1604,190.0,
BRD-K07395346,2,0,4,822.0,414.0,408.0,1236,,
gr-235,1,0,4,822.0,0.0,,822,,
coumarinic acid methyl ether,1,0,4,823.0,0.0,,823,,
BRD-U82589721,2,0,4,823.5,337.5,486.0,1161,,
rizatriptan benzoate,2,0,4,823.5,236.5,587.0,1060,,
BRD-K53932786,2,0,4,824.0,206.0,618.0,1030,,
v4877,3,0,4,824.0,527.018658746222,607.0,1550,,315.0
BRD-K64642496,3,0,4,824.6666666666666,491.58406085723414,866.0,1405,203.0,
BRD-K49094915,1,0,4,825.0,0.0,,825,,
thiazolopyrimidine,3,0,4,825.0,615.2462921464867,741.0,1617,117.0,
flucloxacillin sodium,1,0,4,826.0,0.0,,826,,
BRD-K86574132,4,0,4,826.5,739.6504241869939,784.0,2040,122.0,360.0
s(-)-timolol,2,0,4,826.5,108.5,718.0,935,,
BRD-K17025677,1,0,4,827.0,0.0,,827,,
rottlerin ncgc00025228-11,4,0,4,829.25,710.3979078657256,692.0,2027,261.0,337.0
ci 976,2,0,4,829.5,325.5,504.0,1155,,
herniarin,3,0,4,829.6666666666666,632.5911440698135,561.0,1703,225.0,
ncgc00183226-01,1,0,4,830.0,0.0,,830,,
vx-680,3,0,4,830.3333333333334,529.4130922278199,615.0,1559,,317.0
dequalinium dichloride,1,0,4,831.0,0.0,,831,,
BRD-K12002134,1,0,4,832.0,0.0,,832,,
BRD-K35424586,2,0,4,833.0,468.0,365.0,1301,,
oxfendazole,1,0,4,833.0,0.0,,833,,
dichlorobenzamil,2,0,4,833.5,336.5,497.0,1170,,
s1035,1,0,4,834.0,0.0,,834,,
sb 225002,2,0,4,835.0,753.0,82.0,1588,,
estradiol valerate,2,0,4,836.0,287.0,549.0,1123,,
vu0420363-1,1,0,4,837.0,0.0,,837,,
BRD-K66792149,4,0,4,838.5,706.0695787243634,754.0,2015,235.0,350.0
CHIR-99021,3,0,4,838.6666666666666,426.69765512466654,768.0,1393,,355.0
BRD-K31706415,2,0,4,839.0,312.0,527.0,1151,,
nrb 04155,1,0,4,839.0,0.0,,839,,
curcubitacin i,4,0,4,841.0,755.2459864176705,714.0,2108,199.0,343.0
darinaparsin,1,0,4,841.0,0.0,,841,,
quercetin,1,0,4,842.0,0.0,,842,,
niclosamide,4,0,4,842.25,761.2579638335484,725.0,2116,183.0,345.0
BRD-A26199074,2,0,4,842.5,732.5,110.0,1575,,
ha-1004,1,0,4,843.0,0.0,,843,,
rottlerin,3,0,4,843.6666666666666,448.7317931930188,976.0,1315,240.0,
BRD-K05153001,3,0,4,844.0,666.0845792139814,483.0,1778,,271.0
BRD-K77830450 (forskolin),1,0,4,844.0,0.0,,844,,
chr 2797,4,0,4,847.0,758.1203730279249,832.0,2081,109.0,366.0
BRD-K92317137,4,0,4,847.5,761.8748256767643,732.0,2122,189.0,347.0
BRD-K15716662,2,0,4,848.0,102.0,950.0,746,,
colchicine,1,0,4,848.0,0.0,,848,,
BRD-K03122949,1,0,4,849.0,0.0,,849,,
KIN001-043,4,0,4,849.25,738.4336039888759,821.0,2058,153.0,365.0
BRD-K52522949,3,0,4,850.3333333333334,526.6810124628464,653.0,1571,,327.0
miochol,1,0,4,851.0,0.0,,851,,
dl-pdmp,3,0,4,851.6666666666666,440.8479203635749,772.0,1427,,356.0
chlorprothixene hydrochloride,1,0,4,852.0,0.0,,852,,
chemistry 2804,4,0,4,852.75,804.8522768185476,765.0,2186,107.0,353.0
"betamethasone 17,21-dipropionate",1,0,4,853.0,0.0,,853,,
oxprenolol hydrochloride,2,0,4,853.0,478.0,375.0,1331,,
biperiden hydrochloride,2,0,4,855.0,116.0,739.0,971,,
BRD-K52099002,1,0,4,856.0,0.0,,856,,
toremifene,1,0,4,860.0,0.0,,860,,
BRD-A75409952 (wortmannin),2,0,4,860.5,489.5,371.0,1350,,
lobendazole,1,0,4,861.0,0.0,,861,,
ncgc00241726-01,1,0,4,862.0,0.0,,862,,
BRD-K08307026,3,0,4,862.3333333333334,562.4353790041622,627.0,1638,,322.0
scriptaid,3,0,4,864.0,608.6219406714374,650.0,1693,249.0,
mls-0327420.0002,1,0,4,865.0,0.0,,865,,
leoidin dimethyl ether,1,0,4,867.0,0.0,,867,,
BRD-K92301463,2,0,4,867.5,752.5,115.0,1620,,
bd 1063 dihydrochloride,2,0,4,867.5,292.5,575.0,1160,,
BRD-K33045404,1,0,4,868.0,0.0,,868,,
cccp,3,0,4,868.3333333333334,579.0804971868956,617.0,1669,,319.0
mk-0591,4,0,4,869.75,703.7834805535009,858.0,2020,230.0,371.0
ei-156,2,0,4,870.0,20.0,890.0,850,,
memantine hydrochloride,1,0,4,870.0,0.0,,870,,
BRD-K89329876,2,0,4,870.5,250.5,620.0,1121,,
medroxyprogesterone,1,0,4,871.0,0.0,,871,,
ncgc00182380-01,1,0,4,872.0,0.0,,872,,
cp 93129 dihydrochloride,1,0,4,873.0,0.0,,873,,
mibefradil dihydrochloride,2,0,4,873.0,501.0,372.0,1374,,
atorvastatin,2,0,4,873.5,169.5,704.0,1043,,
ossk 647368,1,0,4,874.0,0.0,,874,,
icariin,2,0,4,875.0,505.0,370.0,1380,,
8-cpt-2-me-camp,1,0,4,876.0,0.0,,876,,
"l-690,330",2,0,4,876.0,633.0,243.0,1509,,
s1174,1,0,4,877.0,0.0,,877,,
BRD-A20697603,3,0,4,877.6666666666666,615.5194734711666,590.0,1733,,310.0
norgestrel,1,0,4,878.0,0.0,,878,,
isoxsuprine hydrochloride,1,0,4,879.0,0.0,,879,,
PHA-767491,2,0,4,879.5,20.5,900.0,859,,
sib 1893,2,0,4,879.5,73.5,806.0,953,,
nu 1025,1,0,4,881.0,0.0,,881,,
ncgc00180992-01,1,0,4,882.0,0.0,,882,,
tyrphostin-AG-1478,2,0,4,883.0,735.0,148.0,1618,,
BRD-A06929388,3,0,4,884.0,477.2972518951546,981.0,1414,257.0,
BRD-K23149109,1,0,4,886.0,0.0,,886,,
camptothecin,2,0,4,887.0,59.0,828.0,946,,
dg-041,3,0,4,887.3333333333334,648.0197184928523,715.0,1753,194.0,
BRD-K20401833,1,0,4,888.0,0.0,,888,,
medrysone,2,0,4,889.5,670.5,219.0,1560,,
psh 008,1,0,4,890.0,0.0,,890,,
cot-10b,4,0,4,890.25,720.7539021746604,860.0,2075,254.0,372.0
BRD-K45044657,1,0,4,891.0,0.0,,891,,
BRD-K83336168,2,0,4,891.5,349.5,542.0,1241,,
np-001236,3,0,4,894.0,634.8401373574295,778.0,1723,181.0,
genistin,2,0,4,894.5,193.5,701.0,1088,,
everolimus,3,0,4,895.0,560.0148807546694,690.0,1660,,335.0
hy-11006,1,0,4,895.0,0.0,,895,,
simvastatin,2,0,4,895.0,369.0,526.0,1264,,
le 300,1,0,4,897.0,0.0,,897,,
fexaramine,1,0,4,898.0,0.0,,898,,
BRD-K18724229,1,0,4,899.0,0.0,,899,,
lovastatin,2,0,4,900.0,224.0,676.0,1124,,
stk661558,1,0,4,900.0,0.0,,900,,
BRD-K34711351,2,0,4,900.5,194.5,706.0,1095,,
estropipate,1,0,4,901.0,0.0,,901,,
"2,5-dideoxyadenosine",1,0,4,902.0,0.0,,902,,
exemestane,1,0,4,903.0,0.0,,903,,
ethisterone,1,0,4,905.0,0.0,,905,,
MK-1775,3,0,4,905.6666666666666,599.362068276671,656.0,1732,,329.0
BRD-K40956802,1,0,4,907.0,0.0,,907,,
BRD-K44540157,1,0,4,908.0,0.0,,908,,
BRD-K96405393,1,0,4,909.0,0.0,,909,,
BRD-K08463963,2,0,4,909.5,533.5,376.0,1443,,
ro 31-8220 mesylate,2,0,4,910.0,72.0,838.0,982,,
BRD-K98714523,1,0,4,911.0,0.0,,911,,
nsc 95397,3,0,4,911.3333333333334,573.3994147964304,700.0,1695,,339.0
tizanidine hcl,1,0,4,912.0,0.0,,912,,
BRD-K23582869,1,0,4,913.0,0.0,,913,,
BRD-K43782924,1,0,4,914.0,0.0,,914,,
l-6307,2,0,4,914.5,2.5,912.0,917,,
indirubin,1,0,4,915.0,0.0,,915,,
vu0418939-2,3,0,4,915.0,707.2147245827583,598.0,1895,252.0,
vu0418947-2,3,0,4,915.6666666666666,597.5089027695644,677.0,1737,,333.0
vu0365114-2,1,0,4,916.0,0.0,,916,,
BRD-K22096725,1,0,4,921.0,0.0,,921,,
BRD-K58288048,2,0,4,921.0,322.0,599.0,1243,,
pdgf receptor tyrosine kinase inhibitor i,2,0,4,922.0,785.0,137.0,1707,,
BRD-K53566850,1,0,4,923.0,0.0,,923,,
skf 96365 hydrochloride,2,0,4,924.5,343.5,581.0,1268,,
mwp00339,1,0,4,925.0,0.0,,925,,
BRD-K17140735,3,0,4,925.6666666666666,696.1811705455859,662.0,1879,236.0,
nafronyl oxalate,1,0,4,926.0,0.0,,926,,
dihydrosamidin,1,0,4,928.0,0.0,,928,,
BRD-K08316444,2,0,4,928.5,258.5,670.0,1187,,
hts 12526,1,0,4,929.0,0.0,,929,,
AZ20,2,0,4,929.5,206.5,723.0,1136,,
ncgc00181736-02,2,0,4,929.5,264.5,665.0,1194,,
BRD-A35020550,1,0,4,930.0,0.0,,930,,
CTB,2,0,4,930.0,223.0,707.0,1153,,
etoposide,3,0,4,930.6666666666666,693.731135879664,729.0,1863,200.0,
hy-10044,1,0,4,933.0,0.0,,933,,
pifithrin- ?,3,0,4,934.0,706.6290870510969,576.0,1921,,305.0
15-delta prostaglandin j2,2,0,4,934.5,398.5,536.0,1333,,
chloroxine,2,0,4,935.5,579.5,356.0,1515,,
s1252,1,0,4,937.0,0.0,,937,,
le 135,4,0,4,937.75,799.567187608396,868.0,2263,247.0,373.0
GSK-461364,3,0,4,938.0,681.5531282788354,876.0,1802,136.0,
BRD-K88278225,2,0,4,938.5,39.5,899.0,978,,
bml-259,2,0,4,938.5,34.5,904.0,973,,
BRD-K64857848,2,0,4,939.5,243.5,696.0,1183,,
BRD-K38615104,2,0,4,940.0,55.0,885.0,995,,
ON-01910,3,0,4,940.0,643.3044898542732,764.0,1801,255.0,
BRD-K82971429,2,0,4,941.0,148.0,793.0,1089,,
BRD-K52911425,1,0,4,942.0,0.0,,942,,
BX-795,2,0,4,942.0,6.0,936.0,948,,
luzindole,1,0,4,944.0,0.0,,944,,
ncgc00182371-01,2,0,4,944.5,889.5,55.0,1834,,
s1011,2,0,4,944.5,909.5,35.0,1854,,
BRD-K71303366,2,0,4,945.0,2.0,943.0,947,,
XMD-892,3,0,4,945.0,609.6069772129143,930.0,1699,206.0,
vincristine,2,0,4,945.0,433.0,512.0,1378,,
t5212475,3,0,4,947.0,538.0638128202515,815.0,1662,,364.0
wr 216174,3,0,4,947.0,641.2570987261402,823.0,1787,231.0,
BRD-K87909389,2,0,4,948.0,65.0,883.0,1013,,
hy-10518,2,0,4,948.0,380.0,568.0,1328,,
cgp 57380,2,0,4,949.0,433.0,516.0,1382,,
rk-682,1,0,4,949.0,0.0,,949,,
arvanil,2,0,4,952.0,504.0,448.0,1456,,
topotecan hcl,2,0,4,953.5,339.5,614.0,1293,,
ter14687,1,0,4,954.0,0.0,,954,,
BRD-K69888333,1,0,4,955.0,0.0,,955,,
dm-55-3 brd-k81592585,1,0,4,956.0,0.0,,956,,
ncgc00165188-01,2,0,4,956.0,540.0,416.0,1496,,
6-diazo-5-oxo-l-norleucine,2,0,4,957.0,264.0,693.0,1221,,
nsc 632839 hydrochloride,2,0,4,957.5,477.5,480.0,1435,,
BRD-K56411643,3,0,4,959.3333333333334,721.3747677563691,959.0,1843,76.0,
tc 2559 difumarate,2,0,4,960.5,293.5,667.0,1254,,
azacytidine-5,2,0,4,961.5,375.5,586.0,1337,,
n-formylmethionylalanine,1,0,4,962.0,0.0,,962,,
f9428,1,0,4,963.0,0.0,,963,,
BRD-K28366633,2,0,4,964.0,511.0,453.0,1475,,
fu jmbii227b,1,0,4,964.0,0.0,,964,,
BRD-K48950795,1,0,4,967.0,0.0,,967,,
oxiconazole,1,0,4,969.0,0.0,,969,,
anagrelide hydrochloride,1,0,4,970.0,0.0,,970,,
BRD-K85853281,1,0,4,972.0,0.0,,972,,
thiothixene,2,0,4,973.0,576.0,397.0,1549,,
at-mlpcn csc-006,3,0,4,973.6666666666666,748.9932502291919,763.0,1978,180.0,
gitoxigenin,1,0,4,974.0,0.0,,974,,
prednisolone hemisuccinate,1,0,4,975.0,0.0,,975,,
mdl 72222,1,0,4,976.0,0.0,,976,,
vu0365117-1,3,0,4,976.0,640.2036134439313,910.0,1791,227.0,
AZD4547,2,0,4,976.5,424.5,552.0,1401,,
"2,4-dideoxy-dc-45-a2",2,0,4,978.0,342.0,636.0,1320,,
delta1-hydrocortisone 21-hemisuccinate,1,0,4,979.0,0.0,,979,,
r406,2,0,4,980.5,778.5,202.0,1759,,
PD-173074,3,0,4,980.6666666666666,870.6232761010292,566.0,2192,184.0,
BRD-K19220233,1,0,4,981.0,0.0,,981,,
BRD-K25731886,1,0,4,983.0,0.0,,983,,
amoxapine,1,0,4,984.0,0.0,,984,,
bvt 948,3,0,4,984.6666666666666,888.8559438339202,588.0,2216,150.0,
dienestrol,1,0,4,985.0,0.0,,985,,
dibutyrylcyclic amp,1,0,4,987.0,0.0,,987,,
BRD-K19624190,2,0,4,988.0,574.0,414.0,1562,,
BRD-K48654774,2,0,4,988.5,774.5,214.0,1763,,
evodiamine,2,0,4,988.5,487.5,501.0,1476,,
BRD-A25088322,2,0,4,990.0,577.0,413.0,1567,,
s1107,1,0,4,990.0,0.0,,990,,
ALW-II-38-3,3,0,4,990.6666666666666,853.727643273245,767.0,2130,75.0,
npc 15199,1,0,4,991.0,0.0,,991,,
BRD-K56111351,1,0,4,992.0,0.0,,992,,
selinidin,1,0,4,993.0,0.0,,993,,
cyclo [arg-gly-asp-d-phe-val],1,0,4,994.0,0.0,,994,,
ed csc 15,1,0,4,996.0,0.0,,996,,
clemastine fumarate,1,0,4,997.0,0.0,,997,,
troglitazone,1,0,4,998.0,0.0,,998,,
chelerythrine chloride,2,0,4,998.5,805.5,193.0,1804,,
s1142,2,0,4,998.5,644.5,354.0,1643,,
hy-10161,3,0,4,998.6666666666666,852.6297881000614,688.0,2163,145.0,
s1028,1,0,4,1001.0,0.0,,1001,,
cercosporin,3,0,4,1002.0,700.6858544787862,697.0,1971,,338.0
hki-272,3,0,4,1002.0,757.4127012402155,848.0,1997,161.0,
BRD-K51454562,1,0,4,1003.0,0.0,,1003,,
flunisolide,1,0,4,1004.0,0.0,,1004,,
cephalexin monohydrate,1,0,4,1005.0,0.0,,1005,,
"camptothecine (s,+)",2,0,4,1006.0,179.0,827.0,1185,,
ncgc00189555-02,1,0,4,1006.0,0.0,,1006,,
BRD-K82732294,3,0,4,1007.3333333333334,868.9082549703136,679.0,2197,146.0,
olmesartan medoxomil,1,0,4,1008.0,0.0,,1008,,
BRD-K52075040,3,0,4,1008.6666666666666,754.1707734694812,644.0,2059,,323.0
bambuterol hydrochloride,1,0,4,1009.0,0.0,,1009,,
s1154,2,0,4,1009.5,492.5,517.0,1502,,
chromanol 293b,1,0,4,1010.0,0.0,,1010,,
methyltestosterone,1,0,4,1011.0,0.0,,1011,,
BRD-U25771771,2,0,4,1012.0,663.0,349.0,1675,,
yo-2,1,0,4,1012.0,0.0,,1012,,
zm 336372,2,0,4,1012.5,235.5,777.0,1248,,
BRD-K96076993,3,0,4,1013.0,648.6067118575529,783.0,1897,,359.0
abt-751,2,0,4,1013.0,434.0,579.0,1447,,
BRD-K28916077,2,0,4,1015.5,41.5,974.0,1057,,
ei-286,1,0,4,1016.0,0.0,,1016,,
am580,2,0,4,1016.5,586.5,430.0,1603,,
ivermectin,2,0,4,1016.5,557.5,459.0,1574,,
isoliquiritigenin,1,0,4,1017.0,0.0,,1017,,
ncgc00185090-03,2,0,4,1017.5,526.5,491.0,1544,,
hy-11068,1,0,4,1019.0,0.0,,1019,,
luteolin,2,0,4,1020.5,146.5,874.0,1167,,
cp 94253 hydrochloride,1,0,4,1021.0,0.0,,1021,,
t3205,1,0,4,1022.0,0.0,,1022,,
tetrindole mesylate,2,0,4,1022.5,298.5,724.0,1321,,
BRD-U51951544,2,0,4,1023.5,393.5,630.0,1417,,
rf 01079,1,0,4,1024.0,0.0,,1024,,
BRD-K72381041,2,0,4,1025.0,543.0,482.0,1568,,
linezolid,1,0,4,1025.0,0.0,,1025,,
mln4924,2,0,4,1026.0,239.0,787.0,1265,,
BRD-K39345836,1,0,4,1027.0,0.0,,1027,,
lanatoside c,2,0,4,1028.0,234.0,794.0,1262,,
ticlopidine hydrochloride,1,0,4,1028.0,0.0,,1028,,
tremulacin,2,0,4,1029.5,296.5,733.0,1326,,
carbetapentane citrate,1,0,4,1031.0,0.0,,1031,,
BRD-K19540840,2,0,4,1031.5,82.5,949.0,1114,,
rhamnetin,1,0,4,1032.0,0.0,,1032,,
nifuroxazide,2,0,4,1032.5,430.5,602.0,1463,,
dilazep dihydrochloride,1,0,4,1033.0,0.0,,1033,,
BRD-K05452595,1,0,4,1034.0,0.0,,1034,,
BRD-K08448573,2,0,4,1037.0,506.0,531.0,1543,,
capsazepine,1,0,4,1037.0,0.0,,1037,,
n- (2-aminoethyl)-4-chlorobenzamide (ro-16-6491),1,0,4,1038.0,0.0,,1038,,
ncgc00183412-01,3,0,4,1038.0,720.9035996580958,942.0,1965,207.0,
BRD-K40175214,2,0,4,1038.5,414.5,624.0,1453,,
menadione,2,0,4,1038.5,304.5,734.0,1343,,
rho-kinase inhibitor ii,1,0,4,1040.0,0.0,,1040,,
kuc104135 kuc104135n,1,0,4,1042.0,0.0,,1042,,
ncgc00183255-01,2,0,4,1042.0,470.0,572.0,1512,,
s1205,2,0,4,1043.0,68.0,975.0,1111,,
ncgc00187945-01,1,0,4,1044.0,0.0,,1044,,
prestw-550,2,0,4,1044.0,632.0,412.0,1676,,
carbazol-9-yl-p-tolyl-methanone,1,0,4,1045.0,0.0,,1045,,
salmeterol,1,0,4,1046.0,0.0,,1046,,
tetracycline hydrochloride,1,0,4,1048.0,0.0,,1048,,
amiloride hydrochloride dihydrate,2,0,4,1048.5,263.5,785.0,1312,,
pifithrin- a hydrobromide,1,0,4,1050.0,0.0,,1050,,
BRD-K01896723,2,0,4,1051.0,179.0,872.0,1230,,
st4070169,1,0,4,1051.0,0.0,,1051,,
ncgc00183691-01,3,0,4,1051.3333333333333,763.4117863614339,915.0,2047,192.0,
BRD-K85275009,1,0,4,1052.0,0.0,,1052,,
BRD-K79459005,1,0,4,1054.0,0.0,,1054,,
BRD-K15519488,1,0,4,1055.0,0.0,,1055,,
BRD-K76938712,1,0,4,1056.0,0.0,,1056,,
np-000732,1,0,4,1058.0,0.0,,1058,,
ver155008,2,0,4,1058.0,250.0,808.0,1308,,
bibr1532,2,0,4,1058.5,318.5,740.0,1377,,
pf 750,2,0,4,1058.5,276.5,782.0,1335,,
brefeldin a,3,0,4,1058.6666666666667,733.2968172726663,756.0,2069,,351.0
kirromycin,1,0,4,1059.0,0.0,,1059,,
a112550.cdx,2,0,4,1061.0,421.0,640.0,1482,,
sulconazole nitrate,2,0,4,1061.0,703.0,358.0,1764,,
blebbistatin,1,0,4,1062.0,0.0,,1062,,
s1452,2,0,4,1062.5,982.5,80.0,2045,,
bacampicillin hydrochloride,1,0,4,1063.0,0.0,,1063,,
BRD-K57080016,3,0,4,1063.6666666666667,814.1045523900615,761.0,2177,253.0,
emd 386088 hydrochloride,1,0,4,1064.0,0.0,,1064,,
BRD-K02174945,1,0,4,1065.0,0.0,,1065,,
endo-iwr 1,1,0,4,1066.0,0.0,,1066,,
naltrexone hydrochloride,1,0,4,1067.0,0.0,,1067,,
pp3,1,0,4,1068.0,0.0,,1068,,
thapsigargin,2,0,4,1068.0,400.0,668.0,1468,,
lidoflazine,1,0,4,1069.0,0.0,,1069,,
BRD-K06217810,1,0,4,1070.0,0.0,,1070,,
BRD-K78385490,3,0,4,1070.6666666666667,771.2333556640875,908.0,2086,218.0,
BRD-K71554540,1,0,4,1071.0,0.0,,1071,,
mln2238,3,0,4,1071.0,780.9818606514921,893.0,2104,216.0,
enzastaurin,2,0,4,1071.5,517.5,554.0,1589,,
s1022,1,0,4,1072.0,0.0,,1072,,
benazepril hydrochloride,1,0,4,1073.0,0.0,,1073,,
GSK-429286A,2,0,4,1076.5,321.5,755.0,1398,,
ncgc00183371-01,3,0,4,1078.6666666666667,846.6437004759177,762.0,2237,237.0,
BRD-K78633253,1,0,4,1080.0,0.0,,1080,,
s1042,2,0,4,1080.0,173.0,907.0,1253,,
gmx-1778,1,0,4,1081.0,0.0,,1081,,
BRD-K14788918,3,0,4,1081.6666666666667,834.5467166205989,775.0,2222,248.0,
r(+)-6-bromo-apb,1,0,4,1083.0,0.0,,1083,,
tw 37,3,0,4,1083.3333333333333,741.2837213615011,933.0,2057,260.0,
isotretinoin,1,0,4,1084.0,0.0,,1084,,
(-)-gallocatechin gallate,2,0,4,1084.5,750.5,334.0,1835,,
ikk 16,3,0,4,1084.6666666666667,742.2453921865883,788.0,2105,,361.0
ncgc00242335-01,2,0,4,1085.0,399.0,686.0,1484,,
BRD-A50774520,2,0,4,1089.0,647.0,442.0,1736,,
tl hras24 brd-k93060291,3,0,4,1090.0,853.5693683975935,836.0,2239,195.0,
psh 024,1,0,4,1091.0,0.0,,1091,,
salermide,3,0,4,1091.6666666666667,719.7301963621893,835.0,2073,,367.0
ag-879,3,0,4,1092.3333333333333,764.837382861365,945.0,2094,238.0,
s-8599,2,0,4,1092.5,1019.5,73.0,2112,,
clomid,1,0,4,1093.0,0.0,,1093,,
BRD-K16057611,1,0,4,1094.0,0.0,,1094,,
BRD-K97764662,2,0,4,1094.5,798.5,296.0,1893,,
pp-30,1,0,4,1096.0,0.0,,1096,,
BRD-K96072942,1,0,4,1098.0,0.0,,1098,,
sb 431542,1,0,4,1099.0,0.0,,1099,,
lylamine hydrochloride,2,0,4,1099.5,681.5,418.0,1781,,
BRD-K68756823,1,0,4,1100.0,0.0,,1100,,
ncgc00185094-01,2,0,4,1100.5,144.5,956.0,1245,,
BRD-K31342827,2,0,4,1101.5,279.5,822.0,1381,,
BRD-U04166717,1,0,4,1102.0,0.0,,1102,,
hoechst  33342 (cell permeable) (bisbenzimide),1,0,4,1106.0,0.0,,1106,,
12k-613s,1,0,4,1107.0,0.0,,1107,,
kenpaullone,1,0,4,1108.0,0.0,,1108,,
BRD-A83124583,2,0,4,1109.5,556.5,553.0,1666,,
BRD-K37865504,2,0,4,1109.5,389.5,720.0,1499,,
vu0415555-1,2,0,4,1109.5,598.5,511.0,1708,,
sulpiride,1,0,4,1110.0,0.0,,1110,,
nilotinib,3,0,4,1111.0,765.376160241921,980.0,2107,246.0,
BRD-K28610502,2,0,4,1112.0,566.0,546.0,1678,,
BRD-K79779816,1,0,4,1112.0,0.0,,1112,,
ncgc00182615-01,1,0,4,1113.0,0.0,,1113,,
mw-ras12,3,0,4,1113.3333333333333,738.8749706291466,849.0,2121,,370.0
BRD-A41451487,2,0,4,1114.0,451.0,663.0,1565,,
nisoxetine hydrochloride,1,0,4,1116.0,0.0,,1116,,
ncgc00182609-01,1,0,4,1118.0,0.0,,1118,,
nsc 23766,1,0,4,1119.0,0.0,,1119,,
as605240,3,0,4,1122.0,840.282095489366,891.0,2247,228.0,
sb 200646 hydrochloride,1,0,4,1122.0,0.0,,1122,,
np-006304,1,0,4,1125.0,0.0,,1125,,
BRD-K39944607,1,0,4,1126.0,0.0,,1126,,
methylstat,2,0,4,1126.0,570.0,556.0,1696,,
ossk 645668,1,0,4,1128.0,0.0,,1128,,
prunetin,1,0,4,1129.0,0.0,,1129,,
"r(-)-2,10,11-trihydroxyaporphine",1,0,4,1130.0,0.0,,1130,,
estriol,1,0,4,1131.0,0.0,,1131,,
ca-074-me,1,0,4,1132.0,0.0,,1132,,
BRD-K73567619,1,0,4,1134.0,0.0,,1134,,
5-azacytidine,2,0,4,1135.0,294.0,841.0,1429,,
BRD-A06664848,1,0,4,1135.0,0.0,,1135,,
BRD-K59962020,2,0,4,1136.0,938.0,198.0,2074,,
mls-0390945.0001,1,0,4,1137.0,0.0,,1137,,
BRD-K00551481,1,0,4,1138.0,0.0,,1138,,
ncgc00183696-01,1,0,4,1141.0,0.0,,1141,,
BRD-K13665914,2,0,4,1145.0,653.0,492.0,1798,,
bms 191011,1,0,4,1146.0,0.0,,1146,,
p0030,2,0,4,1146.0,461.0,685.0,1607,,
triamcinolone diacetate,1,0,4,1147.0,0.0,,1147,,
fluvastatin,2,0,4,1147.5,345.5,802.0,1493,,
pd 407824,2,0,4,1147.5,513.5,634.0,1661,,
retinoic acid,1,0,4,1148.0,0.0,,1148,,
BRD-K18595892,1,0,4,1149.0,0.0,,1149,,
s2004,2,0,4,1149.5,938.5,211.0,2088,,
ncgc00182392-01,1,0,4,1150.0,0.0,,1150,,
chlorpromazine,2,0,4,1151.0,290.0,861.0,1441,,
BRD-A80383043,1,0,4,1152.0,0.0,,1152,,
BRD-K88198340,2,0,4,1153.5,188.5,965.0,1342,,
BRD-A31312900,1,0,4,1154.0,0.0,,1154,,
BRD-A68061604,2,0,4,1154.5,479.5,675.0,1634,,
tws119,2,0,4,1155.5,542.5,613.0,1698,,
nutlin-3,3,0,4,1155.6666666666667,869.7801765708135,932.0,2315,220.0,
BRD-K94173926,1,0,4,1157.0,0.0,,1157,,
BRD-K99582188,2,0,4,1158.0,516.0,642.0,1674,,
hemado,1,0,4,1158.0,0.0,,1158,,
methiothepin maleate,1,0,4,1159.0,0.0,,1159,,
BRD-K14027855,2,0,4,1159.5,284.5,875.0,1444,,
KU-55933,2,0,4,1159.5,288.5,871.0,1448,,
BRD-A81530502,1,0,4,1162.0,0.0,,1162,,
GDC-0068,2,0,4,1163.0,860.0,303.0,2023,,
stk249718,1,0,4,1163.0,0.0,,1163,,
BRD-K82594686,1,0,4,1164.0,0.0,,1164,,
fk506,2,0,4,1164.0,928.0,236.0,2092,,
bibu 1361 dihydrochloride,2,0,4,1165.0,420.0,745.0,1585,,
t 0901317,1,0,4,1165.0,0.0,,1165,,
JNK-IN-5A,3,0,4,1165.6666666666667,841.4393752506608,947.0,2288,262.0,
triclosan,1,0,4,1166.0,0.0,,1166,,
BRD-K69406317,2,0,4,1167.5,644.5,523.0,1812,,
zd 2079 hydrochloride,1,0,4,1168.0,0.0,,1168,,
ly 225910,1,0,4,1169.0,0.0,,1169,,
cgp 7930,1,0,4,1171.0,0.0,,1171,,
BRD-K73319509,1,0,4,1172.0,0.0,,1172,,
triamterene,1,0,4,1173.0,0.0,,1173,,
sib 1757,1,0,4,1174.0,0.0,,1174,,
s1169,1,0,4,1175.0,0.0,,1175,,
gw 441756,1,0,4,1177.0,0.0,,1177,,
pp 2,1,0,4,1178.0,0.0,,1178,,
BRD-K42499654,2,0,4,1179.0,390.0,789.0,1569,,
st4062971,1,0,4,1179.0,0.0,,1179,,
puromycin dihydrochloride,2,0,4,1179.5,541.5,638.0,1721,,
torasemide,1,0,4,1180.0,0.0,,1180,,
malonoben,2,0,4,1180.5,377.5,803.0,1558,,
"ici 192,605",3,0,4,1181.0,881.979591600622,953.0,2357,233.0,
linopirdine dihydrochloride,1,0,4,1181.0,0.0,,1181,,
BRD-K97534490,2,0,4,1182.0,430.0,752.0,1612,,
BRD-K74623475,1,0,4,1184.0,0.0,,1184,,
lasalocid sodium salt,2,0,4,1184.5,474.5,710.0,1659,,
mebendazole,2,0,4,1185.0,428.0,757.0,1613,,
m9948,1,0,4,1186.0,0.0,,1186,,
phensuximide,1,0,4,1189.0,0.0,,1189,,
BRD-K31841256,2,0,4,1189.5,760.5,429.0,1950,,
BRD-K70748405,1,0,4,1190.0,0.0,,1190,,
hy-11001,2,0,4,1190.5,296.5,894.0,1487,,
omeprazole,1,0,4,1191.0,0.0,,1191,,
thioguanosine,2,0,4,1193.0,819.0,374.0,2012,,
NPK76-II-72-1,3,0,4,1193.3333333333333,862.2050542391615,982.0,2339,259.0,
BRD-K34363599,2,0,4,1195.5,399.5,796.0,1595,,
mdv3100,1,0,4,1196.0,0.0,,1196,,
mek1/2 inhibitor,2,0,4,1198.5,641.5,557.0,1840,,
aloisine a,1,0,4,1199.0,0.0,,1199,,
vinblastine sulfate,2,0,4,1199.0,423.0,776.0,1622,,
mometasone furoate,1,0,4,1200.0,0.0,,1200,,
BRD-K30993697,1,0,4,1201.0,0.0,,1201,,
pkc-412,1,0,4,1202.0,0.0,,1202,,
irinotecan hydrochloride trihydrate,2,0,4,1203.5,570.5,633.0,1774,,
BRD-A85891951,1,0,4,1205.0,0.0,,1205,,
flecainide acetate,1,0,4,1206.0,0.0,,1206,,
BRD-K45399554,2,0,4,1206.5,759.5,447.0,1966,,
megestrol acetate,1,0,4,1207.0,0.0,,1207,,
BRD-K55844427,2,0,4,1209.0,760.0,449.0,1969,,
s1297,1,0,4,1209.0,0.0,,1209,,
BRD-K86269644,1,0,4,1210.0,0.0,,1210,,
rs 504393,2,0,4,1210.0,437.0,773.0,1647,,
BRD-K65983740,1,0,4,1211.0,0.0,,1211,,
QL-XI-92,2,0,4,1212.5,768.5,444.0,1981,,
pimozide,2,0,4,1212.5,245.5,967.0,1458,,
nicotine ditartrate,1,0,4,1213.0,0.0,,1213,,
hy-10181,2,0,4,1214.0,317.0,897.0,1531,,
k784-3131,2,0,4,1214.0,266.0,948.0,1480,,
(s)-(-)-bay k 8644,1,0,4,1215.0,0.0,,1215,,
cay10594,2,0,4,1216.0,481.0,735.0,1697,,
BRD-K83213280,1,0,4,1218.0,0.0,,1218,,
jnj 10191584 maleate,2,0,4,1219.5,314.5,905.0,1534,,
cinanserin hydrochloride,1,0,4,1220.0,0.0,,1220,,
BRD-K99633092,2,0,4,1221.0,616.0,605.0,1837,,
benzoxiquine,1,0,4,1222.0,0.0,,1222,,
ncgc00183690-01,2,0,4,1222.5,298.5,924.0,1521,,
BRD-K52678950,1,0,4,1223.0,0.0,,1223,,
hydrocortisone valerate,1,0,4,1224.0,0.0,,1224,,
cilostazol,1,0,4,1226.0,0.0,,1226,,
BRD-K96167523,1,0,4,1227.0,0.0,,1227,,
BRD-K32501161,2,0,4,1230.5,679.5,551.0,1910,,
pz0013,1,0,4,1231.0,0.0,,1231,,
rg 108,1,0,4,1232.0,0.0,,1232,,
methylprednisolone,1,0,4,1233.0,0.0,,1233,,
cgk 733,2,0,4,1234.0,485.0,749.0,1719,,
indirubin-3-oxime,1,0,4,1234.0,0.0,,1234,,
sid 26681509,2,0,4,1234.0,424.0,810.0,1658,,
BRD-A81541225,1,0,4,1235.0,0.0,,1235,,
CH5424802,2,0,4,1236.5,727.5,509.0,1964,,
BRD-K00944562,1,0,4,1237.0,0.0,,1237,,
kuc103885 kuc103885n,1,0,4,1240.0,0.0,,1240,,
prednisolone acetate,2,0,4,1241.0,682.0,559.0,1923,,
qs 11,2,0,4,1241.0,297.0,944.0,1538,,
salubrinal,1,0,4,1242.0,0.0,,1242,,
serdemetan,2,0,4,1242.5,284.5,958.0,1527,,
BRD-K19166598,2,0,4,1244.0,613.0,631.0,1857,,
pz0004,1,0,4,1244.0,0.0,,1244,,
lfm-a13,1,0,4,1247.0,0.0,,1247,,
ncgc00184830-01,1,0,4,1249.0,0.0,,1249,,
BRD-K02113016,2,0,4,1249.5,390.5,859.0,1640,,
ncgc00165193-01,1,0,4,1250.0,0.0,,1250,,
ic 261,2,0,4,1250.5,312.5,938.0,1563,,
t7765,2,0,4,1251.0,569.0,682.0,1820,,
a-1065,1,0,4,1252.0,0.0,,1252,,
s1019,2,0,4,1254.0,999.0,255.0,2253,,
BRD-K68174511,2,0,4,1256.0,505.0,751.0,1761,,
mifepristone,2,0,4,1256.5,662.5,594.0,1919,,
ncgc00188530-01,2,0,4,1256.5,619.5,637.0,1876,,
syk inhibitor,2,0,4,1257.5,583.5,674.0,1841,,
BRD-K60218670,1,0,4,1258.0,0.0,,1258,,
BRD-K43913647,1,0,4,1259.0,0.0,,1259,,
kf 38789,1,0,4,1260.0,0.0,,1260,,
ei-247,1,0,4,1261.0,0.0,,1261,,
lonidamine,2,0,4,1261.0,758.0,503.0,2019,,
hydrocortisone acetate,2,0,4,1261.5,876.5,385.0,2138,,
testosterone propionate,1,0,4,1266.0,0.0,,1266,,
BRD-K66254772,2,0,4,1266.5,403.5,863.0,1670,,
dihydro-beta-tubaic acid,2,0,4,1267.5,719.5,548.0,1987,,
norethynodrel,1,0,4,1269.0,0.0,,1269,,
vu0415113-1,2,0,4,1269.5,452.5,817.0,1722,,
methoprene acid,1,0,4,1270.0,0.0,,1270,,
palda,2,0,4,1270.0,861.0,409.0,2131,,
acitretin,1,0,4,1271.0,0.0,,1271,,
s4002,1,0,4,1272.0,0.0,,1272,,
rs 56812 hydrochloride,2,0,4,1273.5,579.5,694.0,1853,,
2-chloro-7-methoxyphenothiazine,1,0,4,1274.0,0.0,,1274,,
BRD-K23673040,2,0,4,1274.0,372.0,902.0,1646,,
inca-6,1,0,4,1275.0,0.0,,1275,,
BRD-K91701654,2,0,4,1277.0,458.0,819.0,1735,,
sq 22536,1,0,4,1277.0,0.0,,1277,,
BRD-K65242613,1,0,4,1278.0,0.0,,1278,,
antimycin a,2,0,4,1278.5,465.5,813.0,1744,,
rifampicin,1,0,4,1279.0,0.0,,1279,,
BRD-K27484191,1,0,4,1280.0,0.0,,1280,,
gr-103,2,0,4,1281.0,768.0,513.0,2049,,
pentylenetetrazole,1,0,4,1281.0,0.0,,1281,,
irbesartan,1,0,4,1282.0,0.0,,1282,,
amitriptyline hydrochloride,1,0,4,1284.0,0.0,,1284,,
BRD-K85818861,2,0,4,1284.5,714.5,570.0,1999,,
carbamazepine,1,0,4,1285.0,0.0,,1285,,
s1527,2,0,4,1285.5,405.5,880.0,1691,,
clobetasol propionate,1,0,4,1286.0,0.0,,1286,,
BRD-K71142328,1,0,4,1287.0,0.0,,1287,,
"l-689,560",1,0,4,1288.0,0.0,,1288,,
BRD-A80574334,1,0,4,1290.0,0.0,,1290,,
chloroguanide hydrochloride,1,0,4,1291.0,0.0,,1291,,
mg-132,2,0,4,1291.5,711.5,580.0,2003,,
BRD-K58214070,2,0,4,1292.0,564.0,728.0,1856,,
clofarabine,1,0,4,1292.0,0.0,,1292,,
p5172,1,0,4,1294.0,0.0,,1294,,
BRD-K02458594,1,0,4,1295.0,0.0,,1295,,
benzethonium chloride,1,0,4,1296.0,0.0,,1296,,
BRD-K16118047,1,0,4,1297.0,0.0,,1297,,
THZ-2-98-01,2,0,4,1297.5,411.5,886.0,1709,,
at-csc-18 brd-k01121114,2,0,4,1297.5,357.5,940.0,1655,,
BRD-K28789065,2,0,4,1298.0,458.0,840.0,1756,,
lde225 (nvp-lde225),1,0,4,1298.0,0.0,,1298,,
BRD-K94991378,1,0,4,1299.0,0.0,,1299,,
ppt,1,0,4,1302.0,0.0,,1302,,
BRD-K65955264,2,0,4,1303.0,608.0,695.0,1911,,
rs 39604 hydrochloride,1,0,4,1303.0,0.0,,1303,,
ly-83583,1,0,4,1304.0,0.0,,1304,,
sb 218078,2,0,4,1304.0,698.0,606.0,2002,,
auranofin,2,0,4,1304.5,440.5,864.0,1745,,
BRD-U88878891,1,0,4,1305.0,0.0,,1305,,
BRD-K56593336,1,0,4,1306.0,0.0,,1306,,
verteporfin,1,0,4,1307.0,0.0,,1307,,
s2001,1,0,4,1309.0,0.0,,1309,,
colforsin,1,0,4,1310.0,0.0,,1310,,
ki 8751,2,0,4,1310.0,407.0,903.0,1717,,
ncgc00182378-01,2,0,4,1312.5,716.5,596.0,2029,,
BRD-K22546959,1,0,4,1313.0,0.0,,1313,,
BRD-A18725729,1,0,4,1314.0,0.0,,1314,,
podofilox,1,0,4,1316.0,0.0,,1316,,
w-7 hydrochloride,1,0,4,1317.0,0.0,,1317,,
"15-deoxy-?12,14-prostaglandin j2",2,0,4,1317.5,595.5,722.0,1913,,
BRD-K57457519,1,0,4,1318.0,0.0,,1318,,
BRD-K98731749,2,0,4,1318.0,872.0,446.0,2190,,
triciribine,2,0,4,1319.0,427.0,892.0,1746,,
taxifolin-(+/-),2,0,4,1321.5,398.5,923.0,1720,,
devazepide,1,0,4,1323.0,0.0,,1323,,
12k-516s,1,0,4,1324.0,0.0,,1324,,
BRD-K88329126,1,0,4,1325.0,0.0,,1325,,
BRD-K89692698,2,0,4,1325.0,636.0,689.0,1961,,
ml 3163,2,0,4,1325.0,534.0,791.0,1859,,
diphenyleneiodonium chloride,2,0,4,1326.0,669.0,657.0,1995,,
tipifarnib-p2,1,0,4,1330.0,0.0,,1330,,
rho kinase inhibitor iii [rockout],2,0,4,1331.0,557.0,774.0,1888,,
r(-)-n-allylnorapomorphine,1,0,4,1332.0,0.0,,1332,,
BRD-K43581698,2,0,4,1333.5,602.5,731.0,1936,,
fulvestrant,1,0,4,1336.0,0.0,,1336,,
mead acid (20:3 n-9),2,0,4,1336.5,725.5,611.0,2062,,
BRD-U37049823,1,0,4,1338.0,0.0,,1338,,
ro 90-7501,1,0,4,1339.0,0.0,,1339,,
pha 665752,1,0,4,1341.0,0.0,,1341,,
iproniazide phosphate,1,0,4,1344.0,0.0,,1344,,
16beta-bromoandrosterone,1,0,4,1345.0,0.0,,1345,,
ncgc00182607-01,1,0,4,1346.0,0.0,,1346,,
ei-263,2,0,4,1346.5,395.5,951.0,1742,,
jlk 6,2,0,4,1346.5,491.5,855.0,1838,,
trifluoperazine dihydrochloride,2,0,4,1346.5,501.5,845.0,1848,,
BRD-K45818044,1,0,4,1347.0,0.0,,1347,,
BRD-K06750613,2,0,4,1348.0,544.0,804.0,1892,,
BRD-K41845021,1,0,4,1348.0,0.0,,1348,,
"l-741,742 hydrochloride",1,0,4,1349.0,0.0,,1349,,
floxuridine,1,0,4,1351.0,0.0,,1351,,
raclopride,1,0,4,1352.0,0.0,,1352,,
BRD-K86682249,1,0,4,1353.0,0.0,,1353,,
spb02303,1,0,4,1354.0,0.0,,1354,,
sch 58261,1,0,4,1355.0,0.0,,1355,,
BRD-K36038115,1,0,4,1356.0,0.0,,1356,,
tranilast,1,0,4,1357.0,0.0,,1357,,
bl-077,1,0,4,1358.0,0.0,,1358,,
km 04501,1,0,4,1361.0,0.0,,1361,,
ly 320135,1,0,4,1363.0,0.0,,1363,,
bibx 1382 dihydrochloride,1,0,4,1364.0,0.0,,1364,,
BRD-K35004659,1,0,4,1365.0,0.0,,1365,,
penicillin g potassium,1,0,4,1366.0,0.0,,1366,,
pnu 74654,2,0,4,1366.0,620.0,746.0,1986,,
immepip dihydrobromide,1,0,4,1367.0,0.0,,1367,,
glyburide,1,0,4,1368.0,0.0,,1368,,
catechin pentabenzoate,1,0,4,1369.0,0.0,,1369,,
k784-3188,2,0,4,1369.0,500.0,869.0,1869,,
BRD-K74797618,1,0,4,1370.0,0.0,,1370,,
hexylcaine hydrochloride,1,0,4,1371.0,0.0,,1371,,
ossk 645683,1,0,4,1373.0,0.0,,1373,,
tivantinib,2,0,4,1373.5,444.5,929.0,1818,,
ncgc00188531-01,2,0,4,1374.0,532.0,842.0,1906,,
azacyclonol,2,0,4,1374.5,537.5,837.0,1912,,
bas 00535043,1,0,4,1376.0,0.0,,1376,,
BRD-K03857568,2,0,4,1378.5,609.5,769.0,1988,,
cyclosporine,2,0,4,1378.5,651.5,727.0,2030,,
BRD-K60895275,2,0,4,1381.0,591.0,790.0,1972,,
gr-108,1,0,4,1383.0,0.0,,1383,,
zk 164015,2,0,4,1383.0,684.0,699.0,2067,,
thioridazine hydrochloride,2,0,4,1383.5,442.5,941.0,1826,,
BRD-K59470558,1,0,4,1385.0,0.0,,1385,,
"androsta-1,4-dien-3,17-dione",1,0,4,1386.0,0.0,,1386,,
gsk-3 inhibitor ii,1,0,4,1387.0,0.0,,1387,,
artesunate,2,0,4,1388.0,591.0,797.0,1979,,
opipramol dihydrochloride,1,0,4,1388.0,0.0,,1388,,
BRD-K41925105,2,0,4,1389.0,629.0,760.0,2018,,
pp 1,1,0,4,1389.0,0.0,,1389,,
fenretinide,2,0,4,1389.5,421.5,968.0,1811,,
"l-750,667",1,0,4,1391.0,0.0,,1391,,
riboflavine,2,0,4,1391.0,759.0,632.0,2150,,
etomidate,1,0,4,1392.0,0.0,,1392,,
diazoxide,1,0,4,1394.0,0.0,,1394,,
BRD-K19181733,1,0,4,1395.0,0.0,,1395,,
cct 018159,2,0,4,1398.5,521.5,877.0,1920,,
ncgc00182608-01,1,0,4,1399.0,0.0,,1399,,
BRD-K50234570,2,0,4,1400.0,781.0,619.0,2181,,
BRD-A58924247,2,0,4,1401.5,760.5,641.0,2162,,
diflunisal,2,0,4,1401.5,596.5,805.0,1998,,
naringenine,2,0,4,1401.5,554.5,847.0,1956,,
"vegf receptor 3 kinase inhibitor, maz51",1,0,4,1402.0,0.0,,1402,,
BRD-K81795824,2,0,4,1402.5,559.5,843.0,1962,,
sericetin,1,0,4,1403.0,0.0,,1403,,
np-009169,1,0,4,1404.0,0.0,,1404,,
BRD-A68065211,2,0,4,1404.5,509.5,895.0,1914,,
tegaserod,2,0,4,1405.5,548.5,857.0,1954,,
kuc104487 kuc104487n,1,0,4,1406.0,0.0,,1406,,
BRD-K11795542,1,0,4,1407.0,0.0,,1407,,
BRD-K90735586,1,0,4,1408.0,0.0,,1408,,
s1018,1,0,4,1410.0,0.0,,1410,,
"hydrastine (1r, 9s)",1,0,4,1412.0,0.0,,1412,,
BRD-K71935468,1,0,4,1413.0,0.0,,1413,,
BRD-K40373196,2,0,4,1415.5,517.5,898.0,1933,,
BRD-A93393712,2,0,4,1416.0,592.0,824.0,2008,,
BRD-K27630390,1,0,4,1416.0,0.0,,1416,,
BRD-K98824517,2,0,4,1416.5,470.5,946.0,1887,,
km00799,1,0,4,1418.0,0.0,,1418,,
BRD-K22631935,1,0,4,1419.0,0.0,,1419,,
akt inhibitor x,1,0,4,1420.0,0.0,,1420,,
BRD-K06405410,2,0,4,1420.5,761.5,659.0,2182,,
cabergoline,2,0,4,1421.0,778.0,643.0,2199,,
dnqx disodium salt,1,0,4,1422.0,0.0,,1422,,
BRD-K72883421,1,0,4,1423.0,0.0,,1423,,
kynuramine,1,0,4,1425.0,0.0,,1425,,
nocodazole,1,0,4,1428.0,0.0,,1428,,
iopanoic acid,1,0,4,1430.0,0.0,,1430,,
econazole nitrate,1,0,4,1433.0,0.0,,1433,,
nnc 55-0396 dihydrochloride,2,0,4,1433.0,635.0,798.0,2068,,
ncgc00182390-01,1,0,4,1436.0,0.0,,1436,,
ei-332,2,0,4,1436.5,479.5,957.0,1916,,
tracazolate hydrochloride,1,0,4,1438.0,0.0,,1438,,
t5323840,2,0,4,1438.5,727.5,711.0,2166,,
pd 198306,2,0,4,1439.5,512.5,927.0,1952,,
benzopurpurin (b),1,0,4,1440.0,0.0,,1440,,
vu0418934-2,2,0,4,1440.0,519.0,921.0,1959,,
BRD-K81473043,2,0,4,1442.0,734.0,708.0,2176,,
amoxicillin crystalline,1,0,4,1442.0,0.0,,1442,,
purmorphamine,1,0,4,1445.0,0.0,,1445,,
mls-0075347.0001,1,0,4,1446.0,0.0,,1446,,
r-96544 hydrochloride,1,0,4,1449.0,0.0,,1449,,
chlorambucil,1,0,4,1451.0,0.0,,1451,,
BRD-K54822214,1,0,4,1452.0,0.0,,1452,,
BRD-A18411371,2,0,4,1452.5,602.5,850.0,2055,,
deoxycorticosterone,1,0,4,1454.0,0.0,,1454,,
BRD-A51777634,2,0,4,1455.0,536.0,919.0,1991,,
domperidone,1,0,4,1455.0,0.0,,1455,,
BRD-K61105081,1,0,4,1457.0,0.0,,1457,,
ei-346,2,0,4,1457.0,754.0,703.0,2211,,
mestanolone,2,0,4,1459.0,688.0,771.0,2147,,
oxindole i,2,0,4,1459.0,572.0,887.0,2031,,
terfenadine,1,0,4,1460.0,0.0,,1460,,
ag 494,1,0,4,1462.0,0.0,,1462,,
BRD-A18763547,2,0,4,1463.0,664.0,799.0,2127,,
tl hras26 brd-k01877528,2,0,4,1463.0,630.0,833.0,2093,,
mdl-28170,1,0,4,1464.0,0.0,,1464,,
BRD-A84524947,1,0,4,1465.0,0.0,,1465,,
ncgc00185684-02,2,0,4,1465.5,640.5,825.0,2106,,
BRD-K04923131,1,0,4,1466.0,0.0,,1466,,
nnc 05-2090 hydrochloride,2,0,4,1466.5,782.5,684.0,2249,,
moban,2,0,4,1467.5,553.5,914.0,2021,,
BRD-K60219430,2,0,4,1468.5,542.5,926.0,2011,,
jak3 inhibitor ii,1,0,4,1469.0,0.0,,1469,,
"ly-165,163",2,0,4,1469.5,613.5,856.0,2083,,
thiethylperazine dimalate,1,0,4,1470.0,0.0,,1470,,
fgin-1-27,1,0,4,1471.0,0.0,,1471,,
imodium,2,0,4,1474.0,596.0,878.0,2070,,
rhodomyrtoxin,1,0,4,1474.0,0.0,,1474,,
zileuton,2,0,4,1476.5,818.5,658.0,2295,,
ch 55,1,0,4,1477.0,0.0,,1477,,
niguldipine hydrochloride,2,0,4,1478.0,647.0,831.0,2125,,
oxibendazole,1,0,4,1478.0,0.0,,1478,,
cerivastatin na,2,0,4,1481.0,614.0,867.0,2095,,
vu0415556-1,1,0,4,1481.0,0.0,,1481,,
BRD-A59145032,2,0,4,1481.5,670.5,811.0,2152,,
vu0415533-1,1,0,4,1483.0,0.0,,1483,,
BRD-K05549170,1,0,4,1485.0,0.0,,1485,,
amt hydrochloride,1,0,4,1486.0,0.0,,1486,,
amsacrine,2,0,4,1487.0,680.0,807.0,2167,,
x0379,2,0,4,1487.0,774.0,713.0,2261,,
BRD-K26818574,2,0,4,1487.5,661.5,826.0,2149,,
BRD-K72161580,1,0,4,1488.0,0.0,,1488,,
alosetron hcl,1,0,4,1490.0,0.0,,1490,,
bo2 (inhibits rad51),2,0,4,1490.5,628.5,862.0,2119,,
sulindac,1,0,4,1491.0,0.0,,1491,,
ncgc00012588-02,1,0,4,1492.0,0.0,,1492,,
BRD-U86222656,2,0,4,1493.5,639.5,854.0,2133,,
BRD-K58679021,1,0,4,1494.0,0.0,,1494,,
s1005,2,0,4,1494.5,724.5,770.0,2219,,
BRD-A75301702,1,0,4,1495.0,0.0,,1495,,
triptolide,1,0,4,1497.0,0.0,,1497,,
idoxuridine,1,0,4,1498.0,0.0,,1498,,
api-2,2,0,4,1499.0,535.0,964.0,2034,,
BRD-K37798499,1,0,4,1500.0,0.0,,1500,,
way 170523,2,0,4,1500.5,753.5,747.0,2254,,
BRD-K15107389,1,0,4,1503.0,0.0,,1503,,
BRD-K28120860,2,0,4,1503.0,615.0,888.0,2118,,
s1175,2,0,4,1504.0,550.0,954.0,2054,,
BRD-K25536815,1,0,4,1505.0,0.0,,1505,,
ag 825,1,0,4,1506.0,0.0,,1506,,
chemistry 1735,2,0,4,1506.0,688.0,818.0,2194,,
BRD-K80346834,1,0,4,1507.0,0.0,,1507,,
kuc103875 kuc103875n,1,0,4,1510.0,0.0,,1510,,
arcyriaflavin a,1,0,4,1511.0,0.0,,1511,,
gw 7647,2,0,4,1513.0,693.0,820.0,2206,,
sb 205384,1,0,4,1514.0,0.0,,1514,,
oxybenzone,1,0,4,1516.0,0.0,,1516,,
np-010155,1,0,4,1517.0,0.0,,1517,,
nsc 663284,2,0,4,1518.0,732.0,786.0,2250,,
olomoucine,1,0,4,1518.0,0.0,,1518,,
BRD-K24031526,1,0,4,1519.0,0.0,,1519,,
tyrphostin b44 (-),1,0,4,1520.0,0.0,,1520,,
XMD-1499,2,0,4,1520.5,720.5,800.0,2241,,
BRD-K79131428,1,0,4,1523.0,0.0,,1523,,
BRD-K49861754,1,0,4,1524.0,0.0,,1524,,
ag 18,2,0,4,1525.0,783.0,742.0,2308,,
BRD-K68437527,1,0,4,1526.0,0.0,,1526,,
labetalol hydrochloride,1,0,4,1528.0,0.0,,1528,,
su 4312,1,0,4,1529.0,0.0,,1529,,
BRD-A32214171,2,0,4,1529.5,612.5,917.0,2142,,
ay 9944,1,0,4,1530.0,0.0,,1530,,
BRD-K05104363,2,0,4,1532.0,716.0,816.0,2248,,
ncgc00185837-02,1,0,4,1532.0,0.0,,1532,,
BRD-K23217072,1,0,4,1533.0,0.0,,1533,,
stock4s-23872,1,0,4,1535.0,0.0,,1535,,
s1014,1,0,4,1539.0,0.0,,1539,,
SYK-inhibitor,2,0,4,1539.5,803.5,736.0,2343,,
BRD-A85712510,1,0,4,1540.0,0.0,,1540,,
zolantidine dimaleate,1,0,4,1541.0,0.0,,1541,,
mls-0435555.0001,2,0,4,1541.5,688.5,853.0,2230,,
v2264,1,0,4,1542.0,0.0,,1542,,
BRD-K14236372,1,0,4,1545.0,0.0,,1545,,
w-9 hydrochloride,2,0,4,1545.5,663.5,882.0,2209,,
clocortolone pivalate,1,0,4,1546.0,0.0,,1546,,
BRD-K55127335,1,0,4,1547.0,0.0,,1547,,
BRD-A83802330,1,0,4,1548.0,0.0,,1548,,
u0126,2,0,4,1550.5,749.5,801.0,2300,,
dibenzyline,1,0,4,1551.0,0.0,,1551,,
lasalocid sodium,2,0,4,1552.0,682.0,870.0,2234,,
ncgc00182357-01,1,0,4,1552.0,0.0,,1552,,
WZ-7043,1,0,4,1553.0,0.0,,1553,,
BRD-K12393722,2,0,4,1554.0,742.0,812.0,2296,,
donepezil hydrochloride,1,0,4,1555.0,0.0,,1555,,
acyclovir,1,0,4,1557.0,0.0,,1557,,
s1104,2,0,4,1560.5,671.5,889.0,2232,,
hy-11066,1,0,4,1561.0,0.0,,1561,,
chloroquine diphosphate,2,0,4,1569.0,658.0,911.0,2227,,
BRD-K81609421,1,0,4,1570.0,0.0,,1570,,
hydrocortisone,1,0,4,1572.0,0.0,,1572,,
BRD-K03176945,1,0,4,1573.0,0.0,,1573,,
nonoxynol-9,2,0,4,1574.0,723.0,851.0,2297,,
corticosterone,1,0,4,1576.0,0.0,,1576,,
rifabutin,2,0,4,1576.5,680.5,896.0,2257,,
BRD-K30523950,1,0,4,1577.0,0.0,,1577,,
garcinol,2,0,4,1577.0,748.0,829.0,2325,,
jak3 inhibitor v,2,0,4,1577.5,725.5,852.0,2303,,
estradiol benzoate,1,0,4,1578.0,0.0,,1578,,
BRD-K11558771,1,0,4,1579.0,0.0,,1579,,
triamcinolone,2,0,4,1579.5,595.5,984.0,2175,,
BRD-K60070073,1,0,4,1581.0,0.0,,1581,,
thimerosal,1,0,4,1582.0,0.0,,1582,,
triamcinolone acetonide,1,0,4,1583.0,0.0,,1583,,
tacrolimus,1,0,4,1584.0,0.0,,1584,,
BRD-A40431293,2,0,4,1586.0,705.0,881.0,2291,,
flufenamic acid,1,0,4,1586.0,0.0,,1586,,
s1017,2,0,4,1589.0,626.0,963.0,2215,,
flurandrenolide,1,0,4,1591.0,0.0,,1591,,
BRD-K56477805,1,0,4,1592.0,0.0,,1592,,
ag-014699 (pf-01367338),2,0,4,1593.5,673.5,920.0,2267,,
arg-a1-22 brd-k91349888,1,0,4,1594.0,0.0,,1594,,
norcyclobenzaprine,2,0,4,1594.5,755.5,839.0,2350,,
BRD-K35638681,1,0,4,1596.0,0.0,,1596,,
zd 7155 hydrochloride,2,0,4,1596.0,683.0,913.0,2279,,
h 89 dihydrochloride,1,0,4,1597.0,0.0,,1597,,
ei-155,2,0,4,1597.5,763.5,834.0,2361,,
BRD-K34098590,1,0,4,1598.0,0.0,,1598,,
BRD-K49865102,2,0,4,1598.5,663.5,935.0,2262,,
dipropyldopamine,1,0,4,1599.0,0.0,,1599,,
sulfaguanidine,1,0,4,1600.0,0.0,,1600,,
butein,1,0,4,1602.0,0.0,,1602,,
BRD-A30455275,1,0,4,1605.0,0.0,,1605,,
isoquercitrin,1,0,4,1606.0,0.0,,1606,,
fk 888,2,0,4,1607.0,734.0,873.0,2341,,
BRD-K61217870,1,0,4,1608.0,0.0,,1608,,
BRD-K55827386,1,0,4,1609.0,0.0,,1609,,
glycopyrrolate,1,0,4,1610.0,0.0,,1610,,
jtc 801,2,0,4,1610.0,649.0,961.0,2259,,
f4679,1,0,4,1611.0,0.0,,1611,,
bu 239 hydrochloride,1,0,4,1614.0,0.0,,1614,,
BRD-K10010115,1,0,4,1615.0,0.0,,1615,,
azacitidine,2,0,4,1615.0,690.0,925.0,2305,,
fit,1,0,4,1616.0,0.0,,1616,,
quizartinib,2,0,4,1616.0,698.0,918.0,2314,,
n-benzylnaltrindole hydrochloride,2,0,4,1619.0,697.0,922.0,2316,,
ag 82,1,0,4,1621.0,0.0,,1621,,
naproxol,2,0,4,1622.5,688.5,934.0,2311,,
BRD-K69569876,1,0,4,1623.0,0.0,,1623,,
bas 02859604,1,0,4,1624.0,0.0,,1624,,
gw 9508,1,0,4,1625.0,0.0,,1625,,
gr 103691,2,0,4,1625.5,686.5,939.0,2312,,
BRD-K78524708,1,0,4,1626.0,0.0,,1626,,
mosapride,1,0,4,1627.0,0.0,,1627,,
pentobarbital,2,0,4,1627.0,726.0,901.0,2353,,
c8273,1,0,4,1628.0,0.0,,1628,,
VE821,2,0,4,1628.5,697.5,931.0,2326,,
budesonide,1,0,4,1629.0,0.0,,1629,,
BRD-K70161581,1,0,4,1630.0,0.0,,1630,,
gamma-linolenic acid (18:3 n-6),2,0,4,1633.0,727.0,906.0,2360,,
ncgc00242557-01,1,0,4,1633.0,0.0,,1633,,
thiocolchicoside,1,0,4,1635.0,0.0,,1635,,
mls-0454415.0001,1,0,4,1636.0,0.0,,1636,,
gr 79236,1,0,4,1639.0,0.0,,1639,,
arachidonamide,1,0,4,1641.0,0.0,,1641,,
BRD-K06765193,1,0,4,1642.0,0.0,,1642,,
ncgc00187898-02,1,0,4,1644.0,0.0,,1644,,
pronethalol hydrochloride,1,0,4,1645.0,0.0,,1645,,
GSK-J4,2,0,4,1647.5,681.5,966.0,2329,,
BRD-K89209981,1,0,4,1648.0,0.0,,1648,,
masitinib,2,0,4,1648.0,696.0,952.0,2344,,
tolazamide,1,0,4,1649.0,0.0,,1649,,
avermectin b1a,1,0,4,1651.0,0.0,,1651,,
niguldipine,2,0,4,1651.5,682.5,969.0,2334,,
btb06091sc,1,0,4,1652.0,0.0,,1652,,
ABT-737,2,0,4,1653.0,698.0,955.0,2351,,
halcinonide,1,0,4,1653.0,0.0,,1653,,
thalidomide,1,0,4,1654.0,0.0,,1654,,
e6 berbamine,1,0,4,1656.0,0.0,,1656,,
cdc,1,0,4,1657.0,0.0,,1657,,
gr-207,2,0,4,1659.0,699.0,960.0,2358,,
ketanserin tartrate hydrate,2,0,4,1659.0,697.0,962.0,2356,,
dubinidine,1,0,4,1663.0,0.0,,1663,,
a2478,1,0,4,1664.0,0.0,,1664,,
BRD-A05565054,1,0,4,1665.0,0.0,,1665,,
benzamil hydrochloride,1,0,4,1667.0,0.0,,1667,,
dihomo-gamma-linolenic acid,1,0,4,1668.0,0.0,,1668,,
ncgc00011606-02,2,0,4,1669.0,696.0,973.0,2365,,
dapt,2,0,4,1671.0,699.0,972.0,2370,,
BRD-K85318537 (obaa),2,0,4,1672.0,702.0,970.0,2374,,
piribedil dihydrochloride,1,0,4,1672.0,0.0,,1672,,
ranitidine,1,0,4,1673.0,0.0,,1673,,
ALW-II-49-7,2,0,4,1675.0,698.0,977.0,2373,,
nobiletin,2,0,4,1675.0,696.0,979.0,2371,,
t 98475,2,0,4,1675.5,692.5,983.0,2368,,
rimcazole dihydrochloride,2,0,4,1678.5,693.5,985.0,2372,,
BRD-K53414658,1,0,4,1679.0,0.0,,1679,,
BRD-A00420644,1,0,4,1680.0,0.0,,1680,,
BRD-K38340366,1,0,4,1681.0,0.0,,1681,,
am 404,1,0,4,1682.0,0.0,,1682,,
p1075,1,0,4,1683.0,0.0,,1683,,
gbr 13069 dihydrochloride,1,0,4,1684.0,0.0,,1684,,
modafinil,1,0,4,1685.0,0.0,,1685,,
BRD-A25170757,1,0,4,1686.0,0.0,,1686,,
ncgc00242267-03,1,0,4,1687.0,0.0,,1687,,
tolbutamide,1,0,4,1688.0,0.0,,1688,,
pivmecillinam hydrochloride,1,0,4,1689.0,0.0,,1689,,
ethyl-beta-carboline-3-carboxylate,1,0,4,1692.0,0.0,,1692,,
BRD-K16947188,1,0,4,1694.0,0.0,,1694,,
bongkrekic acid,1,0,4,1700.0,0.0,,1700,,
cgp 53353,1,0,4,1701.0,0.0,,1701,,
vu0420364-1,1,0,4,1702.0,0.0,,1702,,
bl-081,1,0,4,1704.0,0.0,,1704,,
meprylcaine hydrochloride,1,0,4,1705.0,0.0,,1705,,
BRD-K09186807,1,0,4,1710.0,0.0,,1710,,
BRD-A16820783,1,0,4,1711.0,0.0,,1711,,
dipropyl-5ct,1,0,4,1712.0,0.0,,1712,,
nitrocaramiphen hydrochloride,1,0,4,1713.0,0.0,,1713,,
ncgc00010428-03,1,0,4,1714.0,0.0,,1714,,
o-1918,1,0,4,1715.0,0.0,,1715,,
vu0404997-2,1,0,4,1718.0,0.0,,1718,,
cgp 54626 hydrochloride,1,0,4,1724.0,0.0,,1724,,
BRD-K82580504,1,0,4,1726.0,0.0,,1726,,
quetiapine,1,0,4,1727.0,0.0,,1727,,
BRD-K27290412,1,0,4,1728.0,0.0,,1728,,
rapamycin,1,0,4,1729.0,0.0,,1729,,
bw-b 70c,1,0,4,1730.0,0.0,,1730,,
BRD-K94390040,1,0,4,1731.0,0.0,,1731,,
kb-r7943 mesylate,1,0,4,1734.0,0.0,,1734,,
cimaterol,1,0,4,1738.0,0.0,,1738,,
pkcbeta inhibitor,1,0,4,1739.0,0.0,,1739,,
glimepiride,1,0,4,1741.0,0.0,,1741,,
methapyrilene hydrochloride,1,0,4,1743.0,0.0,,1743,,
BRD-K36354764,1,0,4,1747.0,0.0,,1747,,
KI20227,1,0,4,1748.0,0.0,,1748,,
l-sulforophane,1,0,4,1749.0,0.0,,1749,,
ag 9,1,0,4,1751.0,0.0,,1751,,
cyclosporin a,1,0,4,1752.0,0.0,,1752,,
xylazine,1,0,4,1754.0,0.0,,1754,,
zeranol,1,0,4,1755.0,0.0,,1755,,
rs 67333 hydrochloride,1,0,4,1757.0,0.0,,1757,,
BRD-K64525051,1,0,4,1758.0,0.0,,1758,,
angiogenesis inhibitor,1,0,4,1760.0,0.0,,1760,,
racepinephrine hcl,1,0,4,1762.0,0.0,,1762,,
ritanserin,1,0,4,1765.0,0.0,,1765,,
BRD-K05977823,1,0,4,1766.0,0.0,,1766,,
brompheniramine maleate,1,0,4,1768.0,0.0,,1768,,
ro 60-0175,1,0,4,1769.0,0.0,,1769,,
BRD-A04308630,1,0,4,1770.0,0.0,,1770,,
enrofloxacin,1,0,4,1771.0,0.0,,1771,,
bmy 45778,1,0,4,1772.0,0.0,,1772,,
s1080,1,0,4,1773.0,0.0,,1773,,
bh3i-1,1,0,4,1775.0,0.0,,1775,,
BRD-K44241590,1,0,4,1776.0,0.0,,1776,,
KIN001-266,1,0,4,1777.0,0.0,,1777,,
BRD-K68007270,1,0,4,1780.0,0.0,,1780,,
ncgc00186542-01,1,0,4,1782.0,0.0,,1782,,
norethindrone,1,0,4,1783.0,0.0,,1783,,
BRD-K02641134,1,0,4,1784.0,0.0,,1784,,
hydrocortisone hemisuccinate,1,0,4,1785.0,0.0,,1785,,
BRD-K12762134,1,0,4,1786.0,0.0,,1786,,
uzi/1930680,1,0,4,1788.0,0.0,,1788,,
BRD-K28180706,1,0,4,1789.0,0.0,,1789,,
cgs 12066b,1,0,4,1792.0,0.0,,1792,,
BRD-K73155123,1,0,4,1793.0,0.0,,1793,,
BRD-A32449311,1,0,4,1794.0,0.0,,1794,,
r3904,1,0,4,1796.0,0.0,,1796,,
nitrofurazone,1,0,4,1797.0,0.0,,1797,,
clonidine hydrochloride,1,0,4,1799.0,0.0,,1799,,
mitotane,1,0,4,1800.0,0.0,,1800,,
BRD-K95760042,1,0,4,1803.0,0.0,,1803,,
ncgc00182353-01,1,0,4,1805.0,0.0,,1805,,
BRD-K16541732,1,0,4,1806.0,0.0,,1806,,
trap 101,1,0,4,1807.0,0.0,,1807,,
nizatidine,1,0,4,1808.0,0.0,,1808,,
caffeic acid phenethyl ester,1,0,4,1809.0,0.0,,1809,,
mls-0351065,1,0,4,1813.0,0.0,,1813,,
BRD-K62169556,1,0,4,1814.0,0.0,,1814,,
cjd-pla-20-1,1,0,4,1815.0,0.0,,1815,,
amodiaquin dihydrochloride dihydrate,1,0,4,1816.0,0.0,,1816,,
1391-0741,1,0,4,1817.0,0.0,,1817,,
pepstatin a,1,0,4,1819.0,0.0,,1819,,
dephostatin,1,0,4,1821.0,0.0,,1821,,
BRD-K45114207,1,0,4,1822.0,0.0,,1822,,
ncgc00182388-01,1,0,4,1823.0,0.0,,1823,,
BRD-K72451865,1,0,4,1825.0,0.0,,1825,,
BRD-K77480336,1,0,4,1827.0,0.0,,1827,,
BRD-K62310379 (fluticasone propionate),1,0,4,1828.0,0.0,,1828,,
beclomethasone,1,0,4,1829.0,0.0,,1829,,
l 161982,1,0,4,1830.0,0.0,,1830,,
fr 139317,1,0,4,1832.0,0.0,,1832,,
BRD-K47635719 (dexamethasone acetate),1,0,4,1833.0,0.0,,1833,,
BRD-K13794505,1,0,4,1836.0,0.0,,1836,,
penitrem a,1,0,4,1842.0,0.0,,1842,,
BRD-K34387287,1,0,4,1844.0,0.0,,1844,,
remacemide hydrochloride,1,0,4,1845.0,0.0,,1845,,
ncgc00188012-01,1,0,4,1846.0,0.0,,1846,,
kn-93,1,0,4,1847.0,0.0,,1847,,
piceatannol,1,0,4,1849.0,0.0,,1849,,
ethacrynic acid,1,0,4,1850.0,0.0,,1850,,
BRD-A30395175,1,0,4,1851.0,0.0,,1851,,
sulfisoxazole,1,0,4,1852.0,0.0,,1852,,
BRD-K47764688,1,0,4,1855.0,0.0,,1855,,
BRD-K54687541,1,0,4,1858.0,0.0,,1858,,
isorotenone,1,0,4,1860.0,0.0,,1860,,
BRD-K94544211,1,0,4,1861.0,0.0,,1861,,
BRD-K03371390,1,0,4,1864.0,0.0,,1864,,
duloxetine hydrochloride,1,0,4,1865.0,0.0,,1865,,
mls-0390818.0001,1,0,4,1866.0,0.0,,1866,,
bp 554 maleate,1,0,4,1867.0,0.0,,1867,,
BRD-K78294846,1,0,4,1870.0,0.0,,1870,,
8-{[2-oxo-2-(1-pyrrolidinyl)ethyl]thio}quinoline,1,0,4,1871.0,0.0,,1871,,
bl-079,1,0,4,1872.0,0.0,,1872,,
mls-0435526.0001,1,0,4,1873.0,0.0,,1873,,
calcipotriol,1,0,4,1874.0,0.0,,1874,,
c247,1,0,4,1875.0,0.0,,1875,,
chlorthalidone,1,0,4,1878.0,0.0,,1878,,
mls-0315871.0001,1,0,4,1880.0,0.0,,1880,,
ambroxol hydrochloride,1,0,4,1882.0,0.0,,1882,,
BRD-A54632525,1,0,4,1883.0,0.0,,1883,,
ncgc00229600-01,1,0,4,1884.0,0.0,,1884,,
mls-0435541.0001,1,0,4,1885.0,0.0,,1885,,
BRD-K19410523,1,0,4,1886.0,0.0,,1886,,
linoleamide,1,0,4,1889.0,0.0,,1889,,
n-desmethylclozapine,1,0,4,1890.0,0.0,,1890,,
oligomycin c,1,0,4,1891.0,0.0,,1891,,
calcipotriene,1,0,4,1894.0,0.0,,1894,,
A 769662,1,0,4,1896.0,0.0,,1896,,
BRD-K67619794,1,0,4,1898.0,0.0,,1898,,
BRD-K60297835,1,0,4,1899.0,0.0,,1899,,
ncgc00183237-01,1,0,4,1900.0,0.0,,1900,,
cay10618,1,0,4,1901.0,0.0,,1901,,
BRD-K67470788,1,0,4,1905.0,0.0,,1905,,
methylandrostenediol,1,0,4,1907.0,0.0,,1907,,
BRD-K93578426,1,0,4,1908.0,0.0,,1908,,
indirubin-3?-monoxime,1,0,4,1909.0,0.0,,1909,,
BRD-K14880289,1,0,4,1915.0,0.0,,1915,,
dexamethasone acetate,1,0,4,1917.0,0.0,,1917,,
amiodarone hydrochloride,1,0,4,1918.0,0.0,,1918,,
st023431,1,0,4,1922.0,0.0,,1922,,
BRD-K01868942,1,0,4,1924.0,0.0,,1924,,
rs 100329 hydrochloride,1,0,4,1925.0,0.0,,1925,,
citalopram hydrobromide,1,0,4,1926.0,0.0,,1926,,
SB-216763,1,0,4,1927.0,0.0,,1927,,
BRD-A49848186,1,0,4,1928.0,0.0,,1928,,
sertindole,1,0,4,1929.0,0.0,,1929,,
BRD-K16618170,1,0,4,1930.0,0.0,,1930,,
cy 208-243,1,0,4,1931.0,0.0,,1931,,
maprotiline hydrochloride,1,0,4,1932.0,0.0,,1932,,
mycophenolate mofetil,1,0,4,1934.0,0.0,,1934,,
BRD-K42021584,1,0,4,1935.0,0.0,,1935,,
BRD-K58479490,1,0,4,1937.0,0.0,,1937,,
skatole,1,0,4,1938.0,0.0,,1938,,
piroxicam,1,0,4,1940.0,0.0,,1940,,
u 18666a,1,0,4,1941.0,0.0,,1941,,
cam-9-021 brd-k05563014,1,0,4,1942.0,0.0,,1942,,
3-methyladenine,1,0,4,1943.0,0.0,,1943,,
ncgc00181801-01,1,0,4,1944.0,0.0,,1944,,
y 134,1,0,4,1945.0,0.0,,1945,,
hy-11067,1,0,4,1946.0,0.0,,1946,,
chlorphensin carbamate,1,0,4,1947.0,0.0,,1947,,
KIN001-220,1,0,4,1948.0,0.0,,1948,,
BRD-K09299610,1,0,4,1949.0,0.0,,1949,,
stock2s-79598,1,0,4,1951.0,0.0,,1951,,
BRD-K23644387,1,0,4,1953.0,0.0,,1953,,
clofibric acid,1,0,4,1955.0,0.0,,1955,,
flavokawain b,1,0,4,1957.0,0.0,,1957,,
beclomethasone dipropionate,1,0,4,1958.0,0.0,,1958,,
BRD-K07061353,1,0,4,1963.0,0.0,,1963,,
ncgc00181799-01,1,0,4,1967.0,0.0,,1967,,
BRD-K23657553,1,0,4,1968.0,0.0,,1968,,
cgs 15943,1,0,4,1970.0,0.0,,1970,,
ciclopirox ethanolamine,1,0,4,1973.0,0.0,,1973,,
BRD-K88569143,1,0,4,1974.0,0.0,,1974,,
BRD-K70917163,1,0,4,1975.0,0.0,,1975,,
BRD-A63583287,1,0,4,1976.0,0.0,,1976,,
s1362,1,0,4,1977.0,0.0,,1977,,
protriptyline hydrochloride,1,0,4,1980.0,0.0,,1980,,
"w-12, hydrochloride",1,0,4,1982.0,0.0,,1982,,
eplerenone,1,0,4,1983.0,0.0,,1983,,
rosuvastatin calcium,1,0,4,1984.0,0.0,,1984,,
BRD-K42687792,1,0,4,1985.0,0.0,,1985,,
BRD-A81282034,1,0,4,1989.0,0.0,,1989,,
BRD-K74949371,1,0,4,1990.0,0.0,,1990,,
tcs 359,1,0,4,1992.0,0.0,,1992,,
propentofylline,1,0,4,1993.0,0.0,,1993,,
NVP-BGJ398,1,0,4,1994.0,0.0,,1994,,
cjd-pla-49-3,1,0,4,1996.0,0.0,,1996,,
piperacetazine,1,0,4,2000.0,0.0,,2000,,
BRD-K32112425,1,0,4,2001.0,0.0,,2001,,
itavastatin ca,1,0,4,2004.0,0.0,,2004,,
uk 356618,1,0,4,2005.0,0.0,,2005,,
s1118,1,0,4,2006.0,0.0,,2006,,
st001903,1,0,4,2007.0,0.0,,2007,,
doxycycline,1,0,4,2009.0,0.0,,2009,,
rifapentine,1,0,4,2010.0,0.0,,2010,,
"l-ornithine, n5-[imino(methylamino)methyl]-[cas]",1,0,4,2013.0,0.0,,2013,,
meloxicam sodium,1,0,4,2014.0,0.0,,2014,,
sb 269970 hydrochloride,1,0,4,2016.0,0.0,,2016,,
rosiglitazone hydrochloride,1,0,4,2017.0,0.0,,2017,,
ncgc00181375-01,1,0,4,2022.0,0.0,,2022,,
BRD-K00824317 (flurandrenolide),1,0,4,2024.0,0.0,,2024,,
triacsin-c,1,0,4,2025.0,0.0,,2025,,
sertraline hydrochloride,1,0,4,2026.0,0.0,,2026,,
clopidogrel,1,0,4,2028.0,0.0,,2028,,
chlormadinone acetate,1,0,4,2032.0,0.0,,2032,,
coumarin,1,0,4,2033.0,0.0,,2033,,
r 59-022,1,0,4,2035.0,0.0,,2035,,
saquinavir mesylate,1,0,4,2036.0,0.0,,2036,,
pd 158780,1,0,4,2037.0,0.0,,2037,,
ncgc00189393-02,1,0,4,2038.0,0.0,,2038,,
BRD-K64314806,1,0,4,2039.0,0.0,,2039,,
ncgc00167094-01,1,0,4,2041.0,0.0,,2041,,
BRD-K68588778,1,0,4,2042.0,0.0,,2042,,
BRD-K35133769,1,0,4,2043.0,0.0,,2043,,
vu0365121-1,1,0,4,2044.0,0.0,,2044,,
erk inhibitor 11e,1,0,4,2046.0,0.0,,2046,,
BRD-K05331696,1,0,4,2048.0,0.0,,2048,,
fr 122047 hydrochloride,1,0,4,2050.0,0.0,,2050,,
BRD-K86231656,1,0,4,2051.0,0.0,,2051,,
BRD-A07614565,1,0,4,2052.0,0.0,,2052,,
h-8,1,0,4,2053.0,0.0,,2053,,
tyrphostin 47,1,0,4,2056.0,0.0,,2056,,
ciglitazone,1,0,4,2060.0,0.0,,2060,,
ozagrel hydrochloride,1,0,4,2061.0,0.0,,2061,,
skf 89976a hydrochloride,1,0,4,2063.0,0.0,,2063,,
clobetasol,1,0,4,2064.0,0.0,,2064,,
minoxidil,1,0,4,2065.0,0.0,,2065,,
eo 1428,1,0,4,2066.0,0.0,,2066,,
depo-medrol,1,0,4,2071.0,0.0,,2071,,
ncgc00182942-03,1,0,4,2072.0,0.0,,2072,,
gr 159897,1,0,4,2077.0,0.0,,2077,,
nortriptyline hydrochloride,1,0,4,2078.0,0.0,,2078,,
ncgc00184891-01,1,0,4,2079.0,0.0,,2079,,
mercaptopurine,1,0,4,2080.0,0.0,,2080,,
BRD-K21773564,1,0,4,2082.0,0.0,,2082,,
amg 9810,1,0,4,2084.0,0.0,,2084,,
BRD-K88742110,1,0,4,2085.0,0.0,,2085,,
urapidil hydrochloride,1,0,4,2087.0,0.0,,2087,,
ncgc00184713-01,1,0,4,2089.0,0.0,,2089,,
BRD-K91913968,1,0,4,2090.0,0.0,,2090,,
reserpine,1,0,4,2091.0,0.0,,2091,,
ketoprofen,1,0,4,2096.0,0.0,,2096,,
BRD-K18861610,1,0,4,2097.0,0.0,,2097,,
BRD-K91836367,1,0,4,2098.0,0.0,,2098,,
zardaverine,1,0,4,2099.0,0.0,,2099,,
BRD-K84762162,1,0,4,2100.0,0.0,,2100,,
BRD-K92981876,1,0,4,2101.0,0.0,,2101,,
perphenazine,1,0,4,2102.0,0.0,,2102,,
6-azauridine,1,0,4,2109.0,0.0,,2109,,
(e)-capsaicin,1,0,4,2110.0,0.0,,2110,,
ropinirole hcl,1,0,4,2111.0,0.0,,2111,,
sb 334867,1,0,4,2113.0,0.0,,2113,,
valyltryptophan,1,0,4,2114.0,0.0,,2114,,
coumestrol,1,0,4,2115.0,0.0,,2115,,
mafenide hydrochloride,1,0,4,2117.0,0.0,,2117,,
prednisolone,1,0,4,2120.0,0.0,,2120,,
BRD-K81441552,1,0,4,2123.0,0.0,,2123,,
BRD-K75418381,1,0,4,2124.0,0.0,,2124,,
BRD-K63368502,1,0,4,2126.0,0.0,,2126,,
naloxone hydrochloride,1,0,4,2128.0,0.0,,2128,,
2-chloroadenosine,1,0,4,2129.0,0.0,,2129,,
"nf-kb activation inhibitor ii, jsh-23",1,0,4,2132.0,0.0,,2132,,
BRD-K69159985,1,0,4,2134.0,0.0,,2134,,
BRD-K61496577 (flumethasone),1,0,4,2135.0,0.0,,2135,,
BRD-A54077041,1,0,4,2136.0,0.0,,2136,,
BRD-K94841585,1,0,4,2137.0,0.0,,2137,,
pindolol,1,0,4,2139.0,0.0,,2139,,
hy-70061,1,0,4,2140.0,0.0,,2140,,
indatraline,1,0,4,2141.0,0.0,,2141,,
BRD-K51443908,1,0,4,2143.0,0.0,,2143,,
BRD-K90999434,1,0,4,2144.0,0.0,,2144,,
valproic acid,1,0,4,2145.0,0.0,,2145,,
homosalate,1,0,4,2146.0,0.0,,2146,,
BRD-K84450674,1,0,4,2148.0,0.0,,2148,,
ncgc00182362-01,1,0,4,2151.0,0.0,,2151,,
BRD-K07452532,1,0,4,2153.0,0.0,,2153,,
BRD-K57353465,1,0,4,2154.0,0.0,,2154,,
metoprolol tartrate,1,0,4,2155.0,0.0,,2155,,
BRD-K87964538,1,0,4,2156.0,0.0,,2156,,
diloxanide furoate,1,0,4,2157.0,0.0,,2157,,
BRD-K76042595,1,0,4,2158.0,0.0,,2158,,
diphenylcyclopropenone,1,0,4,2159.0,0.0,,2159,,
BRD-K86027709,1,0,4,2160.0,0.0,,2160,,
hy-10456,1,0,4,2161.0,0.0,,2161,,
BRD-K33680967,1,0,4,2164.0,0.0,,2164,,
auraptene,1,0,4,2165.0,0.0,,2165,,
dup 697,1,0,4,2168.0,0.0,,2168,,
"fluphenazine-n-2-chloroethane, dihydrochloride",1,0,4,2169.0,0.0,,2169,,
aripiprazole,1,0,4,2170.0,0.0,,2170,,
isoreserpine,1,0,4,2171.0,0.0,,2171,,
ncgc00229596-01,1,0,4,2172.0,0.0,,2172,,
tubocurarine chloride,1,0,4,2173.0,0.0,,2173,,
salsolinol hydrobromide,1,0,4,2174.0,0.0,,2174,,
h-5832,1,0,4,2178.0,0.0,,2178,,
BRD-K74989018,1,0,4,2179.0,0.0,,2179,,
BRD-K87426499,1,0,4,2180.0,0.0,,2180,,
doramapimod,1,0,4,2183.0,0.0,,2183,,
BRD-K89626439,1,0,4,2184.0,0.0,,2184,,
hy-11004,1,0,4,2185.0,0.0,,2185,,
prednicarbate,1,0,4,2187.0,0.0,,2187,,
ftt,1,0,4,2188.0,0.0,,2188,,
ncgc00012272-02,1,0,4,2189.0,0.0,,2189,,
linolenic acid (18:3 n-3),1,0,4,2191.0,0.0,,2191,,
tiotidine,1,0,4,2193.0,0.0,,2193,,
rg-14620,1,0,4,2195.0,0.0,,2195,,
BIX-02189,1,0,4,2196.0,0.0,,2196,,
flubendazole,1,0,4,2198.0,0.0,,2198,,
l 655240,1,0,4,2200.0,0.0,,2200,,
vindesine,1,0,4,2201.0,0.0,,2201,,
fu jmbii105b,1,0,4,2202.0,0.0,,2202,,
bumetanide,1,0,4,2203.0,0.0,,2203,,
trazodone hydrochloride,1,0,4,2204.0,0.0,,2204,,
bl-095,1,0,4,2205.0,0.0,,2205,,
tpl2,1,0,4,2207.0,0.0,,2207,,
formoterol hemifumarate,1,0,4,2208.0,0.0,,2208,,
s1170,1,0,4,2210.0,0.0,,2210,,
jzl-184,1,0,4,2212.0,0.0,,2212,,
ncgc00241435-01,1,0,4,2213.0,0.0,,2213,,
trioxsalen,1,0,4,2214.0,0.0,,2214,,
BRD-K01806521,1,0,4,2217.0,0.0,,2217,,
nnc 26-9100,1,0,4,2218.0,0.0,,2218,,
guggulsterone,1,0,4,2220.0,0.0,,2220,,
ncgc00012508-02,1,0,4,2221.0,0.0,,2221,,
zm 306416 hydrochloride,1,0,4,2223.0,0.0,,2223,,
deguelin(-),1,0,4,2224.0,0.0,,2224,,
skf 81297 hydrobromide,1,0,4,2225.0,0.0,,2225,,
calcitriol,1,0,4,2226.0,0.0,,2226,,
n-chlorophenyl-n-hexylpiperazine,1,0,4,2228.0,0.0,,2228,,
s1152,1,0,4,2229.0,0.0,,2229,,
BRD-K83509924,1,0,4,2231.0,0.0,,2231,,
np-002257,1,0,4,2233.0,0.0,,2233,,
ncgc00167098-01,1,0,4,2235.0,0.0,,2235,,
GSK1059615,1,0,4,2236.0,0.0,,2236,,
BRD-K02920722,1,0,4,2238.0,0.0,,2238,,
jte 907,1,0,4,2240.0,0.0,,2240,,
BRD-K75477256,1,0,4,2242.0,0.0,,2242,,
BRD-K12401458,1,0,4,2243.0,0.0,,2243,,
d3943,1,0,4,2244.0,0.0,,2244,,
cgs 9343b,1,0,4,2245.0,0.0,,2245,,
d0196,1,0,4,2246.0,0.0,,2246,,
ly 288513,1,0,4,2252.0,0.0,,2252,,
"ly-163,502",1,0,4,2255.0,0.0,,2255,,
nnc 711,1,0,4,2256.0,0.0,,2256,,
BRD-K24861700,1,0,4,2258.0,0.0,,2258,,
BRD-A86792397,1,0,4,2260.0,0.0,,2260,,
5-fluorouracil,1,0,4,2264.0,0.0,,2264,,
fluprostenol,1,0,4,2265.0,0.0,,2265,,
cmpd-1,1,0,4,2266.0,0.0,,2266,,
BRD-K48716658,1,0,4,2268.0,0.0,,2268,,
BRD-A37735495,1,0,4,2269.0,0.0,,2269,,
BRD-K71599932,1,0,4,2270.0,0.0,,2270,,
clebopride maleate,1,0,4,2271.0,0.0,,2271,,
BRD-K62970326,1,0,4,2272.0,0.0,,2272,,
BRD-K39829853,1,0,4,2273.0,0.0,,2273,,
BRD-K96704648,1,0,4,2274.0,0.0,,2274,,
gatifloxacin,1,0,4,2275.0,0.0,,2275,,
hycanthone,1,0,4,2276.0,0.0,,2276,,
BRD-K57309821,1,0,4,2277.0,0.0,,2277,,
"l-168,049",1,0,4,2278.0,0.0,,2278,,
gw 3965 hydrochloride,1,0,4,2280.0,0.0,,2280,,
gr 46611,1,0,4,2281.0,0.0,,2281,,
s1084,1,0,4,2282.0,0.0,,2282,,
axon1408,1,0,4,2283.0,0.0,,2283,,
protein tyrosine phosphatase inhibitor iv,1,0,4,2284.0,0.0,,2284,,
BRD-K28100108,1,0,4,2285.0,0.0,,2285,,
rimexolone,1,0,4,2286.0,0.0,,2286,,
propyl-beta-carboline-3-carboxylate,1,0,4,2287.0,0.0,,2287,,
losartan potassium,1,0,4,2289.0,0.0,,2289,,
cgs 20625,1,0,4,2290.0,0.0,,2290,,
cd 01333,1,0,4,2292.0,0.0,,2292,,
flumethasone,1,0,4,2293.0,0.0,,2293,,
"brl 37344, sodium salt",1,0,4,2294.0,0.0,,2294,,
bd 1047 dihydrobromide,1,0,4,2298.0,0.0,,2298,,
s1173,1,0,4,2299.0,0.0,,2299,,
1483-0018,1,0,4,2301.0,0.0,,2301,,
BRD-K52080565,1,0,4,2302.0,0.0,,2302,,
ncgc00181921-02,1,0,4,2304.0,0.0,,2304,,
fenbufen,1,0,4,2306.0,0.0,,2306,,
t5247673,1,0,4,2307.0,0.0,,2307,,
BRD-K42629487,1,0,4,2309.0,0.0,,2309,,
gw 583340 dihydrochloride,1,0,4,2310.0,0.0,,2310,,
GW-5074,1,0,4,2313.0,0.0,,2313,,
BRD-K22006123,1,0,4,2317.0,0.0,,2317,,
ncgc00242340-01,1,0,4,2318.0,0.0,,2318,,
BRD-K11362964,1,0,4,2319.0,0.0,,2319,,
BRD-K70714754,1,0,4,2320.0,0.0,,2320,,
BRD-K33116223,1,0,4,2321.0,0.0,,2321,,
u-0126,1,0,4,2322.0,0.0,,2322,,
ncgc00188700-01,1,0,4,2323.0,0.0,,2323,,
kuc104488 kuc104488n,1,0,4,2324.0,0.0,,2324,,
BRD-K27169919,1,0,4,2327.0,0.0,,2327,,
s1475,1,0,4,2328.0,0.0,,2328,,
BRD-K92470030,1,0,4,2330.0,0.0,,2330,,
BRD-K61175124,1,0,4,2331.0,0.0,,2331,,
hy-50898,1,0,4,2332.0,0.0,,2332,,
ncgc00182327-02,1,0,4,2333.0,0.0,,2333,,
BRD-K76698671,1,0,4,2335.0,0.0,,2335,,
fluphenazine dihydrochloride,1,0,4,2336.0,0.0,,2336,,
thiostrepton,1,0,4,2337.0,0.0,,2337,,
BRD-K05593511,1,0,4,2338.0,0.0,,2338,,
nifedipine,1,0,4,2340.0,0.0,,2340,,
"l-741,626",1,0,4,2342.0,0.0,,2342,,
"tamoxifen, 4-hydroxy-, (z)-",1,0,4,2345.0,0.0,,2345,,
mammea a/ba + a/bb,1,0,4,2346.0,0.0,,2346,,
anafranil,1,0,4,2347.0,0.0,,2347,,
BRD-K04695623,1,0,4,2348.0,0.0,,2348,,
ncgc00167097-01,1,0,4,2349.0,0.0,,2349,,
RG-108,1,0,4,2352.0,0.0,,2352,,
nitazoxanide,1,0,4,2354.0,0.0,,2354,,
altrenogest,1,0,4,2355.0,0.0,,2355,,
BRD-K34495954,1,0,4,2359.0,0.0,,2359,,
KIN001-260;,1,0,4,2362.0,0.0,,2362,,
vesamicol,1,0,4,2363.0,0.0,,2363,,
KIN001-269,1,0,4,2364.0,0.0,,2364,,
fenobam,1,0,4,2366.0,0.0,,2366,,
amuvatinib,1,0,4,2367.0,0.0,,2367,,
BRD-K35573744,1,0,4,2369.0,0.0,,2369,,
FR-180204,1,0,4,2375.0,0.0,,2375,,
