compound,score,supporting_contexts,contexts,supporting_signatures,signatures,consistency,permutation_p,permutation_fdr,naive_overlap,interpretation,rank
gefitinib,-0.15426830845668676,4,4,4,4,1.0,0.009900990099009901,0.06717356818554784,16.25,Computational reversal candidate for further investigation.,1
palbociclib,-0.1509665444144835,25,25,25,25,1.0,0.009900990099009901,0.06717356818554784,16.28,Computational reversal candidate for further investigation.,2
KIN001-127,-0.12186842769763576,6,6,6,6,1.0,0.009900990099009901,0.06717356818554784,13.5,Computational reversal candidate for further investigation.,3
dovitinib,-0.1086328053650708,12,13,12,13,0.9230769230769231,0.009900990099009901,0.06717356818554784,14.0,Computational reversal candidate for further investigation.,4
PIK-93,-0.10818060371605757,6,6,6,6,1.0,0.009900990099009901,0.06717356818554784,12.333333333333334,Computational reversal candidate for further investigation.,5
BMS509744,-0.10605986477500196,4,4,4,4,1.0,0.009900990099009901,0.06717356818554784,12.0,Computational reversal candidate for further investigation.,6
trametinib,-0.0950424876889368,22,22,22,22,1.0,0.009900990099009901,0.06717356818554784,13.727272727272727,Computational reversal candidate for further investigation.,7
foretinib,-0.09470122636508266,8,8,8,8,1.0,0.009900990099009901,0.06717356818554784,12.375,Computational reversal candidate for further investigation.,8
JW-7-24-1,-0.09459180079712647,19,20,19,20,0.95,0.009900990099009901,0.06717356818554784,11.9,Computational reversal candidate for further investigation.,9
erlotinib,-0.0928303915014743,5,5,5,5,1.0,0.009900990099009901,0.06717356818554784,12.8,Computational reversal candidate for further investigation.,10
WH-4-025,-0.09182374200634374,8,9,8,9,0.8888888888888888,0.009900990099009901,0.06717356818554784,11.88888888888889,Computational reversal candidate for further investigation.,11
QL-XI-92,-0.08947769829224604,2,2,2,2,1.0,0.009900990099009901,0.06717356818554784,13.0,Computational reversal candidate for further investigation.,12
pazopanib,-0.08869271155025604,1,1,1,1,1.0,0.009900990099009901,0.06717356818554784,12.0,Computational reversal candidate for further investigation.,13
TG-101348,-0.08847247137416042,18,18,18,18,1.0,0.009900990099009901,0.06717356818554784,13.333333333333334,Computational reversal candidate for further investigation.,14
PHA-793887,-0.0876625223332159,27,28,27,28,0.9642857142857143,0.009900990099009901,0.06717356818554784,12.607142857142858,Computational reversal candidate for further investigation.,15
KW-2449,-0.0865606080163267,2,2,2,2,1.0,0.009900990099009901,0.06717356818554784,12.5,Computational reversal candidate for further investigation.,16
PF 573228,-0.08614729756993436,2,2,2,2,1.0,0.009900990099009901,0.06717356818554784,11.0,Computational reversal candidate for further investigation.,17
CX-5461,-0.08555577013242721,2,2,2,2,1.0,0.009900990099009901,0.06717356818554784,12.0,Computational reversal candidate for further investigation.,18
vandetanib,-0.08530642590665778,1,1,1,1,1.0,0.009900990099009901,0.06717356818554784,13.0,Computational reversal candidate for further investigation.,19
WZ-4-145,-0.08439837513886712,24,25,24,25,0.96,0.009900990099009901,0.06717356818554784,11.96,Computational reversal candidate for further investigation.,20
SU-11274,-0.08388727131248921,4,4,4,4,1.0,0.009900990099009901,0.06717356818554784,11.5,Computational reversal candidate for further investigation.,21
AZD-8330,-0.0825076576376383,21,21,21,21,1.0,0.009900990099009901,0.06717356818554784,12.857142857142858,Computational reversal candidate for further investigation.,22
KU-60019,-0.08167999238579719,1,1,1,1,1.0,0.009900990099009901,0.06717356818554784,9.0,Computational reversal candidate for further investigation.,23
THZ-2-98-01,-0.07688568464115764,1,1,1,1,1.0,0.009900990099009901,0.06717356818554784,13.0,Computational reversal candidate for further investigation.,24
TWS-119,-0.07561628037474556,4,4,4,4,1.0,0.009900990099009901,0.06717356818554784,10.75,Computational reversal candidate for further investigation.,25
BX-795,-0.07267255893760557,2,2,2,2,1.0,0.009900990099009901,0.06717356818554784,11.5,Computational reversal candidate for further investigation.,26
JWE-035,-0.07209723004729852,8,9,8,9,0.8888888888888888,0.009900990099009901,0.06717356818554784,9.555555555555555,Computational reversal candidate for further investigation.,27
MK-2206,-0.0716175465427362,13,14,13,14,0.9285714285714286,0.009900990099009901,0.06717356818554784,11.142857142857142,Computational reversal candidate for further investigation.,28
GDC-0941,-0.06952716547257384,26,28,26,28,0.9285714285714286,0.009900990099009901,0.06717356818554784,10.714285714285714,Computational reversal candidate for further investigation.,29
sutent,-0.06647214278600422,7,7,7,7,1.0,0.009900990099009901,0.06717356818554784,8.428571428571429,Computational reversal candidate for further investigation.,30
YM-201636,-0.06489442155508293,8,8,8,8,1.0,0.009900990099009901,0.06717356818554784,9.25,Computational reversal candidate for further investigation.,31
CGK-733,-0.06439922024029224,6,6,6,6,1.0,0.009900990099009901,0.06717356818554784,10.833333333333334,Computational reversal candidate for further investigation.,32
HG-14-8-02,-0.06238585754380505,6,6,6,6,1.0,0.009900990099009901,0.06717356818554784,10.833333333333334,Computational reversal candidate for further investigation.,33
AKT-inhibitor-1-2,-0.06040215183834642,3,3,3,3,1.0,0.009900990099009901,0.06717356818554784,7.333333333333333,Computational reversal candidate for further investigation.,34
XMD-1499,-0.06029065072811784,5,5,5,5,1.0,0.009900990099009901,0.06717356818554784,8.2,Computational reversal candidate for further investigation.,35
PFI-1,-0.06018655332773145,5,5,5,5,1.0,0.009900990099009901,0.06717356818554784,7.2,Computational reversal candidate for further investigation.,36
GSK-1070916,-0.060121791309074,6,6,6,6,1.0,0.009900990099009901,0.06717356818554784,8.166666666666666,Computational reversal candidate for further investigation.,37
PD-0325901,-0.05955834148766361,37,42,82,87,0.8809523809523809,0.009900990099009901,0.06717356818554784,10.574712643678161,Computational reversal candidate for further investigation.,38
canertinib,-0.05936858312512346,12,13,12,13,0.9230769230769231,0.009900990099009901,0.06717356818554784,12.461538461538462,Computational reversal candidate for further investigation.,39
XMD-1150,-0.059334119842153345,17,18,17,18,0.9444444444444444,0.009900990099009901,0.06717356818554784,10.222222222222221,Computational reversal candidate for further investigation.,40
PI-103,-0.05920546093466277,26,27,26,27,0.9629629629629629,0.009900990099009901,0.06717356818554784,10.148148148148149,Computational reversal candidate for further investigation.,41
sorafenib,-0.058741615879530626,7,7,7,7,1.0,0.009900990099009901,0.06717356818554784,10.142857142857142,Computational reversal candidate for further investigation.,42
ZSTK-474,-0.0571031321046145,26,27,26,27,0.9629629629629629,0.009900990099009901,0.06717356818554784,10.037037037037036,Computational reversal candidate for further investigation.,43
AZD4547,-0.05699509448155247,3,3,3,3,1.0,0.009900990099009901,0.06717356818554784,7.0,Computational reversal candidate for further investigation.,44
GSK-1904529A,-0.05610934783254183,1,1,1,1,1.0,0.009900990099009901,0.06717356818554784,6.0,Computational reversal candidate for further investigation.,45
XMD-892,-0.05607811608567291,3,3,3,3,1.0,0.009900990099009901,0.06717356818554784,9.333333333333334,Computational reversal candidate for further investigation.,46
SB590885,-0.05592279971831168,8,9,8,9,0.8888888888888888,0.009900990099009901,0.06717356818554784,9.777777777777779,Computational reversal candidate for further investigation.,47
SAR-245408,-0.05587644163937575,3,3,3,3,1.0,0.009900990099009901,0.06717356818554784,8.0,Computational reversal candidate for further investigation.,48
PD-184352,-0.05525782051197051,16,16,16,16,1.0,0.009900990099009901,0.06717356818554784,9.5625,Computational reversal candidate for further investigation.,49
PF-3758309,-0.054727445940236166,15,15,15,15,1.0,0.009900990099009901,0.06717356818554784,8.933333333333334,Computational reversal candidate for further investigation.,50
crizotinib,-0.054462434250587825,7,7,7,7,1.0,0.009900990099009901,0.06717356818554784,8.857142857142858,Computational reversal candidate for further investigation.,51
garcinol,-0.05388937826643389,1,1,1,1,1.0,0.009900990099009901,0.06717356818554784,11.0,Computational reversal candidate for further investigation.,52
NVP-TAE684,-0.05319148153475357,25,26,25,26,0.9615384615384616,0.009900990099009901,0.06717356818554784,10.538461538461538,Computational reversal candidate for further investigation.,53
BS-181,-0.05312002543838015,1,1,1,1,1.0,0.009900990099009901,0.06717356818554784,9.0,Computational reversal candidate for further investigation.,54
nutlin-3,-0.05310262484509224,1,1,1,1,1.0,0.009900990099009901,0.06717356818554784,8.0,Computational reversal candidate for further investigation.,55
pelitinib,-0.052579803746513804,13,14,13,14,0.9285714285714286,0.009900990099009901,0.06717356818554784,8.428571428571429,Computational reversal candidate for further investigation.,56
pracinostat,-0.052413535976778405,28,28,28,28,1.0,0.009900990099009901,0.06717356818554784,9.535714285714286,Computational reversal candidate for further investigation.,57
I-BET,-0.05229335101097907,7,7,7,7,1.0,0.009900990099009901,0.06717356818554784,6.714285714285714,Computational reversal candidate for further investigation.,58
AST1306,-0.05200122433685546,2,2,2,2,1.0,0.009900990099009901,0.06717356818554784,7.5,Computational reversal candidate for further investigation.,59
torin-1,-0.051688687059541424,40,42,40,42,0.9523809523809523,0.009900990099009901,0.06717356818554784,10.642857142857142,Computational reversal candidate for further investigation.,60
BIX-01294,-0.051565989396494885,3,3,3,3,1.0,0.009900990099009901,0.06717356818554784,8.0,Computational reversal candidate for further investigation.,61
selumetinib,-0.05060408980390681,18,20,18,20,0.9,0.009900990099009901,0.06717356818554784,11.4,Computational reversal candidate for further investigation.,62
dabrafenib,-0.05015386390902735,13,13,13,13,1.0,0.009900990099009901,0.06717356818554784,7.0,Computational reversal candidate for further investigation.,63
GDC-0980,-0.049967670330160474,24,24,24,24,1.0,0.009900990099009901,0.06717356818554784,9.75,Computational reversal candidate for further investigation.,64
PHA-665752,-0.04994027247260717,7,7,7,7,1.0,0.009900990099009901,0.06717356818554784,8.714285714285714,Computational reversal candidate for further investigation.,65
UNC0638,-0.049740213594347646,3,3,3,3,1.0,0.009900990099009901,0.06717356818554784,7.666666666666667,Computational reversal candidate for further investigation.,66
neratinib,-0.049452405681493644,15,16,15,16,0.9375,0.009900990099009901,0.06717356818554784,8.9375,Computational reversal candidate for further investigation.,67
HG-14-10-04,-0.0493850864867972,4,4,4,4,1.0,0.009900990099009901,0.06717356818554784,9.0,Computational reversal candidate for further investigation.,68
SGI-1776,-0.04840472061531036,5,5,5,5,1.0,0.009900990099009901,0.06717356818554784,9.0,Computational reversal candidate for further investigation.,69
torin-2,-0.04800115950231762,38,40,38,40,0.95,0.009900990099009901,0.06717356818554784,9.475,Computational reversal candidate for further investigation.,70
BX-912,-0.04787657662149834,3,3,3,3,1.0,0.009900990099009901,0.06717356818554784,6.333333333333333,Computational reversal candidate for further investigation.,71
serdemetan,-0.04752369658607678,2,2,2,2,1.0,0.009900990099009901,0.06717356818554784,8.5,Computational reversal candidate for further investigation.,72
GSK-2126458,-0.047374444073055785,52,54,52,54,0.9629629629629629,0.009900990099009901,0.06717356818554784,10.407407407407407,Computational reversal candidate for further investigation.,73
NU-7441,-0.04668513967179757,7,7,7,7,1.0,0.009900990099009901,0.06717356818554784,9.857142857142858,Computational reversal candidate for further investigation.,74
C646,-0.046498841036332825,5,5,5,5,1.0,0.009900990099009901,0.06717356818554784,10.4,Computational reversal candidate for further investigation.,75
(+)-JQ1,-0.046467263305076695,19,20,19,20,0.95,0.009900990099009901,0.06717356818554784,6.3,Computational reversal candidate for further investigation.,76
celastrol,-0.04576210947083606,16,17,16,17,0.9411764705882353,0.009900990099009901,0.06717356818554784,9.117647058823529,Computational reversal candidate for further investigation.,77
fenoterol hydrobromide,-0.045565356300076916,1,1,1,1,1.0,0.009900990099009901,0.06717356818554784,7.0,Computational reversal candidate for further investigation.,78
MGCD-265,-0.045544436659206204,1,1,1,1,1.0,0.009900990099009901,0.06717356818554784,5.0,Computational reversal candidate for further investigation.,79
LDN-193189,-0.04533478117760159,11,12,11,12,0.9166666666666666,0.009900990099009901,0.06717356818554784,8.833333333333334,Computational reversal candidate for further investigation.,80
sirolimus,-0.04496723451498531,9,10,9,10,0.9,0.009900990099009901,0.06717356818554784,8.3,Computational reversal candidate for further investigation.,81
mocetinostat,-0.04456480804781508,17,17,17,17,1.0,0.009900990099009901,0.06717356818554784,7.0588235294117645,Computational reversal candidate for further investigation.,82
rocilinostat,-0.04449057798634366,6,6,6,6,1.0,0.009900990099009901,0.06717356818554784,9.833333333333334,Computational reversal candidate for further investigation.,83
AZD7762,-0.04443955537362758,1,1,1,1,1.0,0.009900990099009901,0.06717356818554784,7.0,Computational reversal candidate for further investigation.,84
WYE-125132,-0.044064321373902586,35,35,35,35,1.0,0.009900990099009901,0.06717356818554784,9.285714285714286,Computational reversal candidate for further investigation.,85
NVP-AEW541,-0.04380352320251823,7,8,7,8,0.875,0.009900990099009901,0.06717356818554784,9.125,Computational reversal candidate for further investigation.,86
I-BET151,-0.04348630530154832,20,20,20,20,1.0,0.009900990099009901,0.06717356818554784,7.6,Computational reversal candidate for further investigation.,87
HG-6-64-01,-0.04320261952109511,16,18,16,18,0.8888888888888888,0.009900990099009901,0.06717356818554784,9.61111111111111,Computational reversal candidate for further investigation.,88
SB-216763,-0.043088923413371116,1,1,1,1,1.0,0.009900990099009901,0.06717356818554784,9.0,Computational reversal candidate for further investigation.,89
KIN001-265,-0.04297269123929471,3,3,3,3,1.0,0.009900990099009901,0.06717356818554784,9.0,Computational reversal candidate for further investigation.,90
VE821,-0.04286416875133613,2,2,2,2,1.0,0.009900990099009901,0.06717356818554784,10.5,Computational reversal candidate for further investigation.,91
OSI-027,-0.04247321515278625,19,19,19,19,1.0,0.009900990099009901,0.06717356818554784,9.157894736842104,Computational reversal candidate for further investigation.,92
AZD-8055,-0.0421481082767502,27,27,27,27,1.0,0.009900990099009901,0.06717356818554784,9.185185185185185,Computational reversal candidate for further investigation.,93
s1455,-0.04199843544201256,1,1,1,1,1.0,0.009900990099009901,0.06717356818554784,5.0,Computational reversal candidate for further investigation.,94
quizartinib,-0.041946715720868964,1,1,1,1,1.0,0.019801980198019802,0.12219513408627294,8.0,Computational reversal candidate for further investigation.,95
belinostat,-0.04163771772921389,23,25,23,25,0.92,0.009900990099009901,0.06717356818554784,8.4,Computational reversal candidate for further investigation.,96
PD-173074,-0.04064363926018484,6,6,6,6,1.0,0.009900990099009901,0.06717356818554784,10.5,Computational reversal candidate for further investigation.,97
AS-605240,-0.040462170594632835,12,15,12,15,0.8,0.009900990099009901,0.06717356818554784,9.0,Computational reversal candidate for further investigation.,98
entinostat,-0.039880297582040626,14,14,14,14,1.0,0.009900990099009901,0.06717356818554784,7.357142857142857,Computational reversal candidate for further investigation.,99
INK-128,-0.038522299956589914,13,14,13,14,0.9285714285714286,0.009900990099009901,0.06717356818554784,7.071428571428571,Computational reversal candidate for further investigation.,100
XMD16-144,-0.03827079345565591,17,18,17,18,0.9444444444444444,0.009900990099009901,0.06717356818554784,7.5,Computational reversal candidate for further investigation.,101
PF-477736,-0.03825865735519197,13,15,13,15,0.8666666666666667,0.009900990099009901,0.06717356818554784,9.4,Computational reversal candidate for further investigation.,102
XMD-885,-0.03819153756057936,5,5,5,5,1.0,0.009900990099009901,0.06717356818554784,7.2,Computational reversal candidate for further investigation.,103
withaferin-a,-0.037956156898974795,24,27,38,41,0.8888888888888888,0.009900990099009901,0.06717356818554784,8.073170731707316,Computational reversal candidate for further investigation.,104
HG-5-113-01,-0.03780172470787137,12,12,12,12,1.0,0.009900990099009901,0.06717356818554784,7.666666666666667,Computational reversal candidate for further investigation.,105
AT7867,-0.03689245783684564,5,5,5,5,1.0,0.009900990099009901,0.06717356818554784,8.2,Computational reversal candidate for further investigation.,106
BIX-02189,-0.03687441906258371,2,2,2,2,1.0,0.009900990099009901,0.06717356818554784,6.5,Computational reversal candidate for further investigation.,107
NVP-TAE226,-0.03652688803526762,11,11,11,11,1.0,0.009900990099009901,0.06717356818554784,7.181818181818182,Computational reversal candidate for further investigation.,108
(-)-JQ1,-0.03634153337111136,1,1,1,1,1.0,0.009900990099009901,0.06717356818554784,5.0,Computational reversal candidate for further investigation.,109
WZ-4002,-0.0361690182585193,3,3,3,3,1.0,0.009900990099009901,0.06717356818554784,8.666666666666666,Computational reversal candidate for further investigation.,110
XMD11-85H,-0.03604391369261649,8,8,8,8,1.0,0.009900990099009901,0.06717356818554784,8.0,Computational reversal candidate for further investigation.,111
AZ20,-0.03572218182044272,3,3,3,3,1.0,0.009900990099009901,0.06717356818554784,7.0,Computational reversal candidate for further investigation.,112
radicicol,-0.03567493139688015,35,36,54,55,0.9722222222222222,0.009900990099009901,0.06717356818554784,9.927272727272728,Computational reversal candidate for further investigation.,113
BRD-K02113016,-0.03552222163472587,1,1,1,1,1.0,0.019801980198019802,0.12219513408627294,6.0,Computational reversal candidate for further investigation.,114
CP466722,-0.03545584607441654,3,4,3,4,0.75,0.009900990099009901,0.06717356818554784,8.25,Computational reversal candidate for further investigation.,115
PHA-767491,-0.03527185373076175,4,5,4,5,0.8,0.009900990099009901,0.06717356818554784,5.8,Computational reversal candidate for further investigation.,116
RAF 265,-0.03523776312224283,4,6,4,6,0.6666666666666666,0.009900990099009901,0.06717356818554784,6.666666666666667,Computational reversal candidate for further investigation.,117
HG-9-91-01,-0.03521128363027712,2,2,2,2,1.0,0.009900990099009901,0.06717356818554784,7.0,Computational reversal candidate for further investigation.,118
TGX-221,-0.03453429939946551,1,2,1,2,0.5,0.009900990099009901,0.06717356818554784,10.5,Computational reversal candidate for further investigation.,119
CYT387,-0.03447072486434603,5,5,5,5,1.0,0.009900990099009901,0.06717356818554784,6.2,Computational reversal candidate for further investigation.,120
KIN001-043,-0.034079208422617184,13,18,13,18,0.7222222222222222,0.009900990099009901,0.06717356818554784,9.222222222222221,Computational reversal candidate for further investigation.,121
GDC-0879,-0.034076105076435104,2,2,2,2,1.0,0.009900990099009901,0.06717356818554784,6.5,Computational reversal candidate for further investigation.,122
mitoxantrone,-0.03349946925744199,53,59,85,93,0.8983050847457628,0.009900990099009901,0.06717356818554784,10.634408602150538,Computational reversal candidate for further investigation.,123
PF-431396,-0.033226907259495654,9,10,9,10,0.9,0.009900990099009901,0.06717356818554784,7.2,Computational reversal candidate for further investigation.,124
BI-2536,-0.033075208768040584,53,58,62,67,0.9137931034482759,0.009900990099009901,0.06717356818554784,7.985074626865671,Computational reversal candidate for further investigation.,125
linsitinib,-0.03267845259883026,4,5,4,5,0.8,0.009900990099009901,0.06717356818554784,5.8,Computational reversal candidate for further investigation.,126
NVP-BGT226,-0.03259310895977224,20,24,20,24,0.8333333333333334,0.009900990099009901,0.06717356818554784,7.833333333333333,Computational reversal candidate for further investigation.,127
ABT-737,-0.03255668428025074,2,2,2,2,1.0,0.009900990099009901,0.06717356818554784,7.5,Computational reversal candidate for further investigation.,128
AZD-5438,-0.03217897671887031,41,45,41,45,0.9111111111111111,0.009900990099009901,0.06717356818554784,9.28888888888889,Computational reversal candidate for further investigation.,129
regorafenib,-0.031567583099491404,3,3,3,3,1.0,0.009900990099009901,0.06717356818554784,6.666666666666667,Computational reversal candidate for further investigation.,130
dasatinib,-0.03139093507694167,22,27,33,39,0.8148148148148148,0.009900990099009901,0.06717356818554784,7.743589743589744,Computational reversal candidate for further investigation.,131
BRD-K95196255,-0.031272779552571635,2,2,2,2,1.0,0.039603960396039604,0.2096278593376579,7.0,Computational reversal candidate for further investigation.,132
BRD-K19295594,-0.031254528274389105,1,1,1,1,1.0,0.04950495049504951,0.2393388945193732,8.0,Computational reversal candidate for further investigation.,133
BRD-K11663430,-0.030504279186950603,1,1,1,1,1.0,0.009900990099009901,0.06717356818554784,5.0,Computational reversal candidate for further investigation.,134
azacitidine,-0.030488786351400475,9,9,9,9,1.0,0.009900990099009901,0.06717356818554784,7.222222222222222,Computational reversal candidate for further investigation.,135
BRD-K64606589,-0.030401503818227933,2,2,2,2,1.0,0.019801980198019802,0.12219513408627294,7.0,Computational reversal candidate for further investigation.,136
o-2050,-0.030315342338152272,1,1,1,1,1.0,0.019801980198019802,0.12219513408627294,5.0,Computational reversal candidate for further investigation.,137
BRD-K04156788,-0.030247566085571803,1,1,1,1,1.0,0.009900990099009901,0.06717356818554784,5.0,Computational reversal candidate for further investigation.,138
NVP-BEZ235,-0.02989551621664996,34,39,34,39,0.8717948717948718,0.009900990099009901,0.06717356818554784,8.153846153846153,Computational reversal candidate for further investigation.,139
vemurafenib,-0.029749716731812353,8,8,8,8,1.0,0.009900990099009901,0.06717356818554784,8.5,Computational reversal candidate for further investigation.,140
BRD-K84450674,-0.02967958222671664,1,1,1,1,1.0,0.009900990099009901,0.06717356818554784,6.0,Computational reversal candidate for further investigation.,141
BRD-K31851742,-0.02944159814399913,1,1,1,1,1.0,0.04950495049504951,0.2393388945193732,9.0,Computational reversal candidate for further investigation.,142
SYK-inhibitor,-0.029351984539429832,5,6,5,6,0.8333333333333334,0.009900990099009901,0.06717356818554784,6.833333333333333,Computational reversal candidate for further investigation.,143
PLX-4720,-0.028747580716648416,5,7,5,7,0.7142857142857143,0.009900990099009901,0.06717356818554784,8.142857142857142,Computational reversal candidate for further investigation.,144
BRD-K39757396,-0.02862199504926234,1,1,1,1,1.0,0.019801980198019802,0.12219513408627294,6.0,Computational reversal candidate for further investigation.,145
sib 1893,-0.028554326239671378,2,2,2,2,1.0,0.009900990099009901,0.06717356818554784,5.0,Computational reversal candidate for further investigation.,146
tanespimycin,-0.028073719153203846,5,5,12,12,1.0,0.009900990099009901,0.06717356818554784,6.25,Computational reversal candidate for further investigation.,147
scriptaid,-0.0280393545643578,7,8,7,8,0.875,0.009900990099009901,0.06717356818554784,6.5,Computational reversal candidate for further investigation.,148
GW-5074,-0.027846846309278094,1,1,1,1,1.0,0.009900990099009901,0.06717356818554784,7.0,Computational reversal candidate for further investigation.,149
BRD-K50387473,-0.02749075153958479,2,2,2,2,1.0,0.009900990099009901,0.06717356818554784,5.5,Computational reversal candidate for further investigation.,150
GDC-0068,-0.027320018716797033,1,1,1,1,1.0,0.039603960396039604,0.2096278593376579,7.0,Computational reversal candidate for further investigation.,151
LY2603618,-0.027225798612358677,5,7,5,7,0.7142857142857143,0.009900990099009901,0.06717356818554784,6.285714285714286,Computational reversal candidate for further investigation.,152
bosutinib,-0.027028330104752914,3,4,3,4,0.75,0.009900990099009901,0.06717356818554784,8.25,Computational reversal candidate for further investigation.,153
CTB,-0.027019028330152958,1,2,1,2,0.5,0.009900990099009901,0.06717356818554784,8.0,Computational reversal candidate for further investigation.,154
BRD-K37043259,-0.02691609613772095,1,1,1,1,1.0,0.009900990099009901,0.06717356818554784,6.0,Computational reversal candidate for further investigation.,155
lobelanidine hydrochloride,-0.0268839048197846,1,1,1,1,1.0,0.0297029702970297,0.16965231406861617,5.0,Computational reversal candidate for further investigation.,156
QL-XII-47,-0.02668432311106831,31,32,31,32,0.96875,0.009900990099009901,0.06717356818554784,8.65625,Computational reversal candidate for further investigation.,157
ei-232,-0.0265934590735211,1,1,1,1,1.0,0.039603960396039604,0.2096278593376579,9.0,Computational reversal candidate for further investigation.,158
ncgc00185087-01,-0.02649095280858206,1,1,1,1,1.0,0.019801980198019802,0.12219513408627294,5.0,Computational reversal candidate for further investigation.,159
bl-008,-0.026422769293672675,1,1,1,1,1.0,0.0297029702970297,0.16965231406861617,7.0,Computational reversal candidate for further investigation.,160
imatinib,-0.026326160179736904,1,1,1,1,1.0,0.009900990099009901,0.06717356818554784,5.0,Computational reversal candidate for further investigation.,161
dacomitinib,-0.026293868549918113,2,2,2,2,1.0,0.009900990099009901,0.06717356818554784,7.0,Computational reversal candidate for further investigation.,162
AZD-6482,-0.026145558656599392,2,2,2,2,1.0,0.009900990099009901,0.06717356818554784,6.0,Computational reversal candidate for further investigation.,163
DCC-2036,-0.025954350101306943,7,8,7,8,0.875,0.009900990099009901,0.06717356818554784,8.0,Computational reversal candidate for further investigation.,164
d 4476,-0.025934098196413555,1,1,1,1,1.0,0.019801980198019802,0.12219513408627294,5.0,Computational reversal candidate for further investigation.,165
BRD-K12621773,-0.025345736138043078,1,1,1,1,1.0,0.009900990099009901,0.06717356818554784,5.0,Computational reversal candidate for further investigation.,166
skf 96365 hydrochloride,-0.024834908211803557,1,1,1,1,1.0,0.009900990099009901,0.06717356818554784,5.0,Computational reversal candidate for further investigation.,167
BRD-K90826279,-0.024810065312292445,1,1,1,1,1.0,0.04950495049504951,0.2393388945193732,6.0,Computational reversal candidate for further investigation.,168
GW-843682X,-0.024423625464902603,4,6,4,6,0.6666666666666666,0.009900990099009901,0.06717356818554784,6.0,Computational reversal candidate for further investigation.,169
fu jmbii127b,-0.024375322021493367,1,1,1,1,1.0,0.019801980198019802,0.12219513408627294,6.0,Computational reversal candidate for further investigation.,170
BMS-345541,-0.024365452099432285,8,10,8,10,0.8,0.009900990099009901,0.06717356818554784,7.7,Computational reversal candidate for further investigation.,171
BRD-K35424586,-0.02433308822448762,1,1,1,1,1.0,0.04950495049504951,0.2393388945193732,6.0,Computational reversal candidate for further investigation.,172
BRD-K90999434,-0.024311386811727235,1,1,1,1,1.0,0.04950495049504951,0.2393388945193732,5.0,Computational reversal candidate for further investigation.,173
calcipotriene,-0.0242930548796458,1,1,1,1,1.0,0.0297029702970297,0.16965231406861617,6.0,Computational reversal candidate for further investigation.,174
CP-724714,-0.02401544258270529,2,2,2,2,1.0,0.009900990099009901,0.06717356818554784,5.5,Computational reversal candidate for further investigation.,175
BRD-K87343924 (wortmannin),-0.023819304352336243,1,1,1,1,1.0,0.009900990099009901,0.06717356818554784,6.0,Computational reversal candidate for further investigation.,176
BRD-K03176945,-0.023693357879758792,2,2,2,2,1.0,0.009900990099009901,0.06717356818554784,5.0,Computational reversal candidate for further investigation.,177
zaprinast,-0.023667834363441116,1,1,1,1,1.0,0.04950495049504951,0.2393388945193732,5.0,Computational reversal candidate for further investigation.,178
QL-X-138,-0.023523238256673008,14,15,14,15,0.9333333333333333,0.009900990099009901,0.06717356818554784,7.0,Computational reversal candidate for further investigation.,179
NPK76-II-72-1,-0.023242390680795623,2,2,2,2,1.0,0.009900990099009901,0.06717356818554784,6.0,Computational reversal candidate for further investigation.,180
GSK-461364,-0.023159554537909535,7,8,7,8,0.875,0.009900990099009901,0.06717356818554784,6.25,Computational reversal candidate for further investigation.,181
BRD-K37340241,-0.02312567754953679,1,1,1,1,1.0,0.039603960396039604,0.2096278593376579,8.0,Computational reversal candidate for further investigation.,182
np-006304,-0.022991058209887533,2,3,2,3,0.6666666666666666,0.009900990099009901,0.06717356818554784,5.0,Computational reversal candidate for further investigation.,183
AZ-628,-0.02276920471694327,5,6,5,6,0.8333333333333334,0.039603960396039604,0.2096278593376579,7.0,Computational reversal candidate for further investigation.,184
BRD-K75081836,-0.022685809000306895,3,4,3,4,0.75,0.039603960396039604,0.2096278593376579,8.0,Computational reversal candidate for further investigation.,185
BRD-K08451418,-0.02264453983938757,1,1,1,1,1.0,0.019801980198019802,0.12219513408627294,5.0,Computational reversal candidate for further investigation.,186
nintedanib,-0.022644457120503524,8,8,8,8,1.0,0.009900990099009901,0.06717356818554784,6.75,Computational reversal candidate for further investigation.,187
linolenic acid (18:3 n-3),-0.022571224205869683,1,1,1,1,1.0,0.04950495049504951,0.2393388945193732,5.0,Computational reversal candidate for further investigation.,188
GSK-1059615,-0.022556351139802366,24,29,41,49,0.8275862068965517,0.009900990099009901,0.06717356818554784,6.326530612244898,Computational reversal candidate for further investigation.,189
linifanib,-0.022517861384192164,7,9,7,9,0.7777777777777778,0.009900990099009901,0.06717356818554784,7.555555555555555,Computational reversal candidate for further investigation.,190
vu0415556-1,-0.022000535462073815,1,1,1,1,1.0,0.039603960396039604,0.2096278593376579,7.0,Computational reversal candidate for further investigation.,191
ponatinib,-0.02169328552315647,6,6,6,6,1.0,0.009900990099009901,0.06717356818554784,8.166666666666666,Computational reversal candidate for further investigation.,192
oxprenolol hydrochloride,-0.021687382981140896,1,1,1,1,1.0,0.0594059405940594,0.27322282790076763,5.0,Computational reversal candidate for further investigation.,193
ncgc00184830-01,-0.02142107364913834,1,1,1,1,1.0,0.0594059405940594,0.27322282790076763,7.0,Computational reversal candidate for further investigation.,194
lapatinib,-0.02119027764510603,5,5,5,5,1.0,0.009900990099009901,0.06717356818554784,8.0,Computational reversal candidate for further investigation.,195
"l-732,138",-0.021111881950077724,1,1,1,1,1.0,0.019801980198019802,0.12219513408627294,6.0,Computational reversal candidate for further investigation.,196
prothionamide,-0.02110530846401873,1,1,1,1,1.0,0.0297029702970297,0.16965231406861617,5.0,Computational reversal candidate for further investigation.,197
BYL719,-0.02096399363591913,5,5,5,5,1.0,0.009900990099009901,0.06717356818554784,8.0,Computational reversal candidate for further investigation.,198
CH5424802,-0.020929615490933473,2,2,2,2,1.0,0.019801980198019802,0.12219513408627294,8.0,Computational reversal candidate for further investigation.,199
linezolid,-0.020843773986992536,1,1,1,1,1.0,0.0297029702970297,0.16965231406861617,9.0,Computational reversal candidate for further investigation.,200
naloxone hydrochloride,-0.020819125389759528,1,1,1,1,1.0,0.0297029702970297,0.16965231406861617,5.0,Computational reversal candidate for further investigation.,201
BRD-K64857848,-0.020573111151856012,1,1,1,1,1.0,0.04950495049504951,0.2393388945193732,7.0,Computational reversal candidate for further investigation.,202
BRD-K55612480,-0.02050510574706419,1,1,1,1,1.0,0.0891089108910891,0.37346669820565676,7.0,Computational reversal candidate for further investigation.,203
alclometazone dipropionate,-0.020480830596471176,1,1,1,1,1.0,0.1188118811881188,0.4421242124212421,5.0,Computational reversal candidate for further investigation.,204
hy-70044,-0.02028562163364716,2,2,2,2,1.0,0.0297029702970297,0.16965231406861617,5.0,Computational reversal candidate for further investigation.,205
ssr 69071,-0.02026625413701373,2,2,2,2,1.0,0.0297029702970297,0.16965231406861617,6.0,Computational reversal candidate for further investigation.,206
BRD-A57107094,-0.02000427401368622,1,1,1,1,1.0,0.1188118811881188,0.4421242124212421,6.0,Computational reversal candidate for further investigation.,207
NVP-AUY922,-0.01971620358869839,25,31,25,31,0.8064516129032258,0.019801980198019802,0.12219513408627294,6.935483870967742,Computational reversal candidate for further investigation.,208
deoxycorticosterone,-0.01941709214240335,1,1,1,1,1.0,0.04950495049504951,0.2393388945193732,5.0,Computational reversal candidate for further investigation.,209
api-2,-0.019013282802495743,1,1,1,1,1.0,0.07920792079207921,0.344919598342813,5.0,Computational reversal candidate for further investigation.,210
BRD-K14704318,-0.018946536706411592,1,1,1,1,1.0,0.15841584158415842,0.5173793975142195,6.0,Computational reversal candidate for further investigation.,211
gant 58,-0.018809853692728286,1,1,1,1,1.0,0.039603960396039604,0.2096278593376579,7.0,Computational reversal candidate for further investigation.,212
"ly-163,502",-0.018786202428952542,1,1,1,1,1.0,0.0594059405940594,0.27322282790076763,6.0,Computational reversal candidate for further investigation.,213
itavastatin ca,-0.01871361345653458,2,2,2,2,1.0,0.0297029702970297,0.16965231406861617,6.0,Computational reversal candidate for further investigation.,214
tivantinib,-0.018629342160463722,4,6,4,6,0.6666666666666666,0.019801980198019802,0.12219513408627294,5.5,Computational reversal candidate for further investigation.,215
s1053,-0.018613238103735878,4,5,4,5,0.8,0.019801980198019802,0.12219513408627294,5.4,Computational reversal candidate for further investigation.,216
s1018,-0.01853021532433381,1,1,1,1,1.0,0.1782178217821782,0.5582946049707012,7.0,Computational reversal candidate for further investigation.,217
HG-5-88-01,-0.018516265192155525,1,2,1,2,0.5,0.009900990099009901,0.06717356818554784,6.5,Computational reversal candidate for further investigation.,218
BRD-K69569876,-0.018474465597668716,1,1,1,1,1.0,0.0594059405940594,0.27322282790076763,5.0,Computational reversal candidate for further investigation.,219
sericetin,-0.01846587771630906,1,1,1,1,1.0,0.0297029702970297,0.16965231406861617,6.0,Computational reversal candidate for further investigation.,220
saracatinib,-0.018282115795098704,14,16,17,19,0.875,0.009900990099009901,0.06717356818554784,7.631578947368421,Computational reversal candidate for further investigation.,221
ncgc00183412-01,-0.01827583944035766,1,1,1,1,1.0,0.0594059405940594,0.27322282790076763,10.0,Computational reversal candidate for further investigation.,222
hycanthone,-0.018166093443955353,1,1,1,1,1.0,0.0891089108910891,0.37346669820565676,6.0,Computational reversal candidate for further investigation.,223
hli 373,-0.01813765953155503,1,1,1,1,1.0,0.06930693069306931,0.3050498598246921,5.0,Computational reversal candidate for further investigation.,224
strophanthidin,-0.018135716583143544,3,4,3,4,0.75,0.039603960396039604,0.2096278593376579,6.0,Computational reversal candidate for further investigation.,225
alvocidib,-0.018009931675010984,33,42,33,42,0.7857142857142857,0.009900990099009901,0.06717356818554784,7.595238095238095,Computational reversal candidate for further investigation.,226
BRD-A27640568,-0.0178536306747285,2,2,2,2,1.0,0.04950495049504951,0.2393388945193732,5.5,Computational reversal candidate for further investigation.,227
BRD-K68202742 (trichostatin a),-0.017675646030287512,8,8,15,15,1.0,0.009900990099009901,0.06717356818554784,6.2,Computational reversal candidate for further investigation.,228
BRD-K35004659,-0.017596035820646967,1,1,1,1,1.0,0.04950495049504951,0.2393388945193732,5.0,Computational reversal candidate for further investigation.,229
h7270,-0.017592857213954323,7,8,7,8,0.875,0.0297029702970297,0.16965231406861617,6.0,Computational reversal candidate for further investigation.,230
BRD-U86222656,-0.01758458238942449,1,1,1,1,1.0,0.0594059405940594,0.27322282790076763,7.0,Computational reversal candidate for further investigation.,231
ei-148,-0.017563465351420584,1,1,1,1,1.0,0.06930693069306931,0.3050498598246921,5.0,Computational reversal candidate for further investigation.,232
gitoxigenin,-0.017475494358703388,2,3,2,3,0.6666666666666666,0.04950495049504951,0.2393388945193732,5.333333333333333,Computational reversal candidate for further investigation.,233
racepinephrine hcl,-0.017395839614215192,1,1,1,1,1.0,0.1188118811881188,0.4421242124212421,5.0,Computational reversal candidate for further investigation.,234
ncgc00188530-01,-0.017327160804363334,1,1,1,1,1.0,0.10891089108910891,0.42729256951254224,5.0,Computational reversal candidate for further investigation.,235
4-demethoxydaunorubicin hydrochloride (65),-0.017269270768174784,7,8,7,8,0.875,0.009900990099009901,0.06717356818554784,5.875,Computational reversal candidate for further investigation.,236
evodiamine,-0.017256768850271637,1,1,1,1,1.0,0.06930693069306931,0.3050498598246921,5.0,Computational reversal candidate for further investigation.,237
PF-562271,-0.01724815427199262,16,17,16,17,0.9411764705882353,0.009900990099009901,0.06717356818554784,8.823529411764707,Computational reversal candidate for further investigation.,238
BRD-A24054354,-0.01717123329993112,1,1,1,1,1.0,0.0891089108910891,0.37346669820565676,5.0,Computational reversal candidate for further investigation.,239
simvastatin,-0.017136460569341958,1,1,1,1,1.0,0.0891089108910891,0.37346669820565676,5.0,Computational reversal candidate for further investigation.,240
azathioprine,-0.017052255774358982,1,1,1,1,1.0,0.09900990099009901,0.39603960396039606,6.0,Computational reversal candidate for further investigation.,241
BMS-387032,-0.017021477675939645,40,51,40,51,0.7843137254901961,0.009900990099009901,0.06717356818554784,7.294117647058823,Computational reversal candidate for further investigation.,242
BRD-K04923131,-0.016963831759908718,2,2,2,2,1.0,0.0297029702970297,0.16965231406861617,6.5,Computational reversal candidate for further investigation.,243
BRD-K77480336,-0.016930659040883735,2,2,2,2,1.0,0.039603960396039604,0.2096278593376579,5.0,Computational reversal candidate for further investigation.,244
BRD-K55116708,-0.01678173087475101,1,1,1,1,1.0,0.09900990099009901,0.39603960396039606,5.0,Computational reversal candidate for further investigation.,245
bcl-2 inhibitor,-0.016631127898460663,2,2,2,2,1.0,0.0297029702970297,0.16965231406861617,5.5,Computational reversal candidate for further investigation.,246
jak3 inhibitor vi,-0.01656674924213698,1,1,1,1,1.0,0.09900990099009901,0.39603960396039606,8.0,Computational reversal candidate for further investigation.,247
abt-888 (veliparib),-0.01655511597470225,1,1,1,1,1.0,0.12871287128712872,0.4648806057076296,5.0,Computational reversal candidate for further investigation.,248
mls-0390945.0001,-0.016518692635014275,1,1,1,1,1.0,0.06930693069306931,0.3050498598246921,7.0,Computational reversal candidate for further investigation.,249
sp 600125,-0.016505352906790664,1,1,1,1,1.0,0.0594059405940594,0.27322282790076763,5.0,Computational reversal candidate for further investigation.,250
vinpocetine,-0.016420562109209686,1,1,1,1,1.0,0.12871287128712872,0.4648806057076296,7.0,Computational reversal candidate for further investigation.,251
BRD-K28907958,-0.016316677475807447,4,7,4,7,0.5714285714285714,0.0297029702970297,0.16965231406861617,6.285714285714286,Computational reversal candidate for further investigation.,252
ncgc00241726-01,-0.01595414207067597,2,2,2,2,1.0,0.0594059405940594,0.27322282790076763,6.5,Computational reversal candidate for further investigation.,253
ncgc00185090-03,-0.015921125716874675,4,5,4,5,0.8,0.009900990099009901,0.06717356818554784,5.8,Computational reversal candidate for further investigation.,254
BRD-U29336476,-0.015829304765634836,4,4,4,4,1.0,0.019801980198019802,0.12219513408627294,5.25,Computational reversal candidate for further investigation.,255
epirubicin hydrochloride,-0.01575894465012931,3,4,4,5,0.75,0.039603960396039604,0.2096278593376579,5.8,Computational reversal candidate for further investigation.,256
thm-i-94,-0.015729098589259277,7,8,7,8,0.875,0.04950495049504951,0.2393388945193732,6.25,Computational reversal candidate for further investigation.,257
tiabendazole,-0.015698316903462343,1,1,1,1,1.0,0.04950495049504951,0.2393388945193732,5.0,Computational reversal candidate for further investigation.,258
ZM-447439,-0.015671506607526857,1,2,1,2,0.5,0.019801980198019802,0.12219513408627294,6.5,Computational reversal candidate for further investigation.,259
methylstat,-0.01555755124149495,5,5,5,5,1.0,0.04950495049504951,0.2393388945193732,9.6,Computational reversal candidate for further investigation.,260
1495-0136,-0.01541183564515141,1,1,1,1,1.0,0.09900990099009901,0.39603960396039606,5.0,Computational reversal candidate for further investigation.,261
OTSSP167,-0.015404386658913234,13,15,13,15,0.8666666666666667,0.009900990099009901,0.06717356818554784,6.2,Computational reversal candidate for further investigation.,262
BRD-K66254772,-0.015133965232192959,1,1,1,1,1.0,0.0891089108910891,0.37346669820565676,7.0,Computational reversal candidate for further investigation.,263
A443654,-0.015092412093969703,29,44,29,44,0.6590909090909091,0.009900990099009901,0.06717356818554784,7.204545454545454,Computational reversal candidate for further investigation.,264
tgx-115,-0.014954532693807435,2,2,2,2,1.0,0.06930693069306931,0.3050498598246921,7.5,Computational reversal candidate for further investigation.,265
s1085,-0.014891581297094166,4,5,4,5,0.8,0.04950495049504951,0.2393388945193732,7.0,Computational reversal candidate for further investigation.,266
ag 82,-0.0148108639747907,1,1,1,1,1.0,0.07920792079207921,0.344919598342813,5.0,Computational reversal candidate for further investigation.,267
NVP-BGJ398,-0.014810082123302402,1,2,1,2,0.5,0.039603960396039604,0.2096278593376579,5.0,Computational reversal candidate for further investigation.,268
cct 018159,-0.01461376839668132,2,2,2,2,1.0,0.039603960396039604,0.2096278593376579,5.5,Computational reversal candidate for further investigation.,269
BRD-K20401833,-0.014581641943324992,1,1,1,1,1.0,0.13861386138613863,0.4863366336633663,5.0,Computational reversal candidate for further investigation.,270
cabozantinib,-0.014566461391734013,1,1,1,1,1.0,0.1188118811881188,0.4421242124212421,5.0,Computational reversal candidate for further investigation.,271
ncgc00167398-02,-0.014387720479505269,1,1,1,1,1.0,0.12871287128712872,0.4648806057076296,5.0,Computational reversal candidate for further investigation.,272
purvalanol a,-0.014281076311994632,1,1,1,1,1.0,0.15841584158415842,0.5173793975142195,7.0,Computational reversal candidate for further investigation.,273
tozasertib,-0.014201951165672702,3,3,3,3,1.0,0.06930693069306931,0.3050498598246921,6.666666666666667,Computational reversal candidate for further investigation.,274
pq 401,-0.0141863469613998,1,1,1,1,1.0,0.13861386138613863,0.4863366336633663,5.0,Computational reversal candidate for further investigation.,275
s1030,-0.014077832627528266,5,7,5,7,0.7142857142857143,0.0594059405940594,0.27322282790076763,6.571428571428571,Computational reversal candidate for further investigation.,276
km 00927,-0.014074754635848202,6,6,6,6,1.0,0.1188118811881188,0.4421242124212421,5.666666666666667,Computational reversal candidate for further investigation.,277
BRD-K70917163,-0.013942253372231685,1,1,1,1,1.0,0.1485148514851485,0.5038017613916087,5.0,Computational reversal candidate for further investigation.,278
np-009265,-0.013866551504180888,1,1,1,1,1.0,0.12871287128712872,0.4648806057076296,5.0,Computational reversal candidate for further investigation.,279
BRD-K06666320,-0.013844843198581473,2,2,2,2,1.0,0.1485148514851485,0.5038017613916087,6.5,Computational reversal candidate for further investigation.,280
carbidopa,-0.013803892997993493,1,1,1,1,1.0,0.09900990099009901,0.39603960396039606,6.0,Computational reversal candidate for further investigation.,281
BRD-A72837804,-0.013628790593423756,1,1,1,1,1.0,0.2079207920792079,0.599358527402036,7.0,Computational reversal candidate for further investigation.,282
GSK-J4,-0.013549698072850357,2,2,2,2,1.0,0.009900990099009901,0.06717356818554784,5.5,Computational reversal candidate for further investigation.,283
s4002,-0.01352153992119436,1,1,1,1,1.0,0.16831683168316833,0.5368651150829369,5.0,Computational reversal candidate for further investigation.,284
ncgc00241357-01,-0.013516335681354505,1,1,1,1,1.0,0.19801980198019803,0.578972182932579,6.0,Computational reversal candidate for further investigation.,285
BRD-K79459005,-0.013507504425478961,1,1,1,1,1.0,0.06930693069306931,0.3050498598246921,5.0,Computational reversal candidate for further investigation.,286
gavestinel,-0.013497839358337826,1,1,1,1,1.0,0.0891089108910891,0.37346669820565676,6.0,Computational reversal candidate for further investigation.,287
decitabine,-0.013447179614670617,1,1,1,1,1.0,0.039603960396039604,0.2096278593376579,5.0,Computational reversal candidate for further investigation.,288
tpca-1,-0.013150441248007752,2,3,2,3,0.6666666666666666,0.0891089108910891,0.37346669820565676,6.333333333333333,Computational reversal candidate for further investigation.,289
BRD-K79382620,-0.013143745287129763,1,1,1,1,1.0,0.0297029702970297,0.16965231406861617,6.0,Computational reversal candidate for further investigation.,290
BRD-K10114046,-0.013123964853184766,1,1,1,1,1.0,0.09900990099009901,0.39603960396039606,5.0,Computational reversal candidate for further investigation.,291
BRD-A06929388,-0.013095614948517024,1,1,1,1,1.0,0.0891089108910891,0.37346669820565676,5.0,Computational reversal candidate for further investigation.,292
AT-7519,-0.013070716161442692,36,45,36,45,0.8,0.009900990099009901,0.06717356818554784,7.4,Computational reversal candidate for further investigation.,293
gp 2a,-0.013032405479072154,1,1,1,1,1.0,0.16831683168316833,0.5368651150829369,6.0,Computational reversal candidate for further investigation.,294
purmorphamine,-0.013023758559677804,1,1,1,1,1.0,0.1188118811881188,0.4421242124212421,5.0,Computational reversal candidate for further investigation.,295
ki 8751,-0.012791419230201807,2,3,2,3,0.6666666666666666,0.0891089108910891,0.37346669820565676,5.666666666666667,Computational reversal candidate for further investigation.,296
corticosterone,-0.012647145931880297,1,1,1,1,1.0,0.10891089108910891,0.42729256951254224,5.0,Computational reversal candidate for further investigation.,297
devazepide,-0.012628896756981412,1,1,1,1,1.0,0.0891089108910891,0.37346669820565676,5.0,Computational reversal candidate for further investigation.,298
parbendazole,-0.01262810068713906,1,1,1,1,1.0,0.16831683168316833,0.5368651150829369,5.0,Computational reversal candidate for further investigation.,299
z2777,-0.01254543936231809,1,1,1,1,1.0,0.1188118811881188,0.4421242124212421,8.0,Computational reversal candidate for further investigation.,300
s2004,-0.012456630463432188,2,2,2,2,1.0,0.1188118811881188,0.4421242124212421,5.5,Computational reversal candidate for further investigation.,301
BRD-K19922318,-0.012435117492877408,1,1,1,1,1.0,0.1188118811881188,0.4421242124212421,5.0,Computational reversal candidate for further investigation.,302
WZ-3105,-0.012421694149862595,22,30,22,30,0.7333333333333333,0.009900990099009901,0.06717356818554784,5.966666666666667,Computational reversal candidate for further investigation.,303
"methyl 2,5-dihydroxycinnamate",-0.012402062100914728,1,1,1,1,1.0,0.12871287128712872,0.4648806057076296,7.0,Computational reversal candidate for further investigation.,304
BRD-K40373196,-0.012392910971513526,1,1,1,1,1.0,0.09900990099009901,0.39603960396039606,5.0,Computational reversal candidate for further investigation.,305
BRD-K42644990,-0.012378984395451584,2,2,2,2,1.0,0.06930693069306931,0.3050498598246921,5.5,Computational reversal candidate for further investigation.,306
BRD-K52914903,-0.012337288171286974,2,2,2,2,1.0,0.15841584158415842,0.5173793975142195,6.0,Computational reversal candidate for further investigation.,307
piroxicam,-0.012298149408696904,2,2,2,2,1.0,0.1188118811881188,0.4421242124212421,5.0,Computational reversal candidate for further investigation.,308
noscapine hydrochloride,-0.012279199380649055,1,1,1,1,1.0,0.13861386138613863,0.4863366336633663,5.0,Computational reversal candidate for further investigation.,309
bi 2536,-0.01225732224583555,8,11,8,11,0.7272727272727273,0.0594059405940594,0.27322282790076763,6.7272727272727275,Computational reversal candidate for further investigation.,310
ncgc00188536-01,-0.012210520032879429,2,2,2,2,1.0,0.06930693069306931,0.3050498598246921,5.0,Computational reversal candidate for further investigation.,311
cyclo [arg-gly-asp-d-phe-val],-0.012173160111206775,1,1,1,1,1.0,0.13861386138613863,0.4863366336633663,9.0,Computational reversal candidate for further investigation.,312
BRD-K01896723,-0.012109173183702958,2,3,2,3,0.6666666666666666,0.15841584158415842,0.5173793975142195,5.333333333333333,Computational reversal candidate for further investigation.,313
BRD-K68548958,-0.012025210159019053,4,7,4,7,0.5714285714285714,0.04950495049504951,0.2393388945193732,5.857142857142857,Computational reversal candidate for further investigation.,314
ncgc00241077-01,-0.012007457881196903,1,1,1,1,1.0,0.1188118811881188,0.4421242124212421,5.0,Computational reversal candidate for further investigation.,315
benazepril hydrochloride,-0.01190783997006591,1,1,1,1,1.0,0.19801980198019803,0.578972182932579,5.0,Computational reversal candidate for further investigation.,316
"camptothecine (s,+)",-0.011883644394676474,1,1,1,1,1.0,0.1782178217821782,0.5582946049707012,7.0,Computational reversal candidate for further investigation.,317
thiazolopyrimidine,-0.011860921396560368,1,1,1,1,1.0,0.19801980198019803,0.578972182932579,5.0,Computational reversal candidate for further investigation.,318
BRD-K71303366,-0.011799197847223913,1,1,1,1,1.0,0.10891089108910891,0.42729256951254224,5.0,Computational reversal candidate for further investigation.,319
geldanamycin,-0.011798676329589213,42,63,77,115,0.6666666666666666,0.0297029702970297,0.16965231406861617,6.878260869565217,Computational reversal candidate for further investigation.,320
stock4s-72743,-0.011708498386471294,1,1,1,1,1.0,0.0594059405940594,0.27322282790076763,5.0,Computational reversal candidate for further investigation.,321
BRD-K88198340,-0.011682745838129657,1,1,1,1,1.0,0.2871287128712871,0.6913609007959619,9.0,Computational reversal candidate for further investigation.,322
enrofloxacin,-0.01165419405245478,1,1,1,1,1.0,0.12871287128712872,0.4648806057076296,5.0,Computational reversal candidate for further investigation.,323
CGP-60474,-0.011566629071576977,79,103,152,196,0.7669902912621359,0.019801980198019802,0.12219513408627294,7.224489795918367,Computational reversal candidate for further investigation.,324
phenformin hydrochloride,-0.011467120103641319,1,1,1,1,1.0,0.09900990099009901,0.39603960396039606,6.0,Computational reversal candidate for further investigation.,325
np-001236,-0.011438840317324882,2,2,2,2,1.0,0.21782178217821782,0.6134980470524116,7.0,Computational reversal candidate for further investigation.,326
"reichstein/c,aeos substance/c-*s",-0.011343709871682081,1,1,1,1,1.0,0.15841584158415842,0.5173793975142195,5.0,Computational reversal candidate for further investigation.,327
homosalate,-0.011295945068164332,1,1,1,1,1.0,0.21782178217821782,0.6134980470524116,6.0,Computational reversal candidate for further investigation.,328
BRD-A81541225,-0.011219358807280914,1,1,1,1,1.0,0.1188118811881188,0.4421242124212421,5.0,Computational reversal candidate for further investigation.,329
TPCA-1,-0.011028362433560182,5,5,5,5,1.0,0.039603960396039604,0.2096278593376579,5.8,Computational reversal candidate for further investigation.,330
tubocurarine chloride pentahydrate (+),-0.01098385954210631,1,2,1,2,0.5,0.06930693069306931,0.3050498598246921,5.0,Computational reversal candidate for further investigation.,331
BRD-K22096725,-0.010978951088892942,1,1,1,1,1.0,0.12871287128712872,0.4648806057076296,5.0,Computational reversal candidate for further investigation.,332
GSK-2334470,-0.010916272790645743,3,3,3,3,1.0,0.0891089108910891,0.37346669820565676,9.666666666666666,Computational reversal candidate for further investigation.,333
abt-751,-0.010856508142140835,3,4,3,4,0.75,0.04950495049504951,0.2393388945193732,5.75,Computational reversal candidate for further investigation.,334
digitoxigenin,-0.010777980099619795,2,2,2,2,1.0,0.15841584158415842,0.5173793975142195,5.5,Computational reversal candidate for further investigation.,335
BRD-A36630025,-0.01077721783545096,14,14,14,14,1.0,0.04950495049504951,0.2393388945193732,6.357142857142857,Computational reversal candidate for further investigation.,336
BRD-K41220170,-0.010664828313936132,1,1,1,1,1.0,0.26732673267326734,0.6740805497387522,6.0,Computational reversal candidate for further investigation.,337
dinaciclib,-0.01065800682622909,20,26,20,26,0.7692307692307693,0.04950495049504951,0.2393388945193732,6.076923076923077,Computational reversal candidate for further investigation.,338
afatinib,-0.01063471756249611,10,13,10,13,0.7692307692307693,0.06930693069306931,0.3050498598246921,7.846153846153846,Computational reversal candidate for further investigation.,339
BRD-K40175214,-0.010607486275997034,2,2,2,2,1.0,0.09900990099009901,0.39603960396039606,5.5,Computational reversal candidate for further investigation.,340
BRD-K31754360,-0.010593281265000379,1,1,1,1,1.0,0.1188118811881188,0.4421242124212421,6.0,Computational reversal candidate for further investigation.,341
pi 828,-0.010565738867797832,4,4,4,4,1.0,0.09900990099009901,0.39603960396039606,5.5,Computational reversal candidate for further investigation.,342
w-13 hydrochloride,-0.010386353492284813,1,1,1,1,1.0,0.1782178217821782,0.5582946049707012,6.0,Computational reversal candidate for further investigation.,343
16-hydroxytriptolide,-0.010351703418912247,6,10,6,10,0.6,0.039603960396039604,0.2096278593376579,6.7,Computational reversal candidate for further investigation.,344
triciribine,-0.010348330045467207,2,2,2,2,1.0,0.16831683168316833,0.5368651150829369,5.5,Computational reversal candidate for further investigation.,345
dg-041,-0.010196370667358763,4,5,4,5,0.8,0.13861386138613863,0.4863366336633663,6.0,Computational reversal candidate for further investigation.,346
st056792,-0.010122277957898416,2,3,2,3,0.6666666666666666,0.16831683168316833,0.5368651150829369,6.0,Computational reversal candidate for further investigation.,347
trichostatin a,-0.010103986260433392,27,30,116,127,0.9,0.0594059405940594,0.27322282790076763,6.692913385826771,Computational reversal candidate for further investigation.,348
mln4924,-0.010066460063018597,8,9,8,9,0.8888888888888888,0.039603960396039604,0.2096278593376579,6.555555555555555,Computational reversal candidate for further investigation.,349
vorinostat,-0.010027899639358163,55,68,153,188,0.8088235294117647,0.04950495049504951,0.2393388945193732,7.0212765957446805,Computational reversal candidate for further investigation.,350
np-007374,-0.009881835292928349,1,1,1,1,1.0,0.19801980198019803,0.578972182932579,6.0,Computational reversal candidate for further investigation.,351
kenpaullone,-0.00986407060857775,1,1,1,1,1.0,0.18811881188118812,0.5732255607694764,5.0,Computational reversal candidate for further investigation.,352
BRD-A86792397,-0.009830157992269686,1,1,1,1,1.0,0.10891089108910891,0.42729256951254224,5.0,Computational reversal candidate for further investigation.,353
BRD-K63511615,-0.00977949761717243,1,1,1,1,1.0,0.0594059405940594,0.27322282790076763,5.0,Computational reversal candidate for further investigation.,354
bisacodyl,-0.009774155955864125,1,1,1,1,1.0,0.2376237623762376,0.6399166232412715,5.0,Computational reversal candidate for further investigation.,355
flurofamide,-0.009754127626351654,1,1,1,1,1.0,0.1782178217821782,0.5582946049707012,7.0,Computational reversal candidate for further investigation.,356
idarubicin hcl,-0.009751171419040333,2,3,2,3,0.6666666666666666,0.09900990099009901,0.39603960396039606,6.0,Computational reversal candidate for further investigation.,357
forskolin,-0.009731734309454903,3,4,3,4,0.75,0.04950495049504951,0.2393388945193732,6.5,Computational reversal candidate for further investigation.,358
BRD-K34363599,-0.00970473523708977,1,1,1,1,1.0,0.25742574257425743,0.6669173246438569,6.0,Computational reversal candidate for further investigation.,359
gemcitabine,-0.009658118174000566,2,3,2,3,0.6666666666666666,0.1485148514851485,0.5038017613916087,6.0,Computational reversal candidate for further investigation.,360
iopanoic acid,-0.009654077587030997,1,1,1,1,1.0,0.2376237623762376,0.6399166232412715,5.0,Computational reversal candidate for further investigation.,361
cgs 12066b,-0.00960110604670664,1,1,1,1,1.0,0.26732673267326734,0.6740805497387522,6.0,Computational reversal candidate for further investigation.,362
km00799,-0.009569941298828192,1,1,1,1,1.0,0.09900990099009901,0.39603960396039606,5.0,Computational reversal candidate for further investigation.,363
genistin,-0.00947585503710909,1,1,1,1,1.0,0.19801980198019803,0.578972182932579,5.0,Computational reversal candidate for further investigation.,364
Y-39983,-0.009439492243070939,1,1,1,1,1.0,0.297029702970297,0.7082572334903393,6.0,Computational reversal candidate for further investigation.,365
dc-45-a2,-0.009401551266033387,1,1,1,1,1.0,0.26732673267326734,0.6740805497387522,7.0,Computational reversal candidate for further investigation.,366
BRD-K96072942,-0.009316053178429403,1,1,1,1,1.0,0.12871287128712872,0.4648806057076296,5.0,Computational reversal candidate for further investigation.,367
ei-263,-0.009305453702551019,1,1,1,1,1.0,0.33663366336633666,0.7557333429869496,6.0,Computational reversal candidate for further investigation.,368
BRD-K01436366,-0.00929355002185525,1,1,1,1,1.0,0.1485148514851485,0.5038017613916087,5.0,Computational reversal candidate for further investigation.,369
dipropyldopamine,-0.00923615645923671,1,1,1,1,1.0,0.16831683168316833,0.5368651150829369,5.0,Computational reversal candidate for further investigation.,370
BRD-K13810148,-0.009213024012476449,1,1,1,1,1.0,0.3564356435643564,0.7788309080018322,6.0,Computational reversal candidate for further investigation.,371
BRD-K87909389,-0.009140280782657393,4,7,5,10,0.5714285714285714,0.1485148514851485,0.5038017613916087,6.8,Computational reversal candidate for further investigation.,372
albendazole,-0.00908752780346975,1,1,1,1,1.0,0.18811881188118812,0.5732255607694764,5.0,Computational reversal candidate for further investigation.,373
curcumin,-0.009009522257297294,5,8,5,8,0.625,0.09900990099009901,0.39603960396039606,6.0,Computational reversal candidate for further investigation.,374
uzi/1930680,-0.008986728832995953,2,3,2,3,0.6666666666666666,0.07920792079207921,0.344919598342813,5.333333333333333,Computational reversal candidate for further investigation.,375
tremorine dihydrochloride,-0.008969922085327212,1,1,1,1,1.0,0.13861386138613863,0.4863366336633663,5.0,Computational reversal candidate for further investigation.,376
ic 261,-0.008960342284597914,1,1,1,1,1.0,0.13861386138613863,0.4863366336633663,7.0,Computational reversal candidate for further investigation.,377
kuc104135 kuc104135n,-0.008957348581022146,1,1,1,1,1.0,0.22772277227722773,0.6298278476496298,6.0,Computational reversal candidate for further investigation.,378
hdac6 inhibitor isox,-0.008916683066924051,10,14,10,14,0.7142857142857143,0.10891089108910891,0.42729256951254224,7.214285714285714,Computational reversal candidate for further investigation.,379
hts 10859,-0.008902182128840506,1,2,1,2,0.5,0.18811881188118812,0.5732255607694764,6.0,Computational reversal candidate for further investigation.,380
cyclopiazonic acid,-0.008837495553360792,1,1,1,1,1.0,0.18811881188118812,0.5732255607694764,6.0,Computational reversal candidate for further investigation.,381
camptothecin,-0.008729390752055435,2,3,2,3,0.6666666666666666,0.1485148514851485,0.5038017613916087,7.0,Computational reversal candidate for further investigation.,382
ch 55,-0.008701182116239046,3,3,3,3,1.0,0.1188118811881188,0.4421242124212421,5.0,Computational reversal candidate for further investigation.,383
t5212475,-0.008688407725152853,3,4,3,4,0.75,0.1188118811881188,0.4421242124212421,5.5,Computational reversal candidate for further investigation.,384
s1120,-0.00860130278446763,3,4,3,4,0.75,0.19801980198019803,0.578972182932579,5.0,Computational reversal candidate for further investigation.,385
jfd02227,-0.008597318060129571,1,1,1,1,1.0,0.31683168316831684,0.7327105591915124,5.0,Computational reversal candidate for further investigation.,386
kn-62,-0.008586317969203125,1,1,1,1,1.0,0.32673267326732675,0.7443928066276015,7.0,Computational reversal candidate for further investigation.,387
BRD-K83972459,-0.008390001910791034,1,2,1,2,0.5,0.16831683168316833,0.5368651150829369,5.0,Computational reversal candidate for further investigation.,388
BRD-K58674774,-0.008387633439759849,1,1,1,1,1.0,0.1782178217821782,0.5582946049707012,5.0,Computational reversal candidate for further investigation.,389
BRD-K68007270,-0.008356905862804635,1,1,1,1,1.0,0.19801980198019803,0.578972182932579,5.0,Computational reversal candidate for further investigation.,390
BRD-A94377914,-0.008352617375194916,5,7,5,7,0.7142857142857143,0.12871287128712872,0.4648806057076296,6.285714285714286,Computational reversal candidate for further investigation.,391
proscillaridin a,-0.008273853605381153,1,1,1,1,1.0,0.2871287128712871,0.6913609007959619,5.0,Computational reversal candidate for further investigation.,392
ei-293,-0.008243876160290091,3,4,3,4,0.75,0.21782178217821782,0.6134980470524116,6.5,Computational reversal candidate for further investigation.,393
BRD-K37798499,-0.00822512305518195,1,1,1,1,1.0,0.27722772277227725,0.6891409788752154,5.0,Computational reversal candidate for further investigation.,394
unc0321,-0.008161024544335895,2,2,2,2,1.0,0.19801980198019803,0.578972182932579,6.0,Computational reversal candidate for further investigation.,395
dihomo-gamma-linolenic acid,-0.0081591189047016,1,1,1,1,1.0,0.22772277227722773,0.6298278476496298,5.0,Computational reversal candidate for further investigation.,396
BRD-K56411643,-0.00810011925449008,4,4,4,4,1.0,0.09900990099009901,0.39603960396039606,6.25,Computational reversal candidate for further investigation.,397
heliotrine,-0.008085069747907337,1,1,1,1,1.0,0.16831683168316833,0.5368651150829369,5.0,Computational reversal candidate for further investigation.,398
etomidate,-0.00805787218825935,1,1,1,1,1.0,0.19801980198019803,0.578972182932579,6.0,Computational reversal candidate for further investigation.,399
BRD-K72381041,-0.00801204925354138,1,1,1,1,1.0,0.2079207920792079,0.599358527402036,6.0,Computational reversal candidate for further investigation.,400
fenbendazole,-0.007992339519656251,1,1,1,1,1.0,0.25742574257425743,0.6669173246438569,5.0,Computational reversal candidate for further investigation.,401
hy-50877,-0.007989363630749216,1,1,1,1,1.0,0.24752475247524752,0.6579229351506579,10.0,Computational reversal candidate for further investigation.,402
BRD-K31856043,-0.007987244407249895,1,1,1,1,1.0,0.1188118811881188,0.4421242124212421,5.0,Computational reversal candidate for further investigation.,403
naproxol,-0.007953097101304641,2,2,2,2,1.0,0.26732673267326734,0.6740805497387522,7.5,Computational reversal candidate for further investigation.,404
amodiaquin dihydrochloride dihydrate,-0.007911777275192242,1,1,1,1,1.0,0.26732673267326734,0.6740805497387522,6.0,Computational reversal candidate for further investigation.,405
chelidonine (+),-0.007889298044951282,1,1,1,1,1.0,0.2871287128712871,0.6913609007959619,5.0,Computational reversal candidate for further investigation.,406
methylene blue,-0.00788084424913726,2,4,2,4,0.5,0.15841584158415842,0.5173793975142195,6.0,Computational reversal candidate for further investigation.,407
erythrosine sodium,-0.007839670504765708,3,3,3,3,1.0,0.1782178217821782,0.5582946049707012,7.666666666666667,Computational reversal candidate for further investigation.,408
ncgc00184716-01,-0.007836986518164536,1,1,1,1,1.0,0.2079207920792079,0.599358527402036,5.0,Computational reversal candidate for further investigation.,409
bms 191011,-0.00775396520712561,1,1,1,1,1.0,0.24752475247524752,0.6579229351506579,6.0,Computational reversal candidate for further investigation.,410
BRD-K08307026,-0.007741508554493048,2,3,2,3,0.6666666666666666,0.1485148514851485,0.5038017613916087,6.0,Computational reversal candidate for further investigation.,411
BRD-A47816767,-0.007716587235627442,2,2,2,2,1.0,0.2376237623762376,0.6399166232412715,5.0,Computational reversal candidate for further investigation.,412
SB-525334,-0.007704471104336627,1,1,1,1,1.0,0.10891089108910891,0.42729256951254224,5.0,Computational reversal candidate for further investigation.,413
BRD-K26304855,-0.007668976596543115,3,3,3,3,1.0,0.19801980198019803,0.578972182932579,5.666666666666667,Computational reversal candidate for further investigation.,414
teniposide,-0.007656023354340464,7,12,7,12,0.5833333333333334,0.1188118811881188,0.4421242124212421,6.0,Computational reversal candidate for further investigation.,415
BRD-K65366129,-0.0076320250983595295,1,1,1,1,1.0,0.18811881188118812,0.5732255607694764,7.0,Computational reversal candidate for further investigation.,416
cycloheximide,-0.007621314999449327,4,4,5,5,1.0,0.26732673267326734,0.6740805497387522,7.2,Computational reversal candidate for further investigation.,417
arachidonyl trifluoro-methyl ketone,-0.007590449497413716,5,8,5,8,0.625,0.06930693069306931,0.3050498598246921,6.375,Computational reversal candidate for further investigation.,418
westcort,-0.007421904976205065,1,1,1,1,1.0,0.19801980198019803,0.578972182932579,5.0,Computational reversal candidate for further investigation.,419
gatifloxacin,-0.007375122743266731,1,1,1,1,1.0,0.2871287128712871,0.6913609007959619,5.0,Computational reversal candidate for further investigation.,420
BRD-K00313977,-0.007374655605471062,4,5,4,5,0.8,0.13861386138613863,0.4863366336633663,5.2,Computational reversal candidate for further investigation.,421
AZD-7762,-0.007354261688685476,16,25,16,25,0.64,0.019801980198019802,0.12219513408627294,7.08,Computational reversal candidate for further investigation.,422
v-ama37,-0.00734227031127271,1,1,1,1,1.0,0.19801980198019803,0.578972182932579,5.0,Computational reversal candidate for further investigation.,423
BRD-K53932786,-0.007332129344684899,2,2,2,2,1.0,0.19801980198019803,0.578972182932579,5.0,Computational reversal candidate for further investigation.,424
BRD-A20697603,-0.0073197749418873045,2,2,2,2,1.0,0.2376237623762376,0.6399166232412715,7.5,Computational reversal candidate for further investigation.,425
bp 554 maleate,-0.0073074561024190025,1,1,1,1,1.0,0.26732673267326734,0.6740805497387522,5.0,Computational reversal candidate for further investigation.,426
pik-90,-0.007263593562176627,1,2,1,2,0.5,0.12871287128712872,0.4648806057076296,5.0,Computational reversal candidate for further investigation.,427
daunorubicin,-0.007199853630272438,4,4,4,4,1.0,0.25742574257425743,0.6669173246438569,6.5,Computational reversal candidate for further investigation.,428
BRD-K66792149,-0.0071917479845510935,3,4,3,4,0.75,0.15841584158415842,0.5173793975142195,5.25,Computational reversal candidate for further investigation.,429
BRD-K85123403,-0.007168068614321579,1,1,1,1,1.0,0.3465346534653465,0.7695199899736809,6.0,Computational reversal candidate for further investigation.,430
BRD-U51951544,-0.007165196737960569,4,6,4,6,0.6666666666666666,0.2079207920792079,0.599358527402036,6.666666666666667,Computational reversal candidate for further investigation.,431
BRD-A25337146,-0.007137243371783331,1,1,1,1,1.0,0.19801980198019803,0.578972182932579,5.0,Computational reversal candidate for further investigation.,432
s1216,-0.007028987767927898,3,4,3,4,0.75,0.1485148514851485,0.5038017613916087,5.75,Computational reversal candidate for further investigation.,433
nrb 04155,-0.007027980397268091,1,1,1,1,1.0,0.22772277227722773,0.6298278476496298,6.0,Computational reversal candidate for further investigation.,434
formoterol hemifumarate,-0.007010309874110087,1,1,1,1,1.0,0.2376237623762376,0.6399166232412715,6.0,Computational reversal candidate for further investigation.,435
vesamicol,-0.007007272056597451,1,1,1,1,1.0,0.15841584158415842,0.5173793975142195,5.0,Computational reversal candidate for further investigation.,436
BRD-K10705233,-0.0069883296317738534,4,4,4,4,1.0,0.22772277227722773,0.6298278476496298,6.25,Computational reversal candidate for further investigation.,437
benzoxiquine,-0.006984764713643029,1,1,1,1,1.0,0.27722772277227725,0.6891409788752154,5.0,Computational reversal candidate for further investigation.,438
s1266,-0.0069792536602721784,1,1,1,1,1.0,0.2871287128712871,0.6913609007959619,5.0,Computational reversal candidate for further investigation.,439
bibr1532,-0.0069189699421201185,2,2,2,2,1.0,0.15841584158415842,0.5173793975142195,5.0,Computational reversal candidate for further investigation.,440
glyburide,-0.006916222010388592,1,1,1,1,1.0,0.18811881188118812,0.5732255607694764,5.0,Computational reversal candidate for further investigation.,441
(s)-(-)-bay k 8644,-0.006800900354709707,1,1,1,1,1.0,0.24752475247524752,0.6579229351506579,5.0,Computational reversal candidate for further investigation.,442
valdecoxib,-0.006789944772253566,2,2,2,2,1.0,0.18811881188118812,0.5732255607694764,6.0,Computational reversal candidate for further investigation.,443
riluzole hydrochloride,-0.006765729665951858,1,1,1,1,1.0,0.26732673267326734,0.6740805497387522,8.0,Computational reversal candidate for further investigation.,444
h-5832,-0.006693534635737787,2,2,2,2,1.0,0.18811881188118812,0.5732255607694764,5.5,Computational reversal candidate for further investigation.,445
pf 750,-0.006679790201326601,1,1,1,1,1.0,0.25742574257425743,0.6669173246438569,6.0,Computational reversal candidate for further investigation.,446
am580,-0.006670355069398932,1,1,1,1,1.0,0.27722772277227725,0.6891409788752154,7.0,Computational reversal candidate for further investigation.,447
BRD-K54687541,-0.006649542029947407,1,1,1,1,1.0,0.32673267326732675,0.7443928066276015,6.0,Computational reversal candidate for further investigation.,448
BRD-K24031526,-0.006616688310458135,1,1,1,1,1.0,0.2376237623762376,0.6399166232412715,5.0,Computational reversal candidate for further investigation.,449
BRD-U44618005,-0.006613440108843198,1,1,1,1,1.0,0.24752475247524752,0.6579229351506579,5.0,Computational reversal candidate for further investigation.,450
dihydroergocristine,-0.006545476209382329,1,1,1,1,1.0,0.21782178217821782,0.6134980470524116,6.0,Computational reversal candidate for further investigation.,451
2-fluoropalmitic acid,-0.006515181540029513,1,1,1,1,1.0,0.25742574257425743,0.6669173246438569,5.0,Computational reversal candidate for further investigation.,452
np-009169,-0.006493249489550218,1,1,1,1,1.0,0.27722772277227725,0.6891409788752154,5.0,Computational reversal candidate for further investigation.,453
BRD-A18763547,-0.006491150763602904,1,2,1,2,0.5,0.31683168316831684,0.7327105591915124,6.5,Computational reversal candidate for further investigation.,454
BRD-K97701319,-0.006458778906417287,1,1,1,1,1.0,0.36633663366336633,0.7892305019975682,6.0,Computational reversal candidate for further investigation.,455
bms-754807,-0.006401164034107287,2,3,2,3,0.6666666666666666,0.2871287128712871,0.6913609007959619,6.333333333333333,Computational reversal candidate for further investigation.,456
vu0420364-1,-0.006395419683811732,1,1,1,1,1.0,0.32673267326732675,0.7443928066276015,5.0,Computational reversal candidate for further investigation.,457
BRD-K11558771,-0.006304525217171531,2,2,2,2,1.0,0.18811881188118812,0.5732255607694764,5.0,Computational reversal candidate for further investigation.,458
bml-259,-0.006271886356114953,2,3,2,3,0.6666666666666666,0.18811881188118812,0.5732255607694764,6.333333333333333,Computational reversal candidate for further investigation.,459
mibefradil dihydrochloride,-0.006259157480490744,2,3,2,3,0.6666666666666666,0.21782178217821782,0.6134980470524116,6.0,Computational reversal candidate for further investigation.,460
BRD-K56343971,-0.006251732430588213,3,5,3,5,0.6,0.18811881188118812,0.5732255607694764,7.2,Computational reversal candidate for further investigation.,461
nitazoxanide,-0.006246461414653572,1,1,1,1,1.0,0.21782178217821782,0.6134980470524116,5.0,Computational reversal candidate for further investigation.,462
sulpiride,-0.006244164807840952,1,1,1,1,1.0,0.31683168316831684,0.7327105591915124,5.0,Computational reversal candidate for further investigation.,463
7b-cis,-0.00621793108838906,3,4,3,4,0.75,0.2871287128712871,0.6913609007959619,5.25,Computational reversal candidate for further investigation.,464
progesterone,-0.006193928662112551,1,1,1,1,1.0,0.2376237623762376,0.6399166232412715,5.0,Computational reversal candidate for further investigation.,465
BRD-K05153001,-0.006159643414086017,2,2,2,2,1.0,0.2376237623762376,0.6399166232412715,5.0,Computational reversal candidate for further investigation.,466
BRD-K71726959,-0.006141512717004089,4,5,4,5,0.8,0.1485148514851485,0.5038017613916087,6.0,Computational reversal candidate for further investigation.,467
BRD-K92301463,-0.006139177438050395,2,3,2,3,0.6666666666666666,0.1782178217821782,0.5582946049707012,5.666666666666667,Computational reversal candidate for further investigation.,468
etodolac,-0.006113193612689447,1,1,1,1,1.0,0.2871287128712871,0.6913609007959619,6.0,Computational reversal candidate for further investigation.,469
todralazine hydrochloride,-0.006113193612689447,1,1,1,1,1.0,0.3564356435643564,0.7788309080018322,6.0,Computational reversal candidate for further investigation.,470
dactinomycin,-0.006104815656919163,3,4,3,4,0.75,0.16831683168316833,0.5368651150829369,6.0,Computational reversal candidate for further investigation.,471
BRD-K00954209,-0.006076987913182031,2,2,2,2,1.0,0.22772277227722773,0.6298278476496298,6.0,Computational reversal candidate for further investigation.,472
hy-11009,-0.006037124215211683,3,4,3,4,0.75,0.2376237623762376,0.6399166232412715,6.0,Computational reversal candidate for further investigation.,473
BRD-K15563106,-0.0059599761484720555,4,6,4,6,0.6666666666666666,0.15841584158415842,0.5173793975142195,5.5,Computational reversal candidate for further investigation.,474
hy-10459,-0.005954122950802444,4,5,4,5,0.8,0.27722772277227725,0.6891409788752154,6.2,Computational reversal candidate for further investigation.,475
BRD-A11702965,-0.005930260590421316,2,3,2,3,0.6666666666666666,0.25742574257425743,0.6669173246438569,5.333333333333333,Computational reversal candidate for further investigation.,476
ski ii,-0.0059059180285004256,2,3,2,3,0.6666666666666666,0.21782178217821782,0.6134980470524116,6.666666666666667,Computational reversal candidate for further investigation.,477
BRD-K03122949,-0.005896993355477802,1,1,1,1,1.0,0.26732673267326734,0.6740805497387522,7.0,Computational reversal candidate for further investigation.,478
p5172,-0.005896791231077472,1,1,1,1,1.0,0.22772277227722773,0.6298278476496298,5.0,Computational reversal candidate for further investigation.,479
bvt 948,-0.005877869316098562,1,2,1,2,0.5,0.31683168316831684,0.7327105591915124,5.5,Computational reversal candidate for further investigation.,480
JNK-9L,-0.005786561863824786,22,35,22,35,0.6285714285714286,0.13861386138613863,0.4863366336633663,7.371428571428571,Computational reversal candidate for further investigation.,481
gsk2334470,-0.0057662489363532726,1,1,1,1,1.0,0.25742574257425743,0.6669173246438569,5.0,Computational reversal candidate for further investigation.,482
temsirolimus [ci779],-0.005750184889503386,2,3,2,3,0.6666666666666666,0.19801980198019803,0.578972182932579,5.0,Computational reversal candidate for further investigation.,483
curcubitacin i,-0.005686968840869243,5,8,5,8,0.625,0.2871287128712871,0.6913609007959619,6.375,Computational reversal candidate for further investigation.,484
desoxymetasone,-0.00566608767845181,1,1,1,1,1.0,0.2376237623762376,0.6399166232412715,5.0,Computational reversal candidate for further investigation.,485
s1367,-0.0056343918592192555,2,3,2,3,0.6666666666666666,0.2079207920792079,0.599358527402036,5.0,Computational reversal candidate for further investigation.,486
BRD-K56196992,-0.00561082136271336,1,2,1,2,0.5,0.25742574257425743,0.6669173246438569,6.5,Computational reversal candidate for further investigation.,487
fostamatinib,-0.0055081613645649695,4,6,4,6,0.6666666666666666,0.13861386138613863,0.4863366336633663,5.833333333333333,Computational reversal candidate for further investigation.,488
zd 2079 hydrochloride,-0.005394150093807041,1,1,1,1,1.0,0.2376237623762376,0.6399166232412715,5.0,Computational reversal candidate for further investigation.,489
BRD-K76042595,-0.005262963155901051,1,1,1,1,1.0,0.26732673267326734,0.6740805497387522,5.0,Computational reversal candidate for further investigation.,490
calpeptin,-0.0052561779000848486,1,1,1,1,1.0,0.31683168316831684,0.7327105591915124,5.0,Computational reversal candidate for further investigation.,491
clofarabine,-0.005221740493808504,1,2,1,2,0.5,0.25742574257425743,0.6669173246438569,6.0,Computational reversal candidate for further investigation.,492
prednisolone hemisuccinate,-0.00512111231038225,1,1,1,1,1.0,0.3564356435643564,0.7788309080018322,9.0,Computational reversal candidate for further investigation.,493
pp-30,-0.005045819244014025,5,7,5,7,0.7142857142857143,0.1485148514851485,0.5038017613916087,5.428571428571429,Computational reversal candidate for further investigation.,494
dl-pdmp,-0.005029883223210912,3,5,3,5,0.6,0.27722772277227725,0.6891409788752154,7.0,Computational reversal candidate for further investigation.,495
BRD-K70871370,-0.005025695896341085,1,1,1,1,1.0,0.3465346534653465,0.7695199899736809,5.0,Computational reversal candidate for further investigation.,496
thiostrepton,-0.005014711709596274,1,1,1,1,1.0,0.4158415841584158,0.8263001057387291,6.0,Computational reversal candidate for further investigation.,497
BRD-K85853281,-0.005011878835812741,1,1,1,1,1.0,0.2871287128712871,0.6913609007959619,6.0,Computational reversal candidate for further investigation.,498
sb 218078,-0.004989396074087368,3,4,3,4,0.75,0.26732673267326734,0.6740805497387522,6.5,Computational reversal candidate for further investigation.,499
pi 103 hydrochloride,-0.0049764610119303835,5,8,5,8,0.625,0.15841584158415842,0.5173793975142195,5.75,Computational reversal candidate for further investigation.,500
BRD-K58547240,-0.004967200553962387,1,1,1,1,1.0,0.31683168316831684,0.7327105591915124,5.0,Computational reversal candidate for further investigation.,501
olaparib,-0.004953033960225492,1,1,1,1,1.0,0.3564356435643564,0.7788309080018322,6.0,Computational reversal candidate for further investigation.,502
BRD-K15519488,-0.0049512647402621965,1,1,1,1,1.0,0.32673267326732675,0.7443928066276015,5.0,Computational reversal candidate for further investigation.,503
pifithrin- ?,-0.004947610216516966,4,7,4,7,0.5714285714285714,0.15841584158415842,0.5173793975142195,5.0,Computational reversal candidate for further investigation.,504
BRD-K77681376,-0.004941482928886627,1,2,1,2,0.5,0.297029702970297,0.7082572334903393,5.0,Computational reversal candidate for further investigation.,505
halcinonide,-0.004938600657768376,1,2,1,2,0.5,0.3069306930693069,0.7248286367098249,6.5,Computational reversal candidate for further investigation.,506
ryuvidine,-0.004874153078231965,1,2,1,2,0.5,0.26732673267326734,0.6740805497387522,5.0,Computational reversal candidate for further investigation.,507
BRD-K18724229,-0.0048433355084180965,1,2,1,2,0.5,0.297029702970297,0.7082572334903393,6.5,Computational reversal candidate for further investigation.,508
securinine,-0.004815867103980341,1,1,1,1,1.0,0.3465346534653465,0.7695199899736809,5.0,Computational reversal candidate for further investigation.,509
hy-10181,-0.004745741819273163,1,1,1,1,1.0,0.2871287128712871,0.6913609007959619,5.0,Computational reversal candidate for further investigation.,510
fr 122047 hydrochloride,-0.004734224856491507,1,1,1,1,1.0,0.33663366336633666,0.7557333429869496,6.0,Computational reversal candidate for further investigation.,511
BMS-777607,-0.0047231356986991635,1,1,1,1,1.0,0.40594059405940597,0.821243903632538,6.0,Computational reversal candidate for further investigation.,512
dorsomorphin dihydrochloride,-0.004712408067693808,10,17,10,18,0.5882352941176471,0.1485148514851485,0.5038017613916087,6.055555555555555,Computational reversal candidate for further investigation.,513
BRD-K86574132,-0.004709700422560529,3,5,3,5,0.6,0.33663366336633666,0.7557333429869496,6.2,Computational reversal candidate for further investigation.,514
vx-680,-0.004618584594859542,5,8,5,8,0.625,0.21782178217821782,0.6134980470524116,6.5,Computational reversal candidate for further investigation.,515
dichlorobenzamil,-0.004572537462835339,1,1,1,1,1.0,0.31683168316831684,0.7327105591915124,6.0,Computational reversal candidate for further investigation.,516
buparlisib,-0.0045453516147078935,7,9,7,9,0.7777777777777778,0.15841584158415842,0.5173793975142195,6.0,Computational reversal candidate for further investigation.,517
a112550.cdx,-0.004528250026737296,2,2,2,2,1.0,0.2079207920792079,0.599358527402036,5.5,Computational reversal candidate for further investigation.,518
ku 0060648 trihydrochloride,-0.0045087138723954555,12,18,12,18,0.6666666666666666,0.19801980198019803,0.578972182932579,6.444444444444445,Computational reversal candidate for further investigation.,519
tl hras26 brd-k01877528,-0.00448155012747131,4,7,4,7,0.5714285714285714,0.1485148514851485,0.5038017613916087,6.142857142857143,Computational reversal candidate for further investigation.,520
pp 2,-0.004448207233522831,2,3,2,3,0.6666666666666666,0.2376237623762376,0.6399166232412715,5.0,Computational reversal candidate for further investigation.,521
BRD-K62818989,-0.004397697243844284,1,1,1,1,1.0,0.26732673267326734,0.6740805497387522,5.0,Computational reversal candidate for further investigation.,522
BRD-K54256913,-0.00439640076258828,4,4,4,4,1.0,0.25742574257425743,0.6669173246438569,5.75,Computational reversal candidate for further investigation.,523
BRD-K50234570,-0.004387475554531733,2,3,2,4,0.6666666666666666,0.36633663366336633,0.7892305019975682,7.0,Computational reversal candidate for further investigation.,524
BRD-K85318537 (obaa),-0.0043725125593100005,1,1,1,1,1.0,0.38613861386138615,0.8050563969809545,8.0,Computational reversal candidate for further investigation.,525
c3930,-0.004330768276831744,1,1,1,1,1.0,0.36633663366336633,0.7892305019975682,6.0,Computational reversal candidate for further investigation.,526
(-)-gallocatechin gallate,-0.004326374283007304,1,1,1,1,1.0,0.37623762376237624,0.7979616614511191,5.0,Computational reversal candidate for further investigation.,527
ouabain,-0.004319259710656163,2,3,2,3,0.6666666666666666,0.32673267326732675,0.7443928066276015,5.333333333333333,Computational reversal candidate for further investigation.,528
pp-110,-0.004283023832362735,6,10,6,10,0.6,0.2871287128712871,0.6913609007959619,8.1,Computational reversal candidate for further investigation.,529
daunorubicin hydrochloride,-0.004276357210649373,3,5,4,6,0.6,0.31683168316831684,0.7327105591915124,6.666666666666667,Computational reversal candidate for further investigation.,530
er 27319 maleate,-0.00426360369717224,4,6,4,6,0.6666666666666666,0.3069306930693069,0.7248286367098249,6.5,Computational reversal candidate for further investigation.,531
ncgc00182609-01,-0.004263557630403793,1,2,1,2,0.5,0.39603960396039606,0.8119142465164714,5.5,Computational reversal candidate for further investigation.,532
s1122,-0.004242007110879842,3,4,3,4,0.75,0.2871287128712871,0.6913609007959619,5.75,Computational reversal candidate for further investigation.,533
nafronyl oxalate,-0.004213491444602426,1,1,1,1,1.0,0.3069306930693069,0.7248286367098249,5.0,Computational reversal candidate for further investigation.,534
benzopurpurin (b),-0.004154397576363465,1,1,1,1,1.0,0.37623762376237624,0.7979616614511191,6.0,Computational reversal candidate for further investigation.,535
isoeugenitol,-0.004124760479058987,1,1,1,1,1.0,0.40594059405940597,0.821243903632538,6.0,Computational reversal candidate for further investigation.,536
way 170523,-0.0040938721247992995,2,3,2,3,0.6666666666666666,0.2871287128712871,0.6913609007959619,5.0,Computational reversal candidate for further investigation.,537
u-0126,-0.004071283066333237,2,2,2,2,1.0,0.37623762376237624,0.7979616614511191,5.5,Computational reversal candidate for further investigation.,538
BRD-K23657553,-0.004039749600348862,1,1,1,1,1.0,0.40594059405940597,0.821243903632538,5.0,Computational reversal candidate for further investigation.,539
mls-0391006,-0.004036951801380539,1,1,1,1,1.0,0.3564356435643564,0.7788309080018322,6.0,Computational reversal candidate for further investigation.,540
BRD-K86472598,-0.00396807568482182,1,1,1,1,1.0,0.40594059405940597,0.821243903632538,5.0,Computational reversal candidate for further investigation.,541
arg-a1-22 brd-k91349888,-0.003966173186887181,1,1,1,1,1.0,0.37623762376237624,0.7979616614511191,5.0,Computational reversal candidate for further investigation.,542
hy-11005,-0.003854887817562859,1,2,1,2,0.5,0.21782178217821782,0.6134980470524116,5.5,Computational reversal candidate for further investigation.,543
su11652,-0.003770540154018368,3,3,3,3,1.0,0.3069306930693069,0.7248286367098249,5.333333333333333,Computational reversal candidate for further investigation.,544
ct-200783,-0.0037672595665819847,6,11,6,11,0.5454545454545454,0.22772277227722773,0.6298278476496298,6.090909090909091,Computational reversal candidate for further investigation.,545
quinacrine dihydrochloride dihydrate,-0.0037192592713772544,12,18,12,20,0.6666666666666666,0.22772277227722773,0.6298278476496298,6.6,Computational reversal candidate for further investigation.,546
BRD-U82589721,-0.003682753675211094,1,2,1,2,0.5,0.2871287128712871,0.6913609007959619,5.0,Computational reversal candidate for further investigation.,547
sch 58261,-0.003678751069028386,1,2,1,2,0.5,0.33663366336633666,0.7557333429869496,5.5,Computational reversal candidate for further investigation.,548
auranofin,-0.003661280269691409,3,4,3,4,0.75,0.33663366336633666,0.7557333429869496,6.25,Computational reversal candidate for further investigation.,549
mst- 312,-0.003636568935390121,2,4,2,4,0.5,0.36633663366336633,0.7892305019975682,6.75,Computational reversal candidate for further investigation.,550
BRD-A51777634,-0.0036236472230811393,1,1,1,1,1.0,0.38613861386138615,0.8050563969809545,8.0,Computational reversal candidate for further investigation.,551
BRD-K26664453,-0.0035093845009320696,3,5,3,5,0.6,0.25742574257425743,0.6669173246438569,6.4,Computational reversal candidate for further investigation.,552
vu0365121-1,-0.003497657227802504,1,1,1,1,1.0,0.42574257425742573,0.8405335710419917,5.0,Computational reversal candidate for further investigation.,553
thioridazine hydrochloride,-0.003486690552150438,1,2,1,2,0.5,0.44554455445544555,0.8657099887203911,7.5,Computational reversal candidate for further investigation.,554
BRD-K51556300,-0.003478548254280793,2,2,2,2,1.0,0.297029702970297,0.7082572334903393,5.5,Computational reversal candidate for further investigation.,555
"vegf receptor 3 kinase inhibitor, maz51",-0.0034454992104751645,1,1,1,1,1.0,0.36633663366336633,0.7892305019975682,5.0,Computational reversal candidate for further investigation.,556
p8624,-0.0033802871709974636,6,8,6,8,0.75,0.25742574257425743,0.6669173246438569,6.125,Computational reversal candidate for further investigation.,557
BRD-K60297835,-0.0032390848454629958,1,1,1,1,1.0,0.3069306930693069,0.7248286367098249,5.0,Computational reversal candidate for further investigation.,558
loteprednol,-0.003232086121729858,1,1,1,1,1.0,0.38613861386138615,0.8050563969809545,5.0,Computational reversal candidate for further investigation.,559
BRD-A32449311,-0.0031183955543056022,1,1,1,1,1.0,0.21782178217821782,0.6134980470524116,7.0,Computational reversal candidate for further investigation.,560
roscovitine,-0.003098252022575439,2,4,2,4,0.5,0.24752475247524752,0.6579229351506579,5.75,Computational reversal candidate for further investigation.,561
BRD-K10846167,-0.0030799923880326916,2,3,2,3,0.6666666666666666,0.37623762376237624,0.7979616614511191,5.666666666666667,Computational reversal candidate for further investigation.,562
6-diazo-5-oxo-l-norleucine,-0.0030775546356602203,1,1,1,1,1.0,0.42574257425742573,0.8405335710419917,7.0,Computational reversal candidate for further investigation.,563
calyculin a,-0.0030702125273779635,1,2,1,2,0.5,0.3465346534653465,0.7695199899736809,5.0,Computational reversal candidate for further investigation.,564
glimepiride,-0.0030440545667384826,1,1,1,1,1.0,0.2871287128712871,0.6913609007959619,5.0,Computational reversal candidate for further investigation.,565
piplartine,-0.00301214865972114,10,17,10,18,0.5882352941176471,0.297029702970297,0.7082572334903393,6.0,Computational reversal candidate for further investigation.,566
podofilox,-0.0029599287253247617,2,2,2,2,1.0,0.38613861386138615,0.8050563969809545,7.5,Computational reversal candidate for further investigation.,567
gsk-3b inhibitor viii,-0.0028010756448170375,1,2,1,2,0.5,0.39603960396039606,0.8119142465164714,6.0,Computational reversal candidate for further investigation.,568
akt inhibitor iv,-0.0027029232027562695,3,5,3,5,0.6,0.36633663366336633,0.7892305019975682,6.4,Computational reversal candidate for further investigation.,569
su 4312,-0.0026365180683832305,1,1,1,1,1.0,0.3564356435643564,0.7788309080018322,5.0,Computational reversal candidate for further investigation.,570
BRD-K84203638,-0.002635452780189137,3,4,3,4,0.75,0.4158415841584158,0.8263001057387291,6.25,Computational reversal candidate for further investigation.,571
cilostamide,-0.002599601839291657,1,1,1,1,1.0,0.40594059405940597,0.821243903632538,7.0,Computational reversal candidate for further investigation.,572
bjm-ctd2-9,-0.0025912264047006643,6,11,6,11,0.5454545454545454,0.24752475247524752,0.6579229351506579,6.181818181818182,Computational reversal candidate for further investigation.,573
BRD-K04853698,-0.0025216888501859392,3,6,3,6,0.5,0.3564356435643564,0.7788309080018322,6.5,Computational reversal candidate for further investigation.,574
naltrexone hydrochloride,-0.0025009927788122895,1,1,1,1,1.0,0.44554455445544555,0.8657099887203911,6.0,Computational reversal candidate for further investigation.,575
manumycin a,-0.0024677480380212225,5,8,6,9,0.625,0.32673267326732675,0.7443928066276015,6.555555555555555,Computational reversal candidate for further investigation.,576
tw 37,-0.0023991535759698415,3,6,3,6,0.5,0.32673267326732675,0.7443928066276015,7.333333333333333,Computational reversal candidate for further investigation.,577
sarmentogenin,-0.002378032420340637,1,2,1,2,0.5,0.33663366336633666,0.7557333429869496,5.0,Computational reversal candidate for further investigation.,578
ncgc00242335-01,-0.0023777190612886984,1,1,1,1,1.0,0.3564356435643564,0.7788309080018322,5.0,Computational reversal candidate for further investigation.,579
bx-795,-0.0022859597982659505,4,5,4,5,0.8,0.3465346534653465,0.7695199899736809,5.6,Computational reversal candidate for further investigation.,580
r406,-0.0022446125384019307,1,2,1,2,0.5,0.27722772277227725,0.6891409788752154,5.0,Computational reversal candidate for further investigation.,581
BRD-K19220233,-0.002236673905252663,2,3,2,3,0.6666666666666666,0.4158415841584158,0.8263001057387291,6.333333333333333,Computational reversal candidate for further investigation.,582
ipratropium bromide,-0.0022282007022000356,1,1,1,1,1.0,0.4158415841584158,0.8263001057387291,6.0,Computational reversal candidate for further investigation.,583
mls-0437446.0001,-0.002227963200461167,1,2,1,2,0.5,0.31683168316831684,0.7327105591915124,5.5,Computational reversal candidate for further investigation.,584
pivmecillinam hydrochloride,-0.002207698568344061,1,1,1,1,1.0,0.45544554455445546,0.8793822778504266,5.0,Computational reversal candidate for further investigation.,585
isoreserpine,-0.0022045259732920664,1,1,1,1,1.0,0.31683168316831684,0.7327105591915124,7.0,Computational reversal candidate for further investigation.,586
BRD-K10906552,-0.0021743124415571427,1,1,1,1,1.0,0.504950495049505,0.9366755406658491,5.0,Computational reversal candidate for further investigation.,587
phenolphthalein,-0.0021697356920883848,1,1,1,1,1.0,0.4158415841584158,0.8263001057387291,5.0,Computational reversal candidate for further investigation.,588
s1205,-0.0021695999026987317,3,5,3,5,0.6,0.39603960396039606,0.8119142465164714,6.2,Computational reversal candidate for further investigation.,589
s1130,-0.0021575819143453702,1,1,1,1,1.0,0.40594059405940597,0.821243903632538,5.0,Computational reversal candidate for further investigation.,590
colforsin,-0.002133630159050257,1,1,1,1,1.0,0.40594059405940597,0.821243903632538,7.0,Computational reversal candidate for further investigation.,591
arvanil,-0.002042902592411907,2,3,2,3,0.6666666666666666,0.33663366336633666,0.7557333429869496,5.0,Computational reversal candidate for further investigation.,592
cercosporin,-0.0020134911664653086,2,2,2,2,1.0,0.38613861386138615,0.8050563969809545,5.5,Computational reversal candidate for further investigation.,593
hy-10044,-0.0019727504240394465,2,2,2,2,1.0,0.43564356435643564,0.8532221643216953,7.0,Computational reversal candidate for further investigation.,594
ncgc00165188-01,-0.001934028622899445,1,1,1,1,1.0,0.31683168316831684,0.7327105591915124,7.0,Computational reversal candidate for further investigation.,595
ncgc00182362-01,-0.0018848144848980495,1,1,1,1,1.0,0.39603960396039606,0.8119142465164714,6.0,Computational reversal candidate for further investigation.,596
dexamethasone acetate,-0.0018826944004588092,1,1,1,1,1.0,0.39603960396039606,0.8119142465164714,6.0,Computational reversal candidate for further investigation.,597
BRD-K73319509,-0.001881732268495459,1,1,1,1,1.0,0.4752475247524752,0.8950980987669319,6.0,Computational reversal candidate for further investigation.,598
tacrolimus,-0.0018618080307872915,1,2,1,2,0.5,0.3564356435643564,0.7788309080018322,5.0,Computational reversal candidate for further investigation.,599
s1475,-0.0018294063996124087,1,1,1,1,1.0,0.4752475247524752,0.8950980987669319,5.0,Computational reversal candidate for further investigation.,600
BRD-K31342827,-0.0017954322927334811,5,9,5,9,0.5555555555555556,0.37623762376237624,0.7979616614511191,5.666666666666667,Computational reversal candidate for further investigation.,601
"2,4-dideoxy-dc-45-a2",-0.0017162572924246684,1,2,1,2,0.5,0.36633663366336633,0.7892305019975682,5.0,Computational reversal candidate for further investigation.,602
hy-10161,-0.0016938152542795779,1,2,1,2,0.5,0.42574257425742573,0.8405335710419917,7.5,Computational reversal candidate for further investigation.,603
hemado,-0.0016801707331254804,1,1,1,1,1.0,0.19801980198019803,0.578972182932579,5.0,Computational reversal candidate for further investigation.,604
BRD-K68174511,-0.0016492091339130807,2,2,2,2,1.0,0.38613861386138615,0.8050563969809545,5.0,Computational reversal candidate for further investigation.,605
nnc 26-9100,-0.0015694528886414098,1,1,1,1,1.0,0.4752475247524752,0.8950980987669319,6.0,Computational reversal candidate for further investigation.,606
tropisetron hcl,-0.0015615999141150908,1,1,1,1,1.0,0.39603960396039606,0.8119142465164714,5.0,Computational reversal candidate for further investigation.,607
BRD-K52522949,-0.0015210346180568862,2,3,2,3,0.6666666666666666,0.37623762376237624,0.7979616614511191,6.0,Computational reversal candidate for further investigation.,608
BRD-K00317371,-0.0014343665428506857,1,2,1,2,0.5,0.5148514851485149,0.9436382444214572,8.0,Computational reversal candidate for further investigation.,609
BRD-K00627859,-0.001433897047531038,1,2,1,2,0.5,0.42574257425742573,0.8405335710419917,5.5,Computational reversal candidate for further investigation.,610
sid 26681509,-0.0014176390170124297,3,5,3,5,0.6,0.43564356435643564,0.8532221643216953,6.2,Computational reversal candidate for further investigation.,611
cladribine,-0.00136358734919694,1,2,1,2,0.5,0.39603960396039606,0.8119142465164714,5.0,Computational reversal candidate for further investigation.,612
bd 1063 dihydrochloride,-0.0013042722783966057,1,1,1,1,1.0,0.48514851485148514,0.9095608797520972,5.0,Computational reversal candidate for further investigation.,613
BRD-K72615639,-0.0012945252130532243,1,2,1,2,0.5,0.4158415841584158,0.8263001057387291,5.0,Computational reversal candidate for further investigation.,614
tetrindole mesylate,-0.0012882984016845522,2,3,2,3,0.6666666666666666,0.33663366336633666,0.7557333429869496,5.666666666666667,Computational reversal candidate for further investigation.,615
mitomycin c,-0.0012752928554892375,3,5,3,5,0.6,0.43564356435643564,0.8532221643216953,5.4,Computational reversal candidate for further investigation.,616
np-001821,-0.00123653015648237,1,2,1,2,0.5,0.46534653465346537,0.8859620845805511,5.0,Computational reversal candidate for further investigation.,617
BRD-K23282736,-0.001174622905932999,1,1,1,1,1.0,0.37623762376237624,0.7979616614511191,6.0,Computational reversal candidate for further investigation.,618
ossk 645668,-0.001162331763474361,1,2,1,2,0.5,0.4158415841584158,0.8263001057387291,5.0,Computational reversal candidate for further investigation.,619
vu0365118-1,-0.0011439881628682994,1,1,1,1,1.0,0.32673267326732675,0.7443928066276015,5.0,Computational reversal candidate for further investigation.,620
BRD-K74761218,-0.0010962990992370285,1,2,1,2,0.5,0.5148514851485149,0.9436382444214572,6.5,Computational reversal candidate for further investigation.,621
BRD-K81473043,-0.0010877492692310097,2,4,2,4,0.5,0.46534653465346537,0.8859620845805511,5.75,Computational reversal candidate for further investigation.,622
BRD-K12105018,-0.0010669952181891424,1,1,1,1,1.0,0.44554455445544555,0.8657099887203911,6.0,Computational reversal candidate for further investigation.,623
s1249,-0.0010091145805930179,3,6,3,6,0.5,0.38613861386138615,0.8050563969809545,5.666666666666667,Computational reversal candidate for further investigation.,624
gw 9508,-0.0010088691462484698,1,1,1,1,1.0,0.4158415841584158,0.8263001057387291,6.0,Computational reversal candidate for further investigation.,625
cp 93129 dihydrochloride,-0.00096196836814784,1,1,1,1,1.0,0.4158415841584158,0.8263001057387291,5.0,Computational reversal candidate for further investigation.,626
e3380,-0.0009147939701609088,1,1,1,1,1.0,0.39603960396039606,0.8119142465164714,5.0,Computational reversal candidate for further investigation.,627
wortmannin,-0.000887098519096447,10,20,24,41,0.5,0.38613861386138615,0.8050563969809545,6.121951219512195,Computational reversal candidate for further investigation.,628
mw-ras12,-0.0008608578208997241,2,4,2,4,0.5,0.46534653465346537,0.8859620845805511,5.25,Computational reversal candidate for further investigation.,629
s1057,-0.0008360226085784433,1,2,1,2,0.5,0.5148514851485149,0.9436382444214572,7.0,Computational reversal candidate for further investigation.,630
"ici-162,846",-0.0007996613525918057,1,1,1,1,1.0,0.4158415841584158,0.8263001057387291,5.0,Computational reversal candidate for further investigation.,631
bibx 1382 dihydrochloride,-0.0007919204565709267,1,2,1,2,0.5,0.46534653465346537,0.8859620845805511,7.5,Computational reversal candidate for further investigation.,632
metaxalone,-0.0007481963690701031,1,1,1,1,1.0,0.39603960396039606,0.8119142465164714,7.0,Computational reversal candidate for further investigation.,633
k784-3131,-0.0007473007443610019,2,3,2,3,0.6666666666666666,0.48514851485148514,0.9095608797520972,5.333333333333333,Computational reversal candidate for further investigation.,634
bms-536924,-0.0006970820363970921,5,8,5,8,0.625,0.44554455445544555,0.8657099887203911,6.625,Computational reversal candidate for further investigation.,635
azd8055,-0.000673698945163965,5,10,5,10,0.5,0.43564356435643564,0.8532221643216953,6.4,Computational reversal candidate for further investigation.,636
bay 11-7821,-0.0006496014710907672,2,4,2,4,0.5,0.38613861386138615,0.8050563969809545,5.25,Computational reversal candidate for further investigation.,637
BRD-K45044657,-0.0006494364032067065,1,1,1,1,1.0,0.5544554455445545,0.9740647884530943,5.0,Computational reversal candidate for further investigation.,638
ncgc00183371-01,-0.0005233067215247092,2,4,2,4,0.5,0.46534653465346537,0.8859620845805511,6.0,Computational reversal candidate for further investigation.,639
mitoxantrone dihydrochloride,-0.0005199680504326062,4,8,4,9,0.5,0.37623762376237624,0.7979616614511191,6.0,Computational reversal candidate for further investigation.,640
as605240,-0.0004857788578959423,3,6,3,6,0.5,0.5643564356435643,0.981628474462177,6.166666666666667,Computational reversal candidate for further investigation.,641
gw 5074,-0.0004583164441451016,1,1,1,1,1.0,0.40594059405940597,0.821243903632538,5.0,Computational reversal candidate for further investigation.,642
st4062971,-0.0004416643924717908,1,1,1,1,1.0,0.36633663366336633,0.7892305019975682,7.0,Computational reversal candidate for further investigation.,643
BRD-K61717269,-0.0004074169211867847,2,4,2,4,0.5,0.46534653465346537,0.8859620845805511,5.0,Computational reversal candidate for further investigation.,644
ku-0063794,-0.00035827481696614925,3,5,3,5,0.6,0.504950495049505,0.9366755406658491,5.8,Computational reversal candidate for further investigation.,645
doxorubicin hydrochloride,-0.00034198784079817,2,4,3,9,0.5,0.39603960396039606,0.8119142465164714,5.555555555555555,Computational reversal candidate for further investigation.,646
cyclosporine,-0.0003332767135839588,1,2,1,2,0.5,0.594059405940594,0.9965914624249309,6.5,Computational reversal candidate for further investigation.,647
imodium,-0.0003022641332573763,1,2,1,2,0.5,0.45544554455445546,0.8793822778504266,5.0,Computational reversal candidate for further investigation.,648
ay 9944,-0.00026883520242563987,1,1,1,1,1.0,0.43564356435643564,0.8532221643216953,5.0,Computational reversal candidate for further investigation.,649
mk-0591,-0.00024136351293317518,2,3,2,3,0.6666666666666666,0.46534653465346537,0.8859620845805511,5.666666666666667,Computational reversal candidate for further investigation.,650
menadione,-0.00014979340354932206,2,4,3,5,0.5,0.4752475247524752,0.8950980987669319,5.6,Computational reversal candidate for further investigation.,651
ei-156,-0.0001098577867650898,2,4,2,4,0.5,0.45544554455445546,0.8793822778504266,6.75,Computational reversal candidate for further investigation.,652
naringenine,-7.734516256441629e-05,1,1,1,1,1.0,0.5247524752475248,0.9462496910484,5.0,Computational reversal candidate for further investigation.,653
CC-401,-5.867415380979464e-05,2,3,2,3,0.6666666666666666,0.46534653465346537,0.8859620845805511,5.666666666666667,Computational reversal candidate for further investigation.,654
zm 336372,-3.087360700799297e-05,3,6,3,6,0.5,0.4752475247524752,0.8950980987669319,6.0,Computational reversal candidate for further investigation.,655
BRD-A75409952 (wortmannin),-1.632152230940766e-05,2,3,2,3,0.6666666666666666,0.4752475247524752,0.8950980987669319,6.0,Computational reversal candidate for further investigation.,656
a8674,-1.3864551538728901e-05,1,1,1,1,1.0,0.4158415841584158,0.8263001057387291,5.0,Computational reversal candidate for further investigation.,657
nsc 693868,2.8867865960376885e-05,0,1,0,1,0.0,0.6831683168316832,1.0,5.0,No aggregate reversal under this configuration.,658
MK-1775,5.093206163784506e-05,2,5,2,5,0.4,0.5346534653465347,0.9556833412598902,8.0,No aggregate reversal under this configuration.,659
tamoxifen citrate,5.348237222129728e-05,1,2,1,2,0.5,0.5247524752475248,0.9462496910484,5.0,No aggregate reversal under this configuration.,660
BRD-K38625260,9.104572219703708e-05,1,2,1,2,0.5,0.5544554455445545,0.9740647884530943,5.0,No aggregate reversal under this configuration.,661
s(-)-timolol,0.00015272040230338577,0,1,0,1,0.0,0.44554455445544555,0.8657099887203911,8.0,No aggregate reversal under this configuration.,662
BRD-K60870698,0.00015298194618004312,2,4,2,4,0.5,0.3465346534653465,0.7695199899736809,6.25,No aggregate reversal under this configuration.,663
mebendazole,0.00017669977315171777,2,4,2,4,0.5,0.5247524752475248,0.9462496910484,5.25,No aggregate reversal under this configuration.,664
v4877,0.00020823209616821318,2,5,2,5,0.4,0.5346534653465347,0.9556833412598902,5.8,No aggregate reversal under this configuration.,665
yk 4-279,0.0002444616232797781,1,2,1,2,0.5,0.5742574257425742,0.987658429708517,5.5,No aggregate reversal under this configuration.,666
digitoxin,0.00026551836410828276,1,2,1,2,0.5,0.38613861386138615,0.8050563969809545,5.0,No aggregate reversal under this configuration.,667
l-sulforophane,0.0003078755040814198,0,1,0,1,0.0,0.5841584158415841,0.9935547571377635,5.0,No aggregate reversal under this configuration.,668
rosuvastatin calcium,0.00034109856236811537,0,1,0,1,0.0,0.5742574257425742,0.987658429708517,5.0,No aggregate reversal under this configuration.,669
BRD-K03829970,0.000422556994273216,1,3,1,3,0.3333333333333333,0.5346534653465347,0.9556833412598902,5.333333333333333,No aggregate reversal under this configuration.,670
chlorhexidine,0.00044265746410569696,0,1,0,1,0.0,0.5841584158415841,0.9935547571377635,8.0,No aggregate reversal under this configuration.,671
nizatidine,0.0004735091822799216,0,1,0,1,0.0,0.5643564356435643,0.981628474462177,5.0,No aggregate reversal under this configuration.,672
taxol,0.00048621395374270817,1,2,1,2,0.5,0.5247524752475248,0.9462496910484,6.0,No aggregate reversal under this configuration.,673
k784-3187,0.000496952837659036,1,2,1,2,0.5,0.5841584158415841,0.9935547571377635,5.5,No aggregate reversal under this configuration.,674
ed csc 15,0.000538995645019945,0,1,0,1,0.0,0.5643564356435643,0.981628474462177,5.0,No aggregate reversal under this configuration.,675
BRD-K58070753,0.0005885943902217226,0,1,0,1,0.0,0.5742574257425742,0.987658429708517,5.0,No aggregate reversal under this configuration.,676
amlodipine besylate,0.0006553024388522635,0,1,0,1,0.0,0.6336633663366337,1.0,5.0,No aggregate reversal under this configuration.,677
BRD-K19166598,0.0006561745430483539,0,1,0,1,0.0,0.5247524752475248,0.9462496910484,5.0,No aggregate reversal under this configuration.,678
chaetocin,0.0006913372437745368,5,10,5,10,0.5,0.45544554455445546,0.8793822778504266,6.2,No aggregate reversal under this configuration.,679
bo2 (inhibits rad51),0.0007150394122926117,0,1,0,1,0.0,0.5148514851485149,0.9436382444214572,5.0,No aggregate reversal under this configuration.,680
mg-132,0.0007452217560061643,2,4,2,4,0.5,0.5445544554455446,0.9677465575790576,5.5,No aggregate reversal under this configuration.,681
1391-0741,0.0007507077218825075,0,1,0,1,0.0,0.6237623762376238,1.0,5.0,No aggregate reversal under this configuration.,682
cdc,0.0007704659581237328,0,1,0,1,0.0,0.5247524752475248,0.9462496910484,6.0,No aggregate reversal under this configuration.,683
BRD-K64525051,0.0008937038518140195,0,1,0,1,0.0,0.5247524752475248,0.9462496910484,5.0,No aggregate reversal under this configuration.,684
vinorelbine,0.0008954551376051121,0,1,0,1,0.0,0.5346534653465347,0.9556833412598902,6.0,No aggregate reversal under this configuration.,685
chr 2797,0.0009083985589437528,2,7,2,7,0.2857142857142857,0.594059405940594,0.9965914624249309,5.857142857142857,No aggregate reversal under this configuration.,686
tg101348,0.0009254818045037645,9,19,9,19,0.47368421052631576,0.5544554455445545,0.9740647884530943,6.157894736842105,No aggregate reversal under this configuration.,687
AS-601245,0.0009835006306041496,1,5,1,5,0.2,0.6732673267326733,1.0,5.6,No aggregate reversal under this configuration.,688
BRD-K37865504,0.0010101319006005213,2,5,2,5,0.4,0.6039603960396039,1.0,6.0,No aggregate reversal under this configuration.,689
BRD-K25737009,0.0010245654156878694,3,7,3,7,0.42857142857142855,0.594059405940594,0.9965914624249309,7.142857142857143,No aggregate reversal under this configuration.,690
BRD-K28916077,0.0010409572994401306,0,1,0,1,0.0,0.5544554455445545,0.9740647884530943,5.0,No aggregate reversal under this configuration.,691
fgin-1-27,0.0010639436115834578,0,1,0,1,0.0,0.5445544554455446,0.9677465575790576,5.0,No aggregate reversal under this configuration.,692
BRD-K81814927,0.0010640951390018991,2,5,2,5,0.4,0.5247524752475248,0.9462496910484,5.6,No aggregate reversal under this configuration.,693
BRD-K53414658,0.0011045868799368938,2,4,2,4,0.5,0.5742574257425742,0.987658429708517,7.0,No aggregate reversal under this configuration.,694
betamethasone,0.0011556776636534646,1,2,1,2,0.5,0.4752475247524752,0.8950980987669319,5.0,No aggregate reversal under this configuration.,695
akti-1/2,0.0011805527516428036,1,4,1,4,0.25,0.5346534653465347,0.9556833412598902,6.0,No aggregate reversal under this configuration.,696
BRD-K28366633,0.0012303638487483459,1,2,1,2,0.5,0.504950495049505,0.9366755406658491,5.0,No aggregate reversal under this configuration.,697
wr 216174,0.0013521577413108006,0,1,0,1,0.0,0.5643564356435643,0.981628474462177,6.0,No aggregate reversal under this configuration.,698
BRD-K52321331,0.0013919859428609496,0,1,0,1,0.0,0.5247524752475248,0.9462496910484,6.0,No aggregate reversal under this configuration.,699
piretanide,0.0013920825962924974,1,2,1,2,0.5,0.5148514851485149,0.9436382444214572,5.0,No aggregate reversal under this configuration.,700
BRD-K83670234,0.0013935341491589793,1,4,1,4,0.25,0.5148514851485149,0.9436382444214572,5.5,No aggregate reversal under this configuration.,701
BRD-K63068307,0.0014058680552227023,1,3,1,4,0.3333333333333333,0.5841584158415841,0.9935547571377635,5.25,No aggregate reversal under this configuration.,702
ivermectin,0.001407064935909634,1,2,1,2,0.5,0.504950495049505,0.9366755406658491,6.0,No aggregate reversal under this configuration.,703
BRD-A06664848,0.0014535507025113586,0,1,0,1,0.0,0.6831683168316832,1.0,5.0,No aggregate reversal under this configuration.,704
akt inhibitor x,0.0015774506698682947,0,1,0,1,0.0,0.5544554455445545,0.9740647884530943,5.0,No aggregate reversal under this configuration.,705
gr 32191 hydrochloride,0.0016804095368021547,0,1,0,1,0.0,0.48514851485148514,0.9095608797520972,7.0,No aggregate reversal under this configuration.,706
BRD-A19248578,0.0016917192473985994,0,1,0,1,0.0,0.6237623762376238,1.0,5.0,No aggregate reversal under this configuration.,707
BRD-K81538844,0.0017774274616966755,0,1,0,1,0.0,0.6336633663366337,1.0,6.0,No aggregate reversal under this configuration.,708
bibu 1361 dihydrochloride,0.0017988347889823105,1,2,1,2,0.5,0.6039603960396039,1.0,5.5,No aggregate reversal under this configuration.,709
piceatannol,0.0018349306263882332,0,1,0,1,0.0,0.6534653465346535,1.0,5.0,No aggregate reversal under this configuration.,710
BRD-K33720394,0.0018351648249733486,0,1,0,1,0.0,0.6039603960396039,1.0,5.0,No aggregate reversal under this configuration.,711
thiocolchicoside,0.001879765378880557,0,1,0,1,0.0,0.5247524752475248,0.9462496910484,9.0,No aggregate reversal under this configuration.,712
modafinil,0.0018869210279375474,0,1,0,1,0.0,0.6237623762376238,1.0,5.0,No aggregate reversal under this configuration.,713
BRD-K66555411,0.0019092078233500375,0,1,0,1,0.0,0.594059405940594,0.9965914624249309,5.0,No aggregate reversal under this configuration.,714
cytarabine,0.0019550714185041047,0,1,0,1,0.0,0.594059405940594,0.9965914624249309,6.0,No aggregate reversal under this configuration.,715
BRD-K72451865,0.0019575968433051096,0,1,0,1,0.0,0.5742574257425742,0.987658429708517,7.0,No aggregate reversal under this configuration.,716
mls-0315872.0001,0.0019649570521450455,0,1,0,1,0.0,0.6633663366336634,1.0,5.0,No aggregate reversal under this configuration.,717
su 5416,0.0019818012110057307,0,1,0,1,0.0,0.6336633663366337,1.0,6.0,No aggregate reversal under this configuration.,718
BRD-K59962020,0.0020150764369721496,0,2,0,2,0.0,0.6633663366336634,1.0,5.0,No aggregate reversal under this configuration.,719
hydrocortisone acetate,0.002061244297463224,0,2,0,2,0.0,0.5643564356435643,0.981628474462177,8.0,No aggregate reversal under this configuration.,720
vu0410183-2,0.002079828655297578,2,6,2,6,0.3333333333333333,0.5544554455445545,0.9740647884530943,6.0,No aggregate reversal under this configuration.,721
ncgc00183255-01,0.0020868115988543056,1,3,1,3,0.3333333333333333,0.7029702970297029,1.0,5.333333333333333,No aggregate reversal under this configuration.,722
pkcbeta inhibitor,0.002106588839073825,1,2,1,2,0.5,0.6435643564356436,1.0,5.5,No aggregate reversal under this configuration.,723
nsc 663284,0.0021783203616938356,0,1,0,1,0.0,0.504950495049505,0.9366755406658491,7.0,No aggregate reversal under this configuration.,724
BRD-K49010888,0.0021844459728052913,1,2,1,2,0.5,0.5742574257425742,0.987658429708517,5.5,No aggregate reversal under this configuration.,725
ncgc00242296-02,0.0022312072927193408,0,1,0,1,0.0,0.5643564356435643,0.981628474462177,6.0,No aggregate reversal under this configuration.,726
hts 13363,0.0022580555515922377,0,1,0,1,0.0,0.46534653465346537,0.8859620845805511,7.0,No aggregate reversal under this configuration.,727
BRD-K02562327,0.00229251509182773,0,1,0,1,0.0,0.504950495049505,0.9366755406658491,5.0,No aggregate reversal under this configuration.,728
BRD-K07005393,0.00229251509182773,0,1,0,1,0.0,0.5544554455445545,0.9740647884530943,5.0,No aggregate reversal under this configuration.,729
parthenolide,0.002349476684318228,8,17,8,17,0.47058823529411764,0.6831683168316832,1.0,5.588235294117647,No aggregate reversal under this configuration.,730
escitalopram oxalate,0.002370857746169396,0,1,0,1,0.0,0.6534653465346535,1.0,5.0,No aggregate reversal under this configuration.,731
ag-879,0.0023713432655830657,1,2,1,2,0.5,0.594059405940594,0.9965914624249309,5.5,No aggregate reversal under this configuration.,732
rg 108,0.002426235453279819,0,1,0,1,0.0,0.6534653465346535,1.0,7.0,No aggregate reversal under this configuration.,733
ly-294002,0.0025073605459065926,0,1,0,1,0.0,0.6831683168316832,1.0,5.0,No aggregate reversal under this configuration.,734
BRD-K01614657,0.0025442893862676758,0,1,0,1,0.0,0.6534653465346535,1.0,5.0,No aggregate reversal under this configuration.,735
ei-195,0.00257328124811578,1,2,1,2,0.5,0.5841584158415841,0.9935547571377635,6.0,No aggregate reversal under this configuration.,736
bw 723c86 hydrochloride,0.0027405059893838664,0,1,0,1,0.0,0.6435643564356436,1.0,5.0,No aggregate reversal under this configuration.,737
BRD-K90735586,0.002746949005042588,0,1,0,1,0.0,0.6138613861386139,1.0,5.0,No aggregate reversal under this configuration.,738
capsazepine,0.0027988765875754237,0,1,0,1,0.0,0.6633663366336634,1.0,5.0,No aggregate reversal under this configuration.,739
BRD-K96076993,0.002835881316631512,1,2,1,2,0.5,0.6435643564356436,1.0,7.5,No aggregate reversal under this configuration.,740
rimexolone,0.0028497383444734646,1,2,1,2,0.5,0.6732673267326733,1.0,5.0,No aggregate reversal under this configuration.,741
zolantidine dimaleate,0.0028586187095430153,0,1,0,1,0.0,0.594059405940594,0.9965914624249309,6.0,No aggregate reversal under this configuration.,742
trifluoperazine dihydrochloride,0.0028748751427168633,0,1,0,1,0.0,0.49504950495049505,0.9267085245109876,8.0,No aggregate reversal under this configuration.,743
BRD-K49371609,0.0029122691975858907,4,13,4,13,0.3076923076923077,0.7326732673267327,1.0,5.846153846153846,No aggregate reversal under this configuration.,744
fludrocortisone acetate,0.0029790273765787573,1,3,1,3,0.3333333333333333,0.6237623762376238,1.0,6.0,No aggregate reversal under this configuration.,745
stock1n-27488,0.002985918824492018,1,2,1,2,0.5,0.5841584158415841,0.9935547571377635,5.0,No aggregate reversal under this configuration.,746
maprotiline hydrochloride,0.0029903338141943573,0,1,0,1,0.0,0.594059405940594,0.9965914624249309,6.0,No aggregate reversal under this configuration.,747
BRD-K14328427,0.003012646184009248,0,1,0,1,0.0,0.594059405940594,0.9965914624249309,5.0,No aggregate reversal under this configuration.,748
ro 28-1675 ?,0.003079605951230367,3,8,3,8,0.375,0.7425742574257426,1.0,6.25,No aggregate reversal under this configuration.,749
methoxsalen,0.0030824411933679545,0,1,0,1,0.0,0.5148514851485149,0.9436382444214572,7.0,No aggregate reversal under this configuration.,750
bntx maleate,0.003085616375839887,2,4,2,4,0.5,0.6435643564356436,1.0,6.25,No aggregate reversal under this configuration.,751
sildenafil citrate,0.0031028081168166972,0,1,0,1,0.0,0.5544554455445545,0.9740647884530943,5.0,No aggregate reversal under this configuration.,752
cccp,0.003180321186362847,1,3,1,3,0.3333333333333333,0.6138613861386139,1.0,5.666666666666667,No aggregate reversal under this configuration.,753
BRD-K11362964,0.003183084766220879,0,1,0,1,0.0,0.5841584158415841,0.9935547571377635,6.0,No aggregate reversal under this configuration.,754
BRD-K94544211,0.003207375771930737,0,1,0,1,0.0,0.6732673267326733,1.0,5.0,No aggregate reversal under this configuration.,755
BRD-A96272097,0.003209827296381084,0,1,0,1,0.0,0.6732673267326733,1.0,5.0,No aggregate reversal under this configuration.,756
BRD-A49848186,0.003247006699310854,0,1,0,1,0.0,0.6831683168316832,1.0,5.0,No aggregate reversal under this configuration.,757
gw 7647,0.0032689618097276113,0,2,0,2,0.0,0.5247524752475248,0.9462496910484,6.0,No aggregate reversal under this configuration.,758
BRD-K79222491,0.003315368885157757,1,4,1,4,0.25,0.5148514851485149,0.9436382444214572,6.0,No aggregate reversal under this configuration.,759
jak3 inhibitor v,0.0033330036449521717,0,1,0,1,0.0,0.5445544554455446,0.9677465575790576,5.0,No aggregate reversal under this configuration.,760
BRD-K23478508 (digoxin),0.0033715091951008877,0,3,0,3,0.0,0.6138613861386139,1.0,6.0,No aggregate reversal under this configuration.,761
s1022,0.003384020684634427,0,1,0,1,0.0,0.6534653465346535,1.0,7.0,No aggregate reversal under this configuration.,762
pha 665752,0.0034193545230074528,0,1,0,1,0.0,0.5742574257425742,0.987658429708517,5.0,No aggregate reversal under this configuration.,763
BRD-K91701654,0.003420428433152113,0,2,0,2,0.0,0.5742574257425742,0.987658429708517,5.0,No aggregate reversal under this configuration.,764
pkc-412,0.003436538525721188,0,1,0,1,0.0,0.6534653465346535,1.0,5.0,No aggregate reversal under this configuration.,765
BRD-A41451487,0.0034416937070502647,1,3,1,3,0.3333333333333333,0.6336633663366337,1.0,8.0,No aggregate reversal under this configuration.,766
hinokitiol,0.0034611095182531413,0,1,0,1,0.0,0.6534653465346535,1.0,7.0,No aggregate reversal under this configuration.,767
brazilin,0.003487808276293175,0,1,0,1,0.0,0.6633663366336634,1.0,6.0,No aggregate reversal under this configuration.,768
ruxolitinib,0.00351966492907333,1,2,1,2,0.5,0.6831683168316832,1.0,5.5,No aggregate reversal under this configuration.,769
BRD-A84102390,0.0035525515649618943,0,1,0,1,0.0,0.594059405940594,0.9965914624249309,5.0,No aggregate reversal under this configuration.,770
ncgc00188700-01,0.00357012237108045,0,1,0,1,0.0,0.6534653465346535,1.0,6.0,No aggregate reversal under this configuration.,771
nsc 3852,0.003581054514266384,1,3,1,3,0.3333333333333333,0.6237623762376238,1.0,5.666666666666667,No aggregate reversal under this configuration.,772
BRD-K21672423,0.0036306722725903116,1,2,1,2,0.5,0.7029702970297029,1.0,7.0,No aggregate reversal under this configuration.,773
emetine dihydrochloride hydrate (74),0.003709122036400786,1,6,1,6,0.16666666666666666,0.7524752475247525,1.0,6.333333333333333,No aggregate reversal under this configuration.,774
ro 31-8220 mesylate,0.0037486131845049717,1,5,1,5,0.2,0.7029702970297029,1.0,5.4,No aggregate reversal under this configuration.,775
BRD-K43620258,0.0037699469327860846,3,7,3,7,0.42857142857142855,0.7326732673267327,1.0,6.0,No aggregate reversal under this configuration.,776
BRD-U00779237,0.0037716619923688403,1,3,1,3,0.3333333333333333,0.6039603960396039,1.0,6.666666666666667,No aggregate reversal under this configuration.,777
sunitinib,0.0038404365065617006,1,3,1,3,0.3333333333333333,0.801980198019802,1.0,6.333333333333333,No aggregate reversal under this configuration.,778
mevastatin,0.003858708058539896,1,2,1,2,0.5,0.5841584158415841,0.9935547571377635,6.0,No aggregate reversal under this configuration.,779
BRD-K53592093,0.003904895216630743,0,2,0,2,0.0,0.7623762376237624,1.0,7.0,No aggregate reversal under this configuration.,780
pd 407824,0.004000781512970805,1,2,1,2,0.5,0.6831683168316832,1.0,5.0,No aggregate reversal under this configuration.,781
na-tosyl-phe chloromethyl ketone,0.004065718093723158,0,1,0,1,0.0,0.6138613861386139,1.0,5.0,No aggregate reversal under this configuration.,782
donepezil hydrochloride,0.004087516416058567,0,2,0,2,0.0,0.6534653465346535,1.0,5.0,No aggregate reversal under this configuration.,783
erk inhibitor 11e,0.0040892669391699955,0,2,0,2,0.0,0.7029702970297029,1.0,5.0,No aggregate reversal under this configuration.,784
irinotecan hydrochloride trihydrate,0.004127895312622615,1,2,1,2,0.5,0.6237623762376238,1.0,6.0,No aggregate reversal under this configuration.,785
estradiol valerate,0.004166726108112031,0,1,0,1,0.0,0.5346534653465347,0.9556833412598902,5.0,No aggregate reversal under this configuration.,786
hy-50940,0.004350457012791983,0,1,0,1,0.0,0.6138613861386139,1.0,5.0,No aggregate reversal under this configuration.,787
sb 225002,0.004369415838719009,1,2,1,2,0.5,0.801980198019802,1.0,6.0,No aggregate reversal under this configuration.,788
ntncb hydrochloride,0.004376201588493368,0,1,0,1,0.0,0.6237623762376238,1.0,6.0,No aggregate reversal under this configuration.,789
BRD-K08316444,0.004404368027832249,1,2,1,2,0.5,0.7326732673267327,1.0,5.0,No aggregate reversal under this configuration.,790
cot-10b,0.004413811425245019,6,14,6,14,0.42857142857142855,0.7623762376237624,1.0,6.357142857142857,No aggregate reversal under this configuration.,791
ncgc00181233-01,0.004416885890183481,0,1,0,1,0.0,0.7029702970297029,1.0,5.0,No aggregate reversal under this configuration.,792
"l-690,488",0.0044220863132464995,1,2,1,2,0.5,0.7227722772277227,1.0,6.5,No aggregate reversal under this configuration.,793
prestw-550,0.004490968222296299,1,3,1,3,0.3333333333333333,0.7326732673267327,1.0,5.0,No aggregate reversal under this configuration.,794
BRD-K61105081,0.004578405294133475,0,1,0,1,0.0,0.6732673267326733,1.0,5.0,No aggregate reversal under this configuration.,795
"haematoxylone, tetramethyl-",0.004624695966838484,0,1,0,1,0.0,0.7029702970297029,1.0,5.0,No aggregate reversal under this configuration.,796
BRD-A11087911,0.004695716628508201,0,1,0,1,0.0,0.693069306930693,1.0,6.0,No aggregate reversal under this configuration.,797
chelerythrine chloride,0.004719642184488809,1,2,1,2,0.5,0.6633663366336634,1.0,5.5,No aggregate reversal under this configuration.,798
quinine hemisulfate salt monohydrate,0.004809170581273771,1,2,1,2,0.5,0.7029702970297029,1.0,5.5,No aggregate reversal under this configuration.,799
"androsta-1,4-dien-3,17-dione",0.004876992919472085,0,1,0,1,0.0,0.6831683168316832,1.0,5.0,No aggregate reversal under this configuration.,800
tranilast,0.00492493745729071,1,2,1,2,0.5,0.7029702970297029,1.0,6.5,No aggregate reversal under this configuration.,801
rho kinase inhibitor iii [rockout],0.004925952075859058,0,1,0,1,0.0,0.7326732673267327,1.0,7.0,No aggregate reversal under this configuration.,802
e6 berbamine,0.0049381712455429105,0,1,0,1,0.0,0.6138613861386139,1.0,5.0,No aggregate reversal under this configuration.,803
tc 2559 difumarate,0.004949129188931374,0,1,0,1,0.0,0.6336633663366337,1.0,6.0,No aggregate reversal under this configuration.,804
BRD-K38634661,0.0049993406479888845,0,1,0,1,0.0,0.7425742574257426,1.0,5.0,No aggregate reversal under this configuration.,805
amiodarone hydrochloride,0.005001515849465582,0,2,0,3,0.0,0.7227722772277227,1.0,6.0,No aggregate reversal under this configuration.,806
nsc 95397,0.005004449824605109,1,3,1,3,0.3333333333333333,0.693069306930693,1.0,6.0,No aggregate reversal under this configuration.,807
gw 843682x,0.005010261266607306,1,2,1,2,0.5,0.7524752475247525,1.0,6.0,No aggregate reversal under this configuration.,808
rhodomyrtoxin b,0.005025192310973928,1,2,1,2,0.5,0.7326732673267327,1.0,6.0,No aggregate reversal under this configuration.,809
ciclopirox ethanolamine,0.005053082747643454,0,2,0,2,0.0,0.6732673267326733,1.0,5.5,No aggregate reversal under this configuration.,810
amsacrine,0.005071706566579049,3,8,3,9,0.375,0.8514851485148515,1.0,7.0,No aggregate reversal under this configuration.,811
BRD-K39944607,0.005155049053239242,1,3,1,3,0.3333333333333333,0.7524752475247525,1.0,6.0,No aggregate reversal under this configuration.,812
lumicolchicine gamma,0.00517045179420446,0,1,0,1,0.0,0.7128712871287128,1.0,7.0,No aggregate reversal under this configuration.,813
s1005,0.0051899778494143576,1,2,1,2,0.5,0.7425742574257426,1.0,5.5,No aggregate reversal under this configuration.,814
trap 101,0.0052877417792594195,1,2,1,2,0.5,0.7128712871287128,1.0,6.0,No aggregate reversal under this configuration.,815
prima-1 met,0.00529126800154511,0,2,0,2,0.0,0.6732673267326733,1.0,6.0,No aggregate reversal under this configuration.,816
gibberellic acid,0.005342001902724807,0,1,0,1,0.0,0.5445544554455446,0.9677465575790576,6.0,No aggregate reversal under this configuration.,817
l 655240,0.005384510340169695,0,1,0,1,0.0,0.6534653465346535,1.0,5.0,No aggregate reversal under this configuration.,818
BRD-K92317137,0.005459221210637539,2,8,2,9,0.25,0.7425742574257426,1.0,6.444444444444445,No aggregate reversal under this configuration.,819
at-mlpcn csc-006,0.005481403456124804,0,1,0,1,0.0,0.6237623762376238,1.0,7.0,No aggregate reversal under this configuration.,820
rottlerin ncgc00025228-11,0.0055038095942298035,3,7,3,7,0.42857142857142855,0.693069306930693,1.0,5.857142857142857,No aggregate reversal under this configuration.,821
qs 11,0.005533946949741901,0,1,0,1,0.0,0.7722772277227723,1.0,5.0,No aggregate reversal under this configuration.,822
artesunate,0.005554454612442278,1,3,1,3,0.3333333333333333,0.7821782178217822,1.0,5.333333333333333,No aggregate reversal under this configuration.,823
pimozide,0.005618386841289255,1,2,1,2,0.5,0.7029702970297029,1.0,5.5,No aggregate reversal under this configuration.,824
jzl-184,0.005625749231843235,0,1,0,1,0.0,0.6336633663366337,1.0,5.0,No aggregate reversal under this configuration.,825
BRD-K53903639,0.005632875391948648,3,14,3,14,0.21428571428571427,0.8217821782178217,1.0,5.928571428571429,No aggregate reversal under this configuration.,826
mk-2206,0.005716360961809323,2,6,2,6,0.3333333333333333,0.7722772277227723,1.0,5.833333333333333,No aggregate reversal under this configuration.,827
isoliquiritigenin,0.00575548518165293,0,2,0,2,0.0,0.7128712871287128,1.0,5.0,No aggregate reversal under this configuration.,828
puromycin hydrochloride,0.005766811336566146,0,6,0,6,0.0,0.8118811881188119,1.0,7.0,No aggregate reversal under this configuration.,829
ei-231,0.0057968916800551894,0,1,0,1,0.0,0.7425742574257426,1.0,5.0,No aggregate reversal under this configuration.,830
ketorolac tromethamine,0.005800721705407153,0,1,0,1,0.0,0.6435643564356436,1.0,5.0,No aggregate reversal under this configuration.,831
st4029573,0.005869750435736697,1,3,1,3,0.3333333333333333,0.8118811881188119,1.0,5.0,No aggregate reversal under this configuration.,832
pj 34 hydrochloride,0.005881815577163696,1,2,1,2,0.5,0.7722772277227723,1.0,6.5,No aggregate reversal under this configuration.,833
cerivastatin na,0.005929229262289547,0,1,0,1,0.0,0.7524752475247525,1.0,5.0,No aggregate reversal under this configuration.,834
BRD-A40431293,0.005956895832244253,1,2,1,2,0.5,0.7128712871287128,1.0,5.0,No aggregate reversal under this configuration.,835
s1170,0.006065523972743477,1,4,1,4,0.25,0.801980198019802,1.0,5.75,No aggregate reversal under this configuration.,836
fluocinonide,0.0061226269814883445,0,1,0,1,0.0,0.6237623762376238,1.0,5.0,No aggregate reversal under this configuration.,837
narciclasine,0.0061296937324131434,2,6,2,6,0.3333333333333333,0.7920792079207921,1.0,6.666666666666667,No aggregate reversal under this configuration.,838
t5323840,0.006192271635743565,0,1,0,1,0.0,0.693069306930693,1.0,5.0,No aggregate reversal under this configuration.,839
BRD-K09854848,0.006267651124477441,0,1,0,1,0.0,0.6633663366336634,1.0,6.0,No aggregate reversal under this configuration.,840
paroxetine hydrochloride,0.0062750726438132775,0,2,0,2,0.0,0.7821782178217822,1.0,5.0,No aggregate reversal under this configuration.,841
ncgc00183690-01,0.006278625629450115,1,2,1,2,0.5,0.7722772277227723,1.0,7.0,No aggregate reversal under this configuration.,842
prednicarbate,0.006327668797426483,0,1,0,1,0.0,0.6435643564356436,1.0,6.0,No aggregate reversal under this configuration.,843
BRD-K56653679,0.006328699964978939,1,4,1,4,0.25,0.7227722772277227,1.0,5.5,No aggregate reversal under this configuration.,844
BRD-K85818861,0.00635146285437943,1,3,1,3,0.3333333333333333,0.7920792079207921,1.0,5.0,No aggregate reversal under this configuration.,845
hy-10992,0.006389850890280897,1,2,1,2,0.5,0.801980198019802,1.0,7.5,No aggregate reversal under this configuration.,846
t542500,0.006401682011055129,1,4,1,4,0.25,0.7722772277227723,1.0,5.5,No aggregate reversal under this configuration.,847
tyrphostin ag 1478,0.0064635884423650015,4,12,4,12,0.3333333333333333,0.8217821782178217,1.0,6.666666666666667,No aggregate reversal under this configuration.,848
BRD-K76236182,0.0064679583220112235,1,2,1,2,0.5,0.8910891089108911,1.0,7.0,No aggregate reversal under this configuration.,849
"15-deoxy-?12,14-prostaglandin j2",0.0064732978499216585,1,4,1,4,0.25,0.6633663366336634,1.0,6.25,No aggregate reversal under this configuration.,850
hy-50878,0.006550133238485415,0,3,0,3,0.0,0.8514851485148515,1.0,5.666666666666667,No aggregate reversal under this configuration.,851
BRD-K10554164,0.006583712507259826,0,1,0,1,0.0,0.7524752475247525,1.0,5.0,No aggregate reversal under this configuration.,852
malonoben,0.006597117637182947,1,5,1,5,0.2,0.7920792079207921,1.0,6.4,No aggregate reversal under this configuration.,853
BRD-K58288048,0.006629428425752851,0,1,0,1,0.0,0.6732673267326733,1.0,6.0,No aggregate reversal under this configuration.,854
mln2238,0.00665433513024666,4,8,4,8,0.5,0.7326732673267327,1.0,5.875,No aggregate reversal under this configuration.,855
t 0901317,0.0066891895710364585,0,1,0,1,0.0,0.7029702970297029,1.0,5.0,No aggregate reversal under this configuration.,856
homoharringtonine,0.006716231326506944,1,5,1,5,0.2,0.7524752475247525,1.0,9.6,No aggregate reversal under this configuration.,857
BRD-K72238567,0.0067516390293375856,2,6,2,6,0.3333333333333333,0.7227722772277227,1.0,6.333333333333333,No aggregate reversal under this configuration.,858
ON-01910,0.006769394517250156,3,7,3,7,0.42857142857142855,0.9108910891089109,1.0,5.714285714285714,No aggregate reversal under this configuration.,859
cinobufagin,0.006817450979930993,1,2,1,2,0.5,0.6831683168316832,1.0,5.0,No aggregate reversal under this configuration.,860
flutamide,0.006834356781576683,0,1,0,1,0.0,0.693069306930693,1.0,6.0,No aggregate reversal under this configuration.,861
BRD-K44276885,0.0068428326063472,0,1,0,1,0.0,0.7623762376237624,1.0,5.0,No aggregate reversal under this configuration.,862
docetaxel,0.006859040889448123,0,1,0,1,0.0,0.7920792079207921,1.0,5.0,No aggregate reversal under this configuration.,863
vu0418934-2,0.006864033835445328,1,2,1,2,0.5,0.8118811881188119,1.0,5.0,No aggregate reversal under this configuration.,864
norethynodrel,0.00689198366201017,1,2,1,2,0.5,0.8217821782178217,1.0,5.5,No aggregate reversal under this configuration.,865
lde225 (nvp-lde225),0.00691000614314553,1,2,1,2,0.5,0.7524752475247525,1.0,5.0,No aggregate reversal under this configuration.,866
vu0365117-1,0.0069296735591122096,1,2,1,2,0.5,0.801980198019802,1.0,5.0,No aggregate reversal under this configuration.,867
BRD-K80334323 (norethynodrel),0.006964958111066735,1,2,1,2,0.5,0.7326732673267327,1.0,8.5,No aggregate reversal under this configuration.,868
thapsigargin,0.0070148277289905445,1,3,1,3,0.3333333333333333,0.7029702970297029,1.0,6.333333333333333,No aggregate reversal under this configuration.,869
BRD-U86922168,0.007016987905600688,2,6,2,6,0.3333333333333333,0.9306930693069307,1.0,5.5,No aggregate reversal under this configuration.,870
BRD-K19540840,0.007086154477861674,1,2,1,2,0.5,0.8118811881188119,1.0,5.5,No aggregate reversal under this configuration.,871
hki-272,0.007125338734740542,1,4,1,4,0.25,0.801980198019802,1.0,5.5,No aggregate reversal under this configuration.,872
l-6307,0.007138277665587316,1,3,1,3,0.3333333333333333,0.7524752475247525,1.0,5.333333333333333,No aggregate reversal under this configuration.,873
nisoldipine,0.007197175026756357,0,1,0,1,0.0,0.7524752475247525,1.0,5.0,No aggregate reversal under this configuration.,874
ranitidine,0.007273742977655525,0,1,0,1,0.0,0.8316831683168316,1.0,6.0,No aggregate reversal under this configuration.,875
d-64131,0.00737795199575405,0,2,0,2,0.0,0.7623762376237624,1.0,6.5,No aggregate reversal under this configuration.,876
n- (2-aminoethyl)-4-chlorobenzamide (ro-16-6491),0.007437682556164196,0,1,0,1,0.0,0.7326732673267327,1.0,6.0,No aggregate reversal under this configuration.,877
bufalin,0.007470023283484754,0,1,0,1,0.0,0.5643564356435643,0.981628474462177,6.0,No aggregate reversal under this configuration.,878
k784-3188,0.00748263766962165,1,2,1,2,0.5,0.7524752475247525,1.0,7.5,No aggregate reversal under this configuration.,879
BRD-K53308430,0.007514006826110406,1,2,1,2,0.5,0.6831683168316832,1.0,7.0,No aggregate reversal under this configuration.,880
s8822,0.007531615253379126,0,1,0,1,0.0,0.9207920792079208,1.0,5.0,No aggregate reversal under this configuration.,881
BRD-K17140735,0.00757402395309511,0,2,0,2,0.0,0.7128712871287128,1.0,7.0,No aggregate reversal under this configuration.,882
BRD-A75301702,0.007603167918564415,0,1,0,1,0.0,0.8118811881188119,1.0,5.0,No aggregate reversal under this configuration.,883
bas 00535043,0.0077070264724238054,0,2,0,2,0.0,0.8910891089108911,1.0,5.5,No aggregate reversal under this configuration.,884
herniarin,0.007718869695567939,0,1,0,1,0.0,0.6732673267326733,1.0,5.0,No aggregate reversal under this configuration.,885
selamectin,0.007755651919789807,0,1,0,1,0.0,0.7920792079207921,1.0,7.0,No aggregate reversal under this configuration.,886
flufenamic acid,0.007766227125571568,0,1,0,1,0.0,0.7326732673267327,1.0,5.0,No aggregate reversal under this configuration.,887
clobetasol propionate,0.007778952531208511,1,3,1,4,0.3333333333333333,0.8514851485148515,1.0,5.75,No aggregate reversal under this configuration.,888
isorotenone,0.007789340868901718,0,1,0,1,0.0,0.900990099009901,1.0,5.0,No aggregate reversal under this configuration.,889
bml-257,0.007830073829278222,0,1,0,1,0.0,0.7722772277227723,1.0,5.0,No aggregate reversal under this configuration.,890
BRD-K12184916,0.007879364694483817,3,9,3,9,0.3333333333333333,0.9405940594059405,1.0,5.888888888888889,No aggregate reversal under this configuration.,891
BRD-K18163752,0.00790690848648612,0,2,0,2,0.0,0.7920792079207921,1.0,6.5,No aggregate reversal under this configuration.,892
BRD-K33045404,0.008073212528974631,0,1,0,1,0.0,0.7722772277227723,1.0,5.0,No aggregate reversal under this configuration.,893
carbamazepine,0.008086571982348148,0,1,0,1,0.0,0.7227722772277227,1.0,7.0,No aggregate reversal under this configuration.,894
pz0004,0.008132557438708466,0,1,0,1,0.0,0.7425742574257426,1.0,5.0,No aggregate reversal under this configuration.,895
z-leu3-vs,0.00820828274000936,0,1,0,1,0.0,0.7821782178217822,1.0,5.0,No aggregate reversal under this configuration.,896
BRD-A68065211,0.008220678698959667,1,3,1,3,0.3333333333333333,0.7425742574257426,1.0,5.333333333333333,No aggregate reversal under this configuration.,897
BRD-K48654774,0.008272930252389402,0,1,0,1,0.0,0.8415841584158416,1.0,5.0,No aggregate reversal under this configuration.,898
BRD-K74133369,0.008290666834155618,0,1,0,1,0.0,0.8415841584158416,1.0,5.0,No aggregate reversal under this configuration.,899
BRD-U33728988,0.008290945150215624,3,6,3,6,0.5,0.8712871287128713,1.0,6.333333333333333,No aggregate reversal under this configuration.,900
ncgc00165199-01,0.008302672147855227,0,1,0,1,0.0,0.8217821782178217,1.0,8.0,No aggregate reversal under this configuration.,901
norgestrel,0.008323224985505064,0,1,0,1,0.0,0.6633663366336634,1.0,8.0,No aggregate reversal under this configuration.,902
estradiol,0.008380790136841782,0,1,0,1,0.0,0.7326732673267327,1.0,5.0,No aggregate reversal under this configuration.,903
sb 216763,0.008406593631842622,1,2,1,2,0.5,0.8514851485148515,1.0,5.5,No aggregate reversal under this configuration.,904
u 99194 maleate,0.008463773021919285,0,1,0,1,0.0,0.7524752475247525,1.0,5.0,No aggregate reversal under this configuration.,905
danazol,0.008479932406515714,1,2,1,2,0.5,0.8613861386138614,1.0,5.0,No aggregate reversal under this configuration.,906
BRD-K81795824,0.00853929118139634,1,4,1,4,0.25,0.801980198019802,1.0,5.75,No aggregate reversal under this configuration.,907
diflorasone diacetate,0.008540889767855588,0,1,0,1,0.0,0.8118811881188119,1.0,5.0,No aggregate reversal under this configuration.,908
BRD-A62809825,0.008624045108636695,0,3,0,3,0.0,0.7821782178217822,1.0,8.666666666666666,No aggregate reversal under this configuration.,909
clocortolone pivalate,0.008627447164277234,0,1,0,1,0.0,0.8217821782178217,1.0,7.0,No aggregate reversal under this configuration.,910
BRD-K94325918,0.008643015666603502,1,3,1,3,0.3333333333333333,0.8316831683168316,1.0,6.666666666666667,No aggregate reversal under this configuration.,911
vincristine sulfate,0.008647997122966582,1,5,1,5,0.2,0.9504950495049505,1.0,5.6,No aggregate reversal under this configuration.,912
BRD-K32112425,0.00868756901472224,0,1,0,1,0.0,0.7623762376237624,1.0,5.0,No aggregate reversal under this configuration.,913
promazine hydrochloride,0.008777618027993019,0,1,0,1,0.0,0.7920792079207921,1.0,6.0,No aggregate reversal under this configuration.,914
ag 957,0.008830974547215962,1,4,1,4,0.25,0.8910891089108911,1.0,5.75,No aggregate reversal under this configuration.,915
clopidogrel,0.008903255855276187,0,1,0,1,0.0,0.7623762376237624,1.0,5.0,No aggregate reversal under this configuration.,916
flunisolide,0.00891568993352881,1,2,1,2,0.5,0.801980198019802,1.0,6.0,No aggregate reversal under this configuration.,917
BRD-K07061353,0.008977029334865416,0,2,0,2,0.0,0.8415841584158416,1.0,5.5,No aggregate reversal under this configuration.,918
vu0418946-2,0.008981745485124253,2,6,3,8,0.3333333333333333,0.8811881188118812,1.0,6.25,No aggregate reversal under this configuration.,919
D-4476,0.009018943960412844,0,1,0,1,0.0,0.8613861386138614,1.0,5.0,No aggregate reversal under this configuration.,920
mesoridazine besylate,0.009022775900587117,0,1,0,1,0.0,0.7128712871287128,1.0,5.0,No aggregate reversal under this configuration.,921
rimcazole dihydrochloride,0.009032864409318797,0,1,0,1,0.0,0.7623762376237624,1.0,5.0,No aggregate reversal under this configuration.,922
methylprednisolone,0.009094447177485133,0,1,0,1,0.0,0.8415841584158416,1.0,7.0,No aggregate reversal under this configuration.,923
s1042,0.009131438121481953,0,1,0,1,0.0,0.8316831683168316,1.0,6.0,No aggregate reversal under this configuration.,924
BRD-K50140147,0.009209168957354595,1,4,1,4,0.25,0.9207920792079208,1.0,5.0,No aggregate reversal under this configuration.,925
perhexiline maleate,0.009210506944945598,1,5,1,5,0.2,0.8910891089108911,1.0,7.0,No aggregate reversal under this configuration.,926
selinidin,0.009269709357356461,0,1,0,1,0.0,0.7326732673267327,1.0,5.0,No aggregate reversal under this configuration.,927
fccp,0.009284501835005851,1,3,1,3,0.3333333333333333,0.900990099009901,1.0,5.666666666666667,No aggregate reversal under this configuration.,928
BRD-K43226598,0.009295558086587183,0,1,0,1,0.0,0.9405940594059405,1.0,5.0,No aggregate reversal under this configuration.,929
BRD-K93578426,0.009327938423676012,0,1,0,1,0.0,0.8514851485148515,1.0,6.0,No aggregate reversal under this configuration.,930
depo-medrol,0.009349813245832393,0,1,0,1,0.0,0.8316831683168316,1.0,5.0,No aggregate reversal under this configuration.,931
bapta-am,0.009356271514699548,0,1,0,1,0.0,0.7326732673267327,1.0,5.0,No aggregate reversal under this configuration.,932
bg fa 0953,0.009369751704502754,0,1,0,1,0.0,0.8910891089108911,1.0,5.0,No aggregate reversal under this configuration.,933
BRD-K93215584,0.009402758107973756,0,1,0,1,0.0,0.8514851485148515,1.0,5.0,No aggregate reversal under this configuration.,934
mw-a1-12,0.009526257336333343,1,4,1,4,0.25,0.8811881188118812,1.0,5.25,No aggregate reversal under this configuration.,935
fit,0.009774597236232804,0,1,0,1,0.0,0.7623762376237624,1.0,7.0,No aggregate reversal under this configuration.,936
BRD-K11795542,0.009828595405224065,0,2,0,2,0.0,0.8217821782178217,1.0,5.0,No aggregate reversal under this configuration.,937
niguldipine,0.009910743004091737,0,2,0,2,0.0,0.8910891089108911,1.0,6.5,No aggregate reversal under this configuration.,938
ag14361,0.01001345638664417,3,9,3,9,0.3333333333333333,0.9603960396039604,1.0,5.333333333333333,No aggregate reversal under this configuration.,939
BRD-K52678950,0.010017345460991985,0,1,0,1,0.0,0.8118811881188119,1.0,5.0,No aggregate reversal under this configuration.,940
aminopurvalanol a,0.010021328755888504,1,3,1,3,0.3333333333333333,0.900990099009901,1.0,6.333333333333333,No aggregate reversal under this configuration.,941
BRD-K65955264,0.010110312750903214,0,1,0,1,0.0,0.7920792079207921,1.0,7.0,No aggregate reversal under this configuration.,942
thioproperazine dimesylate,0.010137142734838248,0,1,0,1,0.0,0.8613861386138614,1.0,5.0,No aggregate reversal under this configuration.,943
BRD-K84677391,0.010144312260436316,0,1,0,1,0.0,0.9306930693069307,1.0,5.0,No aggregate reversal under this configuration.,944
cyt997,0.010151323993036379,0,1,0,1,0.0,0.801980198019802,1.0,5.0,No aggregate reversal under this configuration.,945
BRD-K94390040,0.010169358287811348,0,1,0,1,0.0,0.8712871287128713,1.0,5.0,No aggregate reversal under this configuration.,946
px12,0.010202455219747133,1,3,1,3,0.3333333333333333,0.8910891089108911,1.0,5.666666666666667,No aggregate reversal under this configuration.,947
BRD-K04534322,0.010216511459168126,0,1,0,1,0.0,0.693069306930693,1.0,9.0,No aggregate reversal under this configuration.,948
ym-155,0.010259186898970818,0,4,0,4,0.0,0.8217821782178217,1.0,6.5,No aggregate reversal under this configuration.,949
ikk 16,0.010283008414773545,2,5,2,5,0.4,0.9405940594059405,1.0,6.8,No aggregate reversal under this configuration.,950
imd 0354,0.010294310842304363,3,11,3,14,0.2727272727272727,0.900990099009901,1.0,6.785714285714286,No aggregate reversal under this configuration.,951
palda,0.010298026682064046,0,2,0,2,0.0,0.8613861386138614,1.0,6.5,No aggregate reversal under this configuration.,952
suloctidil,0.010313431356689984,0,2,0,2,0.0,0.7920792079207921,1.0,7.5,No aggregate reversal under this configuration.,953
naloxone benzoylhydrazone,0.010330287225697145,0,1,0,1,0.0,0.7623762376237624,1.0,5.0,No aggregate reversal under this configuration.,954
flubendazole,0.010399068497631284,0,1,0,1,0.0,0.7326732673267327,1.0,7.0,No aggregate reversal under this configuration.,955
tivozanib,0.010485106635452202,0,1,0,1,0.0,0.7029702970297029,1.0,5.0,No aggregate reversal under this configuration.,956
dilazep dihydrochloride,0.010487332573593905,0,1,0,1,0.0,0.8712871287128713,1.0,5.0,No aggregate reversal under this configuration.,957
BRD-K94580036,0.010547476335821638,0,1,0,1,0.0,0.8514851485148515,1.0,5.0,No aggregate reversal under this configuration.,958
"ici 192,605",0.010557828848362368,0,1,0,1,0.0,0.8910891089108911,1.0,6.0,No aggregate reversal under this configuration.,959
ncgc00184834-01,0.010604537535500058,0,2,0,2,0.0,0.8217821782178217,1.0,5.5,No aggregate reversal under this configuration.,960
BRD-A60245366,0.010629007229033129,1,3,1,3,0.3333333333333333,0.8415841584158416,1.0,8.333333333333334,No aggregate reversal under this configuration.,961
cymarin,0.010645034459973264,0,1,0,1,0.0,0.7821782178217822,1.0,6.0,No aggregate reversal under this configuration.,962
n-formylmethionylalanine,0.010698982568984697,0,1,0,1,0.0,0.9207920792079208,1.0,7.0,No aggregate reversal under this configuration.,963
mefexamide hydrochloride,0.01075049698963265,0,1,0,1,0.0,0.801980198019802,1.0,5.0,No aggregate reversal under this configuration.,964
triamcinolone,0.010821567081845774,0,1,0,1,0.0,0.8415841584158416,1.0,6.0,No aggregate reversal under this configuration.,965
BRD-K17953061,0.010839204408341957,0,5,0,5,0.0,0.8217821782178217,1.0,7.4,No aggregate reversal under this configuration.,966
gr 55562 dihydrochloride,0.010930228829636977,0,1,0,1,0.0,0.8613861386138614,1.0,5.0,No aggregate reversal under this configuration.,967
digoxigenin,0.010936408048584468,0,1,0,1,0.0,0.7227722772277227,1.0,7.0,No aggregate reversal under this configuration.,968
t5247673,0.01094145715465657,0,1,0,1,0.0,0.7920792079207921,1.0,5.0,No aggregate reversal under this configuration.,969
"nf-kb activation inhibitor ii, jsh-23",0.010985005171181832,0,1,0,1,0.0,0.8712871287128713,1.0,6.0,No aggregate reversal under this configuration.,970
ftt,0.011032133597004657,0,1,0,1,0.0,0.7722772277227723,1.0,5.0,No aggregate reversal under this configuration.,971
btb06091sc,0.01107281162264894,0,1,0,1,0.0,0.8613861386138614,1.0,7.0,No aggregate reversal under this configuration.,972
"betamethasone 17,21-dipropionate",0.011097694292661749,0,2,0,2,0.0,0.8514851485148515,1.0,5.0,No aggregate reversal under this configuration.,973
BRD-K41859756,0.011252574853342988,3,9,3,9,0.3333333333333333,0.9702970297029703,1.0,5.777777777777778,No aggregate reversal under this configuration.,974
BRD-K74797618,0.01125751015163819,1,2,1,2,0.5,0.900990099009901,1.0,7.5,No aggregate reversal under this configuration.,975
ag 9,0.01126660915132421,0,1,0,1,0.0,0.7425742574257426,1.0,5.0,No aggregate reversal under this configuration.,976
a-1065,0.011268839036565639,0,2,0,2,0.0,0.8910891089108911,1.0,5.0,No aggregate reversal under this configuration.,977
hy-13001,0.011292878675742864,0,1,0,1,0.0,0.9108910891089109,1.0,6.0,No aggregate reversal under this configuration.,978
felamidin,0.011359213663865622,0,1,0,1,0.0,0.7425742574257426,1.0,6.0,No aggregate reversal under this configuration.,979
emetine,0.01140527034666155,4,9,4,9,0.4444444444444444,0.9306930693069307,1.0,6.444444444444445,No aggregate reversal under this configuration.,980
BRD-K64642496,0.011413636592756154,0,4,0,4,0.0,0.9405940594059405,1.0,6.0,No aggregate reversal under this configuration.,981
BRD-K76938712,0.011431897334922001,1,2,1,2,0.5,0.9405940594059405,1.0,8.5,No aggregate reversal under this configuration.,982
ursolic acid,0.01145031097244983,0,1,0,1,0.0,0.7821782178217822,1.0,7.0,No aggregate reversal under this configuration.,983
nnc 55-0396 dihydrochloride,0.011467245409145604,0,3,0,3,0.0,0.8811881188118812,1.0,7.0,No aggregate reversal under this configuration.,984
BRD-A05565054,0.011484837591643053,0,1,0,1,0.0,0.8910891089108911,1.0,5.0,No aggregate reversal under this configuration.,985
pz0013,0.011497464277721865,1,2,1,2,0.5,0.9603960396039604,1.0,6.0,No aggregate reversal under this configuration.,986
s1142,0.011502429844057896,0,1,0,1,0.0,0.8415841584158416,1.0,5.0,No aggregate reversal under this configuration.,987
BRD-K67870070,0.011544531718702865,0,1,0,1,0.0,0.9108910891089109,1.0,5.0,No aggregate reversal under this configuration.,988
BRD-K92980438,0.011583657600023743,0,1,0,1,0.0,0.9108910891089109,1.0,7.0,No aggregate reversal under this configuration.,989
s1154,0.011626783990538767,0,1,0,1,0.0,0.8118811881188119,1.0,7.0,No aggregate reversal under this configuration.,990
a-275,0.01170334535768733,0,1,0,1,0.0,0.8415841584158416,1.0,5.0,No aggregate reversal under this configuration.,991
nifedipine,0.01171623819933641,0,1,0,1,0.0,0.8415841584158416,1.0,7.0,No aggregate reversal under this configuration.,992
cucurbitacin i,0.0117933977831107,0,3,0,3,0.0,0.9207920792079208,1.0,6.333333333333333,No aggregate reversal under this configuration.,993
ncgc00012508-02,0.011809737699093938,0,1,0,1,0.0,0.8514851485148515,1.0,5.0,No aggregate reversal under this configuration.,994
BRD-U25771771,0.011820862852672828,0,3,0,3,0.0,0.900990099009901,1.0,6.0,No aggregate reversal under this configuration.,995
amcinonide,0.011887425195390204,0,1,0,1,0.0,0.8514851485148515,1.0,5.0,No aggregate reversal under this configuration.,996
v2264,0.011896602293990425,0,1,0,1,0.0,0.7722772277227723,1.0,5.0,No aggregate reversal under this configuration.,997
ag 592,0.011900987141929827,1,2,1,2,0.5,0.8613861386138614,1.0,5.0,No aggregate reversal under this configuration.,998
BRD-K38615104,0.012010461790247525,1,2,1,2,0.5,0.8811881188118812,1.0,7.0,No aggregate reversal under this configuration.,999
MLN-8054,0.012127694594835621,1,3,1,3,0.3333333333333333,0.9801980198019802,1.0,6.333333333333333,No aggregate reversal under this configuration.,1000
importazole,0.012140660628780067,2,10,2,10,0.2,0.9801980198019802,1.0,6.6,No aggregate reversal under this configuration.,1001
16beta-bromoandrosterone,0.012145671011308187,0,2,0,2,0.0,0.9108910891089109,1.0,5.5,No aggregate reversal under this configuration.,1002
fenretinide,0.012167831735332108,0,1,0,1,0.0,0.8415841584158416,1.0,6.0,No aggregate reversal under this configuration.,1003
nobiletin,0.012255814649544896,0,1,0,1,0.0,0.8415841584158416,1.0,5.0,No aggregate reversal under this configuration.,1004
ncgc00165289-01,0.012341037505447445,0,2,0,2,0.0,0.9108910891089109,1.0,7.0,No aggregate reversal under this configuration.,1005
caffeic acid phenethyl ester,0.01234403610315259,0,1,0,1,0.0,0.9504950495049505,1.0,5.0,No aggregate reversal under this configuration.,1006
BRD-A59145032,0.012460063287965619,0,1,0,1,0.0,0.7623762376237624,1.0,5.0,No aggregate reversal under this configuration.,1007
cgp 71683 hydrochloride,0.012475479440317619,1,4,1,4,0.25,0.8811881188118812,1.0,7.0,No aggregate reversal under this configuration.,1008
BRD-K80348542,0.012486170631923124,1,5,1,5,0.2,0.9306930693069307,1.0,6.8,No aggregate reversal under this configuration.,1009
gr 127935 hydrochloride,0.012561129323705707,0,2,0,2,0.0,0.9306930693069307,1.0,7.0,No aggregate reversal under this configuration.,1010
s1169,0.01262810053626591,0,1,0,1,0.0,0.900990099009901,1.0,7.0,No aggregate reversal under this configuration.,1011
retinoic acid,0.012645856566968889,0,1,0,1,0.0,0.8910891089108911,1.0,6.0,No aggregate reversal under this configuration.,1012
mifepristone,0.012760971165160458,0,1,0,1,0.0,0.7425742574257426,1.0,7.0,No aggregate reversal under this configuration.,1013
m-3m3fbs,0.01276660055299185,1,7,1,7,0.14285714285714285,0.9702970297029703,1.0,5.714285714285714,No aggregate reversal under this configuration.,1014
s1040,0.012875085313912365,0,3,0,3,0.0,0.9801980198019802,1.0,5.666666666666667,No aggregate reversal under this configuration.,1015
BRD-K15916856,0.012957091874164833,0,1,0,1,0.0,0.8811881188118812,1.0,5.0,No aggregate reversal under this configuration.,1016
hydrocortisone hemisuccinate,0.013076701541522465,0,1,0,1,0.0,0.8514851485148515,1.0,5.0,No aggregate reversal under this configuration.,1017
t7765,0.013110444548679961,1,3,1,3,0.3333333333333333,0.9702970297029703,1.0,7.333333333333333,No aggregate reversal under this configuration.,1018
oxymetazoline hydrochloride,0.013204856091699923,0,1,0,1,0.0,0.8316831683168316,1.0,7.0,No aggregate reversal under this configuration.,1019
b675700.cdx,0.0132076623885521,3,13,3,13,0.23076923076923078,0.9603960396039604,1.0,6.230769230769231,No aggregate reversal under this configuration.,1020
periplocymarin,0.013227604568392778,1,2,1,2,0.5,0.7821782178217822,1.0,5.5,No aggregate reversal under this configuration.,1021
flumethasone,0.01323863003050838,0,1,0,1,0.0,0.8316831683168316,1.0,5.0,No aggregate reversal under this configuration.,1022
wiskostatin,0.013281345025131126,0,1,0,1,0.0,0.9405940594059405,1.0,6.0,No aggregate reversal under this configuration.,1023
n-desmethylclozapine,0.013364912149172329,0,1,0,1,0.0,0.9108910891089109,1.0,5.0,No aggregate reversal under this configuration.,1024
hy-10518,0.013414890008914205,0,4,0,4,0.0,0.9207920792079208,1.0,6.0,No aggregate reversal under this configuration.,1025
BRD-K77547920,0.013416320020998497,1,3,1,3,0.3333333333333333,0.9108910891089109,1.0,5.666666666666667,No aggregate reversal under this configuration.,1026
BRD-K99582188,0.013454754850782822,0,1,0,1,0.0,0.8316831683168316,1.0,7.0,No aggregate reversal under this configuration.,1027
BRD-K45818044,0.013464316303307758,0,1,0,1,0.0,0.8910891089108911,1.0,6.0,No aggregate reversal under this configuration.,1028
nnc 05-2090 hydrochloride,0.013464495450553515,0,1,0,1,0.0,0.8415841584158416,1.0,6.0,No aggregate reversal under this configuration.,1029
BRD-K71172276,0.01346953657047142,0,1,0,1,0.0,0.9702970297029703,1.0,5.0,No aggregate reversal under this configuration.,1030
BRD-K82732294,0.013496394130927732,1,2,1,2,0.5,0.8811881188118812,1.0,8.0,No aggregate reversal under this configuration.,1031
chemistry 2804,0.01351864312749284,3,14,3,14,0.21428571428571427,0.9405940594059405,1.0,5.857142857142857,No aggregate reversal under this configuration.,1032
BRD-K05649647,0.013606619031674233,2,7,2,7,0.2857142857142857,0.9702970297029703,1.0,5.571428571428571,No aggregate reversal under this configuration.,1033
lawsone,0.013618112522315887,0,1,0,1,0.0,0.8415841584158416,1.0,7.0,No aggregate reversal under this configuration.,1034
BRD-K78385490,0.013714744284784978,1,2,1,2,0.5,0.8514851485148515,1.0,7.0,No aggregate reversal under this configuration.,1035
s1297,0.013749568255600912,0,1,0,1,0.0,0.900990099009901,1.0,6.0,No aggregate reversal under this configuration.,1036
digoxin,0.013821053678630067,2,5,2,5,0.4,0.9306930693069307,1.0,6.4,No aggregate reversal under this configuration.,1037
triamcinolone diacetate,0.014081723141440409,0,1,0,1,0.0,0.7920792079207921,1.0,5.0,No aggregate reversal under this configuration.,1038
BRD-K95895342,0.014085923851585695,0,1,0,1,0.0,0.9405940594059405,1.0,7.0,No aggregate reversal under this configuration.,1039
puromycin dihydrochloride,0.014150594389883284,0,2,0,2,0.0,0.8811881188118812,1.0,6.0,No aggregate reversal under this configuration.,1040
BRD-K70161581,0.014164243399122785,0,1,0,1,0.0,0.9207920792079208,1.0,7.0,No aggregate reversal under this configuration.,1041
CHIR-99021,0.014170136614609797,1,3,1,3,0.3333333333333333,0.9702970297029703,1.0,6.666666666666667,No aggregate reversal under this configuration.,1042
KIN001-220,0.014268293241530724,1,3,1,3,0.3333333333333333,0.9603960396039604,1.0,5.333333333333333,No aggregate reversal under this configuration.,1043
BRD-A68061604,0.014318411835777787,0,1,0,1,0.0,0.9504950495049505,1.0,5.0,No aggregate reversal under this configuration.,1044
nilotinib,0.01434047633040844,0,1,0,1,0.0,0.9504950495049505,1.0,5.0,No aggregate reversal under this configuration.,1045
cgk 733,0.014340662542787118,0,2,0,2,0.0,0.9405940594059405,1.0,5.5,No aggregate reversal under this configuration.,1046
topotecan hcl,0.014345618905509646,0,2,0,2,0.0,0.9108910891089109,1.0,6.5,No aggregate reversal under this configuration.,1047
protein tyrosine phosphatase inhibitor iv,0.014355092549944916,0,1,0,1,0.0,0.9207920792079208,1.0,5.0,No aggregate reversal under this configuration.,1048
doxorubicin,0.014463644004302213,0,5,0,5,0.0,0.8712871287128713,1.0,5.6,No aggregate reversal under this configuration.,1049
r2146,0.01450214013980225,0,4,0,4,0.0,1.0,1.0,6.0,No aggregate reversal under this configuration.,1050
gr-103,0.014540321545640464,0,1,0,1,0.0,0.801980198019802,1.0,8.0,No aggregate reversal under this configuration.,1051
m9948,0.014553240802580397,0,1,0,1,0.0,0.8910891089108911,1.0,5.0,No aggregate reversal under this configuration.,1052
BRD-K73261812,0.014570308721463195,0,2,0,2,0.0,0.9207920792079208,1.0,5.0,No aggregate reversal under this configuration.,1053
mead acid (20:3 n-9),0.014585225202578498,0,1,0,1,0.0,0.8316831683168316,1.0,6.0,No aggregate reversal under this configuration.,1054
BRD-K31491153,0.014664323922348328,0,2,0,2,0.0,0.9108910891089109,1.0,5.0,No aggregate reversal under this configuration.,1055
cgp 37157,0.01469269365437818,0,1,0,1,0.0,0.8118811881188119,1.0,8.0,No aggregate reversal under this configuration.,1056
testosterone propionate,0.014697053061757162,0,1,0,2,0.0,0.8910891089108911,1.0,6.0,No aggregate reversal under this configuration.,1057
salmeterol,0.01473110802345304,0,1,0,1,0.0,0.8712871287128713,1.0,7.0,No aggregate reversal under this configuration.,1058
ncgc00185684-02,0.01478205986645422,0,2,0,2,0.0,0.9108910891089109,1.0,5.5,No aggregate reversal under this configuration.,1059
ketoprofen,0.014832383528454283,0,2,0,2,0.0,0.9306930693069307,1.0,6.5,No aggregate reversal under this configuration.,1060
BRD-A63583287,0.014848690034744382,0,1,0,1,0.0,0.9306930693069307,1.0,5.0,No aggregate reversal under this configuration.,1061
BRD-K95138506,0.014951213702482882,0,2,0,2,0.0,0.9306930693069307,1.0,5.5,No aggregate reversal under this configuration.,1062
reserpine,0.015021661080250735,0,1,0,1,0.0,0.9207920792079208,1.0,6.0,No aggregate reversal under this configuration.,1063
vinblastine sulfate,0.015026816957158679,1,2,2,3,0.5,0.9801980198019802,1.0,6.666666666666667,No aggregate reversal under this configuration.,1064
arp 101,0.015033491644464774,1,5,1,5,0.2,0.8811881188118812,1.0,6.0,No aggregate reversal under this configuration.,1065
lylamine hydrochloride,0.015072832490370534,0,1,0,1,0.0,0.8316831683168316,1.0,8.0,No aggregate reversal under this configuration.,1066
BRD-K64517075,0.015123342150766378,0,2,0,2,0.0,0.8811881188118812,1.0,6.0,No aggregate reversal under this configuration.,1067
ncgc00183226-01,0.01512795180182127,0,1,0,1,0.0,0.8910891089108911,1.0,5.0,No aggregate reversal under this configuration.,1068
cytosporone b,0.015185984993323909,0,1,0,1,0.0,0.9207920792079208,1.0,5.0,No aggregate reversal under this configuration.,1069
BRD-K69852452,0.015222298153960246,1,4,1,5,0.25,0.9405940594059405,1.0,5.6,No aggregate reversal under this configuration.,1070
budesonide,0.015269844243835734,1,3,1,4,0.3333333333333333,0.9702970297029703,1.0,5.5,No aggregate reversal under this configuration.,1071
bl-010,0.015405676990505303,0,1,0,1,0.0,0.8613861386138614,1.0,6.0,No aggregate reversal under this configuration.,1072
rottlerin,0.015441250416176208,0,2,0,2,0.0,0.9306930693069307,1.0,6.5,No aggregate reversal under this configuration.,1073
hy-11001,0.015475002627714084,2,7,2,7,0.2857142857142857,0.9702970297029703,1.0,5.714285714285714,No aggregate reversal under this configuration.,1074
BRD-A81530502,0.015488346455983858,0,1,0,1,0.0,0.8613861386138614,1.0,5.0,No aggregate reversal under this configuration.,1075
BRD-K06009608,0.015636880417722217,1,2,1,2,0.5,0.9603960396039604,1.0,7.5,No aggregate reversal under this configuration.,1076
s1017,0.015786624615553684,0,4,0,4,0.0,1.0,1.0,6.0,No aggregate reversal under this configuration.,1077
BRD-K01868942,0.015936587446240772,0,1,0,1,0.0,0.9603960396039604,1.0,6.0,No aggregate reversal under this configuration.,1078
BRD-K97764662,0.01596029899882439,0,1,0,2,0.0,0.9306930693069307,1.0,8.5,No aggregate reversal under this configuration.,1079
luteolin,0.015988728921627553,0,1,0,1,0.0,0.900990099009901,1.0,5.0,No aggregate reversal under this configuration.,1080
pp 1,0.016081653587099367,0,1,0,1,0.0,0.9207920792079208,1.0,5.0,No aggregate reversal under this configuration.,1081
olvanil,0.016258216188024584,0,1,0,1,0.0,0.9108910891089109,1.0,9.0,No aggregate reversal under this configuration.,1082
cp 94253 hydrochloride,0.01626220642400533,0,1,0,1,0.0,0.9504950495049505,1.0,6.0,No aggregate reversal under this configuration.,1083
nsc 632839 hydrochloride,0.016314937303851605,1,3,1,3,0.3333333333333333,0.9702970297029703,1.0,6.666666666666667,No aggregate reversal under this configuration.,1084
moclobemide,0.016330754106365423,0,1,0,1,0.0,0.8811881188118812,1.0,6.0,No aggregate reversal under this configuration.,1085
BRD-K89329876,0.016342147080817136,0,1,0,1,0.0,0.9405940594059405,1.0,7.0,No aggregate reversal under this configuration.,1086
BRD-K57080016,0.016373448220012347,0,4,0,4,0.0,0.9405940594059405,1.0,6.75,No aggregate reversal under this configuration.,1087
BRD-K69159985,0.01655812702573519,0,1,0,1,0.0,0.9801980198019802,1.0,7.0,No aggregate reversal under this configuration.,1088
s1362,0.016562811198858274,0,1,0,1,0.0,0.9207920792079208,1.0,5.0,No aggregate reversal under this configuration.,1089
BRD-K88278225,0.016606025374708858,0,2,0,2,0.0,0.9405940594059405,1.0,6.5,No aggregate reversal under this configuration.,1090
ncgc00188740-01,0.01668109589461705,0,1,0,1,0.0,0.9306930693069307,1.0,5.0,No aggregate reversal under this configuration.,1091
BRD-K36055864 (cycloheximide),0.016681834499427235,0,1,0,1,0.0,0.900990099009901,1.0,6.0,No aggregate reversal under this configuration.,1092
BRD-A41250203,0.016720656771852763,0,3,0,3,0.0,0.9207920792079208,1.0,6.333333333333333,No aggregate reversal under this configuration.,1093
paclitaxel,0.01675912762750397,0,2,0,2,0.0,0.9702970297029703,1.0,5.5,No aggregate reversal under this configuration.,1094
pd 198306,0.016817154513579197,0,2,0,2,0.0,0.9603960396039604,1.0,6.0,No aggregate reversal under this configuration.,1095
cay10618,0.017105674199495144,0,1,0,1,0.0,0.8613861386138614,1.0,6.0,No aggregate reversal under this configuration.,1096
p0030,0.017219252047440743,1,4,1,4,0.25,0.9801980198019802,1.0,6.5,No aggregate reversal under this configuration.,1097
ncgc00181799-01,0.017240118282027206,0,1,0,1,0.0,0.900990099009901,1.0,7.0,No aggregate reversal under this configuration.,1098
niclosamide,0.01734866617114492,1,11,1,16,0.09090909090909091,1.0,1.0,6.1875,No aggregate reversal under this configuration.,1099
s1011,0.01738255653606842,0,4,0,4,0.0,0.9900990099009901,1.0,7.25,No aggregate reversal under this configuration.,1100
y27632,0.01738460645263863,0,1,0,1,0.0,0.9306930693069307,1.0,6.0,No aggregate reversal under this configuration.,1101
gr-231,0.017708613201581073,1,4,1,4,0.25,1.0,1.0,5.0,No aggregate reversal under this configuration.,1102
prostaglandin a1,0.01781505435709855,0,3,0,3,0.0,0.9405940594059405,1.0,6.333333333333333,No aggregate reversal under this configuration.,1103
BRD-U73238814,0.017875393251713417,0,1,0,1,0.0,0.9702970297029703,1.0,6.0,No aggregate reversal under this configuration.,1104
zd 7155 hydrochloride,0.017950319057788003,0,1,0,1,0.0,0.9108910891089109,1.0,6.0,No aggregate reversal under this configuration.,1105
BRD-K62310379 (fluticasone propionate),0.018094486235498315,0,3,0,3,0.0,0.9603960396039604,1.0,5.0,No aggregate reversal under this configuration.,1106
s1222,0.018183400506716508,0,2,0,2,0.0,0.9900990099009901,1.0,6.0,No aggregate reversal under this configuration.,1107
BRD-K45399554,0.01818895303346369,0,1,0,1,0.0,0.8514851485148515,1.0,7.0,No aggregate reversal under this configuration.,1108
halometasone,0.01830014000174793,0,1,0,1,0.0,0.9405940594059405,1.0,6.0,No aggregate reversal under this configuration.,1109
bithionate sodium,0.018319575136891114,0,1,0,1,0.0,0.9702970297029703,1.0,5.0,No aggregate reversal under this configuration.,1110
JNK-IN-5A,0.01832143493406846,1,7,1,7,0.14285714285714285,1.0,1.0,5.857142857142857,No aggregate reversal under this configuration.,1111
strophantine octahydrate,0.018328453391200684,1,2,1,2,0.5,0.9702970297029703,1.0,9.5,No aggregate reversal under this configuration.,1112
phorbol-12-myristate-13-acetate (pma),0.018442004811182848,1,7,1,7,0.14285714285714285,0.9801980198019802,1.0,5.428571428571429,No aggregate reversal under this configuration.,1113
ncgc00183696-01,0.018530072658147587,1,4,1,4,0.25,0.9900990099009901,1.0,7.0,No aggregate reversal under this configuration.,1114
"tamoxifen, 4-hydroxy-, (z)-",0.018597352783833752,0,2,0,2,0.0,0.9801980198019802,1.0,7.0,No aggregate reversal under this configuration.,1115
s1527,0.018608613572013037,0,2,0,2,0.0,0.9702970297029703,1.0,5.5,No aggregate reversal under this configuration.,1116
pac 1,0.018838003116980365,1,6,1,9,0.16666666666666666,1.0,1.0,5.666666666666667,No aggregate reversal under this configuration.,1117
cosmosiin,0.018877025590093216,0,1,0,1,0.0,0.9306930693069307,1.0,7.0,No aggregate reversal under this configuration.,1118
GSK-690693,0.01891190319195836,0,2,0,2,0.0,1.0,1.0,5.0,No aggregate reversal under this configuration.,1119
sertraline hydrochloride,0.018981245446320173,0,1,0,1,0.0,0.9207920792079208,1.0,6.0,No aggregate reversal under this configuration.,1120
BRD-A15010982,0.018988813332984487,0,1,0,1,0.0,0.9306930693069307,1.0,5.0,No aggregate reversal under this configuration.,1121
BRD-K52075040,0.01900582440594062,0,5,0,5,0.0,0.9702970297029703,1.0,5.4,No aggregate reversal under this configuration.,1122
flurandrenolide,0.019008819629172877,0,1,0,2,0.0,0.9801980198019802,1.0,5.0,No aggregate reversal under this configuration.,1123
medrysone,0.01905694659426245,0,1,0,1,0.0,0.9405940594059405,1.0,5.0,No aggregate reversal under this configuration.,1124
skatole,0.019096798804072,0,1,0,1,0.0,0.9306930693069307,1.0,5.0,No aggregate reversal under this configuration.,1125
mrs 1220,0.01913276641332437,0,1,0,1,0.0,0.9801980198019802,1.0,7.0,No aggregate reversal under this configuration.,1126
BRD-A31107743,0.01914751559506206,0,6,0,6,0.0,0.9702970297029703,1.0,7.166666666666667,No aggregate reversal under this configuration.,1127
"dibutyryl-camp, sodium salt",0.01929214658139191,0,1,0,1,0.0,0.8712871287128713,1.0,9.0,No aggregate reversal under this configuration.,1128
ossk 647368,0.01942563629314945,0,1,0,1,0.0,0.900990099009901,1.0,7.0,No aggregate reversal under this configuration.,1129
"ingenol 3, 20-dibenzoate",0.01946178430646588,2,9,2,9,0.2222222222222222,1.0,1.0,6.222222222222222,No aggregate reversal under this configuration.,1130
bl-095,0.01949387427207837,0,1,0,1,0.0,0.9702970297029703,1.0,7.0,No aggregate reversal under this configuration.,1131
"n,n-hexamethyleneamiloride",0.019525398533398818,0,1,0,1,0.0,0.9603960396039604,1.0,6.0,No aggregate reversal under this configuration.,1132
altrenogest,0.01953762309580896,0,1,0,1,0.0,0.9504950495049505,1.0,7.0,No aggregate reversal under this configuration.,1133
BRD-K27630941,0.01978819188267077,0,1,0,1,0.0,0.9801980198019802,1.0,7.0,No aggregate reversal under this configuration.,1134
thiothixene,0.019833868387931657,0,1,0,1,0.0,0.9207920792079208,1.0,7.0,No aggregate reversal under this configuration.,1135
pentobarbital,0.019881029691413473,0,1,0,1,0.0,0.8613861386138614,1.0,6.0,No aggregate reversal under this configuration.,1136
BRD-K51454562,0.019897784390021347,0,1,0,1,0.0,0.9702970297029703,1.0,6.0,No aggregate reversal under this configuration.,1137
chlorpromazine,0.020006046598452867,0,1,0,1,0.0,0.9801980198019802,1.0,6.0,No aggregate reversal under this configuration.,1138
s1175,0.02024287759391456,0,2,0,2,0.0,0.9504950495049505,1.0,6.5,No aggregate reversal under this configuration.,1139
auraptene,0.02027592199848263,0,1,0,1,0.0,0.9900990099009901,1.0,5.0,No aggregate reversal under this configuration.,1140
mls-0435555.0001,0.020301349401941268,0,1,0,1,0.0,0.9801980198019802,1.0,5.0,No aggregate reversal under this configuration.,1141
mometasone furoate,0.020341137817761815,0,1,0,1,0.0,0.9405940594059405,1.0,7.0,No aggregate reversal under this configuration.,1142
BRD-K14788918,0.020394165749382714,0,1,0,1,0.0,0.9405940594059405,1.0,5.0,No aggregate reversal under this configuration.,1143
n-benzylnaltrindole hydrochloride,0.020429058241771457,0,2,0,2,0.0,0.9900990099009901,1.0,5.5,No aggregate reversal under this configuration.,1144
prednisolone,0.02065176723924856,0,2,0,2,0.0,0.9900990099009901,1.0,5.0,No aggregate reversal under this configuration.,1145
propyl-beta-carboline-3-carboxylate,0.020717878349626927,0,1,0,1,0.0,0.8910891089108911,1.0,6.0,No aggregate reversal under this configuration.,1146
ncgc00188535-01,0.020892134595496145,0,1,0,1,0.0,0.9108910891089109,1.0,8.0,No aggregate reversal under this configuration.,1147
BRD-K67090983,0.020995934864658363,0,1,0,1,0.0,0.9504950495049505,1.0,7.0,No aggregate reversal under this configuration.,1148
salermide,0.02099654776010986,0,2,0,2,0.0,0.9603960396039604,1.0,7.5,No aggregate reversal under this configuration.,1149
s1003,0.021030939809097426,0,1,0,1,0.0,0.9306930693069307,1.0,5.0,No aggregate reversal under this configuration.,1150
t5345967,0.021127128128043172,0,1,0,1,0.0,0.9900990099009901,1.0,5.0,No aggregate reversal under this configuration.,1151
BRD-A18725729,0.021184031361927223,0,2,0,2,0.0,1.0,1.0,6.0,No aggregate reversal under this configuration.,1152
vu0418947-2,0.021203781097191322,1,3,1,3,0.3333333333333333,0.9801980198019802,1.0,5.666666666666667,No aggregate reversal under this configuration.,1153
zardaverine,0.021209793598007017,0,1,0,1,0.0,0.9603960396039604,1.0,5.0,No aggregate reversal under this configuration.,1154
19-norethindrone,0.021359394673002345,0,1,0,1,0.0,0.9801980198019802,1.0,5.0,No aggregate reversal under this configuration.,1155
nrb 03823,0.021680052706567976,0,1,0,1,0.0,0.9603960396039604,1.0,7.0,No aggregate reversal under this configuration.,1156
BRD-K03736784,0.021768880169165023,0,1,0,1,0.0,0.8514851485148515,1.0,6.0,No aggregate reversal under this configuration.,1157
nocodazole,0.02181241943443608,0,1,0,1,0.0,0.9405940594059405,1.0,5.0,No aggregate reversal under this configuration.,1158
sulfisoxazole,0.021854921918159496,0,1,0,1,0.0,0.9900990099009901,1.0,5.0,No aggregate reversal under this configuration.,1159
pyrvinium pamoate,0.021883092861182212,0,1,0,1,0.0,0.900990099009901,1.0,5.0,No aggregate reversal under this configuration.,1160
fk506,0.021961761740499984,0,1,0,1,0.0,0.9405940594059405,1.0,5.0,No aggregate reversal under this configuration.,1161
niguldipine hydrochloride,0.02217857219128916,0,4,0,4,0.0,1.0,1.0,5.75,No aggregate reversal under this configuration.,1162
syk inhibitor,0.02218367461620087,0,2,0,2,0.0,0.9900990099009901,1.0,5.0,No aggregate reversal under this configuration.,1163
dexamethasone,0.022362683440903648,0,4,0,6,0.0,0.9900990099009901,1.0,6.166666666666667,No aggregate reversal under this configuration.,1164
triflupromazine hydrochloride,0.022402842153517916,0,1,0,1,0.0,0.9801980198019802,1.0,5.0,No aggregate reversal under this configuration.,1165
s1019,0.022430798185676983,0,2,0,2,0.0,0.9900990099009901,1.0,5.5,No aggregate reversal under this configuration.,1166
fluticasone propionate,0.022601457412009848,0,2,0,2,0.0,0.9801980198019802,1.0,6.5,No aggregate reversal under this configuration.,1167
gw 583340 dihydrochloride,0.022616787282750107,0,1,0,1,0.0,0.9702970297029703,1.0,5.0,No aggregate reversal under this configuration.,1168
BRD-K02216544,0.022672979947686613,0,1,0,1,0.0,0.9702970297029703,1.0,6.0,No aggregate reversal under this configuration.,1169
testosterone,0.0227718233180221,0,2,0,3,0.0,1.0,1.0,6.333333333333333,No aggregate reversal under this configuration.,1170
BRD-K89224880,0.02287989078891847,0,1,0,1,0.0,1.0,1.0,6.0,No aggregate reversal under this configuration.,1171
bl-009,0.022936571609855808,0,1,0,1,0.0,0.9603960396039604,1.0,8.0,No aggregate reversal under this configuration.,1172
norethindrone,0.023447933145583365,0,1,0,1,0.0,1.0,1.0,10.0,No aggregate reversal under this configuration.,1173
dau 5884 hydrochloride,0.023614253635136206,0,1,0,1,0.0,0.9900990099009901,1.0,5.0,No aggregate reversal under this configuration.,1174
BRD-K16533489,0.023731671999894188,0,1,0,1,0.0,0.9900990099009901,1.0,5.0,No aggregate reversal under this configuration.,1175
gr-108,0.023834728405861327,0,2,0,2,0.0,1.0,1.0,5.5,No aggregate reversal under this configuration.,1176
x0379,0.023860460945178043,0,1,0,1,0.0,0.9603960396039604,1.0,5.0,No aggregate reversal under this configuration.,1177
ei-346,0.024354085256585008,0,1,0,1,0.0,0.9801980198019802,1.0,5.0,No aggregate reversal under this configuration.,1178
hy-10159,0.02460370662587094,0,1,0,1,0.0,0.9801980198019802,1.0,6.0,No aggregate reversal under this configuration.,1179
anisomycin,0.0249217809084374,0,3,0,3,0.0,1.0,1.0,6.0,No aggregate reversal under this configuration.,1180
BRD-K91145395,0.025087334811834776,0,2,0,2,0.0,0.9801980198019802,1.0,5.0,No aggregate reversal under this configuration.,1181
BRD-K02174945,0.025369807631234025,0,1,0,1,0.0,0.9801980198019802,1.0,5.0,No aggregate reversal under this configuration.,1182
chlorprothixene hydrochloride,0.025531453389570944,0,1,0,1,0.0,1.0,1.0,5.0,No aggregate reversal under this configuration.,1183
desoximetasone,0.025909305470782816,0,1,0,1,0.0,0.9702970297029703,1.0,6.0,No aggregate reversal under this configuration.,1184
c8273,0.02608461875982139,0,2,0,2,0.0,1.0,1.0,6.5,No aggregate reversal under this configuration.,1185
mestanolone,0.026631548650603444,0,1,0,1,0.0,0.9702970297029703,1.0,5.0,No aggregate reversal under this configuration.,1186
BRD-K02558072,0.026664069963524054,0,1,0,1,0.0,0.9900990099009901,1.0,7.0,No aggregate reversal under this configuration.,1187
fluocinolone acetonide,0.026862740965543207,0,1,0,1,0.0,0.9801980198019802,1.0,6.0,No aggregate reversal under this configuration.,1188
BRD-K32896438,0.026931652645342644,0,1,0,1,0.0,0.9702970297029703,1.0,5.0,No aggregate reversal under this configuration.,1189
BRD-K19724398,0.027018023237429564,0,1,0,1,0.0,0.9702970297029703,1.0,6.0,No aggregate reversal under this configuration.,1190
BRD-U64289953,0.02710431700486619,0,1,0,1,0.0,1.0,1.0,5.0,No aggregate reversal under this configuration.,1191
cay10594,0.027168393797343145,0,1,0,1,0.0,0.9504950495049505,1.0,6.0,No aggregate reversal under this configuration.,1192
lonidamine,0.02717015577614235,0,1,0,1,0.0,0.9900990099009901,1.0,5.0,No aggregate reversal under this configuration.,1193
BRD-K45842176,0.027175181053596273,0,1,0,1,0.0,1.0,1.0,5.0,No aggregate reversal under this configuration.,1194
penfluridol,0.027414640298560836,0,1,0,1,0.0,0.9603960396039604,1.0,5.0,No aggregate reversal under this configuration.,1195
azacytidine-5,0.02742308075520413,0,1,0,1,0.0,0.9504950495049505,1.0,5.0,No aggregate reversal under this configuration.,1196
BRD-U68942961,0.027523705895724997,0,1,0,1,0.0,0.9801980198019802,1.0,6.0,No aggregate reversal under this configuration.,1197
triclosan,0.028037505438045302,0,1,0,1,0.0,0.9801980198019802,1.0,9.0,No aggregate reversal under this configuration.,1198
BRD-A75931230,0.028097882351630472,0,1,0,1,0.0,0.9801980198019802,1.0,7.0,No aggregate reversal under this configuration.,1199
iproniazide phosphate,0.02821858200137539,0,1,0,1,0.0,0.9900990099009901,1.0,6.0,No aggregate reversal under this configuration.,1200
hydroxychloroquine sulfate,0.0287530279410113,0,1,0,1,0.0,1.0,1.0,5.0,No aggregate reversal under this configuration.,1201
BRD-K55844427,0.028830971691253607,0,1,0,1,0.0,0.9801980198019802,1.0,5.0,No aggregate reversal under this configuration.,1202
BRD-K80786583,0.02894005378736312,0,1,0,1,0.0,1.0,1.0,5.0,No aggregate reversal under this configuration.,1203
pnu 74654,0.028985517055919306,0,1,0,1,0.0,0.9900990099009901,1.0,7.0,No aggregate reversal under this configuration.,1204
aminolevulinic acid,0.02976030436200117,0,1,0,1,0.0,1.0,1.0,6.0,No aggregate reversal under this configuration.,1205
brefeldin a,0.03009520570280439,0,6,0,6,0.0,1.0,1.0,6.833333333333333,No aggregate reversal under this configuration.,1206
5-azacytidine,0.030136176455110616,0,1,0,1,0.0,0.9801980198019802,1.0,8.0,No aggregate reversal under this configuration.,1207
lasalocid sodium salt,0.030536912725897425,0,2,0,2,0.0,0.9900990099009901,1.0,5.0,No aggregate reversal under this configuration.,1208
emetine hydrochloride,0.03087967313706065,0,3,0,3,0.0,1.0,1.0,5.0,No aggregate reversal under this configuration.,1209
exemestane,0.031034324269905898,0,1,0,1,0.0,0.9900990099009901,1.0,6.0,No aggregate reversal under this configuration.,1210
sb 216641 hydrochloride,0.03164616892796058,0,1,0,1,0.0,0.9801980198019802,1.0,6.0,No aggregate reversal under this configuration.,1211
isoflupredone acetate,0.03167005554494291,0,1,0,1,0.0,0.9900990099009901,1.0,7.0,No aggregate reversal under this configuration.,1212
BRD-K19181733,0.0322910860975021,0,1,0,1,0.0,1.0,1.0,6.0,No aggregate reversal under this configuration.,1213
jtc 801,0.03239716717892972,0,1,0,1,0.0,1.0,1.0,5.0,No aggregate reversal under this configuration.,1214
taxifolin-(+/-),0.03250078244090086,0,1,0,1,0.0,0.9702970297029703,1.0,8.0,No aggregate reversal under this configuration.,1215
fenobam,0.032832920575236076,0,1,0,1,0.0,1.0,1.0,6.0,No aggregate reversal under this configuration.,1216
npc 15199,0.03295740059990175,0,1,0,1,0.0,0.9900990099009901,1.0,8.0,No aggregate reversal under this configuration.,1217
ei-215,0.03434585062948167,0,2,0,2,0.0,1.0,1.0,8.0,No aggregate reversal under this configuration.,1218
chloroxine,0.035045156751713956,0,1,0,1,0.0,1.0,1.0,5.0,No aggregate reversal under this configuration.,1219
ci 976,0.037342025084987115,0,1,0,1,0.0,1.0,1.0,9.0,No aggregate reversal under this configuration.,1220
gr-237,0.03787130950423508,0,1,0,1,0.0,1.0,1.0,5.0,No aggregate reversal under this configuration.,1221
verteporfin,0.03826717894037881,0,1,0,1,0.0,1.0,1.0,6.0,No aggregate reversal under this configuration.,1222
vu0418939-2,0.03885540722876944,1,3,1,3,0.3333333333333333,1.0,1.0,8.0,No aggregate reversal under this configuration.,1223
BRD-K35716340,0.03933165890201833,0,2,0,2,0.0,1.0,1.0,6.5,No aggregate reversal under this configuration.,1224
methyltestosterone,0.03951203787435939,0,1,0,1,0.0,1.0,1.0,8.0,No aggregate reversal under this configuration.,1225
oxymetholone,0.04875668370492666,0,1,0,1,0.0,1.0,1.0,8.0,No aggregate reversal under this configuration.,1226
zileuton,0.04909340445011549,0,1,0,1,0.0,1.0,1.0,7.0,No aggregate reversal under this configuration.,1227
BRD-K52080565,0.0552331188015426,0,1,0,1,0.0,1.0,1.0,8.0,No aggregate reversal under this configuration.,1228
