compound,configurations_present,top_k_frequency,evaluated_configurations,mean_rank,rank_sd,baseline,relaxed,stringent,multi-context
palbociclib,4,4,4,2.0,0.7071067811865476,2.0,1,3.0,2.0
KIN001-127,4,4,4,4.25,2.7726341266023544,3.0,2,9.0,3.0
QL-XI-92,4,4,4,10.25,2.0463381929681126,12.0,10,7.0,12.0
TG-101348,4,4,4,11.0,3.5355339059327378,14.0,5,12.0,13.0
BMS509744,4,3,4,12.75,9.03811374126261,6.0,11,28.0,6.0
foretinib,4,3,4,13.0,5.744562646538029,8.0,22,14.0,8.0
PIK-93,4,3,4,16.0,19.05255888325765,5.0,49,5.0,5.0
trametinib,4,3,4,18.25,21.25294097295713,7.0,4,55.0,7.0
WZ-4-145,4,3,4,20.25,6.869315832017043,20.0,12,31.0,18.0
erlotinib,4,3,4,22.25,15.974589196595948,10.0,20,49.0,10.0
gefitinib,4,3,4,22.25,36.80607966083864,1.0,86,1.0,1.0
dovitinib,4,3,4,22.75,32.47595264191645,4.0,79,4.0,4.0
PHA-793887,4,3,4,24.25,20.813156896540228,15.0,8,60.0,14.0
CX-5461,4,3,4,106.75,158.36094057563562,18.0,381,11.0,17.0
AZD-8330,4,2,4,18.0,9.027735042633894,22.0,3,27.0,20.0
JW-7-24-1,4,2,4,21.0,13.92838827718412,9.0,23,43.0,9.0
PF 573228,4,2,4,21.75,6.7592529172978875,17.0,33,21.0,16.0
SU-11274,4,2,4,23.0,14.474114826130128,21.0,6,46.0,19.0
canertinib,4,2,4,23.25,14.804982269492928,39.0,17,2.0,35.0
KW-2449,4,2,4,31.0,22.726636354727024,16.0,70,23.0,15.0
WH-4-025,4,2,4,49.0,58.01723881744115,11.0,149,25.0,11.0
sutent,4,1,4,23.75,9.908960591303208,30.0,7,32.0,26.0
pazopanib,3,1,4,25.333333333333332,8.956685895029603,13.0,34,29.0,
MK-2206,4,1,4,28.0,10.88577052853862,28.0,45,15.0,24.0
GDC-0941,4,1,4,28.5,8.73212459828649,29.0,42,18.0,25.0
JWE-035,4,1,4,31.25,18.471261462065875,27.0,13,62.0,23.0
BX-795,4,1,4,31.5,19.254869513969705,26.0,14,64.0,22.0
CGK-733,4,1,4,35.75,19.651653874419832,32.0,15,68.0,28.0
PF-3758309,4,1,4,47.25,19.879323429131084,50.0,19,75.0,45.0
garcinol,3,1,4,48.666666666666664,31.116269413639905,52.0,9,85.0,
NU-7441,4,1,4,49.25,22.730761095924613,74.0,41,16.0,66.0
C646,4,1,4,49.5,23.286262044390035,75.0,16,40.0,67.0
PD-184352,4,1,4,50.0,25.406692031825003,49.0,18,89.0,44.0
KIN001-265,4,1,4,59.25,32.19763190049852,90.0,63,6.0,78.0
PHA-665752,4,1,4,61.75,32.306152664778885,65.0,108,17.0,57.0
vandetanib,3,1,4,84.33333333333333,76.7086841382527,19.0,192,42.0,
serdemetan,4,1,4,113.0,108.13648782903947,72.0,297,19.0,64.0
methylstat,4,1,4,131.0,93.98138113477584,260.0,77,13.0,174.0
PD-173074,4,1,4,160.25,172.37368563675838,97.0,453,8.0,83.0
GSK-2334470,4,1,4,233.5,146.11724744190877,333.0,390,10.0,201.0
sirolimus,4,1,4,293.25,409.2739760844806,81.0,1001,20.0,71.0
GSK-1070916,4,0,4,31.25,6.098155458825234,37.0,21,34.0,33.0
PD-0325901,4,0,4,35.75,8.257572282456872,38.0,24,47.0,34.0
BS-181,2,0,4,40.5,13.5,54.0,27,,
XMD-1499,4,0,4,41.25,18.606114586339622,35.0,26,73.0,31.0
HG-14-8-02,4,0,4,41.75,17.541023345289748,33.0,72,33.0,29.0
selumetinib,4,0,4,42.25,16.099301227071937,62.0,29,24.0,54.0
PI-103,4,0,4,42.75,13.681648292512127,41.0,28,65.0,37.0
NVP-TAE684,4,0,4,43.5,12.619429464123963,53.0,52,22.0,47.0
AZD4547,4,0,4,47.75,17.640507362318125,44.0,30,77.0,40.0
XMD-1150,4,0,4,50.0,13.057564857200596,40.0,55,69.0,36.0
ZSTK-474,4,0,4,51.0,16.24807680927192,43.0,43,79.0,39.0
pracinostat,4,0,4,57.75,18.18481509391833,57.0,38,87.0,49.0
raltitrexed,1,0,4,58.0,0.0,,58,,
sorafenib,4,0,4,58.75,33.08606202013168,42.0,39,116.0,38.0
SAR-245408,4,0,4,59.0,24.320773014030618,48.0,44,101.0,43.0
AKT-inhibitor-1-2,4,0,4,59.75,28.586491565073178,34.0,97,78.0,30.0
YM-201636,4,0,4,60.0,42.46763473517215,31.0,132,50.0,27.0
torin-1,4,0,4,62.0,8.276472678623424,60.0,75,61.0,52.0
AST1306,4,0,4,63.0,26.832815729997478,59.0,35,107.0,51.0
norketamine hydrochloride,1,0,4,64.0,0.0,,64,,
TWS-119,4,0,4,64.5,65.15174594744181,25.0,177,35.0,21.0
GSK-2126458,4,0,4,65.5,8.986100377805714,73.0,73,51.0,65.0
GDC-0980,4,0,4,67.5,23.339880033967614,64.0,106,44.0,56.0
SB590885,4,0,4,67.5,31.100643080167973,47.0,61,120.0,42.0
celastrol,4,0,4,68.0,6.123724356957945,77.0,60,66.0,69.0
XMD-892,4,0,4,68.5,47.762432936357,46.0,36,151.0,41.0
BRD-K74126469,1,0,4,69.0,0.0,,69,,
PF-477736,4,0,4,69.0,26.92582403567252,102.0,50,36.0,88.0
VE821,3,0,4,69.0,23.15167380558045,91.0,37,,79.0
HG-14-10-04,4,0,4,69.25,13.736356867816154,68.0,57,92.0,60.0
mocetinostat,4,0,4,69.75,23.689396362085716,82.0,31,94.0,72.0
torin-2,4,0,4,70.75,20.216020874544032,70.0,48,103.0,62.0
LDN-193189,4,0,4,71.25,14.720309100015529,80.0,87,48.0,70.0
dabrafenib,4,0,4,73.5,15.580436450882884,63.0,81,95.0,55.0
(+)-JQ1,4,0,4,73.75,13.497684986693088,76.0,94,57.0,68.0
AZD-8055,4,0,4,73.75,15.449514555480375,93.0,51,70.0,81.0
belinostat,4,0,4,74.5,18.2414363469547,96.0,46,74.0,82.0
neratinib,4,0,4,75.5,27.244265451650556,67.0,54,122.0,59.0
crizotinib,4,0,4,76.0,31.47220996371243,51.0,125,82.0,46.0
SGI-1776,4,0,4,77.0,42.148546831415196,69.0,32,146.0,61.0
NVP-AEW541,4,0,4,77.25,24.57005290999594,86.0,40,108.0,75.0
pelitinib,4,0,4,78.25,44.97985660270606,56.0,156,53.0,48.0
AS-605240,4,0,4,80.0,14.352700094407323,98.0,80,58.0,84.0
PFI-1,4,0,4,80.75,51.80431931798738,36.0,159,96.0,32.0
KU-60019,3,0,4,81.33333333333333,48.18252334151414,23.0,141,80.0,
quizartinib,3,0,4,82.0,25.019992006393608,95.0,47,104.0,
st023431,1,0,4,83.0,0.0,,83,,
WYE-125132,4,0,4,83.25,16.467771555374455,85.0,65,109.0,74.0
I-BET151,4,0,4,83.75,14.8387162517517,87.0,66,106.0,76.0
OSI-027,4,0,4,83.75,4.815340071064556,92.0,82,81.0,80.0
UNC0638,4,0,4,86.5,34.93923296238771,66.0,146,76.0,58.0
ifenprodil tartrate,1,0,4,88.0,0.0,,88,,
(-)-JQ1,2,0,4,88.5,20.5,109.0,68,,
chlorambucil,1,0,4,89.0,0.0,,89,,
s1455,2,0,4,89.5,4.5,94.0,85,,
withaferin-a,4,0,4,89.5,11.434596626029272,104.0,92,72.0,90.0
AT7867,4,0,4,89.75,16.768646337734005,106.0,62,99.0,92.0
fenoterol hydrobromide,2,0,4,90.5,12.5,78.0,103,,
entinostat,4,0,4,92.0,5.0,99.0,93,91.0,85.0
I-BET,4,0,4,92.25,41.25757506204164,58.0,109,152.0,50.0
BIX-01294,4,0,4,93.0,62.99603162104737,61.0,202,56.0,53.0
MGCD-265,2,0,4,93.0,14.0,79.0,107,,
RAF 265,4,0,4,94.75,23.134119823325893,117.0,56,105.0,101.0
CYT387,4,0,4,97.25,40.54241606022019,120.0,136,30.0,103.0
rocilinostat,4,0,4,98.25,21.22940178149163,83.0,111,126.0,73.0
LY2603618,4,0,4,98.5,41.68033109273485,152.0,53,63.0,126.0
AZD7762,3,0,4,99.0,21.213203435596427,84.0,84,129.0,
dubinidine,1,0,4,99.0,0.0,,99,,
NVP-TAE226,4,0,4,100.0,6.59545297913646,108.0,105,93.0,94.0
barasertib,1,0,4,101.0,0.0,,101,,
BIX-02189,4,0,4,101.25,11.453711188955307,107.0,117,88.0,93.0
NVP-BGT226,4,0,4,102.5,25.889186931999237,127.0,59,114.0,110.0
XMD11-85H,4,0,4,102.75,13.808964479641476,111.0,120,84.0,96.0
INK-128,4,0,4,103.5,15.256146302392358,100.0,100,128.0,86.0
XMD16-144,4,0,4,104.0,19.72308292331602,101.0,91,137.0,87.0
radicicol,4,0,4,106.0,48.026034606242476,113.0,174,39.0,98.0
AZ20,4,0,4,107.25,11.562331079847178,112.0,96,124.0,97.0
NVP-BEZ235,4,0,4,107.5,24.82438317461282,139.0,71,102.0,118.0
GW-5074,3,0,4,107.66666666666667,58.45416057808793,149.0,25,149.0,
bosutinib,4,0,4,108.0,48.56439024635232,153.0,126,26.0,127.0
HG-5-113-01,4,0,4,108.5,23.56374333589636,105.0,148,90.0,91.0
WZ-4002,4,0,4,108.5,8.0156097709407,110.0,114,115.0,95.0
mitoxantrone,4,0,4,114.0,6.519202405202649,123.0,110,117.0,106.0
o-2050,3,0,4,115.33333333333333,26.512051766864232,137.0,78,131.0,
AZD-5438,4,0,4,116.5,7.433034373659253,129.0,115,110.0,112.0
norcyclobenzaprine,1,0,4,118.0,0.0,,118,,
BRD-K31851742,3,0,4,118.33333333333333,19.189117286165672,142.0,95,118.0,
BX-912,4,0,4,118.75,62.5394875258824,71.0,220,121.0,63.0
XMD-885,4,0,4,118.75,76.79965820236441,103.0,245,38.0,89.0
niridazole,1,0,4,119.0,0.0,,119,,
lapatinib,4,0,4,119.75,53.64408168661292,195.0,67,71.0,146.0
methiazole,1,0,4,121.0,0.0,,121,,
HG-6-64-01,4,0,4,122.5,40.22747817102136,88.0,165,160.0,77.0
BRD-K90999434,2,0,4,123.5,49.5,173.0,74,,
BI-2536,4,0,4,124.0,10.977249200050075,125.0,124,139.0,108.0
AZD-6482,4,0,4,127.0,25.874698065871222,163.0,90,125.0,130.0
BRD-K11540476,1,0,4,128.0,0.0,,128,,
BRD-K92158425,1,0,4,129.0,0.0,,129,,
QL-XII-47,4,0,4,129.75,18.766659265836314,157.0,104,130.0,128.0
6-azauridine,1,0,4,130.0,0.0,,130,,
CTB,3,0,4,130.0,24.124676163629637,154.0,139,97.0,
PF-431396,4,0,4,132.25,17.851820635442202,124.0,151,147.0,107.0
mosapride,1,0,4,133.0,0.0,,133,,
azacitidine,4,0,4,134.75,24.722206616724165,135.0,113,175.0,116.0
BRD-K71382703,1,0,4,135.0,0.0,,135,,
SYK-inhibitor,4,0,4,135.5,30.712375355872428,143.0,181,98.0,120.0
SB-216763,3,0,4,135.66666666666666,75.37609405876346,89.0,76,242.0,
BRD-K02113016,2,0,4,136.0,22.0,114.0,158,,
BRD-K11611839,1,0,4,137.0,0.0,,137,,
ncgc00188714-01,1,0,4,138.0,0.0,,138,,
cgp 54626 hydrochloride,1,0,4,140.0,0.0,,140,,
DCC-2036,4,0,4,141.75,13.083864108129525,164.0,134,138.0,131.0
t5220758,1,0,4,142.0,0.0,,142,,
d 4476,2,0,4,143.5,21.5,165.0,122,,
ncgc00188773-01,1,0,4,144.0,0.0,,144,,
BRD-K04156788,2,0,4,145.5,7.5,138.0,153,,
PLX-4720,4,0,4,145.5,24.212600025606502,144.0,185,132.0,121.0
kuc104233 kuc104233n,1,0,4,147.0,0.0,,147,,
"l-732,138",2,0,4,149.0,47.0,196.0,102,,
regorafenib,4,0,4,149.5,61.832434854209,130.0,255,100.0,113.0
bulleyaconitine a,1,0,4,150.0,0.0,,150,,
linsitinib,3,0,4,152.66666666666666,50.21509290597355,126.0,223,,109.0
sib 1893,3,0,4,152.66666666666666,28.158282775923837,146.0,190,,122.0
s1485,1,0,4,154.0,0.0,,154,,
BRD-K35424586,3,0,4,154.66666666666666,19.770910168449223,172.0,127,165.0,
BRD-K55127335,1,0,4,155.0,0.0,,155,,
vemurafenib,4,0,4,156.75,28.27874643614883,140.0,186,182.0,119.0
BRD-K39757396,2,0,4,157.0,12.0,145.0,169,,
BRD-K69496360,1,0,4,157.0,0.0,,157,,
THZ-2-98-01,3,0,4,161.0,169.60149370411415,24.0,400,59.0,
calcipotriol,1,0,4,161.0,0.0,,161,,
gant 58,2,0,4,162.0,50.0,212.0,112,,
deoxycorticosterone,2,0,4,162.5,46.5,209.0,116,,
QL-X-138,4,0,4,163.0,28.098042636454235,179.0,201,136.0,136.0
bl-008,3,0,4,163.33333333333334,24.608038433722335,160.0,195,135.0,
KIN001-244,1,0,4,164.0,0.0,,164,,
ncgc00167107-01,1,0,4,166.0,0.0,,166,,
CP-724714,3,0,4,166.66666666666666,24.00462918318511,175.0,191,,134.0
acyclovir,1,0,4,167.0,0.0,,167,,
tanespimycin,4,0,4,167.25,33.39442318711314,147.0,197,202.0,123.0
BRD-K28120860,1,0,4,168.0,0.0,,168,,
AZ-628,4,0,4,169.0,29.478805945967352,184.0,210,142.0,140.0
enzastaurin,1,0,4,170.0,0.0,,170,,
BRD-K82580504,1,0,4,172.0,0.0,,172,,
fu jmbii127b,2,0,4,173.0,3.0,170.0,176,,
meclocycline sulfosalicylate,1,0,4,173.0,0.0,,173,,
ponatinib,4,0,4,173.0,29.283100928692644,192.0,211,144.0,145.0
BRD-K12621773,2,0,4,175.0,9.0,166.0,184,,
cis-(z)-flupenthixol,1,0,4,175.0,0.0,,175,,
BMS-345541,4,0,4,175.25,52.92624585212898,171.0,263,134.0,133.0
PHA-767491,4,0,4,175.5,79.92652876235775,116.0,183,303.0,100.0
BRD-K37724988,1,0,4,178.0,0.0,,178,,
imatinib,2,0,4,178.5,17.5,161.0,196,,
GW-843682X,4,0,4,179.0,34.5470693402494,169.0,228,187.0,132.0
ncgc00238536-01,1,0,4,180.0,0.0,,180,,
prothionamide,2,0,4,180.0,17.0,197.0,163,,
PF-562271,4,0,4,181.5,32.62284475639732,238.0,162,163.0,163.0
tozasertib,4,0,4,182.75,67.8431094511447,274.0,194,83.0,180.0
motesanib,1,0,4,187.0,0.0,,187,,
ncgc00185087-01,2,0,4,187.5,28.5,159.0,216,,
sew 05685,1,0,4,189.0,0.0,,189,,
CH5424802,4,0,4,189.75,25.955490748587284,199.0,193,219.0,148.0
alvocidib,4,0,4,191.75,26.328454189336675,226.0,206,178.0,157.0
naloxone hydrochloride,2,0,4,194.5,6.5,201.0,188,,
BYL719,4,0,4,195.25,80.37840194977753,198.0,324,112.0,147.0
BMS-387032,4,0,4,196.75,28.908260065247788,242.0,182,199.0,164.0
GSK1059615,1,0,4,198.0,0.0,,198,,
GSK-J4,4,0,4,198.75,50.04685304791901,283.0,152,176.0,184.0
BRD-A54077041,1,0,4,199.0,0.0,,199,,
BRD-K75477256,1,0,4,200.0,0.0,,200,,
BRD-K03176945,3,0,4,200.33333333333334,64.99914529352588,177.0,289,,135.0
KIN001-043,4,0,4,200.5,137.13588151902476,121.0,437,140.0,104.0
BRD-K87343924 (wortmannin),2,0,4,203.5,27.5,176.0,231,,
nintedanib,4,0,4,203.5,88.14334915352377,187.0,352,133.0,142.0
sq 22536,1,0,4,204.0,0.0,,204,,
KIN001-055,1,0,4,205.0,0.0,,205,,
BRD-K42021584,1,0,4,207.0,0.0,,207,,
pyrimethamine,1,0,4,208.0,0.0,,208,,
t0516-4420,1,0,4,212.0,0.0,,212,,
BRD-K00028814,1,0,4,213.0,0.0,,213,,
calcipotriene,2,0,4,213.5,39.5,174.0,253,,
BRD-K49553303,1,0,4,214.0,0.0,,214,,
lobelanidine hydrochloride,2,0,4,214.0,58.0,156.0,272,,
strophanthidin,3,0,4,214.33333333333334,43.926706632247715,225.0,262,,156.0
BRD-K77480336,3,0,4,215.0,34.84250278036869,244.0,235,,166.0
vinpocetine,2,0,4,215.0,36.0,251.0,179,,
saracatinib,4,0,4,215.5,78.12009984632635,221.0,341,145.0,155.0
z2777,2,0,4,215.5,84.5,300.0,131,,
BRD-K90826279,2,0,4,216.5,48.5,168.0,265,,
BRD-K42629487,1,0,4,217.0,0.0,,217,,
BRD-K10114046,2,0,4,218.0,73.0,291.0,145,,
methocarbamol,1,0,4,218.0,0.0,,218,,
bongkrekic acid,1,0,4,219.0,0.0,,219,,
BRD-K37340241,3,0,4,220.66666666666666,62.622324737712795,182.0,309,171.0,
A443654,4,0,4,220.75,56.38871784319981,264.0,288,155.0,176.0
BRD-K86086851,1,0,4,221.0,0.0,,221,,
NVP-AUY922,4,0,4,221.25,64.29375941722493,208.0,326,200.0,151.0
racepinephrine hcl,2,0,4,221.5,12.5,234.0,209,,
ABT-737,3,0,4,221.66666666666666,144.65207299662947,128.0,426,,111.0
NPK76-II-72-1,3,0,4,225.0,95.66957022306866,180.0,358,,137.0
pd 166793,1,0,4,225.0,0.0,,225,,
linopirdine dihydrochloride,1,0,4,226.0,0.0,,226,,
GSK-461364,4,0,4,227.0,139.61912476448202,181.0,466,123.0,138.0
mycophenolate mofetil,1,0,4,227.0,0.0,,227,,
jak3 inhibitor ii,1,0,4,229.0,0.0,,229,,
OTSSP167,4,0,4,230.0,42.20781918081056,262.0,279,204.0,175.0
CP466722,4,0,4,230.25,237.1996785410975,115.0,640,67.0,99.0
sericetin,2,0,4,230.5,10.5,220.0,241,,
sericetin dimethyl ether,1,0,4,233.0,0.0,,233,,
BRD-K28610502,1,0,4,234.0,0.0,,234,,
BRD-U86222656,2,0,4,234.0,3.0,231.0,237,,
WZ-3105,4,0,4,236.25,42.2573958023918,303.0,238,215.0,189.0
cabozantinib,2,0,4,237.0,34.0,271.0,203,,
BRD-K19295594,3,0,4,238.33333333333334,153.2260494244442,133.0,455,127.0,
dasatinib,4,0,4,238.75,223.00378360018917,131.0,624,86.0,114.0
skf 96365 hydrochloride,2,0,4,239.0,72.0,167.0,311,,
AT-7519,4,0,4,239.25,92.9041845128625,293.0,359,119.0,186.0
BRD-K84450674,3,0,4,239.66666666666666,129.07448323437993,141.0,422,156.0,
unc0321,3,0,4,240.66666666666666,121.53006029602534,395.0,98,,229.0
s1018,2,0,4,241.5,24.5,217.0,266,,
ncgc00186542-01,1,0,4,242.0,0.0,,242,,
tivantinib,4,0,4,242.25,83.39476902060464,215.0,222,379.0,153.0
BRD-K55116708,2,0,4,242.5,2.5,245.0,240,,
ncgc00187898-02,1,0,4,243.0,0.0,,243,,
BRD-K99616396,1,0,4,244.0,0.0,,244,,
homosalate,2,0,4,244.0,84.0,328.0,160,,
BRD-K89546934,1,0,4,246.0,0.0,,246,,
evodiamine,2,0,4,246.5,9.5,237.0,256,,
clozapine,1,0,4,247.0,0.0,,247,,
mt-21,1,0,4,248.0,0.0,,248,,
amuvatinib,1,0,4,250.0,0.0,,250,,
sb 366791,1,0,4,251.0,0.0,,251,,
linolenic acid (18:3 n-3),2,0,4,251.5,63.5,188.0,315,,
naproxol,3,0,4,252.66666666666666,115.73629028480605,404.0,123,,231.0
forskolin,4,0,4,253.75,76.60735930705353,358.0,287,153.0,217.0
mls-0390818.0001,1,0,4,254.0,0.0,,254,,
4-demethoxydaunorubicin hydrochloride (65),4,0,4,254.5,104.71270219032647,236.0,430,190.0,162.0
HG-9-91-01,4,0,4,256.0,220.73966566976583,118.0,636,168.0,102.0
jte 907,1,0,4,257.0,0.0,,257,,
dinaciclib,4,0,4,259.0,59.5273046592906,338.0,295,198.0,205.0
ncgc00185090-03,3,0,4,259.0,74.79304780526061,254.0,353,,170.0
BRD-K76698671,1,0,4,260.0,0.0,,260,,
carbidopa,2,0,4,260.0,21.0,281.0,239,,
afatinib,4,0,4,260.25,53.90442931707931,339.0,215,281.0,206.0
gitoxigenin,3,0,4,260.6666666666667,94.71477650762255,233.0,388,,161.0
BRD-K20401833,2,0,4,261.0,9.0,270.0,252,,
CGP-60474,4,0,4,262.25,58.45671475544961,324.0,317,210.0,198.0
mycophenolic acid,1,0,4,264.0,0.0,,264,,
epirubicin hydrochloride,3,0,4,265.6666666666667,80.71486163581581,256.0,369,,172.0
ei-232,2,0,4,266.0,108.0,158.0,374,,
pi 828,3,0,4,266.3333333333333,56.06147419475239,342.0,249,,208.0
nefazodone hydrochloride,1,0,4,267.0,0.0,,267,,
azathioprine,2,0,4,267.5,26.5,241.0,294,,
BRD-K08451418,2,0,4,268.0,82.0,186.0,350,,
gr 159897,1,0,4,268.0,0.0,,268,,
np-006304,3,0,4,268.3333333333333,152.85141659649597,183.0,483,,139.0
oxprenolol hydrochloride,2,0,4,268.5,75.5,193.0,344,,
zaprinast,2,0,4,269.0,91.0,178.0,360,,
dihydroergocristine mesylate,1,0,4,271.0,0.0,,271,,
papaverine hydrochloride,1,0,4,273.0,0.0,,273,,
ncgc00180992-01,1,0,4,274.0,0.0,,274,,
16-hydroxytriptolide,3,0,4,274.3333333333333,55.19863122296502,344.0,270,,209.0
GDC-0879,4,0,4,274.5,280.3698450261725,122.0,760,111.0,105.0
ebpc,1,0,4,275.0,0.0,,275,,
stock4s-72743,2,0,4,276.5,44.5,321.0,232,,
BRD-K17025677,1,0,4,277.0,0.0,,277,,
np-009265,2,0,4,277.5,1.5,279.0,276,,
BRD-A24054354,2,0,4,278.5,39.5,239.0,318,,
decitabine,2,0,4,278.5,9.5,288.0,269,,
tgx-115,4,0,4,279.5,141.61479442487638,265.0,515,161.0,177.0
vu0404997-2,1,0,4,281.0,0.0,,281,,
triptolide,1,0,4,282.0,0.0,,282,,
GSK-1059615,4,0,4,282.25,197.43020918795582,189.0,623,174.0,143.0
BRD-K14711204,1,0,4,283.0,0.0,,283,,
TGX-221,3,0,4,283.0,291.84013888885585,119.0,693,37.0,
linifanib,4,0,4,283.0,211.4734025829253,190.0,648,150.0,144.0
w-13 hydrochloride,2,0,4,283.5,59.5,343.0,224,,
BRD-K34968258,1,0,4,284.0,0.0,,284,,
bcl-2 inhibitor,3,0,4,286.0,116.96438204285383,246.0,445,,167.0
ehna,1,0,4,286.0,0.0,,286,,
corticosterone,2,0,4,287.5,9.5,297.0,278,,
NVP-BGJ398,2,0,4,288.0,20.0,268.0,308,,
BRD-K40175214,3,0,4,290.0,59.098787353605374,340.0,323,,207.0
ncgc00241435-01,1,0,4,290.0,0.0,,290,,
BRD-K09485525,1,0,4,291.0,0.0,,291,,
BRD-K37043259,2,0,4,292.0,137.0,155.0,429,,
bas 09104376,1,0,4,292.0,0.0,,292,,
hy-50767,1,0,4,293.0,0.0,,293,,
BRD-K55612480,3,0,4,293.3333333333333,151.68461432268674,203.0,507,170.0,
linezolid,3,0,4,293.3333333333333,137.6888601965396,200.0,488,192.0,
hli 373,2,0,4,294.5,70.5,224.0,365,,
erythrosine sodium,4,0,4,294.75,73.88631470035571,408.0,313,225.0,233.0
TPCA-1,4,0,4,295.5,75.06497185771804,330.0,398,254.0,200.0
methotrexate,1,0,4,296.0,0.0,,296,,
np-001236,4,0,4,297.5,106.62668521528745,326.0,460,205.0,199.0
ei-148,2,0,4,298.0,66.0,232.0,364,,
etoposide,1,0,4,298.0,0.0,,298,,
bjm-csc-19 brd-k92817986,1,0,4,299.0,0.0,,299,,
pentetic acid,1,0,4,301.0,0.0,,301,,
piroxicam,3,0,4,301.0,86.28248180637055,308.0,403,,192.0
BRD-K71835137,1,0,4,302.0,0.0,,302,,
flavokawain b,1,0,4,303.0,0.0,,303,,
tremorine dihydrochloride,2,0,4,303.0,73.0,376.0,230,,
oxibendazole,1,0,4,304.0,0.0,,304,,
tripelennamine citrate,1,0,4,306.0,0.0,,306,,
BRD-K65050353,1,0,4,310.0,0.0,,310,,
BRD-K79459005,2,0,4,311.5,25.5,286.0,337,,
vu0415108-1,1,0,4,312.0,0.0,,312,,
sinensetin,1,0,4,314.0,0.0,,314,,
doxepin hydrochloride,1,0,4,316.0,0.0,,316,,
GDC-0068,2,0,4,317.5,166.5,151.0,484,,
ncgc00241726-01,3,0,4,317.6666666666667,154.69827263274647,253.0,531,,169.0
scriptaid,3,0,4,319.0,258.9864861339294,148.0,685,,124.0
bis-tyrphostin,1,0,4,321.0,0.0,,321,,
BRD-K58479490,1,0,4,322.0,0.0,,322,,
itavastatin ca,3,0,4,328.0,206.61719838064465,214.0,618,,152.0
BRD-K04923131,4,0,4,328.75,210.44996436207825,243.0,690,217.0,165.0
nicardipine hydrochloride,1,0,4,330.0,0.0,,330,,
bp 554 maleate,2,0,4,331.0,95.0,426.0,236,,
lfm-a12,1,0,4,331.0,0.0,,331,,
dc-45-a2,2,0,4,333.0,33.0,366.0,300,,
ritodrine hydrochloride,1,0,4,334.0,0.0,,334,,
BRD-K85853281,2,0,4,334.5,163.5,498.0,171,,
BRD-K32101742,1,0,4,335.0,0.0,,335,,
ic 261,3,0,4,337.0,74.94442385305705,377.0,402,232.0,
BRD-K52800308,1,0,4,338.0,0.0,,338,,
immepip dihydrobromide,1,0,4,340.0,0.0,,340,,
BRD-K52914903,3,0,4,341.0,138.4581765973634,307.0,525,,191.0
dacomitinib,3,0,4,341.0,276.8067918241892,162.0,732,,129.0
km00799,2,0,4,341.0,22.0,363.0,319,,
BRD-U74615290,1,0,4,342.0,0.0,,342,,
s1030,4,0,4,342.25,309.31405965458475,276.0,860,52.0,181.0
carbazol-9-yl-p-tolyl-methanone,1,0,4,343.0,0.0,,343,,
idarubicin hcl,3,0,4,343.3333333333333,98.86129452700666,357.0,457,,216.0
s1053,3,0,4,343.3333333333333,225.34319505047307,216.0,660,,154.0
ncgc00184830-01,2,0,4,345.0,151.0,194.0,496,,
rosiglitazone hydrochloride,1,0,4,346.0,0.0,,346,,
BRD-K26304855,4,0,4,346.25,98.31168547024306,414.0,470,265.0,236.0
masitinib,1,0,4,347.0,0.0,,347,,
amyleine hydrochloride,1,0,4,351.0,0.0,,351,,
BRD-K87909389,3,0,4,353.0,102.53779790886871,372.0,468,,219.0
isoxsuprine hydrochloride,1,0,4,354.0,0.0,,354,,
BRD-K01896723,3,0,4,354.6666666666667,150.2937863726316,313.0,556,,195.0
ei-328,1,0,4,355.0,0.0,,355,,
BRD-K53780220,1,0,4,356.0,0.0,,356,,
ssr 69071,3,0,4,356.0,252.76603147311283,206.0,712,,150.0
daunorubicin,3,0,4,356.3333333333333,80.43354745102043,428.0,397,,244.0
genistin,2,0,4,356.5,7.5,364.0,349,,
"vegf receptor 3 kinase inhibitor, maz51",3,0,4,359.0,140.2069898400219,556.0,280,241.0,
bi 2536,4,0,4,360.0,179.45612277099937,310.0,662,275.0,193.0
daunorubicin hydrochloride,3,0,4,360.3333333333333,120.55519713208368,530.0,261,,290.0
BRD-K63368502,1,0,4,363.0,0.0,,363,,
pi 103 hydrochloride,4,0,4,363.25,137.18486614783717,500.0,493,184.0,276.0
gavestinel,2,0,4,364.5,77.5,287.0,442,,
dactinomycin,3,0,4,364.6666666666667,85.75287491131452,471.0,362,,261.0
BRD-K35004659,2,0,4,365.5,136.5,229.0,502,,
er 27319 maleate,4,0,4,365.5,115.02499728319927,531.0,409,231.0,291.0
s4002,2,0,4,365.5,81.5,284.0,447,,
BRD-K68007270,3,0,4,365.6666666666667,116.80848523211925,390.0,495,212.0,
doxorubicin hydrochloride,4,0,4,365.75,176.173742368152,646.0,320,159.0,338.0
t6094031,1,0,4,366.0,0.0,,366,,
nutlin-3,2,0,4,366.5,311.5,55.0,678,,
BRD-K83336168,1,0,4,367.0,0.0,,367,,
ei-293,3,0,4,367.3333333333333,104.86923073788401,393.0,481,,228.0
bvt 948,2,0,4,369.0,111.0,480.0,258,,
BRD-U51951544,3,0,4,369.6666666666667,87.44649157564234,431.0,432,,246.0
ly 303511,1,0,4,370.0,0.0,,370,,
fostamatinib,4,0,4,371.0,117.1558790671642,488.0,487,237.0,272.0
"l-741,626",1,0,4,371.0,0.0,,371,,
"pifithrin-a, cyclic-",1,0,4,372.0,0.0,,372,,
endecaphyllin x,1,0,4,373.0,0.0,,373,,
BRD-K56343971,4,0,4,374.5,133.83665417216616,461.0,548,233.0,256.0
cy 208-243,1,0,4,375.0,0.0,,375,,
gp 1a,1,0,4,377.0,0.0,,377,,
ly 225910,1,0,4,380.0,0.0,,380,,
BRD-K12762134,1,0,4,382.0,0.0,,382,,
BRD-A11702965,3,0,4,382.6666666666667,87.3053390247253,476.0,406,,266.0
ZM-447439,3,0,4,382.6666666666667,330.61592352590776,259.0,835,54.0,
JNK-9L,4,0,4,382.75,141.49094493995014,481.0,560,222.0,268.0
dg-041,4,0,4,383.0,211.71797278455128,346.0,739,236.0,211.0
psb 06126,1,0,4,383.0,0.0,,383,,
BMS-777607,2,0,4,385.5,126.5,512.0,259,,
BRD-K15716662,1,0,4,386.0,0.0,,386,,
BRD-K06666320,4,0,4,386.25,314.40688208116563,280.0,925,157.0,183.0
BRD-K00313977,3,0,4,388.0,109.87568733194193,421.0,503,,240.0
p8624,3,0,4,388.0,119.50732195141852,557.0,305,,302.0
teniposide,4,0,4,389.5,122.2896152582058,415.0,571,335.0,237.0
"tiratricol, 3,3',5-triiodothyroacetic acid",1,0,4,391.0,0.0,,391,,
bms-754807,4,0,4,391.25,177.03866103199042,456.0,651,206.0,252.0
BRD-A47832959,1,0,4,392.0,0.0,,392,,
s2004,3,0,4,392.0,213.63676337809153,301.0,687,,188.0
"ly-163,502",2,0,4,392.5,179.5,213.0,572,,
ku 0060648 trihydrochloride,4,0,4,392.75,167.15318573093364,519.0,589,180.0,283.0
BRD-K39866321,1,0,4,393.0,0.0,,393,,
ciglitazone,1,0,4,394.0,0.0,,394,,
hy-10459,3,0,4,394.6666666666667,92.55748964232386,475.0,444,,265.0
ha-1004,1,0,4,395.0,0.0,,395,,
mst- 312,4,0,4,396.5,117.95020135633513,550.0,471,266.0,299.0
BRD-K25536815,1,0,4,399.0,0.0,,399,,
todralazine hydrochloride,2,0,4,399.0,71.0,470.0,328,,
gatifloxacin,2,0,4,399.5,20.5,420.0,379,,
hy-70044,3,0,4,400.6666666666667,317.1375446430495,205.0,848,,149.0
benazepril hydrochloride,2,0,4,401.0,85.0,316.0,486,,
amodiaquin dihydrochloride dihydrate,2,0,4,404.5,0.5,405.0,404,,
jak3 inhibitor vi,2,0,4,405.0,158.0,247.0,563,,
noscapine hydrochloride,2,0,4,405.0,96.0,309.0,501,,
cgs 12066b,2,0,4,406.5,44.5,362.0,451,,
BRD-K19220233,3,0,4,407.0,123.82514553460724,582.0,325,,314.0
BRD-K88329126,1,0,4,407.0,0.0,,407,,
fluphenazine dihydrochloride,1,0,4,408.0,0.0,,408,,
purmorphamine,2,0,4,408.5,113.5,295.0,522,,
bucladesine,1,0,4,410.0,0.0,,410,,
BRD-K64606589,4,0,4,410.25,452.8351659268525,136.0,1193,195.0,117.0
BRD-K71726959,4,0,4,410.25,96.7041234901594,467.0,516,399.0,259.0
pp-110,4,0,4,410.25,146.27948420745815,529.0,580,243.0,289.0
BRD-A89907244,1,0,4,411.0,0.0,,411,,
s1216,3,0,4,412.6666666666667,127.7767149714254,433.0,558,,247.0
BRD-K96433222,1,0,4,413.0,0.0,,413,,
"na-tosyl-lys chloromethyl ketone, hydrochloride",1,0,4,415.0,0.0,,415,,
rlm-1-127,1,0,4,416.0,0.0,,416,,
hycanthone,2,0,4,416.5,193.5,223.0,610,,
1495-0136,2,0,4,417.0,156.0,261.0,573,,
tyrphostin-AG-1478,1,0,4,417.0,0.0,,417,,
BRD-A36630025,3,0,4,418.6666666666667,217.04275052522615,336.0,716,,204.0
pit,1,0,4,419.0,0.0,,419,,
BRD-K88198340,2,0,4,421.0,99.0,322.0,520,,
alprostadil,1,0,4,421.0,0.0,,421,,
AZD-7762,4,0,4,421.5,350.54279339333164,422.0,982,41.0,241.0
bml-259,4,0,4,422.5,259.96009309122815,459.0,829,148.0,254.0
BRD-K97936712,1,0,4,424.0,0.0,,424,,
mls-0390945.0001,2,0,4,424.5,175.5,249.0,600,,
phensuximide,1,0,4,425.0,0.0,,425,,
devazepide,2,0,4,427.5,129.5,298.0,557,,
BRD-K88710727,1,0,4,428.0,0.0,,428,,
gp 2a,2,0,4,429.5,135.5,294.0,565,,
dihomo-gamma-linolenic acid,2,0,4,430.0,34.0,396.0,464,,
BRD-K65983740,1,0,4,431.0,0.0,,431,,
"reichstein/c,aeos substance/c-*s",2,0,4,431.0,104.0,327.0,535,,
tubocurarine chloride pentahydrate (+),2,0,4,432.0,101.0,331.0,533,,
dl-pdmp,4,0,4,432.25,139.0582162261547,495.0,628,332.0,274.0
abt-751,4,0,4,433.0,336.2194224015026,334.0,1007,189.0,202.0
ei-156,3,0,4,433.3333333333333,155.2424626905352,652.0,307,,341.0
BRD-K85318537 (obaa),3,0,4,434.0,146.72650294567327,525.0,550,227.0,
BRD-K39232234,1,0,4,435.0,0.0,,435,,
BRD-K24031526,3,0,4,437.0,171.67410987099947,449.0,641,221.0,
am580,2,0,4,437.0,10.0,447.0,427,,
quinacrine dihydrochloride dihydrate,4,0,4,437.5,158.78050887939614,546.0,639,268.0,297.0
hy-11009,3,0,4,437.6666666666667,130.60202482691028,473.0,577,,263.0
zk 164015,1,0,4,438.0,0.0,,438,,
vu0415556-1,2,0,4,438.5,247.5,191.0,686,,
s1104,1,0,4,439.0,0.0,,439,,
thiazolopyrimidine,2,0,4,439.5,121.5,318.0,561,,
BRD-K73945663,1,0,4,440.0,0.0,,440,,
nrb 04155,2,0,4,440.0,6.0,434.0,446,,
s1205,3,0,4,440.6666666666667,113.00245818368535,589.0,418,,315.0
BRD-U29336476,3,0,4,441.0,324.2591556147644,255.0,897,,171.0
oxiconazole,1,0,4,441.0,0.0,,441,,
bx-795,3,0,4,443.0,109.1146186356347,580.0,436,,313.0
carbinoxamine maleate,1,0,4,443.0,0.0,,443,,
BRD-K75081836,4,0,4,445.0,500.293913614787,185.0,1311,143.0,141.0
isocarboxazid,1,0,4,448.0,0.0,,448,,
BRD-K68202742 (trichostatin a),4,0,4,448.25,425.0796248939721,228.0,1183,223.0,159.0
geldanamycin,4,0,4,448.25,351.5596499884479,320.0,1052,224.0,197.0
BRD-K72381041,2,0,4,448.5,48.5,400.0,497,,
BRD-A50388635,1,0,4,450.0,0.0,,450,,
pik-90,2,0,4,450.5,23.5,427.0,474,,
BRD-K28907958,3,0,4,451.0,342.54634722910123,252.0,933,,168.0
s1120,3,0,4,451.0,215.7637597002796,385.0,742,,226.0
BRD-K79382620,3,0,4,452.0,323.8559350493158,290.0,904,162.0,
BRD-K89692698,1,0,4,452.0,0.0,,452,,
methylene blue,3,0,4,452.0,200.5409351396035,407.0,717,,232.0
curcumin,4,0,4,453.25,347.71638946129644,374.0,1042,177.0,220.0
mitoxantrone dihydrochloride,3,0,4,453.6666666666667,133.5223659999411,640.0,387,,334.0
molsidomine,1,0,4,454.0,0.0,,454,,
triciribine,3,0,4,454.3333333333333,256.08115033238107,345.0,808,,210.0
api-2,2,0,4,454.5,244.5,210.0,699,,
digitoxigenin,3,0,4,455.0,268.50698314941457,335.0,827,,203.0
GSK-1904529A,3,0,4,455.6666666666667,580.770369614551,45.0,1277,45.0,
apo866,1,0,4,456.0,0.0,,456,,
(s)-(-)-bay k 8644,2,0,4,457.0,15.0,442.0,472,,
BRD-A72837804,3,0,4,457.0,317.79553174958266,282.0,903,186.0,
ouabain,3,0,4,457.0,120.00833304400157,528.0,555,,288.0
thm-i-94,4,0,4,457.0,422.5139050966252,257.0,1187,211.0,173.0
hdac6 inhibitor isox,4,0,4,458.0,304.15045618903815,379.0,975,256.0,222.0
memantine hydrochloride,1,0,4,458.0,0.0,,458,,
BRD-K71303366,2,0,4,458.5,139.5,319.0,598,,
BRD-K81814927,3,0,4,459.0,165.80309607081125,693.0,329,,355.0
tremulacin,1,0,4,459.0,0.0,,459,,
s1367,3,0,4,459.3333333333333,144.12571672752307,486.0,621,,271.0
candesartan,1,0,4,461.0,0.0,,461,,
cyclo [arg-gly-asp-d-phe-val],3,0,4,462.0,240.97026095903757,312.0,802,272.0,
hymecromone,1,0,4,462.0,0.0,,462,,
bms-536924,4,0,4,462.5,169.35539554439947,635.0,625,260.0,330.0
gw 5074,2,0,4,463.5,178.5,642.0,285,,
ku-0063794,3,0,4,464.6666666666667,131.1394507978265,645.0,412,,337.0
nitrendipine,1,0,4,465.0,0.0,,465,,
mln4924,4,0,4,465.5,308.43192117548404,349.0,993,306.0,214.0
CC-401,4,0,4,466.0,254.38651693830002,654.0,755,113.0,342.0
amitriptyline hydrochloride,1,0,4,467.0,0.0,,467,,
kn-62,2,0,4,468.0,81.0,387.0,549,,
BRD-A81541225,2,0,4,469.0,140.0,329.0,609,,
BRD-K41303952,1,0,4,469.0,0.0,,469,,
BRD-A86792397,2,0,4,469.5,116.5,353.0,586,,
BRD-K77681376,2,0,4,469.5,35.5,505.0,434,,
ki 8751,3,0,4,470.3333333333333,326.6642857056087,296.0,928,,187.0
BRD-K51556300,4,0,4,470.75,225.04930015443284,555.0,799,228.0,301.0
rf 01079,1,0,4,473.0,0.0,,473,,
dorsomorphin dihydrochloride,4,0,4,474.25,194.85683847378823,513.0,776,330.0,278.0
r3904,1,0,4,475.0,0.0,,475,,
cct 018159,3,0,4,475.3333333333333,357.3330223879244,269.0,978,,179.0
pq 401,2,0,4,475.5,200.5,275.0,676,,
BRD-K19922318,2,0,4,476.0,174.0,302.0,650,,
BRD-K84762162,1,0,4,476.0,0.0,,476,,
temsirolimus [ci779],3,0,4,476.3333333333333,166.63199639391655,483.0,677,,269.0
BRD-K73567619,1,0,4,477.0,0.0,,477,,
BRD-K26664453,4,0,4,478.25,169.18388664408914,552.0,720,341.0,300.0
r(+)-6-bromo-apb,1,0,4,479.0,0.0,,479,,
tomoxetine hydrochloride,1,0,4,480.0,0.0,,480,,
bjm-ctd2-9,3,0,4,480.3333333333333,121.28570493764805,573.0,559,,309.0
BRD-K10010115,1,0,4,482.0,0.0,,482,,
thioridazine hydrochloride,3,0,4,482.6666666666667,187.36298697685433,554.0,668,226.0,
BRD-K85123403,3,0,4,483.3333333333333,253.4854806273702,430.0,817,203.0,
valdecoxib,3,0,4,483.6666666666667,209.3741998326335,443.0,758,,250.0
BRD-K42644990,3,0,4,484.3333333333333,337.56415028192134,306.0,957,,190.0
fludrocortisone acetate,3,0,4,484.3333333333333,204.68078127225874,745.0,463,245.0,
Y-39983,2,0,4,484.5,119.5,365.0,604,,
graveoline,1,0,4,485.0,0.0,,485,,
s1249,3,0,4,485.0,122.47720876418872,624.0,505,,326.0
BRD-K70871370,2,0,4,487.0,9.0,496.0,478,,
BRD-K69569876,2,0,4,487.5,268.5,219.0,756,,
tpca-1,3,0,4,488.0,357.49778554092705,289.0,990,,185.0
BRD-K18861610,1,0,4,489.0,0.0,,489,,
BRD-K96072942,2,0,4,489.5,122.5,367.0,612,,
vincristine,1,0,4,490.0,0.0,,490,,
irinotecan hydrochloride trihydrate,3,0,4,490.3333333333333,208.87848673863527,785.0,361,325.0,
BRD-K69406317,1,0,4,491.0,0.0,,491,,
BRD-K31754360,2,0,4,493.0,152.0,341.0,645,,
ac-1121,1,0,4,494.0,0.0,,494,,
BRD-K12105018,2,0,4,495.5,127.5,623.0,368,,
vx-680,4,0,4,497.0,284.0888945383117,515.0,954,239.0,280.0
mls-0435541.0001,1,0,4,498.0,0.0,,498,,
BRD-K33720404,1,0,4,499.0,0.0,,499,,
wortmannin,4,0,4,499.25,203.87787398342175,628.0,765,277.0,327.0
hy-11006,1,0,4,500.0,0.0,,500,,
s1122,4,0,4,500.0,294.1895647367527,533.0,966,209.0,292.0
BRD-K64857848,2,0,4,503.0,301.0,202.0,804,,
ver155008,1,0,4,504.0,0.0,,504,,
BRD-K53308430,3,0,4,504.3333333333333,266.87866573074405,880.0,348,285.0,
uzi/1930680,3,0,4,504.3333333333333,298.49548665860186,375.0,917,,221.0
buparlisib,4,0,4,504.75,323.8536513612283,517.0,1027,194.0,281.0
BRD-K10705233,3,0,4,505.3333333333333,242.86393081083264,437.0,831,,248.0
tolbutamide,1,0,4,506.0,0.0,,506,,
azd8055,3,0,4,506.3333333333333,128.6347110576647,636.0,552,,331.0
h-5832,3,0,4,506.3333333333333,237.51116932800352,445.0,823,,251.0
roscovitine,3,0,4,507.3333333333333,149.81395870285994,561.0,658,,303.0
BRD-A60784279,1,0,4,508.0,0.0,,508,,
BRD-K87426499,1,0,4,509.0,0.0,,509,,
vorinostat,4,0,4,509.25,433.4232198440688,350.0,1254,218.0,215.0
t5212475,4,0,4,509.5,325.9758426632256,384.0,1064,365.0,225.0
pp 2,3,0,4,509.6666666666667,178.99224067601986,521.0,723,,285.0
podophyllotoxin,1,0,4,510.0,0.0,,510,,
cercosporin,3,0,4,510.6666666666667,137.4538306325275,593.0,622,,317.0
BRD-K01578344,1,0,4,511.0,0.0,,511,,
podofilox,3,0,4,512.0,150.84429057806597,567.0,663,,306.0
t 98475,1,0,4,512.0,0.0,,512,,
albendazole,2,0,4,514.5,141.5,373.0,656,,
sb 218078,4,0,4,516.5,281.34453966622493,499.0,981,311.0,275.0
olomoucine,1,0,4,517.0,0.0,,517,,
aminopurvalanol a,3,0,4,517.6666666666666,305.0599212540965,941.0,378,234.0,
tws119,1,0,4,518.0,0.0,,518,,
syrosingopine,1,0,4,519.0,0.0,,519,,
amsacrine,4,0,4,520.25,240.95474160099027,811.0,692,214.0,364.0
emd 386088 hydrochloride,1,0,4,521.0,0.0,,521,,
bromocryptine mesylate,1,0,4,523.0,0.0,,523,,
ryuvidine,2,0,4,523.0,16.0,507.0,539,,
BRD-K54256913,3,0,4,523.3333333333334,193.9180812152962,523.0,761,,286.0
ON-01910,3,0,4,523.6666666666666,237.52239660480208,859.0,339,,373.0
gsk2334470,2,0,4,525.5,43.5,482.0,569,,
trichostatin a,4,0,4,525.75,470.6099101166485,348.0,1335,207.0,213.0
"amethopterin (r,s)",1,0,4,526.0,0.0,,526,,
BRD-K10846167,3,0,4,526.3333333333334,168.86746940196096,562.0,713,,304.0
vu0365118-1,2,0,4,526.5,93.5,620.0,433,,
"brl 37344, sodium salt",1,0,4,527.0,0.0,,527,,
arg-a1-2 brd-k39580048,1,0,4,528.0,0.0,,528,,
BRD-K08307026,3,0,4,528.3333333333334,299.92702816222186,411.0,940,,234.0
BRD-K45044657,2,0,4,529.0,109.0,638.0,420,,
a8674,2,0,4,529.0,128.0,657.0,401,,
cycloheximide,3,0,4,529.0,294.18474920815777,417.0,932,,238.0
prednisolone hemisuccinate,3,0,4,530.3333333333334,224.46133049790313,493.0,822,276.0,
embelin,1,0,4,532.0,0.0,,532,,
vu0410183-2,4,0,4,532.25,195.8154424451759,721.0,734,317.0,357.0
dihydroergocristine,2,0,4,533.0,82.0,451.0,615,,
etomidate,2,0,4,533.0,134.0,399.0,667,,
rg 108,2,0,4,533.0,200.0,733.0,333,,
BRD-K06009608,3,0,4,533.6666666666666,395.70555832448053,1076.0,143,382.0,
BRD-K71489689,1,0,4,534.0,0.0,,534,,
bisacodyl,2,0,4,534.5,179.5,355.0,714,,
rk-682,1,0,4,536.0,0.0,,536,,
BRD-K34363599,3,0,4,537.0,376.81825858097693,359.0,1061,191.0,
BRD-K61981833,1,0,4,537.0,0.0,,537,,
d-64131,3,0,4,537.3333333333334,248.43823287802454,876.0,449,287.0,
etodolac,2,0,4,537.5,68.5,469.0,606,,
riluzole hydrochloride,2,0,4,537.5,93.5,444.0,631,,
BRD-K20000640,1,0,4,538.0,0.0,,538,,
ALW-II-38-3,1,0,4,540.0,0.0,,540,,
akt inhibitor x,2,0,4,540.5,164.5,705.0,376,,
ncgc00241077-01,2,0,4,540.5,225.5,315.0,766,,
5-fluorouracil,1,0,4,541.0,0.0,,541,,
AS-601245,3,0,4,541.3333333333334,197.60116958718191,688.0,674,262.0,
BRD-K49010888,3,0,4,541.3333333333334,236.11061437856247,725.0,691,208.0,
BRD-K66792149,3,0,4,541.3333333333334,298.5747626456209,429.0,950,,245.0
BRD-U04166717,1,0,4,542.0,0.0,,542,,
pp-30,3,0,4,542.6666666666666,242.5040664034775,494.0,861,,273.0
zm 306416 hydrochloride,1,0,4,543.0,0.0,,543,,
bms 191011,2,0,4,545.0,135.0,410.0,680,,
ncgc00229596-01,1,0,4,546.0,0.0,,546,,
KIN001-220,3,0,4,546.3333333333334,352.2918613246062,1043.0,332,264.0,
BRD-A85891951,1,0,4,547.0,0.0,,547,,
glimepiride,2,0,4,547.5,17.5,565.0,530,,
BRD-K14704318,2,0,4,548.5,337.5,211.0,886,,
abt-888 (veliparib),2,0,4,549.0,301.0,248.0,850,,
ed csc 15,2,0,4,549.0,126.0,675.0,423,,
BRD-K49371609,4,0,4,549.25,225.36900297068362,744.0,801,293.0,359.0
BRD-K31342827,4,0,4,549.5,307.2315901726253,601.0,1030,248.0,319.0
cytarabine,2,0,4,550.0,165.0,715.0,385,,
ro 28-1675 ?,4,0,4,550.75,168.2667153658144,749.0,684,410.0,360.0
losartan potassium,1,0,4,553.0,0.0,,553,,
BRD-K70714754,1,0,4,554.0,0.0,,554,,
chelidonine (+),2,0,4,554.5,148.5,406.0,703,,
chr 2797,4,0,4,556.25,314.79149845572385,686.0,1003,185.0,351.0
BRD-K37798499,2,0,4,556.5,162.5,394.0,719,,
parbendazole,2,0,4,557.0,258.0,299.0,815,,
v-ama37,2,0,4,558.5,135.5,423.0,694,,
BRD-K80334323 (norethynodrel),3,0,4,559.0,236.0804947470248,868.0,514,295.0,
proscillaridin a,2,0,4,559.5,167.5,392.0,727,,
BRD-U00779237,2,0,4,561.0,216.0,777.0,345,,
at-csc-07 brd-k33720404,1,0,4,562.0,0.0,,562,,
sch 58261,2,0,4,563.0,15.0,548.0,578,,
ncgc00166395-02,1,0,4,564.0,0.0,,564,,
ncgc00184716-01,2,0,4,565.0,156.0,409.0,721,,
c-1,1,0,4,566.0,0.0,,566,,
BRD-K00954209,3,0,4,566.3333333333334,294.64818946593846,472.0,965,,262.0
ethacrynic acid,1,0,4,568.0,0.0,,568,,
ncgc00183255-01,2,0,4,568.0,154.0,722.0,414,,
hy-10044,3,0,4,569.0,195.5351630781533,594.0,795,,318.0
BRD-K11362964,3,0,4,570.0,219.81962302457592,754.0,695,261.0,
c3930,2,0,4,571.5,45.5,526.0,617,,
hy-50940,2,0,4,572.0,215.0,787.0,357,,
bibr1532,3,0,4,572.3333333333334,331.50599123126295,440.0,1028,,249.0
at-mlpcn csc-006,2,0,4,573.5,246.5,820.0,327,,
BRD-K78524708,1,0,4,574.0,0.0,,574,,
BRD-K85818861,3,0,4,574.3333333333334,245.34239113713897,845.0,627,251.0,
BRD-K96274284,1,0,4,575.0,0.0,,575,,
meptazinol hydrochloride,1,0,4,576.0,0.0,,576,,
tw 37,4,0,4,576.0,275.3915394488364,577.0,1023,392.0,312.0
BRD-U33728988,4,0,4,577.0,276.9205662279348,900.0,794,238.0,376.0
s1266,2,0,4,577.0,138.0,439.0,715,,
westcort,2,0,4,578.5,159.5,419.0,738,,
t 0070907,1,0,4,579.0,0.0,,579,,
BRD-A75409952 (wortmannin),4,0,4,579.75,363.3926079325225,656.0,1136,183.0,344.0
bw-b 70c,1,0,4,581.0,0.0,,581,,
np-007374,2,0,4,581.0,230.0,351.0,811,,
sunitinib,2,0,4,581.0,197.0,778.0,384,,
BRD-K39687892,1,0,4,582.0,0.0,,582,,
clofarabine,2,0,4,582.5,90.5,492.0,673,,
BRD-K37865504,4,0,4,583.0,380.741382042982,689.0,1149,141.0,353.0
evista,1,0,4,583.0,0.0,,583,,
BRD-K86574132,4,0,4,584.75,409.0735722336509,514.0,1273,273.0,279.0
BRD-K85660637,1,0,4,585.0,0.0,,585,,
BRD-K43620258,4,0,4,585.5,283.76266491559454,776.0,945,259.0,362.0
BRD-K31856043,2,0,4,586.0,183.0,403.0,769,,
nnc 26-9100,2,0,4,586.5,19.5,606.0,567,,
s1085,4,0,4,587.0,564.8229811188635,266.0,1560,344.0,178.0
s(-)-timolol,2,0,4,587.5,74.5,662.0,513,,
BRD-K94841585,1,0,4,588.0,0.0,,588,,
isoeugenitol,2,0,4,589.5,53.5,536.0,643,,
ro 31-8220 mesylate,2,0,4,590.0,185.0,775.0,405,,
flecainide acetate,1,0,4,591.0,0.0,,591,,
BRD-K06592610,1,0,4,592.0,0.0,,592,,
camptothecin,3,0,4,592.3333333333334,414.99424360130854,382.0,1172,,223.0
cjd-pla-20-1,1,0,4,593.0,0.0,,593,,
p5172,2,0,4,593.0,114.0,479.0,707,,
BRD-K65904652,1,0,4,594.0,0.0,,594,,
calpeptin,2,0,4,594.0,103.0,491.0,697,,
BRD-A47816767,3,0,4,595.0,390.69937291989606,412.0,1138,,235.0
ncgc00181381-01,1,0,4,595.0,0.0,,595,,
floxuridine,1,0,4,596.0,0.0,,596,,
BRD-K60297835,2,0,4,596.5,38.5,558.0,635,,
MK-1775,4,0,4,596.5,249.30453265033108,659.0,977,405.0,345.0
sb 415286,1,0,4,597.0,0.0,,597,,
digoxin,4,0,4,598.75,276.61559518581015,1037.0,633,338.0,387.0
s1118,1,0,4,599.0,0.0,,599,,
mebendazole,3,0,4,599.3333333333334,185.35791203926408,664.0,787,,347.0
BRD-A27640568,3,0,4,600.6666666666666,577.9217555651937,227.0,1417,,158.0
KU-55933,1,0,4,601.0,0.0,,601,,
ncgc00183412-01,2,0,4,601.0,379.0,222.0,980,,
BRD-K65366129,2,0,4,602.0,186.0,416.0,788,,
BRD-K68191783,1,0,4,602.0,0.0,,602,,
mls-0391006,2,0,4,602.0,62.0,540.0,664,,
km 00927,3,0,4,602.3333333333334,528.6904156078069,277.0,1348,,182.0
ikk 16,4,0,4,602.5,335.40311566829547,950.0,909,172.0,379.0
BRD-K58547240,2,0,4,603.5,102.5,501.0,706,,
y-27632,1,0,4,605.0,0.0,,605,,
st056792,4,0,4,606.75,544.6491416499249,347.0,1546,322.0,212.0
BRD-K46171503,1,0,4,607.0,0.0,,607,,
hy-50877,2,0,4,607.5,205.5,402.0,813,,
tg101348,4,0,4,609.0,400.1418498482757,687.0,1224,173.0,352.0
gemcitabine,3,0,4,610.0,457.64906496863586,360.0,1252,,218.0
mk-0591,3,0,4,612.0,209.12356793691777,650.0,847,,339.0
isoquercitrin,1,0,4,613.0,0.0,,613,,
flubendazole,3,0,4,613.3333333333334,268.8646912895448,955.0,587,298.0,
BRD-K22096725,2,0,4,613.5,281.5,332.0,895,,
BRD-K88708949,1,0,4,614.0,0.0,,614,,
kenpaullone,2,0,4,614.0,262.0,352.0,876,,
sid 26681509,4,0,4,616.25,368.6776200151021,611.0,1220,312.0,322.0
gsk-3b inhibitor viii,2,0,4,618.5,50.5,568.0,669,,
BRD-K53414658,3,0,4,619.0,191.60549748550187,694.0,807,,356.0
cid 755673,1,0,4,619.0,0.0,,619,,
mammea a/ba + a/bb,1,0,4,620.0,0.0,,620,,
bibx 1382 dihydrochloride,2,0,4,621.5,10.5,632.0,611,,
u-0126,3,0,4,622.3333333333334,308.3335135134609,538.0,1035,,294.0
BRD-K58674774,2,0,4,623.5,234.5,389.0,858,,
hy-10181,2,0,4,623.5,113.5,510.0,737,,
sulpiride,2,0,4,623.5,160.5,463.0,784,,
flurofamide,2,0,4,625.0,269.0,356.0,894,,
BRD-K68548958,3,0,4,625.6666666666666,526.4106972908342,314.0,1367,,196.0
a112550.cdx,3,0,4,626.6666666666666,334.72111110926693,518.0,1080,,282.0
alclometazone dipropionate,2,0,4,627.0,423.0,204.0,1050,,
BRD-K83048312,1,0,4,629.0,0.0,,629,,
BRD-A20697603,4,0,4,630.25,527.503258283776,425.0,1537,316.0,243.0
su 5416,2,0,4,631.5,86.5,718.0,545,,
sb 200646 hydrochloride,1,0,4,634.0,0.0,,634,,
dipropyldopamine,2,0,4,634.5,264.5,370.0,899,,
formoterol hemifumarate,2,0,4,635.5,200.5,435.0,836,,
as605240,4,0,4,636.0,382.64997059976366,641.0,1259,309.0,335.0
hts 10765,1,0,4,637.0,0.0,,637,,
BRD-K79404599,1,0,4,638.0,0.0,,638,,
benzoxiquine,2,0,4,639.0,201.0,438.0,840,,
su11652,3,0,4,639.0,326.64047514048224,544.0,1078,,295.0
halcinonide,3,0,4,639.6666666666666,356.1089096829165,506.0,1127,286.0,
BRD-K50387473,3,0,4,641.6666666666666,713.0723821760469,150.0,1650,,125.0
"methyl 2,5-dihydroxycinnamate",3,0,4,641.6666666666666,510.40528558740016,304.0,1363,258.0,
perphenazine,1,0,4,642.0,0.0,,642,,
BRD-K38625260,2,0,4,643.5,17.5,661.0,626,,
BRD-K53903639,4,0,4,643.5,311.1418486799871,826.0,1060,321.0,367.0
metergoline,1,0,4,644.0,0.0,,644,,
BRD-K72615639,2,0,4,644.5,30.5,614.0,675,,
tl hras26 brd-k01877528,4,0,4,648.0,497.47160723000064,520.0,1494,294.0,284.0
lanatoside c,1,0,4,649.0,0.0,,649,,
BRD-K17953061,2,0,4,651.0,315.0,966.0,336,,
kuc104135 kuc104135n,2,0,4,652.5,274.5,378.0,927,,
h7270,3,0,4,652.6666666666666,647.8689853837906,230.0,1568,,160.0
blebbistatin,1,0,4,653.0,0.0,,653,,
zm 336372,3,0,4,653.3333333333334,252.70843981860907,655.0,962,,343.0
ncgc00185094-01,1,0,4,654.0,0.0,,654,,
2-fluoropalmitic acid,2,0,4,654.5,202.5,452.0,857,,
JNK-IN-5A,3,0,4,654.6666666666666,338.3098514018703,1111.0,551,302.0,
BRD-K25737009,4,0,4,655.0,442.03280421253805,690.0,1360,216.0,354.0
BRD-K59705555,1,0,4,655.0,0.0,,655,,
phenformin hydrochloride,2,0,4,655.0,330.0,325.0,985,,
ct-200783,4,0,4,655.25,529.7713539820741,545.0,1550,230.0,296.0
BRD-A41451487,3,0,4,655.3333333333334,352.53967467821576,766.0,1021,179.0,
curcubitacin i,4,0,4,655.75,553.3571970255741,484.0,1602,267.0,270.0
oxybenzone,1,0,4,657.0,0.0,,657,,
BRD-K05153001,3,0,4,657.6666666666666,426.6710937270326,466.0,1249,,258.0
cyclopiazonic acid,2,0,4,658.0,277.0,381.0,935,,
manumycin a,4,0,4,658.0,552.9688056301187,576.0,1581,164.0,311.0
BRD-K53932786,3,0,4,660.0,468.37876410728387,424.0,1314,,242.0
BRD-K15563106,3,0,4,661.0,421.75585354562656,474.0,1245,,264.0
rs 39604 hydrochloride,1,0,4,661.0,0.0,,661,,
naltrexone hydrochloride,2,0,4,663.5,88.5,575.0,752,,
e3380,2,0,4,664.0,37.0,627.0,701,,
purvalanol a,2,0,4,664.0,391.0,273.0,1055,,
BRD-A68930007 (ouabain),1,0,4,665.0,0.0,,665,,
"camptothecine (s,+)",2,0,4,665.0,348.0,317.0,1013,,
colforsin,2,0,4,665.5,74.5,591.0,740,,
way 170523,3,0,4,666.3333333333334,369.13351995660804,537.0,1169,,293.0
BRD-K95196255,3,0,4,666.6666666666666,768.1850182229684,132.0,1753,,115.0
ncgc00183371-01,3,0,4,667.6666666666666,285.6773626935735,639.0,1031,,333.0
BRD-A94377914,4,0,4,667.75,716.0249210048488,391.0,1899,154.0,227.0
BRD-A84102390,2,0,4,670.0,100.0,770.0,570,,
c3393m50,1,0,4,670.0,0.0,,670,,
BRD-K98824517,1,0,4,671.0,0.0,,671,,
nizatidine,2,0,4,672.0,0.0,672.0,672,,
BRD-K84203638,3,0,4,673.0,347.235750847557,571.0,1140,,308.0
t 0901317,2,0,4,674.0,182.0,856.0,492,,
tiabendazole,2,0,4,675.5,417.5,258.0,1093,,
BRD-K63068307,2,0,4,677.0,25.0,702.0,652,,
pf 750,2,0,4,679.5,233.5,446.0,913,,
antimycin a,1,0,4,681.0,0.0,,681,,
v4877,4,0,4,681.25,441.4738808808512,665.0,1407,305.0,348.0
MLN-8054,3,0,4,681.6666666666666,367.3166965379542,1000.0,878,167.0,
ag-879,2,0,4,682.0,50.0,732.0,632,,
st019366,1,0,4,682.0,0.0,,682,,
BRD-K98676510,1,0,4,683.0,0.0,,683,,
artesunate,2,0,4,683.5,139.5,823.0,544,,
BRD-K94325918,3,0,4,684.6666666666666,345.85192721098946,911.0,947,196.0,
BRD-K23282736,3,0,4,685.0,383.0204520213857,618.0,1184,253.0,
heliotrine,2,0,4,685.5,287.5,398.0,973,,
BRD-K04853698,4,0,4,686.5,561.1543905201135,574.0,1633,229.0,310.0
mitomycin c,3,0,4,687.3333333333334,329.66380180757216,616.0,1122,,324.0
benzethonium chloride,1,0,4,688.0,0.0,,688,,
mbcq,1,0,4,689.0,0.0,,689,,
vu0418946-2,4,0,4,689.0,392.5328011771755,919.0,1211,249.0,377.0
7b-cis,3,0,4,691.3333333333334,475.43967954819345,464.0,1353,,257.0
vu0365121-1,2,0,4,691.5,138.5,553.0,830,,
paroxetine hydrochloride,3,0,4,692.0,279.0734670297411,841.0,934,301.0,
ski ii,4,0,4,694.0,593.9684335046771,477.0,1714,318.0,267.0
BRD-K04534322,3,0,4,694.6666666666666,276.52285418910475,948.0,826,310.0,
BRD-K06405410,1,0,4,700.0,0.0,,700,,
benzopurpurin (b),2,0,4,700.0,165.0,535.0,865,,
ncgc00188536-01,3,0,4,701.0,636.0707507817035,311.0,1598,,194.0
rottlerin ncgc00025228-11,4,0,4,701.25,342.76549928486094,821.0,1209,409.0,366.0
BRD-A19248578,2,0,4,701.5,5.5,707.0,696,,
ucl 2077,1,0,4,702.0,0.0,,702,,
BRD-K76042595,2,0,4,703.0,213.0,490.0,916,,
BRD-U44700465,1,0,4,704.0,0.0,,704,,
glipizide,1,0,4,705.0,0.0,,705,,
r406,2,0,4,706.5,125.5,581.0,832,,
BRD-K83972459,2,0,4,708.5,320.5,388.0,1029,,
BRD-K24861700,1,0,4,709.0,0.0,,709,,
BRD-K11558771,3,0,4,710.0,508.27617164949476,458.0,1419,,253.0
BRD-K68437527,1,0,4,710.0,0.0,,710,,
ossk 645683,1,0,4,711.0,0.0,,711,,
HG-5-88-01,2,0,4,711.5,493.5,218.0,1205,,
BRD-K72451865,2,0,4,712.0,4.0,716.0,708,,
k784-3131,3,0,4,713.6666666666666,351.1508064762046,634.0,1178,,329.0
BRD-A18763547,2,0,4,714.0,260.0,454.0,974,,
cot-10b,3,0,4,715.0,261.95164948262243,791.0,991,,363.0
CHIR-99021,2,0,4,715.5,326.5,1042.0,389,,
"ingenol 3, 20-dibenzoate",4,0,4,717.75,435.25875924557795,1130.0,1164,188.0,389.0
rottlerin,3,0,4,718.3333333333334,291.9250284272012,1073.0,724,358.0,
hydrocortisone acetate,2,0,4,719.0,1.0,720.0,718,,
piplartine,4,0,4,720.75,563.6445577666833,566.0,1681,331.0,305.0
doxorubicin,2,0,4,722.5,326.5,1049.0,396,,
BRD-K39944607,3,0,4,722.6666666666666,397.7824642802758,812.0,1159,197.0,
BRD-K03829970,2,0,4,724.0,54.0,670.0,778,,
BRD-K08316444,2,0,4,724.5,65.5,790.0,659,,
cyclosporin a,1,0,4,725.0,0.0,,725,,
BRD-K20123385,1,0,4,726.0,0.0,,726,,
BRD-K23217072,1,0,4,728.0,0.0,,728,,
pkcbeta inhibitor,2,0,4,728.0,5.0,723.0,733,,
kuc104495 kuc104495n,1,0,4,729.0,0.0,,729,,
nitazoxanide,2,0,4,729.5,267.5,462.0,997,,
cgp 53353,1,0,4,731.0,0.0,,731,,
cladribine,2,0,4,731.5,119.5,612.0,851,,
fgin-1-27,2,0,4,733.0,41.0,692.0,774,,
BRD-A85712510,1,0,4,735.0,0.0,,735,,
lumicolchicine gamma,3,0,4,735.0,380.4243244939349,813.0,1157,235.0,
BRD-A32449311,2,0,4,736.0,176.0,560.0,912,,
sr-95639a,1,0,4,736.0,0.0,,736,,
arvanil,3,0,4,737.3333333333334,416.2349763721876,592.0,1304,,316.0
BRD-K12184916,3,0,4,738.0,257.7324193810317,891.0,948,,375.0
BRD-K63511615,2,0,4,738.5,384.5,354.0,1123,,
imd 0354,4,0,4,738.5,391.7910795309153,951.0,1275,348.0,380.0
BRD-K82837433,1,0,4,741.0,0.0,,741,,
s1475,2,0,4,741.0,141.0,600.0,882,,
ncgc00188530-01,2,0,4,741.5,506.5,235.0,1248,,
BRD-A51777634,3,0,4,742.0,494.4134572062806,551.0,1420,255.0,
progesterone,2,0,4,742.5,277.5,465.0,1020,,
probucol,1,0,4,743.0,0.0,,743,,
BRD-K72238567,3,0,4,743.3333333333334,268.89568402800535,858.0,1000,,372.0
BRD-K56196992,3,0,4,743.6666666666666,604.3422503478931,487.0,1578,166.0,
tyrphostin ag 1478,4,0,4,744.75,436.3126029580168,848.0,1416,345.0,370.0
BRD-K68174511,3,0,4,745.0,416.1129654312636,605.0,1310,,320.0
spiperone,1,0,4,745.0,0.0,,745,,
BRD-U44618005,2,0,4,745.5,295.5,450.0,1041,,
BRD-K62818989,2,0,4,746.5,224.5,522.0,971,,
12k-613s,1,0,4,747.0,0.0,,747,,
BRD-K61717269,3,0,4,747.0,384.58895806648775,644.0,1261,,336.0
BRD-K64525051,2,0,4,748.0,64.0,684.0,812,,
gr-105,1,0,4,748.0,0.0,,748,,
BRD-K99502566,1,0,4,749.0,0.0,,749,,
gr 127935 hydrochloride,3,0,4,749.6666666666666,260.3591536491254,1010.0,845,394.0,
ly-294002,2,0,4,750.5,16.5,734.0,767,,
ncgc00182609-01,2,0,4,751.0,219.0,532.0,970,,
u 18666a,1,0,4,751.0,0.0,,751,,
arg-a1-22 brd-k91349888,2,0,4,752.5,210.5,542.0,963,,
BRD-K52911425,1,0,4,753.0,0.0,,753,,
ncgc00183690-01,2,0,4,754.0,88.0,842.0,666,,
u 99194 maleate,2,0,4,754.0,151.0,905.0,603,,
vu0365114-2,1,0,4,754.0,0.0,,754,,
maprotiline hydrochloride,2,0,4,755.0,8.0,747.0,763,,
ag14361,3,0,4,756.0,267.33125518726763,939.0,951,,378.0
bntx maleate,4,0,4,756.75,580.0458494808837,751.0,1702,213.0,361.0
imodium,2,0,4,757.0,109.0,648.0,866,,
su 4312,2,0,4,757.0,187.0,570.0,944,,
telmisartan,1,0,4,757.0,0.0,,757,,
bapta-am,2,0,4,758.0,174.0,932.0,584,,
ag 82,2,0,4,759.0,492.0,267.0,1251,,
psh 013,1,0,4,759.0,0.0,,759,,
piceatannol,3,0,4,760.6666666666666,423.64634097584536,710.0,1303,269.0,
BRD-K88551539,1,0,4,762.0,0.0,,762,,
sildenafil citrate,2,0,4,762.0,10.0,752.0,772,,
yk 4-279,2,0,4,762.5,96.5,666.0,859,,
BRD-K38615104,2,0,4,764.0,235.0,999.0,529,,
"clomiphene citrate (z,e)",1,0,4,764.0,0.0,,764,,
BRD-A75301702,2,0,4,764.5,118.5,883.0,646,,
estradiol valerate,2,0,4,765.0,21.0,786.0,744,,
pj 34 hydrochloride,2,0,4,765.5,67.5,833.0,698,,
auranofin,3,0,4,766.6666666666666,496.010976581052,549.0,1453,,298.0
BRD-K82492171,1,0,4,768.0,0.0,,768,,
BRD-A96272097,2,0,4,769.5,13.5,756.0,783,,
chaetocin,4,0,4,769.75,603.6643831633601,679.0,1781,270.0,349.0
calycanthine,1,0,4,771.0,0.0,,771,,
ch 55,3,0,4,771.3333333333334,664.7928666551376,383.0,1707,,224.0
gw 9508,2,0,4,771.5,146.5,625.0,918,,
BRD-A06664848,2,0,4,772.5,68.5,704.0,841,,
fulvestrant,1,0,4,773.0,0.0,,773,,
niguldipine,2,0,4,773.0,165.0,938.0,608,,
pifithrin- ?,3,0,4,773.0,548.8175167272512,504.0,1538,,277.0
tamoxifen citrate,2,0,4,774.0,114.0,660.0,888,,
BRD-K38634661,2,0,4,775.5,29.5,805.0,746,,
BRD-K24859147,1,0,4,777.0,0.0,,777,,
mevastatin,2,0,4,777.0,2.0,779.0,775,,
BRD-U37049823,1,0,4,779.0,0.0,,779,,
BRD-K56411643,3,0,4,780.0,663.2440475923373,397.0,1713,,230.0
ciclopirox ethanolamine,2,0,4,780.0,30.0,810.0,750,,
parthenolide,4,0,4,780.0,550.921500760317,730.0,1695,337.0,358.0
BRD-K00627859,3,0,4,780.3333333333334,486.6664383561108,610.0,1443,288.0,
ro 90-7501,1,0,4,781.0,0.0,,781,,
chlorhexidine,2,0,4,781.5,110.5,671.0,892,,
nsc 23766,1,0,4,782.0,0.0,,782,,
nnc 55-0396 dihydrochloride,3,0,4,782.6666666666666,302.57818089802106,984.0,1009,355.0,
BRD-K11795542,2,0,4,783.5,153.5,937.0,630,,
toremifene,1,0,4,785.0,0.0,,785,,
BRD-K57457519,1,0,4,786.0,0.0,,786,,
mibefradil dihydrochloride,3,0,4,786.3333333333334,612.2092960926208,460.0,1644,,255.0
sb 225002,3,0,4,786.3333333333334,390.6953914354364,788.0,1264,307.0,
sp 600125,2,0,4,786.5,536.5,250.0,1323,,
BRD-K00317371,3,0,4,789.0,568.0281683156214,609.0,1557,201.0,
ei-263,2,0,4,789.0,421.0,368.0,1210,,
s1172,1,0,4,789.0,0.0,,789,,
ncgc00242279-01,1,0,4,790.0,0.0,,790,,
gsk-3 inhibitor ii,1,0,4,791.0,0.0,,791,,
BRD-A76641868,1,0,4,792.0,0.0,,792,,
taxol,3,0,4,793.3333333333334,444.6349314012814,673.0,1388,319.0,
BRD-K13810148,2,0,4,794.0,423.0,371.0,1217,,
emetine dihydrochloride hydrate (74),3,0,4,795.0,453.8068605328336,774.0,1361,250.0,
BRD-K86269644,1,0,4,796.0,0.0,,796,,
ncgc00183226-01,2,0,4,796.0,272.0,1068.0,524,,
qs 11,2,0,4,796.0,26.0,822.0,770,,
azd-7545-a,1,0,4,798.0,0.0,,798,,
gw 7647,2,0,4,798.0,40.0,758.0,838,,
BRD-K41220170,2,0,4,798.5,461.5,337.0,1260,,
BRD-K16290432,1,0,4,800.0,0.0,,800,,
tetrindole mesylate,3,0,4,801.0,484.4157993569849,615.0,1465,,323.0
BRD-K05977823,1,0,4,803.0,0.0,,803,,
emetine,4,0,4,803.25,516.4220052437735,980.0,1569,282.0,382.0
BRD-K52522949,3,0,4,803.6666666666666,493.75725029838526,608.0,1482,,321.0
ei-195,3,0,4,804.6666666666666,459.8088975022365,736.0,1399,279.0,
n-formylmethionylalanine,2,0,4,805.0,158.0,963.0,647,,
ncgc00165199-01,3,0,4,805.0,388.1030790911095,901.0,1225,289.0,
escitalopram oxalate,2,0,4,809.0,78.0,731.0,887,,
pd 00735,1,0,4,809.0,0.0,,809,,
ncgc00165188-01,2,0,4,809.5,214.5,595.0,1024,,
ag-014699 (pf-01367338),1,0,4,810.0,0.0,,810,,
arachidonyl trifluoro-methyl ketone,3,0,4,810.0,684.8537556782957,418.0,1773,,239.0
norgestrel,2,0,4,812.0,90.0,902.0,722,,
selamectin,3,0,4,812.6666666666666,371.0645346686865,886.0,1226,326.0,
BRD-K50234570,4,0,4,813.75,726.1746948909746,524.0,2063,381.0,287.0
BRD-K62169556,1,0,4,814.0,0.0,,814,,
BRD-A06929388,2,0,4,815.0,523.0,292.0,1338,,
BRD-K17140735,3,0,4,816.0,374.4257825880406,882.0,1238,328.0,
BRD-K81473043,3,0,4,816.0,499.31352875723286,622.0,1501,,325.0
BRD-K85051645,1,0,4,816.0,0.0,,816,,
ketotifen fumarate,1,0,4,818.0,0.0,,818,,
toltrazuril,1,0,4,819.0,0.0,,819,,
bendroflumethiazide,1,0,4,820.0,0.0,,820,,
simvastatin,2,0,4,820.0,580.0,240.0,1400,,
BRD-K15519488,2,0,4,821.0,318.0,503.0,1139,,
pindolol,1,0,4,821.0,0.0,,821,,
BRD-K70917163,2,0,4,823.0,545.0,278.0,1368,,
fccp,3,0,4,823.6666666666666,360.7587682772089,928.0,1204,339.0,
pd 198306,3,0,4,823.6666666666666,326.79487280079667,1095.0,1012,364.0,
methylandrostenediol,1,0,4,824.0,0.0,,824,,
BRD-K33164466,1,0,4,825.0,0.0,,825,,
reserpine,2,0,4,826.5,236.5,1063.0,590,,
BRD-K74797618,2,0,4,827.0,148.0,975.0,679,,
BRD-K96167523,1,0,4,828.0,0.0,,828,,
betamethasone,2,0,4,828.0,133.0,695.0,961,,
n- (2-aminoethyl)-4-chlorobenzamide (ro-16-6491),2,0,4,828.5,48.5,877.0,780,,
zolantidine dimaleate,2,0,4,828.5,86.5,742.0,915,,
cccp,3,0,4,830.0,490.88559427494573,753.0,1466,271.0,
pkc-412,2,0,4,830.5,65.5,765.0,896,,
pd 407824,2,0,4,832.0,51.0,781.0,883,,
ncgc00182913-03,1,0,4,833.0,0.0,,833,,
BRD-A42737819,1,0,4,834.0,0.0,,834,,
pipamperone,1,0,4,837.0,0.0,,837,,
importazole,4,0,4,837.25,517.3037671426722,1001.0,1613,352.0,383.0
BRD-K92301463,3,0,4,840.3333333333334,678.968007755561,468.0,1793,,260.0
"androsta-1,4-dien-3,17-dione",2,0,4,842.0,42.0,800.0,884,,
dephostatin,1,0,4,843.0,0.0,,843,,
BRD-A32214171,1,0,4,844.0,0.0,,844,,
s1170,2,0,4,844.0,8.0,836.0,852,,
trifluoperazine dihydrochloride,3,0,4,844.6666666666666,536.7832171577481,743.0,1547,244.0,
BRD-A60245366,2,0,4,845.5,115.5,961.0,730,,
s1130,2,0,4,845.5,255.5,590.0,1101,,
BRD-K14681867,1,0,4,846.0,0.0,,846,,
BRD-K74133369,2,0,4,846.0,53.0,899.0,793,,
BRD-K79222491,2,0,4,848.5,89.5,759.0,938,,
mk-2206,3,0,4,848.6666666666666,401.60040947300945,827.0,1351,,368.0
cortisone,1,0,4,849.0,0.0,,849,,
BRD-K92980438,3,0,4,850.3333333333334,407.16690544405606,989.0,1265,297.0,
mg-132,3,0,4,850.3333333333334,492.4295775934757,681.0,1520,,350.0
moclobemide,2,0,4,850.5,234.5,1085.0,616,,
e6 berbamine,2,0,4,851.5,48.5,803.0,900,,
sarmentogenin,2,0,4,851.5,273.5,578.0,1125,,
jfd02227,2,0,4,852.0,466.0,386.0,1318,,
akt inhibitor iv,3,0,4,853.0,596.565727029861,569.0,1683,,307.0
colchicine,1,0,4,853.0,0.0,,853,,
BRD-U86922168,4,0,4,853.5,694.3891200184519,870.0,1977,193.0,374.0
amg 9810,1,0,4,854.0,0.0,,854,,
BRD-K92317137,4,0,4,854.25,593.8524122204102,819.0,1835,398.0,365.0
BRD-K64517075,3,0,4,854.3333333333334,330.8991118486452,1067.0,1109,387.0,
paroxetine,1,0,4,855.0,0.0,,855,,
BRD-K11663430,2,0,4,855.5,721.5,134.0,1577,,
BRD-K02562327,2,0,4,856.0,128.0,728.0,984,,
BRD-K58070753,2,0,4,857.0,181.0,676.0,1038,,
cyclosporine,2,0,4,857.0,210.0,647.0,1067,,
bufalin,2,0,4,860.0,18.0,878.0,842,,
mw-ras12,3,0,4,861.6666666666666,555.6379716646043,629.0,1628,,328.0
everolimus,1,0,4,862.0,0.0,,862,,
BRD-K93433262,1,0,4,863.0,0.0,,863,,
ym-155,3,0,4,863.0,425.67828227430164,949.0,1336,304.0,
ncgc00012588-02,1,0,4,864.0,0.0,,864,,
rosuvastatin calcium,2,0,4,864.0,195.0,669.0,1059,,
hy-10161,3,0,4,865.0,639.7827756356058,603.0,1746,246.0,
gw 843682x,2,0,4,865.5,57.5,808.0,923,,
isoreserpine,2,0,4,865.5,279.5,586.0,1145,,
BRD-K58288048,3,0,4,866.0,483.44044790094534,854.0,1464,280.0,
glyburide,2,0,4,866.0,425.0,441.0,1291,,
BRD-K03122949,2,0,4,867.0,389.0,478.0,1256,,
ncgc00182380-01,1,0,4,867.0,0.0,,867,,
megestrol acetate,1,0,4,869.0,0.0,,869,,
osi-906,1,0,4,870.0,0.0,,870,,
l-6307,2,0,4,870.5,2.5,873.0,868,,
rs 17053 hydrochloride,1,0,4,871.0,0.0,,871,,
BRD-K05197617,1,0,4,872.0,0.0,,872,,
BRD-K72264770,1,0,4,873.0,0.0,,873,,
BRD-K49094915,1,0,4,874.0,0.0,,874,,
5-nonyloxytryptamine,1,0,4,875.0,0.0,,875,,
ay 9944,2,0,4,876.0,227.0,649.0,1103,,
hy-11001,3,0,4,876.3333333333334,347.3848330342334,1074.0,1167,,388.0
BRD-K41859756,4,0,4,876.5,622.3883433998423,974.0,1855,296.0,381.0
t0518-4011,1,0,4,877.0,0.0,,877,,
clobetasol propionate,3,0,4,878.3333333333334,507.49865900205975,888.0,1495,252.0,
gbr 13069 dihydrochloride,1,0,4,879.0,0.0,,879,,
ipratropium bromide,2,0,4,879.0,296.0,583.0,1175,,
thioguanosine,1,0,4,880.0,0.0,,880,,
6-diazo-5-oxo-l-norleucine,2,0,4,881.0,318.0,563.0,1199,,
BRD-K60870698,3,0,4,882.0,549.3274676062236,663.0,1637,,346.0
BRD-K40373196,2,0,4,882.5,577.5,305.0,1460,,
ntncb hydrochloride,2,0,4,882.5,93.5,789.0,976,,
b675700.cdx,4,0,4,884.0,559.9357105954218,1020.0,1744,388.0,384.0
bw 723c86 hydrochloride,2,0,4,884.5,147.5,737.0,1032,,
3-methyladenine,1,0,4,885.0,0.0,,885,,
5-azacytidine,3,0,4,888.0,387.90290881439216,1207.0,1115,342.0,
BRD-K88569143,1,0,4,889.0,0.0,,889,,
rhodomyrtoxin b,2,0,4,889.0,80.0,809.0,969,,
narciclasine,4,0,4,889.25,667.9585971450625,838.0,1996,354.0,369.0
salermide,3,0,4,889.6666666666666,424.5792688716155,1149.0,1229,291.0,
arg-csc-91,1,0,4,890.0,0.0,,890,,
zd 2079 hydrochloride,2,0,4,890.5,401.5,489.0,1292,,
BRD-K53423944,1,0,4,891.0,0.0,,891,,
BRD-K64642496,3,0,4,891.3333333333334,428.882527298819,981.0,1366,327.0,
ncgc00181233-01,2,0,4,892.0,100.0,792.0,992,,
baccatin iii,1,0,4,893.0,0.0,,893,,
metaxalone,2,0,4,893.5,260.5,633.0,1154,,
thapsigargin,3,0,4,896.6666666666666,507.01369694406566,869.0,1531,290.0,
amlodipine besylate,2,0,4,897.0,220.0,677.0,1117,,
(e)-capsaicin,1,0,4,898.0,0.0,,898,,
BRD-K23478508 (digoxin),2,0,4,899.0,138.0,761.0,1037,,
menadione,3,0,4,899.0,584.589314533431,651.0,1706,,340.0
bd 1063 dihydrochloride,2,0,4,899.5,286.5,613.0,1186,,
SB-525334,2,0,4,901.0,488.0,413.0,1389,,
fosfosal,1,0,4,901.0,0.0,,901,,
BRD-A84327315,1,0,4,902.0,0.0,,902,,
nsc 663284,2,0,4,902.5,178.5,724.0,1081,,
bay 11-7821,3,0,4,903.3333333333334,605.265965414287,637.0,1741,,332.0
malonoben,3,0,4,904.3333333333334,486.35537989782284,853.0,1524,336.0,
BRD-K92419424,1,0,4,905.0,0.0,,905,,
aloisine,1,0,4,906.0,0.0,,906,,
s1107,1,0,4,907.0,0.0,,907,,
BRD-K27484191,1,0,4,908.0,0.0,,908,,
cilostamide,2,0,4,908.0,336.0,572.0,1244,,
vu0418947-2,3,0,4,908.0,380.2008241267589,1153.0,1200,371.0,
quinine hemisulfate salt monohydrate,2,0,4,908.5,109.5,799.0,1018,,
tc 2559 difumarate,2,0,4,909.0,105.0,804.0,1014,,
modafinil,2,0,4,909.5,196.5,713.0,1106,,
BRD-K55827386,1,0,4,910.0,0.0,,910,,
nortriptyline hydrochloride,1,0,4,911.0,0.0,,911,,
BRD-K52321331,2,0,4,911.5,212.5,699.0,1124,,
"15-deoxy-?12,14-prostaglandin j2",3,0,4,912.0,527.6482414134124,850.0,1587,299.0,
BRD-K23657553,2,0,4,912.0,373.0,539.0,1285,,
cyt997,2,0,4,913.0,32.0,945.0,881,,
BRD-K67870070,2,0,4,913.5,74.5,988.0,839,,
hy-11005,2,0,4,913.5,370.5,543.0,1284,,
bml-190,1,0,4,914.0,0.0,,914,,
carbamazepine,3,0,4,914.0,482.75666748373345,894.0,1515,333.0,
"l-690,488",3,0,4,915.0,508.69702836429724,793.0,1590,362.0,
hy-10992,3,0,4,917.0,641.6920341305996,846.0,1736,169.0,
thiethylperazine dimalate,1,0,4,919.0,0.0,,919,,
dexamethasone acetate,3,0,4,920.0,739.5624832741765,597.0,1943,220.0,
ncgc00181801-01,1,0,4,920.0,0.0,,920,,
BRD-A62809825,3,0,4,920.3333333333334,560.1739809102962,909.0,1612,240.0,
BRD-K95138506,3,0,4,920.6666666666666,402.8774282858525,1062.0,1328,372.0,
phorbol-12-myristate-13-acetate (pma),3,0,4,920.6666666666666,398.3016723819048,1113.0,1283,366.0,
jnj 10191584 maleate,1,0,4,921.0,0.0,,921,,
vu0418934-2,3,0,4,921.6666666666666,458.6460751191732,864.0,1510,391.0,
mdl 29951,1,0,4,922.0,0.0,,922,,
ivermectin,2,0,4,923.0,220.0,703.0,1143,,
BRD-K71554540,1,0,4,924.0,0.0,,924,,
BRD-K46681113,1,0,4,926.0,0.0,,926,,
BRD-K94544211,2,0,4,926.0,171.0,755.0,1097,,
BRD-K05649647,3,0,4,927.0,405.43885687815697,1033.0,1362,,386.0
btb06091sc,3,0,4,927.0,466.89684799392967,972.0,1475,334.0,
inhibitor bec hydrochloride,1,0,4,929.0,0.0,,929,,
l-cis-diltiazem,1,0,4,930.0,0.0,,930,,
ossk 645668,2,0,4,930.0,311.0,619.0,1241,,
clopidogrel,2,0,4,932.5,16.5,916.0,949,,
t542500,2,0,4,933.0,86.0,847.0,1019,,
BRD-A57107094,2,0,4,934.5,727.5,207.0,1662,,
calyculin a,2,0,4,936.0,372.0,564.0,1308,,
eugenol,1,0,4,936.0,0.0,,936,,
gr 103691,1,0,4,937.0,0.0,,937,,
t7765,2,0,4,937.0,81.0,1018.0,856,,
BRD-K79779816,1,0,4,939.0,0.0,,939,,
BRD-K67090983,3,0,4,939.3333333333334,422.59620863840644,1148.0,1320,350.0,
akti-1/2,2,0,4,940.5,244.5,696.0,1185,,
ncgc00188700-01,2,0,4,940.5,169.5,771.0,1110,,
BRD-K41429297,1,0,4,941.0,0.0,,941,,
t3205,1,0,4,942.0,0.0,,942,,
mitotane,1,0,4,943.0,0.0,,943,,
chemistry 2804,4,0,4,943.75,684.7763777321761,1032.0,2029,329.0,385.0
cgp 71683 hydrochloride,3,0,4,945.0,461.434719109865,1008.0,1476,351.0,
BRD-K71142328,1,0,4,946.0,0.0,,946,,
BRD-K69159985,3,0,4,946.3333333333334,441.40256254605305,1088.0,1402,349.0,
BRD-K18724229,2,0,4,947.5,439.5,508.0,1387,,
digitoxin,2,0,4,948.5,281.5,667.0,1230,,
BRD-K36055864 (cycloheximide),2,0,4,949.0,143.0,1092.0,806,,
nsc 3852,2,0,4,951.0,179.0,772.0,1130,,
BRD-K12393722,1,0,4,952.0,0.0,,952,,
capsazepine,2,0,4,952.5,213.5,739.0,1166,,
12k-516s,1,0,4,953.0,0.0,,953,,
a-1065,2,0,4,954.0,23.0,977.0,931,,
BRD-K86492010,1,0,4,955.0,0.0,,955,,
testosterone propionate,3,0,4,955.0,442.739953772716,1057.0,1439,369.0,
ncgc00182608-01,1,0,4,956.0,0.0,,956,,
hts 10859,2,0,4,957.5,577.5,380.0,1535,,
dnqx disodium salt,1,0,4,958.0,0.0,,958,,
s1174,1,0,4,959.0,0.0,,959,,
BRD-K97701319,2,0,4,961.5,506.5,455.0,1468,,
BRD-K43226598,3,0,4,963.0,549.212163011709,929.0,1652,308.0,
suloctidil,3,0,4,963.0,499.74593545120507,953.0,1580,356.0,
BRD-K60219430,1,0,4,964.0,0.0,,964,,
isorotenone,2,0,4,964.0,75.0,889.0,1039,,
chelerythrine chloride,2,0,4,966.0,168.0,798.0,1134,,
strophantine octahydrate,3,0,4,966.0,444.88725163423896,1112.0,1423,363.0,
thiothixene,2,0,4,966.0,169.0,1135.0,797,,
t5247673,3,0,4,966.3333333333334,531.5426187574761,969.0,1616,314.0,
cortisol acetate,1,0,4,967.0,0.0,,967,,
pivmecillinam hydrochloride,2,0,4,967.0,382.0,585.0,1349,,
scoulerine,1,0,4,968.0,0.0,,968,,
arp 101,3,0,4,969.0,499.4316770089779,1065.0,1527,315.0,
BRD-K14328427,2,0,4,969.5,221.5,748.0,1191,,
chlorpromazine,2,0,4,971.5,166.5,1138.0,805,,
BRD-A52193669,1,0,4,972.0,0.0,,972,,
securinine,2,0,4,973.0,464.0,509.0,1437,,
BRD-K81538844,2,0,4,973.5,265.5,708.0,1239,,
methoxsalen,2,0,4,974.0,224.0,750.0,1198,,
vinblastine sulfate,3,0,4,976.0,537.6020833292966,1064.0,1586,278.0,
puromycin hydrochloride,3,0,4,976.6666666666666,664.3123428695939,829.0,1854,247.0,
s8822,3,0,4,977.3333333333334,596.2719364704516,881.0,1751,300.0,
ncgc00241357-01,2,0,4,977.5,692.5,285.0,1670,,
BRD-U32049204,1,0,4,979.0,0.0,,979,,
BRD-K78385490,3,0,4,980.3333333333334,449.92023984504436,1035.0,1502,404.0,
norethindrone,3,0,4,981.3333333333334,486.6952046427232,1173.0,1458,313.0,
dichlorobenzamil,2,0,4,982.5,466.5,516.0,1449,,
y 134,1,0,4,983.0,0.0,,983,,
BRD-K18726304,1,0,4,986.0,0.0,,986,,
ag 556,1,0,4,987.0,0.0,,987,,
pf3845,1,0,4,988.0,0.0,,988,,
homoharringtonine,3,0,4,991.6666666666666,741.8006620529683,857.0,1960,158.0,
ruxolitinib,2,0,4,992.0,223.0,769.0,1215,,
cerivastatin na,2,0,4,992.5,158.5,834.0,1151,,
cyproheptadine hydrochloride,1,0,4,994.0,0.0,,994,,
enrofloxacin,2,0,4,994.0,671.0,323.0,1665,,
mls-0437446.0001,2,0,4,994.5,410.5,584.0,1405,,
HY-11007,1,0,4,995.0,0.0,,995,,
siguazodan,1,0,4,996.0,0.0,,996,,
fluvastatin,1,0,4,998.0,0.0,,998,,
a2478,1,0,4,999.0,0.0,,999,,
hemado,2,0,4,999.0,395.0,604.0,1394,,
fenbendazole,2,0,4,1000.5,599.5,401.0,1600,,
perhexiline maleate,3,0,4,1001.6666666666666,559.821598567099,926.0,1722,357.0,
dienestrol,1,0,4,1002.0,0.0,,1002,,
BRD-K73319509,2,0,4,1003.5,405.5,598.0,1409,,
BRD-K25731886,1,0,4,1004.0,0.0,,1004,,
BRD-K76236182,3,0,4,1004.6666666666666,629.822373548465,849.0,1842,323.0,
diclofenac sodium,1,0,4,1005.0,0.0,,1005,,
BRD-K37194137,1,0,4,1006.0,0.0,,1006,,
BRD-K83670234,2,0,4,1009.0,308.0,701.0,1317,,
BRD-U82589721,2,0,4,1009.0,462.0,547.0,1471,,
iopanoic acid,2,0,4,1009.0,648.0,361.0,1657,,
BRD-A31107743,3,0,4,1009.6666666666666,455.0672721941474,1127.0,1499,403.0,
lovastatin,1,0,4,1010.0,0.0,,1010,,
trap 101,2,0,4,1010.5,195.5,815.0,1206,,
cc-100,1,0,4,1011.0,0.0,,1011,,
pac 1,3,0,4,1013.0,480.05069176772014,1117.0,1542,380.0,
flunisolide,3,0,4,1013.3333333333334,646.5891706141973,917.0,1849,274.0,
mln2238,3,0,4,1013.6666666666666,600.0918448222924,855.0,1815,,371.0
naringenine,2,0,4,1015.0,362.0,653.0,1377,,
primaquine diphosphate,1,0,4,1015.0,0.0,,1015,,
bas 00535043,2,0,4,1015.5,131.5,884.0,1147,,
BRD-A11087911,2,0,4,1016.0,219.0,797.0,1235,,
BRD-K91701654,2,0,4,1016.0,252.0,764.0,1268,,
hydrocortisone,1,0,4,1016.0,0.0,,1016,,
sb 216763,2,0,4,1016.5,112.5,904.0,1129,,
BRD-K47764688,1,0,4,1017.0,0.0,,1017,,
BRD-K70161581,3,0,4,1017.3333333333334,502.832200860508,1041.0,1621,390.0,
BRD-K66254772,2,0,4,1017.5,754.5,263.0,1772,,
vu0365117-1,2,0,4,1017.5,150.5,867.0,1168,,
BRD-K82732294,3,0,4,1019.6666666666666,563.4396349408003,1031.0,1704,324.0,
vesamicol,2,0,4,1020.0,584.0,436.0,1604,,
fenofibrate,1,0,4,1022.0,0.0,,1022,,
selinidin,2,0,4,1024.0,97.0,927.0,1121,,
cymarin,2,0,4,1024.5,62.5,962.0,1087,,
cd 01333,1,0,4,1025.0,0.0,,1025,,
BRD-K01614657,2,0,4,1025.5,290.5,735.0,1316,,
nafronyl oxalate,2,0,4,1025.5,491.5,534.0,1517,,
atorvastatin,1,0,4,1026.0,0.0,,1026,,
paclitaxel,2,0,4,1027.0,67.0,1094.0,960,,
loteprednol,2,0,4,1027.5,468.5,559.0,1496,,
pnu 74654,3,0,4,1027.6666666666667,478.2679397808536,1204.0,1505,374.0,
BRD-K33720394,2,0,4,1031.5,320.5,711.0,1352,,
vinorelbine,2,0,4,1031.5,346.5,685.0,1378,,
BRD-K61175124,1,0,4,1033.0,0.0,,1033,,
digoxigenin,2,0,4,1033.5,65.5,968.0,1099,,
niclosamide,3,0,4,1033.6666666666667,526.2225975974637,1099.0,1643,359.0,
hy-11068,1,0,4,1034.0,0.0,,1034,,
s1222,3,0,4,1034.0,601.9341049206854,1107.0,1732,263.0,
ncgc00242335-01,2,0,4,1034.5,455.5,579.0,1490,,
mirtazapine,1,0,4,1036.0,0.0,,1036,,
np-001821,2,0,4,1037.0,420.0,617.0,1457,,
brinzolamide,1,0,4,1040.0,0.0,,1040,,
BRD-K01436366,2,0,4,1042.0,673.0,369.0,1715,,
pha 665752,2,0,4,1042.5,279.5,763.0,1322,,
mls-0435526.0001,1,0,4,1043.0,0.0,,1043,,
fk506,3,0,4,1043.6666666666667,504.9259571681993,1161.0,1595,375.0,
s1452,1,0,4,1044.0,0.0,,1044,,
desoxymetasone,2,0,4,1045.0,560.0,485.0,1605,,
ru 24969,1,0,4,1045.0,0.0,,1045,,
olaparib,2,0,4,1046.5,544.5,502.0,1591,,
np-002491,1,0,4,1047.0,0.0,,1047,,
danazol,2,0,4,1047.5,141.5,906.0,1189,,
phenolphthalein,2,0,4,1047.5,459.5,588.0,1507,,
n-desmethylclozapine,2,0,4,1048.0,24.0,1024.0,1072,,
pepstatin a,1,0,4,1048.0,0.0,,1048,,
gamma-linolenic acid (18:3 n-6),1,0,4,1049.0,0.0,,1049,,
ncgc00182357-01,1,0,4,1051.0,0.0,,1051,,
hy-50878,2,0,4,1052.0,201.0,851.0,1253,,
docetaxel,2,0,4,1052.5,189.5,863.0,1242,,
BRD-K60772276,1,0,4,1053.0,0.0,,1053,,
tranilast,2,0,4,1053.0,252.0,801.0,1305,,
sb 202190,1,0,4,1054.0,0.0,,1054,,
lylamine hydrochloride,3,0,4,1054.3333333333333,532.8278854898226,1066.0,1701,396.0,
ncgc00165208-01,1,0,4,1056.0,0.0,,1056,,
nadolol,1,0,4,1057.0,0.0,,1057,,
mls-0091944.0001,1,0,4,1058.0,0.0,,1058,,
BRD-K76938712,3,0,4,1060.3333333333333,751.9948285874194,982.0,2018,181.0,
sb 205607,1,0,4,1062.0,0.0,,1062,,
hts 13363,2,0,4,1062.5,335.5,727.0,1398,,
s1148,1,0,4,1063.0,0.0,,1063,,
np-009169,2,0,4,1064.0,611.0,453.0,1675,,
BRD-K82384352,1,0,4,1065.0,0.0,,1065,,
ketorolac tromethamine,2,0,4,1065.0,234.0,831.0,1299,,
v2264,2,0,4,1065.0,68.0,997.0,1133,,
fenbufen,1,0,4,1066.0,0.0,,1066,,
fr 122047 hydrochloride,2,0,4,1067.0,556.0,511.0,1623,,
BRD-K14844937,1,0,4,1068.0,0.0,,1068,,
BRD-K30849099,1,0,4,1069.0,0.0,,1069,,
BRD-K53987746,1,0,4,1070.0,0.0,,1070,,
capsaicin,1,0,4,1071.0,0.0,,1071,,
thyroxine (l),1,0,4,1073.0,0.0,,1073,,
BRD-K74486276,1,0,4,1074.0,0.0,,1074,,
ca-074-me,1,0,4,1075.0,0.0,,1075,,
gw 3965 hydrochloride,1,0,4,1076.0,0.0,,1076,,
hki-272,2,0,4,1076.0,204.0,872.0,1280,,
pd 98059,1,0,4,1077.0,0.0,,1077,,
BRD-K16618170,1,0,4,1079.0,0.0,,1079,,
dau 5884 hydrochloride,2,0,4,1081.5,92.5,1174.0,989,,
nifedipine,2,0,4,1081.5,89.5,992.0,1171,,
BRD-K48654774,2,0,4,1082.0,184.0,898.0,1266,,
ncgc00183236-01,1,0,4,1082.0,0.0,,1082,,
GSK-690693,2,0,4,1082.5,36.5,1119.0,1046,,
eo 1428,1,0,4,1083.0,0.0,,1083,,
BRD-K28916077,2,0,4,1084.0,393.0,691.0,1477,,
penicillic acid,1,0,4,1084.0,0.0,,1084,,
st4062971,2,0,4,1084.5,441.5,643.0,1526,,
lfm-a13,1,0,4,1085.0,0.0,,1085,,
carvedilol,1,0,4,1086.0,0.0,,1086,,
tacrolimus,2,0,4,1086.0,487.0,599.0,1573,,
jak3 inhibitor v,2,0,4,1086.5,326.5,760.0,1413,,
BRD-K44781077,1,0,4,1088.0,0.0,,1088,,
stk397047,1,0,4,1089.0,0.0,,1089,,
fluspirilen,1,0,4,1090.0,0.0,,1090,,
hinokitiol,2,0,4,1090.5,323.5,767.0,1414,,
troglitazone,1,0,4,1091.0,0.0,,1091,,
cp 94253 hydrochloride,2,0,4,1091.5,8.5,1083.0,1100,,
promazine hydrochloride,2,0,4,1091.5,177.5,914.0,1269,,
fluocinolone acetonide,3,0,4,1091.6666666666667,538.7209131101392,1188.0,1698,389.0,
le 135,1,0,4,1092.0,0.0,,1092,,
cgk 733,2,0,4,1093.5,47.5,1046.0,1141,,
rimexolone,2,0,4,1093.5,352.5,741.0,1446,,
diphenyleneiodonium chloride,1,0,4,1094.0,0.0,,1094,,
dup 697,1,0,4,1095.0,0.0,,1095,,
irbesartan,1,0,4,1096.0,0.0,,1096,,
bibu 1361 dihydrochloride,2,0,4,1096.5,387.5,709.0,1484,,
ncgc00165289-01,2,0,4,1096.5,91.5,1005.0,1188,,
amoxapine,1,0,4,1098.0,0.0,,1098,,
BRD-K57080016,3,0,4,1098.3333333333333,669.5751555194449,1087.0,1924,284.0,
BRD-K59962020,2,0,4,1098.5,379.5,719.0,1478,,
BRD-K19724398,2,0,4,1099.0,91.0,1190.0,1008,,
s1057,2,0,4,1100.5,470.5,630.0,1571,,
ncgc00188535-01,3,0,4,1101.3333333333333,581.018836948415,1147.0,1789,368.0,
BRD-K54687541,2,0,4,1101.5,653.5,448.0,1755,,
2-chloroadenosine,1,0,4,1104.0,0.0,,1104,,
"haematoxylone, tetramethyl-",2,0,4,1104.0,308.0,796.0,1412,,
d0196,1,0,4,1105.0,0.0,,1105,,
lde225 (nvp-lde225),2,0,4,1105.0,239.0,866.0,1344,,
vu0420364-1,2,0,4,1105.5,648.5,457.0,1754,,
BRD-K81795824,2,0,4,1106.5,199.5,907.0,1306,,
methiothepin maleate,1,0,4,1107.0,0.0,,1107,,
"9-amino-1,2,3,4-tetrahydroacridine",1,0,4,1108.0,0.0,,1108,,
cay10618,2,0,4,1108.0,12.0,1096.0,1120,,
cdc,2,0,4,1108.0,425.0,683.0,1533,,
triclosan,3,0,4,1110.3333333333333,569.6234623757074,1198.0,1760,373.0,
BRD-K18163752,2,0,4,1110.5,218.5,892.0,1329,,
amcinonide,3,0,4,1110.6666666666667,697.1204263890772,996.0,2016,320.0,
pd 158780,1,0,4,1111.0,0.0,,1111,,
brompheniramine maleate,1,0,4,1112.0,0.0,,1112,,
BRD-K57019930,1,0,4,1113.0,0.0,,1113,,
BRD-K99582188,2,0,4,1114.0,87.0,1027.0,1201,,
sdm25n hydrochloride,1,0,4,1114.0,0.0,,1114,,
BRD-K38340366,1,0,4,1116.0,0.0,,1116,,
BRD-K94390040,2,0,4,1116.5,170.5,946.0,1287,,
olvanil,3,0,4,1117.0,695.687190241898,1082.0,1986,283.0,
BRD-K73261812,2,0,4,1117.5,64.5,1053.0,1182,,
1391-0741,2,0,4,1118.0,436.0,682.0,1554,,
clemastine fumarate,1,0,4,1118.0,0.0,,1118,,
BRD-K41845021,1,0,4,1119.0,0.0,,1119,,
BRD-K07005393,2,0,4,1121.0,392.0,729.0,1513,,
(-)-gallocatechin gallate,2,0,4,1122.0,595.0,527.0,1717,,
gr 32191 hydrochloride,2,0,4,1122.5,416.5,706.0,1539,,
BRD-K97764662,3,0,4,1123.3333333333333,726.1342085929356,1079.0,2034,257.0,
p0030,3,0,4,1124.3333333333333,597.9879225833541,1097.0,1870,406.0,
np-010155,1,0,4,1126.0,0.0,,1126,,
nsc 693868,2,0,4,1126.0,468.0,658.0,1594,,
amiodarone hydrochloride,2,0,4,1126.5,320.5,806.0,1447,,
ncgc00183696-01,3,0,4,1127.6666666666667,599.7945944701031,1114.0,1869,400.0,
isotretinoin,1,0,4,1128.0,0.0,,1128,,
prostaglandin a1,3,0,4,1128.0,653.8445279014475,1103.0,1941,340.0,
BRD-K51791390,1,0,4,1131.0,0.0,,1131,,
s1362,2,0,4,1131.0,42.0,1089.0,1173,,
BRD-K50140147,2,0,4,1132.0,207.0,925.0,1339,,
BRD-K96704648,1,0,4,1132.0,0.0,,1132,,
periplocymarin,2,0,4,1133.5,112.5,1021.0,1246,,
triflupromazine hydrochloride,2,0,4,1133.5,31.5,1165.0,1102,,
KIN001-266,1,0,4,1135.0,0.0,,1135,,
clocortolone pivalate,3,0,4,1135.6666666666667,729.249081056824,910.0,2120,377.0,
BRD-U25771771,2,0,4,1136.5,141.5,995.0,1278,,
stock2s-69948,1,0,4,1137.0,0.0,,1137,,
"2,4-dideoxy-dc-45-a2",2,0,4,1137.5,535.5,602.0,1673,,
BRD-A25337146,2,0,4,1139.0,707.0,432.0,1846,,
t5323840,2,0,4,1141.5,302.5,839.0,1444,,
BRD-K89329876,3,0,4,1142.0,668.2519484944781,1086.0,1987,353.0,
s1080,1,0,4,1142.0,0.0,,1142,,
ei-215,3,0,4,1143.6666666666667,581.6839538978381,1218.0,1816,397.0,
8-{[2-oxo-2-(1-pyrrolidinyl)ethyl]thio}quinoline,1,0,4,1144.0,0.0,,1144,,
BRD-K52075040,3,0,4,1145.3333333333333,650.1406685394238,1122.0,1953,361.0,
BRD-K20914082,1,0,4,1146.0,0.0,,1146,,
flutamide,2,0,4,1146.0,285.0,861.0,1431,,
BRD-K98731749,1,0,4,1148.0,0.0,,1148,,
cinobufagin,2,0,4,1148.0,288.0,860.0,1436,,
rimcazole dihydrochloride,2,0,4,1149.0,227.0,922.0,1376,,
stock1n-27488,2,0,4,1149.0,403.0,746.0,1552,,
BRD-K02558072,3,0,4,1149.3333333333333,610.0963494035639,1187.0,1877,384.0,
pentobarbital,2,0,4,1149.5,13.5,1136.0,1163,,
tipifarnib-p1,1,0,4,1150.0,0.0,,1150,,
mifepristone,2,0,4,1150.5,137.5,1013.0,1288,,
mrs 1220,3,0,4,1151.0,656.2931255671255,1126.0,1967,360.0,
BRD-A75931230,3,0,4,1151.3333333333333,621.8597555362105,1199.0,1888,367.0,
sulconazole nitrate,1,0,4,1152.0,0.0,,1152,,
ethyl-beta-carboline-3-carboxylate,1,0,4,1153.0,0.0,,1153,,
"tamoxifen, 4-hydroxy-, (z)-",3,0,4,1154.6666666666667,637.0768312290826,1115.0,1954,395.0,
rg-14620,1,0,4,1155.0,0.0,,1155,,
triamcinolone,2,0,4,1155.0,190.0,965.0,1345,,
granisetron,1,0,4,1156.0,0.0,,1156,,
BRD-K74761218,2,0,4,1156.5,535.5,621.0,1692,,
r2146,3,0,4,1156.6666666666667,711.9093263112155,1050.0,2077,343.0,
hy-13001,2,0,4,1157.5,179.5,978.0,1337,,
BRD-K32112425,2,0,4,1158.0,245.0,913.0,1403,,
uk 356618,1,0,4,1158.0,0.0,,1158,,
"ici-162,846",2,0,4,1159.5,528.5,631.0,1688,,
ftorafur,1,0,4,1160.0,0.0,,1160,,
BRD-K90417362,1,0,4,1161.0,0.0,,1161,,
leucine enkephalin,1,0,4,1162.0,0.0,,1162,,
chlormadinone acetate,1,0,4,1165.0,0.0,,1165,,
ncgc00167398-02,2,0,4,1166.0,894.0,272.0,2060,,
s1154,2,0,4,1166.5,176.5,990.0,1343,,
"dibutyryl-camp, sodium salt",3,0,4,1167.3333333333333,731.2935267197585,1128.0,2082,292.0,
pyrvinium pamoate,2,0,4,1168.0,8.0,1160.0,1176,,
pimozide,2,0,4,1169.0,345.0,824.0,1514,,
BRD-K06436323,1,0,4,1170.0,0.0,,1170,,
nilotinib,2,0,4,1170.5,125.5,1045.0,1296,,
BRD-K58900438,1,0,4,1174.0,0.0,,1174,,
tropisetron hcl,2,0,4,1175.0,568.0,607.0,1743,,
deguelin(-),1,0,4,1177.0,0.0,,1177,,
"methyldopa (l,-)",1,0,4,1179.0,0.0,,1179,,
ncgc00182942-03,1,0,4,1180.0,0.0,,1180,,
BRD-K32536677,1,0,4,1181.0,0.0,,1181,,
vincristine sulfate,2,0,4,1182.0,270.0,912.0,1452,,
prima-1 met,2,0,4,1183.5,367.5,816.0,1551,,
nnc 05-2090 hydrochloride,2,0,4,1184.5,155.5,1029.0,1340,,
BRD-K66555411,2,0,4,1185.0,471.0,714.0,1656,,
ag 592,2,0,4,1185.0,187.0,998.0,1372,,
nsc 95397,2,0,4,1185.0,378.0,807.0,1563,,
diflorasone diacetate,2,0,4,1185.5,277.5,908.0,1463,,
hy-10518,2,0,4,1185.5,160.5,1025.0,1346,,
l 655240,2,0,4,1185.5,367.5,818.0,1553,,
ag 9,2,0,4,1186.0,210.0,976.0,1396,,
dexamethasone,3,0,4,1190.0,675.4929064517752,1164.0,2030,376.0,
loxapine succinate,1,0,4,1190.0,0.0,,1190,,
16beta-bromoandrosterone,2,0,4,1192.0,190.0,1002.0,1382,,
amperozide,1,0,4,1192.0,0.0,,1192,,
eplerenone,1,0,4,1194.0,0.0,,1194,,
BRD-K89451433,1,0,4,1195.0,0.0,,1195,,
k784-3187,2,0,4,1195.0,521.0,674.0,1716,,
r-96544 hydrochloride,1,0,4,1196.0,0.0,,1196,,
h-9 dihydrochloride,1,0,4,1197.0,0.0,,1197,,
altrenogest,2,0,4,1197.5,64.5,1133.0,1262,,
mefexamide hydrochloride,2,0,4,1198.0,234.0,964.0,1432,,
BRD-K96076993,2,0,4,1199.0,459.0,740.0,1658,,
cucurbitacin i,2,0,4,1200.5,207.5,993.0,1408,,
BRD-K49814456,1,0,4,1202.0,0.0,,1202,,
BRD-K44276885,2,0,4,1203.0,341.0,862.0,1544,,
s1095,1,0,4,1203.0,0.0,,1203,,
indirubin-3-oxime,1,0,4,1207.0,0.0,,1207,,
ncgc00184834-01,2,0,4,1207.5,247.5,960.0,1455,,
flurandrenolide,3,0,4,1208.0,709.2291590170274,1123.0,2116,385.0,
hypericin,1,0,4,1208.0,0.0,,1208,,
zileuton,3,0,4,1208.0,645.5803590568722,1227.0,1989,408.0,
flufenamic acid,2,0,4,1208.5,321.5,887.0,1530,,
BRD-K95895342,2,0,4,1209.0,170.0,1039.0,1379,,
BRD-K57678861,1,0,4,1212.0,0.0,,1212,,
mdv3100,1,0,4,1213.0,0.0,,1213,,
l-sulforophane,2,0,4,1213.5,545.5,668.0,1759,,
clobenpropit dihydrobromide,1,0,4,1214.0,0.0,,1214,,
dibenzyline,1,0,4,1216.0,0.0,,1216,,
BRD-K61105081,2,0,4,1217.0,422.0,795.0,1639,,
BRD-K32501161,1,0,4,1218.0,0.0,,1218,,
BRD-K06750613,1,0,4,1219.0,0.0,,1219,,
desoximetasone,3,0,4,1219.6666666666667,708.75963642283,1184.0,2105,370.0,
tocainide hydrochloride,1,0,4,1221.0,0.0,,1221,,
BRD-K83194053,1,0,4,1222.0,0.0,,1222,,
mometasone furoate,3,0,4,1222.0,723.9963167493787,1142.0,2146,378.0,
piretanide,2,0,4,1222.5,522.5,700.0,1745,,
BRD-K49861754,1,0,4,1223.0,0.0,,1223,,
vu0418939-2,3,0,4,1223.0,716.0675014736157,1223.0,2100,346.0,
dilazep dihydrochloride,2,0,4,1224.5,267.5,957.0,1492,,
fenretinide,2,0,4,1225.5,222.5,1003.0,1448,,
ranitidine,2,0,4,1225.5,350.5,875.0,1576,,
lasalocid sodium salt,3,0,4,1226.0,695.771514220006,1208.0,2087,383.0,
BRD-K90430314,1,0,4,1227.0,0.0,,1227,,
799264-48-5 mls-0425609,1,0,4,1228.0,0.0,,1228,,
cay10594,2,0,4,1229.5,37.5,1192.0,1267,,
hoechst  33342 (cell permeable) (bisbenzimide),1,0,4,1231.0,0.0,,1231,,
npc 15199,3,0,4,1231.3333333333333,696.1371193155044,1217.0,2091,386.0,
cjd-fun-4-2,1,0,4,1232.0,0.0,,1232,,
BRD-K90735586,2,0,4,1233.0,495.0,738.0,1728,,
cp 93129 dihydrochloride,2,0,4,1233.0,607.0,626.0,1840,,
guanabenz acetate,1,0,4,1233.0,0.0,,1233,,
ncgc00182362-01,2,0,4,1233.5,637.5,596.0,1871,,
cgp 57380,1,0,4,1234.0,0.0,,1234,,
lofepramine,1,0,4,1236.0,0.0,,1236,,
BRD-K51683034,1,0,4,1237.0,0.0,,1237,,
pp 1,2,0,4,1239.0,158.0,1081.0,1397,,
cytosporone b,2,0,4,1239.5,170.5,1069.0,1410,,
jak3 inhibitor i,1,0,4,1240.0,0.0,,1240,,
taxifolin-(+/-),3,0,4,1240.0,739.5489616426127,1215.0,2158,347.0,
carbetapentane citrate,1,0,4,1243.0,0.0,,1243,,
salmeterol,2,0,4,1243.0,185.0,1058.0,1428,,
ag 957,2,0,4,1243.5,328.5,915.0,1572,,
bl-010,2,0,4,1243.5,171.5,1072.0,1415,,
isoflupredone acetate,3,0,4,1246.0,699.3344455027699,1212.0,2119,407.0,
1483-0018,1,0,4,1247.0,0.0,,1247,,
BRD-A58924247,1,0,4,1250.0,0.0,,1250,,
wiskostatin,2,0,4,1251.5,228.5,1023.0,1480,,
na-tosyl-phe chloromethyl ketone,2,0,4,1253.5,471.5,782.0,1725,,
brefeldin a,3,0,4,1255.0,709.9732389322854,1206.0,2148,411.0,
nemonapride,1,0,4,1255.0,0.0,,1255,,
ci 976,3,0,4,1256.0,713.2559148019734,1220.0,2147,401.0,
BRD-A81530502,2,0,4,1256.5,181.5,1075.0,1438,,
idelalisib,1,0,4,1257.0,0.0,,1257,,
kuc104131 kuc104131n,1,0,4,1258.0,0.0,,1258,,
methyltestosterone,3,0,4,1258.0,720.119897424496,1225.0,2156,393.0,
fit,2,0,4,1260.5,324.5,936.0,1585,,
BRD-K98834634,1,0,4,1263.0,0.0,,1263,,
nobiletin,2,0,4,1263.0,259.0,1004.0,1522,,
gr-231,2,0,4,1263.5,161.5,1102.0,1425,,
BRD-K94580036,2,0,4,1264.0,306.0,958.0,1570,,
medrysone,2,0,4,1264.0,140.0,1124.0,1404,,
k784-3188,2,0,4,1265.0,386.0,879.0,1651,,
px12,2,0,4,1265.0,318.0,947.0,1583,,
oxymetholone,3,0,4,1265.3333333333333,721.5027527475014,1226.0,2168,402.0,
cabergoline,1,0,4,1270.0,0.0,,1270,,
ncgc00182607-01,1,0,4,1271.0,0.0,,1271,,
D-4476,2,0,4,1272.0,352.0,920.0,1624,,
s1152,1,0,4,1272.0,0.0,,1272,,
bo2 (inhibits rad51),2,0,4,1273.0,593.0,680.0,1866,,
gr-239,1,0,4,1274.0,0.0,,1274,,
BRD-K10554164,2,0,4,1276.0,424.0,852.0,1700,,
bl-095,2,0,4,1276.0,145.0,1131.0,1421,,
fipronil,1,0,4,1276.0,0.0,,1276,,
"ici 192,605",2,0,4,1276.0,317.0,959.0,1593,,
angiogenesis inhibitor,1,0,4,1279.0,0.0,,1279,,
aminolevulinic acid,2,0,4,1280.5,75.5,1205.0,1356,,
ppt,1,0,4,1281.0,0.0,,1281,,
estradiol cypionate,1,0,4,1282.0,0.0,,1282,,
naloxone benzoylhydrazone,2,0,4,1284.0,330.0,954.0,1614,,
BRD-K19166598,2,0,4,1284.5,606.5,678.0,1891,,
c8273,2,0,4,1285.0,100.0,1185.0,1385,,
ncgc00185684-02,2,0,4,1285.5,226.5,1059.0,1512,,
diphenylcyclopropenone,1,0,4,1286.0,0.0,,1286,,
BRD-K98714523,1,0,4,1289.0,0.0,,1289,,
mls-0315872.0001,2,0,4,1289.5,572.5,717.0,1862,,
BRD-K15592317,1,0,4,1290.0,0.0,,1290,,
ei-231,2,0,4,1290.0,460.0,830.0,1750,,
oxymetazoline hydrochloride,2,0,4,1290.5,271.5,1019.0,1562,,
thiostrepton,2,0,4,1290.5,793.5,497.0,2084,,
BRD-K86472598,2,0,4,1291.5,750.5,541.0,2042,,
brazilin,2,0,4,1293.0,525.0,768.0,1818,,
clonidine hydrochloride,1,0,4,1293.0,0.0,,1293,,
thiocolchicoside,2,0,4,1293.0,581.0,712.0,1874,,
mesoridazine besylate,2,0,4,1293.5,372.5,921.0,1666,,
oxaprozin,1,0,4,1294.0,0.0,,1294,,
ibrutinib,1,0,4,1295.0,0.0,,1295,,
ncgc00183247-01,1,0,4,1297.0,0.0,,1297,,
s-8599,1,0,4,1298.0,0.0,,1298,,
BRD-K62310379 (fluticasone propionate),2,0,4,1298.5,192.5,1106.0,1491,,
metoclopramide monohydrochloride,1,0,4,1300.0,0.0,,1300,,
s1005,2,0,4,1300.5,486.5,814.0,1787,,
s1042,2,0,4,1300.5,376.5,924.0,1677,,
sappanone a trimethyl ether,1,0,4,1301.0,0.0,,1301,,
caffeic acid phenethyl ester,2,0,4,1301.5,295.5,1006.0,1597,,
BRD-K23149109,1,0,4,1302.0,0.0,,1302,,
"nf-kb activation inhibitor ii, jsh-23",2,0,4,1302.5,332.5,970.0,1635,,
BRD-K28366633,2,0,4,1305.0,608.0,697.0,1913,,
cvf-csc-7 brd-a32595718,1,0,4,1307.0,0.0,,1307,,
BRD-K67010098,1,0,4,1309.0,0.0,,1309,,
BRD-K71172276,2,0,4,1309.0,279.0,1030.0,1588,,
prestw-550,2,0,4,1309.0,515.0,794.0,1824,,
herniarin,2,0,4,1309.5,424.5,885.0,1734,,
BRD-K15916856,2,0,4,1312.0,296.0,1016.0,1608,,
BRD-K34092011,1,0,4,1312.0,0.0,,1312,,
fti-276 trifluoroacetate,1,0,4,1313.0,0.0,,1313,,
isoliquiritigenin,2,0,4,1313.0,485.0,828.0,1798,,
oxindole i,1,0,4,1315.0,0.0,,1315,,
BRD-K14939371,1,0,4,1319.0,0.0,,1319,,
BRD-K61776140,1,0,4,1321.0,0.0,,1321,,
rho kinase inhibitor iii [rockout],2,0,4,1322.5,520.5,802.0,1843,,
erk inhibitor 11e,2,0,4,1324.0,540.0,784.0,1864,,
vidarabine,1,0,4,1324.0,0.0,,1324,,
ncgc00242296-02,2,0,4,1324.5,598.5,726.0,1923,,
BRD-K15318909,1,0,4,1325.0,0.0,,1325,,
gibberellic acid,2,0,4,1325.5,508.5,817.0,1834,,
"w-12, hydrochloride",1,0,4,1326.0,0.0,,1326,,
vu0415533-1,1,0,4,1327.0,0.0,,1327,,
BRD-K26300881,1,0,4,1330.0,0.0,,1330,,
BRD-K02641134,1,0,4,1331.0,0.0,,1331,,
BRD-K60690191,1,0,4,1332.0,0.0,,1332,,
BRD-K84677391,2,0,4,1332.0,388.0,944.0,1720,,
hy-11067,1,0,4,1333.0,0.0,,1333,,
BRD-K60895275,1,0,4,1334.0,0.0,,1334,,
s1017,2,0,4,1334.5,257.5,1077.0,1592,,
thioproperazine dimesylate,2,0,4,1338.0,395.0,943.0,1733,,
BRD-A68065211,2,0,4,1340.0,443.0,897.0,1783,,
epicatechin monogallate,1,0,4,1341.0,0.0,,1341,,
fluorometholone,1,0,4,1342.0,0.0,,1342,,
BRD-K10906552,2,0,4,1345.0,758.0,587.0,2103,,
bg fa 0953,2,0,4,1345.5,412.5,933.0,1758,,
hydrocortisone valerate,1,0,4,1347.0,0.0,,1347,,
wr 216174,2,0,4,1347.5,649.5,698.0,1997,,
structure possibly contains amino acid derivative which is not supported in current version!,1,0,4,1350.0,0.0,,1350,,
m-3m3fbs,2,0,4,1351.5,337.5,1014.0,1689,,
BRD-K34294489,1,0,4,1354.0,0.0,,1354,,
depo-medrol,2,0,4,1354.0,423.0,931.0,1777,,
s1297,2,0,4,1354.0,318.0,1036.0,1672,,
km03472sc,1,0,4,1355.0,0.0,,1355,,
st4029573,2,0,4,1355.0,523.0,832.0,1878,,
topotecan hcl,2,0,4,1355.5,308.5,1047.0,1664,,
BRD-K78373679,1,0,4,1357.0,0.0,,1357,,
calcitriol,1,0,4,1358.0,0.0,,1358,,
11k-629s,1,0,4,1359.0,0.0,,1359,,
s1022,2,0,4,1360.5,598.5,762.0,1959,,
gr-108,2,0,4,1362.0,186.0,1176.0,1548,,
s1140,1,0,4,1364.0,0.0,,1364,,
mls-0425618,1,0,4,1365.0,0.0,,1365,,
prednicarbate,2,0,4,1368.0,525.0,843.0,1893,,
peitc,1,0,4,1369.0,0.0,,1369,,
mdm2 inhibitor,1,0,4,1370.0,0.0,,1370,,
BRD-K59470558,1,0,4,1371.0,0.0,,1371,,
trequinsin hydrochloride,1,0,4,1373.0,0.0,,1373,,
ezetimibe,1,0,4,1374.0,0.0,,1374,,
BRD-K37021324,1,0,4,1375.0,0.0,,1375,,
"n,n-hexamethyleneamiloride",2,0,4,1375.5,243.5,1132.0,1619,,
norethynodrel,2,0,4,1375.5,510.5,865.0,1886,,
zd 7155 hydrochloride,2,0,4,1376.0,271.0,1105.0,1647,,
lonidamine,2,0,4,1377.0,184.0,1193.0,1561,,
d3943,1,0,4,1380.0,0.0,,1380,,
methylprednisolone,2,0,4,1380.0,457.0,923.0,1837,,
BRD-U68942961,2,0,4,1380.5,183.5,1197.0,1564,,
BRD-A90643929,1,0,4,1381.0,0.0,,1381,,
s1019,2,0,4,1381.0,215.0,1166.0,1596,,
mefenamic acid,1,0,4,1383.0,0.0,,1383,,
BRD-K19540840,2,0,4,1384.0,513.0,871.0,1897,,
anpirtoline hydrochloride,1,0,4,1384.0,0.0,,1384,,
BRD-K45399554,2,0,4,1384.5,276.5,1108.0,1661,,
s1064,1,0,4,1386.0,0.0,,1386,,
nisoldipine,2,0,4,1389.5,515.5,874.0,1905,,
BRD-A40431293,2,0,4,1390.0,555.0,835.0,1945,,
BRD-K04695623,1,0,4,1390.0,0.0,,1390,,
BRD-K86761848,1,0,4,1391.0,0.0,,1391,,
BRD-K86899078,1,0,4,1392.0,0.0,,1392,,
icilin,1,0,4,1393.0,0.0,,1393,,
BRD-K53592093,2,0,4,1394.0,614.0,780.0,2008,,
fluocinonide,2,0,4,1394.5,557.5,837.0,1952,,
lawsone,2,0,4,1395.0,361.0,1034.0,1756,,
u0126,1,0,4,1395.0,0.0,,1395,,
BRD-K93215584,2,0,4,1396.5,462.5,934.0,1859,,
BRD-K09854848,2,0,4,1397.5,557.5,840.0,1955,,
donepezil hydrochloride,2,0,4,1398.5,615.5,783.0,2014,,
skatole,2,0,4,1399.5,274.5,1125.0,1674,,
BRD-K33045404,2,0,4,1400.0,507.0,893.0,1907,,
s1169,2,0,4,1400.5,389.5,1011.0,1790,,
hy-70061,1,0,4,1401.0,0.0,,1401,,
jzl-184,2,0,4,1403.5,578.5,825.0,1982,,
leoidin dimethyl ether,1,0,4,1406.0,0.0,,1406,,
BRD-K21672423,2,0,4,1410.5,637.5,773.0,2048,,
prednisolone acetate,1,0,4,1411.0,0.0,,1411,,
felamidin,2,0,4,1411.5,432.5,979.0,1844,,
BRD-K07061353,2,0,4,1414.0,496.0,918.0,1910,,
pz0004,2,0,4,1414.0,519.0,895.0,1933,,
s1040,2,0,4,1414.0,399.0,1015.0,1813,,
BRD-A05565054,2,0,4,1416.0,431.0,985.0,1847,,
retinoic acid,2,0,4,1417.0,405.0,1012.0,1822,,
BRD-K08448573,1,0,4,1418.0,0.0,,1418,,
BRD-K55844427,2,0,4,1419.0,217.0,1202.0,1636,,
BRD-K56653679,2,0,4,1419.5,575.5,844.0,1995,,
BRD-K29143967,1,0,4,1422.0,0.0,,1422,,
nocodazole,2,0,4,1422.5,264.5,1158.0,1687,,
BRD-K67470788,1,0,4,1424.0,0.0,,1424,,
19-norethindrone,2,0,4,1425.5,270.5,1155.0,1696,,
BRD-A80574334,1,0,4,1426.0,0.0,,1426,,
skf 81297 hydrobromide,1,0,4,1427.0,0.0,,1427,,
tivozanib,2,0,4,1428.5,472.5,956.0,1901,,
BRD-A16820783,1,0,4,1429.0,0.0,,1429,,
BRD-K52678950,2,0,4,1429.0,489.0,940.0,1918,,
BRD-K86027709,1,0,4,1430.0,0.0,,1430,,
s1142,2,0,4,1431.0,444.0,987.0,1875,,
BRD-K07395346,1,0,4,1433.0,0.0,,1433,,
BRD-K06765193,1,0,4,1434.0,0.0,,1434,,
"ici-185,282",1,0,4,1435.0,0.0,,1435,,
BRD-K01868942,2,0,4,1436.5,358.5,1078.0,1795,,
hydrocortisone hemisuccinate,2,0,4,1437.0,420.0,1017.0,1857,,
nrb 03823,2,0,4,1438.5,282.5,1156.0,1721,,
z-leu3-vs,2,0,4,1439.5,543.5,896.0,1983,,
chloroguanide hydrochloride,1,0,4,1440.0,0.0,,1440,,
BRD-K91836367,1,0,4,1441.0,0.0,,1441,,
bml-257,2,0,4,1441.0,551.0,890.0,1992,,
palda,2,0,4,1441.0,489.0,952.0,1930,,
BRD-K89558221,1,0,4,1442.0,0.0,,1442,,
"betamethasone 17,21-dipropionate",2,0,4,1442.0,469.0,973.0,1911,,
sertraline hydrochloride,2,0,4,1442.0,322.0,1120.0,1764,,
BRD-K02920722,1,0,4,1445.0,0.0,,1445,,
mw-a1-12,2,0,4,1448.5,513.5,935.0,1962,,
s-250,1,0,4,1450.0,0.0,,1450,,
BRD-A80960055,1,0,4,1451.0,0.0,,1451,,
ncgc00188740-01,2,0,4,1451.0,360.0,1091.0,1811,,
BRD-K35716340,2,0,4,1452.0,228.0,1224.0,1680,,
BRD-K65955264,2,0,4,1452.5,510.5,942.0,1963,,
nylidrin hydrochloride,1,0,4,1454.0,0.0,,1454,,
spb02303,1,0,4,1456.0,0.0,,1456,,
BRD-A49848186,2,0,4,1458.0,701.0,757.0,2159,,
BRD-K97274161,1,0,4,1459.0,0.0,,1459,,
gr 55562 dihydrochloride,2,0,4,1459.0,492.0,967.0,1951,,
BRD-A15010982,2,0,4,1460.0,339.0,1121.0,1799,,
BRD-K23673040,1,0,4,1461.0,0.0,,1461,,
BRD-K80786583,2,0,4,1461.0,258.0,1203.0,1719,,
BRD-K28180706,1,0,4,1462.0,0.0,,1462,,
s1003,2,0,4,1462.5,312.5,1150.0,1775,,
niguldipine hydrochloride,2,0,4,1463.5,301.5,1162.0,1765,,
mead acid (20:3 n-9),2,0,4,1465.0,411.0,1054.0,1876,,
ncgc00182390-01,1,0,4,1467.0,0.0,,1467,,
sibutramine hcl,1,0,4,1469.0,0.0,,1469,,
BRD-A43155244,1,0,4,1470.0,0.0,,1470,,
bithionate sodium,2,0,4,1471.0,361.0,1110.0,1832,,
stock3s-04022,1,0,4,1472.0,0.0,,1472,,
t6129388,1,0,4,1473.0,0.0,,1473,,
(-)-cotinine,1,0,4,1474.0,0.0,,1474,,
BRD-U73238814,2,0,4,1477.5,373.5,1104.0,1851,,
BRD-K88278225,2,0,4,1479.0,389.0,1090.0,1868,,
c247,1,0,4,1479.0,0.0,,1479,,
estradiol,2,0,4,1480.5,577.5,903.0,2058,,
BRD-K31841256,1,0,4,1481.0,0.0,,1481,,
BRD-K77547920,2,0,4,1481.5,455.5,1026.0,1937,,
ftt,2,0,4,1482.0,511.0,971.0,1993,,
mestanolone,2,0,4,1482.5,296.5,1186.0,1779,,
BRD-K51189903,1,0,4,1483.0,0.0,,1483,,
BRD-K14788918,2,0,4,1484.0,341.0,1143.0,1825,,
BRD-K49865102,1,0,4,1485.0,0.0,,1485,,
x0379,2,0,4,1485.5,308.5,1177.0,1794,,
e0886,1,0,4,1486.0,0.0,,1486,,
BRD-K18595892,1,0,4,1487.0,0.0,,1487,,
pz0013,2,0,4,1487.0,501.0,986.0,1988,,
BRD-K19181733,2,0,4,1488.0,275.0,1213.0,1763,,
s1176,1,0,4,1488.0,0.0,,1488,,
dihydrosamidin,1,0,4,1489.0,0.0,,1489,,
chlorprothixene hydrochloride,2,0,4,1492.0,309.0,1183.0,1801,,
BRD-K80348542,2,0,4,1492.5,483.5,1009.0,1976,,
TAK-715,1,0,4,1493.0,0.0,,1493,,
ketoprofen,2,0,4,1493.0,433.0,1060.0,1926,,
alfadolone acetate,1,0,4,1497.0,0.0,,1497,,
ncgc00181799-01,2,0,4,1497.0,399.0,1098.0,1896,,
BRD-K13665914,1,0,4,1498.0,0.0,,1498,,
BRD-K95760042,1,0,4,1500.0,0.0,,1500,,
a-275,2,0,4,1501.0,510.0,991.0,2011,,
BRD-A84524947,1,0,4,1503.0,0.0,,1503,,
cgp 37157,2,0,4,1503.0,447.0,1056.0,1950,,
flumethasone,2,0,4,1503.0,481.0,1022.0,1984,,
verapamil hydrochloride,1,0,4,1504.0,0.0,,1504,,
BRD-A68061604,2,0,4,1505.0,461.0,1044.0,1966,,
ursolic acid,2,0,4,1505.5,522.5,983.0,2028,,
luteolin,2,0,4,1506.0,426.0,1080.0,1932,,
stk249718,1,0,4,1506.0,0.0,,1506,,
olopatadine hydrochloride,1,0,4,1508.0,0.0,,1508,,
h-8,1,0,4,1509.0,0.0,,1509,,
BRD-K93578426,2,0,4,1511.0,581.0,930.0,2092,,
ncgc00011606-02,1,0,4,1511.0,0.0,,1511,,
BRD-K89224880,2,0,4,1515.5,344.5,1171.0,1860,,
BRD-K55722623,1,0,4,1516.0,0.0,,1516,,
BRD-K91145395,2,0,4,1517.0,336.0,1181.0,1853,,
budesonide,2,0,4,1517.5,446.5,1071.0,1964,,
guggulsterone,1,0,4,1518.0,0.0,,1518,,
prednisolone,2,0,4,1518.5,373.5,1145.0,1892,,
xylazine,1,0,4,1519.0,0.0,,1519,,
gr-103,2,0,4,1520.5,469.5,1051.0,1990,,
puromycin dihydrochloride,2,0,4,1521.0,481.0,1040.0,2002,,
tpl2,1,0,4,1521.0,0.0,,1521,,
triamcinolone diacetate,2,0,4,1521.5,483.5,1038.0,2005,,
kuc104488 kuc104488n,1,0,4,1523.0,0.0,,1523,,
BRD-K45818044,2,0,4,1524.5,496.5,1028.0,2021,,
exemestane,2,0,4,1524.5,314.5,1210.0,1839,,
BRD-K09186807,1,0,4,1525.0,0.0,,1525,,
BRD-K99633092,1,0,4,1528.0,0.0,,1528,,
yc-1,1,0,4,1529.0,0.0,,1529,,
ncgc00180994-01,1,0,4,1532.0,0.0,,1532,,
bl-009,2,0,4,1533.0,361.0,1172.0,1894,,
BRD-K81609421,1,0,4,1534.0,0.0,,1534,,
rifapentine,1,0,4,1536.0,0.0,,1536,,
BRD-K02458594,1,0,4,1540.0,0.0,,1540,,
s1011,2,0,4,1540.5,440.5,1100.0,1981,,
BRD-K69852452,2,0,4,1541.0,471.0,1070.0,2012,,
st4049616,1,0,4,1541.0,0.0,,1541,,
at-csc-18 brd-k01121114,1,0,4,1543.0,0.0,,1543,,
BRD-A59145032,2,0,4,1544.0,537.0,1007.0,2081,,
sib 1757,1,0,4,1545.0,0.0,,1545,,
ossk 647368,2,0,4,1547.0,418.0,1129.0,1965,,
s1527,2,0,4,1547.5,431.5,1116.0,1979,,
brl 54443,1,0,4,1549.0,0.0,,1549,,
BRD-K51454562,2,0,4,1553.5,416.5,1137.0,1970,,
ncgc00012508-02,2,0,4,1553.5,559.5,994.0,2113,,
BRD-K31491153,2,0,4,1554.5,499.5,1055.0,2054,,
m9948,2,0,4,1554.5,502.5,1052.0,2057,,
nelfinavir,1,0,4,1555.0,0.0,,1555,,
cosmosiin,2,0,4,1556.0,438.0,1118.0,1994,,
sb 239063,1,0,4,1556.0,0.0,,1556,,
hy-10159,2,0,4,1557.5,378.5,1179.0,1936,,
BRD-K96704748,1,0,4,1558.0,0.0,,1558,,
alfacalcidol,1,0,4,1559.0,0.0,,1559,,
BRD-K61413806,1,0,4,1565.0,0.0,,1565,,
jtc 801,2,0,4,1565.5,351.5,1214.0,1917,,
BRD-A81282034,1,0,4,1566.0,0.0,,1566,,
heat hydrochloride,1,0,4,1567.0,0.0,,1567,,
nsc 632839 hydrochloride,2,0,4,1568.5,484.5,1084.0,2053,,
protein tyrosine phosphatase inhibitor iv,2,0,4,1570.5,522.5,1048.0,2093,,
verteporfin,2,0,4,1570.5,348.5,1222.0,1919,,
BRD-A41250203,2,0,4,1571.5,478.5,1093.0,2050,,
penfluridol,2,0,4,1571.5,376.5,1195.0,1948,,
BRD-K27630941,2,0,4,1572.0,438.0,1134.0,2010,,
BRD-U43867373,1,0,4,1574.0,0.0,,1574,,
ncgc00182364-01,1,0,4,1575.0,0.0,,1575,,
BRD-K03736784,2,0,4,1577.5,420.5,1157.0,1998,,
st4070169,1,0,4,1579.0,0.0,,1579,,
mek1/2 inhibitor,1,0,4,1582.0,0.0,,1582,,
BRD-K05104363,1,0,4,1584.0,0.0,,1584,,
gr-237,2,0,4,1584.0,363.0,1221.0,1947,,
ei-346,2,0,4,1588.5,410.5,1178.0,1999,,
BRD-K97534490,1,0,4,1589.0,0.0,,1589,,
fluticasone propionate,2,0,4,1593.5,426.5,1167.0,2020,,
halometasone,2,0,4,1594.0,485.0,1109.0,2079,,
s1175,2,0,4,1595.5,456.5,1139.0,2052,,
s6005,1,0,4,1599.0,0.0,,1599,,
BRD-K71935468,1,0,4,1601.0,0.0,,1601,,
n-benzylnaltrindole hydrochloride,2,0,4,1601.5,457.5,1144.0,2059,,
auraptene,2,0,4,1602.0,462.0,1140.0,2064,,
BRD-A63583287,2,0,4,1602.5,541.5,1061.0,2144,,
rs 504393,1,0,4,1603.0,0.0,,1603,,
mls-0435555.0001,2,0,4,1603.5,462.5,1141.0,2066,,
syk inhibitor,2,0,4,1605.0,442.0,1163.0,2047,,
y27632,2,0,4,1605.0,504.0,1101.0,2109,,
"l-750,667",1,0,4,1606.0,0.0,,1606,,
BRD-A43640821,1,0,4,1607.0,0.0,,1607,,
anisomycin,2,0,4,1608.0,428.0,1180.0,2036,,
BRD-A37735495,1,0,4,1609.0,0.0,,1609,,
s1035,1,0,4,1610.0,0.0,,1610,,
sulfisoxazole,2,0,4,1610.0,451.0,1159.0,2061,,
testosterone,2,0,4,1610.5,440.5,1170.0,2051,,
tretinoin,1,0,4,1611.0,0.0,,1611,,
BRD-A18725729,2,0,4,1612.5,460.5,1152.0,2073,,
sulfamethazine sodium salt,1,0,4,1615.0,0.0,,1615,,
BRD-K70748405,1,0,4,1617.0,0.0,,1617,,
BRD-K65342895,1,0,4,1618.0,0.0,,1618,,
BRD-K02216544,2,0,4,1620.0,451.0,1169.0,2071,,
aloisine a,1,0,4,1620.0,0.0,,1620,,
chloroxine,2,0,4,1622.0,403.0,1219.0,2025,,
metoprolol tartrate,1,0,4,1622.0,0.0,,1622,,
hy-11066,1,0,4,1625.0,0.0,,1625,,
flucytosine,1,0,4,1626.0,0.0,,1626,,
hexylcaine hydrochloride,1,0,4,1627.0,0.0,,1627,,
triprolidine hydrochloride,1,0,4,1629.0,0.0,,1629,,
fenobam,2,0,4,1629.5,413.5,1216.0,2043,,
aripiprazole,1,0,4,1630.0,0.0,,1630,,
jlk 6,1,0,4,1631.0,0.0,,1631,,
BRD-K31706415,1,0,4,1632.0,0.0,,1632,,
hy-11004,1,0,4,1634.0,0.0,,1634,,
ncgc00182392-01,1,0,4,1638.0,0.0,,1638,,
emetine hydrochloride,2,0,4,1638.5,429.5,1209.0,2068,,
np-000732,1,0,4,1640.0,0.0,,1640,,
t5345967,2,0,4,1641.0,490.0,1151.0,2131,,
valproic acid,1,0,4,1641.0,0.0,,1641,,
BRD-K07023879,1,0,4,1642.0,0.0,,1642,,
gw 583340 dihydrochloride,2,0,4,1642.5,474.5,1168.0,2117,,
pronethalol hydrochloride,1,0,4,1645.0,0.0,,1645,,
ncgc00182382-01,1,0,4,1646.0,0.0,,1646,,
fluvoxamine maleate,1,0,4,1648.0,0.0,,1648,,
BRD-K16533489,2,0,4,1648.5,473.5,1175.0,2122,,
propyl-beta-carboline-3-carboxylate,2,0,4,1648.5,502.5,1146.0,2151,,
ei-332,1,0,4,1649.0,0.0,,1649,,
BRD-K32896438,2,0,4,1651.5,462.5,1189.0,2114,,
BRD-K14749055,1,0,4,1653.0,0.0,,1653,,
triacsin-c,1,0,4,1654.0,0.0,,1654,,
clofibric acid,1,0,4,1655.0,0.0,,1655,,
prozac,1,0,4,1659.0,0.0,,1659,,
zardaverine,2,0,4,1659.0,505.0,1154.0,2164,,
azacytidine-5,2,0,4,1659.5,463.5,1196.0,2123,,
amlodipine base,1,0,4,1660.0,0.0,,1660,,
norpramin,1,0,4,1663.0,0.0,,1663,,
BRD-K45842176,2,0,4,1664.0,470.0,1194.0,2134,,
hydroxychloroquine sulfate,2,0,4,1665.0,464.0,1201.0,2129,,
"l-701,324",1,0,4,1667.0,0.0,,1667,,
BRD-K69888333,1,0,4,1668.0,0.0,,1668,,
estradiol benzoate,1,0,4,1669.0,0.0,,1669,,
r(+)-skf-81297,1,0,4,1671.0,0.0,,1671,,
BRD-K02174945,2,0,4,1672.0,490.0,1182.0,2162,,
iproniazide phosphate,2,0,4,1674.5,474.5,1200.0,2149,,
BRD-U64289953,2,0,4,1676.0,485.0,1191.0,2161,,
ncgc00167094-01,1,0,4,1676.0,0.0,,1676,,
sb 216641 hydrochloride,2,0,4,1676.0,465.0,1211.0,2141,,
methyl benzethonium chloride,1,0,4,1678.0,0.0,,1678,,
BRD-A12633378,1,0,4,1679.0,0.0,,1679,,
w-9 hydrochloride,1,0,4,1682.0,0.0,,1682,,
BRD-K45205755,1,0,4,1684.0,0.0,,1684,,
dicyclomine hydrochloride,1,0,4,1685.0,0.0,,1685,,
BRD-K11758216,1,0,4,1686.0,0.0,,1686,,
nu7026,1,0,4,1690.0,0.0,,1690,,
torasemide,1,0,4,1691.0,0.0,,1691,,
BRD-K46373671,1,0,4,1693.0,0.0,,1693,,
norethindrone acetate,1,0,4,1694.0,0.0,,1694,,
ncgc00182371-01,1,0,4,1697.0,0.0,,1697,,
BRD-K52080565,2,0,4,1698.5,470.5,1228.0,2169,,
RG-108,1,0,4,1699.0,0.0,,1699,,
terbutaline hemisulfate,1,0,4,1703.0,0.0,,1703,,
cmpd-1,1,0,4,1705.0,0.0,,1705,,
BRD-A67438293,1,0,4,1708.0,0.0,,1708,,
BRD-K30993697,1,0,4,1709.0,0.0,,1709,,
BRD-K05331696,1,0,4,1710.0,0.0,,1710,,
bambuterol hydrochloride,1,0,4,1711.0,0.0,,1711,,
gr-109,1,0,4,1712.0,0.0,,1712,,
mls-0091943.0001,1,0,4,1718.0,0.0,,1718,,
dcebio,1,0,4,1723.0,0.0,,1723,,
BRD-K73155123,1,0,4,1724.0,0.0,,1724,,
medroxyprogesterone 17-acetate,1,0,4,1726.0,0.0,,1726,,
BRD-K20492338,1,0,4,1727.0,0.0,,1727,,
BRD-K27169919,1,0,4,1729.0,0.0,,1729,,
ncgc00187945-01,1,0,4,1730.0,0.0,,1730,,
dapt,1,0,4,1731.0,0.0,,1731,,
b4313,1,0,4,1735.0,0.0,,1735,,
BRD-K39345836,1,0,4,1737.0,0.0,,1737,,
ptb1,1,0,4,1738.0,0.0,,1738,,
pdgf receptor tyrosine kinase inhibitor i,1,0,4,1739.0,0.0,,1739,,
stock1s-53863,1,0,4,1740.0,0.0,,1740,,
prunetin,1,0,4,1742.0,0.0,,1742,,
biperiden hydrochloride,1,0,4,1747.0,0.0,,1747,,
BRD-K05549170,1,0,4,1748.0,0.0,,1748,,
s2001,1,0,4,1749.0,0.0,,1749,,
az 10417808,1,0,4,1752.0,0.0,,1752,,
nonoxynol-9,1,0,4,1757.0,0.0,,1757,,
rutin,1,0,4,1761.0,0.0,,1761,,
s1014,1,0,4,1762.0,0.0,,1762,,
OSI-930,1,0,4,1766.0,0.0,,1766,,
ml 3163,1,0,4,1767.0,0.0,,1767,,
BRD-K20514654,1,0,4,1768.0,0.0,,1768,,
butein,1,0,4,1769.0,0.0,,1769,,
ncgc00182393-01,1,0,4,1770.0,0.0,,1770,,
g5797,1,0,4,1771.0,0.0,,1771,,
BRD-K80346834,1,0,4,1774.0,0.0,,1774,,
BRD-A26199074,1,0,4,1776.0,0.0,,1776,,
BRD-A80536908,1,0,4,1778.0,0.0,,1778,,
BRD-K72703948,1,0,4,1780.0,0.0,,1780,,
indirubin-3?-monoxime,1,0,4,1782.0,0.0,,1782,,
np-004121,1,0,4,1784.0,0.0,,1784,,
kf 38789,1,0,4,1785.0,0.0,,1785,,
meprylcaine hydrochloride,1,0,4,1786.0,0.0,,1786,,
BRD-K60757524,1,0,4,1788.0,0.0,,1788,,
sdz nkt 343,1,0,4,1791.0,0.0,,1791,,
ag 825,1,0,4,1792.0,0.0,,1792,,
ncgc00182361-01,1,0,4,1796.0,0.0,,1796,,
BRD-A98444709,1,0,4,1797.0,0.0,,1797,,
ncgc00182378-01,1,0,4,1800.0,0.0,,1800,,
am 281,1,0,4,1802.0,0.0,,1802,,
necrostatin-1,1,0,4,1803.0,0.0,,1803,,
BRD-K23582869,1,0,4,1804.0,0.0,,1804,,
solanine alpha,1,0,4,1805.0,0.0,,1805,,
BRD-K86231656,1,0,4,1806.0,0.0,,1806,,
levetiracetam,1,0,4,1807.0,0.0,,1807,,
obaa,1,0,4,1808.0,0.0,,1808,,
BRD-A94793051,1,0,4,1809.0,0.0,,1809,,
ethisterone,1,0,4,1810.0,0.0,,1810,,
ncgc00242337-01,1,0,4,1812.0,0.0,,1812,,
BRD-K91509126 (piceatannol),1,0,4,1814.0,0.0,,1814,,
BRD-K79390395,1,0,4,1817.0,0.0,,1817,,
karakoline,1,0,4,1819.0,0.0,,1819,,
BRD-K07877311,1,0,4,1820.0,0.0,,1820,,
BRD-A00420644,1,0,4,1821.0,0.0,,1821,,
BRD-A68739437,1,0,4,1823.0,0.0,,1823,,
BRD-K72307842,1,0,4,1826.0,0.0,,1826,,
s1352,1,0,4,1827.0,0.0,,1827,,
fu jmbii105b,1,0,4,1828.0,0.0,,1828,,
betamethasone acetate,1,0,4,1829.0,0.0,,1829,,
BRD-K34508425,1,0,4,1830.0,0.0,,1830,,
BRD-K16541732,1,0,4,1831.0,0.0,,1831,,
BRD-K16057611,1,0,4,1833.0,0.0,,1833,,
doxapram,1,0,4,1836.0,0.0,,1836,,
ncgc00182353-01,1,0,4,1838.0,0.0,,1838,,
BRD-K03857568,1,0,4,1841.0,0.0,,1841,,
ticlopidine hydrochloride,1,0,4,1845.0,0.0,,1845,,
remacemide hydrochloride,1,0,4,1848.0,0.0,,1848,,
cgs 9343b,1,0,4,1850.0,0.0,,1850,,
elesclomol,1,0,4,1852.0,0.0,,1852,,
BRD-K64366758,1,0,4,1856.0,0.0,,1856,,
BRD-K14880289,1,0,4,1858.0,0.0,,1858,,
BRD-K53610452,1,0,4,1861.0,0.0,,1861,,
BRD-K58618158,1,0,4,1863.0,0.0,,1863,,
hyperoside,1,0,4,1865.0,0.0,,1865,,
BRD-K90543092,1,0,4,1867.0,0.0,,1867,,
BRD-K34387287,1,0,4,1872.0,0.0,,1872,,
ei-155,1,0,4,1873.0,0.0,,1873,,
ncgc00241732-01,1,0,4,1879.0,0.0,,1879,,
bl-077,1,0,4,1880.0,0.0,,1880,,
BRD-K91047982,1,0,4,1881.0,0.0,,1881,,
BRD-K05452595,1,0,4,1882.0,0.0,,1882,,
BRD-K98173387,1,0,4,1883.0,0.0,,1883,,
BRD-A18411371,1,0,4,1884.0,0.0,,1884,,
ncgc00242340-01,1,0,4,1885.0,0.0,,1885,,
trimipramine maleate salt,1,0,4,1887.0,0.0,,1887,,
rizatriptan benzoate,1,0,4,1889.0,0.0,,1889,,
gw 441756,1,0,4,1890.0,0.0,,1890,,
way 213613,1,0,4,1895.0,0.0,,1895,,
ncgc00012272-02,1,0,4,1898.0,0.0,,1898,,
moban,1,0,4,1900.0,0.0,,1900,,
mefloquine,1,0,4,1902.0,0.0,,1902,,
BRD-K77547509,1,0,4,1903.0,0.0,,1903,,
indirubin,1,0,4,1904.0,0.0,,1904,,
BRD-K75128590,1,0,4,1906.0,0.0,,1906,,
hy-10966,1,0,4,1908.0,0.0,,1908,,
kb-r7943 mesylate,1,0,4,1909.0,0.0,,1909,,
BRD-K79491139,1,0,4,1912.0,0.0,,1912,,
disulfiram,1,0,4,1914.0,0.0,,1914,,
ribavirin,1,0,4,1915.0,0.0,,1915,,
BRD-K08463963,1,0,4,1916.0,0.0,,1916,,
BRD-K79554012,1,0,4,1920.0,0.0,,1920,,
"fluphenazine-n-2-chloroethane, dihydrochloride",1,0,4,1921.0,0.0,,1921,,
tegaserod,1,0,4,1922.0,0.0,,1922,,
rs 102895 hydrochloride,1,0,4,1925.0,0.0,,1925,,
thonzonium bromide,1,0,4,1927.0,0.0,,1927,,
BRD-K42489623,1,0,4,1928.0,0.0,,1928,,
"chrysene-1,4-quinone",1,0,4,1929.0,0.0,,1929,,
BRD-K14027855,1,0,4,1931.0,0.0,,1931,,
bl-081,1,0,4,1934.0,0.0,,1934,,
beclomethasone dipropionate,1,0,4,1935.0,0.0,,1935,,
BRD-K64058329,1,0,4,1938.0,0.0,,1938,,
BRD-K88868628,1,0,4,1939.0,0.0,,1939,,
valyltryptophan,1,0,4,1940.0,0.0,,1940,,
BRD-A93393712,1,0,4,1942.0,0.0,,1942,,
tl hras24 brd-k93060291,1,0,4,1944.0,0.0,,1944,,
delta1-hydrocortisone 21-hemisuccinate,1,0,4,1946.0,0.0,,1946,,
mls-0425590.0001,1,0,4,1949.0,0.0,,1949,,
BRD-A50774520,1,0,4,1956.0,0.0,,1956,,
rifabutin,1,0,4,1957.0,0.0,,1957,,
BRD-K26818574,1,0,4,1958.0,0.0,,1958,,
tolazamide,1,0,4,1961.0,0.0,,1961,,
helveticoside,1,0,4,1968.0,0.0,,1968,,
sb 205384,1,0,4,1969.0,0.0,,1969,,
pterostilbene,1,0,4,1971.0,0.0,,1971,,
BRD-K58347372,1,0,4,1972.0,0.0,,1972,,
finasteride,1,0,4,1973.0,0.0,,1973,,
BRD-K70918941,1,0,4,1974.0,0.0,,1974,,
brivanib,1,0,4,1975.0,0.0,,1975,,
BRD-K62970326,1,0,4,1978.0,0.0,,1978,,
np-004102,1,0,4,1980.0,0.0,,1980,,
pizotyline malate,1,0,4,1985.0,0.0,,1985,,
citalopram hydrobromide,1,0,4,1991.0,0.0,,1991,,
cilnidipine,1,0,4,2000.0,0.0,,2000,,
levonorgestrel,1,0,4,2001.0,0.0,,2001,,
vindesine,1,0,4,2003.0,0.0,,2003,,
diflunisal,1,0,4,2004.0,0.0,,2004,,
s1252,1,0,4,2006.0,0.0,,2006,,
BRD-A83124583,1,0,4,2007.0,0.0,,2007,,
spironolactone,1,0,4,2009.0,0.0,,2009,,
BRD-A11929187,1,0,4,2013.0,0.0,,2013,,
skf 86002 dihydrochloride,1,0,4,2015.0,0.0,,2015,,
BRD-K41925105,1,0,4,2017.0,0.0,,2017,,
pyrrolidinedithiocarbamate ammonium,1,0,4,2019.0,0.0,,2019,,
clomid,1,0,4,2022.0,0.0,,2022,,
BRD-K03371390,1,0,4,2023.0,0.0,,2023,,
acitretin,1,0,4,2024.0,0.0,,2024,,
BRD-K04363266,1,0,4,2026.0,0.0,,2026,,
ncgc00185837-02,1,0,4,2027.0,0.0,,2027,,
ncgc00182615-01,1,0,4,2031.0,0.0,,2031,,
tibolone,1,0,4,2032.0,0.0,,2032,,
f9428,1,0,4,2033.0,0.0,,2033,,
BRD-K60070073,1,0,4,2035.0,0.0,,2035,,
BRD-K37150847,1,0,4,2037.0,0.0,,2037,,
s1315,1,0,4,2038.0,0.0,,2038,,
BRD-K87779281,1,0,4,2039.0,0.0,,2039,,
losartan,1,0,4,2040.0,0.0,,2040,,
epitestosterone,1,0,4,2041.0,0.0,,2041,,
l 161982,1,0,4,2044.0,0.0,,2044,,
BRD-K93229693,1,0,4,2045.0,0.0,,2045,,
lasalocid sodium,1,0,4,2046.0,0.0,,2046,,
ncgc00181736-02,1,0,4,2049.0,0.0,,2049,,
BRD-K83816656,1,0,4,2055.0,0.0,,2055,,
ncgc00189555-02,1,0,4,2056.0,0.0,,2056,,
dihydro-7-desacetyldeoxygedunin,1,0,4,2062.0,0.0,,2062,,
BRD-K58214070,1,0,4,2065.0,0.0,,2065,,
erastin,1,0,4,2067.0,0.0,,2067,,
BRD-K58853583,1,0,4,2069.0,0.0,,2069,,
azacyclonol,1,0,4,2070.0,0.0,,2070,,
mls-0435542.0001,1,0,4,2072.0,0.0,,2072,,
ncgc00188012-01,1,0,4,2074.0,0.0,,2074,,
minoxidil,1,0,4,2075.0,0.0,,2075,,
BRD-K47635719 (dexamethasone acetate),1,0,4,2076.0,0.0,,2076,,
BRD-K57309821,1,0,4,2078.0,0.0,,2078,,
dibenzepine hydrochloride,1,0,4,2080.0,0.0,,2080,,
my-5445,1,0,4,2083.0,0.0,,2083,,
BRD-A82238138 (budesonide),1,0,4,2085.0,0.0,,2085,,
ncgc00183589-01,1,0,4,2086.0,0.0,,2086,,
BRD-K77877933,1,0,4,2088.0,0.0,,2088,,
triamcinolone acetonide,1,0,4,2089.0,0.0,,2089,,
BRD-K01834163,1,0,4,2090.0,0.0,,2090,,
BRD-A25088322,1,0,4,2094.0,0.0,,2094,,
BRD-K84106030,1,0,4,2095.0,0.0,,2095,,
15-delta prostaglandin j2,1,0,4,2096.0,0.0,,2096,,
cyclizine hydrochloride,1,0,4,2097.0,0.0,,2097,,
BRD-K07403598,1,0,4,2098.0,0.0,,2098,,
BRD-K28100108,1,0,4,2099.0,0.0,,2099,,
BRD-K89209981,1,0,4,2101.0,0.0,,2101,,
dicloxacillin sodium salt hydrate,1,0,4,2102.0,0.0,,2102,,
BRD-K51377689,1,0,4,2104.0,0.0,,2104,,
balsalazide,1,0,4,2106.0,0.0,,2106,,
penitrem a,1,0,4,2107.0,0.0,,2107,,
mls-0425579.0001,1,0,4,2108.0,0.0,,2108,,
"homatropine hydrobromide (r,s)",1,0,4,2110.0,0.0,,2110,,
tizanidine hcl,1,0,4,2111.0,0.0,,2111,,
ncgc00167098-01,1,0,4,2112.0,0.0,,2112,,
ag 18,1,0,4,2115.0,0.0,,2115,,
terfenadine,1,0,4,2118.0,0.0,,2118,,
BRD-K80094086,1,0,4,2121.0,0.0,,2121,,
ho-013,1,0,4,2124.0,0.0,,2124,,
nan-190 hydrobromide,1,0,4,2125.0,0.0,,2125,,
bmy 45778,1,0,4,2126.0,0.0,,2126,,
BRD-K42687792,1,0,4,2127.0,0.0,,2127,,
axon1408,1,0,4,2128.0,0.0,,2128,,
BRD-K09299610,1,0,4,2130.0,0.0,,2130,,
sulfaguanidine,1,0,4,2132.0,0.0,,2132,,
ncgc00229595-01,1,0,4,2133.0,0.0,,2133,,
BRD-K48970916 (danazol),1,0,4,2135.0,0.0,,2135,,
piperacetazine,1,0,4,2136.0,0.0,,2136,,
f4679,1,0,4,2137.0,0.0,,2137,,
BRD-K94991378,1,0,4,2138.0,0.0,,2138,,
BRD-K93568044 (hydrocortisone),1,0,4,2139.0,0.0,,2139,,
BRD-K22631935,1,0,4,2140.0,0.0,,2140,,
np-002257,1,0,4,2142.0,0.0,,2142,,
BRD-K78701355,1,0,4,2143.0,0.0,,2143,,
beclomethasone,1,0,4,2145.0,0.0,,2145,,
BRD-K56593336,1,0,4,2150.0,0.0,,2150,,
BRD-K43913647,1,0,4,2152.0,0.0,,2152,,
BRD-K82971429,1,0,4,2153.0,0.0,,2153,,
am 404,1,0,4,2154.0,0.0,,2154,,
SB-203580,1,0,4,2155.0,0.0,,2155,,
BRD-K36354764,1,0,4,2157.0,0.0,,2157,,
BRD-U31801276,1,0,4,2160.0,0.0,,2160,,
"l-690,330",1,0,4,2163.0,0.0,,2163,,
thalidomide,1,0,4,2165.0,0.0,,2165,,
pd 160170,1,0,4,2166.0,0.0,,2166,,
brimonidine,1,0,4,2167.0,0.0,,2167,,
